x,y,z
-133.00000305999998,37.983334092999996,-20.522748947143555
-133.00000305999998,38.10000076199999,-24.82463836669922
-133.00000305999998,38.21666743099999,-31.192136764526367
-133.00000305999998,38.33333409999999,-38.18661117553711
-133.00000305999998,38.450000768999985,-32.16964340209961
-133.00000305999998,38.56666743799998,-5.413111686706543
-133.00000305999998,38.68333410699998,-6.761961936950684
-133.00000305999998,38.800000775999976,-8.06788158416748
-133.00000305999998,38.91666744499997,-10.967246055603027
-133.00000305999998,39.03333411399997,-12.074541091918945
-133.00000305999998,39.15000078299997,-11.849987983703613
-133.00000305999998,39.266667451999965,-17.66402816772461
-133.00000305999998,39.38333412099996,-28.812185287475586
-133.00000305999998,39.50000078999996,-29.010969161987305
-133.00000305999998,39.616667458999956,-31.161563873291016
-133.00000305999998,39.73333412799995,-39.56789016723633
-133.00000305999998,39.85000079699995,-55.31192398071289
-133.00000305999998,39.96666746599995,-64.81707763671875
-133.00000305999998,40.083334134999944,-51.684532165527344
-133.00000305999998,40.20000080399994,-2.66587495803833
-133.00000305999998,40.31666747299994,-2.3406643867492676
-133.00000305999998,40.433334141999936,-14.700174331665039
-133.00000305999998,40.55000081099993,-11.639180183410645
-133.00000305999998,40.66666747999993,-6.391106605529785
-133.00000305999998,40.78333414899993,-0.15779896080493927
-133.00000305999998,40.900000817999924,-3.0793263912200928
-133.00000305999998,41.01666748699992,-7.305390357971191
-133.00000305999998,41.13333415599992,-8.0956392288208
-133.00000305999998,41.250000824999915,-8.578669548034668
-133.00000305999998,41.36666749399991,-10.401583671569824
-133.00000305999998,41.48333416299991,-7.424224853515625
-133.00000305999998,41.60000083199991,-11.075264930725098
-133.00000305999998,41.716667500999904,-16.00950050354004
-133.00000305999998,41.8333341699999,-18.19087791442871
-133.00000305999998,41.9500008389999,-24.97701072692871
-133.00000305999998,42.066667507999895,-15.407180786132812
-133.00000305999998,42.18333417699989,-23.324295043945312
-133.00000305999998,42.30000084599989,-7.173415184020996
-133.00000305999998,42.41666751499989,-14.13200855255127
-133.00000305999998,42.533334183999884,-10.882076263427734
-133.00000305999998,42.65000085299988,-21.164363861083984
-133.00000305999998,42.76666752199988,-19.449209213256836
-133.00000305999998,42.883334190999875,-15.616080284118652
-133.00000305999998,43.00000085999987,-10.690455436706543
-133.00000305999998,43.11666752899987,-10.097797393798828
-133.00000305999998,43.233334197999866,-12.440214157104492
-133.00000305999998,43.35000086699986,-16.793825149536133
-133.00000305999998,43.46666753599986,-19.85242462158203
-133.00000305999998,43.58333420499986,-15.673572540283203
-133.00000305999998,43.700000873999855,-15.574667930603027
-133.00000305999998,43.81666754299985,-14.68577766418457
-133.00000305999998,43.93333421199985,-16.895540237426758
-133.00000305999998,44.050000880999846,-13.607624053955078
-133.00000305999998,44.16666754999984,-15.59611988067627
-133.00000305999998,44.28333421899984,-17.011558532714844
-133.00000305999998,44.40000088799984,-10.720232963562012
-133.00000305999998,44.516667556999835,-15.973782539367676
-133.00000305999998,44.63333422599983,-17.009401321411133
-133.00000305999998,44.75000089499983,-16.848119735717773
-133.00000305999998,44.866667563999826,-20.606050491333008
-133.00000305999998,44.98333423299982,-21.922035217285156
-133.00000305999998,45.10000090199982,-18.133642196655273
-133.00000305999998,45.21666757099982,-17.734601974487305
-133.00000305999998,45.333334239999814,-13.547443389892578
-133.00000305999998,45.45000090899981,-10.419560432434082
-133.00000305999998,45.56666757799981,-12.933917999267578
-133.00000305999998,45.683334246999806,-14.861343383789062
-133.00000305999998,45.8000009159998,-18.348501205444336
-133.00000305999998,45.9166675849998,-14.464262962341309
-133.00000305999998,46.0333342539998,-17.947528839111328
-133.00000305999998,46.150000922999794,-20.3278865814209
-133.00000305999998,46.26666759199979,-20.439800262451172
-133.00000305999998,46.38333426099979,-19.726964950561523
-133.00000305999998,46.500000929999786,-16.863880157470703
-133.00000305999998,46.61666759899978,-16.010488510131836
-133.00000305999998,46.73333426799978,-20.3820743560791
-133.00000305999998,46.85000093699978,-17.756641387939453
-133.00000305999998,46.966667605999774,-10.635919570922852
-133.00000305999998,47.08333427499977,-10.916714668273926
-133.00000305999998,47.20000094399977,-8.376596450805664
-133.00000305999998,47.316667612999765,-10.039281845092773
-133.00000305999998,47.43333428199976,-6.978014945983887
-133.00000305999998,47.55000095099976,-6.738731384277344
-133.00000305999998,47.66666761999976,-5.459806442260742
-133.00000305999998,47.783334288999754,-15.540363311767578
-133.00000305999998,47.90000095799975,-22.535137176513672
-133.00000305999998,48.01666762699975,-15.996280670166016
-133.00000305999998,48.133334295999745,8.634763717651367
-133.00000305999998,48.25000096499974,1.7989811897277832
-133.00000305999998,48.36666763399974,-19.78790855407715
-133.00000305999998,48.48333430299974,2.6918933391571045
-133.00000305999998,48.600000971999734,-1.9405089616775513
-133.00000305999998,48.71666764099973,-21.419340133666992
-133.00000305999998,48.83333430999973,-9.821331024169922
-133.00000305999998,48.950000978999725,-2.412977933883667
-133.00000305999998,49.06666764799972,-12.282139778137207
-133.00000305999998,49.18333431699972,-10.491772651672363
-133.00000305999998,49.300000985999716,-5.211337089538574
-133.00000305999998,49.41666765499971,-17.08234977722168
-133.00000305999998,49.53333432399971,-13.560361862182617
-133.00000305999998,49.65000099299971,-14.090084075927734
-133.00000305999998,49.766667661999705,-14.019312858581543
-133.00000305999998,49.8833343309997,-9.563813209533691
-133.00000305999998,50.0000009999997,-12.899140357971191
-133.00000305999998,50.116667668999696,-1.2063905000686646
-133.00000305999998,50.23333433799969,-7.452043533325195
-133.00000305999998,50.35000100699969,-7.185700416564941
-133.00000305999998,50.46666767599969,-2.512699604034424
-133.00000305999998,50.583334344999685,0.29343587160110474
-133.00000305999998,50.70000101399968,-3.355837345123291
-133.00000305999998,50.81666768299968,-4.444565773010254
-133.00000305999998,50.933334351999676,-4.180473327636719
-133.00000305999998,51.05000102099967,-3.0174858570098877
-133.00000305999998,51.16666768999967,-3.135117769241333
-133.00000305999998,51.28333435899967,-3.3155505657196045
-133.00000305999998,51.400001027999664,-7.168889999389648
-133.00000305999998,51.51666769699966,-3.982738733291626
-133.00000305999998,51.63333436599966,-1.5586256980895996
-133.00000305999998,51.750001034999656,-1.4106720685958862
-133.00000305999998,51.86666770399965,0.2555711269378662
-133.00000305999998,51.98333437299965,-0.581888735294342
-133.00000305999998,52.10000104199965,-7.544260025024414
-133.00000305999998,52.216667710999644,-9.120904922485352
-133.00000305999998,52.33333437999964,-21.34122085571289
-133.00000305999998,52.45000104899964,-32.31854248046875
-133.00000305999998,52.566667717999636,-40.8836669921875
-133.00000305999998,52.68333438699963,-56.88114929199219
-133.00000305999998,52.80000105599963,-73.59225463867188
-133.00000305999998,52.91666772499963,-74.53234100341797
-133.00000305999998,53.033334393999624,-54.913177490234375
-133.00000305999998,53.15000106299962,-50.709991455078125
-133.00000305999998,53.26666773199962,-17.25712013244629
-133.00000305999998,53.383334400999615,10.671727180480957
-133.00000305999998,53.50000106999961,55.61772918701172
-133.00000305999998,53.61666773899961,68.02363586425781
-133.00000305999998,53.73333440799961,67.52413940429688
-133.00000305999998,53.850001076999604,83.30824279785156
-133.00000305999998,53.9666677459996,78.36128234863281
-132.88333639099997,37.983334092999996,-24.677043914794922
-132.88333639099997,38.10000076199999,-26.216524124145508
-132.88333639099997,38.21666743099999,-30.4943904876709
-132.88333639099997,38.33333409999999,-29.7325439453125
-132.88333639099997,38.450000768999985,-24.423580169677734
-132.88333639099997,38.56666743799998,-4.7557525634765625
-132.88333639099997,38.68333410699998,-8.017494201660156
-132.88333639099997,38.800000775999976,-10.484151840209961
-132.88333639099997,38.91666744499997,-10.69932746887207
-132.88333639099997,39.03333411399997,-14.757518768310547
-132.88333639099997,39.15000078299997,-15.80803394317627
-132.88333639099997,39.266667451999965,-20.991287231445312
-132.88333639099997,39.38333412099996,-31.599912643432617
-132.88333639099997,39.50000078999996,-27.549304962158203
-132.88333639099997,39.616667458999956,-31.705181121826172
-132.88333639099997,39.73333412799995,-36.95976638793945
-132.88333639099997,39.85000079699995,-53.495880126953125
-132.88333639099997,39.96666746599995,-62.912628173828125
-132.88333639099997,40.083334134999944,-56.985721588134766
-132.88333639099997,40.20000080399994,-11.060348510742188
-132.88333639099997,40.31666747299994,-6.2365217208862305
-132.88333639099997,40.433334141999936,-18.902084350585938
-132.88333639099997,40.55000081099993,-12.890624046325684
-132.88333639099997,40.66666747999993,-9.746849060058594
-132.88333639099997,40.78333414899993,3.1733720302581787
-132.88333639099997,40.900000817999924,-5.501421928405762
-132.88333639099997,41.01666748699992,-8.200277328491211
-132.88333639099997,41.13333415599992,-4.459347724914551
-132.88333639099997,41.250000824999915,-5.593674659729004
-132.88333639099997,41.36666749399991,-7.77193546295166
-132.88333639099997,41.48333416299991,-0.3575562834739685
-132.88333639099997,41.60000083199991,-12.375959396362305
-132.88333639099997,41.716667500999904,-20.441648483276367
-132.88333639099997,41.8333341699999,-15.388890266418457
-132.88333639099997,41.9500008389999,-18.132732391357422
-132.88333639099997,42.066667507999895,48.835411071777344
-132.88333639099997,42.18333417699989,-22.842992782592773
-132.88333639099997,42.30000084599989,-7.609430313110352
-132.88333639099997,42.41666751499989,-13.598505973815918
-132.88333639099997,42.533334183999884,-15.596211433410645
-132.88333639099997,42.65000085299988,-16.64773178100586
-132.88333639099997,42.76666752199988,-18.266742706298828
-132.88333639099997,42.883334190999875,-12.490249633789062
-132.88333639099997,43.00000085999987,-8.366055488586426
-132.88333639099997,43.11666752899987,-13.604687690734863
-132.88333639099997,43.233334197999866,-12.56792163848877
-132.88333639099997,43.35000086699986,-17.104705810546875
-132.88333639099997,43.46666753599986,-17.982099533081055
-132.88333639099997,43.58333420499986,-18.543624877929688
-132.88333639099997,43.700000873999855,-13.725892066955566
-132.88333639099997,43.81666754299985,-12.388691902160645
-132.88333639099997,43.93333421199985,-13.449080467224121
-132.88333639099997,44.050000880999846,-12.428788185119629
-132.88333639099997,44.16666754999984,-13.802811622619629
-132.88333639099997,44.28333421899984,-14.228854179382324
-132.88333639099997,44.40000088799984,-12.082464218139648
-132.88333639099997,44.516667556999835,-18.759550094604492
-132.88333639099997,44.63333422599983,-16.595809936523438
-132.88333639099997,44.75000089499983,-14.336362838745117
-132.88333639099997,44.866667563999826,-18.945714950561523
-132.88333639099997,44.98333423299982,-22.348731994628906
-132.88333639099997,45.10000090199982,-18.313796997070312
-132.88333639099997,45.21666757099982,-13.158809661865234
-132.88333639099997,45.333334239999814,-12.71963882446289
-132.88333639099997,45.45000090899981,-10.290138244628906
-132.88333639099997,45.56666757799981,-14.471909523010254
-132.88333639099997,45.683334246999806,-15.33364486694336
-132.88333639099997,45.8000009159998,-16.984630584716797
-132.88333639099997,45.9166675849998,-21.07731056213379
-132.88333639099997,46.0333342539998,-20.8858585357666
-132.88333639099997,46.150000922999794,-18.32994842529297
-132.88333639099997,46.26666759199979,-13.691397666931152
-132.88333639099997,46.38333426099979,-21.55783462524414
-132.88333639099997,46.500000929999786,-15.547552108764648
-132.88333639099997,46.61666759899978,-12.008590698242188
-132.88333639099997,46.73333426799978,-10.514226913452148
-132.88333639099997,46.85000093699978,-9.524895668029785
-132.88333639099997,46.966667605999774,-10.15225601196289
-132.88333639099997,47.08333427499977,-10.994403839111328
-132.88333639099997,47.20000094399977,-10.730688095092773
-132.88333639099997,47.316667612999765,-2.5949227809906006
-132.88333639099997,47.43333428199976,-3.1531124114990234
-132.88333639099997,47.55000095099976,-7.182726860046387
-132.88333639099997,47.66666761999976,-2.895017385482788
-132.88333639099997,47.783334288999754,-18.85474395751953
-132.88333639099997,47.90000095799975,-14.149235725402832
-132.88333639099997,48.01666762699975,50.62163162231445
-132.88333639099997,48.133334295999745,44.228084564208984
-132.88333639099997,48.25000096499974,-20.17037010192871
-132.88333639099997,48.36666763399974,-29.743587493896484
-132.88333639099997,48.48333430299974,-17.34653663635254
-132.88333639099997,48.600000971999734,-0.9787485599517822
-132.88333639099997,48.71666764099973,-18.951688766479492
-132.88333639099997,48.83333430999973,-9.656697273254395
-132.88333639099997,48.950000978999725,-5.658947944641113
-132.88333639099997,49.06666764799972,-11.329541206359863
-132.88333639099997,49.18333431699972,-10.472739219665527
-132.88333639099997,49.300000985999716,-2.612464666366577
-132.88333639099997,49.41666765499971,-8.007335662841797
-132.88333639099997,49.53333432399971,10.425353050231934
-132.88333639099997,49.65000099299971,-10.23845386505127
-132.88333639099997,49.766667661999705,-11.927371978759766
-132.88333639099997,49.8833343309997,-11.001819610595703
-132.88333639099997,50.0000009999997,-6.697871208190918
-132.88333639099997,50.116667668999696,0.3726944923400879
-132.88333639099997,50.23333433799969,-2.4384963512420654
-132.88333639099997,50.35000100699969,-5.318325996398926
-132.88333639099997,50.46666767599969,-4.254899978637695
-132.88333639099997,50.583334344999685,5.942720413208008
-132.88333639099997,50.70000101399968,-0.4566648602485657
-132.88333639099997,50.81666768299968,-0.3780098557472229
-132.88333639099997,50.933334351999676,0.9511017799377441
-132.88333639099997,51.05000102099967,-2.910426378250122
-132.88333639099997,51.16666768999967,-1.4502032995224
-132.88333639099997,51.28333435899967,-0.15384690463542938
-132.88333639099997,51.400001027999664,-7.513120651245117
-132.88333639099997,51.51666769699966,-1.916587471961975
-132.88333639099997,51.63333436599966,0.30844491720199585
-132.88333639099997,51.750001034999656,-1.472851276397705
-132.88333639099997,51.86666770399965,0.4890275001525879
-132.88333639099997,51.98333437299965,-3.3658502101898193
-132.88333639099997,52.10000104199965,-8.492809295654297
-132.88333639099997,52.216667710999644,-16.8748836517334
-132.88333639099997,52.33333437999964,-29.146358489990234
-132.88333639099997,52.45000104899964,-38.926143646240234
-132.88333639099997,52.566667717999636,-53.04058074951172
-132.88333639099997,52.68333438699963,-71.33716583251953
-132.88333639099997,52.80000105599963,-79.4176254272461
-132.88333639099997,52.91666772499963,-60.11307144165039
-132.88333639099997,53.033334393999624,-63.338253021240234
-132.88333639099997,53.15000106299962,-50.75197219848633
-132.88333639099997,53.26666773199962,-6.127569198608398
-132.88333639099997,53.383334400999615,39.72655487060547
-132.88333639099997,53.50000106999961,92.10296630859375
-132.88333639099997,53.61666773899961,79.16756439208984
-132.88333639099997,53.73333440799961,72.86442565917969
-132.88333639099997,53.850001076999604,83.75198364257812
-132.88333639099997,53.9666677459996,69.76051330566406
-132.76666972199996,37.983334092999996,-24.328683853149414
-132.76666972199996,38.10000076199999,-26.177270889282227
-132.76666972199996,38.21666743099999,-30.522504806518555
-132.76666972199996,38.33333409999999,-30.058530807495117
-132.76666972199996,38.450000768999985,-21.516887664794922
-132.76666972199996,38.56666743799998,-6.92464542388916
-132.76666972199996,38.68333410699998,-11.09924602508545
-132.76666972199996,38.800000775999976,-13.63803482055664
-132.76666972199996,38.91666744499997,-14.412219047546387
-132.76666972199996,39.03333411399997,-15.68981647491455
-132.76666972199996,39.15000078299997,-15.172399520874023
-132.76666972199996,39.266667451999965,-20.35943031311035
-132.76666972199996,39.38333412099996,-30.117624282836914
-132.76666972199996,39.50000078999996,-29.34576988220215
-132.76666972199996,39.616667458999956,-30.923254013061523
-132.76666972199996,39.73333412799995,-39.64544677734375
-132.76666972199996,39.85000079699995,-51.241050720214844
-132.76666972199996,39.96666746599995,-60.24668502807617
-132.76666972199996,40.083334134999944,-58.14264678955078
-132.76666972199996,40.20000080399994,-11.990260124206543
-132.76666972199996,40.31666747299994,-4.269804000854492
-132.76666972199996,40.433334141999936,-15.039326667785645
-132.76666972199996,40.55000081099993,-14.61371898651123
-132.76666972199996,40.66666747999993,-10.910211563110352
-132.76666972199996,40.78333414899993,-3.473658323287964
-132.76666972199996,40.900000817999924,-7.358724594116211
-132.76666972199996,41.01666748699992,-5.864259719848633
-132.76666972199996,41.13333415599992,-4.929021835327148
-132.76666972199996,41.250000824999915,-4.2576141357421875
-132.76666972199996,41.36666749399991,-5.645891189575195
-132.76666972199996,41.48333416299991,-5.795167922973633
-132.76666972199996,41.60000083199991,-13.738456726074219
-132.76666972199996,41.716667500999904,-12.337113380432129
-132.76666972199996,41.8333341699999,3.0178720951080322
-132.76666972199996,41.9500008389999,-11.344964027404785
-132.76666972199996,42.066667507999895,57.54404067993164
-132.76666972199996,42.18333417699989,-16.823118209838867
-132.76666972199996,42.30000084599989,-6.843740463256836
-132.76666972199996,42.41666751499989,-18.932809829711914
-132.76666972199996,42.533334183999884,-18.361726760864258
-132.76666972199996,42.65000085299988,-1.456325650215149
-132.76666972199996,42.76666752199988,-15.34044075012207
-132.76666972199996,42.883334190999875,-13.604536056518555
-132.76666972199996,43.00000085999987,-10.953200340270996
-132.76666972199996,43.11666752899987,-12.620762825012207
-132.76666972199996,43.233334197999866,-15.444642066955566
-132.76666972199996,43.35000086699986,-11.26831340789795
-132.76666972199996,43.46666753599986,-17.57822036743164
-132.76666972199996,43.58333420499986,-16.52161979675293
-132.76666972199996,43.700000873999855,-17.10689353942871
-132.76666972199996,43.81666754299985,-10.561984062194824
-132.76666972199996,43.93333421199985,-9.974349975585938
-132.76666972199996,44.050000880999846,-13.944321632385254
-132.76666972199996,44.16666754999984,-13.194474220275879
-132.76666972199996,44.28333421899984,-13.70606803894043
-132.76666972199996,44.40000088799984,-16.214502334594727
-132.76666972199996,44.516667556999835,-16.015230178833008
-132.76666972199996,44.63333422599983,-14.712518692016602
-132.76666972199996,44.75000089499983,-15.359681129455566
-132.76666972199996,44.866667563999826,-17.11811637878418
-132.76666972199996,44.98333423299982,-18.99484634399414
-132.76666972199996,45.10000090199982,-17.232955932617188
-132.76666972199996,45.21666757099982,-16.983871459960938
-132.76666972199996,45.333334239999814,-11.728206634521484
-132.76666972199996,45.45000090899981,-9.681856155395508
-132.76666972199996,45.56666757799981,-11.377340316772461
-132.76666972199996,45.683334246999806,-12.400136947631836
-132.76666972199996,45.8000009159998,-17.75562858581543
-132.76666972199996,45.9166675849998,-17.768857955932617
-132.76666972199996,46.0333342539998,-21.368408203125
-132.76666972199996,46.150000922999794,-9.86945915222168
-132.76666972199996,46.26666759199979,-10.318737983703613
-132.76666972199996,46.38333426099979,-19.5631103515625
-132.76666972199996,46.500000929999786,-14.040096282958984
-132.76666972199996,46.61666759899978,-11.068562507629395
-132.76666972199996,46.73333426799978,-9.767892837524414
-132.76666972199996,46.85000093699978,-10.879639625549316
-132.76666972199996,46.966667605999774,-12.025466918945312
-132.76666972199996,47.08333427499977,-6.284099578857422
-132.76666972199996,47.20000094399977,-2.3535866737365723
-132.76666972199996,47.316667612999765,9.48454475402832
-132.76666972199996,47.43333428199976,-2.6074068546295166
-132.76666972199996,47.55000095099976,-6.541543960571289
-132.76666972199996,47.66666761999976,3.7550032138824463
-132.76666972199996,47.783334288999754,-14.600625991821289
-132.76666972199996,47.90000095799975,-14.715559005737305
-132.76666972199996,48.01666762699975,71.49666595458984
-132.76666972199996,48.133334295999745,33.92433547973633
-132.76666972199996,48.25000096499974,-22.632688522338867
-132.76666972199996,48.36666763399974,-27.15416717529297
-132.76666972199996,48.48333430299974,-17.293046951293945
-132.76666972199996,48.600000971999734,-8.110734939575195
-132.76666972199996,48.71666764099973,-14.580361366271973
-132.76666972199996,48.83333430999973,-12.39872932434082
-132.76666972199996,48.950000978999725,-8.452466011047363
-132.76666972199996,49.06666764799972,-13.12121295928955
-132.76666972199996,49.18333431699972,-15.991368293762207
-132.76666972199996,49.300000985999716,-4.4410295486450195
-132.76666972199996,49.41666765499971,2.3730580806732178
-132.76666972199996,49.53333432399971,73.99081420898438
-132.76666972199996,49.65000099299971,1.4277056455612183
-132.76666972199996,49.766667661999705,-14.216444969177246
-132.76666972199996,49.8833343309997,-11.011627197265625
-132.76666972199996,50.0000009999997,-8.162668228149414
-132.76666972199996,50.116667668999696,-3.613110303878784
-132.76666972199996,50.23333433799969,5.293779373168945
-132.76666972199996,50.35000100699969,-6.41239070892334
-132.76666972199996,50.46666767599969,-4.9743852615356445
-132.76666972199996,50.583334344999685,-1.9267433881759644
-132.76666972199996,50.70000101399968,-0.6800214052200317
-132.76666972199996,50.81666768299968,-3.3198752403259277
-132.76666972199996,50.933334351999676,-1.682672381401062
-132.76666972199996,51.05000102099967,-1.007831335067749
-132.76666972199996,51.16666768999967,-2.4356460571289062
-132.76666972199996,51.28333435899967,-3.2741758823394775
-132.76666972199996,51.400001027999664,-0.5697624683380127
-132.76666972199996,51.51666769699966,-6.661713600158691
-132.76666972199996,51.63333436599966,-2.3343448638916016
-132.76666972199996,51.750001034999656,-0.6559542417526245
-132.76666972199996,51.86666770399965,-2.8572654724121094
-132.76666972199996,51.98333437299965,-7.489170074462891
-132.76666972199996,52.10000104199965,-12.330594062805176
-132.76666972199996,52.216667710999644,-22.030012130737305
-132.76666972199996,52.33333437999964,-34.16423797607422
-132.76666972199996,52.45000104899964,-50.03816604614258
-132.76666972199996,52.566667717999636,-69.1247787475586
-132.76666972199996,52.68333438699963,-83.4876937866211
-132.76666972199996,52.80000105599963,-67.5709457397461
-132.76666972199996,52.91666772499963,-62.489620208740234
-132.76666972199996,53.033334393999624,-76.286865234375
-132.76666972199996,53.15000106299962,-32.40925979614258
-132.76666972199996,53.26666773199962,44.5852165222168
-132.76666972199996,53.383334400999615,57.09236145019531
-132.76666972199996,53.50000106999961,86.25389862060547
-132.76666972199996,53.61666773899961,81.9751968383789
-132.76666972199996,53.73333440799961,82.66183471679688
-132.76666972199996,53.850001076999604,64.99693298339844
-132.76666972199996,53.9666677459996,50.2302131652832
-132.65000305299995,37.983334092999996,-23.19884490966797
-132.65000305299995,38.10000076199999,-26.089143753051758
-132.65000305299995,38.21666743099999,-29.645511627197266
-132.65000305299995,38.33333409999999,-31.385648727416992
-132.65000305299995,38.450000768999985,-23.033910751342773
-132.65000305299995,38.56666743799998,-9.881967544555664
-132.65000305299995,38.68333410699998,-15.966885566711426
-132.65000305299995,38.800000775999976,-17.50193977355957
-132.65000305299995,38.91666744499997,-18.032333374023438
-132.65000305299995,39.03333411399997,-15.898029327392578
-132.65000305299995,39.15000078299997,-20.076629638671875
-132.65000305299995,39.266667451999965,-24.02069664001465
-132.65000305299995,39.38333412099996,-32.34562301635742
-132.65000305299995,39.50000078999996,-29.66175651550293
-132.65000305299995,39.616667458999956,-34.000640869140625
-132.65000305299995,39.73333412799995,-37.9511833190918
-132.65000305299995,39.85000079699995,-44.7285041809082
-132.65000305299995,39.96666746599995,-50.53271484375
-132.65000305299995,40.083334134999944,-51.84730529785156
-132.65000305299995,40.20000080399994,-14.811691284179688
-132.65000305299995,40.31666747299994,6.142960548400879
-132.65000305299995,40.433334141999936,-10.221999168395996
-132.65000305299995,40.55000081099993,-11.976936340332031
-132.65000305299995,40.66666747999993,-10.813176155090332
-132.65000305299995,40.78333414899993,-6.366184234619141
-132.65000305299995,40.900000817999924,-6.338204383850098
-132.65000305299995,41.01666748699992,-7.445944786071777
-132.65000305299995,41.13333415599992,-7.064375877380371
-132.65000305299995,41.250000824999915,-7.554939270019531
-132.65000305299995,41.36666749399991,-6.340752601623535
-132.65000305299995,41.48333416299991,-0.5167007446289062
-132.65000305299995,41.60000083199991,-11.979607582092285
-132.65000305299995,41.716667500999904,-14.268539428710938
-132.65000305299995,41.8333341699999,-6.328104019165039
-132.65000305299995,41.9500008389999,-23.749418258666992
-132.65000305299995,42.066667507999895,0.7520827054977417
-132.65000305299995,42.18333417699989,-18.129121780395508
-132.65000305299995,42.30000084599989,-8.053820610046387
-132.65000305299995,42.41666751499989,-15.634309768676758
-132.65000305299995,42.533334183999884,-19.75469970703125
-132.65000305299995,42.65000085299988,8.267215728759766
-132.65000305299995,42.76666752199988,-15.023223876953125
-132.65000305299995,42.883334190999875,-12.713875770568848
-132.65000305299995,43.00000085999987,-12.513195991516113
-132.65000305299995,43.11666752899987,-12.340662956237793
-132.65000305299995,43.233334197999866,-13.861173629760742
-132.65000305299995,43.35000086699986,-16.411314010620117
-132.65000305299995,43.46666753599986,-14.97952651977539
-132.65000305299995,43.58333420499986,12.762889862060547
-132.65000305299995,43.700000873999855,-14.885319709777832
-132.65000305299995,43.81666754299985,-13.070172309875488
-132.65000305299995,43.93333421199985,-12.287698745727539
-132.65000305299995,44.050000880999846,-11.32778549194336
-132.65000305299995,44.16666754999984,-12.636763572692871
-132.65000305299995,44.28333421899984,-15.993160247802734
-132.65000305299995,44.40000088799984,-15.735260009765625
-132.65000305299995,44.516667556999835,-18.260517120361328
-132.65000305299995,44.63333422599983,-17.080982208251953
-132.65000305299995,44.75000089499983,-15.155911445617676
-132.65000305299995,44.866667563999826,-13.9528169631958
-132.65000305299995,44.98333423299982,-17.42906951904297
-132.65000305299995,45.10000090199982,-16.894777297973633
-132.65000305299995,45.21666757099982,-16.63791847229004
-132.65000305299995,45.333334239999814,-8.824997901916504
-132.65000305299995,45.45000090899981,-7.180412292480469
-132.65000305299995,45.56666757799981,-14.997815132141113
-132.65000305299995,45.683334246999806,-12.606081008911133
-132.65000305299995,45.8000009159998,-15.82565975189209
-132.65000305299995,45.9166675849998,-13.995208740234375
-132.65000305299995,46.0333342539998,-13.679830551147461
-132.65000305299995,46.150000922999794,-9.041794776916504
-132.65000305299995,46.26666759199979,-12.194186210632324
-132.65000305299995,46.38333426099979,-13.824477195739746
-132.65000305299995,46.500000929999786,-11.769536972045898
-132.65000305299995,46.61666759899978,-8.637002944946289
-132.65000305299995,46.73333426799978,-6.302155494689941
-132.65000305299995,46.85000093699978,-9.982329368591309
-132.65000305299995,46.966667605999774,-1.9258475303649902
-132.65000305299995,47.08333427499977,-5.032876014709473
-132.65000305299995,47.20000094399977,-1.2790993452072144
-132.65000305299995,47.316667612999765,0.43377894163131714
-132.65000305299995,47.43333428199976,-5.454886436462402
-132.65000305299995,47.55000095099976,-2.615906000137329
-132.65000305299995,47.66666761999976,-2.2488272190093994
-132.65000305299995,47.783334288999754,-17.95069122314453
-132.65000305299995,47.90000095799975,-20.662799835205078
-132.65000305299995,48.01666762699975,35.432613372802734
-132.65000305299995,48.133334295999745,-8.960829734802246
-132.65000305299995,48.25000096499974,-15.297375679016113
-132.65000305299995,48.36666763399974,-23.181440353393555
-132.65000305299995,48.48333430299974,-15.296680450439453
-132.65000305299995,48.600000971999734,-13.054880142211914
-132.65000305299995,48.71666764099973,-16.637243270874023
-132.65000305299995,48.83333430999973,-15.668091773986816
-132.65000305299995,48.950000978999725,-10.906973838806152
-132.65000305299995,49.06666764799972,-16.6623592376709
-132.65000305299995,49.18333431699972,-17.622081756591797
-132.65000305299995,49.300000985999716,-4.675586700439453
-132.65000305299995,49.41666765499971,-1.8794810771942139
-132.65000305299995,49.53333432399971,60.8499755859375
-132.65000305299995,49.65000099299971,1.6484767198562622
-132.65000305299995,49.766667661999705,-12.911258697509766
-132.65000305299995,49.8833343309997,-12.573132514953613
-132.65000305299995,50.0000009999997,-11.522636413574219
-132.65000305299995,50.116667668999696,-7.772565841674805
-132.65000305299995,50.23333433799969,2.4779672622680664
-132.65000305299995,50.35000100699969,-8.589217185974121
-132.65000305299995,50.46666767599969,-3.6296212673187256
-132.65000305299995,50.583334344999685,-4.412911415100098
-132.65000305299995,50.70000101399968,-5.038860321044922
-132.65000305299995,50.81666768299968,0.00031748414039611816
-132.65000305299995,50.933334351999676,-1.763339638710022
-132.65000305299995,51.05000102099967,2.5166258811950684
-132.65000305299995,51.16666768999967,-6.657319068908691
-132.65000305299995,51.28333435899967,-4.551366806030273
-132.65000305299995,51.400001027999664,-9.441910743713379
-132.65000305299995,51.51666769699966,-6.1950273513793945
-132.65000305299995,51.63333436599966,-1.6064622402191162
-132.65000305299995,51.750001034999656,-2.4193997383117676
-132.65000305299995,51.86666770399965,-7.787484169006348
-132.65000305299995,51.98333437299965,-11.575698852539062
-132.65000305299995,52.10000104199965,-14.516454696655273
-132.65000305299995,52.216667710999644,-32.0081787109375
-132.65000305299995,52.33333437999964,-43.68427276611328
-132.65000305299995,52.45000104899964,-57.95513153076172
-132.65000305299995,52.566667717999636,-81.270263671875
-132.65000305299995,52.68333438699963,-81.9024887084961
-132.65000305299995,52.80000105599963,-66.15890502929688
-132.65000305299995,52.91666772499963,-74.10822296142578
-132.65000305299995,53.033334393999624,-32.86825942993164
-132.65000305299995,53.15000106299962,54.63752365112305
-132.65000305299995,53.26666773199962,77.81275939941406
-132.65000305299995,53.383334400999615,54.55845260620117
-132.65000305299995,53.50000106999961,71.60298919677734
-132.65000305299995,53.61666773899961,69.55789947509766
-132.65000305299995,53.73333440799961,72.06060791015625
-132.65000305299995,53.850001076999604,56.218040466308594
-132.65000305299995,53.9666677459996,29.09138298034668
-132.53333638399994,37.983334092999996,-22.44622802734375
-132.53333638399994,38.10000076199999,-22.645742416381836
-132.53333638399994,38.21666743099999,-28.43855094909668
-132.53333638399994,38.33333409999999,-30.706588745117188
-132.53333638399994,38.450000768999985,-24.824735641479492
-132.53333638399994,38.56666743799998,-10.1634521484375
-132.53333638399994,38.68333410699998,-17.442607879638672
-132.53333638399994,38.800000775999976,-20.011735916137695
-132.53333638399994,38.91666744499997,-20.47563934326172
-132.53333638399994,39.03333411399997,-23.72602081298828
-132.53333638399994,39.15000078299997,-24.70291519165039
-132.53333638399994,39.266667451999965,-25.72199058532715
-132.53333638399994,39.38333412099996,-28.019794464111328
-132.53333638399994,39.50000078999996,-25.64263916015625
-132.53333638399994,39.616667458999956,-33.15933609008789
-132.53333638399994,39.73333412799995,-32.43257522583008
-132.53333638399994,39.85000079699995,-37.98288345336914
-132.53333638399994,39.96666746599995,-43.17672348022461
-132.53333638399994,40.083334134999944,-45.20393371582031
-132.53333638399994,40.20000080399994,-14.403436660766602
-132.53333638399994,40.31666747299994,6.7782697677612305
-132.53333638399994,40.433334141999936,-8.418251037597656
-132.53333638399994,40.55000081099993,-9.419268608093262
-132.53333638399994,40.66666747999993,-7.608115196228027
-132.53333638399994,40.78333414899993,-9.995462417602539
-132.53333638399994,40.900000817999924,-7.259410858154297
-132.53333638399994,41.01666748699992,-7.976120948791504
-132.53333638399994,41.13333415599992,-4.353787422180176
-132.53333638399994,41.250000824999915,-5.969171524047852
-132.53333638399994,41.36666749399991,-8.002262115478516
-132.53333638399994,41.48333416299991,-7.202445030212402
-132.53333638399994,41.60000083199991,-7.013369560241699
-132.53333638399994,41.716667500999904,-19.836565017700195
-132.53333638399994,41.8333341699999,-18.965496063232422
-132.53333638399994,41.9500008389999,-24.205778121948242
-132.53333638399994,42.066667507999895,-24.269262313842773
-132.53333638399994,42.18333417699989,-16.25391960144043
-132.53333638399994,42.30000084599989,-6.718283653259277
-132.53333638399994,42.41666751499989,-13.402153015136719
-132.53333638399994,42.533334183999884,-19.65862464904785
-132.53333638399994,42.65000085299988,-0.7502084970474243
-132.53333638399994,42.76666752199988,-14.437687873840332
-132.53333638399994,42.883334190999875,-11.783251762390137
-132.53333638399994,43.00000085999987,-8.976759910583496
-132.53333638399994,43.11666752899987,-12.62798023223877
-132.53333638399994,43.233334197999866,-12.996170997619629
-132.53333638399994,43.35000086699986,-12.601581573486328
-132.53333638399994,43.46666753599986,-13.63199520111084
-132.53333638399994,43.58333420499986,9.663203239440918
-132.53333638399994,43.700000873999855,-21.23270034790039
-132.53333638399994,43.81666754299985,-13.877555847167969
-132.53333638399994,43.93333421199985,-11.020195007324219
-132.53333638399994,44.050000880999846,-13.91025447845459
-132.53333638399994,44.16666754999984,-14.065631866455078
-132.53333638399994,44.28333421899984,-13.150394439697266
-132.53333638399994,44.40000088799984,-15.286691665649414
-132.53333638399994,44.516667556999835,-16.459421157836914
-132.53333638399994,44.63333422599983,-14.559953689575195
-132.53333638399994,44.75000089499983,-14.33336067199707
-132.53333638399994,44.866667563999826,-16.195270538330078
-132.53333638399994,44.98333423299982,-15.988129615783691
-132.53333638399994,45.10000090199982,-13.806962966918945
-132.53333638399994,45.21666757099982,-13.851889610290527
-132.53333638399994,45.333334239999814,-14.20324993133545
-132.53333638399994,45.45000090899981,-17.171382904052734
-132.53333638399994,45.56666757799981,-17.678274154663086
-132.53333638399994,45.683334246999806,-17.49220085144043
-132.53333638399994,45.8000009159998,-14.780769348144531
-132.53333638399994,45.9166675849998,-14.871326446533203
-132.53333638399994,46.0333342539998,-13.215402603149414
-132.53333638399994,46.150000922999794,-9.090128898620605
-132.53333638399994,46.26666759199979,-3.362900733947754
-132.53333638399994,46.38333426099979,-15.153736114501953
-132.53333638399994,46.500000929999786,-17.003204345703125
-132.53333638399994,46.61666759899978,-6.065410614013672
-132.53333638399994,46.73333426799978,-4.504114151000977
-132.53333638399994,46.85000093699978,-5.327817916870117
-132.53333638399994,46.966667605999774,-5.261650085449219
-132.53333638399994,47.08333427499977,-8.734504699707031
-132.53333638399994,47.20000094399977,-7.059928894042969
-132.53333638399994,47.316667612999765,-3.144179105758667
-132.53333638399994,47.43333428199976,-4.307844161987305
-132.53333638399994,47.55000095099976,-4.93446159362793
-132.53333638399994,47.66666761999976,-11.382128715515137
-132.53333638399994,47.783334288999754,-25.210811614990234
-132.53333638399994,47.90000095799975,-18.22538948059082
-132.53333638399994,48.01666762699975,7.971085548400879
-132.53333638399994,48.133334295999745,-24.333959579467773
-132.53333638399994,48.25000096499974,-9.697698593139648
-132.53333638399994,48.36666763399974,-16.37510108947754
-132.53333638399994,48.48333430299974,-7.849506378173828
-132.53333638399994,48.600000971999734,-8.99875545501709
-132.53333638399994,48.71666764099973,-11.672901153564453
-132.53333638399994,48.83333430999973,-11.878946304321289
-132.53333638399994,48.950000978999725,-8.891202926635742
-132.53333638399994,49.06666764799972,-11.22758960723877
-132.53333638399994,49.18333431699972,-11.489002227783203
-132.53333638399994,49.300000985999716,-11.934244155883789
-132.53333638399994,49.41666765499971,-14.65943717956543
-132.53333638399994,49.53333432399971,-0.9772162437438965
-132.53333638399994,49.65000099299971,-12.545063972473145
-132.53333638399994,49.766667661999705,-13.893389701843262
-132.53333638399994,49.8833343309997,-12.765857696533203
-132.53333638399994,50.0000009999997,-10.455039024353027
-132.53333638399994,50.116667668999696,-9.10275936126709
-132.53333638399994,50.23333433799969,-8.561466217041016
-132.53333638399994,50.35000100699969,-7.87861442565918
-132.53333638399994,50.46666767599969,-3.0074660778045654
-132.53333638399994,50.583334344999685,-3.020789384841919
-132.53333638399994,50.70000101399968,-3.5964226722717285
-132.53333638399994,50.81666768299968,-0.28713855147361755
-132.53333638399994,50.933334351999676,-1.031135082244873
-132.53333638399994,51.05000102099967,8.517664909362793
-132.53333638399994,51.16666768999967,-7.115187644958496
-132.53333638399994,51.28333435899967,-6.258522987365723
-132.53333638399994,51.400001027999664,-4.956453323364258
-132.53333638399994,51.51666769699966,-3.9370880126953125
-132.53333638399994,51.63333436599966,-0.7643588781356812
-132.53333638399994,51.750001034999656,-5.293288230895996
-132.53333638399994,51.86666770399965,-10.485758781433105
-132.53333638399994,51.98333437299965,-15.85238265991211
-132.53333638399994,52.10000104199965,-22.838420867919922
-132.53333638399994,52.216667710999644,-38.63654327392578
-132.53333638399994,52.33333437999964,-50.99006271362305
-132.53333638399994,52.45000104899964,-74.39775848388672
-132.53333638399994,52.566667717999636,-83.79832458496094
-132.53333638399994,52.68333438699963,-75.85240936279297
-132.53333638399994,52.80000105599963,-65.42166900634766
-132.53333638399994,52.91666772499963,-58.1771240234375
-132.53333638399994,53.033334393999624,48.21894836425781
-132.53333638399994,53.15000106299962,61.35957717895508
-132.53333638399994,53.26666773199962,79.15253448486328
-132.53333638399994,53.383334400999615,58.94820022583008
-132.53333638399994,53.50000106999961,75.95315551757812
-132.53333638399994,53.61666773899961,55.21249771118164
-132.53333638399994,53.73333440799961,46.152156829833984
-132.53333638399994,53.850001076999604,53.75189208984375
-132.53333638399994,53.9666677459996,25.44472885131836
-132.41666971499993,37.983334092999996,-21.9173583984375
-132.41666971499993,38.10000076199999,-23.521482467651367
-132.41666971499993,38.21666743099999,-27.5633544921875
-132.41666971499993,38.33333409999999,-29.78452491760254
-132.41666971499993,38.450000768999985,-24.535646438598633
-132.41666971499993,38.56666743799998,-11.141502380371094
-132.41666971499993,38.68333410699998,-14.702129364013672
-132.41666971499993,38.800000775999976,-19.61011505126953
-132.41666971499993,38.91666744499997,-22.64400291442871
-132.41666971499993,39.03333411399997,-18.677448272705078
-132.41666971499993,39.15000078299997,-18.41021156311035
-132.41666971499993,39.266667451999965,-27.899141311645508
-132.41666971499993,39.38333412099996,-23.842756271362305
-132.41666971499993,39.50000078999996,-25.384780883789062
-132.41666971499993,39.616667458999956,-32.214969635009766
-132.41666971499993,39.73333412799995,-35.8212890625
-132.41666971499993,39.85000079699995,-36.07688522338867
-132.41666971499993,39.96666746599995,-36.918663024902344
-132.41666971499993,40.083334134999944,-38.83345031738281
-132.41666971499993,40.20000080399994,-18.70632553100586
-132.41666971499993,40.31666747299994,5.5748395919799805
-132.41666971499993,40.433334141999936,-6.86359977722168
-132.41666971499993,40.55000081099993,-7.963406562805176
-132.41666971499993,40.66666747999993,-9.387381553649902
-132.41666971499993,40.78333414899993,-10.51479434967041
-132.41666971499993,40.900000817999924,-8.067146301269531
-132.41666971499993,41.01666748699992,-4.296496391296387
-132.41666971499993,41.13333415599992,-3.599153757095337
-132.41666971499993,41.250000824999915,-3.329552173614502
-132.41666971499993,41.36666749399991,-7.8046112060546875
-132.41666971499993,41.48333416299991,-13.007330894470215
-132.41666971499993,41.60000083199991,0.6024512648582458
-132.41666971499993,41.716667500999904,-11.848519325256348
-132.41666971499993,41.8333341699999,-16.289718627929688
-132.41666971499993,41.9500008389999,0.5033795237541199
-132.41666971499993,42.066667507999895,-20.72791862487793
-132.41666971499993,42.18333417699989,-3.6704306602478027
-132.41666971499993,42.30000084599989,-0.8088153600692749
-132.41666971499993,42.41666751499989,-14.013389587402344
-132.41666971499993,42.533334183999884,-17.419401168823242
-132.41666971499993,42.65000085299988,-7.540855407714844
-132.41666971499993,42.76666752199988,-13.993951797485352
-132.41666971499993,42.883334190999875,-10.821571350097656
-132.41666971499993,43.00000085999987,-1.17205810546875
-132.41666971499993,43.11666752899987,-12.065836906433105
-132.41666971499993,43.233334197999866,-14.639497756958008
-132.41666971499993,43.35000086699986,-15.848418235778809
-132.41666971499993,43.46666753599986,-18.241207122802734
-132.41666971499993,43.58333420499986,-15.663267135620117
-132.41666971499993,43.700000873999855,-17.934005737304688
-132.41666971499993,43.81666754299985,-16.963472366333008
-132.41666971499993,43.93333421199985,-12.191448211669922
-132.41666971499993,44.050000880999846,-10.609391212463379
-132.41666971499993,44.16666754999984,-11.757036209106445
-132.41666971499993,44.28333421899984,-16.088274002075195
-132.41666971499993,44.40000088799984,-14.3148832321167
-132.41666971499993,44.516667556999835,-13.707390785217285
-132.41666971499993,44.63333422599983,-12.18303394317627
-132.41666971499993,44.75000089499983,-18.87752914428711
-132.41666971499993,44.866667563999826,-18.032880783081055
-132.41666971499993,44.98333423299982,-16.97723388671875
-132.41666971499993,45.10000090199982,-16.994544982910156
-132.41666971499993,45.21666757099982,-17.63238525390625
-132.41666971499993,45.333334239999814,-16.233510971069336
-132.41666971499993,45.45000090899981,-19.879262924194336
-132.41666971499993,45.56666757799981,-17.928607940673828
-132.41666971499993,45.683334246999806,-15.491557121276855
-132.41666971499993,45.8000009159998,-13.570182800292969
-132.41666971499993,45.9166675849998,-8.601592063903809
-132.41666971499993,46.0333342539998,-6.920615196228027
-132.41666971499993,46.150000922999794,-10.493176460266113
-132.41666971499993,46.26666759199979,-8.547311782836914
-132.41666971499993,46.38333426099979,-17.959440231323242
-132.41666971499993,46.500000929999786,-13.355584144592285
-132.41666971499993,46.61666759899978,-9.668137550354004
-132.41666971499993,46.73333426799978,-5.302828788757324
-132.41666971499993,46.85000093699978,-4.956989288330078
-132.41666971499993,46.966667605999774,-9.094849586486816
-132.41666971499993,47.08333427499977,-5.8686323165893555
-132.41666971499993,47.20000094399977,-7.8610334396362305
-132.41666971499993,47.316667612999765,-5.089216232299805
-132.41666971499993,47.43333428199976,-6.705923080444336
-132.41666971499993,47.55000095099976,-7.803414344787598
-132.41666971499993,47.66666761999976,-14.76353645324707
-132.41666971499993,47.783334288999754,-19.97708511352539
-132.41666971499993,47.90000095799975,-7.775707244873047
-132.41666971499993,48.01666762699975,-5.254751205444336
-132.41666971499993,48.133334295999745,-26.170427322387695
-132.41666971499993,48.25000096499974,-4.948624610900879
-132.41666971499993,48.36666763399974,-12.475152969360352
-132.41666971499993,48.48333430299974,-4.814418792724609
-132.41666971499993,48.600000971999734,-5.234281539916992
-132.41666971499993,48.71666764099973,-7.615072250366211
-132.41666971499993,48.83333430999973,-5.89334774017334
-132.41666971499993,48.950000978999725,-7.995729446411133
-132.41666971499993,49.06666764799972,-1.929927110671997
-132.41666971499993,49.18333431699972,-5.679658889770508
-132.41666971499993,49.300000985999716,-14.610424995422363
-132.41666971499993,49.41666765499971,-18.336082458496094
-132.41666971499993,49.53333432399971,-15.140689849853516
-132.41666971499993,49.65000099299971,-16.704431533813477
-132.41666971499993,49.766667661999705,-16.29310417175293
-132.41666971499993,49.8833343309997,-14.026415824890137
-132.41666971499993,50.0000009999997,10.281073570251465
-132.41666971499993,50.116667668999696,-2.7275445461273193
-132.41666971499993,50.23333433799969,-12.285836219787598
-132.41666971499993,50.35000100699969,-6.997535705566406
-132.41666971499993,50.46666767599969,0.02907547354698181
-132.41666971499993,50.583334344999685,-6.689670562744141
-132.41666971499993,50.70000101399968,-3.6010937690734863
-132.41666971499993,50.81666768299968,0.08460766077041626
-132.41666971499993,50.933334351999676,-0.29078543186187744
-132.41666971499993,51.05000102099967,-1.1500399112701416
-132.41666971499993,51.16666768999967,-5.984135627746582
-132.41666971499993,51.28333435899967,-6.142678260803223
-132.41666971499993,51.400001027999664,-8.103570938110352
-132.41666971499993,51.51666769699966,-3.9651057720184326
-132.41666971499993,51.63333436599966,-4.984206199645996
-132.41666971499993,51.750001034999656,-4.527488708496094
-132.41666971499993,51.86666770399965,-12.811554908752441
-132.41666971499993,51.98333437299965,-19.814096450805664
-132.41666971499993,52.10000104199965,-28.51703453063965
-132.41666971499993,52.216667710999644,-50.21907043457031
-132.41666971499993,52.33333437999964,-66.1441650390625
-132.41666971499993,52.45000104899964,-86.28600311279297
-132.41666971499993,52.566667717999636,-74.05293273925781
-132.41666971499993,52.68333438699963,-76.21154022216797
-132.41666971499993,52.80000105599963,-74.66240692138672
-132.41666971499993,52.91666772499963,23.415369033813477
-132.41666971499993,53.033334393999624,90.48483276367188
-132.41666971499993,53.15000106299962,74.44417572021484
-132.41666971499993,53.26666773199962,92.78136444091797
-132.41666971499993,53.383334400999615,79.06619262695312
-132.41666971499993,53.50000106999961,89.78124237060547
-132.41666971499993,53.61666773899961,43.60409164428711
-132.41666971499993,53.73333440799961,23.09899139404297
-132.41666971499993,53.850001076999604,33.51127243041992
-132.41666971499993,53.9666677459996,31.665660858154297
-132.30000304599992,37.983334092999996,-19.938518524169922
-132.30000304599992,38.10000076199999,-19.324024200439453
-132.30000304599992,38.21666743099999,-28.507963180541992
-132.30000304599992,38.33333409999999,-28.92738914489746
-132.30000304599992,38.450000768999985,-29.927968978881836
-132.30000304599992,38.56666743799998,-18.734514236450195
-132.30000304599992,38.68333410699998,-16.746726989746094
-132.30000304599992,38.800000775999976,-17.941469192504883
-132.30000304599992,38.91666744499997,-14.945394515991211
-132.30000304599992,39.03333411399997,-4.421111106872559
-132.30000304599992,39.15000078299997,-11.995681762695312
-132.30000304599992,39.266667451999965,-24.774038314819336
-132.30000304599992,39.38333412099996,-27.198802947998047
-132.30000304599992,39.50000078999996,-29.957839965820312
-132.30000304599992,39.616667458999956,-33.60313034057617
-132.30000304599992,39.73333412799995,-29.9017391204834
-132.30000304599992,39.85000079699995,-33.94916915893555
-132.30000304599992,39.96666746599995,-35.111900329589844
-132.30000304599992,40.083334134999944,-35.37174987792969
-132.30000304599992,40.20000080399994,-25.228885650634766
-132.30000304599992,40.31666747299994,1.2864751815795898
-132.30000304599992,40.433334141999936,-10.373684883117676
-132.30000304599992,40.55000081099993,-7.999608993530273
-132.30000304599992,40.66666747999993,-8.670679092407227
-132.30000304599992,40.78333414899993,-10.576589584350586
-132.30000304599992,40.900000817999924,-6.904130935668945
-132.30000304599992,41.01666748699992,-1.6163090467453003
-132.30000304599992,41.13333415599992,3.609896183013916
-132.30000304599992,41.250000824999915,-4.466952323913574
-132.30000304599992,41.36666749399991,-6.939190864562988
-132.30000304599992,41.48333416299991,-10.309535026550293
-132.30000304599992,41.60000083199991,-8.221145629882812
-132.30000304599992,41.716667500999904,-18.736574172973633
-132.30000304599992,41.8333341699999,-10.325592994689941
-132.30000304599992,41.9500008389999,18.838319778442383
-132.30000304599992,42.066667507999895,-15.679815292358398
-132.30000304599992,42.18333417699989,-11.424001693725586
-132.30000304599992,42.30000084599989,-8.420194625854492
-132.30000304599992,42.41666751499989,-11.70931625366211
-132.30000304599992,42.533334183999884,-15.970467567443848
-132.30000304599992,42.65000085299988,-12.939898490905762
-132.30000304599992,42.76666752199988,-12.047463417053223
-132.30000304599992,42.883334190999875,-10.10686206817627
-132.30000304599992,43.00000085999987,-11.666661262512207
-132.30000304599992,43.11666752899987,-13.258280754089355
-132.30000304599992,43.233334197999866,-13.053301811218262
-132.30000304599992,43.35000086699986,-15.962532997131348
-132.30000304599992,43.46666753599986,-17.30748176574707
-132.30000304599992,43.58333420499986,-17.068702697753906
-132.30000304599992,43.700000873999855,-19.959352493286133
-132.30000304599992,43.81666754299985,-17.824243545532227
-132.30000304599992,43.93333421199985,-11.969594955444336
-132.30000304599992,44.050000880999846,-10.83390998840332
-132.30000304599992,44.16666754999984,-8.447550773620605
-132.30000304599992,44.28333421899984,-15.014177322387695
-132.30000304599992,44.40000088799984,-12.593300819396973
-132.30000304599992,44.516667556999835,-14.309794425964355
-132.30000304599992,44.63333422599983,-17.952333450317383
-132.30000304599992,44.75000089499983,-18.60133171081543
-132.30000304599992,44.866667563999826,-17.761459350585938
-132.30000304599992,44.98333423299982,-19.23475456237793
-132.30000304599992,45.10000090199982,-19.25894546508789
-132.30000304599992,45.21666757099982,-18.10586166381836
-132.30000304599992,45.333334239999814,-14.704693794250488
-132.30000304599992,45.45000090899981,-19.186847686767578
-132.30000304599992,45.56666757799981,-18.164743423461914
-132.30000304599992,45.683334246999806,-18.70071792602539
-132.30000304599992,45.8000009159998,-11.00401496887207
-132.30000304599992,45.9166675849998,-4.195716857910156
-132.30000304599992,46.0333342539998,-8.523173332214355
-132.30000304599992,46.150000922999794,-14.32184886932373
-132.30000304599992,46.26666759199979,-19.430212020874023
-132.30000304599992,46.38333426099979,-17.10071563720703
-132.30000304599992,46.500000929999786,-11.768362998962402
-132.30000304599992,46.61666759899978,-7.6254119873046875
-132.30000304599992,46.73333426799978,-8.74809741973877
-132.30000304599992,46.85000093699978,-10.364781379699707
-132.30000304599992,46.966667605999774,-10.77291488647461
-132.30000304599992,47.08333427499977,0.6788001656532288
-132.30000304599992,47.20000094399977,-10.67497730255127
-132.30000304599992,47.316667612999765,-9.074485778808594
-132.30000304599992,47.43333428199976,-8.424599647521973
-132.30000304599992,47.55000095099976,-7.66091251373291
-132.30000304599992,47.66666761999976,-14.929390907287598
-132.30000304599992,47.783334288999754,-12.70246410369873
-132.30000304599992,47.90000095799975,-3.878300666809082
-132.30000304599992,48.01666762699975,-7.183651924133301
-132.30000304599992,48.133334295999745,-19.144250869750977
-132.30000304599992,48.25000096499974,1.6243427991867065
-132.30000304599992,48.36666763399974,-10.842028617858887
-132.30000304599992,48.48333430299974,-3.4832284450531006
-132.30000304599992,48.600000971999734,-7.407697677612305
-132.30000304599992,48.71666764099973,-11.3808012008667
-132.30000304599992,48.83333430999973,-6.4638824462890625
-132.30000304599992,48.950000978999725,-4.052907466888428
-132.30000304599992,49.06666764799972,7.409557342529297
-132.30000304599992,49.18333431699972,4.964608192443848
-132.30000304599992,49.300000985999716,-16.759334564208984
-132.30000304599992,49.41666765499971,-17.4846248626709
-132.30000304599992,49.53333432399971,2.1672518253326416
-132.30000304599992,49.65000099299971,-17.32320213317871
-132.30000304599992,49.766667661999705,-21.284574508666992
-132.30000304599992,49.8833343309997,-18.743921279907227
-132.30000304599992,50.0000009999997,-7.8529052734375
-132.30000304599992,50.116667668999696,-8.298309326171875
-132.30000304599992,50.23333433799969,-12.600980758666992
-132.30000304599992,50.35000100699969,5.784013748168945
-132.30000304599992,50.46666767599969,-0.808693528175354
-132.30000304599992,50.583334344999685,-7.550124168395996
-132.30000304599992,50.70000101399968,-1.3278446197509766
-132.30000304599992,50.81666768299968,-0.9994024038314819
-132.30000304599992,50.933334351999676,1.0739994049072266
-132.30000304599992,51.05000102099967,-4.241262435913086
-132.30000304599992,51.16666768999967,-5.795487403869629
-132.30000304599992,51.28333435899967,-4.719101905822754
-132.30000304599992,51.400001027999664,-6.09708309173584
-132.30000304599992,51.51666769699966,-2.0605759620666504
-132.30000304599992,51.63333436599966,-6.744577407836914
-132.30000304599992,51.750001034999656,-10.25871467590332
-132.30000304599992,51.86666770399965,-14.881948471069336
-132.30000304599992,51.98333437299965,-24.266971588134766
-132.30000304599992,52.10000104199965,-39.96710205078125
-132.30000304599992,52.216667710999644,-60.5389289855957
-132.30000304599992,52.33333437999964,-82.19695281982422
-132.30000304599992,52.45000104899964,-85.08793640136719
-132.30000304599992,52.566667717999636,-84.2315902709961
-132.30000304599992,52.68333438699963,-88.47540283203125
-132.30000304599992,52.80000105599963,-14.178982734680176
-132.30000304599992,52.91666772499963,87.8122787475586
-132.30000304599992,53.033334393999624,99.48404693603516
-132.30000304599992,53.15000106299962,77.01664733886719
-132.30000304599992,53.26666773199962,89.44371032714844
-132.30000304599992,53.383334400999615,86.69390106201172
-132.30000304599992,53.50000106999961,73.72357940673828
-132.30000304599992,53.61666773899961,26.083576202392578
-132.30000304599992,53.73333440799961,10.55466079711914
-132.30000304599992,53.850001076999604,15.565247535705566
-132.30000304599992,53.9666677459996,19.639564514160156
-132.1833363769999,37.983334092999996,-19.92520523071289
-132.1833363769999,38.10000076199999,-23.089675903320312
-132.1833363769999,38.21666743099999,-25.62995147705078
-132.1833363769999,38.33333409999999,-32.42021942138672
-132.1833363769999,38.450000768999985,-35.425148010253906
-132.1833363769999,38.56666743799998,-18.21330451965332
-132.1833363769999,38.68333410699998,-10.818256378173828
-132.1833363769999,38.800000775999976,-14.88520622253418
-132.1833363769999,38.91666744499997,-14.795384407043457
-132.1833363769999,39.03333411399997,-10.700774192810059
-132.1833363769999,39.15000078299997,-16.03986358642578
-132.1833363769999,39.266667451999965,-23.500856399536133
-132.1833363769999,39.38333412099996,-28.557024002075195
-132.1833363769999,39.50000078999996,-29.65468978881836
-132.1833363769999,39.616667458999956,-29.340219497680664
-132.1833363769999,39.73333412799995,-30.863693237304688
-132.1833363769999,39.85000079699995,-35.04476547241211
-132.1833363769999,39.96666746599995,-36.69491195678711
-132.1833363769999,40.083334134999944,-39.32575607299805
-132.1833363769999,40.20000080399994,-36.34230041503906
-132.1833363769999,40.31666747299994,-1.5187792778015137
-132.1833363769999,40.433334141999936,-9.318596839904785
-132.1833363769999,40.55000081099993,-6.941944122314453
-132.1833363769999,40.66666747999993,-8.029877662658691
-132.1833363769999,40.78333414899993,-11.752001762390137
-132.1833363769999,40.900000817999924,-8.802294731140137
-132.1833363769999,41.01666748699992,-8.563976287841797
-132.1833363769999,41.13333415599992,-8.27632999420166
-132.1833363769999,41.250000824999915,-10.379730224609375
-132.1833363769999,41.36666749399991,-2.5437560081481934
-132.1833363769999,41.48333416299991,-6.898265838623047
-132.1833363769999,41.60000083199991,-13.848127365112305
-132.1833363769999,41.716667500999904,-15.473031044006348
-132.1833363769999,41.8333341699999,-11.114141464233398
-132.1833363769999,41.9500008389999,0.8123378753662109
-132.1833363769999,42.066667507999895,-19.654354095458984
-132.1833363769999,42.18333417699989,-14.339059829711914
-132.1833363769999,42.30000084599989,-13.222694396972656
-132.1833363769999,42.41666751499989,-12.183662414550781
-132.1833363769999,42.533334183999884,-15.001616477966309
-132.1833363769999,42.65000085299988,-10.312716484069824
-132.1833363769999,42.76666752199988,-9.664381980895996
-132.1833363769999,42.883334190999875,-9.087655067443848
-132.1833363769999,43.00000085999987,-14.960702896118164
-132.1833363769999,43.11666752899987,-14.132464408874512
-132.1833363769999,43.233334197999866,-13.763590812683105
-132.1833363769999,43.35000086699986,-16.728164672851562
-132.1833363769999,43.46666753599986,-19.626441955566406
-132.1833363769999,43.58333420499986,-15.651369094848633
-132.1833363769999,43.700000873999855,-19.057592391967773
-132.1833363769999,43.81666754299985,-19.273290634155273
-132.1833363769999,43.93333421199985,-13.138131141662598
-132.1833363769999,44.050000880999846,-12.056191444396973
-132.1833363769999,44.16666754999984,-13.609733581542969
-132.1833363769999,44.28333421899984,-15.92056941986084
-132.1833363769999,44.40000088799984,-12.114484786987305
-132.1833363769999,44.516667556999835,-12.902474403381348
-132.1833363769999,44.63333422599983,-16.29131507873535
-132.1833363769999,44.75000089499983,-16.2558536529541
-132.1833363769999,44.866667563999826,-19.20238494873047
-132.1833363769999,44.98333423299982,-22.57213020324707
-132.1833363769999,45.10000090199982,-23.062149047851562
-132.1833363769999,45.21666757099982,-15.119710922241211
-132.1833363769999,45.333334239999814,-7.294600486755371
-132.1833363769999,45.45000090899981,-23.89175033569336
-132.1833363769999,45.56666757799981,-21.362215042114258
-132.1833363769999,45.683334246999806,9.056435585021973
-132.1833363769999,45.8000009159998,-2.221385955810547
-132.1833363769999,45.9166675849998,-14.489628791809082
-132.1833363769999,46.0333342539998,-13.292323112487793
-132.1833363769999,46.150000922999794,-13.688281059265137
-132.1833363769999,46.26666759199979,-12.772762298583984
-132.1833363769999,46.38333426099979,-10.646921157836914
-132.1833363769999,46.500000929999786,-11.423209190368652
-132.1833363769999,46.61666759899978,-9.204626083374023
-132.1833363769999,46.73333426799978,-9.692967414855957
-132.1833363769999,46.85000093699978,-7.277986526489258
-132.1833363769999,46.966667605999774,-11.589507102966309
-132.1833363769999,47.08333427499977,-12.000480651855469
-132.1833363769999,47.20000094399977,-13.990065574645996
-132.1833363769999,47.316667612999765,-8.976029396057129
-132.1833363769999,47.43333428199976,-10.312411308288574
-132.1833363769999,47.55000095099976,-8.756575584411621
-132.1833363769999,47.66666761999976,-10.994964599609375
-132.1833363769999,47.783334288999754,-10.367403984069824
-132.1833363769999,47.90000095799975,-4.969988822937012
-132.1833363769999,48.01666762699975,-19.72828483581543
-132.1833363769999,48.133334295999745,-18.250564575195312
-132.1833363769999,48.25000096499974,-5.007678031921387
-132.1833363769999,48.36666763399974,-6.61430549621582
-132.1833363769999,48.48333430299974,-12.127055168151855
-132.1833363769999,48.600000971999734,-16.495872497558594
-132.1833363769999,48.71666764099973,-8.9168062210083
-132.1833363769999,48.83333430999973,-4.338771820068359
-132.1833363769999,48.950000978999725,-1.793898344039917
-132.1833363769999,49.06666764799972,4.0859575271606445
-132.1833363769999,49.18333431699972,3.344542980194092
-132.1833363769999,49.300000985999716,-12.369650840759277
-132.1833363769999,49.41666765499971,-14.115163803100586
-132.1833363769999,49.53333432399971,-2.824993133544922
-132.1833363769999,49.65000099299971,-20.28212547302246
-132.1833363769999,49.766667661999705,-23.13652992248535
-132.1833363769999,49.8833343309997,4.487478256225586
-132.1833363769999,50.0000009999997,-9.83869457244873
-132.1833363769999,50.116667668999696,-9.578827857971191
-132.1833363769999,50.23333433799969,-8.723687171936035
-132.1833363769999,50.35000100699969,27.43803596496582
-132.1833363769999,50.46666767599969,-4.195436477661133
-132.1833363769999,50.583334344999685,-4.906721115112305
-132.1833363769999,50.70000101399968,2.640191078186035
-132.1833363769999,50.81666768299968,1.6341534852981567
-132.1833363769999,50.933334351999676,-2.3521225452423096
-132.1833363769999,51.05000102099967,1.1114505529403687
-132.1833363769999,51.16666768999967,-1.3081566095352173
-132.1833363769999,51.28333435899967,-4.328632354736328
-132.1833363769999,51.400001027999664,-3.520392656326294
-132.1833363769999,51.51666769699966,-3.056288719177246
-132.1833363769999,51.63333436599966,-9.040349006652832
-132.1833363769999,51.750001034999656,-14.021974563598633
-132.1833363769999,51.86666770399965,-18.26144790649414
-132.1833363769999,51.98333437299965,-28.824106216430664
-132.1833363769999,52.10000104199965,-43.97492599487305
-132.1833363769999,52.216667710999644,-74.88823699951172
-132.1833363769999,52.33333437999964,-92.82830047607422
-132.1833363769999,52.45000104899964,-89.87185668945312
-132.1833363769999,52.566667717999636,-103.16146087646484
-132.1833363769999,52.68333438699963,-63.12525177001953
-132.1833363769999,52.80000105599963,104.17942810058594
-132.1833363769999,52.91666772499963,111.01402282714844
-132.1833363769999,53.033334393999624,99.36979675292969
-132.1833363769999,53.15000106299962,71.50236511230469
-132.1833363769999,53.26666773199962,80.81858825683594
-132.1833363769999,53.383334400999615,83.7812728881836
-132.1833363769999,53.50000106999961,36.06626892089844
-132.1833363769999,53.61666773899961,12.545236587524414
-132.1833363769999,53.73333440799961,5.064383506774902
-132.1833363769999,53.850001076999604,12.255960464477539
-132.1833363769999,53.9666677459996,7.125473976135254
-132.0666697079999,37.983334092999996,-21.66349983215332
-132.0666697079999,38.10000076199999,-22.57765007019043
-132.0666697079999,38.21666743099999,-23.51769256591797
-132.0666697079999,38.33333409999999,-31.420747756958008
-132.0666697079999,38.450000768999985,-37.33259582519531
-132.0666697079999,38.56666743799998,-13.967785835266113
-132.0666697079999,38.68333410699998,-2.4584407806396484
-132.0666697079999,38.800000775999976,-15.295186996459961
-132.0666697079999,38.91666744499997,-12.50256633758545
-132.0666697079999,39.03333411399997,-16.40042495727539
-132.0666697079999,39.15000078299997,-19.44404411315918
-132.0666697079999,39.266667451999965,-24.988142013549805
-132.0666697079999,39.38333412099996,-25.241466522216797
-132.0666697079999,39.50000078999996,-31.066884994506836
-132.0666697079999,39.616667458999956,-31.988903045654297
-132.0666697079999,39.73333412799995,-31.141826629638672
-132.0666697079999,39.85000079699995,-34.8444709777832
-132.0666697079999,39.96666746599995,-38.60562515258789
-132.0666697079999,40.083334134999944,-43.746620178222656
-132.0666697079999,40.20000080399994,-38.71858215332031
-132.0666697079999,40.31666747299994,-1.8567239046096802
-132.0666697079999,40.433334141999936,-8.569807052612305
-132.0666697079999,40.55000081099993,-7.162812232971191
-132.0666697079999,40.66666747999993,-5.033982276916504
-132.0666697079999,40.78333414899993,-9.614142417907715
-132.0666697079999,40.900000817999924,-6.04051399230957
-132.0666697079999,41.01666748699992,-7.130616188049316
-132.0666697079999,41.13333415599992,-8.95095157623291
-132.0666697079999,41.250000824999915,-5.745213508605957
-132.0666697079999,41.36666749399991,-1.1288039684295654
-132.0666697079999,41.48333416299991,-5.95237922668457
-132.0666697079999,41.60000083199991,-9.690095901489258
-132.0666697079999,41.716667500999904,-12.318869590759277
-132.0666697079999,41.8333341699999,-14.588908195495605
-132.0666697079999,41.9500008389999,-4.576381683349609
-132.0666697079999,42.066667507999895,-20.26593780517578
-132.0666697079999,42.18333417699989,-17.706756591796875
-132.0666697079999,42.30000084599989,-14.688642501831055
-132.0666697079999,42.41666751499989,-16.24936866760254
-132.0666697079999,42.533334183999884,-14.95845890045166
-132.0666697079999,42.65000085299988,-11.094403266906738
-132.0666697079999,42.76666752199988,-12.128591537475586
-132.0666697079999,42.883334190999875,-10.836506843566895
-132.0666697079999,43.00000085999987,-13.227142333984375
-132.0666697079999,43.11666752899987,-13.641093254089355
-132.0666697079999,43.233334197999866,-14.650753021240234
-132.0666697079999,43.35000086699986,-19.00303077697754
-132.0666697079999,43.46666753599986,-17.695505142211914
-132.0666697079999,43.58333420499986,-10.667144775390625
-132.0666697079999,43.700000873999855,-17.899368286132812
-132.0666697079999,43.81666754299985,-19.62156867980957
-132.0666697079999,43.93333421199985,-13.55515193939209
-132.0666697079999,44.050000880999846,-14.733145713806152
-132.0666697079999,44.16666754999984,-9.945138931274414
-132.0666697079999,44.28333421899984,-14.33529281616211
-132.0666697079999,44.40000088799984,-11.438282012939453
-132.0666697079999,44.516667556999835,-13.976194381713867
-132.0666697079999,44.63333422599983,-19.044225692749023
-132.0666697079999,44.75000089499983,-19.706146240234375
-132.0666697079999,44.866667563999826,-19.1798095703125
-132.0666697079999,44.98333423299982,-22.00162696838379
-132.0666697079999,45.10000090199982,-21.073633193969727
-132.0666697079999,45.21666757099982,-17.528860092163086
-132.0666697079999,45.333334239999814,-21.643672943115234
-132.0666697079999,45.45000090899981,-23.52729606628418
-132.0666697079999,45.56666757799981,-18.332759857177734
-132.0666697079999,45.683334246999806,28.823020935058594
-132.0666697079999,45.8000009159998,-13.442106246948242
-132.0666697079999,45.9166675849998,-14.753372192382812
-132.0666697079999,46.0333342539998,-10.119673728942871
-132.0666697079999,46.150000922999794,-6.752861976623535
-132.0666697079999,46.26666759199979,-7.849834442138672
-132.0666697079999,46.38333426099979,-9.715986251831055
-132.0666697079999,46.500000929999786,-14.045967102050781
-132.0666697079999,46.61666759899978,-12.104004859924316
-132.0666697079999,46.73333426799978,-14.025867462158203
-132.0666697079999,46.85000093699978,-14.211872100830078
-132.0666697079999,46.966667605999774,-11.077481269836426
-132.0666697079999,47.08333427499977,-14.82104206085205
-132.0666697079999,47.20000094399977,-12.11652946472168
-132.0666697079999,47.316667612999765,-12.83672046661377
-132.0666697079999,47.43333428199976,-15.288826942443848
-132.0666697079999,47.55000095099976,-9.7356538772583
-132.0666697079999,47.66666761999976,-13.612671852111816
-132.0666697079999,47.783334288999754,-16.657583236694336
-132.0666697079999,47.90000095799975,2.5214898586273193
-132.0666697079999,48.01666762699975,-14.154253005981445
-132.0666697079999,48.133334295999745,-8.117207527160645
-132.0666697079999,48.25000096499974,-6.245756149291992
-132.0666697079999,48.36666763399974,-5.052467346191406
-132.0666697079999,48.48333430299974,-11.622984886169434
-132.0666697079999,48.600000971999734,-12.140077590942383
-132.0666697079999,48.71666764099973,-9.367904663085938
-132.0666697079999,48.83333430999973,-6.77646541595459
-132.0666697079999,48.950000978999725,-5.730595588684082
-132.0666697079999,49.06666764799972,-5.403641700744629
-132.0666697079999,49.18333431699972,-4.816249847412109
-132.0666697079999,49.300000985999716,-13.942353248596191
-132.0666697079999,49.41666765499971,-15.200127601623535
-132.0666697079999,49.53333432399971,-11.44840145111084
-132.0666697079999,49.65000099299971,-20.70397186279297
-132.0666697079999,49.766667661999705,-18.08990478515625
-132.0666697079999,49.8833343309997,14.900649070739746
-132.0666697079999,50.0000009999997,-13.053491592407227
-132.0666697079999,50.116667668999696,-7.901782035827637
-132.0666697079999,50.23333433799969,-8.824666023254395
-132.0666697079999,50.35000100699969,27.915151596069336
-132.0666697079999,50.46666767599969,-9.864876747131348
-132.0666697079999,50.583334344999685,-3.736877918243408
-132.0666697079999,50.70000101399968,0.6824124455451965
-132.0666697079999,50.81666768299968,11.901233673095703
-132.0666697079999,50.933334351999676,-1.5967506170272827
-132.0666697079999,51.05000102099967,0.43587422370910645
-132.0666697079999,51.16666768999967,-1.6481057405471802
-132.0666697079999,51.28333435899967,-5.119448661804199
-132.0666697079999,51.400001027999664,-5.438036918640137
-132.0666697079999,51.51666769699966,-6.1001129150390625
-132.0666697079999,51.63333436599966,-7.931000709533691
-132.0666697079999,51.750001034999656,-16.438182830810547
-132.0666697079999,51.86666770399965,-24.895061492919922
-132.0666697079999,51.98333437299965,-35.84380340576172
-132.0666697079999,52.10000104199965,-61.64636993408203
-132.0666697079999,52.216667710999644,-86.58365631103516
-132.0666697079999,52.33333437999964,-90.9459457397461
-132.0666697079999,52.45000104899964,-102.3810806274414
-132.0666697079999,52.566667717999636,-92.15967559814453
-132.0666697079999,52.68333438699963,60.489559173583984
-132.0666697079999,52.80000105599963,119.85236358642578
-132.0666697079999,52.91666772499963,106.10794830322266
-132.0666697079999,53.033334393999624,90.78409576416016
-132.0666697079999,53.15000106299962,80.17098999023438
-132.0666697079999,53.26666773199962,78.60810089111328
-132.0666697079999,53.383334400999615,70.22489166259766
-132.0666697079999,53.50000106999961,12.584548950195312
-132.0666697079999,53.61666773899961,-0.3468519449234009
-132.0666697079999,53.73333440799961,-4.361656188964844
-132.0666697079999,53.850001076999604,-0.4100310206413269
-132.0666697079999,53.9666677459996,9.265666961669922
-131.95000303899988,37.983334092999996,-16.11001968383789
-131.95000303899988,38.10000076199999,-17.47772216796875
-131.95000303899988,38.21666743099999,-23.69515037536621
-131.95000303899988,38.33333409999999,-32.39239501953125
-131.95000303899988,38.450000768999985,-35.302459716796875
-131.95000303899988,38.56666743799998,-7.446282386779785
-131.95000303899988,38.68333410699998,-3.6317994594573975
-131.95000303899988,38.800000775999976,-12.414263725280762
-131.95000303899988,38.91666744499997,-8.625097274780273
-131.95000303899988,39.03333411399997,-13.53318977355957
-131.95000303899988,39.15000078299997,-18.819366455078125
-131.95000303899988,39.266667451999965,-21.506473541259766
-131.95000303899988,39.38333412099996,-24.559587478637695
-131.95000303899988,39.50000078999996,-27.02318000793457
-131.95000303899988,39.616667458999956,-30.629770278930664
-131.95000303899988,39.73333412799995,-33.49335479736328
-131.95000303899988,39.85000079699995,-36.253814697265625
-131.95000303899988,39.96666746599995,-40.70258712768555
-131.95000303899988,40.083334134999944,-46.77284240722656
-131.95000303899988,40.20000080399994,-40.071800231933594
-131.95000303899988,40.31666747299994,-6.569666862487793
-131.95000303899988,40.433334141999936,-8.292448043823242
-131.95000303899988,40.55000081099993,-6.610917091369629
-131.95000303899988,40.66666747999993,-1.852825403213501
-131.95000303899988,40.78333414899993,-7.265613555908203
-131.95000303899988,40.900000817999924,-7.525765419006348
-131.95000303899988,41.01666748699992,-4.441544532775879
-131.95000303899988,41.13333415599992,-6.350471496582031
-131.95000303899988,41.250000824999915,-7.904170989990234
-131.95000303899988,41.36666749399991,-1.5770272016525269
-131.95000303899988,41.48333416299991,-9.911127090454102
-131.95000303899988,41.60000083199991,-10.659960746765137
-131.95000303899988,41.716667500999904,-15.850115776062012
-131.95000303899988,41.8333341699999,-16.52687644958496
-131.95000303899988,41.9500008389999,-9.611688613891602
-131.95000303899988,42.066667507999895,-16.24272346496582
-131.95000303899988,42.18333417699989,-16.031248092651367
-131.95000303899988,42.30000084599989,-10.703398704528809
-131.95000303899988,42.41666751499989,-10.80008316040039
-131.95000303899988,42.533334183999884,-16.06067657470703
-131.95000303899988,42.65000085299988,-9.25385570526123
-131.95000303899988,42.76666752199988,-9.079550743103027
-131.95000303899988,42.883334190999875,-11.827981948852539
-131.95000303899988,43.00000085999987,-18.47945213317871
-131.95000303899988,43.11666752899987,-14.435983657836914
-131.95000303899988,43.233334197999866,-18.198575973510742
-131.95000303899988,43.35000086699986,-19.1724853515625
-131.95000303899988,43.46666753599986,-14.702885627746582
-131.95000303899988,43.58333420499986,-12.34666633605957
-131.95000303899988,43.700000873999855,-18.543060302734375
-131.95000303899988,43.81666754299985,-7.58793830871582
-131.95000303899988,43.93333421199985,-11.836872100830078
-131.95000303899988,44.050000880999846,-15.051117897033691
-131.95000303899988,44.16666754999984,-16.699052810668945
-131.95000303899988,44.28333421899984,-15.333924293518066
-131.95000303899988,44.40000088799984,-14.369800567626953
-131.95000303899988,44.516667556999835,-18.168691635131836
-131.95000303899988,44.63333422599983,-22.45719337463379
-131.95000303899988,44.75000089499983,-24.15736198425293
-131.95000303899988,44.866667563999826,-24.984607696533203
-131.95000303899988,44.98333423299982,-29.1260929107666
-131.95000303899988,45.10000090199982,-28.333404541015625
-131.95000303899988,45.21666757099982,-26.916330337524414
-131.95000303899988,45.333334239999814,-21.9147891998291
-131.95000303899988,45.45000090899981,-14.460775375366211
-131.95000303899988,45.56666757799981,-17.144540786743164
-131.95000303899988,45.683334246999806,10.186530113220215
-131.95000303899988,45.8000009159998,-13.524438858032227
-131.95000303899988,45.9166675849998,-12.241561889648438
-131.95000303899988,46.0333342539998,-13.603583335876465
-131.95000303899988,46.150000922999794,-14.380388259887695
-131.95000303899988,46.26666759199979,-16.926530838012695
-131.95000303899988,46.38333426099979,-15.582536697387695
-131.95000303899988,46.500000929999786,-16.979602813720703
-131.95000303899988,46.61666759899978,-11.228069305419922
-131.95000303899988,46.73333426799978,-16.227941513061523
-131.95000303899988,46.85000093699978,-14.149123191833496
-131.95000303899988,46.966667605999774,-12.95730209350586
-131.95000303899988,47.08333427499977,-11.232370376586914
-131.95000303899988,47.20000094399977,-13.633537292480469
-131.95000303899988,47.316667612999765,-13.794835090637207
-131.95000303899988,47.43333428199976,-10.81520938873291
-131.95000303899988,47.55000095099976,-9.440713882446289
-131.95000303899988,47.66666761999976,-10.33590316772461
-131.95000303899988,47.783334288999754,-15.063888549804688
-131.95000303899988,47.90000095799975,37.292724609375
-131.95000303899988,48.01666762699975,7.718565940856934
-131.95000303899988,48.133334295999745,-2.101900815963745
-131.95000303899988,48.25000096499974,-3.6556432247161865
-131.95000303899988,48.36666763399974,-9.726339340209961
-131.95000303899988,48.48333430299974,-10.379827499389648
-131.95000303899988,48.600000971999734,-14.137516975402832
-131.95000303899988,48.71666764099973,-7.056521415710449
-131.95000303899988,48.83333430999973,-10.273941040039062
-131.95000303899988,48.950000978999725,-13.52365779876709
-131.95000303899988,49.06666764799972,-12.655920028686523
-131.95000303899988,49.18333431699972,-13.363565444946289
-131.95000303899988,49.300000985999716,-17.560537338256836
-131.95000303899988,49.41666765499971,-13.682785034179688
-131.95000303899988,49.53333432399971,-14.367828369140625
-131.95000303899988,49.65000099299971,-20.51580810546875
-131.95000303899988,49.766667661999705,-0.3842233121395111
-131.95000303899988,49.8833343309997,-8.215730667114258
-131.95000303899988,50.0000009999997,-11.162814140319824
-131.95000303899988,50.116667668999696,-6.510988235473633
-131.95000303899988,50.23333433799969,-11.793658256530762
-131.95000303899988,50.35000100699969,1.3045356273651123
-131.95000303899988,50.46666767599969,-6.408212661743164
-131.95000303899988,50.583334344999685,-1.944604516029358
-131.95000303899988,50.70000101399968,0.9515172243118286
-131.95000303899988,50.81666768299968,7.002435684204102
-131.95000303899988,50.933334351999676,-3.380751609802246
-131.95000303899988,51.05000102099967,-0.014526337385177612
-131.95000303899988,51.16666768999967,-3.271989345550537
-131.95000303899988,51.28333435899967,-7.290792465209961
-131.95000303899988,51.400001027999664,-8.794058799743652
-131.95000303899988,51.51666769699966,-9.056992530822754
-131.95000303899988,51.63333436599966,-9.920737266540527
-131.95000303899988,51.750001034999656,-19.69630241394043
-131.95000303899988,51.86666770399965,-28.687286376953125
-131.95000303899988,51.98333437299965,-37.13713455200195
-131.95000303899988,52.10000104199965,-66.15261840820312
-131.95000303899988,52.216667710999644,-81.86346435546875
-131.95000303899988,52.33333437999964,-95.55770111083984
-131.95000303899988,52.45000104899964,-107.39008331298828
-131.95000303899988,52.566667717999636,3.3669493198394775
-131.95000303899988,52.68333438699963,110.55419921875
-131.95000303899988,52.80000105599963,97.79180908203125
-131.95000303899988,52.91666772499963,87.71794891357422
-131.95000303899988,53.033334393999624,73.37460327148438
-131.95000303899988,53.15000106299962,92.04363250732422
-131.95000303899988,53.26666773199962,47.41754150390625
-131.95000303899988,53.383334400999615,39.676918029785156
-131.95000303899988,53.50000106999961,17.917041778564453
-131.95000303899988,53.61666773899961,-9.33848762512207
-131.95000303899988,53.73333440799961,-10.395855903625488
-131.95000303899988,53.850001076999604,-8.964189529418945
-131.95000303899988,53.9666677459996,9.344508171081543
-131.83333636999987,37.983334092999996,-16.1375789642334
-131.83333636999987,38.10000076199999,-17.403223037719727
-131.83333636999987,38.21666743099999,-22.198991775512695
-131.83333636999987,38.33333409999999,-30.702268600463867
-131.83333636999987,38.450000768999985,-35.1292610168457
-131.83333636999987,38.56666743799998,-7.315822601318359
-131.83333636999987,38.68333410699998,-5.576030731201172
-131.83333636999987,38.800000775999976,-11.46340560913086
-131.83333636999987,38.91666744499997,-12.558341979980469
-131.83333636999987,39.03333411399997,-13.967473030090332
-131.83333636999987,39.15000078299997,-19.860578536987305
-131.83333636999987,39.266667451999965,-19.958051681518555
-131.83333636999987,39.38333412099996,-24.879045486450195
-131.83333636999987,39.50000078999996,-27.578502655029297
-131.83333636999987,39.616667458999956,-29.71333885192871
-131.83333636999987,39.73333412799995,-35.666542053222656
-131.83333636999987,39.85000079699995,-41.12303161621094
-131.83333636999987,39.96666746599995,-45.20196533203125
-131.83333636999987,40.083334134999944,-46.93097686767578
-131.83333636999987,40.20000080399994,-38.974456787109375
-131.83333636999987,40.31666747299994,-1.553221583366394
-131.83333636999987,40.433334141999936,-9.224180221557617
-131.83333636999987,40.55000081099993,-10.84599494934082
-131.83333636999987,40.66666747999993,-4.851740837097168
-131.83333636999987,40.78333414899993,-2.9817278385162354
-131.83333636999987,40.900000817999924,-4.705937385559082
-131.83333636999987,41.01666748699992,-5.789817810058594
-131.83333636999987,41.13333415599992,-8.776162147521973
-131.83333636999987,41.250000824999915,-6.0104522705078125
-131.83333636999987,41.36666749399991,-0.7829681634902954
-131.83333636999987,41.48333416299991,-7.308006286621094
-131.83333636999987,41.60000083199991,-8.332497596740723
-131.83333636999987,41.716667500999904,-13.008258819580078
-131.83333636999987,41.8333341699999,-20.6059513092041
-131.83333636999987,41.9500008389999,-9.876737594604492
-131.83333636999987,42.066667507999895,-12.246131896972656
-131.83333636999987,42.18333417699989,-14.3978853225708
-131.83333636999987,42.30000084599989,-15.822165489196777
-131.83333636999987,42.41666751499989,-17.360069274902344
-131.83333636999987,42.533334183999884,-17.64885139465332
-131.83333636999987,42.65000085299988,-11.22236156463623
-131.83333636999987,42.76666752199988,-11.966129302978516
-131.83333636999987,42.883334190999875,-13.259116172790527
-131.83333636999987,43.00000085999987,-13.844282150268555
-131.83333636999987,43.11666752899987,-17.912006378173828
-131.83333636999987,43.233334197999866,-22.26352882385254
-131.83333636999987,43.35000086699986,-19.162019729614258
-131.83333636999987,43.46666753599986,-14.963776588439941
-131.83333636999987,43.58333420499986,-15.982773780822754
-131.83333636999987,43.700000873999855,-17.06817626953125
-131.83333636999987,43.81666754299985,-12.151123046875
-131.83333636999987,43.93333421199985,-17.774837493896484
-131.83333636999987,44.050000880999846,-15.538573265075684
-131.83333636999987,44.16666754999984,-16.017223358154297
-131.83333636999987,44.28333421899984,-16.001874923706055
-131.83333636999987,44.40000088799984,-17.423908233642578
-131.83333636999987,44.516667556999835,-23.56896209716797
-131.83333636999987,44.63333422599983,-24.83425521850586
-131.83333636999987,44.75000089499983,-26.59819793701172
-131.83333636999987,44.866667563999826,-29.437379837036133
-131.83333636999987,44.98333423299982,-33.46649169921875
-131.83333636999987,45.10000090199982,-29.864137649536133
-131.83333636999987,45.21666757099982,-19.683773040771484
-131.83333636999987,45.333334239999814,-10.052314758300781
-131.83333636999987,45.45000090899981,-11.337431907653809
-131.83333636999987,45.56666757799981,-15.991901397705078
-131.83333636999987,45.683334246999806,-5.130546569824219
-131.83333636999987,45.8000009159998,-7.074756622314453
-131.83333636999987,45.9166675849998,-7.709378242492676
-131.83333636999987,46.0333342539998,-8.766751289367676
-131.83333636999987,46.150000922999794,-14.642488479614258
-131.83333636999987,46.26666759199979,-18.4464168548584
-131.83333636999987,46.38333426099979,-15.926515579223633
-131.83333636999987,46.500000929999786,-14.18710994720459
-131.83333636999987,46.61666759899978,-9.268177032470703
-131.83333636999987,46.73333426799978,-22.275310516357422
-131.83333636999987,46.85000093699978,-19.224437713623047
-131.83333636999987,46.966667605999774,-17.215984344482422
-131.83333636999987,47.08333427499977,-16.91009521484375
-131.83333636999987,47.20000094399977,-13.621604919433594
-131.83333636999987,47.316667612999765,-1.3356424570083618
-131.83333636999987,47.43333428199976,-2.7667696475982666
-131.83333636999987,47.55000095099976,-6.041751861572266
-131.83333636999987,47.66666761999976,-8.830096244812012
-131.83333636999987,47.783334288999754,-13.98318862915039
-131.83333636999987,47.90000095799975,0.12125393748283386
-131.83333636999987,48.01666762699975,-11.57477855682373
-131.83333636999987,48.133334295999745,-8.10498332977295
-131.83333636999987,48.25000096499974,-9.36526870727539
-131.83333636999987,48.36666763399974,-13.562875747680664
-131.83333636999987,48.48333430299974,-11.672704696655273
-131.83333636999987,48.600000971999734,-10.272181510925293
-131.83333636999987,48.71666764099973,17.934988021850586
-131.83333636999987,48.83333430999973,-1.2265937328338623
-131.83333636999987,48.950000978999725,-6.822270393371582
-131.83333636999987,49.06666764799972,-16.312986373901367
-131.83333636999987,49.18333431699972,-20.143545150756836
-131.83333636999987,49.300000985999716,-19.921905517578125
-131.83333636999987,49.41666765499971,-13.028411865234375
-131.83333636999987,49.53333432399971,-13.359603881835938
-131.83333636999987,49.65000099299971,-17.722570419311523
-131.83333636999987,49.766667661999705,19.971418380737305
-131.83333636999987,49.8833343309997,-12.63943862915039
-131.83333636999987,50.0000009999997,-10.683354377746582
-131.83333636999987,50.116667668999696,-5.170197486877441
-131.83333636999987,50.23333433799969,-5.538600921630859
-131.83333636999987,50.35000100699969,-8.630348205566406
-131.83333636999987,50.46666767599969,-4.323866844177246
-131.83333636999987,50.583334344999685,-4.815892219543457
-131.83333636999987,50.70000101399968,-1.1294327974319458
-131.83333636999987,50.81666768299968,0.126871258020401
-131.83333636999987,50.933334351999676,-6.659806251525879
-131.83333636999987,51.05000102099967,3.0371499061584473
-131.83333636999987,51.16666768999967,-2.176839828491211
-131.83333636999987,51.28333435899967,-9.59037971496582
-131.83333636999987,51.400001027999664,-10.550446510314941
-131.83333636999987,51.51666769699966,-12.026956558227539
-131.83333636999987,51.63333436599966,-14.465020179748535
-131.83333636999987,51.750001034999656,-23.39820671081543
-131.83333636999987,51.86666770399965,-30.404077529907227
-131.83333636999987,51.98333437299965,-41.60932540893555
-131.83333636999987,52.10000104199965,-54.30145263671875
-131.83333636999987,52.216667710999644,-86.07901000976562
-131.83333636999987,52.33333437999964,-88.32522583007812
-131.83333636999987,52.45000104899964,-56.51223373413086
-131.83333636999987,52.566667717999636,85.44708251953125
-131.83333636999987,52.68333438699963,114.16658782958984
-131.83333636999987,52.80000105599963,85.62484741210938
-131.83333636999987,52.91666772499963,83.73165893554688
-131.83333636999987,53.033334393999624,66.07646942138672
-131.83333636999987,53.15000106299962,75.14815521240234
-131.83333636999987,53.26666773199962,15.337979316711426
-131.83333636999987,53.383334400999615,16.89097023010254
-131.83333636999987,53.50000106999961,3.1862411499023438
-131.83333636999987,53.61666773899961,-27.17709732055664
-131.83333636999987,53.73333440799961,-10.888092041015625
-131.83333636999987,53.850001076999604,-5.243417739868164
-131.83333636999987,53.9666677459996,3.3538005352020264
-131.71666970099986,37.983334092999996,-17.160921096801758
-131.71666970099986,38.10000076199999,-18.518497467041016
-131.71666970099986,38.21666743099999,-26.16335105895996
-131.71666970099986,38.33333409999999,-34.14494323730469
-131.71666970099986,38.450000768999985,-38.023529052734375
-131.71666970099986,38.56666743799998,-19.098257064819336
-131.71666970099986,38.68333410699998,-10.153093338012695
-131.71666970099986,38.800000775999976,-14.028376579284668
-131.71666970099986,38.91666744499997,-12.937858581542969
-131.71666970099986,39.03333411399997,-14.632248878479004
-131.71666970099986,39.15000078299997,-21.91756248474121
-131.71666970099986,39.266667451999965,-17.23542022705078
-131.71666970099986,39.38333412099996,-28.997758865356445
-131.71666970099986,39.50000078999996,-28.50390625
-131.71666970099986,39.616667458999956,-28.034780502319336
-131.71666970099986,39.73333412799995,-35.915016174316406
-131.71666970099986,39.85000079699995,-43.253822326660156
-131.71666970099986,39.96666746599995,-49.67609786987305
-131.71666970099986,40.083334134999944,-50.15929412841797
-131.71666970099986,40.20000080399994,-40.156471252441406
-131.71666970099986,40.31666747299994,4.585441589355469
-131.71666970099986,40.433334141999936,-7.764662742614746
-131.71666970099986,40.55000081099993,-8.852574348449707
-131.71666970099986,40.66666747999993,-2.6567883491516113
-131.71666970099986,40.78333414899993,-3.7563109397888184
-131.71666970099986,40.900000817999924,-3.6602845191955566
-131.71666970099986,41.01666748699992,-7.5355730056762695
-131.71666970099986,41.13333415599992,-9.789499282836914
-131.71666970099986,41.250000824999915,-7.445308685302734
-131.71666970099986,41.36666749399991,2.052288055419922
-131.71666970099986,41.48333416299991,-6.2562761306762695
-131.71666970099986,41.60000083199991,-10.0713472366333
-131.71666970099986,41.716667500999904,-13.310514450073242
-131.71666970099986,41.8333341699999,-7.343221664428711
-131.71666970099986,41.9500008389999,-3.7092041969299316
-131.71666970099986,42.066667507999895,-13.460793495178223
-131.71666970099986,42.18333417699989,-14.212183952331543
-131.71666970099986,42.30000084599989,-15.32501220703125
-131.71666970099986,42.41666751499989,-18.851337432861328
-131.71666970099986,42.533334183999884,-16.578237533569336
-131.71666970099986,42.65000085299988,-10.204955101013184
-131.71666970099986,42.76666752199988,-10.232097625732422
-131.71666970099986,42.883334190999875,-13.369775772094727
-131.71666970099986,43.00000085999987,-14.178482055664062
-131.71666970099986,43.11666752899987,-17.983165740966797
-131.71666970099986,43.233334197999866,-20.72796630859375
-131.71666970099986,43.35000086699986,-18.098186492919922
-131.71666970099986,43.46666753599986,-14.17727279663086
-131.71666970099986,43.58333420499986,-11.277246475219727
-131.71666970099986,43.700000873999855,-14.997672080993652
-131.71666970099986,43.81666754299985,-19.555084228515625
-131.71666970099986,43.93333421199985,-13.421602249145508
-131.71666970099986,44.050000880999846,-15.530034065246582
-131.71666970099986,44.16666754999984,-14.650528907775879
-131.71666970099986,44.28333421899984,-17.816307067871094
-131.71666970099986,44.40000088799984,-23.592174530029297
-131.71666970099986,44.516667556999835,-28.866161346435547
-131.71666970099986,44.63333422599983,-29.12613868713379
-131.71666970099986,44.75000089499983,-31.926631927490234
-131.71666970099986,44.866667563999826,-35.12495422363281
-131.71666970099986,44.98333423299982,-31.877269744873047
-131.71666970099986,45.10000090199982,-26.103181838989258
-131.71666970099986,45.21666757099982,-17.26105499267578
-131.71666970099986,45.333334239999814,-12.082691192626953
-131.71666970099986,45.45000090899981,-14.624529838562012
-131.71666970099986,45.56666757799981,-11.306437492370605
-131.71666970099986,45.683334246999806,-4.863888740539551
-131.71666970099986,45.8000009159998,-8.54234504699707
-131.71666970099986,45.9166675849998,-9.08537483215332
-131.71666970099986,46.0333342539998,-9.490911483764648
-131.71666970099986,46.150000922999794,-15.756203651428223
-131.71666970099986,46.26666759199979,-15.754419326782227
-131.71666970099986,46.38333426099979,-7.829425811767578
-131.71666970099986,46.500000929999786,-14.526997566223145
-131.71666970099986,46.61666759899978,-17.370004653930664
-131.71666970099986,46.73333426799978,-24.7624454498291
-131.71666970099986,46.85000093699978,-23.86667251586914
-131.71666970099986,46.966667605999774,-22.19770622253418
-131.71666970099986,47.08333427499977,-19.99518394470215
-131.71666970099986,47.20000094399977,-20.496253967285156
-131.71666970099986,47.316667612999765,15.03165054321289
-131.71666970099986,47.43333428199976,-14.1973876953125
-131.71666970099986,47.55000095099976,-7.184719085693359
-131.71666970099986,47.66666761999976,-4.2505669593811035
-131.71666970099986,47.783334288999754,-12.362153053283691
-131.71666970099986,47.90000095799975,-15.388009071350098
-131.71666970099986,48.01666762699975,-16.490779876708984
-131.71666970099986,48.133334295999745,-5.159335136413574
-131.71666970099986,48.25000096499974,-11.507305145263672
-131.71666970099986,48.36666763399974,-14.38464069366455
-131.71666970099986,48.48333430299974,-12.476378440856934
-131.71666970099986,48.600000971999734,1.3797657489776611
-131.71666970099986,48.71666764099973,13.500137329101562
-131.71666970099986,48.83333430999973,-3.0018932819366455
-131.71666970099986,48.950000978999725,-5.880576133728027
-131.71666970099986,49.06666764799972,-13.999417304992676
-131.71666970099986,49.18333431699972,-17.327531814575195
-131.71666970099986,49.300000985999716,-16.20292091369629
-131.71666970099986,49.41666765499971,-8.386713981628418
-131.71666970099986,49.53333432399971,-15.059863090515137
-131.71666970099986,49.65000099299971,-11.079927444458008
-131.71666970099986,49.766667661999705,13.019651412963867
-131.71666970099986,49.8833343309997,-11.84972095489502
-131.71666970099986,50.0000009999997,-8.143383979797363
-131.71666970099986,50.116667668999696,-6.747419357299805
-131.71666970099986,50.23333433799969,-5.525265693664551
-131.71666970099986,50.35000100699969,-3.742663860321045
-131.71666970099986,50.46666767599969,-4.088988780975342
-131.71666970099986,50.583334344999685,-5.056771278381348
-131.71666970099986,50.70000101399968,-6.660928726196289
-131.71666970099986,50.81666768299968,-0.8423868417739868
-131.71666970099986,50.933334351999676,-7.499261856079102
-131.71666970099986,51.05000102099967,-6.209468841552734
-131.71666970099986,51.16666768999967,-3.021967649459839
-131.71666970099986,51.28333435899967,-7.002267837524414
-131.71666970099986,51.400001027999664,-14.923686027526855
-131.71666970099986,51.51666769699966,-13.982571601867676
-131.71666970099986,51.63333436599966,-16.07992935180664
-131.71666970099986,51.750001034999656,-16.789621353149414
-131.71666970099986,51.86666770399965,-24.442968368530273
-131.71666970099986,51.98333437299965,-36.50890350341797
-131.71666970099986,52.10000104199965,-57.48960876464844
-131.71666970099986,52.216667710999644,-86.80726623535156
-131.71666970099986,52.33333437999964,-48.1877555847168
-131.71666970099986,52.45000104899964,31.449243545532227
-131.71666970099986,52.566667717999636,96.75106811523438
-131.71666970099986,52.68333438699963,86.93848419189453
-131.71666970099986,52.80000105599963,69.50381469726562
-131.71666970099986,52.91666772499963,81.66433715820312
-131.71666970099986,53.033334393999624,61.671714782714844
-131.71666970099986,53.15000106299962,42.49528503417969
-131.71666970099986,53.26666773199962,17.925073623657227
-131.71666970099986,53.383334400999615,10.598309516906738
-131.71666970099986,53.50000106999961,-7.772109031677246
-131.71666970099986,53.61666773899961,-18.661392211914062
-131.71666970099986,53.73333440799961,-17.078004837036133
-131.71666970099986,53.850001076999604,-14.776548385620117
-131.71666970099986,53.9666677459996,1.9727015495300293
-131.60000303199985,37.983334092999996,-18.97759246826172
-131.60000303199985,38.10000076199999,-21.09632682800293
-131.60000303199985,38.21666743099999,-27.36427116394043
-131.60000303199985,38.33333409999999,-33.65919494628906
-131.60000303199985,38.450000768999985,-40.651527404785156
-131.60000303199985,38.56666743799998,-22.744348526000977
-131.60000303199985,38.68333410699998,-13.022184371948242
-131.60000303199985,38.800000775999976,-12.00323486328125
-131.60000303199985,38.91666744499997,-9.61679458618164
-131.60000303199985,39.03333411399997,-17.603878021240234
-131.60000303199985,39.15000078299997,-20.585731506347656
-131.60000303199985,39.266667451999965,-2.4470133781433105
-131.60000303199985,39.38333412099996,-29.5095157623291
-131.60000303199985,39.50000078999996,-30.01199722290039
-131.60000303199985,39.616667458999956,-32.421173095703125
-131.60000303199985,39.73333412799995,-35.39248275756836
-131.60000303199985,39.85000079699995,-46.11467742919922
-131.60000303199985,39.96666746599995,-55.731781005859375
-131.60000303199985,40.083334134999944,-51.25912857055664
-131.60000303199985,40.20000080399994,-35.210636138916016
-131.60000303199985,40.31666747299994,5.188602447509766
-131.60000303199985,40.433334141999936,-2.446162700653076
-131.60000303199985,40.55000081099993,-7.056282997131348
-131.60000303199985,40.66666747999993,-4.774198532104492
-131.60000303199985,40.78333414899993,-3.877695083618164
-131.60000303199985,40.900000817999924,-5.065708160400391
-131.60000303199985,41.01666748699992,-7.996302604675293
-131.60000303199985,41.13333415599992,0.5982210636138916
-131.60000303199985,41.250000824999915,-6.685510635375977
-131.60000303199985,41.36666749399991,-2.5570285320281982
-131.60000303199985,41.48333416299991,-5.933133125305176
-131.60000303199985,41.60000083199991,-11.963528633117676
-131.60000303199985,41.716667500999904,-19.315143585205078
-131.60000303199985,41.8333341699999,-14.984785079956055
-131.60000303199985,41.9500008389999,-16.94815444946289
-131.60000303199985,42.066667507999895,-15.660308837890625
-131.60000303199985,42.18333417699989,-13.090961456298828
-131.60000303199985,42.30000084599989,-16.480182647705078
-131.60000303199985,42.41666751499989,-14.916075706481934
-131.60000303199985,42.533334183999884,-10.92597770690918
-131.60000303199985,42.65000085299988,-11.061152458190918
-131.60000303199985,42.76666752199988,-11.036628723144531
-131.60000303199985,42.883334190999875,-12.339447021484375
-131.60000303199985,43.00000085999987,-16.662004470825195
-131.60000303199985,43.11666752899987,-20.338642120361328
-131.60000303199985,43.233334197999866,-20.994529724121094
-131.60000303199985,43.35000086699986,-17.387962341308594
-131.60000303199985,43.46666753599986,-13.013328552246094
-131.60000303199985,43.58333420499986,-13.23886489868164
-131.60000303199985,43.700000873999855,-15.83552074432373
-131.60000303199985,43.81666754299985,-15.298124313354492
-131.60000303199985,43.93333421199985,-18.340045928955078
-131.60000303199985,44.050000880999846,-19.7939510345459
-131.60000303199985,44.16666754999984,-17.4114933013916
-131.60000303199985,44.28333421899984,-21.57686996459961
-131.60000303199985,44.40000088799984,-24.830474853515625
-131.60000303199985,44.516667556999835,-30.94350814819336
-131.60000303199985,44.63333422599983,-32.590511322021484
-131.60000303199985,44.75000089499983,-27.131811141967773
-131.60000303199985,44.866667563999826,-26.644559860229492
-131.60000303199985,44.98333423299982,-22.731107711791992
-131.60000303199985,45.10000090199982,-19.606290817260742
-131.60000303199985,45.21666757099982,-14.753368377685547
-131.60000303199985,45.333334239999814,-14.580322265625
-131.60000303199985,45.45000090899981,-14.9237060546875
-131.60000303199985,45.56666757799981,-8.577574729919434
-131.60000303199985,45.683334246999806,-11.275556564331055
-131.60000303199985,45.8000009159998,-16.182775497436523
-131.60000303199985,45.9166675849998,-14.790644645690918
-131.60000303199985,46.0333342539998,-13.622824668884277
-131.60000303199985,46.150000922999794,-18.062416076660156
-131.60000303199985,46.26666759199979,-18.20917510986328
-131.60000303199985,46.38333426099979,-16.345073699951172
-131.60000303199985,46.500000929999786,-18.972923278808594
-131.60000303199985,46.61666759899978,-25.26727867126465
-131.60000303199985,46.73333426799978,-27.39011001586914
-131.60000303199985,46.85000093699978,-25.072946548461914
-131.60000303199985,46.966667605999774,-20.963193893432617
-131.60000303199985,47.08333427499977,-16.675018310546875
-131.60000303199985,47.20000094399977,-7.11052131652832
-131.60000303199985,47.316667612999765,-3.8010034561157227
-131.60000303199985,47.43333428199976,-15.787149429321289
-131.60000303199985,47.55000095099976,10.554041862487793
-131.60000303199985,47.66666761999976,-2.3528525829315186
-131.60000303199985,47.783334288999754,-13.310602188110352
-131.60000303199985,47.90000095799975,-12.538545608520508
-131.60000303199985,48.01666762699975,-9.530512809753418
-131.60000303199985,48.133334295999745,-10.51589298248291
-131.60000303199985,48.25000096499974,-11.330667495727539
-131.60000303199985,48.36666763399974,-13.530449867248535
-131.60000303199985,48.48333430299974,-17.371417999267578
-131.60000303199985,48.600000971999734,-6.118216514587402
-131.60000303199985,48.71666764099973,-16.2122859954834
-131.60000303199985,48.83333430999973,-15.399558067321777
-131.60000303199985,48.950000978999725,-15.581709861755371
-131.60000303199985,49.06666764799972,-15.12354564666748
-131.60000303199985,49.18333431699972,-21.272300720214844
-131.60000303199985,49.300000985999716,-20.9083251953125
-131.60000303199985,49.41666765499971,-16.038074493408203
-131.60000303199985,49.53333432399971,-16.143375396728516
-131.60000303199985,49.65000099299971,-13.422895431518555
-131.60000303199985,49.766667661999705,-10.330280303955078
-131.60000303199985,49.8833343309997,-10.669892311096191
-131.60000303199985,50.0000009999997,4.460258483886719
-131.60000303199985,50.116667668999696,-4.289676666259766
-131.60000303199985,50.23333433799969,-8.648574829101562
-131.60000303199985,50.35000100699969,8.627551078796387
-131.60000303199985,50.46666767599969,-6.7527313232421875
-131.60000303199985,50.583334344999685,-6.861600875854492
-131.60000303199985,50.70000101399968,-6.370779991149902
-131.60000303199985,50.81666768299968,-5.306775093078613
-131.60000303199985,50.933334351999676,-6.112351417541504
-131.60000303199985,51.05000102099967,-9.026708602905273
-131.60000303199985,51.16666768999967,-12.36281967163086
-131.60000303199985,51.28333435899967,-10.230769157409668
-131.60000303199985,51.400001027999664,-15.830803871154785
-131.60000303199985,51.51666769699966,-17.334976196289062
-131.60000303199985,51.63333436599966,-12.5244140625
-131.60000303199985,51.750001034999656,-6.1358137130737305
-131.60000303199985,51.86666770399965,-25.47720718383789
-131.60000303199985,51.98333437299965,-45.34212875366211
-131.60000303199985,52.10000104199965,-37.7887077331543
-131.60000303199985,52.216667710999644,-47.02766799926758
-131.60000303199985,52.33333437999964,37.12283706665039
-131.60000303199985,52.45000104899964,97.55836486816406
-131.60000303199985,52.566667717999636,64.669921875
-131.60000303199985,52.68333438699963,68.12459564208984
-131.60000303199985,52.80000105599963,44.83690643310547
-131.60000303199985,52.91666772499963,62.37416458129883
-131.60000303199985,53.033334393999624,46.68058395385742
-131.60000303199985,53.15000106299962,-0.8273029327392578
-131.60000303199985,53.26666773199962,5.050318717956543
-131.60000303199985,53.383334400999615,-10.9747314453125
-131.60000303199985,53.50000106999961,-11.651464462280273
-131.60000303199985,53.61666773899961,-2.8843581676483154
-131.60000303199985,53.73333440799961,-16.01642417907715
-131.60000303199985,53.850001076999604,-6.575467109680176
-131.60000303199985,53.9666677459996,7.3919267654418945
-131.48333636299984,37.983334092999996,-15.934296607971191
-131.48333636299984,38.10000076199999,-22.2537841796875
-131.48333636299984,38.21666743099999,-27.277019500732422
-131.48333636299984,38.33333409999999,-32.9396858215332
-131.48333636299984,38.450000768999985,-34.35240936279297
-131.48333636299984,38.56666743799998,-16.63468360900879
-131.48333636299984,38.68333410699998,-6.662420272827148
-131.48333636299984,38.800000775999976,-8.115971565246582
-131.48333636299984,38.91666744499997,-15.18212604522705
-131.48333636299984,39.03333411399997,-22.319856643676758
-131.48333636299984,39.15000078299997,-25.901540756225586
-131.48333636299984,39.266667451999965,-11.651966094970703
-131.48333636299984,39.38333412099996,-29.24805450439453
-131.48333636299984,39.50000078999996,-30.702131271362305
-131.48333636299984,39.616667458999956,-32.04612350463867
-131.48333636299984,39.73333412799995,-37.841636657714844
-131.48333636299984,39.85000079699995,-45.11009979248047
-131.48333636299984,39.96666746599995,-47.99311065673828
-131.48333636299984,40.083334134999944,-47.83673858642578
-131.48333636299984,40.20000080399994,-36.99380874633789
-131.48333636299984,40.31666747299994,0.2820918560028076
-131.48333636299984,40.433334141999936,-3.2052206993103027
-131.48333636299984,40.55000081099993,-8.019721031188965
-131.48333636299984,40.66666747999993,-4.619357109069824
-131.48333636299984,40.78333414899993,-0.331709086894989
-131.48333636299984,40.900000817999924,-7.506558418273926
-131.48333636299984,41.01666748699992,-4.520563125610352
-131.48333636299984,41.13333415599992,5.543254852294922
-131.48333636299984,41.250000824999915,-6.183327674865723
-131.48333636299984,41.36666749399991,-4.532471656799316
-131.48333636299984,41.48333416299991,-2.536085605621338
-131.48333636299984,41.60000083199991,-10.923337936401367
-131.48333636299984,41.716667500999904,-2.6002376079559326
-131.48333636299984,41.8333341699999,-16.418441772460938
-131.48333636299984,41.9500008389999,-13.278975486755371
-131.48333636299984,42.066667507999895,-14.19914722442627
-131.48333636299984,42.18333417699989,-13.369412422180176
-131.48333636299984,42.30000084599989,-13.305238723754883
-131.48333636299984,42.41666751499989,-14.328876495361328
-131.48333636299984,42.533334183999884,-14.605664253234863
-131.48333636299984,42.65000085299988,-9.04343318939209
-131.48333636299984,42.76666752199988,-9.396059036254883
-131.48333636299984,42.883334190999875,-13.674397468566895
-131.48333636299984,43.00000085999987,-19.4957218170166
-131.48333636299984,43.11666752899987,-19.382722854614258
-131.48333636299984,43.233334197999866,-21.009979248046875
-131.48333636299984,43.35000086699986,-11.783334732055664
-131.48333636299984,43.46666753599986,-10.941207885742188
-131.48333636299984,43.58333420499986,-12.564126014709473
-131.48333636299984,43.700000873999855,-14.038314819335938
-131.48333636299984,43.81666754299985,-13.328426361083984
-131.48333636299984,43.93333421199985,-18.681045532226562
-131.48333636299984,44.050000880999846,-19.009462356567383
-131.48333636299984,44.16666754999984,-21.72440528869629
-131.48333636299984,44.28333421899984,-24.225339889526367
-131.48333636299984,44.40000088799984,-28.701244354248047
-131.48333636299984,44.516667556999835,-31.49095916748047
-131.48333636299984,44.63333422599983,-27.469181060791016
-131.48333636299984,44.75000089499983,-28.075027465820312
-131.48333636299984,44.866667563999826,-25.38783073425293
-131.48333636299984,44.98333423299982,-21.003732681274414
-131.48333636299984,45.10000090199982,-19.08191680908203
-131.48333636299984,45.21666757099982,-12.903451919555664
-131.48333636299984,45.333334239999814,-9.654812812805176
-131.48333636299984,45.45000090899981,-6.965924263000488
-131.48333636299984,45.56666757799981,-7.188074111938477
-131.48333636299984,45.683334246999806,-7.642449378967285
-131.48333636299984,45.8000009159998,-15.659025192260742
-131.48333636299984,45.9166675849998,-16.210346221923828
-131.48333636299984,46.0333342539998,-16.315837860107422
-131.48333636299984,46.150000922999794,-11.960976600646973
-131.48333636299984,46.26666759199979,-5.481884956359863
-131.48333636299984,46.38333426099979,-8.39758014678955
-131.48333636299984,46.500000929999786,-9.880260467529297
-131.48333636299984,46.61666759899978,-3.654217481613159
-131.48333636299984,46.73333426799978,14.492286682128906
-131.48333636299984,46.85000093699978,-18.76611328125
-131.48333636299984,46.966667605999774,-20.15413475036621
-131.48333636299984,47.08333427499977,1.2295438051223755
-131.48333636299984,47.20000094399977,31.75546646118164
-131.48333636299984,47.316667612999765,-11.227374076843262
-131.48333636299984,47.43333428199976,-0.9362362623214722
-131.48333636299984,47.55000095099976,15.324033737182617
-131.48333636299984,47.66666761999976,-6.8790740966796875
-131.48333636299984,47.783334288999754,2.508326530456543
-131.48333636299984,47.90000095799975,-8.61233901977539
-131.48333636299984,48.01666762699975,-8.364786148071289
-131.48333636299984,48.133334295999745,-9.901045799255371
-131.48333636299984,48.25000096499974,-11.58606243133545
-131.48333636299984,48.36666763399974,-13.804821968078613
-131.48333636299984,48.48333430299974,-11.021190643310547
-131.48333636299984,48.600000971999734,-15.617193222045898
-131.48333636299984,48.71666764099973,-18.143829345703125
-131.48333636299984,48.83333430999973,-16.90257453918457
-131.48333636299984,48.950000978999725,-15.371343612670898
-131.48333636299984,49.06666764799972,-22.816225051879883
-131.48333636299984,49.18333431699972,-21.574810028076172
-131.48333636299984,49.300000985999716,-18.095565795898438
-131.48333636299984,49.41666765499971,-12.456685066223145
-131.48333636299984,49.53333432399971,-12.676838874816895
-131.48333636299984,49.65000099299971,-12.9736909866333
-131.48333636299984,49.766667661999705,-12.114838600158691
-131.48333636299984,49.8833343309997,-9.916969299316406
-131.48333636299984,50.0000009999997,9.306406021118164
-131.48333636299984,50.116667668999696,-10.10313606262207
-131.48333636299984,50.23333433799969,-3.670657157897949
-131.48333636299984,50.35000100699969,11.053459167480469
-131.48333636299984,50.46666767599969,-11.232667922973633
-131.48333636299984,50.583334344999685,-10.97966480255127
-131.48333636299984,50.70000101399968,-13.340953826904297
-131.48333636299984,50.81666768299968,-9.05474853515625
-131.48333636299984,50.933334351999676,-10.524796485900879
-131.48333636299984,51.05000102099967,-9.237719535827637
-131.48333636299984,51.16666768999967,-15.201249122619629
-131.48333636299984,51.28333435899967,-20.37631607055664
-131.48333636299984,51.400001027999664,-19.96021270751953
-131.48333636299984,51.51666769699966,-12.723184585571289
-131.48333636299984,51.63333436599966,-3.108912706375122
-131.48333636299984,51.750001034999656,-14.088729858398438
-131.48333636299984,51.86666770399965,-38.99058532714844
-131.48333636299984,51.98333437299965,-56.58182144165039
-131.48333636299984,52.10000104199965,-17.565393447875977
-131.48333636299984,52.216667710999644,26.481605529785156
-131.48333636299984,52.33333437999964,105.5718994140625
-131.48333636299984,52.45000104899964,83.48493957519531
-131.48333636299984,52.566667717999636,41.70133972167969
-131.48333636299984,52.68333438699963,56.18912124633789
-131.48333636299984,52.80000105599963,33.69993591308594
-131.48333636299984,52.91666772499963,38.29281997680664
-131.48333636299984,53.033334393999624,7.216635704040527
-131.48333636299984,53.15000106299962,-3.0360357761383057
-131.48333636299984,53.26666773199962,-6.500133514404297
-131.48333636299984,53.383334400999615,-11.684575080871582
-131.48333636299984,53.50000106999961,-11.67059326171875
-131.48333636299984,53.61666773899961,1.4170984029769897
-131.48333636299984,53.73333440799961,-10.042684555053711
-131.48333636299984,53.850001076999604,-7.203753471374512
-131.48333636299984,53.9666677459996,-3.453866720199585
-131.36666969399982,37.983334092999996,-18.847660064697266
-131.36666969399982,38.10000076199999,-21.439193725585938
-131.36666969399982,38.21666743099999,-28.036884307861328
-131.36666969399982,38.33333409999999,-33.650909423828125
-131.36666969399982,38.450000768999985,-27.56743812561035
-131.36666969399982,38.56666743799998,-13.013434410095215
-131.36666969399982,38.68333410699998,-6.677748680114746
-131.36666969399982,38.800000775999976,-15.018427848815918
-131.36666969399982,38.91666744499997,-16.90529441833496
-131.36666969399982,39.03333411399997,-23.0208683013916
-131.36666969399982,39.15000078299997,-28.03641128540039
-131.36666969399982,39.266667451999965,-24.736995697021484
-131.36666969399982,39.38333412099996,-30.519081115722656
-131.36666969399982,39.50000078999996,-31.06595802307129
-131.36666969399982,39.616667458999956,-31.98868751525879
-131.36666969399982,39.73333412799995,-38.898277282714844
-131.36666969399982,39.85000079699995,-43.83292770385742
-131.36666969399982,39.96666746599995,-45.55704116821289
-131.36666969399982,40.083334134999944,-41.07688903808594
-131.36666969399982,40.20000080399994,-33.494449615478516
-131.36666969399982,40.31666747299994,-0.20309439301490784
-131.36666969399982,40.433334141999936,-2.374572992324829
-131.36666969399982,40.55000081099993,-7.404875755310059
-131.36666969399982,40.66666747999993,-4.729541778564453
-131.36666969399982,40.78333414899993,-3.7089176177978516
-131.36666969399982,40.900000817999924,-1.4800004959106445
-131.36666969399982,41.01666748699992,-0.36280232667922974
-131.36666969399982,41.13333415599992,-4.905806541442871
-131.36666969399982,41.250000824999915,-7.136196136474609
-131.36666969399982,41.36666749399991,-4.732748985290527
-131.36666969399982,41.48333416299991,-4.964037895202637
-131.36666969399982,41.60000083199991,-10.441061019897461
-131.36666969399982,41.716667500999904,32.554752349853516
-131.36666969399982,41.8333341699999,-11.84814167022705
-131.36666969399982,41.9500008389999,-9.969526290893555
-131.36666969399982,42.066667507999895,-11.394390106201172
-131.36666969399982,42.18333417699989,-12.711774826049805
-131.36666969399982,42.30000084599989,-14.73697280883789
-131.36666969399982,42.41666751499989,-13.99856948852539
-131.36666969399982,42.533334183999884,-11.367374420166016
-131.36666969399982,42.65000085299988,-10.972159385681152
-131.36666969399982,42.76666752199988,-12.095832824707031
-131.36666969399982,42.883334190999875,-16.184215545654297
-131.36666969399982,43.00000085999987,-18.10358428955078
-131.36666969399982,43.11666752899987,-19.740036010742188
-131.36666969399982,43.233334197999866,-18.318143844604492
-131.36666969399982,43.35000086699986,-14.350042343139648
-131.36666969399982,43.46666753599986,-9.67723274230957
-131.36666969399982,43.58333420499986,-12.266233444213867
-131.36666969399982,43.700000873999855,-10.665401458740234
-131.36666969399982,43.81666754299985,-9.07996654510498
-131.36666969399982,43.93333421199985,-18.753154754638672
-131.36666969399982,44.050000880999846,-19.207679748535156
-131.36666969399982,44.16666754999984,-22.31935691833496
-131.36666969399982,44.28333421899984,-26.470048904418945
-131.36666969399982,44.40000088799984,-30.351295471191406
-131.36666969399982,44.516667556999835,-32.631378173828125
-131.36666969399982,44.63333422599983,-28.294710159301758
-131.36666969399982,44.75000089499983,-23.957006454467773
-131.36666969399982,44.866667563999826,-20.744333267211914
-131.36666969399982,44.98333423299982,-16.131351470947266
-131.36666969399982,45.10000090199982,-14.472084045410156
-131.36666969399982,45.21666757099982,-13.233660697937012
-131.36666969399982,45.333334239999814,-9.881877899169922
-131.36666969399982,45.45000090899981,-2.8485894203186035
-131.36666969399982,45.56666757799981,6.586431503295898
-131.36666969399982,45.683334246999806,3.239349365234375
-131.36666969399982,45.8000009159998,-4.217228412628174
-131.36666969399982,45.9166675849998,-8.328335762023926
-131.36666969399982,46.0333342539998,-5.7862653732299805
-131.36666969399982,46.150000922999794,-5.3896684646606445
-131.36666969399982,46.26666759199979,-3.269150972366333
-131.36666969399982,46.38333426099979,-3.288027286529541
-131.36666969399982,46.500000929999786,-6.082578659057617
-131.36666969399982,46.61666759899978,28.583803176879883
-131.36666969399982,46.73333426799978,72.2749252319336
-131.36666969399982,46.85000093699978,-17.428241729736328
-131.36666969399982,46.966667605999774,-19.013887405395508
-131.36666969399982,47.08333427499977,-1.6945977210998535
-131.36666969399982,47.20000094399977,0.9640446901321411
-131.36666969399982,47.316667612999765,-16.46349334716797
-131.36666969399982,47.43333428199976,5.814652442932129
-131.36666969399982,47.55000095099976,-10.61943531036377
-131.36666969399982,47.66666761999976,-4.598189353942871
-131.36666969399982,47.783334288999754,5.463652610778809
-131.36666969399982,47.90000095799975,-9.370868682861328
-131.36666969399982,48.01666762699975,-9.965963363647461
-131.36666969399982,48.133334295999745,-10.92231559753418
-131.36666969399982,48.25000096499974,-12.001450538635254
-131.36666969399982,48.36666763399974,-9.260385513305664
-131.36666969399982,48.48333430299974,1.5135949850082397
-131.36666969399982,48.600000971999734,-15.050122261047363
-131.36666969399982,48.71666764099973,-17.573673248291016
-131.36666969399982,48.83333430999973,-13.4163236618042
-131.36666969399982,48.950000978999725,-13.10617733001709
-131.36666969399982,49.06666764799972,-24.464902877807617
-131.36666969399982,49.18333431699972,-22.58397674560547
-131.36666969399982,49.300000985999716,1.2977571487426758
-131.36666969399982,49.41666765499971,-8.362195014953613
-131.36666969399982,49.53333432399971,-7.518587112426758
-131.36666969399982,49.65000099299971,-11.654678344726562
-131.36666969399982,49.766667661999705,-13.361674308776855
-131.36666969399982,49.8833343309997,-7.972777366638184
-131.36666969399982,50.0000009999997,-0.18044526875019073
-131.36666969399982,50.116667668999696,-9.423844337463379
-131.36666969399982,50.23333433799969,-2.8042190074920654
-131.36666969399982,50.35000100699969,-5.281587600708008
-131.36666969399982,50.46666767599969,-10.523622512817383
-131.36666969399982,50.583334344999685,-13.767881393432617
-131.36666969399982,50.70000101399968,3.1271743774414062
-131.36666969399982,50.81666768299968,-11.942347526550293
-131.36666969399982,50.933334351999676,-14.47189998626709
-131.36666969399982,51.05000102099967,-16.70050048828125
-131.36666969399982,51.16666768999967,-16.922428131103516
-131.36666969399982,51.28333435899967,-29.146150588989258
-131.36666969399982,51.400001027999664,-24.479692459106445
-131.36666969399982,51.51666769699966,-5.565220832824707
-131.36666969399982,51.63333436599966,-2.3778998851776123
-131.36666969399982,51.750001034999656,-27.639596939086914
-131.36666969399982,51.86666770399965,-55.851810455322266
-131.36666969399982,51.98333437299965,-50.32860565185547
-131.36666969399982,52.10000104199965,17.094755172729492
-131.36666969399982,52.216667710999644,87.20489501953125
-131.36666969399982,52.33333437999964,89.85343933105469
-131.36666969399982,52.45000104899964,61.53432083129883
-131.36666969399982,52.566667717999636,29.02722930908203
-131.36666969399982,52.68333438699963,23.36791229248047
-131.36666969399982,52.80000105599963,19.061975479125977
-131.36666969399982,52.91666772499963,12.356597900390625
-131.36666969399982,53.033334393999624,2.614612102508545
-131.36666969399982,53.15000106299962,-2.980005979537964
-131.36666969399982,53.26666773199962,-5.327207565307617
-131.36666969399982,53.383334400999615,-3.5168001651763916
-131.36666969399982,53.50000106999961,-11.933107376098633
-131.36666969399982,53.61666773899961,-13.098770141601562
-131.36666969399982,53.73333440799961,5.992190361022949
-131.36666969399982,53.850001076999604,-12.58759593963623
-131.36666969399982,53.9666677459996,-7.92888069152832
-131.2500030249998,37.983334092999996,-19.939273834228516
-131.2500030249998,38.10000076199999,-22.623668670654297
-131.2500030249998,38.21666743099999,-28.478538513183594
-131.2500030249998,38.33333409999999,-33.24720764160156
-131.2500030249998,38.450000768999985,-32.53299331665039
-131.2500030249998,38.56666743799998,-13.91582202911377
-131.2500030249998,38.68333410699998,-13.054603576660156
-131.2500030249998,38.800000775999976,-24.508197784423828
-131.2500030249998,38.91666744499997,-26.904970169067383
-131.2500030249998,39.03333411399997,-27.453105926513672
-131.2500030249998,39.15000078299997,-26.632001876831055
-131.2500030249998,39.266667451999965,-17.513473510742188
-131.2500030249998,39.38333412099996,-32.35499954223633
-131.2500030249998,39.50000078999996,-33.562007904052734
-131.2500030249998,39.616667458999956,-29.989259719848633
-131.2500030249998,39.73333412799995,-37.39984130859375
-131.2500030249998,39.85000079699995,-42.27720642089844
-131.2500030249998,39.96666746599995,-43.10721969604492
-131.2500030249998,40.083334134999944,-42.99441909790039
-131.2500030249998,40.20000080399994,-32.31114196777344
-131.2500030249998,40.31666747299994,-2.932612657546997
-131.2500030249998,40.433334141999936,-1.6415150165557861
-131.2500030249998,40.55000081099993,-5.692237854003906
-131.2500030249998,40.66666747999993,-2.7956936359405518
-131.2500030249998,40.78333414899993,3.937593698501587
-131.2500030249998,40.900000817999924,-2.4458532333374023
-131.2500030249998,41.01666748699992,-2.9348912239074707
-131.2500030249998,41.13333415599992,-6.349466323852539
-131.2500030249998,41.250000824999915,-4.247394561767578
-131.2500030249998,41.36666749399991,-6.593048095703125
-131.2500030249998,41.48333416299991,-9.15329647064209
-131.2500030249998,41.60000083199991,-10.97037410736084
-131.2500030249998,41.716667500999904,-2.4371559619903564
-131.2500030249998,41.8333341699999,-10.856078147888184
-131.2500030249998,41.9500008389999,-8.080690383911133
-131.2500030249998,42.066667507999895,-10.442750930786133
-131.2500030249998,42.18333417699989,-9.566150665283203
-131.2500030249998,42.30000084599989,-14.02956485748291
-131.2500030249998,42.41666751499989,-12.041424751281738
-131.2500030249998,42.533334183999884,-11.970508575439453
-131.2500030249998,42.65000085299988,-13.411396026611328
-131.2500030249998,42.76666752199988,-12.820777893066406
-131.2500030249998,42.883334190999875,-18.03380012512207
-131.2500030249998,43.00000085999987,-21.684267044067383
-131.2500030249998,43.11666752899987,-22.85641860961914
-131.2500030249998,43.233334197999866,-15.97773551940918
-131.2500030249998,43.35000086699986,-12.642964363098145
-131.2500030249998,43.46666753599986,-8.939075469970703
-131.2500030249998,43.58333420499986,-9.586423873901367
-131.2500030249998,43.700000873999855,-11.723020553588867
-131.2500030249998,43.81666754299985,-11.541510581970215
-131.2500030249998,43.93333421199985,-17.335636138916016
-131.2500030249998,44.050000880999846,-20.347429275512695
-131.2500030249998,44.16666754999984,-24.34316635131836
-131.2500030249998,44.28333421899984,-29.94681167602539
-131.2500030249998,44.40000088799984,-31.860410690307617
-131.2500030249998,44.516667556999835,-28.106538772583008
-131.2500030249998,44.63333422599983,-21.99575424194336
-131.2500030249998,44.75000089499983,-19.6886043548584
-131.2500030249998,44.866667563999826,-15.886303901672363
-131.2500030249998,44.98333423299982,-7.989223480224609
-131.2500030249998,45.10000090199982,-1.4154596328735352
-131.2500030249998,45.21666757099982,2.2216989994049072
-131.2500030249998,45.333334239999814,1.4992365837097168
-131.2500030249998,45.45000090899981,3.035705804824829
-131.2500030249998,45.56666757799981,5.237493515014648
-131.2500030249998,45.683334246999806,2.786304473876953
-131.2500030249998,45.8000009159998,3.360544443130493
-131.2500030249998,45.9166675849998,5.773626327514648
-131.2500030249998,46.0333342539998,4.983159065246582
-131.2500030249998,46.150000922999794,-7.829327583312988
-131.2500030249998,46.26666759199979,-4.750478744506836
-131.2500030249998,46.38333426099979,-7.443769454956055
-131.2500030249998,46.500000929999786,-9.092090606689453
-131.2500030249998,46.61666759899978,17.766386032104492
-131.2500030249998,46.73333426799978,33.08501434326172
-131.2500030249998,46.85000093699978,-21.16495132446289
-131.2500030249998,46.966667605999774,-19.579626083374023
-131.2500030249998,47.08333427499977,-17.544448852539062
-131.2500030249998,47.20000094399977,-19.131013870239258
-131.2500030249998,47.316667612999765,-13.215994834899902
-131.2500030249998,47.43333428199976,9.387085914611816
-131.2500030249998,47.55000095099976,-6.8836259841918945
-131.2500030249998,47.66666761999976,-2.6838886737823486
-131.2500030249998,47.783334288999754,-8.590651512145996
-131.2500030249998,47.90000095799975,-8.482561111450195
-131.2500030249998,48.01666762699975,-9.530122756958008
-131.2500030249998,48.133334295999745,-8.088069915771484
-131.2500030249998,48.25000096499974,-10.977934837341309
-131.2500030249998,48.36666763399974,1.246298909187317
-131.2500030249998,48.48333430299974,1.3285871744155884
-131.2500030249998,48.600000971999734,-9.586928367614746
-131.2500030249998,48.71666764099973,-16.316110610961914
-131.2500030249998,48.83333430999973,-14.037113189697266
-131.2500030249998,48.950000978999725,-19.903640747070312
-131.2500030249998,49.06666764799972,-25.417556762695312
-131.2500030249998,49.18333431699972,-10.844111442565918
-131.2500030249998,49.300000985999716,7.964882850646973
-131.2500030249998,49.41666765499971,-9.040994644165039
-131.2500030249998,49.53333432399971,-10.16661548614502
-131.2500030249998,49.65000099299971,-12.672558784484863
-131.2500030249998,49.766667661999705,-13.36386489868164
-131.2500030249998,49.8833343309997,-11.622791290283203
-131.2500030249998,50.0000009999997,-4.787752151489258
-131.2500030249998,50.116667668999696,-16.42804527282715
-131.2500030249998,50.23333433799969,-15.517905235290527
-131.2500030249998,50.35000100699969,-13.297476768493652
-131.2500030249998,50.46666767599969,-18.42264747619629
-131.2500030249998,50.583334344999685,-14.064117431640625
-131.2500030249998,50.70000101399968,12.64186954498291
-131.2500030249998,50.81666768299968,-11.716976165771484
-131.2500030249998,50.933334351999676,-16.067794799804688
-131.2500030249998,51.05000102099967,-19.041730880737305
-131.2500030249998,51.16666768999967,-24.85865020751953
-131.2500030249998,51.28333435899967,-32.98574447631836
-131.2500030249998,51.400001027999664,-20.956750869750977
-131.2500030249998,51.51666769699966,-7.321101188659668
-131.2500030249998,51.63333436599966,-21.339378356933594
-131.2500030249998,51.750001034999656,-45.89249038696289
-131.2500030249998,51.86666770399965,-71.4481201171875
-131.2500030249998,51.98333437299965,-1.3944875001907349
-131.2500030249998,52.10000104199965,75.06450653076172
-131.2500030249998,52.216667710999644,93.38337707519531
-131.2500030249998,52.33333437999964,64.8100814819336
-131.2500030249998,52.45000104899964,41.87458801269531
-131.2500030249998,52.566667717999636,23.803730010986328
-131.2500030249998,52.68333438699963,2.035385847091675
-131.2500030249998,52.80000105599963,4.581291198730469
-131.2500030249998,52.91666772499963,14.085368156433105
-131.2500030249998,53.033334393999624,-2.401703119277954
-131.2500030249998,53.15000106299962,0.5992037057876587
-131.2500030249998,53.26666773199962,5.0336198806762695
-131.2500030249998,53.383334400999615,-8.010812759399414
-131.2500030249998,53.50000106999961,-35.22576904296875
-131.2500030249998,53.61666773899961,-18.097814559936523
-131.2500030249998,53.73333440799961,-13.931160926818848
-131.2500030249998,53.850001076999604,-11.273687362670898
-131.2500030249998,53.9666677459996,-4.107551574707031
-131.1333363559998,37.983334092999996,-21.938486099243164
-131.1333363559998,38.10000076199999,-23.485824584960938
-131.1333363559998,38.21666743099999,-26.510114669799805
-131.1333363559998,38.33333409999999,-33.342926025390625
-131.1333363559998,38.450000768999985,-32.43496322631836
-131.1333363559998,38.56666743799998,-17.721040725708008
-131.1333363559998,38.68333410699998,-16.74907875061035
-131.1333363559998,38.800000775999976,-25.494583129882812
-131.1333363559998,38.91666744499997,-18.30927848815918
-131.1333363559998,39.03333411399997,-0.49876025319099426
-131.1333363559998,39.15000078299997,-18.38742446899414
-131.1333363559998,39.266667451999965,-28.348447799682617
-131.1333363559998,39.38333412099996,-31.85643768310547
-131.1333363559998,39.50000078999996,-31.056926727294922
-131.1333363559998,39.616667458999956,-33.6099853515625
-131.1333363559998,39.73333412799995,-35.50722885131836
-131.1333363559998,39.85000079699995,-44.2195930480957
-131.1333363559998,39.96666746599995,-45.169044494628906
-131.1333363559998,40.083334134999944,-41.29077911376953
-131.1333363559998,40.20000080399994,-36.96410369873047
-131.1333363559998,40.31666747299994,-3.399465560913086
-131.1333363559998,40.433334141999936,1.101021647453308
-131.1333363559998,40.55000081099993,-7.69857120513916
-131.1333363559998,40.66666747999993,-6.342159271240234
-131.1333363559998,40.78333414899993,-1.958596110343933
-131.1333363559998,40.900000817999924,-2.2580294609069824
-131.1333363559998,41.01666748699992,-3.710310935974121
-131.1333363559998,41.13333415599992,-5.784112930297852
-131.1333363559998,41.250000824999915,8.244816780090332
-131.1333363559998,41.36666749399991,-4.830020904541016
-131.1333363559998,41.48333416299991,-1.4416935443878174
-131.1333363559998,41.60000083199991,-14.425339698791504
-131.1333363559998,41.716667500999904,-13.475615501403809
-131.1333363559998,41.8333341699999,-7.054766654968262
-131.1333363559998,41.9500008389999,-4.984312057495117
-131.1333363559998,42.066667507999895,-9.563558578491211
-131.1333363559998,42.18333417699989,-11.852450370788574
-131.1333363559998,42.30000084599989,-16.25445556640625
-131.1333363559998,42.41666751499989,-10.54438304901123
-131.1333363559998,42.533334183999884,-9.983851432800293
-131.1333363559998,42.65000085299988,-12.709444046020508
-131.1333363559998,42.76666752199988,-13.95508861541748
-131.1333363559998,42.883334190999875,-16.40030860900879
-131.1333363559998,43.00000085999987,-20.498106002807617
-131.1333363559998,43.11666752899987,-21.58588409423828
-131.1333363559998,43.233334197999866,-15.483353614807129
-131.1333363559998,43.35000086699986,-9.082308769226074
-131.1333363559998,43.46666753599986,-8.793183326721191
-131.1333363559998,43.58333420499986,-10.944068908691406
-131.1333363559998,43.700000873999855,-13.067367553710938
-131.1333363559998,43.81666754299985,-15.806214332580566
-131.1333363559998,43.93333421199985,-14.151165962219238
-131.1333363559998,44.050000880999846,-17.260452270507812
-131.1333363559998,44.16666754999984,-24.03179359436035
-131.1333363559998,44.28333421899984,-27.724824905395508
-131.1333363559998,44.40000088799984,-24.542539596557617
-131.1333363559998,44.516667556999835,-14.894964218139648
-131.1333363559998,44.63333422599983,-10.307866096496582
-131.1333363559998,44.75000089499983,-6.494569778442383
-131.1333363559998,44.866667563999826,-2.621232271194458
-131.1333363559998,44.98333423299982,0.253110408782959
-131.1333363559998,45.10000090199982,4.422907829284668
-131.1333363559998,45.21666757099982,2.792954921722412
-131.1333363559998,45.333334239999814,1.7746102809906006
-131.1333363559998,45.45000090899981,0.9506361484527588
-131.1333363559998,45.56666757799981,2.0286529064178467
-131.1333363559998,45.683334246999806,2.185187816619873
-131.1333363559998,45.8000009159998,2.1354117393493652
-131.1333363559998,45.9166675849998,-0.7253596782684326
-131.1333363559998,46.0333342539998,-5.578807830810547
-131.1333363559998,46.150000922999794,-7.03253173828125
-131.1333363559998,46.26666759199979,-11.850775718688965
-131.1333363559998,46.38333426099979,-10.326687812805176
-131.1333363559998,46.500000929999786,-4.081136703491211
-131.1333363559998,46.61666759899978,-3.701450824737549
-131.1333363559998,46.73333426799978,-4.786094665527344
-131.1333363559998,46.85000093699978,-21.229463577270508
-131.1333363559998,46.966667605999774,-23.66259002685547
-131.1333363559998,47.08333427499977,-18.845958709716797
-131.1333363559998,47.20000094399977,-13.948410987854004
-131.1333363559998,47.316667612999765,-7.216978073120117
-131.1333363559998,47.43333428199976,-0.8768274784088135
-131.1333363559998,47.55000095099976,-5.933707237243652
-131.1333363559998,47.66666761999976,-3.4728879928588867
-131.1333363559998,47.783334288999754,-5.9894914627075195
-131.1333363559998,47.90000095799975,-6.768977165222168
-131.1333363559998,48.01666762699975,-9.321504592895508
-131.1333363559998,48.133334295999745,-7.27060604095459
-131.1333363559998,48.25000096499974,-8.767321586608887
-131.1333363559998,48.36666763399974,1.8563499450683594
-131.1333363559998,48.48333430299974,-5.754976272583008
-131.1333363559998,48.600000971999734,-1.6653878688812256
-131.1333363559998,48.71666764099973,-17.40593719482422
-131.1333363559998,48.83333430999973,-20.390424728393555
-131.1333363559998,48.950000978999725,-13.081231117248535
-131.1333363559998,49.06666764799972,3.006838083267212
-131.1333363559998,49.18333431699972,22.055877685546875
-131.1333363559998,49.300000985999716,12.039173126220703
-131.1333363559998,49.41666765499971,-6.001981735229492
-131.1333363559998,49.53333432399971,-10.4448823928833
-131.1333363559998,49.65000099299971,-11.033900260925293
-131.1333363559998,49.766667661999705,-9.255685806274414
-131.1333363559998,49.8833343309997,-14.107336044311523
-131.1333363559998,50.0000009999997,-19.312578201293945
-131.1333363559998,50.116667668999696,-18.577852249145508
-131.1333363559998,50.23333433799969,-20.50630760192871
-131.1333363559998,50.35000100699969,-19.57410430908203
-131.1333363559998,50.46666767599969,-18.413116455078125
-131.1333363559998,50.583334344999685,4.914957046508789
-131.1333363559998,50.70000101399968,-5.360367774963379
-131.1333363559998,50.81666768299968,-16.617473602294922
-131.1333363559998,50.933334351999676,-20.18191146850586
-131.1333363559998,51.05000102099967,-27.47252082824707
-131.1333363559998,51.16666768999967,-32.60653305053711
-131.1333363559998,51.28333435899967,-24.69805335998535
-131.1333363559998,51.400001027999664,-14.368673324584961
-131.1333363559998,51.51666769699966,-9.186134338378906
-131.1333363559998,51.63333436599966,-41.281349182128906
-131.1333363559998,51.750001034999656,-76.765625
-131.1333363559998,51.86666770399965,-53.25590515136719
-131.1333363559998,51.98333437299965,63.439090728759766
-131.1333363559998,52.10000104199965,96.1761703491211
-131.1333363559998,52.216667710999644,79.680908203125
-131.1333363559998,52.33333437999964,53.50694274902344
-131.1333363559998,52.45000104899964,35.333980560302734
-131.1333363559998,52.566667717999636,14.157477378845215
-131.1333363559998,52.68333438699963,8.153214454650879
-131.1333363559998,52.80000105599963,10.077547073364258
-131.1333363559998,52.91666772499963,0.8769702911376953
-131.1333363559998,53.033334393999624,-4.649116516113281
-131.1333363559998,53.15000106299962,2.823481798171997
-131.1333363559998,53.26666773199962,3.933913469314575
-131.1333363559998,53.383334400999615,-25.46588134765625
-131.1333363559998,53.50000106999961,-30.518705368041992
-131.1333363559998,53.61666773899961,-35.58155822753906
-131.1333363559998,53.73333440799961,-25.95245361328125
-131.1333363559998,53.850001076999604,3.080335855484009
-131.1333363559998,53.9666677459996,-20.0504150390625
-131.0166696869998,37.983334092999996,-21.733407974243164
-131.0166696869998,38.10000076199999,-22.00300407409668
-131.0166696869998,38.21666743099999,-26.80133056640625
-131.0166696869998,38.33333409999999,-33.29457473754883
-131.0166696869998,38.450000768999985,-38.08536148071289
-131.0166696869998,38.56666743799998,-27.325210571289062
-131.0166696869998,38.68333410699998,-20.499496459960938
-131.0166696869998,38.800000775999976,-17.797868728637695
-131.0166696869998,38.91666744499997,14.088098526000977
-131.0166696869998,39.03333411399997,17.066917419433594
-131.0166696869998,39.15000078299997,-23.274240493774414
-131.0166696869998,39.266667451999965,-22.695064544677734
-131.0166696869998,39.38333412099996,-26.80939483642578
-131.0166696869998,39.50000078999996,-25.804584503173828
-131.0166696869998,39.616667458999956,-31.858976364135742
-131.0166696869998,39.73333412799995,-36.18361282348633
-131.0166696869998,39.85000079699995,-40.666297912597656
-131.0166696869998,39.96666746599995,-50.1023063659668
-131.0166696869998,40.083334134999944,-51.09501647949219
-131.0166696869998,40.20000080399994,-38.54302215576172
-131.0166696869998,40.31666747299994,-7.464646339416504
-131.0166696869998,40.433334141999936,5.696775436401367
-131.0166696869998,40.55000081099993,-4.700335502624512
-131.0166696869998,40.66666747999993,-2.2954699993133545
-131.0166696869998,40.78333414899993,-3.0639266967773438
-131.0166696869998,40.900000817999924,-0.25498533248901367
-131.0166696869998,41.01666748699992,-3.019329071044922
-131.0166696869998,41.13333415599992,-8.302947998046875
-131.0166696869998,41.250000824999915,14.67941665649414
-131.0166696869998,41.36666749399991,3.8803837299346924
-131.0166696869998,41.48333416299991,6.567770957946777
-131.0166696869998,41.60000083199991,-7.691865921020508
-131.0166696869998,41.716667500999904,-6.910984992980957
-131.0166696869998,41.8333341699999,-5.761516571044922
-131.0166696869998,41.9500008389999,-4.66825008392334
-131.0166696869998,42.066667507999895,-7.647952079772949
-131.0166696869998,42.18333417699989,-10.717214584350586
-131.0166696869998,42.30000084599989,-10.612361907958984
-131.0166696869998,42.41666751499989,-12.517401695251465
-131.0166696869998,42.533334183999884,-9.82256031036377
-131.0166696869998,42.65000085299988,-11.795496940612793
-131.0166696869998,42.76666752199988,-13.965142250061035
-131.0166696869998,42.883334190999875,-15.753040313720703
-131.0166696869998,43.00000085999987,-20.30460548400879
-131.0166696869998,43.11666752899987,-21.996702194213867
-131.0166696869998,43.233334197999866,-15.795757293701172
-131.0166696869998,43.35000086699986,-11.124485969543457
-131.0166696869998,43.46666753599986,-6.653416633605957
-131.0166696869998,43.58333420499986,-8.241108894348145
-131.0166696869998,43.700000873999855,-13.05982494354248
-131.0166696869998,43.81666754299985,-13.048649787902832
-131.0166696869998,43.93333421199985,-13.568024635314941
-131.0166696869998,44.050000880999846,-17.977733612060547
-131.0166696869998,44.16666754999984,-18.277788162231445
-131.0166696869998,44.28333421899984,-15.835617065429688
-131.0166696869998,44.40000088799984,-13.937273979187012
-131.0166696869998,44.516667556999835,-10.855281829833984
-131.0166696869998,44.63333422599983,-5.8408355712890625
-131.0166696869998,44.75000089499983,2.4972851276397705
-131.0166696869998,44.866667563999826,-0.6924170255661011
-131.0166696869998,44.98333423299982,0.5544335842132568
-131.0166696869998,45.10000090199982,1.9150335788726807
-131.0166696869998,45.21666757099982,-0.15882077813148499
-131.0166696869998,45.333334239999814,-1.221815824508667
-131.0166696869998,45.45000090899981,-1.3242969512939453
-131.0166696869998,45.56666757799981,8.127023696899414
-131.0166696869998,45.683334246999806,1.8972468376159668
-131.0166696869998,45.8000009159998,-5.271511077880859
-131.0166696869998,45.9166675849998,-5.914384841918945
-131.0166696869998,46.0333342539998,-6.824963569641113
-131.0166696869998,46.150000922999794,-11.069175720214844
-131.0166696869998,46.26666759199979,-20.498233795166016
-131.0166696869998,46.38333426099979,-15.05140209197998
-131.0166696869998,46.500000929999786,32.325016021728516
-131.0166696869998,46.61666759899978,2.5866072177886963
-131.0166696869998,46.73333426799978,7.230358123779297
-131.0166696869998,46.85000093699978,-16.84416961669922
-131.0166696869998,46.966667605999774,-24.552682876586914
-131.0166696869998,47.08333427499977,-20.03485870361328
-131.0166696869998,47.20000094399977,-12.571966171264648
-131.0166696869998,47.316667612999765,-8.940707206726074
-131.0166696869998,47.43333428199976,-8.607608795166016
-131.0166696869998,47.55000095099976,-8.296719551086426
-131.0166696869998,47.66666761999976,-6.3245649337768555
-131.0166696869998,47.783334288999754,-7.08027458190918
-131.0166696869998,47.90000095799975,-10.179431915283203
-131.0166696869998,48.01666762699975,-10.06178092956543
-131.0166696869998,48.133334295999745,-8.584561347961426
-131.0166696869998,48.25000096499974,-0.31697896122932434
-131.0166696869998,48.36666763399974,-2.3508384227752686
-131.0166696869998,48.48333430299974,-2.896926164627075
-131.0166696869998,48.600000971999734,-14.306509017944336
-131.0166696869998,48.71666764099973,-24.39447021484375
-131.0166696869998,48.83333430999973,-17.282962799072266
-131.0166696869998,48.950000978999725,10.601287841796875
-131.0166696869998,49.06666764799972,40.379703521728516
-131.0166696869998,49.18333431699972,34.685855865478516
-131.0166696869998,49.300000985999716,13.287067413330078
-131.0166696869998,49.41666765499971,-8.437605857849121
-131.0166696869998,49.53333432399971,-11.427849769592285
-131.0166696869998,49.65000099299971,-10.938349723815918
-131.0166696869998,49.766667661999705,-13.109136581420898
-131.0166696869998,49.8833343309997,-7.3673295974731445
-131.0166696869998,50.0000009999997,4.19625186920166
-131.0166696869998,50.116667668999696,-5.988890647888184
-131.0166696869998,50.23333433799969,-14.16318130493164
-131.0166696869998,50.35000100699969,-19.2792911529541
-131.0166696869998,50.46666767599969,-8.247244834899902
-131.0166696869998,50.583334344999685,-10.613253593444824
-131.0166696869998,50.70000101399968,-2.894367218017578
-131.0166696869998,50.81666768299968,-12.11337947845459
-131.0166696869998,50.933334351999676,-25.59107780456543
-131.0166696869998,51.05000102099967,-27.52260971069336
-131.0166696869998,51.16666768999967,-26.414640426635742
-131.0166696869998,51.28333435899967,-7.108880043029785
-131.0166696869998,51.400001027999664,-4.632977485656738
-131.0166696869998,51.51666769699966,-5.1556291580200195
-131.0166696869998,51.63333436599966,-47.26796340942383
-131.0166696869998,51.750001034999656,-68.1810073852539
-131.0166696869998,51.86666770399965,53.42894744873047
-131.0166696869998,51.98333437299965,98.88890075683594
-131.0166696869998,52.10000104199965,85.53087615966797
-131.0166696869998,52.216667710999644,59.82441329956055
-131.0166696869998,52.33333437999964,44.43086242675781
-131.0166696869998,52.45000104899964,37.6512336730957
-131.0166696869998,52.566667717999636,12.059244155883789
-131.0166696869998,52.68333438699963,8.014961242675781
-131.0166696869998,52.80000105599963,11.670232772827148
-131.0166696869998,52.91666772499963,-11.927806854248047
-131.0166696869998,53.033334393999624,-20.632444381713867
-131.0166696869998,53.15000106299962,-11.010257720947266
-131.0166696869998,53.26666773199962,-13.563887596130371
-131.0166696869998,53.383334400999615,-27.402376174926758
-131.0166696869998,53.50000106999961,-19.767913818359375
-131.0166696869998,53.61666773899961,-20.81939697265625
-131.0166696869998,53.73333440799961,4.18375301361084
-131.0166696869998,53.850001076999604,10.346174240112305
-131.0166696869998,53.9666677459996,-23.693897247314453
-130.90000301799978,37.983334092999996,-21.187599182128906
-130.90000301799978,38.10000076199999,-21.9862060546875
-130.90000301799978,38.21666743099999,-26.02535629272461
-130.90000301799978,38.33333409999999,-34.985618591308594
-130.90000301799978,38.450000768999985,-40.41783142089844
-130.90000301799978,38.56666743799998,-29.231830596923828
-130.90000301799978,38.68333410699998,-21.02841567993164
-130.90000301799978,38.800000775999976,-14.804085731506348
-130.90000301799978,38.91666744499997,-9.28538990020752
-130.90000301799978,39.03333411399997,-14.83425521850586
-130.90000301799978,39.15000078299997,-23.740459442138672
-130.90000301799978,39.266667451999965,-20.932903289794922
-130.90000301799978,39.38333412099996,-22.087818145751953
-130.90000301799978,39.50000078999996,-26.94612693786621
-130.90000301799978,39.616667458999956,-31.947263717651367
-130.90000301799978,39.73333412799995,-36.953922271728516
-130.90000301799978,39.85000079699995,-40.572208404541016
-130.90000301799978,39.96666746599995,-50.29704284667969
-130.90000301799978,40.083334134999944,-48.07061004638672
-130.90000301799978,40.20000080399994,-40.980979919433594
-130.90000301799978,40.31666747299994,-2.9982054233551025
-130.90000301799978,40.433334141999936,9.287711143493652
-130.90000301799978,40.55000081099993,-3.742202043533325
-130.90000301799978,40.66666747999993,-9.078629493713379
-130.90000301799978,40.78333414899993,-2.3034236431121826
-130.90000301799978,40.900000817999924,2.932910919189453
-130.90000301799978,41.01666748699992,-5.311989784240723
-130.90000301799978,41.13333415599992,9.861251831054688
-130.90000301799978,41.250000824999915,7.7233991622924805
-130.90000301799978,41.36666749399991,13.155834197998047
-130.90000301799978,41.48333416299991,-6.777048110961914
-130.90000301799978,41.60000083199991,-5.0392608642578125
-130.90000301799978,41.716667500999904,-0.19002485275268555
-130.90000301799978,41.8333341699999,-1.8069437742233276
-130.90000301799978,41.9500008389999,-4.906420707702637
-130.90000301799978,42.066667507999895,-8.548554420471191
-130.90000301799978,42.18333417699989,-4.816256523132324
-130.90000301799978,42.30000084599989,-4.86651611328125
-130.90000301799978,42.41666751499989,-10.027325630187988
-130.90000301799978,42.533334183999884,-12.387789726257324
-130.90000301799978,42.65000085299988,-9.707006454467773
-130.90000301799978,42.76666752199988,-13.255112648010254
-130.90000301799978,42.883334190999875,-15.675803184509277
-130.90000301799978,43.00000085999987,-19.325279235839844
-130.90000301799978,43.11666752899987,-24.349119186401367
-130.90000301799978,43.233334197999866,-14.143803596496582
-130.90000301799978,43.35000086699986,-9.399864196777344
-130.90000301799978,43.46666753599986,-7.331304550170898
-130.90000301799978,43.58333420499986,-6.124760627746582
-130.90000301799978,43.700000873999855,-9.738790512084961
-130.90000301799978,43.81666754299985,-11.755060195922852
-130.90000301799978,43.93333421199985,-18.968917846679688
-130.90000301799978,44.050000880999846,-19.4970645904541
-130.90000301799978,44.16666754999984,-20.083202362060547
-130.90000301799978,44.28333421899984,-20.99740219116211
-130.90000301799978,44.40000088799984,-17.160818099975586
-130.90000301799978,44.516667556999835,-0.5072596669197083
-130.90000301799978,44.63333422599983,-0.4813764691352844
-130.90000301799978,44.75000089499983,-0.056935206055641174
-130.90000301799978,44.866667563999826,-2.7391505241394043
-130.90000301799978,44.98333423299982,-1.888908863067627
-130.90000301799978,45.10000090199982,-2.146388530731201
-130.90000301799978,45.21666757099982,-5.378046989440918
-130.90000301799978,45.333334239999814,-4.107083320617676
-130.90000301799978,45.45000090899981,-1.1121320724487305
-130.90000301799978,45.56666757799981,1.632546305656433
-130.90000301799978,45.683334246999806,4.838190078735352
-130.90000301799978,45.8000009159998,-9.038622856140137
-130.90000301799978,45.9166675849998,-9.982206344604492
-130.90000301799978,46.0333342539998,-13.500203132629395
-130.90000301799978,46.150000922999794,-22.950326919555664
-130.90000301799978,46.26666759199979,-30.94856834411621
-130.90000301799978,46.38333426099979,-24.267391204833984
-130.90000301799978,46.500000929999786,31.353185653686523
-130.90000301799978,46.61666759899978,11.179675102233887
-130.90000301799978,46.73333426799978,81.510986328125
-130.90000301799978,46.85000093699978,16.985214233398438
-130.90000301799978,46.966667605999774,-20.23688316345215
-130.90000301799978,47.08333427499977,-14.395036697387695
-130.90000301799978,47.20000094399977,-11.198826789855957
-130.90000301799978,47.316667612999765,-5.008776664733887
-130.90000301799978,47.43333428199976,-5.731956481933594
-130.90000301799978,47.55000095099976,-6.16013240814209
-130.90000301799978,47.66666761999976,-3.4409096240997314
-130.90000301799978,47.783334288999754,-9.027730941772461
-130.90000301799978,47.90000095799975,-6.947418212890625
-130.90000301799978,48.01666762699975,-9.270652770996094
-130.90000301799978,48.133334295999745,-10.116497039794922
-130.90000301799978,48.25000096499974,-2.8827714920043945
-130.90000301799978,48.36666763399974,-9.064807891845703
-130.90000301799978,48.48333430299974,0.04869028925895691
-130.90000301799978,48.600000971999734,-16.78050994873047
-130.90000301799978,48.71666764099973,-28.42580795288086
-130.90000301799978,48.83333430999973,-20.321104049682617
-130.90000301799978,48.950000978999725,19.44662094116211
-130.90000301799978,49.06666764799972,38.26466751098633
-130.90000301799978,49.18333431699972,24.810556411743164
-130.90000301799978,49.300000985999716,4.162271499633789
-130.90000301799978,49.41666765499971,-5.325501441955566
-130.90000301799978,49.53333432399971,-11.805070877075195
-130.90000301799978,49.65000099299971,-9.847433090209961
-130.90000301799978,49.766667661999705,-9.808992385864258
-130.90000301799978,49.8833343309997,4.418401718139648
-130.90000301799978,50.0000009999997,10.176130294799805
-130.90000301799978,50.116667668999696,-9.348559379577637
-130.90000301799978,50.23333433799969,-6.754217147827148
-130.90000301799978,50.35000100699969,-10.73650074005127
-130.90000301799978,50.46666767599969,-13.109207153320312
-130.90000301799978,50.583334344999685,-20.30074691772461
-130.90000301799978,50.70000101399968,41.67153549194336
-130.90000301799978,50.81666768299968,3.2116498947143555
-130.90000301799978,50.933334351999676,-33.55132293701172
-130.90000301799978,51.05000102099967,-28.50025749206543
-130.90000301799978,51.16666768999967,-11.334365844726562
-130.90000301799978,51.28333435899967,-0.2976152002811432
-130.90000301799978,51.400001027999664,-6.595358848571777
-130.90000301799978,51.51666769699966,-18.43317413330078
-130.90000301799978,51.63333436599966,-37.2989616394043
-130.90000301799978,51.750001034999656,10.921606063842773
-130.90000301799978,51.86666770399965,79.91670989990234
-130.90000301799978,51.98333437299965,38.84502410888672
-130.90000301799978,52.10000104199965,36.37849044799805
-130.90000301799978,52.216667710999644,26.464279174804688
-130.90000301799978,52.33333437999964,26.918813705444336
-130.90000301799978,52.45000104899964,32.670570373535156
-130.90000301799978,52.566667717999636,18.358566284179688
-130.90000301799978,52.68333438699963,-3.367861747741699
-130.90000301799978,52.80000105599963,9.53010082244873
-130.90000301799978,52.91666772499963,-14.776735305786133
-130.90000301799978,53.033334393999624,-21.623308181762695
-130.90000301799978,53.15000106299962,-8.172285079956055
-130.90000301799978,53.26666773199962,-16.2044677734375
-130.90000301799978,53.383334400999615,-20.522871017456055
-130.90000301799978,53.50000106999961,-12.37838363647461
-130.90000301799978,53.61666773899961,25.837034225463867
-130.90000301799978,53.73333440799961,24.35968017578125
-130.90000301799978,53.850001076999604,-16.766592025756836
-130.90000301799978,53.9666677459996,-2.5740318298339844
-130.78333634899977,37.983334092999996,-20.313873291015625
-130.78333634899977,38.10000076199999,-24.03084945678711
-130.78333634899977,38.21666743099999,-28.464824676513672
-130.78333634899977,38.33333409999999,-37.888816833496094
-130.78333634899977,38.450000768999985,-45.79619598388672
-130.78333634899977,38.56666743799998,-30.83112907409668
-130.78333634899977,38.68333410699998,-20.07275390625
-130.78333634899977,38.800000775999976,-18.571176528930664
-130.78333634899977,38.91666744499997,-15.216872215270996
-130.78333634899977,39.03333411399997,-17.05557632446289
-130.78333634899977,39.15000078299997,-20.835474014282227
-130.78333634899977,39.266667451999965,-17.56578826904297
-130.78333634899977,39.38333412099996,-19.0495548248291
-130.78333634899977,39.50000078999996,-25.09701156616211
-130.78333634899977,39.616667458999956,-29.41738510131836
-130.78333634899977,39.73333412799995,-34.002586364746094
-130.78333634899977,39.85000079699995,-38.483482360839844
-130.78333634899977,39.96666746599995,-50.797821044921875
-130.78333634899977,40.083334134999944,-47.977596282958984
-130.78333634899977,40.20000080399994,-44.8110237121582
-130.78333634899977,40.31666747299994,-10.187492370605469
-130.78333634899977,40.433334141999936,7.418320655822754
-130.78333634899977,40.55000081099993,-6.383286476135254
-130.78333634899977,40.66666747999993,-10.302654266357422
-130.78333634899977,40.78333414899993,-8.699807167053223
-130.78333634899977,40.900000817999924,-3.740788221359253
-130.78333634899977,41.01666748699992,-6.091365814208984
-130.78333634899977,41.13333415599992,35.227352142333984
-130.78333634899977,41.250000824999915,3.9180386066436768
-130.78333634899977,41.36666749399991,6.929055213928223
-130.78333634899977,41.48333416299991,-4.014025688171387
-130.78333634899977,41.60000083199991,-3.9827728271484375
-130.78333634899977,41.716667500999904,-3.8699963092803955
-130.78333634899977,41.8333341699999,-1.528265357017517
-130.78333634899977,41.9500008389999,-3.6585984230041504
-130.78333634899977,42.066667507999895,-8.269554138183594
-130.78333634899977,42.18333417699989,-6.74562931060791
-130.78333634899977,42.30000084599989,-8.187469482421875
-130.78333634899977,42.41666751499989,-7.152063369750977
-130.78333634899977,42.533334183999884,-6.930419921875
-130.78333634899977,42.65000085299988,-9.515361785888672
-130.78333634899977,42.76666752199988,-13.086216926574707
-130.78333634899977,42.883334190999875,-19.284679412841797
-130.78333634899977,43.00000085999987,-17.95438575744629
-130.78333634899977,43.11666752899987,-22.01726531982422
-130.78333634899977,43.233334197999866,-17.1907958984375
-130.78333634899977,43.35000086699986,-9.2291841506958
-130.78333634899977,43.46666753599986,-6.265252113342285
-130.78333634899977,43.58333420499986,-3.4624545574188232
-130.78333634899977,43.700000873999855,-7.322052955627441
-130.78333634899977,43.81666754299985,-17.53398323059082
-130.78333634899977,43.93333421199985,-23.843313217163086
-130.78333634899977,44.050000880999846,-17.943050384521484
-130.78333634899977,44.16666754999984,-11.21417236328125
-130.78333634899977,44.28333421899984,-15.456849098205566
-130.78333634899977,44.40000088799984,-0.7733295559883118
-130.78333634899977,44.516667556999835,7.230410575866699
-130.78333634899977,44.63333422599983,4.116728782653809
-130.78333634899977,44.75000089499983,-1.9818898439407349
-130.78333634899977,44.866667563999826,-2.9741523265838623
-130.78333634899977,44.98333423299982,-5.272071838378906
-130.78333634899977,45.10000090199982,-5.012073516845703
-130.78333634899977,45.21666757099982,-5.146511077880859
-130.78333634899977,45.333334239999814,-1.177142858505249
-130.78333634899977,45.45000090899981,-5.026252746582031
-130.78333634899977,45.56666757799981,-4.055289268493652
-130.78333634899977,45.683334246999806,3.2147810459136963
-130.78333634899977,45.8000009159998,-12.156389236450195
-130.78333634899977,45.9166675849998,-11.226625442504883
-130.78333634899977,46.0333342539998,-20.294742584228516
-130.78333634899977,46.150000922999794,-25.48955535888672
-130.78333634899977,46.26666759199979,-34.551422119140625
-130.78333634899977,46.38333426099979,-23.872161865234375
-130.78333634899977,46.500000929999786,-6.918510437011719
-130.78333634899977,46.61666759899978,2.630706310272217
-130.78333634899977,46.73333426799978,118.36146545410156
-130.78333634899977,46.85000093699978,46.323219299316406
-130.78333634899977,46.966667605999774,-15.579968452453613
-130.78333634899977,47.08333427499977,-12.171562194824219
-130.78333634899977,47.20000094399977,-9.933355331420898
-130.78333634899977,47.316667612999765,-2.9825856685638428
-130.78333634899977,47.43333428199976,-4.256816387176514
-130.78333634899977,47.55000095099976,-8.320830345153809
-130.78333634899977,47.66666761999976,-9.931077003479004
-130.78333634899977,47.783334288999754,-6.76485538482666
-130.78333634899977,47.90000095799975,-10.736672401428223
-130.78333634899977,48.01666762699975,-10.894745826721191
-130.78333634899977,48.133334295999745,-11.0062894821167
-130.78333634899977,48.25000096499974,-10.080028533935547
-130.78333634899977,48.36666763399974,-4.956076622009277
-130.78333634899977,48.48333430299974,0.5955734848976135
-130.78333634899977,48.600000971999734,-13.693613052368164
-130.78333634899977,48.71666764099973,-41.97660446166992
-130.78333634899977,48.83333430999973,-40.49088668823242
-130.78333634899977,48.950000978999725,-14.641763687133789
-130.78333634899977,49.06666764799972,0.877787709236145
-130.78333634899977,49.18333431699972,4.407486915588379
-130.78333634899977,49.300000985999716,-1.2289714813232422
-130.78333634899977,49.41666765499971,-5.917050361633301
-130.78333634899977,49.53333432399971,-5.203845977783203
-130.78333634899977,49.65000099299971,0.9378037452697754
-130.78333634899977,49.766667661999705,0.7188708782196045
-130.78333634899977,49.8833343309997,0.017968952655792236
-130.78333634899977,50.0000009999997,-5.2355499267578125
-130.78333634899977,50.116667668999696,-9.917740821838379
-130.78333634899977,50.23333433799969,-8.03123664855957
-130.78333634899977,50.35000100699969,-5.257694244384766
-130.78333634899977,50.46666767599969,-15.407999038696289
-130.78333634899977,50.583334344999685,18.80345916748047
-130.78333634899977,50.70000101399968,10.000937461853027
-130.78333634899977,50.81666768299968,-7.836226463317871
-130.78333634899977,50.933334351999676,-25.973642349243164
-130.78333634899977,51.05000102099967,-16.454933166503906
-130.78333634899977,51.16666768999967,3.3856008052825928
-130.78333634899977,51.28333435899967,-6.7580366134643555
-130.78333634899977,51.400001027999664,-16.25857162475586
-130.78333634899977,51.51666769699966,-31.43465232849121
-130.78333634899977,51.63333436599966,9.559608459472656
-130.78333634899977,51.750001034999656,55.404232025146484
-130.78333634899977,51.86666770399965,44.77584457397461
-130.78333634899977,51.98333437299965,25.056922912597656
-130.78333634899977,52.10000104199965,-2.5470855236053467
-130.78333634899977,52.216667710999644,12.192354202270508
-130.78333634899977,52.33333437999964,3.500121831893921
-130.78333634899977,52.45000104899964,-8.533452987670898
-130.78333634899977,52.566667717999636,31.64310646057129
-130.78333634899977,52.68333438699963,9.028261184692383
-130.78333634899977,52.80000105599963,6.8061933517456055
-130.78333634899977,52.91666772499963,-9.880067825317383
-130.78333634899977,53.033334393999624,-13.461231231689453
-130.78333634899977,53.15000106299962,9.988090515136719
-130.78333634899977,53.26666773199962,-23.930418014526367
-130.78333634899977,53.383334400999615,-8.762916564941406
-130.78333634899977,53.50000106999961,-20.12018585205078
-130.78333634899977,53.61666773899961,26.02727508544922
-130.78333634899977,53.73333440799961,1.9628396034240723
-130.78333634899977,53.850001076999604,-21.957256317138672
-130.78333634899977,53.9666677459996,2.5778348445892334
-130.66666967999976,37.983334092999996,-19.530061721801758
-130.66666967999976,38.10000076199999,-20.9062557220459
-130.66666967999976,38.21666743099999,-26.94977378845215
-130.66666967999976,38.33333409999999,-37.46205520629883
-130.66666967999976,38.450000768999985,-43.07255172729492
-130.66666967999976,38.56666743799998,-30.252010345458984
-130.66666967999976,38.68333410699998,-21.31888771057129
-130.66666967999976,38.800000775999976,-21.181983947753906
-130.66666967999976,38.91666744499997,-15.633272171020508
-130.66666967999976,39.03333411399997,-18.122997283935547
-130.66666967999976,39.15000078299997,-16.131832122802734
-130.66666967999976,39.266667451999965,-14.965141296386719
-130.66666967999976,39.38333412099996,-10.578981399536133
-130.66666967999976,39.50000078999996,-24.000932693481445
-130.66666967999976,39.616667458999956,-28.76572608947754
-130.66666967999976,39.73333412799995,-33.015777587890625
-130.66666967999976,39.85000079699995,-39.93670654296875
-130.66666967999976,39.96666746599995,-49.85854721069336
-130.66666967999976,40.083334134999944,-53.98526382446289
-130.66666967999976,40.20000080399994,-44.54536819458008
-130.66666967999976,40.31666747299994,-14.8899507522583
-130.66666967999976,40.433334141999936,8.176555633544922
-130.66666967999976,40.55000081099993,-6.676496505737305
-130.66666967999976,40.66666747999993,-13.302538871765137
-130.66666967999976,40.78333414899993,-9.676427841186523
-130.66666967999976,40.900000817999924,-4.846851348876953
-130.66666967999976,41.01666748699992,-1.7999565601348877
-130.66666967999976,41.13333415599992,17.00409698486328
-130.66666967999976,41.250000824999915,-5.434536933898926
-130.66666967999976,41.36666749399991,1.0757062435150146
-130.66666967999976,41.48333416299991,2.1590919494628906
-130.66666967999976,41.60000083199991,-0.1966768503189087
-130.66666967999976,41.716667500999904,-2.3797712326049805
-130.66666967999976,41.8333341699999,-3.412040948867798
-130.66666967999976,41.9500008389999,-7.819808006286621
-130.66666967999976,42.066667507999895,-11.546278953552246
-130.66666967999976,42.18333417699989,-9.334147453308105
-130.66666967999976,42.30000084599989,-7.482583999633789
-130.66666967999976,42.41666751499989,-6.958508491516113
-130.66666967999976,42.533334183999884,-8.082420349121094
-130.66666967999976,42.65000085299988,-10.89212417602539
-130.66666967999976,42.76666752199988,-13.577392578125
-130.66666967999976,42.883334190999875,-17.18761444091797
-130.66666967999976,43.00000085999987,-16.693374633789062
-130.66666967999976,43.11666752899987,-18.8626766204834
-130.66666967999976,43.233334197999866,-15.795616149902344
-130.66666967999976,43.35000086699986,-11.169665336608887
-130.66666967999976,43.46666753599986,-4.757734298706055
-130.66666967999976,43.58333420499986,-9.379801750183105
-130.66666967999976,43.700000873999855,-20.224279403686523
-130.66666967999976,43.81666754299985,-33.933109283447266
-130.66666967999976,43.93333421199985,-27.64602279663086
-130.66666967999976,44.050000880999846,-21.095279693603516
-130.66666967999976,44.16666754999984,-11.314149856567383
-130.66666967999976,44.28333421899984,-11.325615882873535
-130.66666967999976,44.40000088799984,2.069511651992798
-130.66666967999976,44.516667556999835,3.0670382976531982
-130.66666967999976,44.63333422599983,0.540594220161438
-130.66666967999976,44.75000089499983,-3.8230409622192383
-130.66666967999976,44.866667563999826,-1.2471892833709717
-130.66666967999976,44.98333423299982,-1.8571653366088867
-130.66666967999976,45.10000090199982,-1.3111635446548462
-130.66666967999976,45.21666757099982,-4.950321197509766
-130.66666967999976,45.333334239999814,-3.4381072521209717
-130.66666967999976,45.45000090899981,-7.1268510818481445
-130.66666967999976,45.56666757799981,3.6014761924743652
-130.66666967999976,45.683334246999806,-3.8294928073883057
-130.66666967999976,45.8000009159998,-16.390281677246094
-130.66666967999976,45.9166675849998,-20.654766082763672
-130.66666967999976,46.0333342539998,-26.016122817993164
-130.66666967999976,46.150000922999794,-22.330339431762695
-130.66666967999976,46.26666759199979,-8.896305084228516
-130.66666967999976,46.38333426099979,15.320587158203125
-130.66666967999976,46.500000929999786,-36.69032669067383
-130.66666967999976,46.61666759899978,-7.724734306335449
-130.66666967999976,46.73333426799978,34.6888427734375
-130.66666967999976,46.85000093699978,10.181390762329102
-130.66666967999976,46.966667605999774,-12.302926063537598
-130.66666967999976,47.08333427499977,-13.847518920898438
-130.66666967999976,47.20000094399977,-11.090715408325195
-130.66666967999976,47.316667612999765,-7.641559600830078
-130.66666967999976,47.43333428199976,-4.535584449768066
-130.66666967999976,47.55000095099976,-10.379217147827148
-130.66666967999976,47.66666761999976,-10.4341402053833
-130.66666967999976,47.783334288999754,-5.963405609130859
-130.66666967999976,47.90000095799975,-7.408550262451172
-130.66666967999976,48.01666762699975,-10.763718605041504
-130.66666967999976,48.133334295999745,-6.936310768127441
-130.66666967999976,48.25000096499974,-5.952170372009277
-130.66666967999976,48.36666763399974,-4.56414794921875
-130.66666967999976,48.48333430299974,-1.4603303670883179
-130.66666967999976,48.600000971999734,-2.5819177627563477
-130.66666967999976,48.71666764099973,-25.267004013061523
-130.66666967999976,48.83333430999973,-31.608922958374023
-130.66666967999976,48.950000978999725,-37.022613525390625
-130.66666967999976,49.06666764799972,-31.063085556030273
-130.66666967999976,49.18333431699972,-31.805574417114258
-130.66666967999976,49.300000985999716,-19.22985076904297
-130.66666967999976,49.41666765499971,-6.881049156188965
-130.66666967999976,49.53333432399971,-2.8054115772247314
-130.66666967999976,49.65000099299971,2.8203530311584473
-130.66666967999976,49.766667661999705,5.461736679077148
-130.66666967999976,49.8833343309997,2.4163174629211426
-130.66666967999976,50.0000009999997,-4.2472686767578125
-130.66666967999976,50.116667668999696,-6.315526008605957
-130.66666967999976,50.23333433799969,-7.724323272705078
-130.66666967999976,50.35000100699969,-6.710025787353516
-130.66666967999976,50.46666767599969,9.502243041992188
-130.66666967999976,50.583334344999685,30.161436080932617
-130.66666967999976,50.70000101399968,-21.725265502929688
-130.66666967999976,50.81666768299968,-5.617687225341797
-130.66666967999976,50.933334351999676,-9.926109313964844
-130.66666967999976,51.05000102099967,-7.034319877624512
-130.66666967999976,51.16666768999967,-0.5349389910697937
-130.66666967999976,51.28333435899967,-13.257887840270996
-130.66666967999976,51.400001027999664,-29.57391929626465
-130.66666967999976,51.51666769699966,-15.916685104370117
-130.66666967999976,51.63333436599966,15.921629905700684
-130.66666967999976,51.750001034999656,7.74632453918457
-130.66666967999976,51.86666770399965,24.229595184326172
-130.66666967999976,51.98333437299965,11.01166820526123
-130.66666967999976,52.10000104199965,2.9272522926330566
-130.66666967999976,52.216667710999644,-3.898149251937866
-130.66666967999976,52.33333437999964,-8.846396446228027
-130.66666967999976,52.45000104899964,-20.996633529663086
-130.66666967999976,52.566667717999636,29.82110023498535
-130.66666967999976,52.68333438699963,28.619346618652344
-130.66666967999976,52.80000105599963,-9.798484802246094
-130.66666967999976,52.91666772499963,-5.757309913635254
-130.66666967999976,53.033334393999624,-6.317681312561035
-130.66666967999976,53.15000106299962,-2.143857479095459
-130.66666967999976,53.26666773199962,-16.749160766601562
-130.66666967999976,53.383334400999615,10.395029067993164
-130.66666967999976,53.50000106999961,14.391308784484863
-130.66666967999976,53.61666773899961,8.544160842895508
-130.66666967999976,53.73333440799961,-22.457393646240234
-130.66666967999976,53.850001076999604,15.789822578430176
-130.66666967999976,53.9666677459996,23.487525939941406
-130.55000301099975,37.983334092999996,-15.575155258178711
-130.55000301099975,38.10000076199999,-20.656946182250977
-130.55000301099975,38.21666743099999,-32.726539611816406
-130.55000301099975,38.33333409999999,-37.760074615478516
-130.55000301099975,38.450000768999985,-39.5323486328125
-130.55000301099975,38.56666743799998,-24.009702682495117
-130.55000301099975,38.68333410699998,-27.93145751953125
-130.55000301099975,38.800000775999976,-28.1240234375
-130.55000301099975,38.91666744499997,-18.915668487548828
-130.55000301099975,39.03333411399997,-14.914634704589844
-130.55000301099975,39.15000078299997,-12.542346000671387
-130.55000301099975,39.266667451999965,-15.4942626953125
-130.55000301099975,39.38333412099996,-16.675153732299805
-130.55000301099975,39.50000078999996,-25.73194694519043
-130.55000301099975,39.616667458999956,-31.93732452392578
-130.55000301099975,39.73333412799995,-34.03186798095703
-130.55000301099975,39.85000079699995,-37.56014633178711
-130.55000301099975,39.96666746599995,-52.76830291748047
-130.55000301099975,40.083334134999944,-62.57101821899414
-130.55000301099975,40.20000080399994,-47.463863372802734
-130.55000301099975,40.31666747299994,-20.34593963623047
-130.55000301099975,40.433334141999936,6.625161170959473
-130.55000301099975,40.55000081099993,-6.367887496948242
-130.55000301099975,40.66666747999993,-16.422718048095703
-130.55000301099975,40.78333414899993,-0.5430650115013123
-130.55000301099975,40.900000817999924,-3.273054838180542
-130.55000301099975,41.01666748699992,0.36422765254974365
-130.55000301099975,41.13333415599992,0.4219507575035095
-130.55000301099975,41.250000824999915,-0.18668897449970245
-130.55000301099975,41.36666749399991,1.641231656074524
-130.55000301099975,41.48333416299991,-0.972819983959198
-130.55000301099975,41.60000083199991,-2.7132861614227295
-130.55000301099975,41.716667500999904,-2.3413455486297607
-130.55000301099975,41.8333341699999,-1.3803751468658447
-130.55000301099975,41.9500008389999,-2.8521175384521484
-130.55000301099975,42.066667507999895,-10.25847053527832
-130.55000301099975,42.18333417699989,-8.185173988342285
-130.55000301099975,42.30000084599989,-10.36396312713623
-130.55000301099975,42.41666751499989,-7.9218597412109375
-130.55000301099975,42.533334183999884,-5.9184770584106445
-130.55000301099975,42.65000085299988,-8.729320526123047
-130.55000301099975,42.76666752199988,-13.450504302978516
-130.55000301099975,42.883334190999875,-11.236209869384766
-130.55000301099975,43.00000085999987,-15.533843994140625
-130.55000301099975,43.11666752899987,-15.734525680541992
-130.55000301099975,43.233334197999866,-16.61375617980957
-130.55000301099975,43.35000086699986,-10.0274076461792
-130.55000301099975,43.46666753599986,-9.035621643066406
-130.55000301099975,43.58333420499986,-18.01620101928711
-130.55000301099975,43.700000873999855,-30.601009368896484
-130.55000301099975,43.81666754299985,-34.151302337646484
-130.55000301099975,43.93333421199985,-20.264841079711914
-130.55000301099975,44.050000880999846,-11.389942169189453
-130.55000301099975,44.16666754999984,-8.413925170898438
-130.55000301099975,44.28333421899984,-13.146767616271973
-130.55000301099975,44.40000088799984,5.558406829833984
-130.55000301099975,44.516667556999835,16.887136459350586
-130.55000301099975,44.63333422599983,6.71547794342041
-130.55000301099975,44.75000089499983,-3.4957849979400635
-130.55000301099975,44.866667563999826,-6.8882646560668945
-130.55000301099975,44.98333423299982,-6.9908857345581055
-130.55000301099975,45.10000090199982,-4.759646415710449
-130.55000301099975,45.21666757099982,-6.738910675048828
-130.55000301099975,45.333334239999814,-5.7050933837890625
-130.55000301099975,45.45000090899981,9.082594871520996
-130.55000301099975,45.56666757799981,-3.0832059383392334
-130.55000301099975,45.683334246999806,-11.977392196655273
-130.55000301099975,45.8000009159998,-14.689949035644531
-130.55000301099975,45.9166675849998,-5.64759635925293
-130.55000301099975,46.0333342539998,3.885577917098999
-130.55000301099975,46.150000922999794,16.433469772338867
-130.55000301099975,46.26666759199979,45.03300094604492
-130.55000301099975,46.38333426099979,40.409080505371094
-130.55000301099975,46.500000929999786,-31.774574279785156
-130.55000301099975,46.61666759899978,-13.327375411987305
-130.55000301099975,46.73333426799978,-15.597249984741211
-130.55000301099975,46.85000093699978,-15.525032043457031
-130.55000301099975,46.966667605999774,-19.388744354248047
-130.55000301099975,47.08333427499977,-4.013936519622803
-130.55000301099975,47.20000094399977,-3.318284749984741
-130.55000301099975,47.316667612999765,-5.804056167602539
-130.55000301099975,47.43333428199976,-6.218029975891113
-130.55000301099975,47.55000095099976,-7.994662284851074
-130.55000301099975,47.66666761999976,-11.530591011047363
-130.55000301099975,47.783334288999754,-10.999396324157715
-130.55000301099975,47.90000095799975,11.781145095825195
-130.55000301099975,48.01666762699975,-13.805106163024902
-130.55000301099975,48.133334295999745,-8.06282901763916
-130.55000301099975,48.25000096499974,-7.023974418640137
-130.55000301099975,48.36666763399974,-10.719264030456543
-130.55000301099975,48.48333430299974,-9.570039749145508
-130.55000301099975,48.600000971999734,8.771177291870117
-130.55000301099975,48.71666764099973,0.12443867325782776
-130.55000301099975,48.83333430999973,-2.0787343978881836
-130.55000301099975,48.950000978999725,-15.586250305175781
-130.55000301099975,49.06666764799972,-10.705516815185547
-130.55000301099975,49.18333431699972,-23.65587615966797
-130.55000301099975,49.300000985999716,-33.11954879760742
-130.55000301099975,49.41666765499971,-18.352760314941406
-130.55000301099975,49.53333432399971,-10.610382080078125
-130.55000301099975,49.65000099299971,0.48372018337249756
-130.55000301099975,49.766667661999705,-0.5402776002883911
-130.55000301099975,49.8833343309997,2.4565768241882324
-130.55000301099975,50.0000009999997,0.47215235233306885
-130.55000301099975,50.116667668999696,0.024216800928115845
-130.55000301099975,50.23333433799969,-3.3554985523223877
-130.55000301099975,50.35000100699969,15.365124702453613
-130.55000301099975,50.46666767599969,36.03623580932617
-130.55000301099975,50.583334344999685,-13.778848648071289
-130.55000301099975,50.70000101399968,-25.968379974365234
-130.55000301099975,50.81666768299968,-0.4202468991279602
-130.55000301099975,50.933334351999676,-0.45980870723724365
-130.55000301099975,51.05000102099967,-15.829567909240723
-130.55000301099975,51.16666768999967,-18.35767936706543
-130.55000301099975,51.28333435899967,-23.779705047607422
-130.55000301099975,51.400001027999664,-30.43372917175293
-130.55000301099975,51.51666769699966,-14.627613067626953
-130.55000301099975,51.63333436599966,-14.23859977722168
-130.55000301099975,51.750001034999656,-8.704631805419922
-130.55000301099975,51.86666770399965,4.658929824829102
-130.55000301099975,51.98333437299965,-9.62862777709961
-130.55000301099975,52.10000104199965,2.3778791427612305
-130.55000301099975,52.216667710999644,1.9342820644378662
-130.55000301099975,52.33333437999964,-11.078041076660156
-130.55000301099975,52.45000104899964,-6.324440002441406
-130.55000301099975,52.566667717999636,13.414695739746094
-130.55000301099975,52.68333438699963,-4.336126327514648
-130.55000301099975,52.80000105599963,-19.386104583740234
-130.55000301099975,52.91666772499963,-9.922762870788574
-130.55000301099975,53.033334393999624,-9.923290252685547
-130.55000301099975,53.15000106299962,-19.251235961914062
-130.55000301099975,53.26666773199962,16.700557708740234
-130.55000301099975,53.383334400999615,4.828488349914551
-130.55000301099975,53.50000106999961,28.899438858032227
-130.55000301099975,53.61666773899961,17.640302658081055
-130.55000301099975,53.73333440799961,2.4412641525268555
-130.55000301099975,53.850001076999604,29.011913299560547
-130.55000301099975,53.9666677459996,28.139570236206055
-130.43333634199973,37.983334092999996,-16.15552520751953
-130.43333634199973,38.10000076199999,-19.573549270629883
-130.43333634199973,38.21666743099999,-28.873315811157227
-130.43333634199973,38.33333409999999,-37.3491325378418
-130.43333634199973,38.450000768999985,-36.4886589050293
-130.43333634199973,38.56666743799998,-20.014270782470703
-130.43333634199973,38.68333410699998,-23.80105209350586
-130.43333634199973,38.800000775999976,-23.964534759521484
-130.43333634199973,38.91666744499997,-16.988872528076172
-130.43333634199973,39.03333411399997,-14.643186569213867
-130.43333634199973,39.15000078299997,-14.418105125427246
-130.43333634199973,39.266667451999965,-10.909727096557617
-130.43333634199973,39.38333412099996,-17.321460723876953
-130.43333634199973,39.50000078999996,-24.471525192260742
-130.43333634199973,39.616667458999956,-29.662017822265625
-130.43333634199973,39.73333412799995,-35.10212707519531
-130.43333634199973,39.85000079699995,-36.04023742675781
-130.43333634199973,39.96666746599995,-54.92487335205078
-130.43333634199973,40.083334134999944,-60.6441650390625
-130.43333634199973,40.20000080399994,-55.37126541137695
-130.43333634199973,40.31666747299994,-28.11744499206543
-130.43333634199973,40.433334141999936,9.796799659729004
-130.43333634199973,40.55000081099993,-6.073017120361328
-130.43333634199973,40.66666747999993,-9.39907455444336
-130.43333634199973,40.78333414899993,63.923954010009766
-130.43333634199973,40.900000817999924,17.89434814453125
-130.43333634199973,41.01666748699992,-2.4518206119537354
-130.43333634199973,41.13333415599992,-1.6111892461776733
-130.43333634199973,41.250000824999915,-5.003974914550781
-130.43333634199973,41.36666749399991,-1.793410301208496
-130.43333634199973,41.48333416299991,-0.8362879753112793
-130.43333634199973,41.60000083199991,0.29192715883255005
-130.43333634199973,41.716667500999904,0.6184283494949341
-130.43333634199973,41.8333341699999,-3.1848721504211426
-130.43333634199973,41.9500008389999,19.69732666015625
-130.43333634199973,42.066667507999895,-7.97642707824707
-130.43333634199973,42.18333417699989,-7.195796012878418
-130.43333634199973,42.30000084599989,-7.908306121826172
-130.43333634199973,42.41666751499989,-9.821664810180664
-130.43333634199973,42.533334183999884,-8.32059097290039
-130.43333634199973,42.65000085299988,-10.943416595458984
-130.43333634199973,42.76666752199988,-11.771321296691895
-130.43333634199973,42.883334190999875,-13.978909492492676
-130.43333634199973,43.00000085999987,-9.515597343444824
-130.43333634199973,43.11666752899987,-10.198244094848633
-130.43333634199973,43.233334197999866,-11.91536808013916
-130.43333634199973,43.35000086699986,-8.163412094116211
-130.43333634199973,43.46666753599986,-8.383581161499023
-130.43333634199973,43.58333420499986,-16.70945167541504
-130.43333634199973,43.700000873999855,-28.761831283569336
-130.43333634199973,43.81666754299985,-17.901390075683594
-130.43333634199973,43.93333421199985,1.578606367111206
-130.43333634199973,44.050000880999846,2.812004566192627
-130.43333634199973,44.16666754999984,-2.427654981613159
-130.43333634199973,44.28333421899984,-3.8009445667266846
-130.43333634199973,44.40000088799984,3.092604160308838
-130.43333634199973,44.516667556999835,12.866342544555664
-130.43333634199973,44.63333422599983,18.851917266845703
-130.43333634199973,44.75000089499983,7.828047752380371
-130.43333634199973,44.866667563999826,0.8814456462860107
-130.43333634199973,44.98333423299982,-1.9200698137283325
-130.43333634199973,45.10000090199982,-5.552881240844727
-130.43333634199973,45.21666757099982,-9.918600082397461
-130.43333634199973,45.333334239999814,7.065938949584961
-130.43333634199973,45.45000090899981,8.069061279296875
-130.43333634199973,45.56666757799981,-12.041837692260742
-130.43333634199973,45.683334246999806,-16.650222778320312
-130.43333634199973,45.8000009159998,-3.6818559169769287
-130.43333634199973,45.9166675849998,37.39204025268555
-130.43333634199973,46.0333342539998,68.10208892822266
-130.43333634199973,46.150000922999794,54.327972412109375
-130.43333634199973,46.26666759199979,37.26736068725586
-130.43333634199973,46.38333426099979,15.03022289276123
-130.43333634199973,46.500000929999786,-12.986551284790039
-130.43333634199973,46.61666759899978,-20.275360107421875
-130.43333634199973,46.73333426799978,-19.388578414916992
-130.43333634199973,46.85000093699978,-15.64477252960205
-130.43333634199973,46.966667605999774,-17.601587295532227
-130.43333634199973,47.08333427499977,-5.523303985595703
-130.43333634199973,47.20000094399977,-2.161787509918213
-130.43333634199973,47.316667612999765,-0.26759836077690125
-130.43333634199973,47.43333428199976,-8.283924102783203
-130.43333634199973,47.55000095099976,-0.45005619525909424
-130.43333634199973,47.66666761999976,-11.568663597106934
-130.43333634199973,47.783334288999754,-18.384105682373047
-130.43333634199973,47.90000095799975,-5.519382476806641
-130.43333634199973,48.01666762699975,-19.43909454345703
-130.43333634199973,48.133334295999745,8.487730979919434
-130.43333634199973,48.25000096499974,-10.999191284179688
-130.43333634199973,48.36666763399974,-9.372101783752441
-130.43333634199973,48.48333430299974,-13.735570907592773
-130.43333634199973,48.600000971999734,0.0022287070751190186
-130.43333634199973,48.71666764099973,-3.5416793823242188
-130.43333634199973,48.83333430999973,-0.2141522765159607
-130.43333634199973,48.950000978999725,4.510385513305664
-130.43333634199973,49.06666764799972,-1.59601891040802
-130.43333634199973,49.18333431699972,7.179264068603516
-130.43333634199973,49.300000985999716,-10.419411659240723
-130.43333634199973,49.41666765499971,-5.110008239746094
-130.43333634199973,49.53333432399971,-3.3047034740448
-130.43333634199973,49.65000099299971,-2.4995739459991455
-130.43333634199973,49.766667661999705,4.665579795837402
-130.43333634199973,49.8833343309997,6.8394927978515625
-130.43333634199973,50.0000009999997,1.2987185716629028
-130.43333634199973,50.116667668999696,-2.3003079891204834
-130.43333634199973,50.23333433799969,-1.522870659828186
-130.43333634199973,50.35000100699969,15.604970932006836
-130.43333634199973,50.46666767599969,9.260805130004883
-130.43333634199973,50.583334344999685,-18.520187377929688
-130.43333634199973,50.70000101399968,-7.278925895690918
-130.43333634199973,50.81666768299968,-2.907578229904175
-130.43333634199973,50.933334351999676,-19.150114059448242
-130.43333634199973,51.05000102099967,-34.01367950439453
-130.43333634199973,51.16666768999967,-33.16328811645508
-130.43333634199973,51.28333435899967,-38.14116287231445
-130.43333634199973,51.400001027999664,-29.86124610900879
-130.43333634199973,51.51666769699966,-24.286558151245117
-130.43333634199973,51.63333436599966,-8.871700286865234
-130.43333634199973,51.750001034999656,-6.841577529907227
-130.43333634199973,51.86666770399965,-7.447087287902832
-130.43333634199973,51.98333437299965,-17.356536865234375
-130.43333634199973,52.10000104199965,-3.742912530899048
-130.43333634199973,52.216667710999644,-10.767609596252441
-130.43333634199973,52.33333437999964,-15.634881973266602
-130.43333634199973,52.45000104899964,-15.39277172088623
-130.43333634199973,52.566667717999636,-0.5935859680175781
-130.43333634199973,52.68333438699963,-12.81502628326416
-130.43333634199973,52.80000105599963,-19.04261589050293
-130.43333634199973,52.91666772499963,-30.01479721069336
-130.43333634199973,53.033334393999624,-23.8469295501709
-130.43333634199973,53.15000106299962,-12.504782676696777
-130.43333634199973,53.26666773199962,14.37818717956543
-130.43333634199973,53.383334400999615,-11.234506607055664
-130.43333634199973,53.50000106999961,15.73827075958252
-130.43333634199973,53.61666773899961,9.436877250671387
-130.43333634199973,53.73333440799961,2.8873343467712402
-130.43333634199973,53.850001076999604,11.629739761352539
-130.43333634199973,53.9666677459996,28.00798988342285
-130.31666967299972,37.983334092999996,-12.921611785888672
-130.31666967299972,38.10000076199999,-17.787220001220703
-130.31666967299972,38.21666743099999,-26.42337417602539
-130.31666967299972,38.33333409999999,-36.62453079223633
-130.31666967299972,38.450000768999985,-34.5222053527832
-130.31666967299972,38.56666743799998,-20.98566436767578
-130.31666967299972,38.68333410699998,-13.828573226928711
-130.31666967299972,38.800000775999976,-20.521190643310547
-130.31666967299972,38.91666744499997,-18.00533676147461
-130.31666967299972,39.03333411399997,-15.302265167236328
-130.31666967299972,39.15000078299997,-13.86515998840332
-130.31666967299972,39.266667451999965,-10.967658042907715
-130.31666967299972,39.38333412099996,-14.300025939941406
-130.31666967299972,39.50000078999996,-22.688888549804688
-130.31666967299972,39.616667458999956,-31.065914154052734
-130.31666967299972,39.73333412799995,-33.66858673095703
-130.31666967299972,39.85000079699995,-30.64443588256836
-130.31666967299972,39.96666746599995,-53.08721160888672
-130.31666967299972,40.083334134999944,-66.37492370605469
-130.31666967299972,40.20000080399994,-70.86139678955078
-130.31666967299972,40.31666747299994,-37.565277099609375
-130.31666967299972,40.433334141999936,10.107678413391113
-130.31666967299972,40.55000081099993,-7.9881439208984375
-130.31666967299972,40.66666747999993,1.9041409492492676
-130.31666967299972,40.78333414899993,95.1176986694336
-130.31666967299972,40.900000817999924,20.6629695892334
-130.31666967299972,41.01666748699992,-5.033576965332031
-130.31666967299972,41.13333415599992,7.77880859375
-130.31666967299972,41.250000824999915,1.0700138807296753
-130.31666967299972,41.36666749399991,-3.9121146202087402
-130.31666967299972,41.48333416299991,-2.9267654418945312
-130.31666967299972,41.60000083199991,0.8165562152862549
-130.31666967299972,41.716667500999904,3.80415415763855
-130.31666967299972,41.8333341699999,-4.866644859313965
-130.31666967299972,41.9500008389999,0.38340312242507935
-130.31666967299972,42.066667507999895,-9.38134765625
-130.31666967299972,42.18333417699989,-6.152222633361816
-130.31666967299972,42.30000084599989,-8.13850212097168
-130.31666967299972,42.41666751499989,-7.294271469116211
-130.31666967299972,42.533334183999884,-8.338927268981934
-130.31666967299972,42.65000085299988,-7.444574356079102
-130.31666967299972,42.76666752199988,-9.694441795349121
-130.31666967299972,42.883334190999875,-14.764606475830078
-130.31666967299972,43.00000085999987,-10.372154235839844
-130.31666967299972,43.11666752899987,-13.282726287841797
-130.31666967299972,43.233334197999866,-10.039275169372559
-130.31666967299972,43.35000086699986,-6.076623916625977
-130.31666967299972,43.46666753599986,-4.809873580932617
-130.31666967299972,43.58333420499986,-11.747906684875488
-130.31666967299972,43.700000873999855,-16.223125457763672
-130.31666967299972,43.81666754299985,4.154534339904785
-130.31666967299972,43.93333421199985,17.150774002075195
-130.31666967299972,44.050000880999846,12.701634407043457
-130.31666967299972,44.16666754999984,-17.93712615966797
-130.31666967299972,44.28333421899984,5.269352912902832
-130.31666967299972,44.40000088799984,-13.69636058807373
-130.31666967299972,44.516667556999835,-4.870906829833984
-130.31666967299972,44.63333422599983,17.50969886779785
-130.31666967299972,44.75000089499983,17.966943740844727
-130.31666967299972,44.866667563999826,12.664546966552734
-130.31666967299972,44.98333423299982,7.862964630126953
-130.31666967299972,45.10000090199982,2.7919461727142334
-130.31666967299972,45.21666757099982,-1.8278220891952515
-130.31666967299972,45.333334239999814,3.747554063796997
-130.31666967299972,45.45000090899981,-11.566798210144043
-130.31666967299972,45.56666757799981,-16.060726165771484
-130.31666967299972,45.683334246999806,-18.528717041015625
-130.31666967299972,45.8000009159998,-11.912274360656738
-130.31666967299972,45.9166675849998,19.990421295166016
-130.31666967299972,46.0333342539998,-0.11631657183170319
-130.31666967299972,46.150000922999794,1.0024299621582031
-130.31666967299972,46.26666759199979,13.556424140930176
-130.31666967299972,46.38333426099979,5.485998153686523
-130.31666967299972,46.500000929999786,-8.988529205322266
-130.31666967299972,46.61666759899978,-15.465864181518555
-130.31666967299972,46.73333426799978,-12.31689739227295
-130.31666967299972,46.85000093699978,-9.32662296295166
-130.31666967299972,46.966667605999774,-9.683075904846191
-130.31666967299972,47.08333427499977,-9.699836730957031
-130.31666967299972,47.20000094399977,-8.929494857788086
-130.31666967299972,47.316667612999765,-4.560660362243652
-130.31666967299972,47.43333428199976,-8.724129676818848
-130.31666967299972,47.55000095099976,29.11189079284668
-130.31666967299972,47.66666761999976,-7.834222793579102
-130.31666967299972,47.783334288999754,-16.50808334350586
-130.31666967299972,47.90000095799975,-19.851320266723633
-130.31666967299972,48.01666762699975,-11.738144874572754
-130.31666967299972,48.133334295999745,9.932485580444336
-130.31666967299972,48.25000096499974,-10.158474922180176
-130.31666967299972,48.36666763399974,-11.857037544250488
-130.31666967299972,48.48333430299974,-9.680987358093262
-130.31666967299972,48.600000971999734,-12.163074493408203
-130.31666967299972,48.71666764099973,-11.770998001098633
-130.31666967299972,48.83333430999973,-4.5072784423828125
-130.31666967299972,48.950000978999725,-7.304887771606445
-130.31666967299972,49.06666764799972,-5.056184768676758
-130.31666967299972,49.18333431699972,8.66091251373291
-130.31666967299972,49.300000985999716,5.2625017166137695
-130.31666967299972,49.41666765499971,8.41435432434082
-130.31666967299972,49.53333432399971,7.78196907043457
-130.31666967299972,49.65000099299971,4.197949409484863
-130.31666967299972,49.766667661999705,10.303425788879395
-130.31666967299972,49.8833343309997,6.669086456298828
-130.31666967299972,50.0000009999997,-6.920858383178711
-130.31666967299972,50.116667668999696,-11.106729507446289
-130.31666967299972,50.23333433799969,-6.314971923828125
-130.31666967299972,50.35000100699969,-10.96632194519043
-130.31666967299972,50.46666767599969,-19.992082595825195
-130.31666967299972,50.583334344999685,0.07971137762069702
-130.31666967299972,50.70000101399968,17.771556854248047
-130.31666967299972,50.81666768299968,1.7650396823883057
-130.31666967299972,50.933334351999676,-34.48087692260742
-130.31666967299972,51.05000102099967,-46.578433990478516
-130.31666967299972,51.16666768999967,-35.31399154663086
-130.31666967299972,51.28333435899967,-40.30976486206055
-130.31666967299972,51.400001027999664,-31.34609603881836
-130.31666967299972,51.51666769699966,-39.28820037841797
-130.31666967299972,51.63333436599966,-12.114180564880371
-130.31666967299972,51.750001034999656,0.5373643040657043
-130.31666967299972,51.86666770399965,-6.870696067810059
-130.31666967299972,51.98333437299965,-11.050151824951172
-130.31666967299972,52.10000104199965,-13.692355155944824
-130.31666967299972,52.216667710999644,-22.40822982788086
-130.31666967299972,52.33333437999964,-23.27691650390625
-130.31666967299972,52.45000104899964,-29.457536697387695
-130.31666967299972,52.566667717999636,-13.538333892822266
-130.31666967299972,52.68333438699963,-5.731257438659668
-130.31666967299972,52.80000105599963,-13.99466609954834
-130.31666967299972,52.91666772499963,-25.786436080932617
-130.31666967299972,53.033334393999624,-22.049936294555664
-130.31666967299972,53.15000106299962,2.4980924129486084
-130.31666967299972,53.26666773199962,0.4740291237831116
-130.31666967299972,53.383334400999615,-11.770181655883789
-130.31666967299972,53.50000106999961,5.8977766036987305
-130.31666967299972,53.61666773899961,3.3360955715179443
-130.31666967299972,53.73333440799961,-5.136273384094238
-130.31666967299972,53.850001076999604,9.234354019165039
-130.31666967299972,53.9666677459996,6.585700988769531
-130.2000030039997,37.983334092999996,-9.118955612182617
-130.2000030039997,38.10000076199999,-12.075078010559082
-130.2000030039997,38.21666743099999,-21.143590927124023
-130.2000030039997,38.33333409999999,-30.651132583618164
-130.2000030039997,38.450000768999985,-35.328460693359375
-130.2000030039997,38.56666743799998,-18.03445053100586
-130.2000030039997,38.68333410699998,-10.25578784942627
-130.2000030039997,38.800000775999976,-9.246749877929688
-130.2000030039997,38.91666744499997,-13.135299682617188
-130.2000030039997,39.03333411399997,-15.987159729003906
-130.2000030039997,39.15000078299997,-14.405414581298828
-130.2000030039997,39.266667451999965,-10.879839897155762
-130.2000030039997,39.38333412099996,-17.456022262573242
-130.2000030039997,39.50000078999996,-25.060022354125977
-130.2000030039997,39.616667458999956,-33.68784713745117
-130.2000030039997,39.73333412799995,-34.06283187866211
-130.2000030039997,39.85000079699995,-29.194910049438477
-130.2000030039997,39.96666746599995,-54.09989929199219
-130.2000030039997,40.083334134999944,-70.77059936523438
-130.2000030039997,40.20000080399994,-78.91902923583984
-130.2000030039997,40.31666747299994,-42.84585952758789
-130.2000030039997,40.433334141999936,1.1655641794204712
-130.2000030039997,40.55000081099993,-7.08289909362793
-130.2000030039997,40.66666747999993,-9.49735164642334
-130.2000030039997,40.78333414899993,25.960514068603516
-130.2000030039997,40.900000817999924,-5.884403228759766
-130.2000030039997,41.01666748699992,-6.6096601486206055
-130.2000030039997,41.13333415599992,12.268691062927246
-130.2000030039997,41.250000824999915,5.258258819580078
-130.2000030039997,41.36666749399991,-8.7472562789917
-130.2000030039997,41.48333416299991,-8.403644561767578
-130.2000030039997,41.60000083199991,-4.465009689331055
-130.2000030039997,41.716667500999904,0.8113842010498047
-130.2000030039997,41.8333341699999,0.3894897699356079
-130.2000030039997,41.9500008389999,-1.867370843887329
-130.2000030039997,42.066667507999895,-12.861889839172363
-130.2000030039997,42.18333417699989,-8.76256275177002
-130.2000030039997,42.30000084599989,-3.0890698432922363
-130.2000030039997,42.41666751499989,-8.625210762023926
-130.2000030039997,42.533334183999884,-9.7338228225708
-130.2000030039997,42.65000085299988,-11.300971031188965
-130.2000030039997,42.76666752199988,-8.941307067871094
-130.2000030039997,42.883334190999875,-12.870075225830078
-130.2000030039997,43.00000085999987,-13.37929630279541
-130.2000030039997,43.11666752899987,-10.161365509033203
-130.2000030039997,43.233334197999866,-7.6400146484375
-130.2000030039997,43.35000086699986,-8.543254852294922
-130.2000030039997,43.46666753599986,-5.7306013107299805
-130.2000030039997,43.58333420499986,-15.586457252502441
-130.2000030039997,43.700000873999855,-21.806095123291016
-130.2000030039997,43.81666754299985,-14.566279411315918
-130.2000030039997,43.93333421199985,-4.3159379959106445
-130.2000030039997,44.050000880999846,2.999321937561035
-130.2000030039997,44.16666754999984,-27.33594512939453
-130.2000030039997,44.28333421899984,7.264723777770996
-130.2000030039997,44.40000088799984,-37.66228103637695
-130.2000030039997,44.516667556999835,4.220249176025391
-130.2000030039997,44.63333422599983,2.831962823867798
-130.2000030039997,44.75000089499983,5.668696403503418
-130.2000030039997,44.866667563999826,13.201424598693848
-130.2000030039997,44.98333423299982,13.904168128967285
-130.2000030039997,45.10000090199982,7.961846351623535
-130.2000030039997,45.21666757099982,7.024828910827637
-130.2000030039997,45.333334239999814,2.8715522289276123
-130.2000030039997,45.45000090899981,-0.3896595239639282
-130.2000030039997,45.56666757799981,-2.9194724559783936
-130.2000030039997,45.683334246999806,-8.156926155090332
-130.2000030039997,45.8000009159998,0.15357792377471924
-130.2000030039997,45.9166675849998,5.981152534484863
-130.2000030039997,46.0333342539998,-12.96762466430664
-130.2000030039997,46.150000922999794,-26.437650680541992
-130.2000030039997,46.26666759199979,-11.872920036315918
-130.2000030039997,46.38333426099979,-1.7579541206359863
-130.2000030039997,46.500000929999786,-11.97020149230957
-130.2000030039997,46.61666759899978,-9.524839401245117
-130.2000030039997,46.73333426799978,-8.412304878234863
-130.2000030039997,46.85000093699978,-1.1515955924987793
-130.2000030039997,46.966667605999774,-6.109577178955078
-130.2000030039997,47.08333427499977,-0.11348778009414673
-130.2000030039997,47.20000094399977,-9.21639633178711
-130.2000030039997,47.316667612999765,-8.997822761535645
-130.2000030039997,47.43333428199976,-5.693976402282715
-130.2000030039997,47.55000095099976,2.159740924835205
-130.2000030039997,47.66666761999976,-9.57076358795166
-130.2000030039997,47.783334288999754,-14.17023754119873
-130.2000030039997,47.90000095799975,-19.014482498168945
-130.2000030039997,48.01666762699975,20.274736404418945
-130.2000030039997,48.133334295999745,4.2865190505981445
-130.2000030039997,48.25000096499974,-19.000072479248047
-130.2000030039997,48.36666763399974,-14.518965721130371
-130.2000030039997,48.48333430299974,7.245486259460449
-130.2000030039997,48.600000971999734,-13.73443603515625
-130.2000030039997,48.71666764099973,-13.2332124710083
-130.2000030039997,48.83333430999973,-9.267412185668945
-130.2000030039997,48.950000978999725,-13.480769157409668
-130.2000030039997,49.06666764799972,-10.911937713623047
-130.2000030039997,49.18333431699972,-2.0375313758850098
-130.2000030039997,49.300000985999716,-2.8615188598632812
-130.2000030039997,49.41666765499971,5.226742744445801
-130.2000030039997,49.53333432399971,-0.3936055898666382
-130.2000030039997,49.65000099299971,-9.64702033996582
-130.2000030039997,49.766667661999705,10.891819953918457
-130.2000030039997,49.8833343309997,-1.726620078086853
-130.2000030039997,50.0000009999997,-3.7258450984954834
-130.2000030039997,50.116667668999696,5.164838790893555
-130.2000030039997,50.23333433799969,0.07123732566833496
-130.2000030039997,50.35000100699969,-15.298648834228516
-130.2000030039997,50.46666767599969,0.38825899362564087
-130.2000030039997,50.583334344999685,1.5181190967559814
-130.2000030039997,50.70000101399968,3.710925340652466
-130.2000030039997,50.81666768299968,-25.534135818481445
-130.2000030039997,50.933334351999676,-44.58866500854492
-130.2000030039997,51.05000102099967,-55.467811584472656
-130.2000030039997,51.16666768999967,-19.080095291137695
-130.2000030039997,51.28333435899967,-31.266983032226562
-130.2000030039997,51.400001027999664,-25.766809463500977
-130.2000030039997,51.51666769699966,-26.02069091796875
-130.2000030039997,51.63333436599966,-15.024169921875
-130.2000030039997,51.750001034999656,-12.602215766906738
-130.2000030039997,51.86666770399965,-0.7041341066360474
-130.2000030039997,51.98333437299965,-8.421516418457031
-130.2000030039997,52.10000104199965,-13.550013542175293
-130.2000030039997,52.216667710999644,-26.075756072998047
-130.2000030039997,52.33333437999964,-20.409976959228516
-130.2000030039997,52.45000104899964,-26.999374389648438
-130.2000030039997,52.566667717999636,-24.35801124572754
-130.2000030039997,52.68333438699963,-9.040728569030762
-130.2000030039997,52.80000105599963,-14.413154602050781
-130.2000030039997,52.91666772499963,-19.530237197875977
-130.2000030039997,53.033334393999624,-23.806894302368164
-130.2000030039997,53.15000106299962,6.932040214538574
-130.2000030039997,53.26666773199962,-33.06684875488281
-130.2000030039997,53.383334400999615,-0.5931406617164612
-130.2000030039997,53.50000106999961,16.04134750366211
-130.2000030039997,53.61666773899961,12.383237838745117
-130.2000030039997,53.73333440799961,16.864561080932617
-130.2000030039997,53.850001076999604,10.914653778076172
-130.2000030039997,53.9666677459996,-21.724796295166016
-130.0833363349997,37.983334092999996,-9.704639434814453
-130.0833363349997,38.10000076199999,-12.364603042602539
-130.0833363349997,38.21666743099999,-20.84446144104004
-130.0833363349997,38.33333409999999,-30.951580047607422
-130.0833363349997,38.450000768999985,-36.24644088745117
-130.0833363349997,38.56666743799998,-19.269075393676758
-130.0833363349997,38.68333410699998,-2.627142906188965
-130.0833363349997,38.800000775999976,-7.128922462463379
-130.0833363349997,38.91666744499997,-13.633076667785645
-130.0833363349997,39.03333411399997,-19.011045455932617
-130.0833363349997,39.15000078299997,-16.361738204956055
-130.0833363349997,39.266667451999965,-15.284756660461426
-130.0833363349997,39.38333412099996,-18.237564086914062
-130.0833363349997,39.50000078999996,-23.463735580444336
-130.0833363349997,39.616667458999956,-30.44866943359375
-130.0833363349997,39.73333412799995,-31.7603816986084
-130.0833363349997,39.85000079699995,-26.949481964111328
-130.0833363349997,39.96666746599995,-54.63301467895508
-130.0833363349997,40.083334134999944,-70.193359375
-130.0833363349997,40.20000080399994,-78.92771911621094
-130.0833363349997,40.31666747299994,-43.73780822753906
-130.0833363349997,40.433334141999936,14.459952354431152
-130.0833363349997,40.55000081099993,2.3235232830047607
-130.0833363349997,40.66666747999993,8.221281051635742
-130.0833363349997,40.78333414899993,34.84120559692383
-130.0833363349997,40.900000817999924,-6.6529340744018555
-130.0833363349997,41.01666748699992,-11.583547592163086
-130.0833363349997,41.13333415599992,23.396453857421875
-130.0833363349997,41.250000824999915,26.88906478881836
-130.0833363349997,41.36666749399991,8.092314720153809
-130.0833363349997,41.48333416299991,-2.942049026489258
-130.0833363349997,41.60000083199991,-4.529391288757324
-130.0833363349997,41.716667500999904,-5.401632308959961
-130.0833363349997,41.8333341699999,-1.4517488479614258
-130.0833363349997,41.9500008389999,-2.7230312824249268
-130.0833363349997,42.066667507999895,-11.445351600646973
-130.0833363349997,42.18333417699989,-8.525909423828125
-130.0833363349997,42.30000084599989,-8.650650978088379
-130.0833363349997,42.41666751499989,-9.258968353271484
-130.0833363349997,42.533334183999884,-11.124117851257324
-130.0833363349997,42.65000085299988,-10.937749862670898
-130.0833363349997,42.76666752199988,-14.402060508728027
-130.0833363349997,42.883334190999875,-12.345296859741211
-130.0833363349997,43.00000085999987,-11.37986946105957
-130.0833363349997,43.11666752899987,-10.242371559143066
-130.0833363349997,43.233334197999866,-6.90576171875
-130.0833363349997,43.35000086699986,-3.4049158096313477
-130.0833363349997,43.46666753599986,-10.71882152557373
-130.0833363349997,43.58333420499986,-19.744178771972656
-130.0833363349997,43.700000873999855,-26.466793060302734
-130.0833363349997,43.81666754299985,-17.863494873046875
-130.0833363349997,43.93333421199985,-19.027667999267578
-130.0833363349997,44.050000880999846,-21.22563934326172
-130.0833363349997,44.16666754999984,-18.270185470581055
-130.0833363349997,44.28333421899984,-8.277132987976074
-130.0833363349997,44.40000088799984,-28.071508407592773
-130.0833363349997,44.516667556999835,10.93511962890625
-130.0833363349997,44.63333422599983,-8.108915328979492
-130.0833363349997,44.75000089499983,-9.175570487976074
-130.0833363349997,44.866667563999826,3.5223989486694336
-130.0833363349997,44.98333423299982,4.759366035461426
-130.0833363349997,45.10000090199982,4.702646255493164
-130.0833363349997,45.21666757099982,9.145333290100098
-130.0833363349997,45.333334239999814,2.0488831996917725
-130.0833363349997,45.45000090899981,5.402239799499512
-130.0833363349997,45.56666757799981,9.125551223754883
-130.0833363349997,45.683334246999806,8.48096752166748
-130.0833363349997,45.8000009159998,15.695378303527832
-130.0833363349997,45.9166675849998,20.1922607421875
-130.0833363349997,46.0333342539998,13.661693572998047
-130.0833363349997,46.150000922999794,-18.974639892578125
-130.0833363349997,46.26666759199979,-21.158578872680664
-130.0833363349997,46.38333426099979,-4.235560417175293
-130.0833363349997,46.500000929999786,-11.456629753112793
-130.0833363349997,46.61666759899978,-2.204981803894043
-130.0833363349997,46.73333426799978,-1.4110621213912964
-130.0833363349997,46.85000093699978,-0.9643529057502747
-130.0833363349997,46.966667605999774,-1.554810881614685
-130.0833363349997,47.08333427499977,-0.27850228548049927
-130.0833363349997,47.20000094399977,-3.519502639770508
-130.0833363349997,47.316667612999765,-10.380163192749023
-130.0833363349997,47.43333428199976,-4.984448432922363
-130.0833363349997,47.55000095099976,-9.100272178649902
-130.0833363349997,47.66666761999976,-8.536458015441895
-130.0833363349997,47.783334288999754,-10.98243236541748
-130.0833363349997,47.90000095799975,-12.828545570373535
-130.0833363349997,48.01666762699975,27.963539123535156
-130.0833363349997,48.133334295999745,-11.815951347351074
-130.0833363349997,48.25000096499974,-16.14046287536621
-130.0833363349997,48.36666763399974,3.4731838703155518
-130.0833363349997,48.48333430299974,11.10916519165039
-130.0833363349997,48.600000971999734,-16.295795440673828
-130.0833363349997,48.71666764099973,-16.864622116088867
-130.0833363349997,48.83333430999973,-16.264118194580078
-130.0833363349997,48.950000978999725,-15.928330421447754
-130.0833363349997,49.06666764799972,-15.656156539916992
-130.0833363349997,49.18333431699972,-1.6376131772994995
-130.0833363349997,49.300000985999716,-0.7411463856697083
-130.0833363349997,49.41666765499971,-2.8373212814331055
-130.0833363349997,49.53333432399971,-5.008822441101074
-130.0833363349997,49.65000099299971,-2.23059344291687
-130.0833363349997,49.766667661999705,18.811376571655273
-130.0833363349997,49.8833343309997,4.122899055480957
-130.0833363349997,50.0000009999997,11.791969299316406
-130.0833363349997,50.116667668999696,26.73298454284668
-130.0833363349997,50.23333433799969,8.560112953186035
-130.0833363349997,50.35000100699969,4.2179460525512695
-130.0833363349997,50.46666767599969,7.335772514343262
-130.0833363349997,50.583334344999685,-9.928817749023438
-130.0833363349997,50.70000101399968,-19.21636390686035
-130.0833363349997,50.81666768299968,-42.21884536743164
-130.0833363349997,50.933334351999676,-64.73613739013672
-130.0833363349997,51.05000102099967,-49.20577621459961
-130.0833363349997,51.16666768999967,-10.729750633239746
-130.0833363349997,51.28333435899967,-12.920125007629395
-130.0833363349997,51.400001027999664,-10.519898414611816
-130.0833363349997,51.51666769699966,-9.569923400878906
-130.0833363349997,51.63333436599966,-13.791646003723145
-130.0833363349997,51.750001034999656,-14.393092155456543
-130.0833363349997,51.86666770399965,-4.861581802368164
-130.0833363349997,51.98333437299965,-7.508734703063965
-130.0833363349997,52.10000104199965,-5.35050106048584
-130.0833363349997,52.216667710999644,-18.298141479492188
-130.0833363349997,52.33333437999964,-7.506448745727539
-130.0833363349997,52.45000104899964,-11.5161771774292
-130.0833363349997,52.566667717999636,-11.818964004516602
-130.0833363349997,52.68333438699963,-15.114863395690918
-130.0833363349997,52.80000105599963,-14.441289901733398
-130.0833363349997,52.91666772499963,-7.622759819030762
-130.0833363349997,53.033334393999624,-16.703447341918945
-130.0833363349997,53.15000106299962,3.174070358276367
-130.0833363349997,53.26666773199962,11.068002700805664
-130.0833363349997,53.383334400999615,12.806958198547363
-130.0833363349997,53.50000106999961,12.19187068939209
-130.0833363349997,53.61666773899961,1.9744195938110352
-130.0833363349997,53.73333440799961,24.607101440429688
-130.0833363349997,53.850001076999604,-0.9817702770233154
-130.0833363349997,53.9666677459996,-10.27858829498291
-129.9666696659997,37.983334092999996,-11.98977279663086
-129.9666696659997,38.10000076199999,-12.540905952453613
-129.9666696659997,38.21666743099999,-18.959453582763672
-129.9666696659997,38.33333409999999,-28.612825393676758
-129.9666696659997,38.450000768999985,-36.53337860107422
-129.9666696659997,38.56666743799998,-17.363231658935547
-129.9666696659997,38.68333410699998,-2.883375883102417
-129.9666696659997,38.800000775999976,-8.647370338439941
-129.9666696659997,38.91666744499997,-13.060173988342285
-129.9666696659997,39.03333411399997,-18.288022994995117
-129.9666696659997,39.15000078299997,-18.464136123657227
-129.9666696659997,39.266667451999965,-19.038936614990234
-129.9666696659997,39.38333412099996,-21.236034393310547
-129.9666696659997,39.50000078999996,-23.704830169677734
-129.9666696659997,39.616667458999956,-28.427001953125
-129.9666696659997,39.73333412799995,-29.910133361816406
-129.9666696659997,39.85000079699995,-33.15278244018555
-129.9666696659997,39.96666746599995,-48.73817443847656
-129.9666696659997,40.083334134999944,-69.98412322998047
-129.9666696659997,40.20000080399994,-76.41957092285156
-129.9666696659997,40.31666747299994,-40.26276397705078
-129.9666696659997,40.433334141999936,22.07898712158203
-129.9666696659997,40.55000081099993,10.693467140197754
-129.9666696659997,40.66666747999993,13.016693115234375
-129.9666696659997,40.78333414899993,14.3085298538208
-129.9666696659997,40.900000817999924,-2.2600784301757812
-129.9666696659997,41.01666748699992,-6.042793273925781
-129.9666696659997,41.13333415599992,-4.662052154541016
-129.9666696659997,41.250000824999915,9.120621681213379
-129.9666696659997,41.36666749399991,-0.04540565609931946
-129.9666696659997,41.48333416299991,-10.760457038879395
-129.9666696659997,41.60000083199991,-1.975056767463684
-129.9666696659997,41.716667500999904,1.4900246858596802
-129.9666696659997,41.8333341699999,0.25941044092178345
-129.9666696659997,41.9500008389999,-2.950242280960083
-129.9666696659997,42.066667507999895,-6.576062202453613
-129.9666696659997,42.18333417699989,-10.6972017288208
-129.9666696659997,42.30000084599989,-12.748662948608398
-129.9666696659997,42.41666751499989,-15.513873100280762
-129.9666696659997,42.533334183999884,-12.281698226928711
-129.9666696659997,42.65000085299988,-12.817705154418945
-129.9666696659997,42.76666752199988,-17.936683654785156
-129.9666696659997,42.883334190999875,-15.134804725646973
-129.9666696659997,43.00000085999987,-10.785270690917969
-129.9666696659997,43.11666752899987,-5.685072898864746
-129.9666696659997,43.233334197999866,-2.774282455444336
-129.9666696659997,43.35000086699986,-2.262295961380005
-129.9666696659997,43.46666753599986,-6.711529731750488
-129.9666696659997,43.58333420499986,-20.41901969909668
-129.9666696659997,43.700000873999855,-23.137969970703125
-129.9666696659997,43.81666754299985,-14.043190956115723
-129.9666696659997,43.93333421199985,-12.275915145874023
-129.9666696659997,44.050000880999846,-29.585655212402344
-129.9666696659997,44.16666754999984,3.1491007804870605
-129.9666696659997,44.28333421899984,-27.107563018798828
-129.9666696659997,44.40000088799984,-2.1012868881225586
-129.9666696659997,44.516667556999835,9.750396728515625
-129.9666696659997,44.63333422599983,-4.513768196105957
-129.9666696659997,44.75000089499983,-10.102933883666992
-129.9666696659997,44.866667563999826,-6.682040214538574
-129.9666696659997,44.98333423299982,-6.201231002807617
-129.9666696659997,45.10000090199982,-2.550823211669922
-129.9666696659997,45.21666757099982,-0.03359922766685486
-129.9666696659997,45.333334239999814,5.402774810791016
-129.9666696659997,45.45000090899981,4.748456954956055
-129.9666696659997,45.56666757799981,3.1678214073181152
-129.9666696659997,45.683334246999806,3.723914384841919
-129.9666696659997,45.8000009159998,12.739927291870117
-129.9666696659997,45.9166675849998,25.099245071411133
-129.9666696659997,46.0333342539998,19.550853729248047
-129.9666696659997,46.150000922999794,15.839446067810059
-129.9666696659997,46.26666759199979,-1.4903594255447388
-129.9666696659997,46.38333426099979,-5.334891319274902
-129.9666696659997,46.500000929999786,-0.17667292058467865
-129.9666696659997,46.61666759899978,4.286661148071289
-129.9666696659997,46.73333426799978,-10.786880493164062
-129.9666696659997,46.85000093699978,1.5197644233703613
-129.9666696659997,46.966667605999774,-0.6286100149154663
-129.9666696659997,47.08333427499977,-0.326377809047699
-129.9666696659997,47.20000094399977,0.703510046005249
-129.9666696659997,47.316667612999765,-3.8407909870147705
-129.9666696659997,47.43333428199976,-7.935532569885254
-129.9666696659997,47.55000095099976,-9.18674373626709
-129.9666696659997,47.66666761999976,-11.819599151611328
-129.9666696659997,47.783334288999754,-10.395098686218262
-129.9666696659997,47.90000095799975,-11.051026344299316
-129.9666696659997,48.01666762699975,3.1561243534088135
-129.9666696659997,48.133334295999745,-19.010459899902344
-129.9666696659997,48.25000096499974,-13.231751441955566
-129.9666696659997,48.36666763399974,24.590967178344727
-129.9666696659997,48.48333430299974,-13.530195236206055
-129.9666696659997,48.600000971999734,-14.500593185424805
-129.9666696659997,48.71666764099973,-21.409048080444336
-129.9666696659997,48.83333430999973,-20.971683502197266
-129.9666696659997,48.950000978999725,-19.152164459228516
-129.9666696659997,49.06666764799972,-15.267706871032715
-129.9666696659997,49.18333431699972,-8.056114196777344
-129.9666696659997,49.300000985999716,-1.1891694068908691
-129.9666696659997,49.41666765499971,-3.330514907836914
-129.9666696659997,49.53333432399971,-9.837676048278809
-129.9666696659997,49.65000099299971,2.0297317504882812
-129.9666696659997,49.766667661999705,24.773101806640625
-129.9666696659997,49.8833343309997,1.038957118988037
-129.9666696659997,50.0000009999997,5.453375816345215
-129.9666696659997,50.116667668999696,16.72972297668457
-129.9666696659997,50.23333433799969,11.10642147064209
-129.9666696659997,50.35000100699969,18.47067642211914
-129.9666696659997,50.46666767599969,-10.276453018188477
-129.9666696659997,50.583334344999685,-24.957704544067383
-129.9666696659997,50.70000101399968,-41.696102142333984
-129.9666696659997,50.81666768299968,-64.38086700439453
-129.9666696659997,50.933334351999676,-84.7191390991211
-129.9666696659997,51.05000102099967,-59.83774948120117
-129.9666696659997,51.16666768999967,-24.86819076538086
-129.9666696659997,51.28333435899967,-1.0822763442993164
-129.9666696659997,51.400001027999664,-5.020395278930664
-129.9666696659997,51.51666769699966,-9.672353744506836
-129.9666696659997,51.63333436599966,-14.677557945251465
-129.9666696659997,51.750001034999656,-20.40235710144043
-129.9666696659997,51.86666770399965,-17.852567672729492
-129.9666696659997,51.98333437299965,-8.740363121032715
-129.9666696659997,52.10000104199965,-2.8881661891937256
-129.9666696659997,52.216667710999644,2.6839401721954346
-129.9666696659997,52.33333437999964,2.324927806854248
-129.9666696659997,52.45000104899964,3.0735485553741455
-129.9666696659997,52.566667717999636,2.153357982635498
-129.9666696659997,52.68333438699963,-10.109833717346191
-129.9666696659997,52.80000105599963,-12.254572868347168
-129.9666696659997,52.91666772499963,-9.197372436523438
-129.9666696659997,53.033334393999624,-13.954124450683594
-129.9666696659997,53.15000106299962,26.360435485839844
-129.9666696659997,53.26666773199962,30.328189849853516
-129.9666696659997,53.383334400999615,12.442699432373047
-129.9666696659997,53.50000106999961,-0.9526203870773315
-129.9666696659997,53.61666773899961,14.640020370483398
-129.9666696659997,53.73333440799961,13.84188461303711
-129.9666696659997,53.850001076999604,-0.1046714186668396
-129.9666696659997,53.9666677459996,21.068212509155273
-129.85000299699968,37.983334092999996,-14.158827781677246
-129.85000299699968,38.10000076199999,-13.361310958862305
-129.85000299699968,38.21666743099999,-21.747846603393555
-129.85000299699968,38.33333409999999,-29.488574981689453
-129.85000299699968,38.450000768999985,-33.323612213134766
-129.85000299699968,38.56666743799998,-16.6221923828125
-129.85000299699968,38.68333410699998,-5.4403076171875
-129.85000299699968,38.800000775999976,-10.579586029052734
-129.85000299699968,38.91666744499997,-14.173663139343262
-129.85000299699968,39.03333411399997,-17.14520263671875
-129.85000299699968,39.15000078299997,-16.937747955322266
-129.85000299699968,39.266667451999965,-17.093137741088867
-129.85000299699968,39.38333412099996,-17.101520538330078
-129.85000299699968,39.50000078999996,-22.80596160888672
-129.85000299699968,39.616667458999956,-27.720333099365234
-129.85000299699968,39.73333412799995,-31.48590850830078
-129.85000299699968,39.85000079699995,-35.3246955871582
-129.85000299699968,39.96666746599995,-47.9719123840332
-129.85000299699968,40.083334134999944,-68.61202239990234
-129.85000299699968,40.20000080399994,-66.73055267333984
-129.85000299699968,40.31666747299994,-30.344425201416016
-129.85000299699968,40.433334141999936,24.87385368347168
-129.85000299699968,40.55000081099993,15.959214210510254
-129.85000299699968,40.66666747999993,3.20154070854187
-129.85000299699968,40.78333414899993,-2.1270766258239746
-129.85000299699968,40.900000817999924,-4.475478172302246
-129.85000299699968,41.01666748699992,6.736471176147461
-129.85000299699968,41.13333415599992,-11.557906150817871
-129.85000299699968,41.250000824999915,-2.2338478565216064
-129.85000299699968,41.36666749399991,20.794410705566406
-129.85000299699968,41.48333416299991,-3.7552475929260254
-129.85000299699968,41.60000083199991,-14.078266143798828
-129.85000299699968,41.716667500999904,-6.952380180358887
-129.85000299699968,41.8333341699999,-4.262768745422363
-129.85000299699968,41.9500008389999,-4.764095306396484
-129.85000299699968,42.066667507999895,-8.862983703613281
-129.85000299699968,42.18333417699989,-13.655976295471191
-129.85000299699968,42.30000084599989,-10.141032218933105
-129.85000299699968,42.41666751499989,-12.997267723083496
-129.85000299699968,42.533334183999884,-14.41513442993164
-129.85000299699968,42.65000085299988,-18.69532585144043
-129.85000299699968,42.76666752199988,-16.311071395874023
-129.85000299699968,42.883334190999875,-14.715705871582031
-129.85000299699968,43.00000085999987,-9.420027732849121
-129.85000299699968,43.11666752899987,-4.457406997680664
-129.85000299699968,43.233334197999866,-5.8300371170043945
-129.85000299699968,43.35000086699986,-4.754161834716797
-129.85000299699968,43.46666753599986,-9.64723014831543
-129.85000299699968,43.58333420499986,-18.719993591308594
-129.85000299699968,43.700000873999855,-18.50423812866211
-129.85000299699968,43.81666754299985,-17.526159286499023
-129.85000299699968,43.93333421199985,-13.735042572021484
-129.85000299699968,44.050000880999846,-28.688268661499023
-129.85000299699968,44.16666754999984,17.969100952148438
-129.85000299699968,44.28333421899984,-28.7110595703125
-129.85000299699968,44.40000088799984,15.674046516418457
-129.85000299699968,44.516667556999835,-1.4015188217163086
-129.85000299699968,44.63333422599983,-13.899537086486816
-129.85000299699968,44.75000089499983,-9.323467254638672
-129.85000299699968,44.866667563999826,-4.053483486175537
-129.85000299699968,44.98333423299982,-6.259477615356445
-129.85000299699968,45.10000090199982,-4.000527858734131
-129.85000299699968,45.21666757099982,-8.73755168914795
-129.85000299699968,45.333334239999814,-1.5383338928222656
-129.85000299699968,45.45000090899981,-0.019444435834884644
-129.85000299699968,45.56666757799981,5.727469444274902
-129.85000299699968,45.683334246999806,2.025423049926758
-129.85000299699968,45.8000009159998,7.437213897705078
-129.85000299699968,45.9166675849998,15.329435348510742
-129.85000299699968,46.0333342539998,1.895655870437622
-129.85000299699968,46.150000922999794,12.664342880249023
-129.85000299699968,46.26666759199979,7.949176788330078
-129.85000299699968,46.38333426099979,-5.84415340423584
-129.85000299699968,46.500000929999786,-5.624360084533691
-129.85000299699968,46.61666759899978,-4.899521827697754
-129.85000299699968,46.73333426799978,-12.56739330291748
-129.85000299699968,46.85000093699978,-6.968404769897461
-129.85000299699968,46.966667605999774,-7.4227705001831055
-129.85000299699968,47.08333427499977,-8.212688446044922
-129.85000299699968,47.20000094399977,-5.549663543701172
-129.85000299699968,47.316667612999765,-4.040678977966309
-129.85000299699968,47.43333428199976,-8.37090015411377
-129.85000299699968,47.55000095099976,-11.173410415649414
-129.85000299699968,47.66666761999976,-7.746519088745117
-129.85000299699968,47.783334288999754,-8.786018371582031
-129.85000299699968,47.90000095799975,-9.358805656433105
-129.85000299699968,48.01666762699975,-5.238072395324707
-129.85000299699968,48.133334295999745,-15.896615028381348
-129.85000299699968,48.25000096499974,7.462738037109375
-129.85000299699968,48.36666763399974,5.513465881347656
-129.85000299699968,48.48333430299974,-19.516986846923828
-129.85000299699968,48.600000971999734,-0.9494696259498596
-129.85000299699968,48.71666764099973,-23.36530113220215
-129.85000299699968,48.83333430999973,-24.84267807006836
-129.85000299699968,48.950000978999725,-17.08782386779785
-129.85000299699968,49.06666764799972,-12.818008422851562
-129.85000299699968,49.18333431699972,-11.263137817382812
-129.85000299699968,49.300000985999716,-4.764017105102539
-129.85000299699968,49.41666765499971,-3.2612154483795166
-129.85000299699968,49.53333432399971,-10.47403335571289
-129.85000299699968,49.65000099299971,-2.8520147800445557
-129.85000299699968,49.766667661999705,24.208192825317383
-129.85000299699968,49.8833343309997,0.8914015293121338
-129.85000299699968,50.0000009999997,-2.7344536781311035
-129.85000299699968,50.116667668999696,-12.517224311828613
-129.85000299699968,50.23333433799969,14.632548332214355
-129.85000299699968,50.35000100699969,4.388763427734375
-129.85000299699968,50.46666767599969,-21.100078582763672
-129.85000299699968,50.583334344999685,-40.42856216430664
-129.85000299699968,50.70000101399968,-62.886962890625
-129.85000299699968,50.81666768299968,-89.25849151611328
-129.85000299699968,50.933334351999676,-79.67337036132812
-129.85000299699968,51.05000102099967,-44.87643051147461
-129.85000299699968,51.16666768999967,-36.21550369262695
-129.85000299699968,51.28333435899967,3.6155295372009277
-129.85000299699968,51.400001027999664,-2.4726338386535645
-129.85000299699968,51.51666769699966,-3.893825054168701
-129.85000299699968,51.63333436599966,-8.023749351501465
-129.85000299699968,51.750001034999656,-9.103231430053711
-129.85000299699968,51.86666770399965,-2.5461277961730957
-129.85000299699968,51.98333437299965,-15.736778259277344
-129.85000299699968,52.10000104199965,3.8486034870147705
-129.85000299699968,52.216667710999644,10.530024528503418
-129.85000299699968,52.33333437999964,-0.733279824256897
-129.85000299699968,52.45000104899964,-10.708553314208984
-129.85000299699968,52.566667717999636,-10.731788635253906
-129.85000299699968,52.68333438699963,-5.822490692138672
-129.85000299699968,52.80000105599963,-4.414019584655762
-129.85000299699968,52.91666772499963,-7.3827009201049805
-129.85000299699968,53.033334393999624,-13.772222518920898
-129.85000299699968,53.15000106299962,20.031505584716797
-129.85000299699968,53.26666773199962,21.931623458862305
-129.85000299699968,53.383334400999615,12.393134117126465
-129.85000299699968,53.50000106999961,16.542028427124023
-129.85000299699968,53.61666773899961,28.264183044433594
-129.85000299699968,53.73333440799961,8.091808319091797
-129.85000299699968,53.850001076999604,17.718814849853516
-129.85000299699968,53.9666677459996,17.049949645996094
-129.73333632799967,37.983334092999996,-12.479713439941406
-129.73333632799967,38.10000076199999,-15.137649536132812
-129.73333632799967,38.21666743099999,-18.700603485107422
-129.73333632799967,38.33333409999999,-25.22821044921875
-129.73333632799967,38.450000768999985,-29.07997703552246
-129.73333632799967,38.56666743799998,-19.207319259643555
-129.73333632799967,38.68333410699998,-2.635895013809204
-129.73333632799967,38.800000775999976,-10.115756034851074
-129.73333632799967,38.91666744499997,-15.044963836669922
-129.73333632799967,39.03333411399997,-19.042694091796875
-129.73333632799967,39.15000078299997,-16.722116470336914
-129.73333632799967,39.266667451999965,-19.91378402709961
-129.73333632799967,39.38333412099996,-20.37265968322754
-129.73333632799967,39.50000078999996,-23.261653900146484
-129.73333632799967,39.616667458999956,-28.555410385131836
-129.73333632799967,39.73333412799995,-36.75409698486328
-129.73333632799967,39.85000079699995,-41.45707702636719
-129.73333632799967,39.96666746599995,-52.4953727722168
-129.73333632799967,40.083334134999944,-67.15039825439453
-129.73333632799967,40.20000080399994,-58.3264045715332
-129.73333632799967,40.31666747299994,-17.1508846282959
-129.73333632799967,40.433334141999936,12.246691703796387
-129.73333632799967,40.55000081099993,8.184313774108887
-129.73333632799967,40.66666747999993,2.775369644165039
-129.73333632799967,40.78333414899993,-2.69354248046875
-129.73333632799967,40.900000817999924,-3.6200106143951416
-129.73333632799967,41.01666748699992,6.059975624084473
-129.73333632799967,41.13333415599992,-7.904552459716797
-129.73333632799967,41.250000824999915,-13.998589515686035
-129.73333632799967,41.36666749399991,-8.523983001708984
-129.73333632799967,41.48333416299991,5.672451972961426
-129.73333632799967,41.60000083199991,-5.457039833068848
-129.73333632799967,41.716667500999904,-16.700956344604492
-129.73333632799967,41.8333341699999,-14.779285430908203
-129.73333632799967,41.9500008389999,-10.642984390258789
-129.73333632799967,42.066667507999895,-11.729087829589844
-129.73333632799967,42.18333417699989,-16.431034088134766
-129.73333632799967,42.30000084599989,-17.037267684936523
-129.73333632799967,42.41666751499989,-17.021345138549805
-129.73333632799967,42.533334183999884,-18.427560806274414
-129.73333632799967,42.65000085299988,-18.094989776611328
-129.73333632799967,42.76666752199988,-16.282882690429688
-129.73333632799967,42.883334190999875,-11.492870330810547
-129.73333632799967,43.00000085999987,-8.564958572387695
-129.73333632799967,43.11666752899987,-16.610469818115234
-129.73333632799967,43.233334197999866,-13.7991943359375
-129.73333632799967,43.35000086699986,-8.60930061340332
-129.73333632799967,43.46666753599986,-14.549799919128418
-129.73333632799967,43.58333420499986,-20.027328491210938
-129.73333632799967,43.700000873999855,-18.054859161376953
-129.73333632799967,43.81666754299985,-17.00687026977539
-129.73333632799967,43.93333421199985,-21.23040771484375
-129.73333632799967,44.050000880999846,-12.648426055908203
-129.73333632799967,44.16666754999984,0.36810237169265747
-129.73333632799967,44.28333421899984,-26.817337036132812
-129.73333632799967,44.40000088799984,19.329011917114258
-129.73333632799967,44.516667556999835,4.154425621032715
-129.73333632799967,44.63333422599983,-13.304818153381348
-129.73333632799967,44.75000089499983,-8.59610652923584
-129.73333632799967,44.866667563999826,-8.08913516998291
-129.73333632799967,44.98333423299982,-7.410157203674316
-129.73333632799967,45.10000090199982,-2.604438066482544
-129.73333632799967,45.21666757099982,-3.94455623626709
-129.73333632799967,45.333334239999814,-8.780770301818848
-129.73333632799967,45.45000090899981,-6.7601118087768555
-129.73333632799967,45.56666757799981,1.6291723251342773
-129.73333632799967,45.683334246999806,-4.700138092041016
-129.73333632799967,45.8000009159998,-10.676965713500977
-129.73333632799967,45.9166675849998,-2.586660623550415
-129.73333632799967,46.0333342539998,7.021282196044922
-129.73333632799967,46.150000922999794,2.750472068786621
-129.73333632799967,46.26666759199979,10.67819881439209
-129.73333632799967,46.38333426099979,3.2391912937164307
-129.73333632799967,46.500000929999786,-7.478543281555176
-129.73333632799967,46.61666759899978,-7.74266242980957
-129.73333632799967,46.73333426799978,-8.28957748413086
-129.73333632799967,46.85000093699978,-10.611400604248047
-129.73333632799967,46.966667605999774,-9.399166107177734
-129.73333632799967,47.08333427499977,-7.9321746826171875
-129.73333632799967,47.20000094399977,-8.214505195617676
-129.73333632799967,47.316667612999765,-8.715426445007324
-129.73333632799967,47.43333428199976,-3.4309706687927246
-129.73333632799967,47.55000095099976,-7.213126182556152
-129.73333632799967,47.66666761999976,-6.329072952270508
-129.73333632799967,47.783334288999754,-3.9144701957702637
-129.73333632799967,47.90000095799975,1.4125990867614746
-129.73333632799967,48.01666762699975,-14.877327919006348
-129.73333632799967,48.133334295999745,-9.131836891174316
-129.73333632799967,48.25000096499974,6.143237113952637
-129.73333632799967,48.36666763399974,-16.969356536865234
-129.73333632799967,48.48333430299974,-1.52285635471344
-129.73333632799967,48.600000971999734,4.960481643676758
-129.73333632799967,48.71666764099973,-27.642683029174805
-129.73333632799967,48.83333430999973,-32.56724548339844
-129.73333632799967,48.950000978999725,-15.523313522338867
-129.73333632799967,49.06666764799972,-11.160515785217285
-129.73333632799967,49.18333431699972,-12.504051208496094
-129.73333632799967,49.300000985999716,-6.963299751281738
-129.73333632799967,49.41666765499971,-6.540311813354492
-129.73333632799967,49.53333432399971,-13.569661140441895
-129.73333632799967,49.65000099299971,-0.7062757015228271
-129.73333632799967,49.766667661999705,16.900815963745117
-129.73333632799967,49.8833343309997,4.45908260345459
-129.73333632799967,50.0000009999997,7.61798095703125
-129.73333632799967,50.116667668999696,-15.000383377075195
-129.73333632799967,50.23333433799969,16.97843360900879
-129.73333632799967,50.35000100699969,-17.495885848999023
-129.73333632799967,50.46666767599969,-39.23517990112305
-129.73333632799967,50.583334344999685,-57.417240142822266
-129.73333632799967,50.70000101399968,-85.97633361816406
-129.73333632799967,50.81666768299968,-99.73149108886719
-129.73333632799967,50.933334351999676,-37.108863830566406
-129.73333632799967,51.05000102099967,-24.03252601623535
-129.73333632799967,51.16666768999967,0.5823251605033875
-129.73333632799967,51.28333435899967,-0.34909582138061523
-129.73333632799967,51.400001027999664,7.955907821655273
-129.73333632799967,51.51666769699966,15.660469055175781
-129.73333632799967,51.63333436599966,2.126915454864502
-129.73333632799967,51.750001034999656,-3.240626335144043
-129.73333632799967,51.86666770399965,11.143187522888184
-129.73333632799967,51.98333437299965,-8.626011848449707
-129.73333632799967,52.10000104199965,2.8311097621917725
-129.73333632799967,52.216667710999644,-0.3489829897880554
-129.73333632799967,52.33333437999964,-11.038958549499512
-129.73333632799967,52.45000104899964,-8.87612247467041
-129.73333632799967,52.566667717999636,-4.974062919616699
-129.73333632799967,52.68333438699963,9.311084747314453
-129.73333632799967,52.80000105599963,3.9340837001800537
-129.73333632799967,52.91666772499963,2.552978992462158
-129.73333632799967,53.033334393999624,11.34711742401123
-129.73333632799967,53.15000106299962,-14.279935836791992
-129.73333632799967,53.26666773199962,-9.097966194152832
-129.73333632799967,53.383334400999615,28.089683532714844
-129.73333632799967,53.50000106999961,44.78748321533203
-129.73333632799967,53.61666773899961,3.6279966831207275
-129.73333632799967,53.73333440799961,16.28141975402832
-129.73333632799967,53.850001076999604,5.83010196685791
-129.73333632799967,53.9666677459996,-14.765789031982422
-129.61666965899965,37.983334092999996,-15.404463768005371
-129.61666965899965,38.10000076199999,-17.3234806060791
-129.61666965899965,38.21666743099999,-24.467994689941406
-129.61666965899965,38.33333409999999,-26.281265258789062
-129.61666965899965,38.450000768999985,-32.14350891113281
-129.61666965899965,38.56666743799998,-24.558216094970703
-129.61666965899965,38.68333410699998,-3.6348352432250977
-129.61666965899965,38.800000775999976,-9.343962669372559
-129.61666965899965,38.91666744499997,-15.084211349487305
-129.61666965899965,39.03333411399997,-20.37604522705078
-129.61666965899965,39.15000078299997,-18.438940048217773
-129.61666965899965,39.266667451999965,-18.195898056030273
-129.61666965899965,39.38333412099996,-15.719244003295898
-129.61666965899965,39.50000078999996,-23.46652603149414
-129.61666965899965,39.616667458999956,-30.48882293701172
-129.61666965899965,39.73333412799995,-34.362403869628906
-129.61666965899965,39.85000079699995,-41.496219635009766
-129.61666965899965,39.96666746599995,-51.67643737792969
-129.61666965899965,40.083334134999944,-66.36466979980469
-129.61666965899965,40.20000080399994,-52.84598159790039
-129.61666965899965,40.31666747299994,4.1808319091796875
-129.61666965899965,40.433334141999936,40.35746383666992
-129.61666965899965,40.55000081099993,29.796964645385742
-129.61666965899965,40.66666747999993,13.313653945922852
-129.61666965899965,40.78333414899993,-3.7246010303497314
-129.61666965899965,40.900000817999924,0.3040461540222168
-129.61666965899965,41.01666748699992,6.781725883483887
-129.61666965899965,41.13333415599992,13.611735343933105
-129.61666965899965,41.250000824999915,10.3349027633667
-129.61666965899965,41.36666749399991,-0.5003191232681274
-129.61666965899965,41.48333416299991,-5.980605125427246
-129.61666965899965,41.60000083199991,-5.071192741394043
-129.61666965899965,41.716667500999904,-6.4363603591918945
-129.61666965899965,41.8333341699999,-2.1445465087890625
-129.61666965899965,41.9500008389999,-5.006247520446777
-129.61666965899965,42.066667507999895,-2.8149633407592773
-129.61666965899965,42.18333417699989,-3.0492007732391357
-129.61666965899965,42.30000084599989,-6.801501274108887
-129.61666965899965,42.41666751499989,-10.58761215209961
-129.61666965899965,42.533334183999884,-16.72572898864746
-129.61666965899965,42.65000085299988,-15.878252983093262
-129.61666965899965,42.76666752199988,-17.589582443237305
-129.61666965899965,42.883334190999875,-13.408323287963867
-129.61666965899965,43.00000085999987,-12.094886779785156
-129.61666965899965,43.11666752899987,-7.833373069763184
-129.61666965899965,43.233334197999866,-4.015548229217529
-129.61666965899965,43.35000086699986,-8.164527893066406
-129.61666965899965,43.46666753599986,-16.394350051879883
-129.61666965899965,43.58333420499986,-21.455076217651367
-129.61666965899965,43.700000873999855,-16.972564697265625
-129.61666965899965,43.81666754299985,-18.18498992919922
-129.61666965899965,43.93333421199985,-27.45883560180664
-129.61666965899965,44.050000880999846,-7.910901069641113
-129.61666965899965,44.16666754999984,-32.74772644042969
-129.61666965899965,44.28333421899984,-21.064228057861328
-129.61666965899965,44.40000088799984,10.761656761169434
-129.61666965899965,44.516667556999835,9.839794158935547
-129.61666965899965,44.63333422599983,-6.349218368530273
-129.61666965899965,44.75000089499983,-8.924999237060547
-129.61666965899965,44.866667563999826,-12.095911979675293
-129.61666965899965,44.98333423299982,-8.517860412597656
-129.61666965899965,45.10000090199982,-6.294925689697266
-129.61666965899965,45.21666757099982,-5.490874290466309
-129.61666965899965,45.333334239999814,-5.134280204772949
-129.61666965899965,45.45000090899981,-6.7024335861206055
-129.61666965899965,45.56666757799981,-8.374359130859375
-129.61666965899965,45.683334246999806,-8.137147903442383
-129.61666965899965,45.8000009159998,-3.818450689315796
-129.61666965899965,45.9166675849998,-13.64630126953125
-129.61666965899965,46.0333342539998,-2.79842472076416
-129.61666965899965,46.150000922999794,-7.238382339477539
-129.61666965899965,46.26666759199979,5.321294784545898
-129.61666965899965,46.38333426099979,4.5127668380737305
-129.61666965899965,46.500000929999786,4.870002746582031
-129.61666965899965,46.61666759899978,-4.898591041564941
-129.61666965899965,46.73333426799978,-8.412191390991211
-129.61666965899965,46.85000093699978,-7.491781234741211
-129.61666965899965,46.966667605999774,-10.891923904418945
-129.61666965899965,47.08333427499977,-8.12662410736084
-129.61666965899965,47.20000094399977,-11.84327220916748
-129.61666965899965,47.316667612999765,-10.849059104919434
-129.61666965899965,47.43333428199976,0.48871177434921265
-129.61666965899965,47.55000095099976,-12.210427284240723
-129.61666965899965,47.66666761999976,-3.7767884731292725
-129.61666965899965,47.783334288999754,-4.382358551025391
-129.61666965899965,47.90000095799975,7.190451622009277
-129.61666965899965,48.01666762699975,-10.740190505981445
-129.61666965899965,48.133334295999745,-2.896460771560669
-129.61666965899965,48.25000096499974,-8.340588569641113
-129.61666965899965,48.36666763399974,-12.548007011413574
-129.61666965899965,48.48333430299974,17.31033706665039
-129.61666965899965,48.600000971999734,-2.685401678085327
-129.61666965899965,48.71666764099973,-29.479642868041992
-129.61666965899965,48.83333430999973,-26.572778701782227
-129.61666965899965,48.950000978999725,-8.90869140625
-129.61666965899965,49.06666764799972,-7.888487815856934
-129.61666965899965,49.18333431699972,-13.750801086425781
-129.61666965899965,49.300000985999716,-4.797351837158203
-129.61666965899965,49.41666765499971,-8.702603340148926
-129.61666965899965,49.53333432399971,-11.322234153747559
-129.61666965899965,49.65000099299971,2.7030158042907715
-129.61666965899965,49.766667661999705,7.61474609375
-129.61666965899965,49.8833343309997,10.400201797485352
-129.61666965899965,50.0000009999997,23.671611785888672
-129.61666965899965,50.116667668999696,22.617908477783203
-129.61666965899965,50.23333433799969,-2.9468929767608643
-129.61666965899965,50.35000100699969,-28.195423126220703
-129.61666965899965,50.46666767599969,-45.65043640136719
-129.61666965899965,50.583334344999685,-79.67425537109375
-129.61666965899965,50.70000101399968,-105.8399887084961
-129.61666965899965,50.81666768299968,-72.64495849609375
-129.61666965899965,50.933334351999676,24.677114486694336
-129.61666965899965,51.05000102099967,-21.67066192626953
-129.61666965899965,51.16666768999967,14.649652481079102
-129.61666965899965,51.28333435899967,6.071099281311035
-129.61666965899965,51.400001027999664,-1.1431251764297485
-129.61666965899965,51.51666769699966,8.467947006225586
-129.61666965899965,51.63333436599966,-4.125532150268555
-129.61666965899965,51.750001034999656,-6.641482353210449
-129.61666965899965,51.86666770399965,-3.2144198417663574
-129.61666965899965,51.98333437299965,4.1006364822387695
-129.61666965899965,52.10000104199965,6.506998062133789
-129.61666965899965,52.216667710999644,-5.2804718017578125
-129.61666965899965,52.33333437999964,-3.318610906600952
-129.61666965899965,52.45000104899964,-3.9999704360961914
-129.61666965899965,52.566667717999636,1.0906474590301514
-129.61666965899965,52.68333438699963,16.414175033569336
-129.61666965899965,52.80000105599963,19.191068649291992
-129.61666965899965,52.91666772499963,3.6731197834014893
-129.61666965899965,53.033334393999624,27.02851676940918
-129.61666965899965,53.15000106299962,9.24377727508545
-129.61666965899965,53.26666773199962,-5.109500885009766
-129.61666965899965,53.383334400999615,27.815719604492188
-129.61666965899965,53.50000106999961,18.02729606628418
-129.61666965899965,53.61666773899961,2.6014819145202637
-129.61666965899965,53.73333440799961,40.74407196044922
-129.61666965899965,53.850001076999604,7.802899360656738
-129.61666965899965,53.9666677459996,-8.829380989074707
-129.50000298999964,37.983334092999996,-17.998958587646484
-129.50000298999964,38.10000076199999,-16.768110275268555
-129.50000298999964,38.21666743099999,-23.45270347595215
-129.50000298999964,38.33333409999999,-28.655431747436523
-129.50000298999964,38.450000768999985,-33.93728256225586
-129.50000298999964,38.56666743799998,-28.032604217529297
-129.50000298999964,38.68333410699998,-8.504837036132812
-129.50000298999964,38.800000775999976,-12.414909362792969
-129.50000298999964,38.91666744499997,-16.872970581054688
-129.50000298999964,39.03333411399997,-17.3742733001709
-129.50000298999964,39.15000078299997,-12.375700950622559
-129.50000298999964,39.266667451999965,-21.042133331298828
-129.50000298999964,39.38333412099996,-17.058979034423828
-129.50000298999964,39.50000078999996,-19.896331787109375
-129.50000298999964,39.616667458999956,-25.307170867919922
-129.50000298999964,39.73333412799995,-34.310585021972656
-129.50000298999964,39.85000079699995,-38.36669921875
-129.50000298999964,39.96666746599995,-49.59952926635742
-129.50000298999964,40.083334134999944,-62.31953430175781
-129.50000298999964,40.20000080399994,-41.08063507080078
-129.50000298999964,40.31666747299994,34.84383773803711
-129.50000298999964,40.433334141999936,63.86445236206055
-129.50000298999964,40.55000081099993,41.85683059692383
-129.50000298999964,40.66666747999993,26.991161346435547
-129.50000298999964,40.78333414899993,17.0664005279541
-129.50000298999964,40.900000817999924,1.206627607345581
-129.50000298999964,41.01666748699992,-1.1363861560821533
-129.50000298999964,41.13333415599992,2.0891387462615967
-129.50000298999964,41.250000824999915,2.9473981857299805
-129.50000298999964,41.36666749399991,3.4298977851867676
-129.50000298999964,41.48333416299991,7.347622871398926
-129.50000298999964,41.60000083199991,-3.1672070026397705
-129.50000298999964,41.716667500999904,-7.161579132080078
-129.50000298999964,41.8333341699999,-7.548079490661621
-129.50000298999964,41.9500008389999,-9.624773979187012
-129.50000298999964,42.066667507999895,-7.122249603271484
-129.50000298999964,42.18333417699989,-10.772481918334961
-129.50000298999964,42.30000084599989,-12.34692096710205
-129.50000298999964,42.41666751499989,-8.272982597351074
-129.50000298999964,42.533334183999884,-7.981293678283691
-129.50000298999964,42.65000085299988,-5.1595563888549805
-129.50000298999964,42.76666752199988,-5.879055976867676
-129.50000298999964,42.883334190999875,-8.252081871032715
-129.50000298999964,43.00000085999987,-4.035845756530762
-129.50000298999964,43.11666752899987,1.3438961505889893
-129.50000298999964,43.233334197999866,1.0609420537948608
-129.50000298999964,43.35000086699986,-5.132623672485352
-129.50000298999964,43.46666753599986,-15.269968032836914
-129.50000298999964,43.58333420499986,-23.67870330810547
-129.50000298999964,43.700000873999855,-19.553508758544922
-129.50000298999964,43.81666754299985,-18.558622360229492
-129.50000298999964,43.93333421199985,-21.397611618041992
-129.50000298999964,44.050000880999846,3.6852049827575684
-129.50000298999964,44.16666754999984,-37.232303619384766
-129.50000298999964,44.28333421899984,-2.6117560863494873
-129.50000298999964,44.40000088799984,1.168243646621704
-129.50000298999964,44.516667556999835,0.877265214920044
-129.50000298999964,44.63333422599983,-8.378052711486816
-129.50000298999964,44.75000089499983,-6.128379821777344
-129.50000298999964,44.866667563999826,-7.555074691772461
-129.50000298999964,44.98333423299982,-7.516819953918457
-129.50000298999964,45.10000090199982,-7.572392463684082
-129.50000298999964,45.21666757099982,-6.245412826538086
-129.50000298999964,45.333334239999814,-5.024229049682617
-129.50000298999964,45.45000090899981,-4.9253997802734375
-129.50000298999964,45.56666757799981,-10.743717193603516
-129.50000298999964,45.683334246999806,-12.107461929321289
-129.50000298999964,45.8000009159998,12.883122444152832
-129.50000298999964,45.9166675849998,-3.261615037918091
-129.50000298999964,46.0333342539998,-6.425348281860352
-129.50000298999964,46.150000922999794,-4.124182224273682
-129.50000298999964,46.26666759199979,-4.16058349609375
-129.50000298999964,46.38333426099979,0.19620254635810852
-129.50000298999964,46.500000929999786,-4.775571823120117
-129.50000298999964,46.61666759899978,-1.718087077140808
-129.50000298999964,46.73333426799978,-3.4050450325012207
-129.50000298999964,46.85000093699978,-3.753267526626587
-129.50000298999964,46.966667605999774,-7.6451263427734375
-129.50000298999964,47.08333427499977,-4.929804801940918
-129.50000298999964,47.20000094399977,-9.097064018249512
-129.50000298999964,47.316667612999765,-9.597538948059082
-129.50000298999964,47.43333428199976,-3.27376127243042
-129.50000298999964,47.55000095099976,-8.895813941955566
-129.50000298999964,47.66666761999976,-5.430729866027832
-129.50000298999964,47.783334288999754,-7.486941337585449
-129.50000298999964,47.90000095799975,-7.266302108764648
-129.50000298999964,48.01666762699975,-10.647934913635254
-129.50000298999964,48.133334295999745,-4.031322479248047
-129.50000298999964,48.25000096499974,-8.361014366149902
-129.50000298999964,48.36666763399974,0.9521938562393188
-129.50000298999964,48.48333430299974,14.4132661819458
-129.50000298999964,48.600000971999734,-13.862814903259277
-129.50000298999964,48.71666764099973,-26.315223693847656
-129.50000298999964,48.83333430999973,-23.59581756591797
-129.50000298999964,48.950000978999725,-2.708542823791504
-129.50000298999964,49.06666764799972,-5.209790229797363
-129.50000298999964,49.18333431699972,-12.978156089782715
-129.50000298999964,49.300000985999716,-2.77700138092041
-129.50000298999964,49.41666765499971,-10.070886611938477
-129.50000298999964,49.53333432399971,-11.095453262329102
-129.50000298999964,49.65000099299971,4.938327789306641
-129.50000298999964,49.766667661999705,13.389350891113281
-129.50000298999964,49.8833343309997,17.27259635925293
-129.50000298999964,50.0000009999997,41.83436965942383
-129.50000298999964,50.116667668999696,20.837743759155273
-129.50000298999964,50.23333433799969,-20.006702423095703
-129.50000298999964,50.35000100699969,-30.757930755615234
-129.50000298999964,50.46666767599969,-63.82077407836914
-129.50000298999964,50.583334344999685,-102.28997039794922
-129.50000298999964,50.70000101399968,-113.79808044433594
-129.50000298999964,50.81666768299968,-9.882184028625488
-129.50000298999964,50.933334351999676,43.03893280029297
-129.50000298999964,51.05000102099967,5.087248802185059
-129.50000298999964,51.16666768999967,-0.6487153172492981
-129.50000298999964,51.28333435899967,0.8641958236694336
-129.50000298999964,51.400001027999664,-1.5695935487747192
-129.50000298999964,51.51666769699966,2.0917742252349854
-129.50000298999964,51.63333436599966,-18.166921615600586
-129.50000298999964,51.750001034999656,-6.900559425354004
-129.50000298999964,51.86666770399965,-15.756650924682617
-129.50000298999964,51.98333437299965,-7.043313980102539
-129.50000298999964,52.10000104199965,-14.047472953796387
-129.50000298999964,52.216667710999644,-16.06322479248047
-129.50000298999964,52.33333437999964,-2.8897182941436768
-129.50000298999964,52.45000104899964,3.9394853115081787
-129.50000298999964,52.566667717999636,5.248605728149414
-129.50000298999964,52.68333438699963,-0.8981052041053772
-129.50000298999964,52.80000105599963,-18.060182571411133
-129.50000298999964,52.91666772499963,-23.520532608032227
-129.50000298999964,53.033334393999624,21.05230712890625
-129.50000298999964,53.15000106299962,-25.366477966308594
-129.50000298999964,53.26666773199962,3.39743971824646
-129.50000298999964,53.383334400999615,13.663029670715332
-129.50000298999964,53.50000106999961,-11.350251197814941
-129.50000298999964,53.61666773899961,16.80921173095703
-129.50000298999964,53.73333440799961,14.402290344238281
-129.50000298999964,53.850001076999604,17.862281799316406
-129.50000298999964,53.9666677459996,37.4781379699707
-129.38333632099963,37.983334092999996,-22.618648529052734
-129.38333632099963,38.10000076199999,-23.76830291748047
-129.38333632099963,38.21666743099999,-27.298824310302734
-129.38333632099963,38.33333409999999,-32.11071014404297
-129.38333632099963,38.450000768999985,-35.21507263183594
-129.38333632099963,38.56666743799998,-30.34430694580078
-129.38333632099963,38.68333410699998,-7.749190330505371
-129.38333632099963,38.800000775999976,-12.338018417358398
-129.38333632099963,38.91666744499997,-16.42949676513672
-129.38333632099963,39.03333411399997,-17.584335327148438
-129.38333632099963,39.15000078299997,-18.0810604095459
-129.38333632099963,39.266667451999965,-16.203731536865234
-129.38333632099963,39.38333412099996,-15.965010643005371
-129.38333632099963,39.50000078999996,-18.56808853149414
-129.38333632099963,39.616667458999956,-24.120235443115234
-129.38333632099963,39.73333412799995,-32.70198059082031
-129.38333632099963,39.85000079699995,-42.13225173950195
-129.38333632099963,39.96666746599995,-50.7512321472168
-129.38333632099963,40.083334134999944,-58.848121643066406
-129.38333632099963,40.20000080399994,-35.08079528808594
-129.38333632099963,40.31666747299994,33.227169036865234
-129.38333632099963,40.433334141999936,16.143352508544922
-129.38333632099963,40.55000081099993,20.949432373046875
-129.38333632099963,40.66666747999993,16.485998153686523
-129.38333632099963,40.78333414899993,6.357932090759277
-129.38333632099963,40.900000817999924,-2.9250080585479736
-129.38333632099963,41.01666748699992,1.8560287952423096
-129.38333632099963,41.13333415599992,0.6376017332077026
-129.38333632099963,41.250000824999915,0.9879262447357178
-129.38333632099963,41.36666749399991,-2.564450979232788
-129.38333632099963,41.48333416299991,-1.0986530780792236
-129.38333632099963,41.60000083199991,-4.894192695617676
-129.38333632099963,41.716667500999904,-5.657219886779785
-129.38333632099963,41.8333341699999,-2.770658254623413
-129.38333632099963,41.9500008389999,-3.384486436843872
-129.38333632099963,42.066667507999895,-5.099752426147461
-129.38333632099963,42.18333417699989,-6.14158821105957
-129.38333632099963,42.30000084599989,-9.953969955444336
-129.38333632099963,42.41666751499989,-9.322772026062012
-129.38333632099963,42.533334183999884,-5.784472465515137
-129.38333632099963,42.65000085299988,-3.7584521770477295
-129.38333632099963,42.76666752199988,-3.5602171421051025
-129.38333632099963,42.883334190999875,-13.591373443603516
-129.38333632099963,43.00000085999987,-4.377632141113281
-129.38333632099963,43.11666752899987,0.9133245944976807
-129.38333632099963,43.233334197999866,-1.342687726020813
-129.38333632099963,43.35000086699986,-8.376391410827637
-129.38333632099963,43.46666753599986,-17.857492446899414
-129.38333632099963,43.58333420499986,-24.809818267822266
-129.38333632099963,43.700000873999855,-21.756608963012695
-129.38333632099963,43.81666754299985,-22.333995819091797
-129.38333632099963,43.93333421199985,-14.892366409301758
-129.38333632099963,44.050000880999846,2.395256757736206
-129.38333632099963,44.16666754999984,-12.537353515625
-129.38333632099963,44.28333421899984,8.52087688446045
-129.38333632099963,44.40000088799984,-2.0498206615448
-129.38333632099963,44.516667556999835,-4.437877655029297
-129.38333632099963,44.63333422599983,-3.1433331966400146
-129.38333632099963,44.75000089499983,-9.171368598937988
-129.38333632099963,44.866667563999826,-2.050766944885254
-129.38333632099963,44.98333423299982,1.481366753578186
-129.38333632099963,45.10000090199982,-8.269964218139648
-129.38333632099963,45.21666757099982,-9.041242599487305
-129.38333632099963,45.333334239999814,-3.266148328781128
-129.38333632099963,45.45000090899981,-6.7407026290893555
-129.38333632099963,45.56666757799981,-13.115939140319824
-129.38333632099963,45.683334246999806,-11.844712257385254
-129.38333632099963,45.8000009159998,-2.4272043704986572
-129.38333632099963,45.9166675849998,-5.546473503112793
-129.38333632099963,46.0333342539998,-7.851187705993652
-129.38333632099963,46.150000922999794,-5.389314651489258
-129.38333632099963,46.26666759199979,-6.163139343261719
-129.38333632099963,46.38333426099979,-0.5679190158843994
-129.38333632099963,46.500000929999786,-4.053005695343018
-129.38333632099963,46.61666759899978,-4.348401069641113
-129.38333632099963,46.73333426799978,-0.26081737875938416
-129.38333632099963,46.85000093699978,0.2504987120628357
-129.38333632099963,46.966667605999774,-0.41442665457725525
-129.38333632099963,47.08333427499977,-5.493714332580566
-129.38333632099963,47.20000094399977,-8.41102409362793
-129.38333632099963,47.316667612999765,-7.9415082931518555
-129.38333632099963,47.43333428199976,-4.737083435058594
-129.38333632099963,47.55000095099976,-5.105944633483887
-129.38333632099963,47.66666761999976,-8.28088665008545
-129.38333632099963,47.783334288999754,-4.16937780380249
-129.38333632099963,47.90000095799975,-5.295269012451172
-129.38333632099963,48.01666762699975,-4.333324432373047
-129.38333632099963,48.133334295999745,-7.9683332443237305
-129.38333632099963,48.25000096499974,-11.35102367401123
-129.38333632099963,48.36666763399974,31.643461227416992
-129.38333632099963,48.48333430299974,12.002315521240234
-129.38333632099963,48.600000971999734,-9.994366645812988
-129.38333632099963,48.71666764099973,-25.782913208007812
-129.38333632099963,48.83333430999973,-20.668046951293945
-129.38333632099963,48.950000978999725,-3.5700523853302
-129.38333632099963,49.06666764799972,-10.646134376525879
-129.38333632099963,49.18333431699972,-13.588191032409668
-129.38333632099963,49.300000985999716,-8.324103355407715
-129.38333632099963,49.41666765499971,-8.10401439666748
-129.38333632099963,49.53333432399971,-5.118535995483398
-129.38333632099963,49.65000099299971,10.520306587219238
-129.38333632099963,49.766667661999705,15.93680477142334
-129.38333632099963,49.8833343309997,33.72770690917969
-129.38333632099963,50.0000009999997,47.43251419067383
-129.38333632099963,50.116667668999696,-6.075136184692383
-129.38333632099963,50.23333433799969,-24.132780075073242
-129.38333632099963,50.35000100699969,-47.13494110107422
-129.38333632099963,50.46666767599969,-95.39305877685547
-129.38333632099963,50.583334344999685,-117.73812866210938
-129.38333632099963,50.70000101399968,-74.98583221435547
-129.38333632099963,50.81666768299968,42.929325103759766
-129.38333632099963,50.933334351999676,44.63713073730469
-129.38333632099963,51.05000102099967,6.646419525146484
-129.38333632099963,51.16666768999967,-1.4425452947616577
-129.38333632099963,51.28333435899967,-6.874523162841797
-129.38333632099963,51.400001027999664,2.4497807025909424
-129.38333632099963,51.51666769699966,-11.713903427124023
-129.38333632099963,51.63333436599966,-17.684194564819336
-129.38333632099963,51.750001034999656,-15.827299118041992
-129.38333632099963,51.86666770399965,-18.96627426147461
-129.38333632099963,51.98333437299965,-13.965373992919922
-129.38333632099963,52.10000104199965,-15.517450332641602
-129.38333632099963,52.216667710999644,-6.975476264953613
-129.38333632099963,52.33333437999964,2.561889171600342
-129.38333632099963,52.45000104899964,6.741802215576172
-129.38333632099963,52.566667717999636,9.487283706665039
-129.38333632099963,52.68333438699963,17.5637264251709
-129.38333632099963,52.80000105599963,10.31680679321289
-129.38333632099963,52.91666772499963,3.259075403213501
-129.38333632099963,53.033334393999624,-7.371150970458984
-129.38333632099963,53.15000106299962,-27.245214462280273
-129.38333632099963,53.26666773199962,-10.731091499328613
-129.38333632099963,53.383334400999615,-3.7937731742858887
-129.38333632099963,53.50000106999961,-9.867106437683105
-129.38333632099963,53.61666773899961,5.322726249694824
-129.38333632099963,53.73333440799961,4.342950820922852
-129.38333632099963,53.850001076999604,17.5684814453125
-129.38333632099963,53.9666677459996,64.32483673095703
-129.26666965199962,37.983334092999996,-21.330280303955078
-129.26666965199962,38.10000076199999,-24.513410568237305
-129.26666965199962,38.21666743099999,-27.368907928466797
-129.26666965199962,38.33333409999999,-30.84830665588379
-129.26666965199962,38.450000768999985,-35.373695373535156
-129.26666965199962,38.56666743799998,-30.63763427734375
-129.26666965199962,38.68333410699998,-6.871973037719727
-129.26666965199962,38.800000775999976,-11.3892240524292
-129.26666965199962,38.91666744499997,-15.551740646362305
-129.26666965199962,39.03333411399997,-18.440269470214844
-129.26666965199962,39.15000078299997,-19.263702392578125
-129.26666965199962,39.266667451999965,-16.68280601501465
-129.26666965199962,39.38333412099996,-14.035603523254395
-129.26666965199962,39.50000078999996,-16.702512741088867
-129.26666965199962,39.616667458999956,-22.395891189575195
-129.26666965199962,39.73333412799995,-32.517677307128906
-129.26666965199962,39.85000079699995,-40.96352005004883
-129.26666965199962,39.96666746599995,-51.42253494262695
-129.26666965199962,40.083334134999944,-64.12190246582031
-129.26666965199962,40.20000080399994,-49.13642501831055
-129.26666965199962,40.31666747299994,-8.687156677246094
-129.26666965199962,40.433334141999936,3.549859046936035
-129.26666965199962,40.55000081099993,18.473804473876953
-129.26666965199962,40.66666747999993,16.697032928466797
-129.26666965199962,40.78333414899993,9.16813850402832
-129.26666965199962,40.900000817999924,3.4470643997192383
-129.26666965199962,41.01666748699992,2.5983211994171143
-129.26666965199962,41.13333415599992,5.352524757385254
-129.26666965199962,41.250000824999915,8.167082786560059
-129.26666965199962,41.36666749399991,6.388490676879883
-129.26666965199962,41.48333416299991,9.647738456726074
-129.26666965199962,41.60000083199991,-0.7843570113182068
-129.26666965199962,41.716667500999904,-3.92482852935791
-129.26666965199962,41.8333341699999,2.724480152130127
-129.26666965199962,41.9500008389999,-0.06473265588283539
-129.26666965199962,42.066667507999895,-2.3648295402526855
-129.26666965199962,42.18333417699989,-5.255788803100586
-129.26666965199962,42.30000084599989,-8.045437812805176
-129.26666965199962,42.41666751499989,-10.189043045043945
-129.26666965199962,42.533334183999884,-5.211137771606445
-129.26666965199962,42.65000085299988,-7.919816017150879
-129.26666965199962,42.76666752199988,-4.715502738952637
-129.26666965199962,42.883334190999875,-6.417605400085449
-129.26666965199962,43.00000085999987,-2.598360300064087
-129.26666965199962,43.11666752899987,-0.539077877998352
-129.26666965199962,43.233334197999866,-3.475292682647705
-129.26666965199962,43.35000086699986,-8.04628849029541
-129.26666965199962,43.46666753599986,-20.55293846130371
-129.26666965199962,43.58333420499986,-26.908586502075195
-129.26666965199962,43.700000873999855,-20.150772094726562
-129.26666965199962,43.81666754299985,-23.92892074584961
-129.26666965199962,43.93333421199985,-21.0092716217041
-129.26666965199962,44.050000880999846,-7.768378257751465
-129.26666965199962,44.16666754999984,5.67926025390625
-129.26666965199962,44.28333421899984,6.156523704528809
-129.26666965199962,44.40000088799984,2.3148281574249268
-129.26666965199962,44.516667556999835,-5.291996002197266
-129.26666965199962,44.63333422599983,14.808097839355469
-129.26666965199962,44.75000089499983,-8.124022483825684
-129.26666965199962,44.866667563999826,-3.000141143798828
-129.26666965199962,44.98333423299982,-0.6494722366333008
-129.26666965199962,45.10000090199982,-6.298620223999023
-129.26666965199962,45.21666757099982,-9.986771583557129
-129.26666965199962,45.333334239999814,-5.422812461853027
-129.26666965199962,45.45000090899981,-6.318815231323242
-129.26666965199962,45.56666757799981,-6.456138610839844
-129.26666965199962,45.683334246999806,-7.217313766479492
-129.26666965199962,45.8000009159998,-9.959954261779785
-129.26666965199962,45.9166675849998,-10.754799842834473
-129.26666965199962,46.0333342539998,-13.016749382019043
-129.26666965199962,46.150000922999794,-10.757699012756348
-129.26666965199962,46.26666759199979,-8.536713600158691
-129.26666965199962,46.38333426099979,-8.236719131469727
-129.26666965199962,46.500000929999786,-4.603943824768066
-129.26666965199962,46.61666759899978,-0.6002475023269653
-129.26666965199962,46.73333426799978,-2.522423028945923
-129.26666965199962,46.85000093699978,-2.5434529781341553
-129.26666965199962,46.966667605999774,-4.025468826293945
-129.26666965199962,47.08333427499977,-2.099088668823242
-129.26666965199962,47.20000094399977,-2.618046522140503
-129.26666965199962,47.316667612999765,0.9108145236968994
-129.26666965199962,47.43333428199976,-7.561586380004883
-129.26666965199962,47.55000095099976,-15.693811416625977
-129.26666965199962,47.66666761999976,-12.1389741897583
-129.26666965199962,47.783334288999754,-6.354517936706543
-129.26666965199962,47.90000095799975,-2.1573314666748047
-129.26666965199962,48.01666762699975,-1.1881829500198364
-129.26666965199962,48.133334295999745,-4.299931526184082
-129.26666965199962,48.25000096499974,3.858936071395874
-129.26666965199962,48.36666763399974,17.137100219726562
-129.26666965199962,48.48333430299974,-2.554271936416626
-129.26666965199962,48.600000971999734,-8.629146575927734
-129.26666965199962,48.71666764099973,-24.297571182250977
-129.26666965199962,48.83333430999973,-17.660749435424805
-129.26666965199962,48.950000978999725,-3.492266893386841
-129.26666965199962,49.06666764799972,-18.113265991210938
-129.26666965199962,49.18333431699972,-15.929747581481934
-129.26666965199962,49.300000985999716,-11.9965238571167
-129.26666965199962,49.41666765499971,-9.553614616394043
-129.26666965199962,49.53333432399971,2.6378936767578125
-129.26666965199962,49.65000099299971,13.271448135375977
-129.26666965199962,49.766667661999705,25.530746459960938
-129.26666965199962,49.8833343309997,41.43790817260742
-129.26666965199962,50.0000009999997,22.537731170654297
-129.26666965199962,50.116667668999696,-16.049076080322266
-129.26666965199962,50.23333433799969,-32.772560119628906
-129.26666965199962,50.35000100699969,-78.185791015625
-129.26666965199962,50.46666767599969,-112.78706359863281
-129.26666965199962,50.583334344999685,-117.49874877929688
-129.26666965199962,50.70000101399968,-21.232398986816406
-129.26666965199962,50.81666768299968,56.71403884887695
-129.26666965199962,50.933334351999676,52.073280334472656
-129.26666965199962,51.05000102099967,10.091660499572754
-129.26666965199962,51.16666768999967,5.614982604980469
-129.26666965199962,51.28333435899967,-12.888495445251465
-129.26666965199962,51.400001027999664,-0.9567884206771851
-129.26666965199962,51.51666769699966,-11.556947708129883
-129.26666965199962,51.63333436599966,-13.714509010314941
-129.26666965199962,51.750001034999656,-18.434432983398438
-129.26666965199962,51.86666770399965,-11.954459190368652
-129.26666965199962,51.98333437299965,-9.588703155517578
-129.26666965199962,52.10000104199965,-4.374429702758789
-129.26666965199962,52.216667710999644,-4.350356101989746
-129.26666965199962,52.33333437999964,3.4335038661956787
-129.26666965199962,52.45000104899964,8.009605407714844
-129.26666965199962,52.566667717999636,19.30338478088379
-129.26666965199962,52.68333438699963,7.948001861572266
-129.26666965199962,52.80000105599963,-4.805550575256348
-129.26666965199962,52.91666772499963,-19.56879997253418
-129.26666965199962,53.033334393999624,-9.093056678771973
-129.26666965199962,53.15000106299962,2.7334859371185303
-129.26666965199962,53.26666773199962,-19.389026641845703
-129.26666965199962,53.383334400999615,-25.121784210205078
-129.26666965199962,53.50000106999961,-28.098894119262695
-129.26666965199962,53.61666773899961,-25.80523109436035
-129.26666965199962,53.73333440799961,37.93332290649414
-129.26666965199962,53.850001076999604,35.76765060424805
-129.26666965199962,53.9666677459996,53.27048110961914
-129.1500029829996,37.983334092999996,-25.323667526245117
-129.1500029829996,38.10000076199999,-27.508546829223633
-129.1500029829996,38.21666743099999,-26.48975944519043
-129.1500029829996,38.33333409999999,-29.01418685913086
-129.1500029829996,38.450000768999985,-31.456478118896484
-129.1500029829996,38.56666743799998,-29.22429847717285
-129.1500029829996,38.68333410699998,-6.038240432739258
-129.1500029829996,38.800000775999976,-8.854588508605957
-129.1500029829996,38.91666744499997,-15.211159706115723
-129.1500029829996,39.03333411399997,-13.789305686950684
-129.1500029829996,39.15000078299997,-14.620039939880371
-129.1500029829996,39.266667451999965,-11.008956909179688
-129.1500029829996,39.38333412099996,-9.599623680114746
-129.1500029829996,39.50000078999996,-14.248841285705566
-129.1500029829996,39.616667458999956,-22.315345764160156
-129.1500029829996,39.73333412799995,-35.09156036376953
-129.1500029829996,39.85000079699995,-42.5687141418457
-129.1500029829996,39.96666746599995,-53.10015106201172
-129.1500029829996,40.083334134999944,-64.73677062988281
-129.1500029829996,40.20000080399994,-63.596683502197266
-129.1500029829996,40.31666747299994,-31.569957733154297
-129.1500029829996,40.433334141999936,12.099902153015137
-129.1500029829996,40.55000081099993,14.482977867126465
-129.1500029829996,40.66666747999993,9.618922233581543
-129.1500029829996,40.78333414899993,7.897119522094727
-129.1500029829996,40.900000817999924,5.251753807067871
-129.1500029829996,41.01666748699992,-1.961104393005371
-129.1500029829996,41.13333415599992,4.945730209350586
-129.1500029829996,41.250000824999915,9.085770606994629
-129.1500029829996,41.36666749399991,6.110990524291992
-129.1500029829996,41.48333416299991,10.699211120605469
-129.1500029829996,41.60000083199991,3.22039794921875
-129.1500029829996,41.716667500999904,0.5332195162773132
-129.1500029829996,41.8333341699999,7.387622833251953
-129.1500029829996,41.9500008389999,4.3867645263671875
-129.1500029829996,42.066667507999895,-1.884401559829712
-129.1500029829996,42.18333417699989,-3.7448182106018066
-129.1500029829996,42.30000084599989,-6.235668182373047
-129.1500029829996,42.41666751499989,-7.6448974609375
-129.1500029829996,42.533334183999884,-7.964849472045898
-129.1500029829996,42.65000085299988,-5.989584922790527
-129.1500029829996,42.76666752199988,-9.146736145019531
-129.1500029829996,42.883334190999875,-9.836846351623535
-129.1500029829996,43.00000085999987,-8.11031723022461
-129.1500029829996,43.11666752899987,-5.148924827575684
-129.1500029829996,43.233334197999866,-3.970571279525757
-129.1500029829996,43.35000086699986,-11.80654525756836
-129.1500029829996,43.46666753599986,-21.618436813354492
-129.1500029829996,43.58333420499986,-32.319847106933594
-129.1500029829996,43.700000873999855,-23.247230529785156
-129.1500029829996,43.81666754299985,-16.156246185302734
-129.1500029829996,43.93333421199985,-13.429640769958496
-129.1500029829996,44.050000880999846,1.4520820379257202
-129.1500029829996,44.16666754999984,7.365849494934082
-129.1500029829996,44.28333421899984,6.276589393615723
-129.1500029829996,44.40000088799984,17.61081314086914
-129.1500029829996,44.516667556999835,-1.697243094444275
-129.1500029829996,44.63333422599983,12.921687126159668
-129.1500029829996,44.75000089499983,-8.28115177154541
-129.1500029829996,44.866667563999826,-4.004435062408447
-129.1500029829996,44.98333423299982,-3.7200725078582764
-129.1500029829996,45.10000090199982,-8.559361457824707
-129.1500029829996,45.21666757099982,-6.525546073913574
-129.1500029829996,45.333334239999814,-5.915492057800293
-129.1500029829996,45.45000090899981,-5.981330871582031
-129.1500029829996,45.56666757799981,-7.3633317947387695
-129.1500029829996,45.683334246999806,-6.354745864868164
-129.1500029829996,45.8000009159998,-10.19212818145752
-129.1500029829996,45.9166675849998,-9.715993881225586
-129.1500029829996,46.0333342539998,-10.948991775512695
-129.1500029829996,46.150000922999794,-8.602049827575684
-129.1500029829996,46.26666759199979,-8.680072784423828
-129.1500029829996,46.38333426099979,-5.93734073638916
-129.1500029829996,46.500000929999786,-8.302607536315918
-129.1500029829996,46.61666759899978,-2.8816802501678467
-129.1500029829996,46.73333426799978,-1.5204007625579834
-129.1500029829996,46.85000093699978,-0.9386685490608215
-129.1500029829996,46.966667605999774,-2.6864476203918457
-129.1500029829996,47.08333427499977,-6.279091835021973
-129.1500029829996,47.20000094399977,-2.480764150619507
-129.1500029829996,47.316667612999765,-4.997193336486816
-129.1500029829996,47.43333428199976,-7.750967025756836
-129.1500029829996,47.55000095099976,-12.167393684387207
-129.1500029829996,47.66666761999976,-10.008498191833496
-129.1500029829996,47.783334288999754,-7.656126022338867
-129.1500029829996,47.90000095799975,4.241880416870117
-129.1500029829996,48.01666762699975,2.1369075775146484
-129.1500029829996,48.133334295999745,-11.83349323272705
-129.1500029829996,48.25000096499974,-0.3951879143714905
-129.1500029829996,48.36666763399974,-9.261205673217773
-129.1500029829996,48.48333430299974,-13.425594329833984
-129.1500029829996,48.600000971999734,-15.680638313293457
-129.1500029829996,48.71666764099973,-20.098453521728516
-129.1500029829996,48.83333430999973,-9.584189414978027
-129.1500029829996,48.950000978999725,-1.2239949703216553
-129.1500029829996,49.06666764799972,-20.1627254486084
-129.1500029829996,49.18333431699972,-15.496560096740723
-129.1500029829996,49.300000985999716,-9.762396812438965
-129.1500029829996,49.41666765499971,-7.952755928039551
-129.1500029829996,49.53333432399971,1.9135565757751465
-129.1500029829996,49.65000099299971,19.08167266845703
-129.1500029829996,49.766667661999705,30.710052490234375
-129.1500029829996,49.8833343309997,41.922874450683594
-129.1500029829996,50.0000009999997,-7.075730323791504
-129.1500029829996,50.116667668999696,-29.17656898498535
-129.1500029829996,50.23333433799969,-62.55303955078125
-129.1500029829996,50.35000100699969,-103.1302261352539
-129.1500029829996,50.46666767599969,-124.73623657226562
-129.1500029829996,50.583334344999685,-120.14559936523438
-129.1500029829996,50.70000101399968,-3.5239145755767822
-129.1500029829996,50.81666768299968,49.922813415527344
-129.1500029829996,50.933334351999676,50.74679183959961
-129.1500029829996,51.05000102099967,11.641853332519531
-129.1500029829996,51.16666768999967,7.154498100280762
-129.1500029829996,51.28333435899967,-8.526996612548828
-129.1500029829996,51.400001027999664,1.899301528930664
-129.1500029829996,51.51666769699966,-9.704588890075684
-129.1500029829996,51.63333436599966,-18.30984878540039
-129.1500029829996,51.750001034999656,-18.888450622558594
-129.1500029829996,51.86666770399965,-11.913494110107422
-129.1500029829996,51.98333437299965,1.2254024744033813
-129.1500029829996,52.10000104199965,6.8215789794921875
-129.1500029829996,52.216667710999644,-11.06162166595459
-129.1500029829996,52.33333437999964,-5.765926361083984
-129.1500029829996,52.45000104899964,-2.802762269973755
-129.1500029829996,52.566667717999636,33.579524993896484
-129.1500029829996,52.68333438699963,15.8019380569458
-129.1500029829996,52.80000105599963,-2.7351796627044678
-129.1500029829996,52.91666772499963,13.019942283630371
-129.1500029829996,53.033334393999624,18.8919620513916
-129.1500029829996,53.15000106299962,-8.27878475189209
-129.1500029829996,53.26666773199962,-28.901615142822266
-129.1500029829996,53.383334400999615,-9.486778259277344
-129.1500029829996,53.50000106999961,-24.528921127319336
-129.1500029829996,53.61666773899961,-25.024215698242188
-129.1500029829996,53.73333440799961,-4.09415340423584
-129.1500029829996,53.850001076999604,28.403276443481445
-129.1500029829996,53.9666677459996,22.597488403320312
-129.0333363139996,37.983334092999996,-24.276758193969727
-129.0333363139996,38.10000076199999,-24.844457626342773
-129.0333363139996,38.21666743099999,-24.06696128845215
-129.0333363139996,38.33333409999999,-27.35065269470215
-129.0333363139996,38.450000768999985,-32.562294006347656
-129.0333363139996,38.56666743799998,-30.55221176147461
-129.0333363139996,38.68333410699998,-2.879753351211548
-129.0333363139996,38.800000775999976,-7.517631530761719
-129.0333363139996,38.91666744499997,-12.33774185180664
-129.0333363139996,39.03333411399997,-12.61509895324707
-129.0333363139996,39.15000078299997,-9.767553329467773
-129.0333363139996,39.266667451999965,-8.971051216125488
-129.0333363139996,39.38333412099996,-7.493144989013672
-129.0333363139996,39.50000078999996,-11.364543914794922
-129.0333363139996,39.616667458999956,-20.332963943481445
-129.0333363139996,39.73333412799995,-33.6968994140625
-129.0333363139996,39.85000079699995,-44.95706558227539
-129.0333363139996,39.96666746599995,-52.418087005615234
-129.0333363139996,40.083334134999944,-69.80567932128906
-129.0333363139996,40.20000080399994,-73.18059539794922
-129.0333363139996,40.31666747299994,-40.992698669433594
-129.0333363139996,40.433334141999936,9.872214317321777
-129.0333363139996,40.55000081099993,17.121437072753906
-129.0333363139996,40.66666747999993,8.72875690460205
-129.0333363139996,40.78333414899993,4.647456169128418
-129.0333363139996,40.900000817999924,12.371520042419434
-129.0333363139996,41.01666748699992,-13.469950675964355
-129.0333363139996,41.13333415599992,-6.769746780395508
-129.0333363139996,41.250000824999915,-3.648087739944458
-129.0333363139996,41.36666749399991,-0.3814159035682678
-129.0333363139996,41.48333416299991,-0.30340227484703064
-129.0333363139996,41.60000083199991,-7.88941764831543
-129.0333363139996,41.716667500999904,-3.6481142044067383
-129.0333363139996,41.8333341699999,-0.6795970797538757
-129.0333363139996,41.9500008389999,-1.1058553457260132
-129.0333363139996,42.066667507999895,-6.695862770080566
-129.0333363139996,42.18333417699989,-5.206936836242676
-129.0333363139996,42.30000084599989,-8.810931205749512
-129.0333363139996,42.41666751499989,-7.287459373474121
-129.0333363139996,42.533334183999884,-8.68033218383789
-129.0333363139996,42.65000085299988,-9.358019828796387
-129.0333363139996,42.76666752199988,-6.877128601074219
-129.0333363139996,42.883334190999875,-8.75985336303711
-129.0333363139996,43.00000085999987,-9.571681022644043
-129.0333363139996,43.11666752899987,-5.10789680480957
-129.0333363139996,43.233334197999866,-5.231198310852051
-129.0333363139996,43.35000086699986,-12.202475547790527
-129.0333363139996,43.46666753599986,-18.456314086914062
-129.0333363139996,43.58333420499986,-25.149438858032227
-129.0333363139996,43.700000873999855,-17.901018142700195
-129.0333363139996,43.81666754299985,-19.44864845275879
-129.0333363139996,43.93333421199985,-11.707356452941895
-129.0333363139996,44.050000880999846,14.618427276611328
-129.0333363139996,44.16666754999984,15.68674087524414
-129.0333363139996,44.28333421899984,10.486214637756348
-129.0333363139996,44.40000088799984,3.8626086711883545
-129.0333363139996,44.516667556999835,-13.349584579467773
-129.0333363139996,44.63333422599983,-3.9351439476013184
-129.0333363139996,44.75000089499983,-12.995952606201172
-129.0333363139996,44.866667563999826,-3.799204111099243
-129.0333363139996,44.98333423299982,-6.093942642211914
-129.0333363139996,45.10000090199982,-6.514573097229004
-129.0333363139996,45.21666757099982,-3.359922170639038
-129.0333363139996,45.333334239999814,-5.462383270263672
-129.0333363139996,45.45000090899981,-7.293041229248047
-129.0333363139996,45.56666757799981,-8.624028205871582
-129.0333363139996,45.683334246999806,-8.93272876739502
-129.0333363139996,45.8000009159998,-8.986175537109375
-129.0333363139996,45.9166675849998,-7.934155464172363
-129.0333363139996,46.0333342539998,-8.067214012145996
-129.0333363139996,46.150000922999794,-9.177742958068848
-129.0333363139996,46.26666759199979,-9.907258987426758
-129.0333363139996,46.38333426099979,-6.752837181091309
-129.0333363139996,46.500000929999786,-6.041335105895996
-129.0333363139996,46.61666759899978,-8.602972030639648
-129.0333363139996,46.73333426799978,-5.558188438415527
-129.0333363139996,46.85000093699978,-5.703667640686035
-129.0333363139996,46.966667605999774,-1.3947842121124268
-129.0333363139996,47.08333427499977,-2.984955072402954
-129.0333363139996,47.20000094399977,-6.658148765563965
-129.0333363139996,47.316667612999765,-5.813443183898926
-129.0333363139996,47.43333428199976,-4.7607879638671875
-129.0333363139996,47.55000095099976,-5.167934417724609
-129.0333363139996,47.66666761999976,-2.8281657695770264
-129.0333363139996,47.783334288999754,-13.102836608886719
-129.0333363139996,47.90000095799975,-1.5805590152740479
-129.0333363139996,48.01666762699975,6.714704513549805
-129.0333363139996,48.133334295999745,-8.969929695129395
-129.0333363139996,48.25000096499974,-5.8995208740234375
-129.0333363139996,48.36666763399974,-6.2448225021362305
-129.0333363139996,48.48333430299974,-29.152570724487305
-129.0333363139996,48.600000971999734,-30.70441246032715
-129.0333363139996,48.71666764099973,-13.62666130065918
-129.0333363139996,48.83333430999973,-1.8415443897247314
-129.0333363139996,48.950000978999725,-4.754152297973633
-129.0333363139996,49.06666764799972,-18.716590881347656
-129.0333363139996,49.18333431699972,-13.394745826721191
-129.0333363139996,49.300000985999716,-5.709085464477539
-129.0333363139996,49.41666765499971,-6.944099426269531
-129.0333363139996,49.53333432399971,-3.225470542907715
-129.0333363139996,49.65000099299971,14.399450302124023
-129.0333363139996,49.766667661999705,33.39828872680664
-129.0333363139996,49.8833343309997,6.598467826843262
-129.0333363139996,50.0000009999997,-27.897464752197266
-129.0333363139996,50.116667668999696,-54.89686965942383
-129.0333363139996,50.23333433799969,-86.37496185302734
-129.0333363139996,50.35000100699969,-118.10123443603516
-129.0333363139996,50.46666767599969,-137.50538635253906
-129.0333363139996,50.583334344999685,-118.86751556396484
-129.0333363139996,50.70000101399968,3.387664556503296
-129.0333363139996,50.81666768299968,42.275856018066406
-129.0333363139996,50.933334351999676,44.02081298828125
-129.0333363139996,51.05000102099967,13.918925285339355
-129.0333363139996,51.16666768999967,2.9154653549194336
-129.0333363139996,51.28333435899967,-10.594788551330566
-129.0333363139996,51.400001027999664,-7.530649185180664
-129.0333363139996,51.51666769699966,-10.87801742553711
-129.0333363139996,51.63333436599966,-17.617401123046875
-129.0333363139996,51.750001034999656,-18.40842056274414
-129.0333363139996,51.86666770399965,-11.699708938598633
-129.0333363139996,51.98333437299965,5.817845344543457
-129.0333363139996,52.10000104199965,1.869659185409546
-129.0333363139996,52.216667710999644,10.462323188781738
-129.0333363139996,52.33333437999964,8.529214859008789
-129.0333363139996,52.45000104899964,22.68841552734375
-129.0333363139996,52.566667717999636,29.10270118713379
-129.0333363139996,52.68333438699963,19.684246063232422
-129.0333363139996,52.80000105599963,10.234847068786621
-129.0333363139996,52.91666772499963,16.115442276000977
-129.0333363139996,53.033334393999624,43.41272735595703
-129.0333363139996,53.15000106299962,-2.2871086597442627
-129.0333363139996,53.26666773199962,-10.118249893188477
-129.0333363139996,53.383334400999615,10.769176483154297
-129.0333363139996,53.50000106999961,-10.30573844909668
-129.0333363139996,53.61666773899961,15.512985229492188
-129.0333363139996,53.73333440799961,-44.783206939697266
-129.0333363139996,53.850001076999604,1.9464445114135742
-129.0333363139996,53.9666677459996,4.566143989562988
-128.9166696449996,37.983334092999996,-28.84027862548828
-128.9166696449996,38.10000076199999,-23.67140007019043
-128.9166696449996,38.21666743099999,-23.994335174560547
-128.9166696449996,38.33333409999999,-25.021211624145508
-128.9166696449996,38.450000768999985,-28.195148468017578
-128.9166696449996,38.56666743799998,-29.767215728759766
-128.9166696449996,38.68333410699998,-6.407554626464844
-128.9166696449996,38.800000775999976,-8.297436714172363
-128.9166696449996,38.91666744499997,-8.647597312927246
-128.9166696449996,39.03333411399997,-9.769074440002441
-128.9166696449996,39.15000078299997,-7.217286109924316
-128.9166696449996,39.266667451999965,-7.411441802978516
-128.9166696449996,39.38333412099996,-8.436695098876953
-128.9166696449996,39.50000078999996,-12.587329864501953
-128.9166696449996,39.616667458999956,-22.081764221191406
-128.9166696449996,39.73333412799995,-36.21341323852539
-128.9166696449996,39.85000079699995,-45.142601013183594
-128.9166696449996,39.96666746599995,-54.96061706542969
-128.9166696449996,40.083334134999944,-71.84068298339844
-128.9166696449996,40.20000080399994,-81.5516128540039
-128.9166696449996,40.31666747299994,-41.6517219543457
-128.9166696449996,40.433334141999936,8.185206413269043
-128.9166696449996,40.55000081099993,16.952417373657227
-128.9166696449996,40.66666747999993,10.097640037536621
-128.9166696449996,40.78333414899993,4.604438781738281
-128.9166696449996,40.900000817999924,48.65138244628906
-128.9166696449996,41.01666748699992,-5.183398246765137
-128.9166696449996,41.13333415599992,-9.632828712463379
-128.9166696449996,41.250000824999915,-4.696422576904297
-128.9166696449996,41.36666749399991,-1.9272334575653076
-128.9166696449996,41.48333416299991,1.6792221069335938
-128.9166696449996,41.60000083199991,-0.060730040073394775
-128.9166696449996,41.716667500999904,-1.5286377668380737
-128.9166696449996,41.8333341699999,-3.842735528945923
-128.9166696449996,41.9500008389999,-2.4293441772460938
-128.9166696449996,42.066667507999895,-10.817248344421387
-128.9166696449996,42.18333417699989,-7.156285285949707
-128.9166696449996,42.30000084599989,-9.717535972595215
-128.9166696449996,42.41666751499989,-9.433562278747559
-128.9166696449996,42.533334183999884,-11.49959659576416
-128.9166696449996,42.65000085299988,-9.653666496276855
-128.9166696449996,42.76666752199988,-10.029485702514648
-128.9166696449996,42.883334190999875,-9.788421630859375
-128.9166696449996,43.00000085999987,-9.889030456542969
-128.9166696449996,43.11666752899987,-9.26094913482666
-128.9166696449996,43.233334197999866,-7.635767936706543
-128.9166696449996,43.35000086699986,-18.243928909301758
-128.9166696449996,43.46666753599986,-6.1781206130981445
-128.9166696449996,43.58333420499986,-17.83344078063965
-128.9166696449996,43.700000873999855,-15.083199501037598
-128.9166696449996,43.81666754299985,-32.3717041015625
-128.9166696449996,43.93333421199985,4.119304656982422
-128.9166696449996,44.050000880999846,17.88581657409668
-128.9166696449996,44.16666754999984,2.627884864807129
-128.9166696449996,44.28333421899984,-11.082892417907715
-128.9166696449996,44.40000088799984,-20.934181213378906
-128.9166696449996,44.516667556999835,-12.009129524230957
-128.9166696449996,44.63333422599983,-10.117177963256836
-128.9166696449996,44.75000089499983,-11.855409622192383
-128.9166696449996,44.866667563999826,-11.360872268676758
-128.9166696449996,44.98333423299982,-9.581697463989258
-128.9166696449996,45.10000090199982,-8.326332092285156
-128.9166696449996,45.21666757099982,-4.583536148071289
-128.9166696449996,45.333334239999814,-5.879003524780273
-128.9166696449996,45.45000090899981,-4.933279991149902
-128.9166696449996,45.56666757799981,-5.931483268737793
-128.9166696449996,45.683334246999806,-8.236231803894043
-128.9166696449996,45.8000009159998,-6.043553352355957
-128.9166696449996,45.9166675849998,-7.975963592529297
-128.9166696449996,46.0333342539998,-9.118926048278809
-128.9166696449996,46.150000922999794,-9.024581909179688
-128.9166696449996,46.26666759199979,-8.819817543029785
-128.9166696449996,46.38333426099979,-7.816226005554199
-128.9166696449996,46.500000929999786,-4.948735237121582
-128.9166696449996,46.61666759899978,-10.233673095703125
-128.9166696449996,46.73333426799978,-8.707416534423828
-128.9166696449996,46.85000093699978,-5.882935523986816
-128.9166696449996,46.966667605999774,-5.478029251098633
-128.9166696449996,47.08333427499977,-4.520820617675781
-128.9166696449996,47.20000094399977,-1.0890438556671143
-128.9166696449996,47.316667612999765,-4.197846412658691
-128.9166696449996,47.43333428199976,-9.97247314453125
-128.9166696449996,47.55000095099976,-10.746530532836914
-128.9166696449996,47.66666761999976,-5.07734489440918
-128.9166696449996,47.783334288999754,-11.033757209777832
-128.9166696449996,47.90000095799975,-4.456333160400391
-128.9166696449996,48.01666762699975,3.0411550998687744
-128.9166696449996,48.133334295999745,-3.0662941932678223
-128.9166696449996,48.25000096499974,-8.316841125488281
-128.9166696449996,48.36666763399974,2.990579128265381
-128.9166696449996,48.48333430299974,-8.025933265686035
-128.9166696449996,48.600000971999734,-19.703048706054688
-128.9166696449996,48.71666764099973,-11.20665168762207
-128.9166696449996,48.83333430999973,-4.243466377258301
-128.9166696449996,48.950000978999725,-12.480829238891602
-128.9166696449996,49.06666764799972,-19.043275833129883
-128.9166696449996,49.18333431699972,-4.927432060241699
-128.9166696449996,49.300000985999716,-4.415371894836426
-128.9166696449996,49.41666765499971,-8.089191436767578
-128.9166696449996,49.53333432399971,-1.1610426902770996
-128.9166696449996,49.65000099299971,10.359167098999023
-128.9166696449996,49.766667661999705,15.069518089294434
-128.9166696449996,49.8833343309997,-25.070009231567383
-128.9166696449996,50.0000009999997,-44.81664276123047
-128.9166696449996,50.116667668999696,-66.30144500732422
-128.9166696449996,50.23333433799969,-105.84149169921875
-128.9166696449996,50.35000100699969,-134.58131408691406
-128.9166696449996,50.46666767599969,-133.03733825683594
-128.9166696449996,50.583334344999685,-90.3438949584961
-128.9166696449996,50.70000101399968,16.319459915161133
-128.9166696449996,50.81666768299968,40.3895378112793
-128.9166696449996,50.933334351999676,32.216941833496094
-128.9166696449996,51.05000102099967,15.396859169006348
-128.9166696449996,51.16666768999967,0.691386878490448
-128.9166696449996,51.28333435899967,-9.70470142364502
-128.9166696449996,51.400001027999664,-17.420392990112305
-128.9166696449996,51.51666769699966,-7.978191375732422
-128.9166696449996,51.63333436599966,-16.774080276489258
-128.9166696449996,51.750001034999656,-6.72184944152832
-128.9166696449996,51.86666770399965,-5.91080379486084
-128.9166696449996,51.98333437299965,-1.2490432262420654
-128.9166696449996,52.10000104199965,2.309030294418335
-128.9166696449996,52.216667710999644,12.152765274047852
-128.9166696449996,52.33333437999964,16.72916603088379
-128.9166696449996,52.45000104899964,-5.57728385925293
-128.9166696449996,52.566667717999636,-2.341736078262329
-128.9166696449996,52.68333438699963,9.885972023010254
-128.9166696449996,52.80000105599963,25.241161346435547
-128.9166696449996,52.91666772499963,23.739025115966797
-128.9166696449996,53.033334393999624,31.583026885986328
-128.9166696449996,53.15000106299962,26.97300910949707
-128.9166696449996,53.26666773199962,8.356025695800781
-128.9166696449996,53.383334400999615,1.0099459886550903
-128.9166696449996,53.50000106999961,-27.0394344329834
-128.9166696449996,53.61666773899961,0.5059559941291809
-128.9166696449996,53.73333440799961,-62.95364761352539
-128.9166696449996,53.850001076999604,-39.77139663696289
-128.9166696449996,53.9666677459996,10.010295867919922
-128.80000297599958,37.983334092999996,-24.725919723510742
-128.80000297599958,38.10000076199999,-24.27983283996582
-128.80000297599958,38.21666743099999,-27.026750564575195
-128.80000297599958,38.33333409999999,-25.774320602416992
-128.80000297599958,38.450000768999985,-29.068359375
-128.80000297599958,38.56666743799998,-26.424541473388672
-128.80000297599958,38.68333410699998,-8.920524597167969
-128.80000297599958,38.800000775999976,-4.663303375244141
-128.80000297599958,38.91666744499997,-6.516656875610352
-128.80000297599958,39.03333411399997,-5.4562835693359375
-128.80000297599958,39.15000078299997,-3.042870283126831
-128.80000297599958,39.266667451999965,-4.222752571105957
-128.80000297599958,39.38333412099996,-5.016860008239746
-128.80000297599958,39.50000078999996,-11.39299488067627
-128.80000297599958,39.616667458999956,-23.86867904663086
-128.80000297599958,39.73333412799995,-34.96668243408203
-128.80000297599958,39.85000079699995,-47.03694534301758
-128.80000297599958,39.96666746599995,-55.00679016113281
-128.80000297599958,40.083334134999944,-73.58536529541016
-128.80000297599958,40.20000080399994,-83.1096420288086
-128.80000297599958,40.31666747299994,-39.55646514892578
-128.80000297599958,40.433334141999936,1.559787631034851
-128.80000297599958,40.55000081099993,10.660141944885254
-128.80000297599958,40.66666747999993,11.861580848693848
-128.80000297599958,40.78333414899993,11.936782836914062
-128.80000297599958,40.900000817999924,16.097034454345703
-128.80000297599958,41.01666748699992,1.356571078300476
-128.80000297599958,41.13333415599992,-1.0216293334960938
-128.80000297599958,41.250000824999915,1.5862528085708618
-128.80000297599958,41.36666749399991,-0.3374062180519104
-128.80000297599958,41.48333416299991,-1.4472744464874268
-128.80000297599958,41.60000083199991,1.365892767906189
-128.80000297599958,41.716667500999904,3.0231196880340576
-128.80000297599958,41.8333341699999,-0.9797080159187317
-128.80000297599958,41.9500008389999,-3.020979166030884
-128.80000297599958,42.066667507999895,-5.675809860229492
-128.80000297599958,42.18333417699989,-7.489563941955566
-128.80000297599958,42.30000084599989,-7.939321517944336
-128.80000297599958,42.41666751499989,-7.990167617797852
-128.80000297599958,42.533334183999884,-8.129323959350586
-128.80000297599958,42.65000085299988,-8.575899124145508
-128.80000297599958,42.76666752199988,-8.09795093536377
-128.80000297599958,42.883334190999875,-8.514437675476074
-128.80000297599958,43.00000085999987,-11.31004524230957
-128.80000297599958,43.11666752899987,-10.898726463317871
-128.80000297599958,43.233334197999866,-11.049210548400879
-128.80000297599958,43.35000086699986,-16.387449264526367
-128.80000297599958,43.46666753599986,-19.673755645751953
-128.80000297599958,43.58333420499986,-23.336997985839844
-128.80000297599958,43.700000873999855,-31.792625427246094
-128.80000297599958,43.81666754299985,-42.607940673828125
-128.80000297599958,43.93333421199985,15.156291961669922
-128.80000297599958,44.050000880999846,15.355279922485352
-128.80000297599958,44.16666754999984,-5.299177169799805
-128.80000297599958,44.28333421899984,-15.950241088867188
-128.80000297599958,44.40000088799984,-20.60544776916504
-128.80000297599958,44.516667556999835,-10.326534271240234
-128.80000297599958,44.63333422599983,-21.622577667236328
-128.80000297599958,44.75000089499983,-11.345027923583984
-128.80000297599958,44.866667563999826,-6.205068588256836
-128.80000297599958,44.98333423299982,-4.736845970153809
-128.80000297599958,45.10000090199982,-8.75272274017334
-128.80000297599958,45.21666757099982,-5.599267959594727
-128.80000297599958,45.333334239999814,-2.9418723583221436
-128.80000297599958,45.45000090899981,-1.9266456365585327
-128.80000297599958,45.56666757799981,-4.739668846130371
-128.80000297599958,45.683334246999806,-1.5340508222579956
-128.80000297599958,45.8000009159998,-7.4431657791137695
-128.80000297599958,45.9166675849998,-5.480074882507324
-128.80000297599958,46.0333342539998,-9.787012100219727
-128.80000297599958,46.150000922999794,-6.611700057983398
-128.80000297599958,46.26666759199979,-1.1174769401550293
-128.80000297599958,46.38333426099979,-10.745023727416992
-128.80000297599958,46.500000929999786,-10.489297866821289
-128.80000297599958,46.61666759899978,-12.195898056030273
-128.80000297599958,46.73333426799978,-10.138514518737793
-128.80000297599958,46.85000093699978,-9.437854766845703
-128.80000297599958,46.966667605999774,-7.069133758544922
-128.80000297599958,47.08333427499977,-2.868781566619873
-128.80000297599958,47.20000094399977,-4.482874870300293
-128.80000297599958,47.316667612999765,-5.8626604080200195
-128.80000297599958,47.43333428199976,-8.192447662353516
-128.80000297599958,47.55000095099976,-7.135799407958984
-128.80000297599958,47.66666761999976,-9.18591022491455
-128.80000297599958,47.783334288999754,-9.990509033203125
-128.80000297599958,47.90000095799975,-10.496895790100098
-128.80000297599958,48.01666762699975,-5.608677864074707
-128.80000297599958,48.133334295999745,-3.2169852256774902
-128.80000297599958,48.25000096499974,-5.456256866455078
-128.80000297599958,48.36666763399974,-3.627408266067505
-128.80000297599958,48.48333430299974,-13.256949424743652
-128.80000297599958,48.600000971999734,-20.980100631713867
-128.80000297599958,48.71666764099973,-19.295310974121094
-128.80000297599958,48.83333430999973,-29.664182662963867
-128.80000297599958,48.950000978999725,-28.4703311920166
-128.80000297599958,49.06666764799972,-21.98124122619629
-128.80000297599958,49.18333431699972,-3.988745927810669
-128.80000297599958,49.300000985999716,-2.261512041091919
-128.80000297599958,49.41666765499971,-3.8604772090911865
-128.80000297599958,49.53333432399971,-0.13016511499881744
-128.80000297599958,49.65000099299971,-3.4834086894989014
-128.80000297599958,49.766667661999705,-17.131669998168945
-128.80000297599958,49.8833343309997,-42.92567443847656
-128.80000297599958,50.0000009999997,-56.106929779052734
-128.80000297599958,50.116667668999696,-75.54833984375
-128.80000297599958,50.23333433799969,-120.00172424316406
-128.80000297599958,50.35000100699969,-133.15223693847656
-128.80000297599958,50.46666767599969,-122.15418243408203
-128.80000297599958,50.583334344999685,-51.762725830078125
-128.80000297599958,50.70000101399968,11.487527847290039
-128.80000297599958,50.81666768299968,28.86431121826172
-128.80000297599958,50.933334351999676,24.03207778930664
-128.80000297599958,51.05000102099967,8.834887504577637
-128.80000297599958,51.16666768999967,-7.023317337036133
-128.80000297599958,51.28333435899967,-13.5845308303833
-128.80000297599958,51.400001027999664,-17.409486770629883
-128.80000297599958,51.51666769699966,-12.388989448547363
-128.80000297599958,51.63333436599966,-17.609689712524414
-128.80000297599958,51.750001034999656,-8.784279823303223
-128.80000297599958,51.86666770399965,-10.722501754760742
-128.80000297599958,51.98333437299965,-9.16077995300293
-128.80000297599958,52.10000104199965,-3.4987735748291016
-128.80000297599958,52.216667710999644,-2.984400987625122
-128.80000297599958,52.33333437999964,-8.193024635314941
-128.80000297599958,52.45000104899964,-10.659348487854004
-128.80000297599958,52.566667717999636,-28.844064712524414
-128.80000297599958,52.68333438699963,10.175511360168457
-128.80000297599958,52.80000105599963,24.300537109375
-128.80000297599958,52.91666772499963,34.551448822021484
-128.80000297599958,53.033334393999624,21.041812896728516
-128.80000297599958,53.15000106299962,7.043730735778809
-128.80000297599958,53.26666773199962,-6.615298271179199
-128.80000297599958,53.383334400999615,4.78874397277832
-128.80000297599958,53.50000106999961,-28.95075225830078
-128.80000297599958,53.61666773899961,-18.99968910217285
-128.80000297599958,53.73333440799961,-64.54634094238281
-128.80000297599958,53.850001076999604,-80.50745391845703
-128.80000297599958,53.9666677459996,-13.718345642089844
-128.68333630699956,37.983334092999996,-31.537351608276367
-128.68333630699956,38.10000076199999,-29.956064224243164
-128.68333630699956,38.21666743099999,-26.35343360900879
-128.68333630699956,38.33333409999999,-27.025829315185547
-128.68333630699956,38.450000768999985,-31.402097702026367
-128.68333630699956,38.56666743799998,-29.524822235107422
-128.68333630699956,38.68333410699998,-7.272550582885742
-128.68333630699956,38.800000775999976,-6.3720502853393555
-128.68333630699956,38.91666744499997,-10.866839408874512
-128.68333630699956,39.03333411399997,-3.960808753967285
-128.68333630699956,39.15000078299997,-5.136837959289551
-128.68333630699956,39.266667451999965,-4.387516975402832
-128.68333630699956,39.38333412099996,-6.049213409423828
-128.68333630699956,39.50000078999996,-11.7962064743042
-128.68333630699956,39.616667458999956,-22.93541145324707
-128.68333630699956,39.73333412799995,-34.789363861083984
-128.68333630699956,39.85000079699995,-48.19136428833008
-128.68333630699956,39.96666746599995,-56.77415466308594
-128.68333630699956,40.083334134999944,-74.39698791503906
-128.68333630699956,40.20000080399994,-84.1909408569336
-128.68333630699956,40.31666747299994,-44.114139556884766
-128.68333630699956,40.433334141999936,8.399820327758789
-128.68333630699956,40.55000081099993,24.57655906677246
-128.68333630699956,40.66666747999993,26.998092651367188
-128.68333630699956,40.78333414899993,23.403501510620117
-128.68333630699956,40.900000817999924,-6.931846618652344
-128.68333630699956,41.01666748699992,-3.229759454727173
-128.68333630699956,41.13333415599992,-2.143465995788574
-128.68333630699956,41.250000824999915,2.917809009552002
-128.68333630699956,41.36666749399991,0.03095218539237976
-128.68333630699956,41.48333416299991,-0.6284511089324951
-128.68333630699956,41.60000083199991,1.2128269672393799
-128.68333630699956,41.716667500999904,0.13035809993743896
-128.68333630699956,41.8333341699999,-1.4311387538909912
-128.68333630699956,41.9500008389999,-2.8817026615142822
-128.68333630699956,42.066667507999895,-5.79868221282959
-128.68333630699956,42.18333417699989,-8.522711753845215
-128.68333630699956,42.30000084599989,-6.93727970123291
-128.68333630699956,42.41666751499989,-9.221966743469238
-128.68333630699956,42.533334183999884,-8.3364839553833
-128.68333630699956,42.65000085299988,-9.035083770751953
-128.68333630699956,42.76666752199988,-9.00487232208252
-128.68333630699956,42.883334190999875,-9.84721851348877
-128.68333630699956,43.00000085999987,-10.95262336730957
-128.68333630699956,43.11666752899987,-11.414144515991211
-128.68333630699956,43.233334197999866,-10.676430702209473
-128.68333630699956,43.35000086699986,-11.857500076293945
-128.68333630699956,43.46666753599986,-25.341646194458008
-128.68333630699956,43.58333420499986,-29.935089111328125
-128.68333630699956,43.700000873999855,-48.5971565246582
-128.68333630699956,43.81666754299985,-51.050758361816406
-128.68333630699956,43.93333421199985,10.05085277557373
-128.68333630699956,44.050000880999846,7.2752580642700195
-128.68333630699956,44.16666754999984,-1.2698321342468262
-128.68333630699956,44.28333421899984,-9.646685600280762
-128.68333630699956,44.40000088799984,-12.18570613861084
-128.68333630699956,44.516667556999835,-9.27532958984375
-128.68333630699956,44.63333422599983,-14.449827194213867
-128.68333630699956,44.75000089499983,-8.636387825012207
-128.68333630699956,44.866667563999826,6.107273101806641
-128.68333630699956,44.98333423299982,5.505302429199219
-128.68333630699956,45.10000090199982,-11.992112159729004
-128.68333630699956,45.21666757099982,-7.600493431091309
-128.68333630699956,45.333334239999814,-0.5921834111213684
-128.68333630699956,45.45000090899981,-2.7879350185394287
-128.68333630699956,45.56666757799981,-2.6572036743164062
-128.68333630699956,45.683334246999806,-5.258827209472656
-128.68333630699956,45.8000009159998,-4.413478851318359
-128.68333630699956,45.9166675849998,-5.306739807128906
-128.68333630699956,46.0333342539998,4.143548965454102
-128.68333630699956,46.150000922999794,-10.612760543823242
-128.68333630699956,46.26666759199979,-8.141467094421387
-128.68333630699956,46.38333426099979,-8.978875160217285
-128.68333630699956,46.500000929999786,-10.774044036865234
-128.68333630699956,46.61666759899978,-10.054034233093262
-128.68333630699956,46.73333426799978,-9.588858604431152
-128.68333630699956,46.85000093699978,-12.248720169067383
-128.68333630699956,46.966667605999774,-9.680928230285645
-128.68333630699956,47.08333427499977,-8.245834350585938
-128.68333630699956,47.20000094399977,-8.118033409118652
-128.68333630699956,47.316667612999765,-6.858996391296387
-128.68333630699956,47.43333428199976,-10.272455215454102
-128.68333630699956,47.55000095099976,-12.17902946472168
-128.68333630699956,47.66666761999976,-8.238430976867676
-128.68333630699956,47.783334288999754,-12.461996078491211
-128.68333630699956,47.90000095799975,-8.577288627624512
-128.68333630699956,48.01666762699975,-8.433363914489746
-128.68333630699956,48.133334295999745,-5.649458885192871
-128.68333630699956,48.25000096499974,-1.013275384902954
-128.68333630699956,48.36666763399974,0.9475411176681519
-128.68333630699956,48.48333430299974,-10.749241828918457
-128.68333630699956,48.600000971999734,-24.775346755981445
-128.68333630699956,48.71666764099973,-31.131946563720703
-128.68333630699956,48.83333430999973,-38.92121505737305
-128.68333630699956,48.950000978999725,-30.767717361450195
-128.68333630699956,49.06666764799972,-20.349456787109375
-128.68333630699956,49.18333431699972,-8.44653606414795
-128.68333630699956,49.300000985999716,-3.201869249343872
-128.68333630699956,49.41666765499971,0.054626286029815674
-128.68333630699956,49.53333432399971,-3.544137716293335
-128.68333630699956,49.65000099299971,-12.446965217590332
-128.68333630699956,49.766667661999705,-36.970252990722656
-128.68333630699956,49.8833343309997,-45.36664581298828
-128.68333630699956,50.0000009999997,-68.4601821899414
-128.68333630699956,50.116667668999696,-96.8253402709961
-128.68333630699956,50.23333433799969,-105.97409057617188
-128.68333630699956,50.35000100699969,-122.59737396240234
-128.68333630699956,50.46666767599969,-107.4688949584961
-128.68333630699956,50.583334344999685,-33.984806060791016
-128.68333630699956,50.70000101399968,9.641493797302246
-128.68333630699956,50.81666768299968,55.754886627197266
-128.68333630699956,50.933334351999676,23.3844051361084
-128.68333630699956,51.05000102099967,-2.2357757091522217
-128.68333630699956,51.16666768999967,-10.963455200195312
-128.68333630699956,51.28333435899967,-14.104900360107422
-128.68333630699956,51.400001027999664,-0.8981577754020691
-128.68333630699956,51.51666769699966,-11.732341766357422
-128.68333630699956,51.63333436599966,-21.561294555664062
-128.68333630699956,51.750001034999656,-15.367804527282715
-128.68333630699956,51.86666770399965,-13.585419654846191
-128.68333630699956,51.98333437299965,-18.576810836791992
-128.68333630699956,52.10000104199965,-3.2192039489746094
-128.68333630699956,52.216667710999644,2.942894220352173
-128.68333630699956,52.33333437999964,13.285662651062012
-128.68333630699956,52.45000104899964,5.348907470703125
-128.68333630699956,52.566667717999636,5.243868827819824
-128.68333630699956,52.68333438699963,25.5682373046875
-128.68333630699956,52.80000105599963,15.6211519241333
-128.68333630699956,52.91666772499963,11.5468111038208
-128.68333630699956,53.033334393999624,10.001264572143555
-128.68333630699956,53.15000106299962,-14.695732116699219
-128.68333630699956,53.26666773199962,18.69554328918457
-128.68333630699956,53.383334400999615,4.5333051681518555
-128.68333630699956,53.50000106999961,-20.647756576538086
-128.68333630699956,53.61666773899961,23.49226951599121
-128.68333630699956,53.73333440799961,5.1612653732299805
-128.68333630699956,53.850001076999604,-56.18076705932617
-128.68333630699956,53.9666677459996,-55.90843963623047
-128.56666963799955,37.983334092999996,-26.6453914642334
-128.56666963799955,38.10000076199999,-30.120208740234375
-128.56666963799955,38.21666743099999,-24.17335319519043
-128.56666963799955,38.33333409999999,-25.275636672973633
-128.56666963799955,38.450000768999985,-30.817136764526367
-128.56666963799955,38.56666743799998,-32.4788703918457
-128.56666963799955,38.68333410699998,-10.488986015319824
-128.56666963799955,38.800000775999976,-6.435408592224121
-128.56666963799955,38.91666744499997,-4.806277275085449
-128.56666963799955,39.03333411399997,-3.8674635887145996
-128.56666963799955,39.15000078299997,-2.304100275039673
-128.56666963799955,39.266667451999965,-4.648784637451172
-128.56666963799955,39.38333412099996,-6.104461669921875
-128.56666963799955,39.50000078999996,-11.148533821105957
-128.56666963799955,39.616667458999956,-25.22288703918457
-128.56666963799955,39.73333412799995,-40.390804290771484
-128.56666963799955,39.85000079699995,-50.18107604980469
-128.56666963799955,39.96666746599995,-56.19911575317383
-128.56666963799955,40.083334134999944,-69.40122985839844
-128.56666963799955,40.20000080399994,-82.88605499267578
-128.56666963799955,40.31666747299994,-42.68994903564453
-128.56666963799955,40.433334141999936,10.985420227050781
-128.56666963799955,40.55000081099993,14.048229217529297
-128.56666963799955,40.66666747999993,30.96160125732422
-128.56666963799955,40.78333414899993,15.098075866699219
-128.56666963799955,40.900000817999924,0.6912713050842285
-128.56666963799955,41.01666748699992,-5.756662368774414
-128.56666963799955,41.13333415599992,-6.6750383377075195
-128.56666963799955,41.250000824999915,-9.093696594238281
-128.56666963799955,41.36666749399991,-6.346977233886719
-128.56666963799955,41.48333416299991,-6.668820381164551
-128.56666963799955,41.60000083199991,-2.184187173843384
-128.56666963799955,41.716667500999904,-2.666555404663086
-128.56666963799955,41.8333341699999,-4.287232398986816
-128.56666963799955,41.9500008389999,-6.96186637878418
-128.56666963799955,42.066667507999895,-5.436729431152344
-128.56666963799955,42.18333417699989,-7.784041404724121
-128.56666963799955,42.30000084599989,-9.819047927856445
-128.56666963799955,42.41666751499989,-11.367438316345215
-128.56666963799955,42.533334183999884,-13.271659851074219
-128.56666963799955,42.65000085299988,-10.332962036132812
-128.56666963799955,42.76666752199988,-9.8582763671875
-128.56666963799955,42.883334190999875,-9.57840633392334
-128.56666963799955,43.00000085999987,-10.371757507324219
-128.56666963799955,43.11666752899987,-14.963738441467285
-128.56666963799955,43.233334197999866,-7.681733131408691
-128.56666963799955,43.35000086699986,-11.64840316772461
-128.56666963799955,43.46666753599986,-25.9580135345459
-128.56666963799955,43.58333420499986,-30.99915313720703
-128.56666963799955,43.700000873999855,-24.954269409179688
-128.56666963799955,43.81666754299985,-20.43083953857422
-128.56666963799955,43.93333421199985,9.371005058288574
-128.56666963799955,44.050000880999846,11.912619590759277
-128.56666963799955,44.16666754999984,8.263629913330078
-128.56666963799955,44.28333421899984,-1.1670100688934326
-128.56666963799955,44.40000088799984,-8.448530197143555
-128.56666963799955,44.516667556999835,-7.484865188598633
-128.56666963799955,44.63333422599983,-8.66955280303955
-128.56666963799955,44.75000089499983,-2.49397349357605
-128.56666963799955,44.866667563999826,4.0731306076049805
-128.56666963799955,44.98333423299982,-0.2581430673599243
-128.56666963799955,45.10000090199982,-8.945996284484863
-128.56666963799955,45.21666757099982,-6.667681694030762
-128.56666963799955,45.333334239999814,-5.193661689758301
-128.56666963799955,45.45000090899981,-3.1408236026763916
-128.56666963799955,45.56666757799981,-4.2403564453125
-128.56666963799955,45.683334246999806,-2.6718344688415527
-128.56666963799955,45.8000009159998,-4.861985206604004
-128.56666963799955,45.9166675849998,-4.667392730712891
-128.56666963799955,46.0333342539998,11.425065040588379
-128.56666963799955,46.150000922999794,-4.403268814086914
-128.56666963799955,46.26666759199979,-7.817137718200684
-128.56666963799955,46.38333426099979,-8.942122459411621
-128.56666963799955,46.500000929999786,-9.081664085388184
-128.56666963799955,46.61666759899978,-7.7030744552612305
-128.56666963799955,46.73333426799978,-9.055829048156738
-128.56666963799955,46.85000093699978,-8.41766357421875
-128.56666963799955,46.966667605999774,-10.060525894165039
-128.56666963799955,47.08333427499977,-9.567299842834473
-128.56666963799955,47.20000094399977,-10.647427558898926
-128.56666963799955,47.316667612999765,-11.130370140075684
-128.56666963799955,47.43333428199976,-13.570727348327637
-128.56666963799955,47.55000095099976,-13.975400924682617
-128.56666963799955,47.66666761999976,-10.805251121520996
-128.56666963799955,47.783334288999754,-8.94820499420166
-128.56666963799955,47.90000095799975,-5.804669380187988
-128.56666963799955,48.01666762699975,-6.473732948303223
-128.56666963799955,48.133334295999745,-6.4105224609375
-128.56666963799955,48.25000096499974,-2.8693222999572754
-128.56666963799955,48.36666763399974,2.6688637733459473
-128.56666963799955,48.48333430299974,8.065933227539062
-128.56666963799955,48.600000971999734,1.7925746440887451
-128.56666963799955,48.71666764099973,0.32310545444488525
-128.56666963799955,48.83333430999973,-8.860430717468262
-128.56666963799955,48.950000978999725,-21.029020309448242
-128.56666963799955,49.06666764799972,-24.285015106201172
-128.56666963799955,49.18333431699972,-13.297582626342773
-128.56666963799955,49.300000985999716,-10.431198120117188
-128.56666963799955,49.41666765499971,-2.4619181156158447
-128.56666963799955,49.53333432399971,-8.444527626037598
-128.56666963799955,49.65000099299971,-24.906299591064453
-128.56666963799955,49.766667661999705,-48.94891357421875
-128.56666963799955,49.8833343309997,-66.08338928222656
-128.56666963799955,50.0000009999997,-84.74440002441406
-128.56666963799955,50.116667668999696,-99.99042510986328
-128.56666963799955,50.23333433799969,-96.3442153930664
-128.56666963799955,50.35000100699969,-97.9317855834961
-128.56666963799955,50.46666767599969,-54.31169509887695
-128.56666963799955,50.583334344999685,-18.157960891723633
-128.56666963799955,50.70000101399968,6.649959564208984
-128.56666963799955,50.81666768299968,38.647525787353516
-128.56666963799955,50.933334351999676,15.29626178741455
-128.56666963799955,51.05000102099967,-6.129416465759277
-128.56666963799955,51.16666768999967,-18.88430404663086
-128.56666963799955,51.28333435899967,-5.987826347351074
-128.56666963799955,51.400001027999664,-6.478813171386719
-128.56666963799955,51.51666769699966,-14.272528648376465
-128.56666963799955,51.63333436599966,-13.913830757141113
-128.56666963799955,51.750001034999656,-7.659904479980469
-128.56666963799955,51.86666770399965,14.374654769897461
-128.56666963799955,51.98333437299965,-2.175509452819824
-128.56666963799955,52.10000104199965,0.8119516372680664
-128.56666963799955,52.216667710999644,6.052881240844727
-128.56666963799955,52.33333437999964,5.2571916580200195
-128.56666963799955,52.45000104899964,20.004926681518555
-128.56666963799955,52.566667717999636,17.307260513305664
-128.56666963799955,52.68333438699963,3.8705337047576904
-128.56666963799955,52.80000105599963,3.1038997173309326
-128.56666963799955,52.91666772499963,4.5587615966796875
-128.56666963799955,53.033334393999624,0.40700024366378784
-128.56666963799955,53.15000106299962,-19.945960998535156
-128.56666963799955,53.26666773199962,31.792160034179688
-128.56666963799955,53.383334400999615,-24.29317855834961
-128.56666963799955,53.50000106999961,3.075756072998047
-128.56666963799955,53.61666773899961,37.834388732910156
-128.56666963799955,53.73333440799961,21.819887161254883
-128.56666963799955,53.850001076999604,-29.744726181030273
-128.56666963799955,53.9666677459996,-16.747575759887695
-128.45000296899954,37.983334092999996,-28.2908935546875
-128.45000296899954,38.10000076199999,-27.493396759033203
-128.45000296899954,38.21666743099999,-23.023927688598633
-128.45000296899954,38.33333409999999,-26.014617919921875
-128.45000296899954,38.450000768999985,-31.449949264526367
-128.45000296899954,38.56666743799998,-32.08669662475586
-128.45000296899954,38.68333410699998,-12.232141494750977
-128.45000296899954,38.800000775999976,-8.862359046936035
-128.45000296899954,38.91666744499997,-7.961629867553711
-128.45000296899954,39.03333411399997,-7.250073432922363
-128.45000296899954,39.15000078299997,-2.179750442504883
-128.45000296899954,39.266667451999965,-4.468598365783691
-128.45000296899954,39.38333412099996,-7.556827545166016
-128.45000296899954,39.50000078999996,-12.790414810180664
-128.45000296899954,39.616667458999956,-24.55740737915039
-128.45000296899954,39.73333412799995,-40.8536376953125
-128.45000296899954,39.85000079699995,-55.16019821166992
-128.45000296899954,39.96666746599995,-57.64927291870117
-128.45000296899954,40.083334134999944,-67.79165649414062
-128.45000296899954,40.20000080399994,-78.9698257446289
-128.45000296899954,40.31666747299994,-32.44215774536133
-128.45000296899954,40.433334141999936,5.591617584228516
-128.45000296899954,40.55000081099993,1.774078130722046
-128.45000296899954,40.66666747999993,19.092134475708008
-128.45000296899954,40.78333414899993,10.679405212402344
-128.45000296899954,40.900000817999924,0.5888546109199524
-128.45000296899954,41.01666748699992,-6.823650360107422
-128.45000296899954,41.13333415599992,-11.897177696228027
-128.45000296899954,41.250000824999915,-8.094600677490234
-128.45000296899954,41.36666749399991,-7.086296081542969
-128.45000296899954,41.48333416299991,-7.733329772949219
-128.45000296899954,41.60000083199991,-3.267096996307373
-128.45000296899954,41.716667500999904,-1.8505022525787354
-128.45000296899954,41.8333341699999,-0.6261633634567261
-128.45000296899954,41.9500008389999,-4.726880073547363
-128.45000296899954,42.066667507999895,-5.128066062927246
-128.45000296899954,42.18333417699989,-5.473106384277344
-128.45000296899954,42.30000084599989,-7.891561508178711
-128.45000296899954,42.41666751499989,-8.920273780822754
-128.45000296899954,42.533334183999884,-13.667035102844238
-128.45000296899954,42.65000085299988,-13.145087242126465
-128.45000296899954,42.76666752199988,-14.466182708740234
-128.45000296899954,42.883334190999875,-19.37179946899414
-128.45000296899954,43.00000085999987,-15.607048034667969
-128.45000296899954,43.11666752899987,-9.020858764648438
-128.45000296899954,43.233334197999866,0.9442504644393921
-128.45000296899954,43.35000086699986,-1.7024873495101929
-128.45000296899954,43.46666753599986,-32.88202667236328
-128.45000296899954,43.58333420499986,-24.023725509643555
-128.45000296899954,43.700000873999855,-6.509142875671387
-128.45000296899954,43.81666754299985,-5.360262870788574
-128.45000296899954,43.93333421199985,6.701902389526367
-128.45000296899954,44.050000880999846,9.26817798614502
-128.45000296899954,44.16666754999984,5.614226341247559
-128.45000296899954,44.28333421899984,-0.8411543369293213
-128.45000296899954,44.40000088799984,-3.917846918106079
-128.45000296899954,44.516667556999835,4.525507926940918
-128.45000296899954,44.63333422599983,6.567592620849609
-128.45000296899954,44.75000089499983,-11.118962287902832
-128.45000296899954,44.866667563999826,-10.301239967346191
-128.45000296899954,44.98333423299982,-12.27077579498291
-128.45000296899954,45.10000090199982,-10.848078727722168
-128.45000296899954,45.21666757099982,-3.0723445415496826
-128.45000296899954,45.333334239999814,-5.703444480895996
-128.45000296899954,45.45000090899981,-3.4320483207702637
-128.45000296899954,45.56666757799981,-4.742822647094727
-128.45000296899954,45.683334246999806,-3.4984326362609863
-128.45000296899954,45.8000009159998,-1.9918427467346191
-128.45000296899954,45.9166675849998,-2.3636772632598877
-128.45000296899954,46.0333342539998,-1.6581714153289795
-128.45000296899954,46.150000922999794,-7.381833076477051
-128.45000296899954,46.26666759199979,-7.003353118896484
-128.45000296899954,46.38333426099979,-7.526280403137207
-128.45000296899954,46.500000929999786,-6.371940612792969
-128.45000296899954,46.61666759899978,-7.086578369140625
-128.45000296899954,46.73333426799978,-6.8908281326293945
-128.45000296899954,46.85000093699978,-2.8847527503967285
-128.45000296899954,46.966667605999774,-5.500654220581055
-128.45000296899954,47.08333427499977,-8.566856384277344
-128.45000296899954,47.20000094399977,-7.858017921447754
-128.45000296899954,47.316667612999765,-12.12546443939209
-128.45000296899954,47.43333428199976,-11.389364242553711
-128.45000296899954,47.55000095099976,-16.148893356323242
-128.45000296899954,47.66666761999976,-9.047534942626953
-128.45000296899954,47.783334288999754,-6.868405342102051
-128.45000296899954,47.90000095799975,-8.135784149169922
-128.45000296899954,48.01666762699975,-3.2704968452453613
-128.45000296899954,48.133334295999745,-1.3003132343292236
-128.45000296899954,48.25000096499974,-3.651986837387085
-128.45000296899954,48.36666763399974,-2.5488734245300293
-128.45000296899954,48.48333430299974,-4.410299301147461
-128.45000296899954,48.600000971999734,-6.601031303405762
-128.45000296899954,48.71666764099973,-10.130276679992676
-128.45000296899954,48.83333430999973,-2.4986181259155273
-128.45000296899954,48.950000978999725,-19.920989990234375
-128.45000296899954,49.06666764799972,-22.28199005126953
-128.45000296899954,49.18333431699972,-21.714643478393555
-128.45000296899954,49.300000985999716,-12.183738708496094
-128.45000296899954,49.41666765499971,-10.442558288574219
-128.45000296899954,49.53333432399971,-15.417642593383789
-128.45000296899954,49.65000099299971,-41.312068939208984
-128.45000296899954,49.766667661999705,-57.40040588378906
-128.45000296899954,49.8833343309997,-91.23152160644531
-128.45000296899954,50.0000009999997,-101.0877914428711
-128.45000296899954,50.116667668999696,-93.7319564819336
-128.45000296899954,50.23333433799969,-95.75753021240234
-128.45000296899954,50.35000100699969,-59.82233810424805
-128.45000296899954,50.46666767599969,-17.893747329711914
-128.45000296899954,50.583334344999685,-9.016698837280273
-128.45000296899954,50.70000101399968,11.397855758666992
-128.45000296899954,50.81666768299968,39.82490921020508
-128.45000296899954,50.933334351999676,8.08237361907959
-128.45000296899954,51.05000102099967,-9.735555648803711
-128.45000296899954,51.16666768999967,-27.2072811126709
-128.45000296899954,51.28333435899967,5.759640693664551
-128.45000296899954,51.400001027999664,-6.10587215423584
-128.45000296899954,51.51666769699966,-20.87388038635254
-128.45000296899954,51.63333436599966,-31.06867790222168
-128.45000296899954,51.750001034999656,-22.368040084838867
-128.45000296899954,51.86666770399965,23.12832260131836
-128.45000296899954,51.98333437299965,25.688426971435547
-128.45000296899954,52.10000104199965,27.009429931640625
-128.45000296899954,52.216667710999644,30.12828826904297
-128.45000296899954,52.33333437999964,-2.9175033569335938
-128.45000296899954,52.45000104899964,11.266130447387695
-128.45000296899954,52.566667717999636,-5.469985008239746
-128.45000296899954,52.68333438699963,-15.118151664733887
-128.45000296899954,52.80000105599963,-21.712942123413086
-128.45000296899954,52.91666772499963,4.624911308288574
-128.45000296899954,53.033334393999624,-10.557565689086914
-128.45000296899954,53.15000106299962,-4.518404006958008
-128.45000296899954,53.26666773199962,28.375886917114258
-128.45000296899954,53.383334400999615,-16.301742553710938
-128.45000296899954,53.50000106999961,10.05220890045166
-128.45000296899954,53.61666773899961,24.113801956176758
-128.45000296899954,53.73333440799961,-7.691832542419434
-128.45000296899954,53.850001076999604,-27.999662399291992
-128.45000296899954,53.9666677459996,52.51591110229492
-128.33333629999953,37.983334092999996,-15.105112075805664
-128.33333629999953,38.10000076199999,-23.912343978881836
-128.33333629999953,38.21666743099999,-19.60212516784668
-128.33333629999953,38.33333409999999,-21.98130226135254
-128.33333629999953,38.450000768999985,-28.83885383605957
-128.33333629999953,38.56666743799998,-28.613208770751953
-128.33333629999953,38.68333410699998,-14.261978149414062
-128.33333629999953,38.800000775999976,-4.0629119873046875
-128.33333629999953,38.91666744499997,-7.4416656494140625
-128.33333629999953,39.03333411399997,-4.263077735900879
-128.33333629999953,39.15000078299997,-0.7047250270843506
-128.33333629999953,39.266667451999965,-4.766287803649902
-128.33333629999953,39.38333412099996,-6.365789413452148
-128.33333629999953,39.50000078999996,-12.882439613342285
-128.33333629999953,39.616667458999956,-24.62240982055664
-128.33333629999953,39.73333412799995,-32.806819915771484
-128.33333629999953,39.85000079699995,-46.74419021606445
-128.33333629999953,39.96666746599995,-55.46148681640625
-128.33333629999953,40.083334134999944,-66.73419189453125
-128.33333629999953,40.20000080399994,-78.9405288696289
-128.33333629999953,40.31666747299994,-22.201871871948242
-128.33333629999953,40.433334141999936,5.416347503662109
-128.33333629999953,40.55000081099993,3.400843858718872
-128.33333629999953,40.66666747999993,9.026196479797363
-128.33333629999953,40.78333414899993,11.182557106018066
-128.33333629999953,40.900000817999924,-0.28371497988700867
-128.33333629999953,41.01666748699992,-11.098398208618164
-128.33333629999953,41.13333415599992,-9.889809608459473
-128.33333629999953,41.250000824999915,-6.681926727294922
-128.33333629999953,41.36666749399991,-4.889283180236816
-128.33333629999953,41.48333416299991,-12.929320335388184
-128.33333629999953,41.60000083199991,-9.466050148010254
-128.33333629999953,41.716667500999904,-8.749167442321777
-128.33333629999953,41.8333341699999,-6.227231025695801
-128.33333629999953,41.9500008389999,-6.405348777770996
-128.33333629999953,42.066667507999895,-11.622496604919434
-128.33333629999953,42.18333417699989,-7.046526908874512
-128.33333629999953,42.30000084599989,-9.664216041564941
-128.33333629999953,42.41666751499989,-8.447308540344238
-128.33333629999953,42.533334183999884,-8.67042350769043
-128.33333629999953,42.65000085299988,-10.946462631225586
-128.33333629999953,42.76666752199988,-16.68931007385254
-128.33333629999953,42.883334190999875,-15.150322914123535
-128.33333629999953,43.00000085999987,-14.666796684265137
-128.33333629999953,43.11666752899987,-13.024356842041016
-128.33333629999953,43.233334197999866,1.7703735828399658
-128.33333629999953,43.35000086699986,-8.080873489379883
-128.33333629999953,43.46666753599986,-40.515018463134766
-128.33333629999953,43.58333420499986,-13.808183670043945
-128.33333629999953,43.700000873999855,-0.0034844577312469482
-128.33333629999953,43.81666754299985,-2.2267370223999023
-128.33333629999953,43.93333421199985,3.142726421356201
-128.33333629999953,44.050000880999846,-0.7963749766349792
-128.33333629999953,44.16666754999984,-0.5117077827453613
-128.33333629999953,44.28333421899984,-1.4256845712661743
-128.33333629999953,44.40000088799984,-7.664278030395508
-128.33333629999953,44.516667556999835,-9.121387481689453
-128.33333629999953,44.63333422599983,-5.91600227355957
-128.33333629999953,44.75000089499983,-13.077522277832031
-128.33333629999953,44.866667563999826,-4.69499397277832
-128.33333629999953,44.98333423299982,-9.324359893798828
-128.33333629999953,45.10000090199982,-5.922931671142578
-128.33333629999953,45.21666757099982,-2.8857169151306152
-128.33333629999953,45.333334239999814,-4.2143049240112305
-128.33333629999953,45.45000090899981,-5.642650604248047
-128.33333629999953,45.56666757799981,-4.914121627807617
-128.33333629999953,45.683334246999806,-1.9475401639938354
-128.33333629999953,45.8000009159998,-4.417767524719238
-128.33333629999953,45.9166675849998,-4.964883804321289
-128.33333629999953,46.0333342539998,-5.640677452087402
-128.33333629999953,46.150000922999794,-4.016526699066162
-128.33333629999953,46.26666759199979,-4.474414825439453
-128.33333629999953,46.38333426099979,-5.491498947143555
-128.33333629999953,46.500000929999786,-5.429618835449219
-128.33333629999953,46.61666759899978,-8.27527141571045
-128.33333629999953,46.73333426799978,-9.525394439697266
-128.33333629999953,46.85000093699978,2.644766330718994
-128.33333629999953,46.966667605999774,-8.264679908752441
-128.33333629999953,47.08333427499977,-7.420967102050781
-128.33333629999953,47.20000094399977,-6.241135597229004
-128.33333629999953,47.316667612999765,-14.337244987487793
-128.33333629999953,47.43333428199976,-11.510573387145996
-128.33333629999953,47.55000095099976,-11.367831230163574
-128.33333629999953,47.66666761999976,-10.902776718139648
-128.33333629999953,47.783334288999754,-5.461304664611816
-128.33333629999953,47.90000095799975,-3.7137136459350586
-128.33333629999953,48.01666762699975,-1.29257333278656
-128.33333629999953,48.133334295999745,-0.9295200705528259
-128.33333629999953,48.25000096499974,3.5119285583496094
-128.33333629999953,48.36666763399974,6.484945297241211
-128.33333629999953,48.48333430299974,1.557503342628479
-128.33333629999953,48.600000971999734,-3.286632776260376
-128.33333629999953,48.71666764099973,-7.863620758056641
-128.33333629999953,48.83333430999973,-9.438058853149414
-128.33333629999953,48.950000978999725,-19.308513641357422
-128.33333629999953,49.06666764799972,-24.242233276367188
-128.33333629999953,49.18333431699972,-24.59440803527832
-128.33333629999953,49.300000985999716,-22.62746238708496
-128.33333629999953,49.41666765499971,-27.187557220458984
-128.33333629999953,49.53333432399971,-23.729034423828125
-128.33333629999953,49.65000099299971,-47.1248779296875
-128.33333629999953,49.766667661999705,-79.35385131835938
-128.33333629999953,49.8833343309997,-103.88324737548828
-128.33333629999953,50.0000009999997,-92.4043960571289
-128.33333629999953,50.116667668999696,-95.94456481933594
-128.33333629999953,50.23333433799969,-88.495849609375
-128.33333629999953,50.35000100699969,-22.670852661132812
-128.33333629999953,50.46666767599969,2.2182798385620117
-128.33333629999953,50.583334344999685,7.203520774841309
-128.33333629999953,50.70000101399968,48.733394622802734
-128.33333629999953,50.81666768299968,44.98551559448242
-128.33333629999953,50.933334351999676,8.987475395202637
-128.33333629999953,51.05000102099967,-4.544678688049316
-128.33333629999953,51.16666768999967,-25.39799690246582
-128.33333629999953,51.28333435899967,-1.7868188619613647
-128.33333629999953,51.400001027999664,-8.802642822265625
-128.33333629999953,51.51666769699966,-24.957500457763672
-128.33333629999953,51.63333436599966,-40.13345718383789
-128.33333629999953,51.750001034999656,-31.56316375732422
-128.33333629999953,51.86666770399965,-47.372222900390625
-128.33333629999953,51.98333437299965,6.9411516189575195
-128.33333629999953,52.10000104199965,18.7973690032959
-128.33333629999953,52.216667710999644,16.692834854125977
-128.33333629999953,52.33333437999964,12.690831184387207
-128.33333629999953,52.45000104899964,-1.9428983926773071
-128.33333629999953,52.566667717999636,-16.107851028442383
-128.33333629999953,52.68333438699963,-15.403594970703125
-128.33333629999953,52.80000105599963,-25.909942626953125
-128.33333629999953,52.91666772499963,19.299175262451172
-128.33333629999953,53.033334393999624,3.337679624557495
-128.33333629999953,53.15000106299962,29.506132125854492
-128.33333629999953,53.26666773199962,52.964210510253906
-128.33333629999953,53.383334400999615,36.49530029296875
-128.33333629999953,53.50000106999961,-41.22895431518555
-128.33333629999953,53.61666773899961,23.050609588623047
-128.33333629999953,53.73333440799961,1.6426503658294678
-128.33333629999953,53.850001076999604,-6.225251197814941
-128.33333629999953,53.9666677459996,44.49908447265625
-128.21666963099952,37.983334092999996,-12.740808486938477
-128.21666963099952,38.10000076199999,-22.374347686767578
-128.21666963099952,38.21666743099999,-18.939273834228516
-128.21666963099952,38.33333409999999,-22.845216751098633
-128.21666963099952,38.450000768999985,-26.58953094482422
-128.21666963099952,38.56666743799998,-29.799962997436523
-128.21666963099952,38.68333410699998,-14.317180633544922
-128.21666963099952,38.800000775999976,-4.651670455932617
-128.21666963099952,38.91666744499997,-7.536669731140137
-128.21666963099952,39.03333411399997,-10.420622825622559
-128.21666963099952,39.15000078299997,-6.558531761169434
-128.21666963099952,39.266667451999965,-4.199789047241211
-128.21666963099952,39.38333412099996,-6.289491653442383
-128.21666963099952,39.50000078999996,-12.099942207336426
-128.21666963099952,39.616667458999956,-23.671606063842773
-128.21666963099952,39.73333412799995,-40.05119705200195
-128.21666963099952,39.85000079699995,-48.838233947753906
-128.21666963099952,39.96666746599995,-58.197505950927734
-128.21666963099952,40.083334134999944,-69.7703628540039
-128.21666963099952,40.20000080399994,-79.2575454711914
-128.21666963099952,40.31666747299994,-29.79167938232422
-128.21666963099952,40.433334141999936,2.8919970989227295
-128.21666963099952,40.55000081099993,10.017454147338867
-128.21666963099952,40.66666747999993,-1.144976258277893
-128.21666963099952,40.78333414899993,8.707744598388672
-128.21666963099952,40.900000817999924,-5.223133087158203
-128.21666963099952,41.01666748699992,-5.953534126281738
-128.21666963099952,41.13333415599992,-0.5413289070129395
-128.21666963099952,41.250000824999915,-2.972745418548584
-128.21666963099952,41.36666749399991,-6.119422912597656
-128.21666963099952,41.48333416299991,-11.96754264831543
-128.21666963099952,41.60000083199991,-12.826245307922363
-128.21666963099952,41.716667500999904,-10.63334846496582
-128.21666963099952,41.8333341699999,-6.547446250915527
-128.21666963099952,41.9500008389999,-10.708564758300781
-128.21666963099952,42.066667507999895,-12.881978988647461
-128.21666963099952,42.18333417699989,-11.901753425598145
-128.21666963099952,42.30000084599989,-12.332274436950684
-128.21666963099952,42.41666751499989,-7.15528678894043
-128.21666963099952,42.533334183999884,-8.74981689453125
-128.21666963099952,42.65000085299988,-16.78597640991211
-128.21666963099952,42.76666752199988,-8.410598754882812
-128.21666963099952,42.883334190999875,6.97653865814209
-128.21666963099952,43.00000085999987,-5.583174705505371
-128.21666963099952,43.11666752899987,-28.819721221923828
-128.21666963099952,43.233334197999866,-9.8081636428833
-128.21666963099952,43.35000086699986,-21.626676559448242
-128.21666963099952,43.46666753599986,-37.0245246887207
-128.21666963099952,43.58333420499986,-6.911910057067871
-128.21666963099952,43.700000873999855,-6.559228897094727
-128.21666963099952,43.81666754299985,-5.378498077392578
-128.21666963099952,43.93333421199985,-5.37818717956543
-128.21666963099952,44.050000880999846,4.427494049072266
-128.21666963099952,44.16666754999984,3.7721946239471436
-128.21666963099952,44.28333421899984,2.8661537170410156
-128.21666963099952,44.40000088799984,-0.013552337884902954
-128.21666963099952,44.516667556999835,-13.616645812988281
-128.21666963099952,44.63333422599983,-17.621652603149414
-128.21666963099952,44.75000089499983,-17.35173225402832
-128.21666963099952,44.866667563999826,-9.280845642089844
-128.21666963099952,44.98333423299982,-8.029973983764648
-128.21666963099952,45.10000090199982,-9.322394371032715
-128.21666963099952,45.21666757099982,-7.4395751953125
-128.21666963099952,45.333334239999814,-7.793059349060059
-128.21666963099952,45.45000090899981,-5.283980369567871
-128.21666963099952,45.56666757799981,-4.378054618835449
-128.21666963099952,45.683334246999806,-4.886967658996582
-128.21666963099952,45.8000009159998,-6.533028602600098
-128.21666963099952,45.9166675849998,-7.658310890197754
-128.21666963099952,46.0333342539998,-5.870013236999512
-128.21666963099952,46.150000922999794,-7.9794158935546875
-128.21666963099952,46.26666759199979,-8.690291404724121
-128.21666963099952,46.38333426099979,-11.273475646972656
-128.21666963099952,46.500000929999786,-10.536359786987305
-128.21666963099952,46.61666759899978,-12.507145881652832
-128.21666963099952,46.73333426799978,-11.29348087310791
-128.21666963099952,46.85000093699978,-10.832659721374512
-128.21666963099952,46.966667605999774,-11.272856712341309
-128.21666963099952,47.08333427499977,-12.080140113830566
-128.21666963099952,47.20000094399977,-12.355069160461426
-128.21666963099952,47.316667612999765,-12.30748462677002
-128.21666963099952,47.43333428199976,-10.281684875488281
-128.21666963099952,47.55000095099976,-7.368626594543457
-128.21666963099952,47.66666761999976,-3.988795518875122
-128.21666963099952,47.783334288999754,-3.51008677482605
-128.21666963099952,47.90000095799975,-6.33342170715332
-128.21666963099952,48.01666762699975,0.29830408096313477
-128.21666963099952,48.133334295999745,-1.9043083190917969
-128.21666963099952,48.25000096499974,-3.4659903049468994
-128.21666963099952,48.36666763399974,5.4119415283203125
-128.21666963099952,48.48333430299974,8.752602577209473
-128.21666963099952,48.600000971999734,2.6546645164489746
-128.21666963099952,48.71666764099973,-6.987557411193848
-128.21666963099952,48.83333430999973,-16.030223846435547
-128.21666963099952,48.950000978999725,-16.003541946411133
-128.21666963099952,49.06666764799972,-22.467792510986328
-128.21666963099952,49.18333431699972,-26.036863327026367
-128.21666963099952,49.300000985999716,-32.357887268066406
-128.21666963099952,49.41666765499971,-36.16206359863281
-128.21666963099952,49.53333432399971,-39.31776809692383
-128.21666963099952,49.65000099299971,-57.46136474609375
-128.21666963099952,49.766667661999705,-89.49894714355469
-128.21666963099952,49.8833343309997,-103.30706024169922
-128.21666963099952,50.0000009999997,-84.23003387451172
-128.21666963099952,50.116667668999696,-91.43872833251953
-128.21666963099952,50.23333433799969,-65.53285217285156
-128.21666963099952,50.35000100699969,13.100578308105469
-128.21666963099952,50.46666767599969,26.412105560302734
-128.21666963099952,50.583334344999685,39.90370178222656
-128.21666963099952,50.70000101399968,52.77127456665039
-128.21666963099952,50.81666768299968,38.30107498168945
-128.21666963099952,50.933334351999676,20.887832641601562
-128.21666963099952,51.05000102099967,-8.756977081298828
-128.21666963099952,51.16666768999967,-7.551093101501465
-128.21666963099952,51.28333435899967,-1.3815116882324219
-128.21666963099952,51.400001027999664,-21.979839324951172
-128.21666963099952,51.51666769699966,-20.858806610107422
-128.21666963099952,51.63333436599966,-1.9936549663543701
-128.21666963099952,51.750001034999656,-19.8948974609375
-128.21666963099952,51.86666770399965,15.965521812438965
-128.21666963099952,51.98333437299965,11.076380729675293
-128.21666963099952,52.10000104199965,16.828800201416016
-128.21666963099952,52.216667710999644,0.15297797322273254
-128.21666963099952,52.33333437999964,14.42646312713623
-128.21666963099952,52.45000104899964,-14.155341148376465
-128.21666963099952,52.566667717999636,-13.93898868560791
-128.21666963099952,52.68333438699963,-43.1529426574707
-128.21666963099952,52.80000105599963,-34.765625
-128.21666963099952,52.91666772499963,15.150017738342285
-128.21666963099952,53.033334393999624,39.848426818847656
-128.21666963099952,53.15000106299962,23.915063858032227
-128.21666963099952,53.26666773199962,20.093727111816406
-128.21666963099952,53.383334400999615,20.05965232849121
-128.21666963099952,53.50000106999961,-57.13524627685547
-128.21666963099952,53.61666773899961,46.985328674316406
-128.21666963099952,53.73333440799961,10.972314834594727
-128.21666963099952,53.850001076999604,19.451801300048828
-128.21666963099952,53.9666677459996,33.193084716796875
-128.1000029619995,37.983334092999996,-23.32301139831543
-128.1000029619995,38.10000076199999,-20.093427658081055
-128.1000029619995,38.21666743099999,-18.2349853515625
-128.1000029619995,38.33333409999999,-23.23244857788086
-128.1000029619995,38.450000768999985,-29.544649124145508
-128.1000029619995,38.56666743799998,-29.4559268951416
-128.1000029619995,38.68333410699998,-13.117240905761719
-128.1000029619995,38.800000775999976,-5.3872270584106445
-128.1000029619995,38.91666744499997,-9.951824188232422
-128.1000029619995,39.03333411399997,-12.659725189208984
-128.1000029619995,39.15000078299997,-10.452007293701172
-128.1000029619995,39.266667451999965,-7.001001358032227
-128.1000029619995,39.38333412099996,-7.5739898681640625
-128.1000029619995,39.50000078999996,-12.893853187561035
-128.1000029619995,39.616667458999956,-23.75508689880371
-128.1000029619995,39.73333412799995,-37.226070404052734
-128.1000029619995,39.85000079699995,-48.85735321044922
-128.1000029619995,39.96666746599995,-55.21998596191406
-128.1000029619995,40.083334134999944,-72.23660278320312
-128.1000029619995,40.20000080399994,-83.07423400878906
-128.1000029619995,40.31666747299994,-23.176048278808594
-128.1000029619995,40.433334141999936,10.325879096984863
-128.1000029619995,40.55000081099993,20.84699249267578
-128.1000029619995,40.66666747999993,0.04992231726646423
-128.1000029619995,40.78333414899993,32.22595977783203
-128.1000029619995,40.900000817999924,2.14737868309021
-128.1000029619995,41.01666748699992,-1.0637680292129517
-128.1000029619995,41.13333415599992,-6.474712371826172
-128.1000029619995,41.250000824999915,-6.171645164489746
-128.1000029619995,41.36666749399991,-2.8579659461975098
-128.1000029619995,41.48333416299991,-10.762166976928711
-128.1000029619995,41.60000083199991,-12.32033920288086
-128.1000029619995,41.716667500999904,-7.295795440673828
-128.1000029619995,41.8333341699999,-10.095168113708496
-128.1000029619995,41.9500008389999,-6.7057037353515625
-128.1000029619995,42.066667507999895,-5.522127151489258
-128.1000029619995,42.18333417699989,-3.4630367755889893
-128.1000029619995,42.30000084599989,-3.571143388748169
-128.1000029619995,42.41666751499989,-6.633119583129883
-128.1000029619995,42.533334183999884,-9.968201637268066
-128.1000029619995,42.65000085299988,-11.571045875549316
-128.1000029619995,42.76666752199988,12.785500526428223
-128.1000029619995,42.883334190999875,2.0983493328094482
-128.1000029619995,43.00000085999987,5.711060523986816
-128.1000029619995,43.11666752899987,-27.017196655273438
-128.1000029619995,43.233334197999866,-20.986162185668945
-128.1000029619995,43.35000086699986,-17.45775032043457
-128.1000029619995,43.46666753599986,-25.536754608154297
-128.1000029619995,43.58333420499986,-15.350593566894531
-128.1000029619995,43.700000873999855,-10.443827629089355
-128.1000029619995,43.81666754299985,11.434135437011719
-128.1000029619995,43.93333421199985,3.1046106815338135
-128.1000029619995,44.050000880999846,-4.092682361602783
-128.1000029619995,44.16666754999984,-6.106368064880371
-128.1000029619995,44.28333421899984,-3.353271245956421
-128.1000029619995,44.40000088799984,-4.065761089324951
-128.1000029619995,44.516667556999835,-13.561012268066406
-128.1000029619995,44.63333422599983,-20.85708999633789
-128.1000029619995,44.75000089499983,-10.22259521484375
-128.1000029619995,44.866667563999826,-6.654017448425293
-128.1000029619995,44.98333423299982,-5.7350358963012695
-128.1000029619995,45.10000090199982,-10.404295921325684
-128.1000029619995,45.21666757099982,-12.911789894104004
-128.1000029619995,45.333334239999814,-9.508238792419434
-128.1000029619995,45.45000090899981,-13.403971672058105
-128.1000029619995,45.56666757799981,-8.197488784790039
-128.1000029619995,45.683334246999806,-7.210604667663574
-128.1000029619995,45.8000009159998,-7.770066261291504
-128.1000029619995,45.9166675849998,-6.730405807495117
-128.1000029619995,46.0333342539998,-6.281786918640137
-128.1000029619995,46.150000922999794,-8.956904411315918
-128.1000029619995,46.26666759199979,-13.797232627868652
-128.1000029619995,46.38333426099979,-13.064271926879883
-128.1000029619995,46.500000929999786,-12.778441429138184
-128.1000029619995,46.61666759899978,-9.5745267868042
-128.1000029619995,46.73333426799978,-11.43448543548584
-128.1000029619995,46.85000093699978,-7.844744682312012
-128.1000029619995,46.966667605999774,-10.475403785705566
-128.1000029619995,47.08333427499977,-9.637277603149414
-128.1000029619995,47.20000094399977,-11.110329627990723
-128.1000029619995,47.316667612999765,-9.279236793518066
-128.1000029619995,47.43333428199976,-10.954611778259277
-128.1000029619995,47.55000095099976,-7.842862129211426
-128.1000029619995,47.66666761999976,-4.39116096496582
-128.1000029619995,47.783334288999754,-1.5402165651321411
-128.1000029619995,47.90000095799975,-0.20516914129257202
-128.1000029619995,48.01666762699975,0.7785071134567261
-128.1000029619995,48.133334295999745,0.3920862078666687
-128.1000029619995,48.25000096499974,0.02136293053627014
-128.1000029619995,48.36666763399974,-0.3593824505805969
-128.1000029619995,48.48333430299974,2.12777042388916
-128.1000029619995,48.600000971999734,-2.993328809738159
-128.1000029619995,48.71666764099973,-10.55454158782959
-128.1000029619995,48.83333430999973,-18.249528884887695
-128.1000029619995,48.950000978999725,-17.2852840423584
-128.1000029619995,49.06666764799972,-26.302837371826172
-128.1000029619995,49.18333431699972,-32.453285217285156
-128.1000029619995,49.300000985999716,-39.96758270263672
-128.1000029619995,49.41666765499971,-49.30549240112305
-128.1000029619995,49.53333432399971,-57.32307052612305
-128.1000029619995,49.65000099299971,-67.99547576904297
-128.1000029619995,49.766667661999705,-92.31181335449219
-128.1000029619995,49.8833343309997,-94.97747802734375
-128.1000029619995,50.0000009999997,-72.63856506347656
-128.1000029619995,50.116667668999696,-38.316261291503906
-128.1000029619995,50.23333433799969,12.616460800170898
-128.1000029619995,50.35000100699969,34.52834701538086
-128.1000029619995,50.46666767599969,24.874614715576172
-128.1000029619995,50.583334344999685,35.84770202636719
-128.1000029619995,50.70000101399968,52.53342056274414
-128.1000029619995,50.81666768299968,36.48488998413086
-128.1000029619995,50.933334351999676,23.443557739257812
-128.1000029619995,51.05000102099967,-3.5397448539733887
-128.1000029619995,51.16666768999967,2.2362496852874756
-128.1000029619995,51.28333435899967,-4.312159538269043
-128.1000029619995,51.400001027999664,-19.257984161376953
-128.1000029619995,51.51666769699966,17.782686233520508
-128.1000029619995,51.63333436599966,0.8014640808105469
-128.1000029619995,51.750001034999656,-9.428730964660645
-128.1000029619995,51.86666770399965,20.789640426635742
-128.1000029619995,51.98333437299965,22.38677215576172
-128.1000029619995,52.10000104199965,15.708487510681152
-128.1000029619995,52.216667710999644,-3.6830708980560303
-128.1000029619995,52.33333437999964,6.946540832519531
-128.1000029619995,52.45000104899964,-17.519128799438477
-128.1000029619995,52.566667717999636,-13.989623069763184
-128.1000029619995,52.68333438699963,-40.22630310058594
-128.1000029619995,52.80000105599963,-40.58844757080078
-128.1000029619995,52.91666772499963,-31.856712341308594
-128.1000029619995,53.033334393999624,35.06688690185547
-128.1000029619995,53.15000106299962,1.9689745903015137
-128.1000029619995,53.26666773199962,-18.61355209350586
-128.1000029619995,53.383334400999615,-39.08657455444336
-128.1000029619995,53.50000106999961,-41.39141845703125
-128.1000029619995,53.61666773899961,41.26930618286133
-128.1000029619995,53.73333440799961,34.78889083862305
-128.1000029619995,53.850001076999604,53.48358917236328
-128.1000029619995,53.9666677459996,62.063716888427734
-127.98333629299951,37.983334092999996,-20.31363296508789
-127.98333629299951,38.10000076199999,-18.888233184814453
-127.98333629299951,38.21666743099999,-20.48653793334961
-127.98333629299951,38.33333409999999,-24.28411293029785
-127.98333629299951,38.450000768999985,-30.580852508544922
-127.98333629299951,38.56666743799998,-32.462745666503906
-127.98333629299951,38.68333410699998,-17.650543212890625
-127.98333629299951,38.800000775999976,-2.211113929748535
-127.98333629299951,38.91666744499997,-9.220452308654785
-127.98333629299951,39.03333411399997,-11.040464401245117
-127.98333629299951,39.15000078299997,-12.079696655273438
-127.98333629299951,39.266667451999965,-5.925482749938965
-127.98333629299951,39.38333412099996,-8.966276168823242
-127.98333629299951,39.50000078999996,-12.482608795166016
-127.98333629299951,39.616667458999956,-27.580659866333008
-127.98333629299951,39.73333412799995,-36.793819427490234
-127.98333629299951,39.85000079699995,-48.31134033203125
-127.98333629299951,39.96666746599995,-59.36262512207031
-127.98333629299951,40.083334134999944,-70.60006713867188
-127.98333629299951,40.20000080399994,-82.51428985595703
-127.98333629299951,40.31666747299994,-12.737411499023438
-127.98333629299951,40.433334141999936,26.62833595275879
-127.98333629299951,40.55000081099993,20.711536407470703
-127.98333629299951,40.66666747999993,4.162281036376953
-127.98333629299951,40.78333414899993,22.59589385986328
-127.98333629299951,40.900000817999924,29.8966064453125
-127.98333629299951,41.01666748699992,7.002755165100098
-127.98333629299951,41.13333415599992,7.461679458618164
-127.98333629299951,41.250000824999915,4.9317827224731445
-127.98333629299951,41.36666749399991,-1.5231741666793823
-127.98333629299951,41.48333416299991,-10.009765625
-127.98333629299951,41.60000083199991,-15.8303804397583
-127.98333629299951,41.716667500999904,-14.407960891723633
-127.98333629299951,41.8333341699999,-12.92959976196289
-127.98333629299951,41.9500008389999,-9.105090141296387
-127.98333629299951,42.066667507999895,-2.710197925567627
-127.98333629299951,42.18333417699989,-0.05315965414047241
-127.98333629299951,42.30000084599989,-0.38115525245666504
-127.98333629299951,42.41666751499989,-15.401407241821289
-127.98333629299951,42.533334183999884,-18.590662002563477
-127.98333629299951,42.65000085299988,7.007394790649414
-127.98333629299951,42.76666752199988,-11.03631591796875
-127.98333629299951,42.883334190999875,-7.011073112487793
-127.98333629299951,43.00000085999987,2.5698118209838867
-127.98333629299951,43.11666752899987,-12.908639907836914
-127.98333629299951,43.233334197999866,-9.675265312194824
-127.98333629299951,43.35000086699986,-11.22733211517334
-127.98333629299951,43.46666753599986,-7.7221527099609375
-127.98333629299951,43.58333420499986,-22.416336059570312
-127.98333629299951,43.700000873999855,-20.944766998291016
-127.98333629299951,43.81666754299985,9.183723449707031
-127.98333629299951,43.93333421199985,11.009541511535645
-127.98333629299951,44.050000880999846,-2.722144603729248
-127.98333629299951,44.16666754999984,-1.6114692687988281
-127.98333629299951,44.28333421899984,-2.2655367851257324
-127.98333629299951,44.40000088799984,-2.911090850830078
-127.98333629299951,44.516667556999835,-0.4791693091392517
-127.98333629299951,44.63333422599983,2.3149871826171875
-127.98333629299951,44.75000089499983,0.3079845905303955
-127.98333629299951,44.866667563999826,-9.246604919433594
-127.98333629299951,44.98333423299982,-4.942386627197266
-127.98333629299951,45.10000090199982,-7.423428535461426
-127.98333629299951,45.21666757099982,-7.396086692810059
-127.98333629299951,45.333334239999814,-5.789030075073242
-127.98333629299951,45.45000090899981,-13.828804969787598
-127.98333629299951,45.56666757799981,-6.808950424194336
-127.98333629299951,45.683334246999806,-5.85457706451416
-127.98333629299951,45.8000009159998,-8.337236404418945
-127.98333629299951,45.9166675849998,-10.443933486938477
-127.98333629299951,46.0333342539998,-7.388973236083984
-127.98333629299951,46.150000922999794,-8.150397300720215
-127.98333629299951,46.26666759199979,-7.456796646118164
-127.98333629299951,46.38333426099979,-12.159422874450684
-127.98333629299951,46.500000929999786,-10.190115928649902
-127.98333629299951,46.61666759899978,-10.90251350402832
-127.98333629299951,46.73333426799978,-9.28341007232666
-127.98333629299951,46.85000093699978,-8.483508110046387
-127.98333629299951,46.966667605999774,-7.132467269897461
-127.98333629299951,47.08333427499977,-6.158853530883789
-127.98333629299951,47.20000094399977,-8.0357027053833
-127.98333629299951,47.316667612999765,-6.00419807434082
-127.98333629299951,47.43333428199976,-5.839530944824219
-127.98333629299951,47.55000095099976,-7.0934648513793945
-127.98333629299951,47.66666761999976,-2.820756673812866
-127.98333629299951,47.783334288999754,-4.688410758972168
-127.98333629299951,47.90000095799975,0.9433743953704834
-127.98333629299951,48.01666762699975,1.1286373138427734
-127.98333629299951,48.133334295999745,1.4239178895950317
-127.98333629299951,48.25000096499974,-3.1191694736480713
-127.98333629299951,48.36666763399974,-4.067856311798096
-127.98333629299951,48.48333430299974,-1.4626505374908447
-127.98333629299951,48.600000971999734,-3.7752857208251953
-127.98333629299951,48.71666764099973,-13.23736572265625
-127.98333629299951,48.83333430999973,-18.318939208984375
-127.98333629299951,48.950000978999725,-23.731651306152344
-127.98333629299951,49.06666764799972,-29.39671516418457
-127.98333629299951,49.18333431699972,-39.386783599853516
-127.98333629299951,49.300000985999716,-51.92863845825195
-127.98333629299951,49.41666765499971,-62.31227493286133
-127.98333629299951,49.53333432399971,-62.87200927734375
-127.98333629299951,49.65000099299971,-61.16106033325195
-127.98333629299951,49.766667661999705,-90.94795227050781
-127.98333629299951,49.8833343309997,-73.90512084960938
-127.98333629299951,50.0000009999997,-64.63866424560547
-127.98333629299951,50.116667668999696,22.12508201599121
-127.98333629299951,50.23333433799969,37.70841598510742
-127.98333629299951,50.35000100699969,35.131473541259766
-127.98333629299951,50.46666767599969,27.13995933532715
-127.98333629299951,50.583334344999685,48.16620635986328
-127.98333629299951,50.70000101399968,49.28824996948242
-127.98333629299951,50.81666768299968,42.86601257324219
-127.98333629299951,50.933334351999676,13.703462600708008
-127.98333629299951,51.05000102099967,5.037543296813965
-127.98333629299951,51.16666768999967,0.48616933822631836
-127.98333629299951,51.28333435899967,-20.15999984741211
-127.98333629299951,51.400001027999664,-21.6583194732666
-127.98333629299951,51.51666769699966,43.98165512084961
-127.98333629299951,51.63333436599966,11.800437927246094
-127.98333629299951,51.750001034999656,0.007594883441925049
-127.98333629299951,51.86666770399965,-12.511348724365234
-127.98333629299951,51.98333437299965,6.95358943939209
-127.98333629299951,52.10000104199965,4.150504112243652
-127.98333629299951,52.216667710999644,6.660083770751953
-127.98333629299951,52.33333437999964,8.648249626159668
-127.98333629299951,52.45000104899964,-12.909004211425781
-127.98333629299951,52.566667717999636,-26.030534744262695
-127.98333629299951,52.68333438699963,-27.201265335083008
-127.98333629299951,52.80000105599963,-9.265480041503906
-127.98333629299951,52.91666772499963,1.7695238590240479
-127.98333629299951,53.033334393999624,4.667884826660156
-127.98333629299951,53.15000106299962,-11.436934471130371
-127.98333629299951,53.26666773199962,-22.41843605041504
-127.98333629299951,53.383334400999615,-1.5442688465118408
-127.98333629299951,53.50000106999961,-31.944589614868164
-127.98333629299951,53.61666773899961,-12.04443073272705
-127.98333629299951,53.73333440799961,52.32231521606445
-127.98333629299951,53.850001076999604,68.1385269165039
-127.98333629299951,53.9666677459996,63.776607513427734
-127.86666962399951,37.983334092999996,-20.081342697143555
-127.86666962399951,38.10000076199999,-20.776086807250977
-127.86666962399951,38.21666743099999,-21.163040161132812
-127.86666962399951,38.33333409999999,-23.313976287841797
-127.86666962399951,38.450000768999985,-30.768495559692383
-127.86666962399951,38.56666743799998,-32.21966552734375
-127.86666962399951,38.68333410699998,-15.473207473754883
-127.86666962399951,38.800000775999976,-4.274510383605957
-127.86666962399951,38.91666744499997,-9.17488956451416
-127.86666962399951,39.03333411399997,-9.616795539855957
-127.86666962399951,39.15000078299997,-11.589765548706055
-127.86666962399951,39.266667451999965,-11.595579147338867
-127.86666962399951,39.38333412099996,-12.519241333007812
-127.86666962399951,39.50000078999996,-19.132587432861328
-127.86666962399951,39.616667458999956,-26.337177276611328
-127.86666962399951,39.73333412799995,-39.11748504638672
-127.86666962399951,39.85000079699995,-49.800662994384766
-127.86666962399951,39.96666746599995,-61.49154281616211
-127.86666962399951,40.083334134999944,-71.52043914794922
-127.86666962399951,40.20000080399994,-82.3836669921875
-127.86666962399951,40.31666747299994,-9.98043441772461
-127.86666962399951,40.433334141999936,36.52914810180664
-127.86666962399951,40.55000081099993,12.924760818481445
-127.86666962399951,40.66666747999993,3.2302558422088623
-127.86666962399951,40.78333414899993,15.443253517150879
-127.86666962399951,40.900000817999924,31.754886627197266
-127.86666962399951,41.01666748699992,19.057767868041992
-127.86666962399951,41.13333415599992,19.140188217163086
-127.86666962399951,41.250000824999915,22.38606834411621
-127.86666962399951,41.36666749399991,11.7799711227417
-127.86666962399951,41.48333416299991,-5.3041181564331055
-127.86666962399951,41.60000083199991,-12.063908576965332
-127.86666962399951,41.716667500999904,-13.55785846710205
-127.86666962399951,41.8333341699999,-11.603612899780273
-127.86666962399951,41.9500008389999,-6.117225646972656
-127.86666962399951,42.066667507999895,-4.023133277893066
-127.86666962399951,42.18333417699989,-11.503684997558594
-127.86666962399951,42.30000084599989,-12.849919319152832
-127.86666962399951,42.41666751499989,-16.648937225341797
-127.86666962399951,42.533334183999884,-3.1238224506378174
-127.86666962399951,42.65000085299988,7.660248756408691
-127.86666962399951,42.76666752199988,-8.060355186462402
-127.86666962399951,42.883334190999875,-6.649550437927246
-127.86666962399951,43.00000085999987,-13.608480453491211
-127.86666962399951,43.11666752899987,-28.605894088745117
-127.86666962399951,43.233334197999866,-0.41336438059806824
-127.86666962399951,43.35000086699986,2.784900426864624
-127.86666962399951,43.46666753599986,-4.225566864013672
-127.86666962399951,43.58333420499986,-18.19278907775879
-127.86666962399951,43.700000873999855,-5.727945327758789
-127.86666962399951,43.81666754299985,-0.6196970343589783
-127.86666962399951,43.93333421199985,-1.0911247730255127
-127.86666962399951,44.050000880999846,-3.6114633083343506
-127.86666962399951,44.16666754999984,-3.2209243774414062
-127.86666962399951,44.28333421899984,0.03749874234199524
-127.86666962399951,44.40000088799984,-0.7081170082092285
-127.86666962399951,44.516667556999835,-4.606839179992676
-127.86666962399951,44.63333422599983,-10.30591869354248
-127.86666962399951,44.75000089499983,-14.0514497756958
-127.86666962399951,44.866667563999826,-9.029363632202148
-127.86666962399951,44.98333423299982,-4.766933441162109
-127.86666962399951,45.10000090199982,-6.8306169509887695
-127.86666962399951,45.21666757099982,-15.14770221710205
-127.86666962399951,45.333334239999814,-15.89342975616455
-127.86666962399951,45.45000090899981,-14.781920433044434
-127.86666962399951,45.56666757799981,-11.722978591918945
-127.86666962399951,45.683334246999806,-12.1174955368042
-127.86666962399951,45.8000009159998,-11.598244667053223
-127.86666962399951,45.9166675849998,-8.122152328491211
-127.86666962399951,46.0333342539998,-7.3938188552856445
-127.86666962399951,46.150000922999794,-7.966601371765137
-127.86666962399951,46.26666759199979,-4.19831657409668
-127.86666962399951,46.38333426099979,-6.0896406173706055
-127.86666962399951,46.500000929999786,-8.240154266357422
-127.86666962399951,46.61666759899978,-8.589700698852539
-127.86666962399951,46.73333426799978,-5.839917182922363
-127.86666962399951,46.85000093699978,-6.078886032104492
-127.86666962399951,46.966667605999774,-7.828484535217285
-127.86666962399951,47.08333427499977,-6.690488815307617
-127.86666962399951,47.20000094399977,-9.101373672485352
-127.86666962399951,47.316667612999765,-4.231759071350098
-127.86666962399951,47.43333428199976,-4.754775047302246
-127.86666962399951,47.55000095099976,-3.1802549362182617
-127.86666962399951,47.66666761999976,-3.4095616340637207
-127.86666962399951,47.783334288999754,-0.5820432901382446
-127.86666962399951,47.90000095799975,3.526834726333618
-127.86666962399951,48.01666762699975,3.157440185546875
-127.86666962399951,48.133334295999745,-1.5215952396392822
-127.86666962399951,48.25000096499974,-4.707010269165039
-127.86666962399951,48.36666763399974,-7.686253547668457
-127.86666962399951,48.48333430299974,-10.115885734558105
-127.86666962399951,48.600000971999734,-12.355749130249023
-127.86666962399951,48.71666764099973,-18.322330474853516
-127.86666962399951,48.83333430999973,-22.261852264404297
-127.86666962399951,48.950000978999725,-29.043746948242188
-127.86666962399951,49.06666764799972,-33.86770248413086
-127.86666962399951,49.18333431699972,-45.476680755615234
-127.86666962399951,49.300000985999716,-64.72980499267578
-127.86666962399951,49.41666765499971,-73.01406860351562
-127.86666962399951,49.53333432399971,-66.523681640625
-127.86666962399951,49.65000099299971,-59.90208053588867
-127.86666962399951,49.766667661999705,-65.17488861083984
-127.86666962399951,49.8833343309997,-60.71221160888672
-127.86666962399951,50.0000009999997,-46.40904998779297
-127.86666962399951,50.116667668999696,32.97795486450195
-127.86666962399951,50.23333433799969,37.32059860229492
-127.86666962399951,50.35000100699969,45.4245719909668
-127.86666962399951,50.46666767599969,24.72628402709961
-127.86666962399951,50.583334344999685,44.95939254760742
-127.86666962399951,50.70000101399968,48.54136276245117
-127.86666962399951,50.81666768299968,47.02760696411133
-127.86666962399951,50.933334351999676,4.482553482055664
-127.86666962399951,51.05000102099967,13.756124496459961
-127.86666962399951,51.16666768999967,-3.7158031463623047
-127.86666962399951,51.28333435899967,-25.0683650970459
-127.86666962399951,51.400001027999664,-14.309555053710938
-127.86666962399951,51.51666769699966,11.545843124389648
-127.86666962399951,51.63333436599966,-14.242956161499023
-127.86666962399951,51.750001034999656,5.10955810546875
-127.86666962399951,51.86666770399965,-2.7215235233306885
-127.86666962399951,51.98333437299965,-13.13815975189209
-127.86666962399951,52.10000104199965,-1.8276989459991455
-127.86666962399951,52.216667710999644,-7.159570693969727
-127.86666962399951,52.33333437999964,4.900295257568359
-127.86666962399951,52.45000104899964,-21.561220169067383
-127.86666962399951,52.566667717999636,-12.860652923583984
-127.86666962399951,52.68333438699963,-15.971799850463867
-127.86666962399951,52.80000105599963,-1.0793042182922363
-127.86666962399951,52.91666772499963,4.262627601623535
-127.86666962399951,53.033334393999624,-44.30598831176758
-127.86666962399951,53.15000106299962,-37.81118392944336
-127.86666962399951,53.26666773199962,-59.13427734375
-127.86666962399951,53.383334400999615,44.21342849731445
-127.86666962399951,53.50000106999961,6.983536720275879
-127.86666962399951,53.61666773899961,24.10154914855957
-127.86666962399951,53.73333440799961,70.0376968383789
-127.86666962399951,53.850001076999604,54.98105239868164
-127.86666962399951,53.9666677459996,50.45356369018555
-127.75000295499952,37.983334092999996,-23.797565460205078
-127.75000295499952,38.10000076199999,-24.217655181884766
-127.75000295499952,38.21666743099999,-23.0379695892334
-127.75000295499952,38.33333409999999,-25.679595947265625
-127.75000295499952,38.450000768999985,-31.743701934814453
-127.75000295499952,38.56666743799998,-36.442787170410156
-127.75000295499952,38.68333410699998,-22.750215530395508
-127.75000295499952,38.800000775999976,-10.225645065307617
-127.75000295499952,38.91666744499997,-11.316548347473145
-127.75000295499952,39.03333411399997,-9.006035804748535
-127.75000295499952,39.15000078299997,-12.755091667175293
-127.75000295499952,39.266667451999965,-14.79975700378418
-127.75000295499952,39.38333412099996,-13.24344539642334
-127.75000295499952,39.50000078999996,-17.409122467041016
-127.75000295499952,39.616667458999956,-26.190155029296875
-127.75000295499952,39.73333412799995,-37.116085052490234
-127.75000295499952,39.85000079699995,-45.33564376831055
-127.75000295499952,39.96666746599995,-55.663448333740234
-127.75000295499952,40.083334134999944,-72.74031829833984
-127.75000295499952,40.20000080399994,-83.2337875366211
-127.75000295499952,40.31666747299994,-11.260866165161133
-127.75000295499952,40.433334141999936,40.76141357421875
-127.75000295499952,40.55000081099993,2.512458324432373
-127.75000295499952,40.66666747999993,9.679119110107422
-127.75000295499952,40.78333414899993,13.07153034210205
-127.75000295499952,40.900000817999924,28.442644119262695
-127.75000295499952,41.01666748699992,31.674877166748047
-127.75000295499952,41.13333415599992,36.62531280517578
-127.75000295499952,41.250000824999915,39.274478912353516
-127.75000295499952,41.36666749399991,19.100887298583984
-127.75000295499952,41.48333416299991,11.319584846496582
-127.75000295499952,41.60000083199991,3.1386964321136475
-127.75000295499952,41.716667500999904,-1.4514049291610718
-127.75000295499952,41.8333341699999,-2.236811399459839
-127.75000295499952,41.9500008389999,-2.3809614181518555
-127.75000295499952,42.066667507999895,-14.282027244567871
-127.75000295499952,42.18333417699989,-12.76038932800293
-127.75000295499952,42.30000084599989,-7.587660789489746
-127.75000295499952,42.41666751499989,3.409992218017578
-127.75000295499952,42.533334183999884,23.564321517944336
-127.75000295499952,42.65000085299988,-15.100876808166504
-127.75000295499952,42.76666752199988,-9.086970329284668
-127.75000295499952,42.883334190999875,-4.233704090118408
-127.75000295499952,43.00000085999987,-19.917407989501953
-127.75000295499952,43.11666752899987,-46.12220001220703
-127.75000295499952,43.233334197999866,-20.91385841369629
-127.75000295499952,43.35000086699986,3.0026352405548096
-127.75000295499952,43.46666753599986,-7.35576057434082
-127.75000295499952,43.58333420499986,-19.62554359436035
-127.75000295499952,43.700000873999855,10.339554786682129
-127.75000295499952,43.81666754299985,0.6630509495735168
-127.75000295499952,43.93333421199985,-4.783127784729004
-127.75000295499952,44.050000880999846,-7.249786376953125
-127.75000295499952,44.16666754999984,-7.228512763977051
-127.75000295499952,44.28333421899984,-4.277174949645996
-127.75000295499952,44.40000088799984,-3.1016764640808105
-127.75000295499952,44.516667556999835,-3.5004048347473145
-127.75000295499952,44.63333422599983,-7.613345146179199
-127.75000295499952,44.75000089499983,-9.022128105163574
-127.75000295499952,44.866667563999826,-8.517329216003418
-127.75000295499952,44.98333423299982,1.4600651264190674
-127.75000295499952,45.10000090199982,-9.391390800476074
-127.75000295499952,45.21666757099982,-17.795162200927734
-127.75000295499952,45.333334239999814,-12.215713500976562
-127.75000295499952,45.45000090899981,-13.37673282623291
-127.75000295499952,45.56666757799981,-10.320211410522461
-127.75000295499952,45.683334246999806,-7.049023628234863
-127.75000295499952,45.8000009159998,-10.62328815460205
-127.75000295499952,45.9166675849998,-8.326087951660156
-127.75000295499952,46.0333342539998,-7.2776947021484375
-127.75000295499952,46.150000922999794,-7.263557434082031
-127.75000295499952,46.26666759199979,-5.076415061950684
-127.75000295499952,46.38333426099979,-4.057233810424805
-127.75000295499952,46.500000929999786,-4.707058906555176
-127.75000295499952,46.61666759899978,-4.522679328918457
-127.75000295499952,46.73333426799978,-10.458229064941406
-127.75000295499952,46.85000093699978,-9.47215747833252
-127.75000295499952,46.966667605999774,-9.270526885986328
-127.75000295499952,47.08333427499977,-8.50141716003418
-127.75000295499952,47.20000094399977,-7.592818260192871
-127.75000295499952,47.316667612999765,-2.344241142272949
-127.75000295499952,47.43333428199976,-4.817407608032227
-127.75000295499952,47.55000095099976,-2.201808452606201
-127.75000295499952,47.66666761999976,1.0036516189575195
-127.75000295499952,47.783334288999754,-0.9750696420669556
-127.75000295499952,47.90000095799975,-0.5182826519012451
-127.75000295499952,48.01666762699975,-0.8810526728630066
-127.75000295499952,48.133334295999745,-7.12819766998291
-127.75000295499952,48.25000096499974,-8.43737506866455
-127.75000295499952,48.36666763399974,-15.625782012939453
-127.75000295499952,48.48333430299974,-16.545812606811523
-127.75000295499952,48.600000971999734,-18.15804100036621
-127.75000295499952,48.71666764099973,-25.61454200744629
-127.75000295499952,48.83333430999973,-29.56808090209961
-127.75000295499952,48.950000978999725,-34.7080078125
-127.75000295499952,49.06666764799972,-41.728580474853516
-127.75000295499952,49.18333431699972,-54.00139617919922
-127.75000295499952,49.300000985999716,-67.13414764404297
-127.75000295499952,49.41666765499971,-62.836570739746094
-127.75000295499952,49.53333432399971,-44.3178596496582
-127.75000295499952,49.65000099299971,-48.26370620727539
-127.75000295499952,49.766667661999705,-54.56048583984375
-127.75000295499952,49.8833343309997,-49.6909294128418
-127.75000295499952,50.0000009999997,-19.738475799560547
-127.75000295499952,50.116667668999696,45.73942565917969
-127.75000295499952,50.23333433799969,39.962738037109375
-127.75000295499952,50.35000100699969,49.8120002746582
-127.75000295499952,50.46666767599969,19.131473541259766
-127.75000295499952,50.583334344999685,24.20754051208496
-127.75000295499952,50.70000101399968,59.88494110107422
-127.75000295499952,50.81666768299968,39.3132209777832
-127.75000295499952,50.933334351999676,3.896217107772827
-127.75000295499952,51.05000102099967,-6.527072906494141
-127.75000295499952,51.16666768999967,-7.286951065063477
-127.75000295499952,51.28333435899967,-4.004518508911133
-127.75000295499952,51.400001027999664,-6.728023529052734
-127.75000295499952,51.51666769699966,2.165309190750122
-127.75000295499952,51.63333436599966,-5.16425895690918
-127.75000295499952,51.750001034999656,22.72831916809082
-127.75000295499952,51.86666770399965,15.041793823242188
-127.75000295499952,51.98333437299965,-27.473365783691406
-127.75000295499952,52.10000104199965,13.440176010131836
-127.75000295499952,52.216667710999644,-1.4642292261123657
-127.75000295499952,52.33333437999964,5.613039016723633
-127.75000295499952,52.45000104899964,-6.784141540527344
-127.75000295499952,52.566667717999636,20.002277374267578
-127.75000295499952,52.68333438699963,23.247222900390625
-127.75000295499952,52.80000105599963,13.511138916015625
-127.75000295499952,52.91666772499963,-23.27722930908203
-127.75000295499952,53.033334393999624,-40.87074279785156
-127.75000295499952,53.15000106299962,-43.62691879272461
-127.75000295499952,53.26666773199962,-19.440038681030273
-127.75000295499952,53.383334400999615,32.55207443237305
-127.75000295499952,53.50000106999961,41.9919548034668
-127.75000295499952,53.61666773899961,75.9374008178711
-127.75000295499952,53.73333440799961,77.48834991455078
-127.75000295499952,53.850001076999604,52.3936653137207
-127.75000295499952,53.9666677459996,49.29499053955078
-127.63333628599952,37.983334092999996,-24.456382751464844
-127.63333628599952,38.10000076199999,-25.72891616821289
-127.63333628599952,38.21666743099999,-22.744373321533203
-127.63333628599952,38.33333409999999,-22.61778450012207
-127.63333628599952,38.450000768999985,-33.57647705078125
-127.63333628599952,38.56666743799998,-35.22666549682617
-127.63333628599952,38.68333410699998,-30.360780715942383
-127.63333628599952,38.800000775999976,-5.389847755432129
-127.63333628599952,38.91666744499997,-7.864538192749023
-127.63333628599952,39.03333411399997,-12.718578338623047
-127.63333628599952,39.15000078299997,-14.461767196655273
-127.63333628599952,39.266667451999965,-12.395696640014648
-127.63333628599952,39.38333412099996,-14.713183403015137
-127.63333628599952,39.50000078999996,-19.297780990600586
-127.63333628599952,39.616667458999956,-25.985992431640625
-127.63333628599952,39.73333412799995,-34.8176383972168
-127.63333628599952,39.85000079699995,-45.99419403076172
-127.63333628599952,39.96666746599995,-56.073177337646484
-127.63333628599952,40.083334134999944,-72.02396392822266
-127.63333628599952,40.20000080399994,-83.09818267822266
-127.63333628599952,40.31666747299994,-10.69785213470459
-127.63333628599952,40.433334141999936,45.00800323486328
-127.63333628599952,40.55000081099993,0.6716771721839905
-127.63333628599952,40.66666747999993,9.17147159576416
-127.63333628599952,40.78333414899993,2.1267478466033936
-127.63333628599952,40.900000817999924,10.171030044555664
-127.63333628599952,41.01666748699992,3.305687427520752
-127.63333628599952,41.13333415599992,22.448408126831055
-127.63333628599952,41.250000824999915,42.8363151550293
-127.63333628599952,41.36666749399991,22.059770584106445
-127.63333628599952,41.48333416299991,11.48296070098877
-127.63333628599952,41.60000083199991,9.831849098205566
-127.63333628599952,41.716667500999904,11.93372631072998
-127.63333628599952,41.8333341699999,2.861419200897217
-127.63333628599952,41.9500008389999,-16.85773468017578
-127.63333628599952,42.066667507999895,-14.271106719970703
-127.63333628599952,42.18333417699989,-4.549530982971191
-127.63333628599952,42.30000084599989,-5.1212568283081055
-127.63333628599952,42.41666751499989,0.9181249141693115
-127.63333628599952,42.533334183999884,-0.9405615925788879
-127.63333628599952,42.65000085299988,-3.0707106590270996
-127.63333628599952,42.76666752199988,-5.4450531005859375
-127.63333628599952,42.883334190999875,-9.40874195098877
-127.63333628599952,43.00000085999987,-11.887901306152344
-127.63333628599952,43.11666752899987,-0.44017642736434937
-127.63333628599952,43.233334197999866,2.8614189624786377
-127.63333628599952,43.35000086699986,9.163646697998047
-127.63333628599952,43.46666753599986,-6.043717384338379
-127.63333628599952,43.58333420499986,-13.17229175567627
-127.63333628599952,43.700000873999855,1.688486099243164
-127.63333628599952,43.81666754299985,-6.1642866134643555
-127.63333628599952,43.93333421199985,-10.965362548828125
-127.63333628599952,44.050000880999846,-7.831694602966309
-127.63333628599952,44.16666754999984,-3.5792787075042725
-127.63333628599952,44.28333421899984,-1.676229476928711
-127.63333628599952,44.40000088799984,-3.2696661949157715
-127.63333628599952,44.516667556999835,-2.9886796474456787
-127.63333628599952,44.63333422599983,-3.564016819000244
-127.63333628599952,44.75000089499983,-5.334428787231445
-127.63333628599952,44.866667563999826,-10.268400192260742
-127.63333628599952,44.98333423299982,-9.428018569946289
-127.63333628599952,45.10000090199982,-8.993409156799316
-127.63333628599952,45.21666757099982,-12.122049331665039
-127.63333628599952,45.333334239999814,-7.099649429321289
-127.63333628599952,45.45000090899981,-5.632911682128906
-127.63333628599952,45.56666757799981,-9.342623710632324
-127.63333628599952,45.683334246999806,-10.241192817687988
-127.63333628599952,45.8000009159998,-8.704767227172852
-127.63333628599952,45.9166675849998,-2.644075632095337
-127.63333628599952,46.0333342539998,-7.110342979431152
-127.63333628599952,46.150000922999794,-5.931593894958496
-127.63333628599952,46.26666759199979,-6.032253265380859
-127.63333628599952,46.38333426099979,-5.739419937133789
-127.63333628599952,46.500000929999786,-4.655054092407227
-127.63333628599952,46.61666759899978,-3.004929780960083
-127.63333628599952,46.73333426799978,-5.539200782775879
-127.63333628599952,46.85000093699978,-3.651047945022583
-127.63333628599952,46.966667605999774,-6.723939895629883
-127.63333628599952,47.08333427499977,-5.71275520324707
-127.63333628599952,47.20000094399977,-4.405949592590332
-127.63333628599952,47.316667612999765,-7.584437370300293
-127.63333628599952,47.43333428199976,-2.392793655395508
-127.63333628599952,47.55000095099976,-3.2591617107391357
-127.63333628599952,47.66666761999976,-2.0496339797973633
-127.63333628599952,47.783334288999754,-0.4198869466781616
-127.63333628599952,47.90000095799975,3.032176971435547
-127.63333628599952,48.01666762699975,1.6967086791992188
-127.63333628599952,48.133334295999745,-5.841111183166504
-127.63333628599952,48.25000096499974,-8.215371131896973
-127.63333628599952,48.36666763399974,-19.39948081970215
-127.63333628599952,48.48333430299974,-22.430131912231445
-127.63333628599952,48.600000971999734,-26.79442596435547
-127.63333628599952,48.71666764099973,-29.307344436645508
-127.63333628599952,48.83333430999973,-36.14130783081055
-127.63333628599952,48.950000978999725,-36.1595458984375
-127.63333628599952,49.06666764799972,-36.151004791259766
-127.63333628599952,49.18333431699972,-30.718734741210938
-127.63333628599952,49.300000985999716,-42.429115295410156
-127.63333628599952,49.41666765499971,-42.27740478515625
-127.63333628599952,49.53333432399971,-27.395132064819336
-127.63333628599952,49.65000099299971,-40.66946792602539
-127.63333628599952,49.766667661999705,-45.35987091064453
-127.63333628599952,49.8833343309997,-33.91465377807617
-127.63333628599952,50.0000009999997,1.1879100799560547
-127.63333628599952,50.116667668999696,22.3229923248291
-127.63333628599952,50.23333433799969,49.2152099609375
-127.63333628599952,50.35000100699969,59.96050262451172
-127.63333628599952,50.46666767599969,39.07488250732422
-127.63333628599952,50.583334344999685,7.198947906494141
-127.63333628599952,50.70000101399968,54.84939956665039
-127.63333628599952,50.81666768299968,5.335987091064453
-127.63333628599952,50.933334351999676,1.4032385349273682
-127.63333628599952,51.05000102099967,-25.753999710083008
-127.63333628599952,51.16666768999967,0.03678157925605774
-127.63333628599952,51.28333435899967,-8.71284008026123
-127.63333628599952,51.400001027999664,0.28019970655441284
-127.63333628599952,51.51666769699966,1.9118964672088623
-127.63333628599952,51.63333436599966,15.351585388183594
-127.63333628599952,51.750001034999656,29.42412567138672
-127.63333628599952,51.86666770399965,2.0322775840759277
-127.63333628599952,51.98333437299965,-20.05509376525879
-127.63333628599952,52.10000104199965,-6.345078468322754
-127.63333628599952,52.216667710999644,14.816803932189941
-127.63333628599952,52.33333437999964,-15.010784149169922
-127.63333628599952,52.45000104899964,6.781375885009766
-127.63333628599952,52.566667717999636,-11.003859519958496
-127.63333628599952,52.68333438699963,7.130108833312988
-127.63333628599952,52.80000105599963,33.44602584838867
-127.63333628599952,52.91666772499963,21.31449317932129
-127.63333628599952,53.033334393999624,3.544752836227417
-127.63333628599952,53.15000106299962,-29.87912368774414
-127.63333628599952,53.26666773199962,59.09330749511719
-127.63333628599952,53.383334400999615,23.615259170532227
-127.63333628599952,53.50000106999961,60.51573944091797
-127.63333628599952,53.61666773899961,36.221736907958984
-127.63333628599952,53.73333440799961,33.22657012939453
-127.63333628599952,53.850001076999604,47.5880012512207
-127.63333628599952,53.9666677459996,35.72976303100586
-127.51666961699952,37.983334092999996,-22.64577865600586
-127.51666961699952,38.10000076199999,-25.41360092163086
-127.51666961699952,38.21666743099999,-23.920455932617188
-127.51666961699952,38.33333409999999,-28.078489303588867
-127.51666961699952,38.450000768999985,-30.400798797607422
-127.51666961699952,38.56666743799998,-34.40950012207031
-127.51666961699952,38.68333410699998,-30.191179275512695
-127.51666961699952,38.800000775999976,-6.8861236572265625
-127.51666961699952,38.91666744499997,-9.770662307739258
-127.51666961699952,39.03333411399997,-10.162125587463379
-127.51666961699952,39.15000078299997,-14.806190490722656
-127.51666961699952,39.266667451999965,-17.146936416625977
-127.51666961699952,39.38333412099996,-17.750835418701172
-127.51666961699952,39.50000078999996,-16.388269424438477
-127.51666961699952,39.616667458999956,-22.42450523376465
-127.51666961699952,39.73333412799995,-30.224557876586914
-127.51666961699952,39.85000079699995,-45.33982849121094
-127.51666961699952,39.96666746599995,-55.34326171875
-127.51666961699952,40.083334134999944,-74.51457214355469
-127.51666961699952,40.20000080399994,-85.89051055908203
-127.51666961699952,40.31666747299994,0.17653855681419373
-127.51666961699952,40.433334141999936,33.28292465209961
-127.51666961699952,40.55000081099993,-23.123506546020508
-127.51666961699952,40.66666747999993,-30.11656379699707
-127.51666961699952,40.78333414899993,-34.4272575378418
-127.51666961699952,40.900000817999924,-44.38734817504883
-127.51666961699952,41.01666748699992,-37.006622314453125
-127.51666961699952,41.13333415599992,-26.06891632080078
-127.51666961699952,41.250000824999915,-5.611682891845703
-127.51666961699952,41.36666749399991,-11.17647933959961
-127.51666961699952,41.48333416299991,-21.362712860107422
-127.51666961699952,41.60000083199991,-9.142374038696289
-127.51666961699952,41.716667500999904,23.47159767150879
-127.51666961699952,41.8333341699999,27.476850509643555
-127.51666961699952,41.9500008389999,1.1729843616485596
-127.51666961699952,42.066667507999895,-11.494140625
-127.51666961699952,42.18333417699989,2.9580016136169434
-127.51666961699952,42.30000084599989,5.659643173217773
-127.51666961699952,42.41666751499989,6.421999931335449
-127.51666961699952,42.533334183999884,-5.823878288269043
-127.51666961699952,42.65000085299988,1.405240774154663
-127.51666961699952,42.76666752199988,4.030219078063965
-127.51666961699952,42.883334190999875,-1.0236549377441406
-127.51666961699952,43.00000085999987,-12.696578025817871
-127.51666961699952,43.11666752899987,-11.392790794372559
-127.51666961699952,43.233334197999866,8.363058090209961
-127.51666961699952,43.35000086699986,-3.013688802719116
-127.51666961699952,43.46666753599986,-13.986614227294922
-127.51666961699952,43.58333420499986,-5.163381576538086
-127.51666961699952,43.700000873999855,1.0151498317718506
-127.51666961699952,43.81666754299985,-5.695507049560547
-127.51666961699952,43.93333421199985,-7.849481582641602
-127.51666961699952,44.050000880999846,-5.983188629150391
-127.51666961699952,44.16666754999984,-9.593029975891113
-127.51666961699952,44.28333421899984,-6.456421852111816
-127.51666961699952,44.40000088799984,-5.783605575561523
-127.51666961699952,44.516667556999835,-4.119871139526367
-127.51666961699952,44.63333422599983,-3.1589951515197754
-127.51666961699952,44.75000089499983,-5.557660102844238
-127.51666961699952,44.866667563999826,-7.346335411071777
-127.51666961699952,44.98333423299982,-8.069475173950195
-127.51666961699952,45.10000090199982,-8.488273620605469
-127.51666961699952,45.21666757099982,-7.391718864440918
-127.51666961699952,45.333334239999814,-9.673142433166504
-127.51666961699952,45.45000090899981,-6.948390960693359
-127.51666961699952,45.56666757799981,-7.458233833312988
-127.51666961699952,45.683334246999806,-5.848645210266113
-127.51666961699952,45.8000009159998,-7.4936418533325195
-127.51666961699952,45.9166675849998,-4.287635803222656
-127.51666961699952,46.0333342539998,-3.046884775161743
-127.51666961699952,46.150000922999794,-5.257298469543457
-127.51666961699952,46.26666759199979,-4.004351615905762
-127.51666961699952,46.38333426099979,-6.17152214050293
-127.51666961699952,46.500000929999786,0.6072384119033813
-127.51666961699952,46.61666759899978,-3.2954964637756348
-127.51666961699952,46.73333426799978,-5.937817573547363
-127.51666961699952,46.85000093699978,-8.574712753295898
-127.51666961699952,46.966667605999774,-6.712485313415527
-127.51666961699952,47.08333427499977,-7.752318382263184
-127.51666961699952,47.20000094399977,-7.304584503173828
-127.51666961699952,47.316667612999765,-7.116447448730469
-127.51666961699952,47.43333428199976,-6.975014686584473
-127.51666961699952,47.55000095099976,-5.06610107421875
-127.51666961699952,47.66666761999976,-1.2555840015411377
-127.51666961699952,47.783334288999754,-0.6754743456840515
-127.51666961699952,47.90000095799975,-1.2414491176605225
-127.51666961699952,48.01666762699975,-7.085779190063477
-127.51666961699952,48.133334295999745,-5.617423057556152
-127.51666961699952,48.25000096499974,-9.068449974060059
-127.51666961699952,48.36666763399974,-17.927894592285156
-127.51666961699952,48.48333430299974,-23.437923431396484
-127.51666961699952,48.600000971999734,-27.708499908447266
-127.51666961699952,48.71666764099973,-35.39973831176758
-127.51666961699952,48.83333430999973,-32.15359878540039
-127.51666961699952,48.950000978999725,-30.945520401000977
-127.51666961699952,49.06666764799972,-33.916446685791016
-127.51666961699952,49.18333431699972,-35.211326599121094
-127.51666961699952,49.300000985999716,-47.177947998046875
-127.51666961699952,49.41666765499971,-47.19931411743164
-127.51666961699952,49.53333432399971,-43.16191864013672
-127.51666961699952,49.65000099299971,-48.292640686035156
-127.51666961699952,49.766667661999705,-28.960124969482422
-127.51666961699952,49.8833343309997,-18.888587951660156
-127.51666961699952,50.0000009999997,-10.802336692810059
-127.51666961699952,50.116667668999696,25.77665138244629
-127.51666961699952,50.23333433799969,65.58295440673828
-127.51666961699952,50.35000100699969,39.18070602416992
-127.51666961699952,50.46666767599969,35.96133804321289
-127.51666961699952,50.583334344999685,-7.6564741134643555
-127.51666961699952,50.70000101399968,33.21406173706055
-127.51666961699952,50.81666768299968,-13.839099884033203
-127.51666961699952,50.933334351999676,5.820370674133301
-127.51666961699952,51.05000102099967,-23.990854263305664
-127.51666961699952,51.16666768999967,5.540587425231934
-127.51666961699952,51.28333435899967,-6.321135520935059
-127.51666961699952,51.400001027999664,10.285691261291504
-127.51666961699952,51.51666769699966,3.6867802143096924
-127.51666961699952,51.63333436599966,-9.395709991455078
-127.51666961699952,51.750001034999656,22.192203521728516
-127.51666961699952,51.86666770399965,34.982086181640625
-127.51666961699952,51.98333437299965,25.3010311126709
-127.51666961699952,52.10000104199965,-41.29684829711914
-127.51666961699952,52.216667710999644,-14.666067123413086
-127.51666961699952,52.33333437999964,-22.423246383666992
-127.51666961699952,52.45000104899964,-6.492980003356934
-127.51666961699952,52.566667717999636,-23.95307731628418
-127.51666961699952,52.68333438699963,6.885204315185547
-127.51666961699952,52.80000105599963,5.716815948486328
-127.51666961699952,52.91666772499963,-4.735015869140625
-127.51666961699952,53.033334393999624,-41.86342239379883
-127.51666961699952,53.15000106299962,-11.558505058288574
-127.51666961699952,53.26666773199962,21.68813705444336
-127.51666961699952,53.383334400999615,6.34653377532959
-127.51666961699952,53.50000106999961,64.74748992919922
-127.51666961699952,53.61666773899961,39.1923828125
-127.51666961699952,53.73333440799961,30.65628433227539
-127.51666961699952,53.850001076999604,38.77827453613281
-127.51666961699952,53.9666677459996,11.885437965393066
-127.40000294799952,37.983334092999996,-25.614540100097656
-127.40000294799952,38.10000076199999,-23.931440353393555
-127.40000294799952,38.21666743099999,-24.225204467773438
-127.40000294799952,38.33333409999999,-28.029878616333008
-127.40000294799952,38.450000768999985,-33.54840850830078
-127.40000294799952,38.56666743799998,-38.88907241821289
-127.40000294799952,38.68333410699998,-30.755876541137695
-127.40000294799952,38.800000775999976,-8.909260749816895
-127.40000294799952,38.91666744499997,-11.133696556091309
-127.40000294799952,39.03333411399997,-14.15417194366455
-127.40000294799952,39.15000078299997,-14.860074996948242
-127.40000294799952,39.266667451999965,-13.421452522277832
-127.40000294799952,39.38333412099996,-16.982460021972656
-127.40000294799952,39.50000078999996,-19.071569442749023
-127.40000294799952,39.616667458999956,-19.082368850708008
-127.40000294799952,39.73333412799995,-31.63625144958496
-127.40000294799952,39.85000079699995,-41.31196212768555
-127.40000294799952,39.96666746599995,-53.521183013916016
-127.40000294799952,40.083334134999944,-66.9963150024414
-127.40000294799952,40.20000080399994,-86.8205337524414
-127.40000294799952,40.31666747299994,9.685091972351074
-127.40000294799952,40.433334141999936,17.840314865112305
-127.40000294799952,40.55000081099993,-30.74068832397461
-127.40000294799952,40.66666747999993,-22.969011306762695
-127.40000294799952,40.78333414899993,-1.254135012626648
-127.40000294799952,40.900000817999924,11.609443664550781
-127.40000294799952,41.01666748699992,-4.417859077453613
-127.40000294799952,41.13333415599992,-24.55429458618164
-127.40000294799952,41.250000824999915,-30.585763931274414
-127.40000294799952,41.36666749399991,-28.250106811523438
-127.40000294799952,41.48333416299991,-41.524662017822266
-127.40000294799952,41.60000083199991,-40.68840789794922
-127.40000294799952,41.716667500999904,19.08724021911621
-127.40000294799952,41.8333341699999,47.47382354736328
-127.40000294799952,41.9500008389999,-4.949462890625
-127.40000294799952,42.066667507999895,-4.198741912841797
-127.40000294799952,42.18333417699989,9.828068733215332
-127.40000294799952,42.30000084599989,1.828951120376587
-127.40000294799952,42.41666751499989,1.9568712711334229
-127.40000294799952,42.533334183999884,-4.976593971252441
-127.40000294799952,42.65000085299988,-4.497431755065918
-127.40000294799952,42.76666752199988,-3.389491319656372
-127.40000294799952,42.883334190999875,-0.6903860569000244
-127.40000294799952,43.00000085999987,-0.659248948097229
-127.40000294799952,43.11666752899987,-5.0799455642700195
-127.40000294799952,43.233334197999866,-9.954601287841797
-127.40000294799952,43.35000086699986,-10.00040340423584
-127.40000294799952,43.46666753599986,-22.083721160888672
-127.40000294799952,43.58333420499986,-2.49263334274292
-127.40000294799952,43.700000873999855,-1.8395589590072632
-127.40000294799952,43.81666754299985,-10.078680992126465
-127.40000294799952,43.93333421199985,-6.799117088317871
-127.40000294799952,44.050000880999846,-0.5385209918022156
-127.40000294799952,44.16666754999984,-6.808361053466797
-127.40000294799952,44.28333421899984,-4.021282196044922
-127.40000294799952,44.40000088799984,-6.481026649475098
-127.40000294799952,44.516667556999835,-7.581177711486816
-127.40000294799952,44.63333422599983,-7.346269607543945
-127.40000294799952,44.75000089499983,-9.59753704071045
-127.40000294799952,44.866667563999826,-9.974740982055664
-127.40000294799952,44.98333423299982,-6.997158050537109
-127.40000294799952,45.10000090199982,-9.867147445678711
-127.40000294799952,45.21666757099982,-10.55217456817627
-127.40000294799952,45.333334239999814,-9.289400100708008
-127.40000294799952,45.45000090899981,-4.03549337387085
-127.40000294799952,45.56666757799981,-4.792502403259277
-127.40000294799952,45.683334246999806,-6.362067222595215
-127.40000294799952,45.8000009159998,-8.764150619506836
-127.40000294799952,45.9166675849998,-1.1174371242523193
-127.40000294799952,46.0333342539998,-7.040185928344727
-127.40000294799952,46.150000922999794,-5.405885696411133
-127.40000294799952,46.26666759199979,-3.5202107429504395
-127.40000294799952,46.38333426099979,-6.184398651123047
-127.40000294799952,46.500000929999786,-6.637699127197266
-127.40000294799952,46.61666759899978,-4.8069257736206055
-127.40000294799952,46.73333426799978,-6.0763044357299805
-127.40000294799952,46.85000093699978,-6.702265739440918
-127.40000294799952,46.966667605999774,-6.033424377441406
-127.40000294799952,47.08333427499977,-6.984850883483887
-127.40000294799952,47.20000094399977,-4.437390327453613
-127.40000294799952,47.316667612999765,-6.697024345397949
-127.40000294799952,47.43333428199976,-4.776043891906738
-127.40000294799952,47.55000095099976,-4.699305534362793
-127.40000294799952,47.66666761999976,-4.367433547973633
-127.40000294799952,47.783334288999754,-4.742084503173828
-127.40000294799952,47.90000095799975,-8.47979736328125
-127.40000294799952,48.01666762699975,-12.810465812683105
-127.40000294799952,48.133334295999745,-13.75599193572998
-127.40000294799952,48.25000096499974,-13.438387870788574
-127.40000294799952,48.36666763399974,-19.034690856933594
-127.40000294799952,48.48333430299974,-29.188922882080078
-127.40000294799952,48.600000971999734,-40.76612091064453
-127.40000294799952,48.71666764099973,-41.554969787597656
-127.40000294799952,48.83333430999973,-29.558834075927734
-127.40000294799952,48.950000978999725,-37.93128967285156
-127.40000294799952,49.06666764799972,-38.28820037841797
-127.40000294799952,49.18333431699972,-40.82012939453125
-127.40000294799952,49.300000985999716,-41.61711883544922
-127.40000294799952,49.41666765499971,-53.793128967285156
-127.40000294799952,49.53333432399971,-62.66844177246094
-127.40000294799952,49.65000099299971,-36.43339920043945
-127.40000294799952,49.766667661999705,-24.55118179321289
-127.40000294799952,49.8833343309997,-10.640430450439453
-127.40000294799952,50.0000009999997,10.965319633483887
-127.40000294799952,50.116667668999696,27.189855575561523
-127.40000294799952,50.23333433799969,53.533748626708984
-127.40000294799952,50.35000100699969,13.336438179016113
-127.40000294799952,50.46666767599969,42.68314743041992
-127.40000294799952,50.583334344999685,-2.392343521118164
-127.40000294799952,50.70000101399968,16.96394157409668
-127.40000294799952,50.81666768299968,-22.563905715942383
-127.40000294799952,50.933334351999676,-4.476754188537598
-127.40000294799952,51.05000102099967,-13.611578941345215
-127.40000294799952,51.16666768999967,9.162866592407227
-127.40000294799952,51.28333435899967,0.11346063017845154
-127.40000294799952,51.400001027999664,10.589941024780273
-127.40000294799952,51.51666769699966,33.234867095947266
-127.40000294799952,51.63333436599966,0.27213501930236816
-127.40000294799952,51.750001034999656,-6.75123405456543
-127.40000294799952,51.86666770399965,6.418004035949707
-127.40000294799952,51.98333437299965,39.34828567504883
-127.40000294799952,52.10000104199965,2.3304877281188965
-127.40000294799952,52.216667710999644,-24.888124465942383
-127.40000294799952,52.33333437999964,15.52007007598877
-127.40000294799952,52.45000104899964,-34.07097625732422
-127.40000294799952,52.566667717999636,0.6360678672790527
-127.40000294799952,52.68333438699963,20.605295181274414
-127.40000294799952,52.80000105599963,-14.137245178222656
-127.40000294799952,52.91666772499963,22.368980407714844
-127.40000294799952,53.033334393999624,7.78950309753418
-127.40000294799952,53.15000106299962,13.380722999572754
-127.40000294799952,53.26666773199962,-18.735097885131836
-127.40000294799952,53.383334400999615,26.233659744262695
-127.40000294799952,53.50000106999961,39.23415756225586
-127.40000294799952,53.61666773899961,58.768402099609375
-127.40000294799952,53.73333440799961,64.45553588867188
-127.40000294799952,53.850001076999604,39.516300201416016
-127.40000294799952,53.9666677459996,19.42978286743164
-127.28333627899953,37.983334092999996,-23.04488182067871
-127.28333627899953,38.10000076199999,-24.27704429626465
-127.28333627899953,38.21666743099999,-26.192230224609375
-127.28333627899953,38.33333409999999,-25.215715408325195
-127.28333627899953,38.450000768999985,-31.245454788208008
-127.28333627899953,38.56666743799998,-34.93425369262695
-127.28333627899953,38.68333410699998,-32.10514831542969
-127.28333627899953,38.800000775999976,-15.681869506835938
-127.28333627899953,38.91666744499997,-10.551694869995117
-127.28333627899953,39.03333411399997,-12.082469940185547
-127.28333627899953,39.15000078299997,-16.2340087890625
-127.28333627899953,39.266667451999965,-18.621192932128906
-127.28333627899953,39.38333412099996,-17.98060417175293
-127.28333627899953,39.50000078999996,-18.75266456604004
-127.28333627899953,39.616667458999956,-23.485366821289062
-127.28333627899953,39.73333412799995,-31.136198043823242
-127.28333627899953,39.85000079699995,-43.99396896362305
-127.28333627899953,39.96666746599995,-58.47807693481445
-127.28333627899953,40.083334134999944,-73.60464477539062
-127.28333627899953,40.20000080399994,-82.2581787109375
-127.28333627899953,40.31666747299994,6.4689836502075195
-127.28333627899953,40.433334141999936,15.130178451538086
-127.28333627899953,40.55000081099993,-33.405235290527344
-127.28333627899953,40.66666747999993,-4.304948806762695
-127.28333627899953,40.78333414899993,37.756866455078125
-127.28333627899953,40.900000817999924,45.20121383666992
-127.28333627899953,41.01666748699992,17.524702072143555
-127.28333627899953,41.13333415599992,4.775243759155273
-127.28333627899953,41.250000824999915,12.643465995788574
-127.28333627899953,41.36666749399991,25.055248260498047
-127.28333627899953,41.48333416299991,16.674217224121094
-127.28333627899953,41.60000083199991,-23.679445266723633
-127.28333627899953,41.716667500999904,-10.477477073669434
-127.28333627899953,41.8333341699999,5.472400665283203
-127.28333627899953,41.9500008389999,-17.396642684936523
-127.28333627899953,42.066667507999895,-1.5453789234161377
-127.28333627899953,42.18333417699989,11.946061134338379
-127.28333627899953,42.30000084599989,5.207765579223633
-127.28333627899953,42.41666751499989,0.5216638445854187
-127.28333627899953,42.533334183999884,-4.99144172668457
-127.28333627899953,42.65000085299988,0.6648565530776978
-127.28333627899953,42.76666752199988,-4.965207099914551
-127.28333627899953,42.883334190999875,-7.890164375305176
-127.28333627899953,43.00000085999987,-1.79489266872406
-127.28333627899953,43.11666752899987,-3.6557703018188477
-127.28333627899953,43.233334197999866,-19.50615692138672
-127.28333627899953,43.35000086699986,-12.173384666442871
-127.28333627899953,43.46666753599986,-13.502617835998535
-127.28333627899953,43.58333420499986,-0.8536306619644165
-127.28333627899953,43.700000873999855,-7.438223838806152
-127.28333627899953,43.81666754299985,-8.342161178588867
-127.28333627899953,43.93333421199985,-5.213274002075195
-127.28333627899953,44.050000880999846,0.24078768491744995
-127.28333627899953,44.16666754999984,-4.018816947937012
-127.28333627899953,44.28333421899984,-4.1872878074646
-127.28333627899953,44.40000088799984,-5.531148910522461
-127.28333627899953,44.516667556999835,-6.18079948425293
-127.28333627899953,44.63333422599983,-9.559578895568848
-127.28333627899953,44.75000089499983,-13.738972663879395
-127.28333627899953,44.866667563999826,-5.8230390548706055
-127.28333627899953,44.98333423299982,-9.79086685180664
-127.28333627899953,45.10000090199982,-7.839395523071289
-127.28333627899953,45.21666757099982,-10.204028129577637
-127.28333627899953,45.333334239999814,-12.5595064163208
-127.28333627899953,45.45000090899981,-10.726322174072266
-127.28333627899953,45.56666757799981,-6.3886260986328125
-127.28333627899953,45.683334246999806,-8.686875343322754
-127.28333627899953,45.8000009159998,-10.344939231872559
-127.28333627899953,45.9166675849998,-5.973881721496582
-127.28333627899953,46.0333342539998,-5.502647399902344
-127.28333627899953,46.150000922999794,-1.2703030109405518
-127.28333627899953,46.26666759199979,-2.0834264755249023
-127.28333627899953,46.38333426099979,-3.1839849948883057
-127.28333627899953,46.500000929999786,-3.599548578262329
-127.28333627899953,46.61666759899978,-4.195791721343994
-127.28333627899953,46.73333426799978,-4.262265682220459
-127.28333627899953,46.85000093699978,-4.982996940612793
-127.28333627899953,46.966667605999774,-3.527906656265259
-127.28333627899953,47.08333427499977,-8.188831329345703
-127.28333627899953,47.20000094399977,-6.281039237976074
-127.28333627899953,47.316667612999765,-5.5911760330200195
-127.28333627899953,47.43333428199976,-2.360379695892334
-127.28333627899953,47.55000095099976,-5.847419738769531
-127.28333627899953,47.66666761999976,-8.140546798706055
-127.28333627899953,47.783334288999754,-10.349753379821777
-127.28333627899953,47.90000095799975,-11.8224515914917
-127.28333627899953,48.01666762699975,-16.250690460205078
-127.28333627899953,48.133334295999745,-27.10257339477539
-127.28333627899953,48.25000096499974,-28.841922760009766
-127.28333627899953,48.36666763399974,-33.341243743896484
-127.28333627899953,48.48333430299974,-37.19763946533203
-127.28333627899953,48.600000971999734,-43.751312255859375
-127.28333627899953,48.71666764099973,-35.66142272949219
-127.28333627899953,48.83333430999973,-32.831764221191406
-127.28333627899953,48.950000978999725,-47.329261779785156
-127.28333627899953,49.06666764799972,-44.67127990722656
-127.28333627899953,49.18333431699972,-47.252899169921875
-127.28333627899953,49.300000985999716,-40.404998779296875
-127.28333627899953,49.41666765499971,-33.72193145751953
-127.28333627899953,49.53333432399971,-41.72834014892578
-127.28333627899953,49.65000099299971,-30.277833938598633
-127.28333627899953,49.766667661999705,-31.44693374633789
-127.28333627899953,49.8833343309997,-15.131620407104492
-127.28333627899953,50.0000009999997,-8.455856323242188
-127.28333627899953,50.116667668999696,10.913021087646484
-127.28333627899953,50.23333433799969,48.53196716308594
-127.28333627899953,50.35000100699969,52.99492645263672
-127.28333627899953,50.46666767599969,76.50479888916016
-127.28333627899953,50.583334344999685,-2.2355904579162598
-127.28333627899953,50.70000101399968,-8.602364540100098
-127.28333627899953,50.81666768299968,-27.20262336730957
-127.28333627899953,50.933334351999676,-14.093485832214355
-127.28333627899953,51.05000102099967,-9.321781158447266
-127.28333627899953,51.16666768999967,23.394765853881836
-127.28333627899953,51.28333435899967,8.927063941955566
-127.28333627899953,51.400001027999664,10.743376731872559
-127.28333627899953,51.51666769699966,34.81703186035156
-127.28333627899953,51.63333436599966,3.6480660438537598
-127.28333627899953,51.750001034999656,-9.901715278625488
-127.28333627899953,51.86666770399965,-11.087423324584961
-127.28333627899953,51.98333437299965,22.82231903076172
-127.28333627899953,52.10000104199965,8.778796195983887
-127.28333627899953,52.216667710999644,-8.815582275390625
-127.28333627899953,52.33333437999964,-21.37266731262207
-127.28333627899953,52.45000104899964,-83.2820053100586
-127.28333627899953,52.566667717999636,-40.469886779785156
-127.28333627899953,52.68333438699963,-0.31027504801750183
-127.28333627899953,52.80000105599963,27.874523162841797
-127.28333627899953,52.91666772499963,83.66390991210938
-127.28333627899953,53.033334393999624,93.9566650390625
-127.28333627899953,53.15000106299962,-26.060367584228516
-127.28333627899953,53.26666773199962,5.47342586517334
-127.28333627899953,53.383334400999615,40.45225524902344
-127.28333627899953,53.50000106999961,15.7308988571167
-127.28333627899953,53.61666773899961,24.481584548950195
-127.28333627899953,53.73333440799961,66.54706573486328
-127.28333627899953,53.850001076999604,39.307769775390625
-127.28333627899953,53.9666677459996,31.296886444091797
-127.16666960999953,37.983334092999996,-20.87864875793457
-127.16666960999953,38.10000076199999,-22.2946834564209
-127.16666960999953,38.21666743099999,-25.506763458251953
-127.16666960999953,38.33333409999999,-30.0991268157959
-127.16666960999953,38.450000768999985,-30.078006744384766
-127.16666960999953,38.56666743799998,-38.93375778198242
-127.16666960999953,38.68333410699998,-33.91737747192383
-127.16666960999953,38.800000775999976,-19.600515365600586
-127.16666960999953,38.91666744499997,-13.984722137451172
-127.16666960999953,39.03333411399997,-15.396646499633789
-127.16666960999953,39.15000078299997,-15.200525283813477
-127.16666960999953,39.266667451999965,-14.861347198486328
-127.16666960999953,39.38333412099996,-15.74498462677002
-127.16666960999953,39.50000078999996,-18.462766647338867
-127.16666960999953,39.616667458999956,-21.204633712768555
-127.16666960999953,39.73333412799995,-31.169036865234375
-127.16666960999953,39.85000079699995,-42.27516555786133
-127.16666960999953,39.96666746599995,-56.21589279174805
-127.16666960999953,40.083334134999944,-70.82206726074219
-127.16666960999953,40.20000080399994,-81.19735717773438
-127.16666960999953,40.31666747299994,-5.544732093811035
-127.16666960999953,40.433334141999936,19.714767456054688
-127.16666960999953,40.55000081099993,-23.422874450683594
-127.16666960999953,40.66666747999993,4.213399887084961
-127.16666960999953,40.78333414899993,35.373443603515625
-127.16666960999953,40.900000817999924,32.82440185546875
-127.16666960999953,41.01666748699992,35.300567626953125
-127.16666960999953,41.13333415599992,23.98443603515625
-127.16666960999953,41.250000824999915,21.490705490112305
-127.16666960999953,41.36666749399991,33.8695068359375
-127.16666960999953,41.48333416299991,41.607078552246094
-127.16666960999953,41.60000083199991,-14.63411808013916
-127.16666960999953,41.716667500999904,-40.77075958251953
-127.16666960999953,41.8333341699999,-41.9009895324707
-127.16666960999953,41.9500008389999,-33.101322174072266
-127.16666960999953,42.066667507999895,-30.143972396850586
-127.16666960999953,42.18333417699989,-10.731528282165527
-127.16666960999953,42.30000084599989,-0.2307356745004654
-127.16666960999953,42.41666751499989,6.508512496948242
-127.16666960999953,42.533334183999884,-1.1867115497589111
-127.16666960999953,42.65000085299988,-6.960410118103027
-127.16666960999953,42.76666752199988,-2.3410933017730713
-127.16666960999953,42.883334190999875,-5.25489616394043
-127.16666960999953,43.00000085999987,5.292263984680176
-127.16666960999953,43.11666752899987,-11.048135757446289
-127.16666960999953,43.233334197999866,-30.366899490356445
-127.16666960999953,43.35000086699986,-11.015183448791504
-127.16666960999953,43.46666753599986,-11.785388946533203
-127.16666960999953,43.58333420499986,-11.790946960449219
-127.16666960999953,43.700000873999855,-10.482950210571289
-127.16666960999953,43.81666754299985,-12.224647521972656
-127.16666960999953,43.93333421199985,-10.950419425964355
-127.16666960999953,44.050000880999846,-8.040999412536621
-127.16666960999953,44.16666754999984,-6.451713562011719
-127.16666960999953,44.28333421899984,-6.965737342834473
-127.16666960999953,44.40000088799984,-2.1641039848327637
-127.16666960999953,44.516667556999835,-2.9884378910064697
-127.16666960999953,44.63333422599983,-7.123435020446777
-127.16666960999953,44.75000089499983,-8.580105781555176
-127.16666960999953,44.866667563999826,5.260615348815918
-127.16666960999953,44.98333423299982,-2.090421199798584
-127.16666960999953,45.10000090199982,-6.001690864562988
-127.16666960999953,45.21666757099982,-10.38893985748291
-127.16666960999953,45.333334239999814,-14.277299880981445
-127.16666960999953,45.45000090899981,-13.609458923339844
-127.16666960999953,45.56666757799981,-12.478251457214355
-127.16666960999953,45.683334246999806,-11.191949844360352
-127.16666960999953,45.8000009159998,-6.687557220458984
-127.16666960999953,45.9166675849998,-8.429305076599121
-127.16666960999953,46.0333342539998,-7.281376838684082
-127.16666960999953,46.150000922999794,-6.754721641540527
-127.16666960999953,46.26666759199979,-5.213109970092773
-127.16666960999953,46.38333426099979,-1.445778489112854
-127.16666960999953,46.500000929999786,-3.0481536388397217
-127.16666960999953,46.61666759899978,-6.265089988708496
-127.16666960999953,46.73333426799978,-6.721988677978516
-127.16666960999953,46.85000093699978,-7.718393325805664
-127.16666960999953,46.966667605999774,-8.749149322509766
-127.16666960999953,47.08333427499977,-7.309809684753418
-127.16666960999953,47.20000094399977,-8.441767692565918
-127.16666960999953,47.316667612999765,-6.710392951965332
-127.16666960999953,47.43333428199976,-5.1610517501831055
-127.16666960999953,47.55000095099976,-5.501043319702148
-127.16666960999953,47.66666761999976,-7.528009414672852
-127.16666960999953,47.783334288999754,-5.541047096252441
-127.16666960999953,47.90000095799975,-11.433390617370605
-127.16666960999953,48.01666762699975,-15.809094429016113
-127.16666960999953,48.133334295999745,-22.512592315673828
-127.16666960999953,48.25000096499974,-32.41249084472656
-127.16666960999953,48.36666763399974,-36.23982238769531
-127.16666960999953,48.48333430299974,-47.61520004272461
-127.16666960999953,48.600000971999734,-47.012725830078125
-127.16666960999953,48.71666764099973,-35.96888732910156
-127.16666960999953,48.83333430999973,-38.23512268066406
-127.16666960999953,48.950000978999725,-53.208473205566406
-127.16666960999953,49.06666764799972,-49.96666717529297
-127.16666960999953,49.18333431699972,-38.95526123046875
-127.16666960999953,49.300000985999716,-20.577640533447266
-127.16666960999953,49.41666765499971,-26.933597564697266
-127.16666960999953,49.53333432399971,-31.3818302154541
-127.16666960999953,49.65000099299971,-26.230558395385742
-127.16666960999953,49.766667661999705,-32.884254455566406
-127.16666960999953,49.8833343309997,-6.638578414916992
-127.16666960999953,50.0000009999997,4.445652961730957
-127.16666960999953,50.116667668999696,4.486445426940918
-127.16666960999953,50.23333433799969,57.49122619628906
-127.16666960999953,50.35000100699969,98.754638671875
-127.16666960999953,50.46666767599969,97.89127349853516
-127.16666960999953,50.583334344999685,-6.648466110229492
-127.16666960999953,50.70000101399968,-16.635217666625977
-127.16666960999953,50.81666768299968,-12.012430191040039
-127.16666960999953,50.933334351999676,-10.374383926391602
-127.16666960999953,51.05000102099967,1.9923183917999268
-127.16666960999953,51.16666768999967,28.11530303955078
-127.16666960999953,51.28333435899967,3.8393847942352295
-127.16666960999953,51.400001027999664,9.64853572845459
-127.16666960999953,51.51666769699966,50.005577087402344
-127.16666960999953,51.63333436599966,22.497814178466797
-127.16666960999953,51.750001034999656,34.7887077331543
-127.16666960999953,51.86666770399965,39.14816665649414
-127.16666960999953,51.98333437299965,15.590517044067383
-127.16666960999953,52.10000104199965,5.965643882751465
-127.16666960999953,52.216667710999644,48.90398025512695
-127.16666960999953,52.33333437999964,-70.40996551513672
-127.16666960999953,52.45000104899964,-44.682437896728516
-127.16666960999953,52.566667717999636,-64.21546173095703
-127.16666960999953,52.68333438699963,24.844139099121094
-127.16666960999953,52.80000105599963,61.79042053222656
-127.16666960999953,52.91666772499963,-25.629491806030273
-127.16666960999953,53.033334393999624,-5.597789764404297
-127.16666960999953,53.15000106299962,-49.324310302734375
-127.16666960999953,53.26666773199962,37.24338912963867
-127.16666960999953,53.383334400999615,3.6995723247528076
-127.16666960999953,53.50000106999961,18.616111755371094
-127.16666960999953,53.61666773899961,23.349437713623047
-127.16666960999953,53.73333440799961,40.76765823364258
-127.16666960999953,53.850001076999604,29.259929656982422
-127.16666960999953,53.9666677459996,15.505935668945312
-127.05000294099953,37.983334092999996,-21.007322311401367
-127.05000294099953,38.10000076199999,-22.025476455688477
-127.05000294099953,38.21666743099999,-24.243907928466797
-127.05000294099953,38.33333409999999,-28.29340934753418
-127.05000294099953,38.450000768999985,-30.94899559020996
-127.05000294099953,38.56666743799998,-31.03629493713379
-127.05000294099953,38.68333410699998,-34.70133972167969
-127.05000294099953,38.800000775999976,-19.131502151489258
-127.05000294099953,38.91666744499997,-12.49485969543457
-127.05000294099953,39.03333411399997,-10.674177169799805
-127.05000294099953,39.15000078299997,-10.855698585510254
-127.05000294099953,39.266667451999965,-16.102210998535156
-127.05000294099953,39.38333412099996,-15.598681449890137
-127.05000294099953,39.50000078999996,-18.747356414794922
-127.05000294099953,39.616667458999956,-21.42324447631836
-127.05000294099953,39.73333412799995,-30.5789737701416
-127.05000294099953,39.85000079699995,-39.857330322265625
-127.05000294099953,39.96666746599995,-53.98478698730469
-127.05000294099953,40.083334134999944,-70.50643920898438
-127.05000294099953,40.20000080399994,-80.16957092285156
-127.05000294099953,40.31666747299994,-9.665453910827637
-127.05000294099953,40.433334141999936,22.94881820678711
-127.05000294099953,40.55000081099993,-6.166034698486328
-127.05000294099953,40.66666747999993,7.901132583618164
-127.05000294099953,40.78333414899993,8.108267784118652
-127.05000294099953,40.900000817999924,20.48399543762207
-127.05000294099953,41.01666748699992,16.695358276367188
-127.05000294099953,41.13333415599992,16.468915939331055
-127.05000294099953,41.250000824999915,20.490522384643555
-127.05000294099953,41.36666749399991,19.733972549438477
-127.05000294099953,41.48333416299991,1.079906702041626
-127.05000294099953,41.60000083199991,-4.016246795654297
-127.05000294099953,41.716667500999904,3.67167067527771
-127.05000294099953,41.8333341699999,-12.290491104125977
-127.05000294099953,41.9500008389999,-17.425127029418945
-127.05000294099953,42.066667507999895,-26.096405029296875
-127.05000294099953,42.18333417699989,-16.343420028686523
-127.05000294099953,42.30000084599989,-15.875638961791992
-127.05000294099953,42.41666751499989,-16.13974952697754
-127.05000294099953,42.533334183999884,3.1126952171325684
-127.05000294099953,42.65000085299988,-2.7718892097473145
-127.05000294099953,42.76666752199988,-2.029232978820801
-127.05000294099953,42.883334190999875,4.179719924926758
-127.05000294099953,43.00000085999987,4.132778167724609
-127.05000294099953,43.11666752899987,-33.323509216308594
-127.05000294099953,43.233334197999866,-41.43490219116211
-127.05000294099953,43.35000086699986,-4.587003707885742
-127.05000294099953,43.46666753599986,17.60558319091797
-127.05000294099953,43.58333420499986,-6.647278785705566
-127.05000294099953,43.700000873999855,-8.684821128845215
-127.05000294099953,43.81666754299985,-9.383710861206055
-127.05000294099953,43.93333421199985,-10.81063175201416
-127.05000294099953,44.050000880999846,-0.6968420743942261
-127.05000294099953,44.16666754999984,-3.487779378890991
-127.05000294099953,44.28333421899984,-2.9626758098602295
-127.05000294099953,44.40000088799984,0.17163044214248657
-127.05000294099953,44.516667556999835,-4.722928047180176
-127.05000294099953,44.63333422599983,-7.521702766418457
-127.05000294099953,44.75000089499983,-7.017514228820801
-127.05000294099953,44.866667563999826,-6.19091796875
-127.05000294099953,44.98333423299982,-4.487448692321777
-127.05000294099953,45.10000090199982,-7.077943801879883
-127.05000294099953,45.21666757099982,-5.014227867126465
-127.05000294099953,45.333334239999814,-3.1410813331604004
-127.05000294099953,45.45000090899981,-4.916982650756836
-127.05000294099953,45.56666757799981,-5.213861465454102
-127.05000294099953,45.683334246999806,-8.226167678833008
-127.05000294099953,45.8000009159998,-2.984104871749878
-127.05000294099953,45.9166675849998,-7.411725044250488
-127.05000294099953,46.0333342539998,-6.80452823638916
-127.05000294099953,46.150000922999794,-7.1768293380737305
-127.05000294099953,46.26666759199979,-10.35440731048584
-127.05000294099953,46.38333426099979,-6.24522590637207
-127.05000294099953,46.500000929999786,-5.146489143371582
-127.05000294099953,46.61666759899978,-9.314369201660156
-127.05000294099953,46.73333426799978,-7.2983856201171875
-127.05000294099953,46.85000093699978,-6.077028274536133
-127.05000294099953,46.966667605999774,-7.009514808654785
-127.05000294099953,47.08333427499977,-10.784839630126953
-127.05000294099953,47.20000094399977,-9.16232967376709
-127.05000294099953,47.316667612999765,-9.065340042114258
-127.05000294099953,47.43333428199976,-10.61486530303955
-127.05000294099953,47.55000095099976,-8.782021522521973
-127.05000294099953,47.66666761999976,-8.957815170288086
-127.05000294099953,47.783334288999754,-11.501602172851562
-127.05000294099953,47.90000095799975,-12.81993579864502
-127.05000294099953,48.01666762699975,-16.668033599853516
-127.05000294099953,48.133334295999745,-23.25576400756836
-127.05000294099953,48.25000096499974,-33.39017105102539
-127.05000294099953,48.36666763399974,-46.03296661376953
-127.05000294099953,48.48333430299974,-51.45562744140625
-127.05000294099953,48.600000971999734,-50.09257125854492
-127.05000294099953,48.71666764099973,-39.33305358886719
-127.05000294099953,48.83333430999973,-41.81235885620117
-127.05000294099953,48.950000978999725,-41.12259292602539
-127.05000294099953,49.06666764799972,-45.02185821533203
-127.05000294099953,49.18333431699972,-24.731578826904297
-127.05000294099953,49.300000985999716,-19.616649627685547
-127.05000294099953,49.41666765499971,-37.12981414794922
-127.05000294099953,49.53333432399971,-31.237834930419922
-127.05000294099953,49.65000099299971,-18.575794219970703
-127.05000294099953,49.766667661999705,-6.771474838256836
-127.05000294099953,49.8833343309997,9.830557823181152
-127.05000294099953,50.0000009999997,29.13425636291504
-127.05000294099953,50.116667668999696,19.960264205932617
-127.05000294099953,50.23333433799969,64.29653930664062
-127.05000294099953,50.35000100699969,84.46572875976562
-127.05000294099953,50.46666767599969,59.20404052734375
-127.05000294099953,50.583334344999685,-6.414027214050293
-127.05000294099953,50.70000101399968,-16.81678581237793
-127.05000294099953,50.81666768299968,-9.817936897277832
-127.05000294099953,50.933334351999676,-10.173788070678711
-127.05000294099953,51.05000102099967,7.20566463470459
-127.05000294099953,51.16666768999967,-1.2835822105407715
-127.05000294099953,51.28333435899967,16.170854568481445
-127.05000294099953,51.400001027999664,-5.247666358947754
-127.05000294099953,51.51666769699966,35.54935073852539
-127.05000294099953,51.63333436599966,1.6032713651657104
-127.05000294099953,51.750001034999656,2.786062717437744
-127.05000294099953,51.86666770399965,34.72987365722656
-127.05000294099953,51.98333437299965,56.20441436767578
-127.05000294099953,52.10000104199965,77.2216567993164
-127.05000294099953,52.216667710999644,39.651058197021484
-127.05000294099953,52.33333437999964,-94.67044067382812
-127.05000294099953,52.45000104899964,29.426902770996094
-127.05000294099953,52.566667717999636,-29.672218322753906
-127.05000294099953,52.68333438699963,-30.838878631591797
-127.05000294099953,52.80000105599963,-26.13477897644043
-127.05000294099953,52.91666772499963,-17.083534240722656
-127.05000294099953,53.033334393999624,-4.461596488952637
-127.05000294099953,53.15000106299962,27.16335678100586
-127.05000294099953,53.26666773199962,50.71585464477539
-127.05000294099953,53.383334400999615,15.047840118408203
-127.05000294099953,53.50000106999961,16.560626983642578
-127.05000294099953,53.61666773899961,46.91317367553711
-127.05000294099953,53.73333440799961,-3.3584654331207275
-127.05000294099953,53.850001076999604,11.09538459777832
-127.05000294099953,53.9666677459996,12.086291313171387
-126.93333627199954,37.983334092999996,-23.102195739746094
-126.93333627199954,38.10000076199999,-23.065279006958008
-126.93333627199954,38.21666743099999,-24.426380157470703
-126.93333627199954,38.33333409999999,-28.888839721679688
-126.93333627199954,38.450000768999985,-28.655277252197266
-126.93333627199954,38.56666743799998,-34.456058502197266
-126.93333627199954,38.68333410699998,-36.268959045410156
-126.93333627199954,38.800000775999976,-25.176733016967773
-126.93333627199954,38.91666744499997,-11.54835033416748
-126.93333627199954,39.03333411399997,-8.161688804626465
-126.93333627199954,39.15000078299997,-14.53327751159668
-126.93333627199954,39.266667451999965,-12.600149154663086
-126.93333627199954,39.38333412099996,-14.678007125854492
-126.93333627199954,39.50000078999996,-17.930240631103516
-126.93333627199954,39.616667458999956,-22.738340377807617
-126.93333627199954,39.73333412799995,-29.40876579284668
-126.93333627199954,39.85000079699995,-41.19468688964844
-126.93333627199954,39.96666746599995,-53.88762283325195
-126.93333627199954,40.083334134999944,-67.45248413085938
-126.93333627199954,40.20000080399994,-77.3579330444336
-126.93333627199954,40.31666747299994,-12.448216438293457
-126.93333627199954,40.433334141999936,27.49732208251953
-126.93333627199954,40.55000081099993,2.3698153495788574
-126.93333627199954,40.66666747999993,2.0536932945251465
-126.93333627199954,40.78333414899993,3.2855260372161865
-126.93333627199954,40.900000817999924,5.875636100769043
-126.93333627199954,41.01666748699992,-1.4581667184829712
-126.93333627199954,41.13333415599992,3.338123083114624
-126.93333627199954,41.250000824999915,0.5476798415184021
-126.93333627199954,41.36666749399991,1.4645053148269653
-126.93333627199954,41.48333416299991,-6.249218940734863
-126.93333627199954,41.60000083199991,7.200665473937988
-126.93333627199954,41.716667500999904,32.317134857177734
-126.93333627199954,41.8333341699999,20.662656784057617
-126.93333627199954,41.9500008389999,28.437646865844727
-126.93333627199954,42.066667507999895,-2.857741355895996
-126.93333627199954,42.18333417699989,3.1906962394714355
-126.93333627199954,42.30000084599989,14.513839721679688
-126.93333627199954,42.41666751499989,-25.602128982543945
-126.93333627199954,42.533334183999884,-10.156984329223633
-126.93333627199954,42.65000085299988,8.298895835876465
-126.93333627199954,42.76666752199988,9.88792896270752
-126.93333627199954,42.883334190999875,7.4184370040893555
-126.93333627199954,43.00000085999987,-1.5860595703125
-126.93333627199954,43.11666752899987,-38.28065490722656
-126.93333627199954,43.233334197999866,-21.539291381835938
-126.93333627199954,43.35000086699986,-5.705379486083984
-126.93333627199954,43.46666753599986,4.946610450744629
-126.93333627199954,43.58333420499986,-9.240070343017578
-126.93333627199954,43.700000873999855,9.52279281616211
-126.93333627199954,43.81666754299985,-11.631030082702637
-126.93333627199954,43.93333421199985,-5.829595565795898
-126.93333627199954,44.050000880999846,-0.2220604568719864
-126.93333627199954,44.16666754999984,-4.336987495422363
-126.93333627199954,44.28333421899984,-1.049535870552063
-126.93333627199954,44.40000088799984,-3.258634328842163
-126.93333627199954,44.516667556999835,-4.2365193367004395
-126.93333627199954,44.63333422599983,-5.693732261657715
-126.93333627199954,44.75000089499983,-6.927743911743164
-126.93333627199954,44.866667563999826,-4.996462821960449
-126.93333627199954,44.98333423299982,-9.255463600158691
-126.93333627199954,45.10000090199982,-5.847471237182617
-126.93333627199954,45.21666757099982,-2.778301239013672
-126.93333627199954,45.333334239999814,-3.6552724838256836
-126.93333627199954,45.45000090899981,-0.08256347477436066
-126.93333627199954,45.56666757799981,-6.434992790222168
-126.93333627199954,45.683334246999806,-5.467855453491211
-126.93333627199954,45.8000009159998,-6.7729949951171875
-126.93333627199954,45.9166675849998,-11.118703842163086
-126.93333627199954,46.0333342539998,-6.987209320068359
-126.93333627199954,46.150000922999794,-8.26224136352539
-126.93333627199954,46.26666759199979,-10.49841022491455
-126.93333627199954,46.38333426099979,-7.405363082885742
-126.93333627199954,46.500000929999786,-4.612557411193848
-126.93333627199954,46.61666759899978,-9.272971153259277
-126.93333627199954,46.73333426799978,-8.164532661437988
-126.93333627199954,46.85000093699978,-10.190025329589844
-126.93333627199954,46.966667605999774,-10.161233901977539
-126.93333627199954,47.08333427499977,-11.819475173950195
-126.93333627199954,47.20000094399977,-9.992920875549316
-126.93333627199954,47.316667612999765,-11.672259330749512
-126.93333627199954,47.43333428199976,-12.692992210388184
-126.93333627199954,47.55000095099976,-10.058120727539062
-126.93333627199954,47.66666761999976,-12.853845596313477
-126.93333627199954,47.783334288999754,-13.133877754211426
-126.93333627199954,47.90000095799975,-16.361454010009766
-126.93333627199954,48.01666762699975,-21.475021362304688
-126.93333627199954,48.133334295999745,-30.73468589782715
-126.93333627199954,48.25000096499974,-38.57887268066406
-126.93333627199954,48.36666763399974,-46.63501739501953
-126.93333627199954,48.48333430299974,-47.87159729003906
-126.93333627199954,48.600000971999734,-40.77328872680664
-126.93333627199954,48.71666764099973,-27.447967529296875
-126.93333627199954,48.83333430999973,-34.6839599609375
-126.93333627199954,48.950000978999725,-19.76693344116211
-126.93333627199954,49.06666764799972,-17.940643310546875
-126.93333627199954,49.18333431699972,-24.57444190979004
-126.93333627199954,49.300000985999716,-37.61238479614258
-126.93333627199954,49.41666765499971,-37.51633834838867
-126.93333627199954,49.53333432399971,-21.28866958618164
-126.93333627199954,49.65000099299971,-17.56427001953125
-126.93333627199954,49.766667661999705,-0.9924823641777039
-126.93333627199954,49.8833343309997,-5.273004531860352
-126.93333627199954,50.0000009999997,19.444210052490234
-126.93333627199954,50.116667668999696,52.735328674316406
-126.93333627199954,50.23333433799969,45.015933990478516
-126.93333627199954,50.35000100699969,39.69929885864258
-126.93333627199954,50.46666767599969,25.225160598754883
-126.93333627199954,50.583334344999685,-3.009132146835327
-126.93333627199954,50.70000101399968,-27.53312873840332
-126.93333627199954,50.81666768299968,-15.00830364227295
-126.93333627199954,50.933334351999676,-12.421947479248047
-126.93333627199954,51.05000102099967,8.401972770690918
-126.93333627199954,51.16666768999967,12.744744300842285
-126.93333627199954,51.28333435899967,71.60743713378906
-126.93333627199954,51.400001027999664,22.735044479370117
-126.93333627199954,51.51666769699966,51.779090881347656
-126.93333627199954,51.63333436599966,-25.855262756347656
-126.93333627199954,51.750001034999656,-0.02614864706993103
-126.93333627199954,51.86666770399965,65.91487121582031
-126.93333627199954,51.98333437299965,108.46656036376953
-126.93333627199954,52.10000104199965,46.28401565551758
-126.93333627199954,52.216667710999644,-51.60508728027344
-126.93333627199954,52.33333437999964,-87.64679718017578
-126.93333627199954,52.45000104899964,24.53701400756836
-126.93333627199954,52.566667717999636,22.897226333618164
-126.93333627199954,52.68333438699963,-68.97110748291016
-126.93333627199954,52.80000105599963,-105.1741943359375
-126.93333627199954,52.91666772499963,85.94498443603516
-126.93333627199954,53.033334393999624,67.8135757446289
-126.93333627199954,53.15000106299962,52.191131591796875
-126.93333627199954,53.26666773199962,11.143747329711914
-126.93333627199954,53.383334400999615,25.26494789123535
-126.93333627199954,53.50000106999961,-9.527329444885254
-126.93333627199954,53.61666773899961,44.133514404296875
-126.93333627199954,53.73333440799961,2.9156947135925293
-126.93333627199954,53.850001076999604,10.013846397399902
-126.93333627199954,53.9666677459996,10.492566108703613
-126.81666960299954,37.983334092999996,-28.383689880371094
-126.81666960299954,38.10000076199999,-25.057201385498047
-126.81666960299954,38.21666743099999,-26.2635555267334
-126.81666960299954,38.33333409999999,-26.099504470825195
-126.81666960299954,38.450000768999985,-30.46888542175293
-126.81666960299954,38.56666743799998,-34.22060775756836
-126.81666960299954,38.68333410699998,-33.6037712097168
-126.81666960299954,38.800000775999976,-26.707788467407227
-126.81666960299954,38.91666744499997,-13.299139976501465
-126.81666960299954,39.03333411399997,-5.29490852355957
-126.81666960299954,39.15000078299997,-8.394868850708008
-126.81666960299954,39.266667451999965,-11.474333763122559
-126.81666960299954,39.38333412099996,-16.2782039642334
-126.81666960299954,39.50000078999996,-18.57367706298828
-126.81666960299954,39.616667458999956,-19.11473846435547
-126.81666960299954,39.73333412799995,-28.370580673217773
-126.81666960299954,39.85000079699995,-37.440792083740234
-126.81666960299954,39.96666746599995,-54.10116195678711
-126.81666960299954,40.083334134999944,-65.41707611083984
-126.81666960299954,40.20000080399994,-75.31341552734375
-126.81666960299954,40.31666747299994,-26.601594924926758
-126.81666960299954,40.433334141999936,22.049715042114258
-126.81666960299954,40.55000081099993,7.253448486328125
-126.81666960299954,40.66666747999993,-4.53645133972168
-126.81666960299954,40.78333414899993,-6.427753448486328
-126.81666960299954,40.900000817999924,-7.200640678405762
-126.81666960299954,41.01666748699992,-2.961305618286133
-126.81666960299954,41.13333415599992,-4.287435531616211
-126.81666960299954,41.250000824999915,-15.661126136779785
-126.81666960299954,41.36666749399991,-16.8322696685791
-126.81666960299954,41.48333416299991,-9.53695011138916
-126.81666960299954,41.60000083199991,4.698174476623535
-126.81666960299954,41.716667500999904,18.37238311767578
-126.81666960299954,41.8333341699999,16.32503318786621
-126.81666960299954,41.9500008389999,1.8024935722351074
-126.81666960299954,42.066667507999895,-2.330960988998413
-126.81666960299954,42.18333417699989,9.317015647888184
-126.81666960299954,42.30000084599989,18.78673553466797
-126.81666960299954,42.41666751499989,-1.5186582803726196
-126.81666960299954,42.533334183999884,-21.43048667907715
-126.81666960299954,42.65000085299988,-12.29906940460205
-126.81666960299954,42.76666752199988,6.389335632324219
-126.81666960299954,42.883334190999875,9.470850944519043
-126.81666960299954,43.00000085999987,-3.7413136959075928
-126.81666960299954,43.11666752899987,-37.90426254272461
-126.81666960299954,43.233334197999866,-14.7008638381958
-126.81666960299954,43.35000086699986,-10.100669860839844
-126.81666960299954,43.46666753599986,-8.887399673461914
-126.81666960299954,43.58333420499986,-11.735633850097656
-126.81666960299954,43.700000873999855,-3.868961811065674
-126.81666960299954,43.81666754299985,-14.182523727416992
-126.81666960299954,43.93333421199985,-4.200366020202637
-126.81666960299954,44.050000880999846,1.7834222316741943
-126.81666960299954,44.16666754999984,-6.6287078857421875
-126.81666960299954,44.28333421899984,-4.375059127807617
-126.81666960299954,44.40000088799984,-8.518196105957031
-126.81666960299954,44.516667556999835,-2.6268551349639893
-126.81666960299954,44.63333422599983,-4.77113151550293
-126.81666960299954,44.75000089499983,-7.403221130371094
-126.81666960299954,44.866667563999826,-8.329044342041016
-126.81666960299954,44.98333423299982,-8.53039836883545
-126.81666960299954,45.10000090199982,-4.618477821350098
-126.81666960299954,45.21666757099982,-7.53853702545166
-126.81666960299954,45.333334239999814,-5.350678443908691
-126.81666960299954,45.45000090899981,-3.8688483238220215
-126.81666960299954,45.56666757799981,-4.257380485534668
-126.81666960299954,45.683334246999806,-4.003222465515137
-126.81666960299954,45.8000009159998,-7.693202972412109
-126.81666960299954,45.9166675849998,-6.081456184387207
-126.81666960299954,46.0333342539998,-9.391046524047852
-126.81666960299954,46.150000922999794,-14.18093204498291
-126.81666960299954,46.26666759199979,-9.459242820739746
-126.81666960299954,46.38333426099979,-10.603217124938965
-126.81666960299954,46.500000929999786,-12.684077262878418
-126.81666960299954,46.61666759899978,-10.006403923034668
-126.81666960299954,46.73333426799978,-12.044256210327148
-126.81666960299954,46.85000093699978,-10.941784858703613
-126.81666960299954,46.966667605999774,-12.383026123046875
-126.81666960299954,47.08333427499977,-15.069011688232422
-126.81666960299954,47.20000094399977,-14.692708015441895
-126.81666960299954,47.316667612999765,-12.861448287963867
-126.81666960299954,47.43333428199976,-14.806947708129883
-126.81666960299954,47.55000095099976,-14.80441951751709
-126.81666960299954,47.66666761999976,-15.526890754699707
-126.81666960299954,47.783334288999754,-17.06328582763672
-126.81666960299954,47.90000095799975,-17.0804443359375
-126.81666960299954,48.01666762699975,-23.553091049194336
-126.81666960299954,48.133334295999745,-35.76579284667969
-126.81666960299954,48.25000096499974,-42.90016174316406
-126.81666960299954,48.36666763399974,-48.73027420043945
-126.81666960299954,48.48333430299974,-42.300636291503906
-126.81666960299954,48.600000971999734,-34.14958572387695
-126.81666960299954,48.71666764099973,-33.325347900390625
-126.81666960299954,48.83333430999973,-35.83797836303711
-126.81666960299954,48.950000978999725,-20.70911407470703
-126.81666960299954,49.06666764799972,-20.99003791809082
-126.81666960299954,49.18333431699972,-30.191421508789062
-126.81666960299954,49.300000985999716,-30.966629028320312
-126.81666960299954,49.41666765499971,-20.66646957397461
-126.81666960299954,49.53333432399971,-25.17864990234375
-126.81666960299954,49.65000099299971,1.7369234561920166
-126.81666960299954,49.766667661999705,18.660049438476562
-126.81666960299954,49.8833343309997,24.049888610839844
-126.81666960299954,50.0000009999997,31.445415496826172
-126.81666960299954,50.116667668999696,90.470703125
-126.81666960299954,50.23333433799969,34.67365264892578
-126.81666960299954,50.35000100699969,57.86078643798828
-126.81666960299954,50.46666767599969,78.70480346679688
-126.81666960299954,50.583334344999685,-0.4514204263687134
-126.81666960299954,50.70000101399968,-36.61948013305664
-126.81666960299954,50.81666768299968,-16.43117332458496
-126.81666960299954,50.933334351999676,-14.418511390686035
-126.81666960299954,51.05000102099967,-11.937708854675293
-126.81666960299954,51.16666768999967,36.62051773071289
-126.81666960299954,51.28333435899967,93.09002685546875
-126.81666960299954,51.400001027999664,53.34430694580078
-126.81666960299954,51.51666769699966,101.55603790283203
-126.81666960299954,51.63333436599966,-12.764348030090332
-126.81666960299954,51.750001034999656,48.07316207885742
-126.81666960299954,51.86666770399965,57.61745071411133
-126.81666960299954,51.98333437299965,58.87974548339844
-126.81666960299954,52.10000104199965,-24.151782989501953
-126.81666960299954,52.216667710999644,-4.554207801818848
-126.81666960299954,52.33333437999964,-18.566267013549805
-126.81666960299954,52.45000104899964,6.292267799377441
-126.81666960299954,52.566667717999636,45.165950775146484
-126.81666960299954,52.68333438699963,20.080869674682617
-126.81666960299954,52.80000105599963,-82.49215698242188
-126.81666960299954,52.91666772499963,-2.2730226516723633
-126.81666960299954,53.033334393999624,5.691493034362793
-126.81666960299954,53.15000106299962,28.02727699279785
-126.81666960299954,53.26666773199962,-5.51611328125
-126.81666960299954,53.383334400999615,5.504245758056641
-126.81666960299954,53.50000106999961,4.240886688232422
-126.81666960299954,53.61666773899961,9.28738784790039
-126.81666960299954,53.73333440799961,14.44267749786377
-126.81666960299954,53.850001076999604,27.72583770751953
-126.81666960299954,53.9666677459996,-1.9216609001159668
-126.70000293399954,37.983334092999996,-23.051328659057617
-126.70000293399954,38.10000076199999,-25.01869010925293
-126.70000293399954,38.21666743099999,-23.489051818847656
-126.70000293399954,38.33333409999999,-26.797998428344727
-126.70000293399954,38.450000768999985,-32.38405990600586
-126.70000293399954,38.56666743799998,-33.24656677246094
-126.70000293399954,38.68333410699998,-32.88665008544922
-126.70000293399954,38.800000775999976,-31.76422691345215
-126.70000293399954,38.91666744499997,-18.608234405517578
-126.70000293399954,39.03333411399997,-7.781280517578125
-126.70000293399954,39.15000078299997,-7.306035041809082
-126.70000293399954,39.266667451999965,-11.1641206741333
-126.70000293399954,39.38333412099996,-15.792440414428711
-126.70000293399954,39.50000078999996,-18.922107696533203
-126.70000293399954,39.616667458999956,-19.607248306274414
-126.70000293399954,39.73333412799995,-26.14919662475586
-126.70000293399954,39.85000079699995,-35.74691390991211
-126.70000293399954,39.96666746599995,-52.23012924194336
-126.70000293399954,40.083334134999944,-65.25487518310547
-126.70000293399954,40.20000080399994,-72.1446304321289
-126.70000293399954,40.31666747299994,-34.82880401611328
-126.70000293399954,40.433334141999936,24.32464599609375
-126.70000293399954,40.55000081099993,-1.4754871129989624
-126.70000293399954,40.66666747999993,-3.624677896499634
-126.70000293399954,40.78333414899993,-3.50546932220459
-126.70000293399954,40.900000817999924,-9.379152297973633
-126.70000293399954,41.01666748699992,-3.1789631843566895
-126.70000293399954,41.13333415599992,-1.259864330291748
-126.70000293399954,41.250000824999915,-9.595314979553223
-126.70000293399954,41.36666749399991,-20.67566680908203
-126.70000293399954,41.48333416299991,-9.08442497253418
-126.70000293399954,41.60000083199991,0.5966261029243469
-126.70000293399954,41.716667500999904,21.274198532104492
-126.70000293399954,41.8333341699999,-2.773066997528076
-126.70000293399954,41.9500008389999,-27.791982650756836
-126.70000293399954,42.066667507999895,-29.5850830078125
-126.70000293399954,42.18333417699989,-4.903606414794922
-126.70000293399954,42.30000084599989,2.001915454864502
-126.70000293399954,42.41666751499989,-1.1666414737701416
-126.70000293399954,42.533334183999884,8.398979187011719
-126.70000293399954,42.65000085299988,3.149336099624634
-126.70000293399954,42.76666752199988,-8.11594295501709
-126.70000293399954,42.883334190999875,-15.432048797607422
-126.70000293399954,43.00000085999987,-17.45173454284668
-126.70000293399954,43.11666752899987,-31.230756759643555
-126.70000293399954,43.233334197999866,-13.058405876159668
-126.70000293399954,43.35000086699986,-6.89875602722168
-126.70000293399954,43.46666753599986,-12.702753067016602
-126.70000293399954,43.58333420499986,-14.845110893249512
-126.70000293399954,43.700000873999855,-10.044515609741211
-126.70000293399954,43.81666754299985,-6.0157623291015625
-126.70000293399954,43.93333421199985,-4.200405120849609
-126.70000293399954,44.050000880999846,-5.596306800842285
-126.70000293399954,44.16666754999984,-6.846091270446777
-126.70000293399954,44.28333421899984,-1.8253662586212158
-126.70000293399954,44.40000088799984,-1.4388728141784668
-126.70000293399954,44.516667556999835,-5.058589935302734
-126.70000293399954,44.63333422599983,-5.623109817504883
-126.70000293399954,44.75000089499983,-5.383672714233398
-126.70000293399954,44.866667563999826,-8.164360046386719
-126.70000293399954,44.98333423299982,-8.209507942199707
-126.70000293399954,45.10000090199982,-6.101426124572754
-126.70000293399954,45.21666757099982,-8.050314903259277
-126.70000293399954,45.333334239999814,-4.709859848022461
-126.70000293399954,45.45000090899981,-5.637438774108887
-126.70000293399954,45.56666757799981,-4.919943809509277
-126.70000293399954,45.683334246999806,-6.033478736877441
-126.70000293399954,45.8000009159998,-5.425230979919434
-126.70000293399954,45.9166675849998,-6.655520439147949
-126.70000293399954,46.0333342539998,-12.431297302246094
-126.70000293399954,46.150000922999794,-12.69603443145752
-126.70000293399954,46.26666759199979,-11.502348899841309
-126.70000293399954,46.38333426099979,-9.519779205322266
-126.70000293399954,46.500000929999786,-14.144845962524414
-126.70000293399954,46.61666759899978,-14.860021591186523
-126.70000293399954,46.73333426799978,-12.817756652832031
-126.70000293399954,46.85000093699978,-14.350399017333984
-126.70000293399954,46.966667605999774,-16.01784324645996
-126.70000293399954,47.08333427499977,-15.334412574768066
-126.70000293399954,47.20000094399977,-13.366355895996094
-126.70000293399954,47.316667612999765,-15.585092544555664
-126.70000293399954,47.43333428199976,-19.608078002929688
-126.70000293399954,47.55000095099976,-20.60477638244629
-126.70000293399954,47.66666761999976,-20.382343292236328
-126.70000293399954,47.783334288999754,-19.344606399536133
-126.70000293399954,47.90000095799975,-20.1226806640625
-126.70000293399954,48.01666762699975,-33.19713592529297
-126.70000293399954,48.133334295999745,-42.68918228149414
-126.70000293399954,48.25000096499974,-46.73245620727539
-126.70000293399954,48.36666763399974,-44.6923713684082
-126.70000293399954,48.48333430299974,-25.376598358154297
-126.70000293399954,48.600000971999734,-30.347164154052734
-126.70000293399954,48.71666764099973,-26.995609283447266
-126.70000293399954,48.83333430999973,-21.896568298339844
-126.70000293399954,48.950000978999725,-18.528152465820312
-126.70000293399954,49.06666764799972,-21.056371688842773
-126.70000293399954,49.18333431699972,-34.765472412109375
-126.70000293399954,49.300000985999716,-36.996421813964844
-126.70000293399954,49.41666765499971,-18.927125930786133
-126.70000293399954,49.53333432399971,-3.7122786045074463
-126.70000293399954,49.65000099299971,18.377239227294922
-126.70000293399954,49.766667661999705,28.90972900390625
-126.70000293399954,49.8833343309997,22.16877555847168
-126.70000293399954,50.0000009999997,54.96391677856445
-126.70000293399954,50.116667668999696,93.2063980102539
-126.70000293399954,50.23333433799969,54.45793914794922
-126.70000293399954,50.35000100699969,104.24726867675781
-126.70000293399954,50.46666767599969,96.1681900024414
-126.70000293399954,50.583334344999685,-12.126337051391602
-126.70000293399954,50.70000101399968,-24.293682098388672
-126.70000293399954,50.81666768299968,-6.047928810119629
-126.70000293399954,50.933334351999676,23.882251739501953
-126.70000293399954,51.05000102099967,15.83072566986084
-126.70000293399954,51.16666768999967,17.170988082885742
-126.70000293399954,51.28333435899967,41.58561706542969
-126.70000293399954,51.400001027999664,50.578758239746094
-126.70000293399954,51.51666769699966,35.80506896972656
-126.70000293399954,51.63333436599966,-72.09117126464844
-126.70000293399954,51.750001034999656,-27.500844955444336
-126.70000293399954,51.86666770399965,-33.79829406738281
-126.70000293399954,51.98333437299965,-42.596221923828125
-126.70000293399954,52.10000104199965,-50.19334030151367
-126.70000293399954,52.216667710999644,47.852760314941406
-126.70000293399954,52.33333437999964,-31.076601028442383
-126.70000293399954,52.45000104899964,-11.262174606323242
-126.70000293399954,52.566667717999636,15.764876365661621
-126.70000293399954,52.68333438699963,37.00638961791992
-126.70000293399954,52.80000105599963,-68.33727264404297
-126.70000293399954,52.91666772499963,-35.04194259643555
-126.70000293399954,53.033334393999624,35.54742431640625
-126.70000293399954,53.15000106299962,38.59056854248047
-126.70000293399954,53.26666773199962,7.259951591491699
-126.70000293399954,53.383334400999615,1.0404363870620728
-126.70000293399954,53.50000106999961,41.40766143798828
-126.70000293399954,53.61666773899961,-15.429669380187988
-126.70000293399954,53.73333440799961,-24.403104782104492
-126.70000293399954,53.850001076999604,32.11674499511719
-126.70000293399954,53.9666677459996,-6.0523681640625
-126.58333626499955,37.983334092999996,-26.4771671295166
-126.58333626499955,38.10000076199999,-27.15331268310547
-126.58333626499955,38.21666743099999,-26.555171966552734
-126.58333626499955,38.33333409999999,-29.30583381652832
-126.58333626499955,38.450000768999985,-27.829614639282227
-126.58333626499955,38.56666743799998,-31.631994247436523
-126.58333626499955,38.68333410699998,-32.812477111816406
-126.58333626499955,38.800000775999976,-29.47939109802246
-126.58333626499955,38.91666744499997,-21.852157592773438
-126.58333626499955,39.03333411399997,-14.901028633117676
-126.58333626499955,39.15000078299997,-11.661931991577148
-126.58333626499955,39.266667451999965,-12.772963523864746
-126.58333626499955,39.38333412099996,-15.339899063110352
-126.58333626499955,39.50000078999996,-19.633604049682617
-126.58333626499955,39.616667458999956,-20.60673713684082
-126.58333626499955,39.73333412799995,-25.003469467163086
-126.58333626499955,39.85000079699995,-32.68155288696289
-126.58333626499955,39.96666746599995,-46.18696212768555
-126.58333626499955,40.083334134999944,-59.87095260620117
-126.58333626499955,40.20000080399994,-70.80659484863281
-126.58333626499955,40.31666747299994,-40.24289321899414
-126.58333626499955,40.433334141999936,26.75067138671875
-126.58333626499955,40.55000081099993,-3.3236589431762695
-126.58333626499955,40.66666747999993,-4.1124796867370605
-126.58333626499955,40.78333414899993,-5.675994873046875
-126.58333626499955,40.900000817999924,-5.275691986083984
-126.58333626499955,41.01666748699992,-1.7974259853363037
-126.58333626499955,41.13333415599992,6.14621639251709
-126.58333626499955,41.250000824999915,-6.311617851257324
-126.58333626499955,41.36666749399991,-11.624249458312988
-126.58333626499955,41.48333416299991,-6.356840133666992
-126.58333626499955,41.60000083199991,-3.7514090538024902
-126.58333626499955,41.716667500999904,10.572192192077637
-126.58333626499955,41.8333341699999,-18.73410987854004
-126.58333626499955,41.9500008389999,-36.46965408325195
-126.58333626499955,42.066667507999895,-35.57625198364258
-126.58333626499955,42.18333417699989,-3.930438756942749
-126.58333626499955,42.30000084599989,-2.057203531265259
-126.58333626499955,42.41666751499989,2.587151050567627
-126.58333626499955,42.533334183999884,1.6309289932250977
-126.58333626499955,42.65000085299988,9.647303581237793
-126.58333626499955,42.76666752199988,7.627178192138672
-126.58333626499955,42.883334190999875,-11.603286743164062
-126.58333626499955,43.00000085999987,-20.245296478271484
-126.58333626499955,43.11666752899987,-19.727256774902344
-126.58333626499955,43.233334197999866,-10.623332023620605
-126.58333626499955,43.35000086699986,-2.9486677646636963
-126.58333626499955,43.46666753599986,-3.888827085494995
-126.58333626499955,43.58333420499986,-5.072670936584473
-126.58333626499955,43.700000873999855,-6.773876190185547
-126.58333626499955,43.81666754299985,-2.420170783996582
-126.58333626499955,43.93333421199985,-6.134693145751953
-126.58333626499955,44.050000880999846,-9.091255187988281
-126.58333626499955,44.16666754999984,-4.13043212890625
-126.58333626499955,44.28333421899984,-5.388890266418457
-126.58333626499955,44.40000088799984,-1.9409295320510864
-126.58333626499955,44.516667556999835,-5.451905250549316
-126.58333626499955,44.63333422599983,-4.961158752441406
-126.58333626499955,44.75000089499983,-6.480815887451172
-126.58333626499955,44.866667563999826,-5.800579071044922
-126.58333626499955,44.98333423299982,-6.107593536376953
-126.58333626499955,45.10000090199982,-8.394999504089355
-126.58333626499955,45.21666757099982,-6.0247602462768555
-126.58333626499955,45.333334239999814,-9.883783340454102
-126.58333626499955,45.45000090899981,-6.140202522277832
-126.58333626499955,45.56666757799981,-5.199861526489258
-126.58333626499955,45.683334246999806,-8.316656112670898
-126.58333626499955,45.8000009159998,-11.104680061340332
-126.58333626499955,45.9166675849998,-13.486814498901367
-126.58333626499955,46.0333342539998,-14.385581970214844
-126.58333626499955,46.150000922999794,-13.561995506286621
-126.58333626499955,46.26666759199979,-16.66739845275879
-126.58333626499955,46.38333426099979,-13.685626983642578
-126.58333626499955,46.500000929999786,-17.81510353088379
-126.58333626499955,46.61666759899978,-19.884323120117188
-126.58333626499955,46.73333426799978,-17.173755645751953
-126.58333626499955,46.85000093699978,-18.71468734741211
-126.58333626499955,46.966667605999774,-18.859296798706055
-126.58333626499955,47.08333427499977,-21.87874984741211
-126.58333626499955,47.20000094399977,-21.396087646484375
-126.58333626499955,47.316667612999765,-20.359163284301758
-126.58333626499955,47.43333428199976,-21.411922454833984
-126.58333626499955,47.55000095099976,-20.44349479675293
-126.58333626499955,47.66666761999976,-20.803977966308594
-126.58333626499955,47.783334288999754,-23.052106857299805
-126.58333626499955,47.90000095799975,-22.657194137573242
-126.58333626499955,48.01666762699975,-35.05998229980469
-126.58333626499955,48.133334295999745,-45.47949981689453
-126.58333626499955,48.25000096499974,-44.26250076293945
-126.58333626499955,48.36666763399974,-29.13410186767578
-126.58333626499955,48.48333430299974,-21.251956939697266
-126.58333626499955,48.600000971999734,-24.137542724609375
-126.58333626499955,48.71666764099973,-11.067137718200684
-126.58333626499955,48.83333430999973,-6.903988838195801
-126.58333626499955,48.950000978999725,-26.02361297607422
-126.58333626499955,49.06666764799972,-30.38235092163086
-126.58333626499955,49.18333431699972,-38.02884292602539
-126.58333626499955,49.300000985999716,-35.60695266723633
-126.58333626499955,49.41666765499971,-29.463464736938477
-126.58333626499955,49.53333432399971,-4.92130184173584
-126.58333626499955,49.65000099299971,3.4642419815063477
-126.58333626499955,49.766667661999705,29.9498233795166
-126.58333626499955,49.8833343309997,51.420440673828125
-126.58333626499955,50.0000009999997,77.18916320800781
-126.58333626499955,50.116667668999696,47.46547317504883
-126.58333626499955,50.23333433799969,48.74015808105469
-126.58333626499955,50.35000100699969,94.0365982055664
-126.58333626499955,50.46666767599969,43.57561492919922
-126.58333626499955,50.583334344999685,-15.8909273147583
-126.58333626499955,50.70000101399968,-22.959266662597656
-126.58333626499955,50.81666768299968,-21.333194732666016
-126.58333626499955,50.933334351999676,9.71656322479248
-126.58333626499955,51.05000102099967,29.327098846435547
-126.58333626499955,51.16666768999967,9.914666175842285
-126.58333626499955,51.28333435899967,-9.27446174621582
-126.58333626499955,51.400001027999664,65.51856994628906
-126.58333626499955,51.51666769699966,20.821447372436523
-126.58333626499955,51.63333436599966,-17.091594696044922
-126.58333626499955,51.750001034999656,-48.39426040649414
-126.58333626499955,51.86666770399965,10.783162117004395
-126.58333626499955,51.98333437299965,-43.60515213012695
-126.58333626499955,52.10000104199965,-39.98588180541992
-126.58333626499955,52.216667710999644,50.425323486328125
-126.58333626499955,52.33333437999964,-34.82558822631836
-126.58333626499955,52.45000104899964,-15.877082824707031
-126.58333626499955,52.566667717999636,25.04642105102539
-126.58333626499955,52.68333438699963,38.228851318359375
-126.58333626499955,52.80000105599963,-5.790487289428711
-126.58333626499955,52.91666772499963,43.791194915771484
-126.58333626499955,53.033334393999624,98.61090087890625
-126.58333626499955,53.15000106299962,20.023929595947266
-126.58333626499955,53.26666773199962,-13.737253189086914
-126.58333626499955,53.383334400999615,9.108065605163574
-126.58333626499955,53.50000106999961,53.21739196777344
-126.58333626499955,53.61666773899961,30.741243362426758
-126.58333626499955,53.73333440799961,2.5922231674194336
-126.58333626499955,53.850001076999604,8.869465827941895
-126.58333626499955,53.9666677459996,-18.3245792388916
-126.46666959599955,37.983334092999996,-23.794185638427734
-126.46666959599955,38.10000076199999,-23.628585815429688
-126.46666959599955,38.21666743099999,-27.540969848632812
-126.46666959599955,38.33333409999999,-24.963672637939453
-126.46666959599955,38.450000768999985,-26.324995040893555
-126.46666959599955,38.56666743799998,-27.39919090270996
-126.46666959599955,38.68333410699998,-31.690048217773438
-126.46666959599955,38.800000775999976,-28.687639236450195
-126.46666959599955,38.91666744499997,-20.46713638305664
-126.46666959599955,39.03333411399997,-6.244829177856445
-126.46666959599955,39.15000078299997,-8.656072616577148
-126.46666959599955,39.266667451999965,-10.52278995513916
-126.46666959599955,39.38333412099996,-13.348433494567871
-126.46666959599955,39.50000078999996,-20.534385681152344
-126.46666959599955,39.616667458999956,-22.46237564086914
-126.46666959599955,39.73333412799995,-27.87106704711914
-126.46666959599955,39.85000079699995,-39.23566818237305
-126.46666959599955,39.96666746599995,-48.76045608520508
-126.46666959599955,40.083334134999944,-61.490020751953125
-126.46666959599955,40.20000080399994,-68.82523345947266
-126.46666959599955,40.31666747299994,-39.34919357299805
-126.46666959599955,40.433334141999936,38.90675735473633
-126.46666959599955,40.55000081099993,-4.398191452026367
-126.46666959599955,40.66666747999993,-4.7020416259765625
-126.46666959599955,40.78333414899993,-7.160514831542969
-126.46666959599955,40.900000817999924,-4.922991752624512
-126.46666959599955,41.01666748699992,-3.3025448322296143
-126.46666959599955,41.13333415599992,-0.995593786239624
-126.46666959599955,41.250000824999915,-7.518771171569824
-126.46666959599955,41.36666749399991,-5.203884124755859
-126.46666959599955,41.48333416299991,-0.9030835032463074
-126.46666959599955,41.60000083199991,-0.42319411039352417
-126.46666959599955,41.716667500999904,8.91978645324707
-126.46666959599955,41.8333341699999,-31.10017204284668
-126.46666959599955,41.9500008389999,-33.782325744628906
-126.46666959599955,42.066667507999895,-25.614120483398438
-126.46666959599955,42.18333417699989,1.157244086265564
-126.46666959599955,42.30000084599989,0.16927501559257507
-126.46666959599955,42.41666751499989,5.020610809326172
-126.46666959599955,42.533334183999884,-0.3391241133213043
-126.46666959599955,42.65000085299988,6.751019477844238
-126.46666959599955,42.76666752199988,11.340238571166992
-126.46666959599955,42.883334190999875,13.27876091003418
-126.46666959599955,43.00000085999987,8.67052173614502
-126.46666959599955,43.11666752899987,-10.969507217407227
-126.46666959599955,43.233334197999866,-12.259577751159668
-126.46666959599955,43.35000086699986,-2.0648789405822754
-126.46666959599955,43.46666753599986,-5.803360939025879
-126.46666959599955,43.58333420499986,-7.955524444580078
-126.46666959599955,43.700000873999855,-7.717947959899902
-126.46666959599955,43.81666754299985,-8.0361967086792
-126.46666959599955,43.93333421199985,-9.800680160522461
-126.46666959599955,44.050000880999846,-7.7520294189453125
-126.46666959599955,44.16666754999984,-9.190096855163574
-126.46666959599955,44.28333421899984,-11.987312316894531
-126.46666959599955,44.40000088799984,-5.534795761108398
-126.46666959599955,44.516667556999835,-9.326607704162598
-126.46666959599955,44.63333422599983,-9.010721206665039
-126.46666959599955,44.75000089499983,-7.702362060546875
-126.46666959599955,44.866667563999826,-8.99681568145752
-126.46666959599955,44.98333423299982,-12.309650421142578
-126.46666959599955,45.10000090199982,-9.83540153503418
-126.46666959599955,45.21666757099982,-11.759331703186035
-126.46666959599955,45.333334239999814,-8.909208297729492
-126.46666959599955,45.45000090899981,-8.853079795837402
-126.46666959599955,45.56666757799981,-4.5934648513793945
-126.46666959599955,45.683334246999806,-8.974347114562988
-126.46666959599955,45.8000009159998,-11.90628719329834
-126.46666959599955,45.9166675849998,-11.429028511047363
-126.46666959599955,46.0333342539998,-14.173762321472168
-126.46666959599955,46.150000922999794,-17.906116485595703
-126.46666959599955,46.26666759199979,-19.83005142211914
-126.46666959599955,46.38333426099979,-18.402070999145508
-126.46666959599955,46.500000929999786,-22.314876556396484
-126.46666959599955,46.61666759899978,-22.22317886352539
-126.46666959599955,46.73333426799978,-19.072982788085938
-126.46666959599955,46.85000093699978,-22.250356674194336
-126.46666959599955,46.966667605999774,-24.56853675842285
-126.46666959599955,47.08333427499977,-21.076435089111328
-126.46666959599955,47.20000094399977,-23.359582901000977
-126.46666959599955,47.316667612999765,-24.35371208190918
-126.46666959599955,47.43333428199976,-26.21883773803711
-126.46666959599955,47.55000095099976,-27.068946838378906
-126.46666959599955,47.66666761999976,-25.360435485839844
-126.46666959599955,47.783334288999754,-26.780696868896484
-126.46666959599955,47.90000095799975,-21.98491668701172
-126.46666959599955,48.01666762699975,-26.826126098632812
-126.46666959599955,48.133334295999745,-35.122310638427734
-126.46666959599955,48.25000096499974,-40.7465705871582
-126.46666959599955,48.36666763399974,-23.60491371154785
-126.46666959599955,48.48333430299974,-21.908376693725586
-126.46666959599955,48.600000971999734,-25.81819725036621
-126.46666959599955,48.71666764099973,-13.546136856079102
-126.46666959599955,48.83333430999973,-10.977197647094727
-126.46666959599955,48.950000978999725,-30.134296417236328
-126.46666959599955,49.06666764799972,-34.36978530883789
-126.46666959599955,49.18333431699972,-41.05392837524414
-126.46666959599955,49.300000985999716,-23.795692443847656
-126.46666959599955,49.41666765499971,-10.822663307189941
-126.46666959599955,49.53333432399971,23.44542694091797
-126.46666959599955,49.65000099299971,-4.546430587768555
-126.46666959599955,49.766667661999705,16.753530502319336
-126.46666959599955,49.8833343309997,95.96393585205078
-126.46666959599955,50.0000009999997,53.0518913269043
-126.46666959599955,50.116667668999696,23.031349182128906
-126.46666959599955,50.23333433799969,49.25583267211914
-126.46666959599955,50.35000100699969,91.96977996826172
-126.46666959599955,50.46666767599969,39.10594177246094
-126.46666959599955,50.583334344999685,-12.551414489746094
-126.46666959599955,50.70000101399968,-9.789148330688477
-126.46666959599955,50.81666768299968,-8.313838958740234
-126.46666959599955,50.933334351999676,-15.609615325927734
-126.46666959599955,51.05000102099967,-1.846102237701416
-126.46666959599955,51.16666768999967,4.59185791015625
-126.46666959599955,51.28333435899967,17.701454162597656
-126.46666959599955,51.400001027999664,47.91236877441406
-126.46666959599955,51.51666769699966,35.72221755981445
-126.46666959599955,51.63333436599966,60.9529914855957
-126.46666959599955,51.750001034999656,-12.10891342163086
-126.46666959599955,51.86666770399965,26.394245147705078
-126.46666959599955,51.98333437299965,-5.642948150634766
-126.46666959599955,52.10000104199965,47.65910720825195
-126.46666959599955,52.216667710999644,21.730438232421875
-126.46666959599955,52.33333437999964,-7.305446624755859
-126.46666959599955,52.45000104899964,-7.003742218017578
-126.46666959599955,52.566667717999636,63.7789192199707
-126.46666959599955,52.68333438699963,51.05434036254883
-126.46666959599955,52.80000105599963,48.140201568603516
-126.46666959599955,52.91666772499963,28.07819175720215
-126.46666959599955,53.033334393999624,73.11466979980469
-126.46666959599955,53.15000106299962,-2.5757851600646973
-126.46666959599955,53.26666773199962,-23.602725982666016
-126.46666959599955,53.383334400999615,58.41725158691406
-126.46666959599955,53.50000106999961,75.58240509033203
-126.46666959599955,53.61666773899961,58.14010238647461
-126.46666959599955,53.73333440799961,58.923133850097656
-126.46666959599955,53.850001076999604,-16.998899459838867
-126.46666959599955,53.9666677459996,-26.659475326538086
-126.35000292699955,37.983334092999996,-23.624691009521484
-126.35000292699955,38.10000076199999,-22.972118377685547
-126.35000292699955,38.21666743099999,-29.327030181884766
-126.35000292699955,38.33333409999999,-25.625112533569336
-126.35000292699955,38.450000768999985,-25.08587646484375
-126.35000292699955,38.56666743799998,-22.766597747802734
-126.35000292699955,38.68333410699998,-26.422929763793945
-126.35000292699955,38.800000775999976,-22.290658950805664
-126.35000292699955,38.91666744499997,-23.659561157226562
-126.35000292699955,39.03333411399997,-12.829833030700684
-126.35000292699955,39.15000078299997,-6.4972734451293945
-126.35000292699955,39.266667451999965,-7.595818519592285
-126.35000292699955,39.38333412099996,-11.843583106994629
-126.35000292699955,39.50000078999996,-18.535749435424805
-126.35000292699955,39.616667458999956,-21.654878616333008
-126.35000292699955,39.73333412799995,-24.763307571411133
-126.35000292699955,39.85000079699995,-34.175506591796875
-126.35000292699955,39.96666746599995,-46.855438232421875
-126.35000292699955,40.083334134999944,-61.65456771850586
-126.35000292699955,40.20000080399994,-70.10897827148438
-126.35000292699955,40.31666747299994,-42.15892791748047
-126.35000292699955,40.433334141999936,35.00242233276367
-126.35000292699955,40.55000081099993,-1.737755537033081
-126.35000292699955,40.66666747999993,-2.6338250637054443
-126.35000292699955,40.78333414899993,-3.7153422832489014
-126.35000292699955,40.900000817999924,-3.9921317100524902
-126.35000292699955,41.01666748699992,3.0643680095672607
-126.35000292699955,41.13333415599992,0.07474279403686523
-126.35000292699955,41.250000824999915,-6.591313362121582
-126.35000292699955,41.36666749399991,-4.164849281311035
-126.35000292699955,41.48333416299991,-1.2793641090393066
-126.35000292699955,41.60000083199991,0.6802083849906921
-126.35000292699955,41.716667500999904,-3.258101463317871
-126.35000292699955,41.8333341699999,-16.787179946899414
-126.35000292699955,41.9500008389999,-26.016122817993164
-126.35000292699955,42.066667507999895,-8.056679725646973
-126.35000292699955,42.18333417699989,9.307868003845215
-126.35000292699955,42.30000084599989,6.38063907623291
-126.35000292699955,42.41666751499989,1.0414094924926758
-126.35000292699955,42.533334183999884,-3.635763168334961
-126.35000292699955,42.65000085299988,15.553006172180176
-126.35000292699955,42.76666752199988,22.050683975219727
-126.35000292699955,42.883334190999875,16.655221939086914
-126.35000292699955,43.00000085999987,-0.9771583080291748
-126.35000292699955,43.11666752899987,-18.357463836669922
-126.35000292699955,43.233334197999866,-7.041570663452148
-126.35000292699955,43.35000086699986,4.0529375076293945
-126.35000292699955,43.46666753599986,-7.8784589767456055
-126.35000292699955,43.58333420499986,-12.197737693786621
-126.35000292699955,43.700000873999855,-7.035466194152832
-126.35000292699955,43.81666754299985,-9.79289722442627
-126.35000292699955,43.93333421199985,-10.794431686401367
-126.35000292699955,44.050000880999846,-10.361249923706055
-126.35000292699955,44.16666754999984,-15.516373634338379
-126.35000292699955,44.28333421899984,-9.715256690979004
-126.35000292699955,44.40000088799984,-6.30518913269043
-126.35000292699955,44.516667556999835,-15.538963317871094
-126.35000292699955,44.63333422599983,-12.466598510742188
-126.35000292699955,44.75000089499983,-9.862174034118652
-126.35000292699955,44.866667563999826,-10.825421333312988
-126.35000292699955,44.98333423299982,-10.858906745910645
-126.35000292699955,45.10000090199982,-8.919659614562988
-126.35000292699955,45.21666757099982,-12.297160148620605
-126.35000292699955,45.333334239999814,-12.98486614227295
-126.35000292699955,45.45000090899981,-11.881815910339355
-126.35000292699955,45.56666757799981,-9.212624549865723
-126.35000292699955,45.683334246999806,-8.632976531982422
-126.35000292699955,45.8000009159998,-8.864480018615723
-126.35000292699955,45.9166675849998,-10.781194686889648
-126.35000292699955,46.0333342539998,-12.805044174194336
-126.35000292699955,46.150000922999794,-16.386587142944336
-126.35000292699955,46.26666759199979,-21.890336990356445
-126.35000292699955,46.38333426099979,-24.539331436157227
-126.35000292699955,46.500000929999786,-24.036441802978516
-126.35000292699955,46.61666759899978,-24.824756622314453
-126.35000292699955,46.73333426799978,-23.474172592163086
-126.35000292699955,46.85000093699978,-24.588912963867188
-126.35000292699955,46.966667605999774,-27.92972755432129
-126.35000292699955,47.08333427499977,-28.00330352783203
-126.35000292699955,47.20000094399977,-28.487306594848633
-126.35000292699955,47.316667612999765,-28.053407669067383
-126.35000292699955,47.43333428199976,-26.698793411254883
-126.35000292699955,47.55000095099976,-30.464365005493164
-126.35000292699955,47.66666761999976,-25.498607635498047
-126.35000292699955,47.783334288999754,-18.390338897705078
-126.35000292699955,47.90000095799975,-15.016363143920898
-126.35000292699955,48.01666762699975,-9.885905265808105
-126.35000292699955,48.133334295999745,-13.655735969543457
-126.35000292699955,48.25000096499974,-23.99115753173828
-126.35000292699955,48.36666763399974,-18.402502059936523
-126.35000292699955,48.48333430299974,-10.961282730102539
-126.35000292699955,48.600000971999734,-18.515552520751953
-126.35000292699955,48.71666764099973,-18.836505889892578
-126.35000292699955,48.83333430999973,-19.54731559753418
-126.35000292699955,48.950000978999725,-31.87360191345215
-126.35000292699955,49.06666764799972,-29.116207122802734
-126.35000292699955,49.18333431699972,-23.250551223754883
-126.35000292699955,49.300000985999716,-17.540843963623047
-126.35000292699955,49.41666765499971,-6.092179298400879
-126.35000292699955,49.53333432399971,29.473276138305664
-126.35000292699955,49.65000099299971,8.836479187011719
-126.35000292699955,49.766667661999705,23.373329162597656
-126.35000292699955,49.8833343309997,63.53970718383789
-126.35000292699955,50.0000009999997,51.24429702758789
-126.35000292699955,50.116667668999696,67.44428253173828
-126.35000292699955,50.23333433799969,69.74577331542969
-126.35000292699955,50.35000100699969,86.15179443359375
-126.35000292699955,50.46666767599969,24.962141036987305
-126.35000292699955,50.583334344999685,-13.73195743560791
-126.35000292699955,50.70000101399968,12.208701133728027
-126.35000292699955,50.81666768299968,-5.679801940917969
-126.35000292699955,50.933334351999676,21.272541046142578
-126.35000292699955,51.05000102099967,62.79685974121094
-126.35000292699955,51.16666768999967,24.83146095275879
-126.35000292699955,51.28333435899967,62.243934631347656
-126.35000292699955,51.400001027999664,28.691280364990234
-126.35000292699955,51.51666769699966,36.99807357788086
-126.35000292699955,51.63333436599966,12.269887924194336
-126.35000292699955,51.750001034999656,8.748946189880371
-126.35000292699955,51.86666770399965,-47.1518440246582
-126.35000292699955,51.98333437299965,1.1595160961151123
-126.35000292699955,52.10000104199965,89.26055145263672
-126.35000292699955,52.216667710999644,-24.167070388793945
-126.35000292699955,52.33333437999964,30.3541259765625
-126.35000292699955,52.45000104899964,-13.083145141601562
-126.35000292699955,52.566667717999636,77.39520263671875
-126.35000292699955,52.68333438699963,26.28173065185547
-126.35000292699955,52.80000105599963,10.462943077087402
-126.35000292699955,52.91666772499963,3.6379663944244385
-126.35000292699955,53.033334393999624,61.71689224243164
-126.35000292699955,53.15000106299962,-4.560930252075195
-126.35000292699955,53.26666773199962,-18.68486213684082
-126.35000292699955,53.383334400999615,79.40072631835938
-126.35000292699955,53.50000106999961,70.15090942382812
-126.35000292699955,53.61666773899961,12.803962707519531
-126.35000292699955,53.73333440799961,36.30001449584961
-126.35000292699955,53.850001076999604,-17.81597137451172
-126.35000292699955,53.9666677459996,-24.670637130737305
-126.23333625799955,37.983334092999996,-17.617414474487305
-126.23333625799955,38.10000076199999,-21.83319091796875
-126.23333625799955,38.21666743099999,-24.178213119506836
-126.23333625799955,38.33333409999999,-22.797163009643555
-126.23333625799955,38.450000768999985,-26.80699348449707
-126.23333625799955,38.56666743799998,-30.30907440185547
-126.23333625799955,38.68333410699998,-25.73106575012207
-126.23333625799955,38.800000775999976,-18.495336532592773
-126.23333625799955,38.91666744499997,-23.613245010375977
-126.23333625799955,39.03333411399997,-13.004528999328613
-126.23333625799955,39.15000078299997,-3.4832797050476074
-126.23333625799955,39.266667451999965,-10.834781646728516
-126.23333625799955,39.38333412099996,-15.883212089538574
-126.23333625799955,39.50000078999996,-12.451900482177734
-126.23333625799955,39.616667458999956,-19.164342880249023
-126.23333625799955,39.73333412799995,-26.481063842773438
-126.23333625799955,39.85000079699995,-35.215816497802734
-126.23333625799955,39.96666746599995,-47.60938262939453
-126.23333625799955,40.083334134999944,-52.99631118774414
-126.23333625799955,40.20000080399994,-63.69417190551758
-126.23333625799955,40.31666747299994,-39.16625213623047
-126.23333625799955,40.433334141999936,25.645851135253906
-126.23333625799955,40.55000081099993,0.9307956695556641
-126.23333625799955,40.66666747999993,-3.9911370277404785
-126.23333625799955,40.78333414899993,-3.6894404888153076
-126.23333625799955,40.900000817999924,-10.438776016235352
-126.23333625799955,41.01666748699992,-1.9025840759277344
-126.23333625799955,41.13333415599992,-6.200750350952148
-126.23333625799955,41.250000824999915,-7.203800201416016
-126.23333625799955,41.36666749399991,-6.902292251586914
-126.23333625799955,41.48333416299991,-4.832684516906738
-126.23333625799955,41.60000083199991,-6.5926713943481445
-126.23333625799955,41.716667500999904,-15.670021057128906
-126.23333625799955,41.8333341699999,-14.057114601135254
-126.23333625799955,41.9500008389999,-18.469926834106445
-126.23333625799955,42.066667507999895,-0.783796489238739
-126.23333625799955,42.18333417699989,11.922600746154785
-126.23333625799955,42.30000084599989,8.595168113708496
-126.23333625799955,42.41666751499989,7.823853492736816
-126.23333625799955,42.533334183999884,5.699763298034668
-126.23333625799955,42.65000085299988,24.730430603027344
-126.23333625799955,42.76666752199988,27.833740234375
-126.23333625799955,42.883334190999875,12.972200393676758
-126.23333625799955,43.00000085999987,2.3736696243286133
-126.23333625799955,43.11666752899987,-21.828577041625977
-126.23333625799955,43.233334197999866,-10.632257461547852
-126.23333625799955,43.35000086699986,-3.3274755477905273
-126.23333625799955,43.46666753599986,-8.961286544799805
-126.23333625799955,43.58333420499986,-11.940650939941406
-126.23333625799955,43.700000873999855,-15.929303169250488
-126.23333625799955,43.81666754299985,-12.453697204589844
-126.23333625799955,43.93333421199985,-7.8206024169921875
-126.23333625799955,44.050000880999846,-11.438894271850586
-126.23333625799955,44.16666754999984,-15.3072509765625
-126.23333625799955,44.28333421899984,-7.521160125732422
-126.23333625799955,44.40000088799984,-11.282951354980469
-126.23333625799955,44.516667556999835,-19.838655471801758
-126.23333625799955,44.63333422599983,-15.3734130859375
-126.23333625799955,44.75000089499983,-14.97370433807373
-126.23333625799955,44.866667563999826,-14.05294132232666
-126.23333625799955,44.98333423299982,-16.134265899658203
-126.23333625799955,45.10000090199982,-15.152447700500488
-126.23333625799955,45.21666757099982,-17.08418846130371
-126.23333625799955,45.333334239999814,-14.790557861328125
-126.23333625799955,45.45000090899981,-17.54546546936035
-126.23333625799955,45.56666757799981,-14.57358169555664
-126.23333625799955,45.683334246999806,-9.486042976379395
-126.23333625799955,45.8000009159998,-16.92012596130371
-126.23333625799955,45.9166675849998,-14.253143310546875
-126.23333625799955,46.0333342539998,-14.822961807250977
-126.23333625799955,46.150000922999794,-18.940643310546875
-126.23333625799955,46.26666759199979,-24.310731887817383
-126.23333625799955,46.38333426099979,-26.33525848388672
-126.23333625799955,46.500000929999786,-29.581830978393555
-126.23333625799955,46.61666759899978,-29.478816986083984
-126.23333625799955,46.73333426799978,-26.999876022338867
-126.23333625799955,46.85000093699978,-32.873291015625
-126.23333625799955,46.966667605999774,-32.23524475097656
-126.23333625799955,47.08333427499977,-30.418563842773438
-126.23333625799955,47.20000094399977,-28.267322540283203
-126.23333625799955,47.316667612999765,-28.750057220458984
-126.23333625799955,47.43333428199976,-24.734237670898438
-126.23333625799955,47.55000095099976,-24.717933654785156
-126.23333625799955,47.66666761999976,-9.26284408569336
-126.23333625799955,47.783334288999754,-10.232356071472168
-126.23333625799955,47.90000095799975,-14.405386924743652
-126.23333625799955,48.01666762699975,-13.647928237915039
-126.23333625799955,48.133334295999745,-22.343000411987305
-126.23333625799955,48.25000096499974,-18.276573181152344
-126.23333625799955,48.36666763399974,-8.394232749938965
-126.23333625799955,48.48333430299974,0.671794593334198
-126.23333625799955,48.600000971999734,-10.905179977416992
-126.23333625799955,48.71666764099973,-8.509415626525879
-126.23333625799955,48.83333430999973,-22.914255142211914
-126.23333625799955,48.950000978999725,-31.186025619506836
-126.23333625799955,49.06666764799972,-36.67673873901367
-126.23333625799955,49.18333431699972,-2.443770408630371
-126.23333625799955,49.300000985999716,-21.168018341064453
-126.23333625799955,49.41666765499971,1.885204792022705
-126.23333625799955,49.53333432399971,43.406253814697266
-126.23333625799955,49.65000099299971,25.664520263671875
-126.23333625799955,49.766667661999705,79.29120635986328
-126.23333625799955,49.8833343309997,50.8664436340332
-126.23333625799955,50.0000009999997,80.41075134277344
-126.23333625799955,50.116667668999696,93.0095443725586
-126.23333625799955,50.23333433799969,96.60723876953125
-126.23333625799955,50.35000100699969,58.291568756103516
-126.23333625799955,50.46666767599969,-13.550056457519531
-126.23333625799955,50.583334344999685,6.519577980041504
-126.23333625799955,50.70000101399968,16.408414840698242
-126.23333625799955,50.81666768299968,-8.879680633544922
-126.23333625799955,50.933334351999676,4.460437774658203
-126.23333625799955,51.05000102099967,19.46355438232422
-126.23333625799955,51.16666768999967,15.611628532409668
-126.23333625799955,51.28333435899967,21.00071907043457
-126.23333625799955,51.400001027999664,38.590431213378906
-126.23333625799955,51.51666769699966,93.25358581542969
-126.23333625799955,51.63333436599966,-18.94658088684082
-126.23333625799955,51.750001034999656,31.941837310791016
-126.23333625799955,51.86666770399965,-36.11369323730469
-126.23333625799955,51.98333437299965,105.65414428710938
-126.23333625799955,52.10000104199965,118.95099639892578
-126.23333625799955,52.216667710999644,81.2624740600586
-126.23333625799955,52.33333437999964,98.09331512451172
-126.23333625799955,52.45000104899964,-16.156585693359375
-126.23333625799955,52.566667717999636,74.06065368652344
-126.23333625799955,52.68333438699963,31.658641815185547
-126.23333625799955,52.80000105599963,-7.011811256408691
-126.23333625799955,52.91666772499963,0.7144045829772949
-126.23333625799955,53.033334393999624,15.791377067565918
-126.23333625799955,53.15000106299962,-2.741168737411499
-126.23333625799955,53.26666773199962,-2.8134632110595703
-126.23333625799955,53.383334400999615,55.42951965332031
-126.23333625799955,53.50000106999961,34.233699798583984
-126.23333625799955,53.61666773899961,-3.717024803161621
-126.23333625799955,53.73333440799961,-5.482420921325684
-126.23333625799955,53.850001076999604,-9.031342506408691
-126.23333625799955,53.9666677459996,-27.580608367919922
-126.11666958899956,37.983334092999996,-20.446033477783203
-126.11666958899956,38.10000076199999,-22.262859344482422
-126.11666958899956,38.21666743099999,-18.192895889282227
-126.11666958899956,38.33333409999999,-18.231510162353516
-126.11666958899956,38.450000768999985,-27.555950164794922
-126.11666958899956,38.56666743799998,-28.95400047302246
-126.11666958899956,38.68333410699998,-23.312013626098633
-126.11666958899956,38.800000775999976,-20.99901580810547
-126.11666958899956,38.91666744499997,-26.541767120361328
-126.11666958899956,39.03333411399997,-22.580154418945312
-126.11666958899956,39.15000078299997,-16.823339462280273
-126.11666958899956,39.266667451999965,-20.253463745117188
-126.11666958899956,39.38333412099996,-21.51587677001953
-126.11666958899956,39.50000078999996,-19.96140480041504
-126.11666958899956,39.616667458999956,-19.76414680480957
-126.11666958899956,39.73333412799995,-22.443283081054688
-126.11666958899956,39.85000079699995,-24.502384185791016
-126.11666958899956,39.96666746599995,-33.08118438720703
-126.11666958899956,40.083334134999944,-44.68952941894531
-126.11666958899956,40.20000080399994,-59.05769729614258
-126.11666958899956,40.31666747299994,-45.0423469543457
-126.11666958899956,40.433334141999936,9.28697395324707
-126.11666958899956,40.55000081099993,-3.0618226528167725
-126.11666958899956,40.66666747999993,-2.473910331726074
-126.11666958899956,40.78333414899993,-2.501307487487793
-126.11666958899956,40.900000817999924,-9.991353034973145
-126.11666958899956,41.01666748699992,-5.925525665283203
-126.11666958899956,41.13333415599992,-7.418000221252441
-126.11666958899956,41.250000824999915,-10.722375869750977
-126.11666958899956,41.36666749399991,-13.552495002746582
-126.11666958899956,41.48333416299991,3.627840757369995
-126.11666958899956,41.60000083199991,-4.4312744140625
-126.11666958899956,41.716667500999904,-12.849993705749512
-126.11666958899956,41.8333341699999,-15.730745315551758
-126.11666958899956,41.9500008389999,-12.070971488952637
-126.11666958899956,42.066667507999895,-2.0712103843688965
-126.11666958899956,42.18333417699989,5.491964340209961
-126.11666958899956,42.30000084599989,5.686795234680176
-126.11666958899956,42.41666751499989,7.639025688171387
-126.11666958899956,42.533334183999884,17.11955451965332
-126.11666958899956,42.65000085299988,37.95291519165039
-126.11666958899956,42.76666752199988,26.9232120513916
-126.11666958899956,42.883334190999875,3.7058699131011963
-126.11666958899956,43.00000085999987,-6.4276628494262695
-126.11666958899956,43.11666752899987,-22.05138397216797
-126.11666958899956,43.233334197999866,-14.955442428588867
-126.11666958899956,43.35000086699986,-16.52150535583496
-126.11666958899956,43.46666753599986,-17.55181312561035
-126.11666958899956,43.58333420499986,-13.103788375854492
-126.11666958899956,43.700000873999855,-20.770248413085938
-126.11666958899956,43.81666754299985,-15.36400318145752
-126.11666958899956,43.93333421199985,-7.330639839172363
-126.11666958899956,44.050000880999846,-17.342056274414062
-126.11666958899956,44.16666754999984,-18.00375747680664
-126.11666958899956,44.28333421899984,-18.46414566040039
-126.11666958899956,44.40000088799984,-27.212501525878906
-126.11666958899956,44.516667556999835,-25.044090270996094
-126.11666958899956,44.63333422599983,-18.19980812072754
-126.11666958899956,44.75000089499983,-17.611631393432617
-126.11666958899956,44.866667563999826,-19.536081314086914
-126.11666958899956,44.98333423299982,-20.53549575805664
-126.11666958899956,45.10000090199982,-19.783023834228516
-126.11666958899956,45.21666757099982,-18.129377365112305
-126.11666958899956,45.333334239999814,-17.051937103271484
-126.11666958899956,45.45000090899981,-18.256839752197266
-126.11666958899956,45.56666757799981,-16.412412643432617
-126.11666958899956,45.683334246999806,-14.058101654052734
-126.11666958899956,45.8000009159998,-18.314023971557617
-126.11666958899956,45.9166675849998,-17.333913803100586
-126.11666958899956,46.0333342539998,-20.34415626525879
-126.11666958899956,46.150000922999794,-23.934925079345703
-126.11666958899956,46.26666759199979,-26.455183029174805
-126.11666958899956,46.38333426099979,-30.0412540435791
-126.11666958899956,46.500000929999786,-31.71214485168457
-126.11666958899956,46.61666759899978,-33.53343200683594
-126.11666958899956,46.73333426799978,-36.8031120300293
-126.11666958899956,46.85000093699978,-38.42367172241211
-126.11666958899956,46.966667605999774,-39.77428436279297
-126.11666958899956,47.08333427499977,-31.656444549560547
-126.11666958899956,47.20000094399977,-25.05021858215332
-126.11666958899956,47.316667612999765,-14.818138122558594
-126.11666958899956,47.43333428199976,-6.165018081665039
-126.11666958899956,47.55000095099976,-3.439063310623169
-126.11666958899956,47.66666761999976,5.915633201599121
-126.11666958899956,47.783334288999754,-11.177026748657227
-126.11666958899956,47.90000095799975,-16.856338500976562
-126.11666958899956,48.01666762699975,-21.458250045776367
-126.11666958899956,48.133334295999745,-23.241764068603516
-126.11666958899956,48.25000096499974,-20.589126586914062
-126.11666958899956,48.36666763399974,6.336751937866211
-126.11666958899956,48.48333430299974,14.349055290222168
-126.11666958899956,48.600000971999734,3.547942876815796
-126.11666958899956,48.71666764099973,-14.030475616455078
-126.11666958899956,48.83333430999973,-20.207908630371094
-126.11666958899956,48.950000978999725,-31.373170852661133
-126.11666958899956,49.06666764799972,-25.483755111694336
-126.11666958899956,49.18333431699972,-2.482659339904785
-126.11666958899956,49.300000985999716,12.148320198059082
-126.11666958899956,49.41666765499971,12.611061096191406
-126.11666958899956,49.53333432399971,68.78936767578125
-126.11666958899956,49.65000099299971,27.931575775146484
-126.11666958899956,49.766667661999705,38.55275344848633
-126.11666958899956,49.8833343309997,47.237857818603516
-126.11666958899956,50.0000009999997,63.615638732910156
-126.11666958899956,50.116667668999696,63.268882751464844
-126.11666958899956,50.23333433799969,97.51875305175781
-126.11666958899956,50.35000100699969,64.06145477294922
-126.11666958899956,50.46666767599969,3.7392876148223877
-126.11666958899956,50.583334344999685,23.1489200592041
-126.11666958899956,50.70000101399968,11.588379859924316
-126.11666958899956,50.81666768299968,25.747543334960938
-126.11666958899956,50.933334351999676,25.225265502929688
-126.11666958899956,51.05000102099967,-44.464378356933594
-126.11666958899956,51.16666768999967,-25.254531860351562
-126.11666958899956,51.28333435899967,20.5175724029541
-126.11666958899956,51.400001027999664,86.89291381835938
-126.11666958899956,51.51666769699966,144.562255859375
-126.11666958899956,51.63333436599966,20.147966384887695
-126.11666958899956,51.750001034999656,19.701128005981445
-126.11666958899956,51.86666770399965,4.214582443237305
-126.11666958899956,51.98333437299965,204.2923126220703
-126.11666958899956,52.10000104199965,90.68610382080078
-126.11666958899956,52.216667710999644,66.33244323730469
-126.11666958899956,52.33333437999964,-6.268523216247559
-126.11666958899956,52.45000104899964,16.61854362487793
-126.11666958899956,52.566667717999636,88.6974868774414
-126.11666958899956,52.68333438699963,36.81547927856445
-126.11666958899956,52.80000105599963,5.388629913330078
-126.11666958899956,52.91666772499963,-7.154818534851074
-126.11666958899956,53.033334393999624,-21.084291458129883
-126.11666958899956,53.15000106299962,20.59623146057129
-126.11666958899956,53.26666773199962,2.4714064598083496
-126.11666958899956,53.383334400999615,50.638206481933594
-126.11666958899956,53.50000106999961,20.241060256958008
-126.11666958899956,53.61666773899961,12.157759666442871
-126.11666958899956,53.73333440799961,-10.749802589416504
-126.11666958899956,53.850001076999604,2.939460515975952
-126.11666958899956,53.9666677459996,-22.196130752563477
-126.00000291999956,37.983334092999996,-24.292448043823242
-126.00000291999956,38.10000076199999,-19.46945571899414
-126.00000291999956,38.21666743099999,-20.63315773010254
-126.00000291999956,38.33333409999999,-21.8125057220459
-126.00000291999956,38.450000768999985,-29.638395309448242
-126.00000291999956,38.56666743799998,-22.9885311126709
-126.00000291999956,38.68333410699998,-24.959518432617188
-126.00000291999956,38.800000775999976,-22.753122329711914
-126.00000291999956,38.91666744499997,-25.44921875
-126.00000291999956,39.03333411399997,-25.107711791992188
-126.00000291999956,39.15000078299997,-11.34083080291748
-126.00000291999956,39.266667451999965,-9.548469543457031
-126.00000291999956,39.38333412099996,-9.63827133178711
-126.00000291999956,39.50000078999996,-15.68961238861084
-126.00000291999956,39.616667458999956,-18.67132568359375
-126.00000291999956,39.73333412799995,-19.515474319458008
-126.00000291999956,39.85000079699995,-19.171138763427734
-126.00000291999956,39.96666746599995,-32.31881332397461
-126.00000291999956,40.083334134999944,-47.800960540771484
-126.00000291999956,40.20000080399994,-62.73257827758789
-126.00000291999956,40.31666747299994,-54.40911102294922
-126.00000291999956,40.433334141999936,-2.1557540893554688
-126.00000291999956,40.55000081099993,-3.986837148666382
-126.00000291999956,40.66666747999993,-3.82486629486084
-126.00000291999956,40.78333414899993,-5.720135688781738
-126.00000291999956,40.900000817999924,-11.511603355407715
-126.00000291999956,41.01666748699992,-11.437822341918945
-126.00000291999956,41.13333415599992,-13.086379051208496
-126.00000291999956,41.250000824999915,-15.195791244506836
-126.00000291999956,41.36666749399991,-16.560596466064453
-126.00000291999956,41.48333416299991,2.058809518814087
-126.00000291999956,41.60000083199991,0.874050498008728
-126.00000291999956,41.716667500999904,-4.741772651672363
-126.00000291999956,41.8333341699999,-10.008931159973145
-126.00000291999956,41.9500008389999,-17.55253791809082
-126.00000291999956,42.066667507999895,2.6970720291137695
-126.00000291999956,42.18333417699989,7.07473087310791
-126.00000291999956,42.30000084599989,8.716506958007812
-126.00000291999956,42.41666751499989,14.661397933959961
-126.00000291999956,42.533334183999884,16.715757369995117
-126.00000291999956,42.65000085299988,31.944984436035156
-126.00000291999956,42.76666752199988,21.842178344726562
-126.00000291999956,42.883334190999875,5.370888710021973
-126.00000291999956,43.00000085999987,-13.559517860412598
-126.00000291999956,43.11666752899987,-26.569631576538086
-126.00000291999956,43.233334197999866,-20.952552795410156
-126.00000291999956,43.35000086699986,-24.410429000854492
-126.00000291999956,43.46666753599986,-25.374727249145508
-126.00000291999956,43.58333420499986,-20.271595001220703
-126.00000291999956,43.700000873999855,-30.343734741210938
-126.00000291999956,43.81666754299985,-19.986080169677734
-126.00000291999956,43.93333421199985,-16.73383140563965
-126.00000291999956,44.050000880999846,-23.10329818725586
-126.00000291999956,44.16666754999984,-22.16098403930664
-126.00000291999956,44.28333421899984,-29.197031021118164
-126.00000291999956,44.40000088799984,-29.58470916748047
-126.00000291999956,44.516667556999835,-26.983783721923828
-126.00000291999956,44.63333422599983,-25.233366012573242
-126.00000291999956,44.75000089499983,-25.07501220703125
-126.00000291999956,44.866667563999826,-25.407554626464844
-126.00000291999956,44.98333423299982,-27.158655166625977
-126.00000291999956,45.10000090199982,-25.552467346191406
-126.00000291999956,45.21666757099982,-21.51640510559082
-126.00000291999956,45.333334239999814,-20.867799758911133
-126.00000291999956,45.45000090899981,-19.294187545776367
-126.00000291999956,45.56666757799981,-23.020301818847656
-126.00000291999956,45.683334246999806,-22.65360450744629
-126.00000291999956,45.8000009159998,-21.41737174987793
-126.00000291999956,45.9166675849998,-24.473731994628906
-126.00000291999956,46.0333342539998,-26.720333099365234
-126.00000291999956,46.150000922999794,-27.169116973876953
-126.00000291999956,46.26666759199979,-33.38184356689453
-126.00000291999956,46.38333426099979,-32.692630767822266
-126.00000291999956,46.500000929999786,-35.493125915527344
-126.00000291999956,46.61666759899978,-39.77873992919922
-126.00000291999956,46.73333426799978,-37.34703826904297
-126.00000291999956,46.85000093699978,-38.84120559692383
-126.00000291999956,46.966667605999774,-35.517189025878906
-126.00000291999956,47.08333427499977,-22.896636962890625
-126.00000291999956,47.20000094399977,-12.419309616088867
-126.00000291999956,47.316667612999765,-5.093138694763184
-126.00000291999956,47.43333428199976,-4.389397621154785
-126.00000291999956,47.55000095099976,0.535784125328064
-126.00000291999956,47.66666761999976,-2.3007025718688965
-126.00000291999956,47.783334288999754,-16.964418411254883
-126.00000291999956,47.90000095799975,-24.349716186523438
-126.00000291999956,48.01666762699975,-25.811382293701172
-126.00000291999956,48.133334295999745,-28.76654815673828
-126.00000291999956,48.25000096499974,-19.084243774414062
-126.00000291999956,48.36666763399974,-10.06447982788086
-126.00000291999956,48.48333430299974,8.589856147766113
-126.00000291999956,48.600000971999734,-10.722184181213379
-126.00000291999956,48.71666764099973,-25.07195472717285
-126.00000291999956,48.83333430999973,-31.80801010131836
-126.00000291999956,48.950000978999725,-36.872779846191406
-126.00000291999956,49.06666764799972,-12.696370124816895
-126.00000291999956,49.18333431699972,-2.8933615684509277
-126.00000291999956,49.300000985999716,4.86960506439209
-126.00000291999956,49.41666765499971,40.045928955078125
-126.00000291999956,49.53333432399971,64.33011627197266
-126.00000291999956,49.65000099299971,73.1158218383789
-126.00000291999956,49.766667661999705,27.15778160095215
-126.00000291999956,49.8833343309997,83.77420806884766
-126.00000291999956,50.0000009999997,92.19100952148438
-126.00000291999956,50.116667668999696,86.39488220214844
-126.00000291999956,50.23333433799969,55.3330192565918
-126.00000291999956,50.35000100699969,55.92311477661133
-126.00000291999956,50.46666767599969,9.190006256103516
-126.00000291999956,50.583334344999685,11.120370864868164
-126.00000291999956,50.70000101399968,6.853730201721191
-126.00000291999956,50.81666768299968,5.983941078186035
-126.00000291999956,50.933334351999676,26.78597068786621
-126.00000291999956,51.05000102099967,52.78491973876953
-126.00000291999956,51.16666768999967,19.9964656829834
-126.00000291999956,51.28333435899967,80.7428970336914
-126.00000291999956,51.400001027999664,84.54815673828125
-126.00000291999956,51.51666769699966,123.0522232055664
-126.00000291999956,51.63333436599966,99.80121612548828
-126.00000291999956,51.750001034999656,84.13394927978516
-126.00000291999956,51.86666770399965,97.26472473144531
-126.00000291999956,51.98333437299965,152.747802734375
-126.00000291999956,52.10000104199965,-12.02811050415039
-126.00000291999956,52.216667710999644,-2.632066011428833
-126.00000291999956,52.33333437999964,-20.221370697021484
-126.00000291999956,52.45000104899964,64.80591583251953
-126.00000291999956,52.566667717999636,87.80960845947266
-126.00000291999956,52.68333438699963,44.20182418823242
-126.00000291999956,52.80000105599963,6.186638832092285
-126.00000291999956,52.91666772499963,1.2193018198013306
-126.00000291999956,53.033334393999624,-4.5809478759765625
-126.00000291999956,53.15000106299962,21.096843719482422
-126.00000291999956,53.26666773199962,-26.646472930908203
-126.00000291999956,53.383334400999615,28.654991149902344
-126.00000291999956,53.50000106999961,11.581945419311523
-126.00000291999956,53.61666773899961,26.124073028564453
-126.00000291999956,53.73333440799961,-0.4930631220340729
-126.00000291999956,53.850001076999604,17.65163230895996
-126.00000291999956,53.9666677459996,-11.09742259979248
-125.88333625099956,37.983334092999996,-24.447341918945312
-125.88333625099956,38.10000076199999,-20.722286224365234
-125.88333625099956,38.21666743099999,-20.65875816345215
-125.88333625099956,38.33333409999999,-18.412572860717773
-125.88333625099956,38.450000768999985,-25.20005989074707
-125.88333625099956,38.56666743799998,-20.900840759277344
-125.88333625099956,38.68333410699998,-20.893156051635742
-125.88333625099956,38.800000775999976,-25.184391021728516
-125.88333625099956,38.91666744499997,-22.95885467529297
-125.88333625099956,39.03333411399997,-16.406593322753906
-125.88333625099956,39.15000078299997,-0.5333837270736694
-125.88333625099956,39.266667451999965,-2.0532498359680176
-125.88333625099956,39.38333412099996,-3.7437896728515625
-125.88333625099956,39.50000078999996,-7.947360038757324
-125.88333625099956,39.616667458999956,-12.335919380187988
-125.88333625099956,39.73333412799995,-14.411384582519531
-125.88333625099956,39.85000079699995,-21.78384017944336
-125.88333625099956,39.96666746599995,-43.51564407348633
-125.88333625099956,40.083334134999944,-53.83060073852539
-125.88333625099956,40.20000080399994,-51.54930877685547
-125.88333625099956,40.31666747299994,-40.586952209472656
-125.88333625099956,40.433334141999936,-6.913079261779785
-125.88333625099956,40.55000081099993,-8.80493450164795
-125.88333625099956,40.66666747999993,-11.532538414001465
-125.88333625099956,40.78333414899993,-5.927053451538086
-125.88333625099956,40.900000817999924,-8.202653884887695
-125.88333625099956,41.01666748699992,-13.492754936218262
-125.88333625099956,41.13333415599992,-9.935303688049316
-125.88333625099956,41.250000824999915,-15.720812797546387
-125.88333625099956,41.36666749399991,-13.371639251708984
-125.88333625099956,41.48333416299991,-6.444350242614746
-125.88333625099956,41.60000083199991,-11.560422897338867
-125.88333625099956,41.716667500999904,-9.067549705505371
-125.88333625099956,41.8333341699999,1.1420701742172241
-125.88333625099956,41.9500008389999,-18.151758193969727
-125.88333625099956,42.066667507999895,-3.5696969032287598
-125.88333625099956,42.18333417699989,4.88284969329834
-125.88333625099956,42.30000084599989,9.889602661132812
-125.88333625099956,42.41666751499989,19.295108795166016
-125.88333625099956,42.533334183999884,19.219554901123047
-125.88333625099956,42.65000085299988,7.713208198547363
-125.88333625099956,42.76666752199988,4.340287208557129
-125.88333625099956,42.883334190999875,-10.336356163024902
-125.88333625099956,43.00000085999987,-22.066518783569336
-125.88333625099956,43.11666752899987,-29.169397354125977
-125.88333625099956,43.233334197999866,-27.449718475341797
-125.88333625099956,43.35000086699986,-33.50782012939453
-125.88333625099956,43.46666753599986,-34.68131637573242
-125.88333625099956,43.58333420499986,-26.352924346923828
-125.88333625099956,43.700000873999855,-29.532407760620117
-125.88333625099956,43.81666754299985,-29.007518768310547
-125.88333625099956,43.93333421199985,-26.49077796936035
-125.88333625099956,44.050000880999846,-27.190214157104492
-125.88333625099956,44.16666754999984,-27.74599266052246
-125.88333625099956,44.28333421899984,-30.48251724243164
-125.88333625099956,44.40000088799984,-33.83877182006836
-125.88333625099956,44.516667556999835,-32.33694076538086
-125.88333625099956,44.63333422599983,-33.74296188354492
-125.88333625099956,44.75000089499983,-36.38679885864258
-125.88333625099956,44.866667563999826,-37.825836181640625
-125.88333625099956,44.98333423299982,-34.85226821899414
-125.88333625099956,45.10000090199982,-31.440629959106445
-125.88333625099956,45.21666757099982,-31.518281936645508
-125.88333625099956,45.333334239999814,-30.06754493713379
-125.88333625099956,45.45000090899981,-24.975011825561523
-125.88333625099956,45.56666757799981,-25.7144775390625
-125.88333625099956,45.683334246999806,-23.231523513793945
-125.88333625099956,45.8000009159998,-25.168710708618164
-125.88333625099956,45.9166675849998,-25.80068016052246
-125.88333625099956,46.0333342539998,-27.500337600708008
-125.88333625099956,46.150000922999794,-31.117067337036133
-125.88333625099956,46.26666759199979,-32.28229904174805
-125.88333625099956,46.38333426099979,-34.60564422607422
-125.88333625099956,46.500000929999786,-35.93357849121094
-125.88333625099956,46.61666759899978,-36.51337432861328
-125.88333625099956,46.73333426799978,-32.29166030883789
-125.88333625099956,46.85000093699978,-22.944690704345703
-125.88333625099956,46.966667605999774,-14.905051231384277
-125.88333625099956,47.08333427499977,-4.992900848388672
-125.88333625099956,47.20000094399977,-2.284067392349243
-125.88333625099956,47.316667612999765,-4.255064010620117
-125.88333625099956,47.43333428199976,-0.7652759552001953
-125.88333625099956,47.55000095099976,6.784679412841797
-125.88333625099956,47.66666761999976,-9.03034496307373
-125.88333625099956,47.783334288999754,-20.877925872802734
-125.88333625099956,47.90000095799975,-35.76848220825195
-125.88333625099956,48.01666762699975,-32.1690673828125
-125.88333625099956,48.133334295999745,-28.546724319458008
-125.88333625099956,48.25000096499974,-17.066328048706055
-125.88333625099956,48.36666763399974,-12.140355110168457
-125.88333625099956,48.48333430299974,-13.626408576965332
-125.88333625099956,48.600000971999734,-24.54754066467285
-125.88333625099956,48.71666764099973,-36.594051361083984
-125.88333625099956,48.83333430999973,-40.34202194213867
-125.88333625099956,48.950000978999725,-31.85812759399414
-125.88333625099956,49.06666764799972,5.07890510559082
-125.88333625099956,49.18333431699972,8.365168571472168
-125.88333625099956,49.300000985999716,21.043121337890625
-125.88333625099956,49.41666765499971,82.1163558959961
-125.88333625099956,49.53333432399971,60.545108795166016
-125.88333625099956,49.65000099299971,112.84515380859375
-125.88333625099956,49.766667661999705,91.94916534423828
-125.88333625099956,49.8833343309997,120.39059448242188
-125.88333625099956,50.0000009999997,108.32909393310547
-125.88333625099956,50.116667668999696,83.89127349853516
-125.88333625099956,50.23333433799969,13.9153413772583
-125.88333625099956,50.35000100699969,33.023109436035156
-125.88333625099956,50.46666767599969,-18.28203010559082
-125.88333625099956,50.583334344999685,-1.107969880104065
-125.88333625099956,50.70000101399968,15.136737823486328
-125.88333625099956,50.81666768299968,41.87906265258789
-125.88333625099956,50.933334351999676,0.2931339740753174
-125.88333625099956,51.05000102099967,62.704341888427734
-125.88333625099956,51.16666768999967,100.20436096191406
-125.88333625099956,51.28333435899967,56.97418975830078
-125.88333625099956,51.400001027999664,-0.19163918495178223
-125.88333625099956,51.51666769699966,44.2183723449707
-125.88333625099956,51.63333436599966,96.58235931396484
-125.88333625099956,51.750001034999656,97.48190307617188
-125.88333625099956,51.86666770399965,133.53494262695312
-125.88333625099956,51.98333437299965,95.60602569580078
-125.88333625099956,52.10000104199965,26.517742156982422
-125.88333625099956,52.216667710999644,66.90444946289062
-125.88333625099956,52.33333437999964,58.73757553100586
-125.88333625099956,52.45000104899964,38.67448043823242
-125.88333625099956,52.566667717999636,51.86384582519531
-125.88333625099956,52.68333438699963,76.77059173583984
-125.88333625099956,52.80000105599963,13.978671073913574
-125.88333625099956,52.91666772499963,-18.246068954467773
-125.88333625099956,53.033334393999624,-11.152444839477539
-125.88333625099956,53.15000106299962,12.248208999633789
-125.88333625099956,53.26666773199962,-18.40353775024414
-125.88333625099956,53.383334400999615,3.6755666732788086
-125.88333625099956,53.50000106999961,6.014402389526367
-125.88333625099956,53.61666773899961,34.4019660949707
-125.88333625099956,53.73333440799961,-4.743019104003906
-125.88333625099956,53.850001076999604,13.354453086853027
-125.88333625099956,53.9666677459996,0.32897448539733887
-125.76666958199957,37.983334092999996,-25.147062301635742
-125.76666958199957,38.10000076199999,-20.077219009399414
-125.76666958199957,38.21666743099999,-16.994630813598633
-125.76666958199957,38.33333409999999,-15.27100944519043
-125.76666958199957,38.450000768999985,-22.857633590698242
-125.76666958199957,38.56666743799998,-23.83661460876465
-125.76666958199957,38.68333410699998,-21.125221252441406
-125.76666958199957,38.800000775999976,-26.113618850708008
-125.76666958199957,38.91666744499997,-24.968353271484375
-125.76666958199957,39.03333411399997,-17.020790100097656
-125.76666958199957,39.15000078299997,-2.03945255279541
-125.76666958199957,39.266667451999965,-8.309886932373047
-125.76666958199957,39.38333412099996,-9.169921875
-125.76666958199957,39.50000078999996,-9.649303436279297
-125.76666958199957,39.616667458999956,-12.644078254699707
-125.76666958199957,39.73333412799995,-14.182766914367676
-125.76666958199957,39.85000079699995,-23.66314125061035
-125.76666958199957,39.96666746599995,-38.35601043701172
-125.76666958199957,40.083334134999944,-43.07653045654297
-125.76666958199957,40.20000080399994,-42.39958572387695
-125.76666958199957,40.31666747299994,-21.218481063842773
-125.76666958199957,40.433334141999936,-2.2461676597595215
-125.76666958199957,40.55000081099993,-10.556144714355469
-125.76666958199957,40.66666747999993,-10.040849685668945
-125.76666958199957,40.78333414899993,-6.184161186218262
-125.76666958199957,40.900000817999924,-6.720057487487793
-125.76666958199957,41.01666748699992,-14.429143905639648
-125.76666958199957,41.13333415599992,-12.238165855407715
-125.76666958199957,41.250000824999915,-9.568633079528809
-125.76666958199957,41.36666749399991,-12.399454116821289
-125.76666958199957,41.48333416299991,-9.898581504821777
-125.76666958199957,41.60000083199991,-15.738919258117676
-125.76666958199957,41.716667500999904,-9.511883735656738
-125.76666958199957,41.8333341699999,2.5754377841949463
-125.76666958199957,41.9500008389999,-5.041353225708008
-125.76666958199957,42.066667507999895,-7.024168968200684
-125.76666958199957,42.18333417699989,1.6170417070388794
-125.76666958199957,42.30000084599989,3.2073800563812256
-125.76666958199957,42.41666751499989,2.87823486328125
-125.76666958199957,42.533334183999884,3.236276626586914
-125.76666958199957,42.65000085299988,-2.837810754776001
-125.76666958199957,42.76666752199988,-8.06038761138916
-125.76666958199957,42.883334190999875,-31.761428833007812
-125.76666958199957,43.00000085999987,-37.42255783081055
-125.76666958199957,43.11666752899987,-42.310508728027344
-125.76666958199957,43.233334197999866,-47.28938674926758
-125.76666958199957,43.35000086699986,-48.944305419921875
-125.76666958199957,43.46666753599986,-43.97340393066406
-125.76666958199957,43.58333420499986,-39.275089263916016
-125.76666958199957,43.700000873999855,-37.55083084106445
-125.76666958199957,43.81666754299985,-40.434532165527344
-125.76666958199957,43.93333421199985,-37.70502471923828
-125.76666958199957,44.050000880999846,-40.14990234375
-125.76666958199957,44.16666754999984,-43.18524932861328
-125.76666958199957,44.28333421899984,-39.434364318847656
-125.76666958199957,44.40000088799984,-40.87074661254883
-125.76666958199957,44.516667556999835,-44.718814849853516
-125.76666958199957,44.63333422599983,-40.18680953979492
-125.76666958199957,44.75000089499983,-43.06563949584961
-125.76666958199957,44.866667563999826,-44.27531814575195
-125.76666958199957,44.98333423299982,-38.69536590576172
-125.76666958199957,45.10000090199982,-41.40961456298828
-125.76666958199957,45.21666757099982,-41.08465576171875
-125.76666958199957,45.333334239999814,-41.81546401977539
-125.76666958199957,45.45000090899981,-33.812618255615234
-125.76666958199957,45.56666757799981,-32.188594818115234
-125.76666958199957,45.683334246999806,-30.06731414794922
-125.76666958199957,45.8000009159998,-23.97460174560547
-125.76666958199957,45.9166675849998,-24.92400550842285
-125.76666958199957,46.0333342539998,-25.832408905029297
-125.76666958199957,46.150000922999794,-33.42132568359375
-125.76666958199957,46.26666759199979,-28.942108154296875
-125.76666958199957,46.38333426099979,-31.322011947631836
-125.76666958199957,46.500000929999786,-28.674758911132812
-125.76666958199957,46.61666759899978,-24.728313446044922
-125.76666958199957,46.73333426799978,-12.261255264282227
-125.76666958199957,46.85000093699978,-11.453877449035645
-125.76666958199957,46.966667605999774,-7.949580192565918
-125.76666958199957,47.08333427499977,-2.3396074771881104
-125.76666958199957,47.20000094399977,-8.02365779876709
-125.76666958199957,47.316667612999765,-9.950202941894531
-125.76666958199957,47.43333428199976,-4.636081695556641
-125.76666958199957,47.55000095099976,-3.7083420753479004
-125.76666958199957,47.66666761999976,-11.193800926208496
-125.76666958199957,47.783334288999754,-19.954877853393555
-125.76666958199957,47.90000095799975,-30.22663116455078
-125.76666958199957,48.01666762699975,-29.872451782226562
-125.76666958199957,48.133334295999745,-19.90484046936035
-125.76666958199957,48.25000096499974,-21.105920791625977
-125.76666958199957,48.36666763399974,-23.783973693847656
-125.76666958199957,48.48333430299974,-25.618728637695312
-125.76666958199957,48.600000971999734,-30.33493423461914
-125.76666958199957,48.71666764099973,-52.64251708984375
-125.76666958199957,48.83333430999973,-42.53000259399414
-125.76666958199957,48.950000978999725,-18.501964569091797
-125.76666958199957,49.06666764799972,7.399405479431152
-125.76666958199957,49.18333431699972,22.378524780273438
-125.76666958199957,49.300000985999716,67.60472869873047
-125.76666958199957,49.41666765499971,76.60889434814453
-125.76666958199957,49.53333432399971,104.45191192626953
-125.76666958199957,49.65000099299971,134.91607666015625
-125.76666958199957,49.766667661999705,113.06147003173828
-125.76666958199957,49.8833343309997,101.24153137207031
-125.76666958199957,50.0000009999997,93.82279968261719
-125.76666958199957,50.116667668999696,32.91413879394531
-125.76666958199957,50.23333433799969,9.749818801879883
-125.76666958199957,50.35000100699969,48.13601303100586
-125.76666958199957,50.46666767599969,-9.820263862609863
-125.76666958199957,50.583334344999685,-12.015689849853516
-125.76666958199957,50.70000101399968,-15.368042945861816
-125.76666958199957,50.81666768299968,26.276634216308594
-125.76666958199957,50.933334351999676,47.338504791259766
-125.76666958199957,51.05000102099967,26.77425765991211
-125.76666958199957,51.16666768999967,83.7775650024414
-125.76666958199957,51.28333435899967,-55.57986068725586
-125.76666958199957,51.400001027999664,-39.370361328125
-125.76666958199957,51.51666769699966,52.756988525390625
-125.76666958199957,51.63333436599966,67.54873657226562
-125.76666958199957,51.750001034999656,27.87503433227539
-125.76666958199957,51.86666770399965,30.397031784057617
-125.76666958199957,51.98333437299965,51.28784942626953
-125.76666958199957,52.10000104199965,70.28515625
-125.76666958199957,52.216667710999644,-21.746206283569336
-125.76666958199957,52.33333437999964,-47.40813064575195
-125.76666958199957,52.45000104899964,38.42949295043945
-125.76666958199957,52.566667717999636,60.48155975341797
-125.76666958199957,52.68333438699963,92.42388916015625
-125.76666958199957,52.80000105599963,31.51722526550293
-125.76666958199957,52.91666772499963,-18.54840850830078
-125.76666958199957,53.033334393999624,-10.046127319335938
-125.76666958199957,53.15000106299962,3.1059374809265137
-125.76666958199957,53.26666773199962,-7.025976181030273
-125.76666958199957,53.383334400999615,2.8105618953704834
-125.76666958199957,53.50000106999961,-0.40048980712890625
-125.76666958199957,53.61666773899961,7.6348466873168945
-125.76666958199957,53.73333440799961,-0.785451352596283
-125.76666958199957,53.850001076999604,-3.016639471054077
-125.76666958199957,53.9666677459996,-1.9936825037002563
-125.65000291299957,37.983334092999996,-20.80319595336914
-125.65000291299957,38.10000076199999,-17.891569137573242
-125.65000291299957,38.21666743099999,-14.857460021972656
-125.65000291299957,38.33333409999999,-12.604085922241211
-125.65000291299957,38.450000768999985,-15.132131576538086
-125.65000291299957,38.56666743799998,-21.55474853515625
-125.65000291299957,38.68333410699998,-22.13682746887207
-125.65000291299957,38.800000775999976,-26.714418411254883
-125.65000291299957,38.91666744499997,-24.300430297851562
-125.65000291299957,39.03333411399997,-20.927274703979492
-125.65000291299957,39.15000078299997,-4.024792194366455
-125.65000291299957,39.266667451999965,-5.341619491577148
-125.65000291299957,39.38333412099996,-12.681920051574707
-125.65000291299957,39.50000078999996,-12.466249465942383
-125.65000291299957,39.616667458999956,-15.332119941711426
-125.65000291299957,39.73333412799995,-15.180975914001465
-125.65000291299957,39.85000079699995,-30.26759910583496
-125.65000291299957,39.96666746599995,-46.911651611328125
-125.65000291299957,40.083334134999944,-48.73807144165039
-125.65000291299957,40.20000080399994,-48.85170364379883
-125.65000291299957,40.31666747299994,-1.6015675067901611
-125.65000291299957,40.433334141999936,2.5656509399414062
-125.65000291299957,40.55000081099993,-15.074607849121094
-125.65000291299957,40.66666747999993,-11.202227592468262
-125.65000291299957,40.78333414899993,-12.405547142028809
-125.65000291299957,40.900000817999924,-17.87679672241211
-125.65000291299957,41.01666748699992,-19.408573150634766
-125.65000291299957,41.13333415599992,-19.583934783935547
-125.65000291299957,41.250000824999915,-16.19776153564453
-125.65000291299957,41.36666749399991,-13.187817573547363
-125.65000291299957,41.48333416299991,-15.27824592590332
-125.65000291299957,41.60000083199991,-17.954086303710938
-125.65000291299957,41.716667500999904,-9.705423355102539
-125.65000291299957,41.8333341699999,-13.736773490905762
-125.65000291299957,41.9500008389999,-11.859661102294922
-125.65000291299957,42.066667507999895,-12.322906494140625
-125.65000291299957,42.18333417699989,-10.50108528137207
-125.65000291299957,42.30000084599989,-10.652390480041504
-125.65000291299957,42.41666751499989,-17.697078704833984
-125.65000291299957,42.533334183999884,-16.18364143371582
-125.65000291299957,42.65000085299988,-9.05941104888916
-125.65000291299957,42.76666752199988,-31.67023277282715
-125.65000291299957,42.883334190999875,-45.60616683959961
-125.65000291299957,43.00000085999987,-48.14201736450195
-125.65000291299957,43.11666752899987,-55.93290710449219
-125.65000291299957,43.233334197999866,-63.53712844848633
-125.65000291299957,43.35000086699986,-63.63770294189453
-125.65000291299957,43.46666753599986,-59.99065399169922
-125.65000291299957,43.58333420499986,-54.46257400512695
-125.65000291299957,43.700000873999855,-50.06107711791992
-125.65000291299957,43.81666754299985,-50.52614974975586
-125.65000291299957,43.93333421199985,-52.69596481323242
-125.65000291299957,44.050000880999846,-54.354183197021484
-125.65000291299957,44.16666754999984,-52.97312545776367
-125.65000291299957,44.28333421899984,-52.05753707885742
-125.65000291299957,44.40000088799984,-50.47618865966797
-125.65000291299957,44.516667556999835,-54.066654205322266
-125.65000291299957,44.63333422599983,-54.59931945800781
-125.65000291299957,44.75000089499983,-56.408111572265625
-125.65000291299957,44.866667563999826,-53.4378547668457
-125.65000291299957,44.98333423299982,-50.77463150024414
-125.65000291299957,45.10000090199982,-50.8401985168457
-125.65000291299957,45.21666757099982,-46.762577056884766
-125.65000291299957,45.333334239999814,-44.40666961669922
-125.65000291299957,45.45000090899981,-43.49087905883789
-125.65000291299957,45.56666757799981,-39.170921325683594
-125.65000291299957,45.683334246999806,-32.767860412597656
-125.65000291299957,45.8000009159998,-25.8291015625
-125.65000291299957,45.9166675849998,-21.127376556396484
-125.65000291299957,46.0333342539998,-26.445236206054688
-125.65000291299957,46.150000922999794,-34.22633743286133
-125.65000291299957,46.26666759199979,-25.921003341674805
-125.65000291299957,46.38333426099979,-24.453466415405273
-125.65000291299957,46.500000929999786,-27.61921501159668
-125.65000291299957,46.61666759899978,-22.390893936157227
-125.65000291299957,46.73333426799978,-13.8386869430542
-125.65000291299957,46.85000093699978,-16.877187728881836
-125.65000291299957,46.966667605999774,-17.307144165039062
-125.65000291299957,47.08333427499977,-8.953205108642578
-125.65000291299957,47.20000094399977,-12.13115406036377
-125.65000291299957,47.316667612999765,-1.4940416812896729
-125.65000291299957,47.43333428199976,-11.946244239807129
-125.65000291299957,47.55000095099976,-14.311275482177734
-125.65000291299957,47.66666761999976,-12.227745056152344
-125.65000291299957,47.783334288999754,-19.63957405090332
-125.65000291299957,47.90000095799975,-13.128485679626465
-125.65000291299957,48.01666762699975,-10.481363296508789
-125.65000291299957,48.133334295999745,-9.51364517211914
-125.65000291299957,48.25000096499974,-23.300674438476562
-125.65000291299957,48.36666763399974,-30.867673873901367
-125.65000291299957,48.48333430299974,-35.549137115478516
-125.65000291299957,48.600000971999734,-44.364402770996094
-125.65000291299957,48.71666764099973,-55.822330474853516
-125.65000291299957,48.83333430999973,-28.484928131103516
-125.65000291299957,48.950000978999725,-9.44509506225586
-125.65000291299957,49.06666764799972,7.619909286499023
-125.65000291299957,49.18333431699972,41.69220733642578
-125.65000291299957,49.300000985999716,101.68758392333984
-125.65000291299957,49.41666765499971,80.91470336914062
-125.65000291299957,49.53333432399971,103.45087432861328
-125.65000291299957,49.65000099299971,79.1406021118164
-125.65000291299957,49.766667661999705,75.95226287841797
-125.65000291299957,49.8833343309997,36.77524948120117
-125.65000291299957,50.0000009999997,52.025569915771484
-125.65000291299957,50.116667668999696,27.926868438720703
-125.65000291299957,50.23333433799969,22.976125717163086
-125.65000291299957,50.35000100699969,11.215513229370117
-125.65000291299957,50.46666767599969,-12.576797485351562
-125.65000291299957,50.583334344999685,-13.914776802062988
-125.65000291299957,50.70000101399968,-16.715457916259766
-125.65000291299957,50.81666768299968,-50.515560150146484
-125.65000291299957,50.933334351999676,-9.547246932983398
-125.65000291299957,51.05000102099967,-32.164913177490234
-125.65000291299957,51.16666768999967,-51.39798355102539
-125.65000291299957,51.28333435899967,-88.4703598022461
-125.65000291299957,51.400001027999664,-49.52573776245117
-125.65000291299957,51.51666769699966,6.579124450683594
-125.65000291299957,51.63333436599966,-14.72536849975586
-125.65000291299957,51.750001034999656,-10.211102485656738
-125.65000291299957,51.86666770399965,26.843612670898438
-125.65000291299957,51.98333437299965,34.804351806640625
-125.65000291299957,52.10000104199965,60.629703521728516
-125.65000291299957,52.216667710999644,-37.974945068359375
-125.65000291299957,52.33333437999964,-23.72055435180664
-125.65000291299957,52.45000104899964,48.04348373413086
-125.65000291299957,52.566667717999636,38.50831604003906
-125.65000291299957,52.68333438699963,47.6309928894043
-125.65000291299957,52.80000105599963,5.148309707641602
-125.65000291299957,52.91666772499963,0.7408299446105957
-125.65000291299957,53.033334393999624,-11.719334602355957
-125.65000291299957,53.15000106299962,-25.39623260498047
-125.65000291299957,53.26666773199962,-17.74349021911621
-125.65000291299957,53.383334400999615,-0.07618531584739685
-125.65000291299957,53.50000106999961,-6.25302791595459
-125.65000291299957,53.61666773899961,-14.770036697387695
-125.65000291299957,53.73333440799961,9.078333854675293
-125.65000291299957,53.850001076999604,-12.218013763427734
-125.65000291299957,53.9666677459996,-18.766502380371094
-125.53333624399957,37.983334092999996,-18.92044448852539
-125.53333624399957,38.10000076199999,-14.787742614746094
-125.53333624399957,38.21666743099999,-14.083752632141113
-125.53333624399957,38.33333409999999,-10.970635414123535
-125.53333624399957,38.450000768999985,-11.681924819946289
-125.53333624399957,38.56666743799998,-16.979442596435547
-125.53333624399957,38.68333410699998,-17.515012741088867
-125.53333624399957,38.800000775999976,-21.413532257080078
-125.53333624399957,38.91666744499997,-19.780780792236328
-125.53333624399957,39.03333411399997,-12.920538902282715
-125.53333624399957,39.15000078299997,4.850368499755859
-125.53333624399957,39.266667451999965,-3.705902099609375
-125.53333624399957,39.38333412099996,-8.811089515686035
-125.53333624399957,39.50000078999996,-13.186081886291504
-125.53333624399957,39.616667458999956,-17.137252807617188
-125.53333624399957,39.73333412799995,-27.289274215698242
-125.53333624399957,39.85000079699995,-40.493247985839844
-125.53333624399957,39.96666746599995,-53.6311149597168
-125.53333624399957,40.083334134999944,-48.602108001708984
-125.53333624399957,40.20000080399994,-47.26823425292969
-125.53333624399957,40.31666747299994,2.6337475776672363
-125.53333624399957,40.433334141999936,-2.118832588195801
-125.53333624399957,40.55000081099993,-21.7424259185791
-125.53333624399957,40.66666747999993,-8.553709030151367
-125.53333624399957,40.78333414899993,-13.908905982971191
-125.53333624399957,40.900000817999924,-21.381399154663086
-125.53333624399957,41.01666748699992,-24.54279327392578
-125.53333624399957,41.13333415599992,-27.500131607055664
-125.53333624399957,41.250000824999915,-24.377485275268555
-125.53333624399957,41.36666749399991,-20.922574996948242
-125.53333624399957,41.48333416299991,-21.931262969970703
-125.53333624399957,41.60000083199991,-23.33376121520996
-125.53333624399957,41.716667500999904,-22.55453109741211
-125.53333624399957,41.8333341699999,-23.315624237060547
-125.53333624399957,41.9500008389999,-20.720121383666992
-125.53333624399957,42.066667507999895,-18.559499740600586
-125.53333624399957,42.18333417699989,-26.943359375
-125.53333624399957,42.30000084599989,-29.10553550720215
-125.53333624399957,42.41666751499989,-32.44687271118164
-125.53333624399957,42.533334183999884,-25.48580551147461
-125.53333624399957,42.65000085299988,-28.326448440551758
-125.53333624399957,42.76666752199988,-45.390560150146484
-125.53333624399957,42.883334190999875,-58.20490646362305
-125.53333624399957,43.00000085999987,-62.81538009643555
-125.53333624399957,43.11666752899987,-71.33460998535156
-125.53333624399957,43.233334197999866,-78.46330261230469
-125.53333624399957,43.35000086699986,-80.41761016845703
-125.53333624399957,43.46666753599986,-82.35466766357422
-125.53333624399957,43.58333420499986,-73.81327819824219
-125.53333624399957,43.700000873999855,-66.03964233398438
-125.53333624399957,43.81666754299985,-64.048583984375
-125.53333624399957,43.93333421199985,-66.53675842285156
-125.53333624399957,44.050000880999846,-68.06366729736328
-125.53333624399957,44.16666754999984,-67.44905853271484
-125.53333624399957,44.28333421899984,-66.62547302246094
-125.53333624399957,44.40000088799984,-66.18716430664062
-125.53333624399957,44.516667556999835,-64.36337280273438
-125.53333624399957,44.63333422599983,-65.2997055053711
-125.53333624399957,44.75000089499983,-62.88173294067383
-125.53333624399957,44.866667563999826,-61.414852142333984
-125.53333624399957,44.98333423299982,-59.42253875732422
-125.53333624399957,45.10000090199982,-57.96725082397461
-125.53333624399957,45.21666757099982,-51.37889862060547
-125.53333624399957,45.333334239999814,-53.46409225463867
-125.53333624399957,45.45000090899981,-48.081539154052734
-125.53333624399957,45.56666757799981,-47.62841033935547
-125.53333624399957,45.683334246999806,-43.537715911865234
-125.53333624399957,45.8000009159998,-31.81541633605957
-125.53333624399957,45.9166675849998,-23.469470977783203
-125.53333624399957,46.0333342539998,-25.26192283630371
-125.53333624399957,46.150000922999794,-30.3665828704834
-125.53333624399957,46.26666759199979,-25.59432601928711
-125.53333624399957,46.38333426099979,-25.970582962036133
-125.53333624399957,46.500000929999786,-29.179792404174805
-125.53333624399957,46.61666759899978,-19.254926681518555
-125.53333624399957,46.73333426799978,-22.18597412109375
-125.53333624399957,46.85000093699978,-17.844985961914062
-125.53333624399957,46.966667605999774,-20.809274673461914
-125.53333624399957,47.08333427499977,-19.499021530151367
-125.53333624399957,47.20000094399977,-18.246732711791992
-125.53333624399957,47.316667612999765,-16.94468879699707
-125.53333624399957,47.43333428199976,-23.198020935058594
-125.53333624399957,47.55000095099976,-15.514867782592773
-125.53333624399957,47.66666761999976,-25.80291748046875
-125.53333624399957,47.783334288999754,-31.053544998168945
-125.53333624399957,47.90000095799975,-17.64765167236328
-125.53333624399957,48.01666762699975,0.5144254565238953
-125.53333624399957,48.133334295999745,-10.193415641784668
-125.53333624399957,48.25000096499974,-26.99931526184082
-125.53333624399957,48.36666763399974,-39.1243782043457
-125.53333624399957,48.48333430299974,-46.47572708129883
-125.53333624399957,48.600000971999734,-48.11798095703125
-125.53333624399957,48.71666764099973,-46.7965087890625
-125.53333624399957,48.83333430999973,-24.09520721435547
-125.53333624399957,48.950000978999725,14.09913444519043
-125.53333624399957,49.06666764799972,32.04756164550781
-125.53333624399957,49.18333431699972,59.97723388671875
-125.53333624399957,49.300000985999716,103.572998046875
-125.53333624399957,49.41666765499971,90.56034088134766
-125.53333624399957,49.53333432399971,80.48721313476562
-125.53333624399957,49.65000099299971,35.303375244140625
-125.53333624399957,49.766667661999705,75.55670166015625
-125.53333624399957,49.8833343309997,32.860107421875
-125.53333624399957,50.0000009999997,14.810708999633789
-125.53333624399957,50.116667668999696,37.771732330322266
-125.53333624399957,50.23333433799969,32.41082000732422
-125.53333624399957,50.35000100699969,-29.424787521362305
-125.53333624399957,50.46666767599969,-11.97407341003418
-125.53333624399957,50.583334344999685,-10.036128044128418
-125.53333624399957,50.70000101399968,-22.93769073486328
-125.53333624399957,50.81666768299968,-0.05860358476638794
-125.53333624399957,50.933334351999676,-65.81703186035156
-125.53333624399957,51.05000102099967,-71.00792694091797
-125.53333624399957,51.16666768999967,-71.14173126220703
-125.53333624399957,51.28333435899967,33.788726806640625
-125.53333624399957,51.400001027999664,36.0793571472168
-125.53333624399957,51.51666769699966,-42.94258117675781
-125.53333624399957,51.63333436599966,-51.96989822387695
-125.53333624399957,51.750001034999656,-18.792505264282227
-125.53333624399957,51.86666770399965,102.69011688232422
-125.53333624399957,51.98333437299965,89.14427185058594
-125.53333624399957,52.10000104199965,69.05181121826172
-125.53333624399957,52.216667710999644,63.128116607666016
-125.53333624399957,52.33333437999964,62.75688171386719
-125.53333624399957,52.45000104899964,-15.969473838806152
-125.53333624399957,52.566667717999636,-4.900440216064453
-125.53333624399957,52.68333438699963,-20.3310604095459
-125.53333624399957,52.80000105599963,-26.569608688354492
-125.53333624399957,52.91666772499963,3.8867204189300537
-125.53333624399957,53.033334393999624,-12.96929931640625
-125.53333624399957,53.15000106299962,-27.15160369873047
-125.53333624399957,53.26666773199962,-15.953625679016113
-125.53333624399957,53.383334400999615,-9.76142692565918
-125.53333624399957,53.50000106999961,0.619001030921936
-125.53333624399957,53.61666773899961,-5.741631507873535
-125.53333624399957,53.73333440799961,-11.245904922485352
-125.53333624399957,53.850001076999604,-15.20228385925293
-125.53333624399957,53.9666677459996,-29.491941452026367
-125.41666957499957,37.983334092999996,-19.28519630432129
-125.41666957499957,38.10000076199999,-13.017389297485352
-125.41666957499957,38.21666743099999,-8.621296882629395
-125.41666957499957,38.33333409999999,-8.78238296508789
-125.41666957499957,38.450000768999985,-7.813894271850586
-125.41666957499957,38.56666743799998,-13.518680572509766
-125.41666957499957,38.68333410699998,-20.354202270507812
-125.41666957499957,38.800000775999976,-18.94359016418457
-125.41666957499957,38.91666744499997,-17.667369842529297
-125.41666957499957,39.03333411399997,-15.919577598571777
-125.41666957499957,39.15000078299997,4.550212860107422
-125.41666957499957,39.266667451999965,0.633221447467804
-125.41666957499957,39.38333412099996,-7.493976593017578
-125.41666957499957,39.50000078999996,-12.490478515625
-125.41666957499957,39.616667458999956,-16.839340209960938
-125.41666957499957,39.73333412799995,-33.82575225830078
-125.41666957499957,39.85000079699995,-46.65711212158203
-125.41666957499957,39.96666746599995,-43.03628158569336
-125.41666957499957,40.083334134999944,-32.748348236083984
-125.41666957499957,40.20000080399994,-38.6467170715332
-125.41666957499957,40.31666747299994,6.055609703063965
-125.41666957499957,40.433334141999936,-10.767633438110352
-125.41666957499957,40.55000081099993,-30.30193328857422
-125.41666957499957,40.66666747999993,-25.528724670410156
-125.41666957499957,40.78333414899993,-19.151123046875
-125.41666957499957,40.900000817999924,-32.95244598388672
-125.41666957499957,41.01666748699992,-35.4057502746582
-125.41666957499957,41.13333415599992,-37.71845245361328
-125.41666957499957,41.250000824999915,-32.668174743652344
-125.41666957499957,41.36666749399991,-32.579864501953125
-125.41666957499957,41.48333416299991,-30.792404174804688
-125.41666957499957,41.60000083199991,-32.86409378051758
-125.41666957499957,41.716667500999904,-30.782121658325195
-125.41666957499957,41.8333341699999,-31.935569763183594
-125.41666957499957,41.9500008389999,-31.560129165649414
-125.41666957499957,42.066667507999895,-39.277381896972656
-125.41666957499957,42.18333417699989,-42.79078674316406
-125.41666957499957,42.30000084599989,-52.51121139526367
-125.41666957499957,42.41666751499989,-50.154869079589844
-125.41666957499957,42.533334183999884,-47.52090072631836
-125.41666957499957,42.65000085299988,-54.183780670166016
-125.41666957499957,42.76666752199988,-64.64435577392578
-125.41666957499957,42.883334190999875,-78.75874328613281
-125.41666957499957,43.00000085999987,-86.45050048828125
-125.41666957499957,43.11666752899987,-90.67445373535156
-125.41666957499957,43.233334197999866,-93.18792724609375
-125.41666957499957,43.35000086699986,-92.55719757080078
-125.41666957499957,43.46666753599986,-92.21576690673828
-125.41666957499957,43.58333420499986,-84.61935424804688
-125.41666957499957,43.700000873999855,-75.82984924316406
-125.41666957499957,43.81666754299985,-75.07161712646484
-125.41666957499957,43.93333421199985,-83.20720672607422
-125.41666957499957,44.050000880999846,-82.50699615478516
-125.41666957499957,44.16666754999984,-82.84540557861328
-125.41666957499957,44.28333421899984,-83.03570556640625
-125.41666957499957,44.40000088799984,-79.23663330078125
-125.41666957499957,44.516667556999835,-78.24858093261719
-125.41666957499957,44.63333422599983,-77.86420440673828
-125.41666957499957,44.75000089499983,-71.13876342773438
-125.41666957499957,44.866667563999826,-67.52686309814453
-125.41666957499957,44.98333423299982,-63.851341247558594
-125.41666957499957,45.10000090199982,-52.180702209472656
-125.41666957499957,45.21666757099982,-45.624507904052734
-125.41666957499957,45.333334239999814,-51.09897994995117
-125.41666957499957,45.45000090899981,-43.098575592041016
-125.41666957499957,45.56666757799981,-45.878143310546875
-125.41666957499957,45.683334246999806,-37.30124282836914
-125.41666957499957,45.8000009159998,-24.858154296875
-125.41666957499957,45.9166675849998,-21.2191104888916
-125.41666957499957,46.0333342539998,-11.708633422851562
-125.41666957499957,46.150000922999794,-17.808107376098633
-125.41666957499957,46.26666759199979,-25.380826950073242
-125.41666957499957,46.38333426099979,-26.850187301635742
-125.41666957499957,46.500000929999786,-31.333759307861328
-125.41666957499957,46.61666759899978,-29.196176528930664
-125.41666957499957,46.73333426799978,-36.968963623046875
-125.41666957499957,46.85000093699978,-33.85693359375
-125.41666957499957,46.966667605999774,-33.79254150390625
-125.41666957499957,47.08333427499977,-33.32295608520508
-125.41666957499957,47.20000094399977,-27.925851821899414
-125.41666957499957,47.316667612999765,-30.94306182861328
-125.41666957499957,47.43333428199976,-28.45249366760254
-125.41666957499957,47.55000095099976,-4.583498954772949
-125.41666957499957,47.66666761999976,-38.30809020996094
-125.41666957499957,47.783334288999754,-35.676246643066406
-125.41666957499957,47.90000095799975,-39.80250549316406
-125.41666957499957,48.01666762699975,-23.001867294311523
-125.41666957499957,48.133334295999745,-24.0875186920166
-125.41666957499957,48.25000096499974,-32.30487823486328
-125.41666957499957,48.36666763399974,-45.74899673461914
-125.41666957499957,48.48333430299974,-55.29728698730469
-125.41666957499957,48.600000971999734,-57.255043029785156
-125.41666957499957,48.71666764099973,-24.0026798248291
-125.41666957499957,48.83333430999973,-15.584875106811523
-125.41666957499957,48.950000978999725,2.089752435684204
-125.41666957499957,49.06666764799972,40.679298400878906
-125.41666957499957,49.18333431699972,82.3841552734375
-125.41666957499957,49.300000985999716,63.42252731323242
-125.41666957499957,49.41666765499971,52.176631927490234
-125.41666957499957,49.53333432399971,118.0779800415039
-125.41666957499957,49.65000099299971,124.5941162109375
-125.41666957499957,49.766667661999705,111.73306274414062
-125.41666957499957,49.8833343309997,48.720706939697266
-125.41666957499957,50.0000009999997,19.021177291870117
-125.41666957499957,50.116667668999696,21.794509887695312
-125.41666957499957,50.23333433799969,25.87440299987793
-125.41666957499957,50.35000100699969,-15.201797485351562
-125.41666957499957,50.46666767599969,-16.125959396362305
-125.41666957499957,50.583334344999685,14.897708892822266
-125.41666957499957,50.70000101399968,-27.267704010009766
-125.41666957499957,50.81666768299968,12.368402481079102
-125.41666957499957,50.933334351999676,-2.5931484699249268
-125.41666957499957,51.05000102099967,41.9484977722168
-125.41666957499957,51.16666768999967,84.72371673583984
-125.41666957499957,51.28333435899967,53.897098541259766
-125.41666957499957,51.400001027999664,104.16720581054688
-125.41666957499957,51.51666769699966,21.28673553466797
-125.41666957499957,51.63333436599966,46.679649353027344
-125.41666957499957,51.750001034999656,0.9275505542755127
-125.41666957499957,51.86666770399965,68.91703796386719
-125.41666957499957,51.98333437299965,119.94049835205078
-125.41666957499957,52.10000104199965,46.016395568847656
-125.41666957499957,52.216667710999644,29.22592544555664
-125.41666957499957,52.33333437999964,25.960784912109375
-125.41666957499957,52.45000104899964,-14.691415786743164
-125.41666957499957,52.566667717999636,-7.537644386291504
-125.41666957499957,52.68333438699963,-15.96978759765625
-125.41666957499957,52.80000105599963,41.2378044128418
-125.41666957499957,52.91666772499963,16.736860275268555
-125.41666957499957,53.033334393999624,4.612363815307617
-125.41666957499957,53.15000106299962,-17.338809967041016
-125.41666957499957,53.26666773199962,-24.370861053466797
-125.41666957499957,53.383334400999615,-20.09318733215332
-125.41666957499957,53.50000106999961,-7.747386932373047
-125.41666957499957,53.61666773899961,2.261289119720459
-125.41666957499957,53.73333440799961,-22.313819885253906
-125.41666957499957,53.850001076999604,-11.852469444274902
-125.41666957499957,53.9666677459996,-26.456945419311523
-125.30000290599958,37.983334092999996,-20.191200256347656
-125.30000290599958,38.10000076199999,-12.19083309173584
-125.30000290599958,38.21666743099999,-7.171931266784668
-125.30000290599958,38.33333409999999,-6.897700309753418
-125.30000290599958,38.450000768999985,-6.615123748779297
-125.30000290599958,38.56666743799998,-8.183256149291992
-125.30000290599958,38.68333410699998,-13.916731834411621
-125.30000290599958,38.800000775999976,-18.333276748657227
-125.30000290599958,38.91666744499997,-12.657026290893555
-125.30000290599958,39.03333411399997,-13.812488555908203
-125.30000290599958,39.15000078299997,2.329991579055786
-125.30000290599958,39.266667451999965,5.377828598022461
-125.30000290599958,39.38333412099996,-6.31227970123291
-125.30000290599958,39.50000078999996,-16.520200729370117
-125.30000290599958,39.616667458999956,-27.39372444152832
-125.30000290599958,39.73333412799995,-43.912353515625
-125.30000290599958,39.85000079699995,-48.643497467041016
-125.30000290599958,39.96666746599995,-35.49958419799805
-125.30000290599958,40.083334134999944,-30.172889709472656
-125.30000290599958,40.20000080399994,-24.364707946777344
-125.30000290599958,40.31666747299994,11.633209228515625
-125.30000290599958,40.433334141999936,-18.062307357788086
-125.30000290599958,40.55000081099993,-38.34867858886719
-125.30000290599958,40.66666747999993,-38.64421081542969
-125.30000290599958,40.78333414899993,-36.327491760253906
-125.30000290599958,40.900000817999924,-41.81918716430664
-125.30000290599958,41.01666748699992,-43.07896041870117
-125.30000290599958,41.13333415599992,-45.51380157470703
-125.30000290599958,41.250000824999915,-47.728424072265625
-125.30000290599958,41.36666749399991,-44.183387756347656
-125.30000290599958,41.48333416299991,-44.51849365234375
-125.30000290599958,41.60000083199991,-43.28316879272461
-125.30000290599958,41.716667500999904,-45.422889709472656
-125.30000290599958,41.8333341699999,-48.5025520324707
-125.30000290599958,41.9500008389999,-49.71466827392578
-125.30000290599958,42.066667507999895,-52.008056640625
-125.30000290599958,42.18333417699989,-54.6196174621582
-125.30000290599958,42.30000084599989,-70.68461608886719
-125.30000290599958,42.41666751499989,-73.62723541259766
-125.30000290599958,42.533334183999884,-72.56218719482422
-125.30000290599958,42.65000085299988,-77.05557250976562
-125.30000290599958,42.76666752199988,-87.37617492675781
-125.30000290599958,42.883334190999875,-97.67150115966797
-125.30000290599958,43.00000085999987,-100.56076049804688
-125.30000290599958,43.11666752899987,-97.75061798095703
-125.30000290599958,43.233334197999866,-90.73013305664062
-125.30000290599958,43.35000086699986,-78.63204956054688
-125.30000290599958,43.46666753599986,-65.4059829711914
-125.30000290599958,43.58333420499986,-61.52505874633789
-125.30000290599958,43.700000873999855,-54.451629638671875
-125.30000290599958,43.81666754299985,-56.54497146606445
-125.30000290599958,43.93333421199985,-72.3622817993164
-125.30000290599958,44.050000880999846,-81.00807189941406
-125.30000290599958,44.16666754999984,-84.53971862792969
-125.30000290599958,44.28333421899984,-81.3176040649414
-125.30000290599958,44.40000088799984,-67.98107147216797
-125.30000290599958,44.516667556999835,-66.64583587646484
-125.30000290599958,44.63333422599983,-66.54668426513672
-125.30000290599958,44.75000089499983,-40.68529510498047
-125.30000290599958,44.866667563999826,-44.97027587890625
-125.30000290599958,44.98333423299982,-38.20376205444336
-125.30000290599958,45.10000090199982,-31.707801818847656
-125.30000290599958,45.21666757099982,-36.20761489868164
-125.30000290599958,45.333334239999814,-30.6335391998291
-125.30000290599958,45.45000090899981,-35.23250961303711
-125.30000290599958,45.56666757799981,-40.15624237060547
-125.30000290599958,45.683334246999806,-37.11935806274414
-125.30000290599958,45.8000009159998,-30.414602279663086
-125.30000290599958,45.9166675849998,-15.687040328979492
-125.30000290599958,46.0333342539998,-14.503341674804688
-125.30000290599958,46.150000922999794,-13.441009521484375
-125.30000290599958,46.26666759199979,-26.64673614501953
-125.30000290599958,46.38333426099979,-33.838382720947266
-125.30000290599958,46.500000929999786,-43.858131408691406
-125.30000290599958,46.61666759899978,-38.732730865478516
-125.30000290599958,46.73333426799978,-25.909900665283203
-125.30000290599958,46.85000093699978,-34.20708084106445
-125.30000290599958,46.966667605999774,-39.652984619140625
-125.30000290599958,47.08333427499977,-39.0394172668457
-125.30000290599958,47.20000094399977,-34.913719177246094
-125.30000290599958,47.316667612999765,-29.867454528808594
-125.30000290599958,47.43333428199976,-28.45960235595703
-125.30000290599958,47.55000095099976,-18.977432250976562
-125.30000290599958,47.66666761999976,-39.78422164916992
-125.30000290599958,47.783334288999754,-41.978187561035156
-125.30000290599958,47.90000095799975,-37.92780303955078
-125.30000290599958,48.01666762699975,-35.140899658203125
-125.30000290599958,48.133334295999745,-40.71779251098633
-125.30000290599958,48.25000096499974,-41.46630859375
-125.30000290599958,48.36666763399974,-49.04150390625
-125.30000290599958,48.48333430299974,-61.03398513793945
-125.30000290599958,48.600000971999734,-43.168670654296875
-125.30000290599958,48.71666764099973,-16.67999267578125
-125.30000290599958,48.83333430999973,-9.367195129394531
-125.30000290599958,48.950000978999725,49.15681076049805
-125.30000290599958,49.06666764799972,67.7042236328125
-125.30000290599958,49.18333431699972,108.20987701416016
-125.30000290599958,49.300000985999716,44.50332260131836
-125.30000290599958,49.41666765499971,60.89794158935547
-125.30000290599958,49.53333432399971,86.07098388671875
-125.30000290599958,49.65000099299971,118.93909454345703
-125.30000290599958,49.766667661999705,90.75709533691406
-125.30000290599958,49.8833343309997,8.083556175231934
-125.30000290599958,50.0000009999997,4.055140495300293
-125.30000290599958,50.116667668999696,2.6618452072143555
-125.30000290599958,50.23333433799969,-14.031937599182129
-125.30000290599958,50.35000100699969,-33.9709358215332
-125.30000290599958,50.46666767599969,-29.527681350708008
-125.30000290599958,50.583334344999685,20.2163143157959
-125.30000290599958,50.70000101399968,0.8028775453567505
-125.30000290599958,50.81666768299968,7.897223472595215
-125.30000290599958,50.933334351999676,55.038360595703125
-125.30000290599958,51.05000102099967,113.85118103027344
-125.30000290599958,51.16666768999967,151.88710021972656
-125.30000290599958,51.28333435899967,56.96028137207031
-125.30000290599958,51.400001027999664,103.88109588623047
-125.30000290599958,51.51666769699966,41.2050895690918
-125.30000290599958,51.63333436599966,80.43916320800781
-125.30000290599958,51.750001034999656,-2.3255205154418945
-125.30000290599958,51.86666770399965,6.72303581237793
-125.30000290599958,51.98333437299965,109.6871566772461
-125.30000290599958,52.10000104199965,53.34353256225586
-125.30000290599958,52.216667710999644,9.875381469726562
-125.30000290599958,52.33333437999964,10.538690567016602
-125.30000290599958,52.45000104899964,-3.816603422164917
-125.30000290599958,52.566667717999636,-24.243837356567383
-125.30000290599958,52.68333438699963,52.345298767089844
-125.30000290599958,52.80000105599963,105.54135131835938
-125.30000290599958,52.91666772499963,16.242856979370117
-125.30000290599958,53.033334393999624,6.586043357849121
-125.30000290599958,53.15000106299962,-8.230216979980469
-125.30000290599958,53.26666773199962,0.42156749963760376
-125.30000290599958,53.383334400999615,-25.355154037475586
-125.30000290599958,53.50000106999961,-20.303443908691406
-125.30000290599958,53.61666773899961,7.344972610473633
-125.30000290599958,53.73333440799961,-12.505209922790527
-125.30000290599958,53.850001076999604,-11.920124053955078
-125.30000290599958,53.9666677459996,-10.561203956604004
-125.18333623699958,37.983334092999996,-22.544336318969727
-125.18333623699958,38.10000076199999,-13.509576797485352
-125.18333623699958,38.21666743099999,-8.294550895690918
-125.18333623699958,38.33333409999999,-9.782379150390625
-125.18333623699958,38.450000768999985,-14.9503812789917
-125.18333623699958,38.56666743799998,-15.337104797363281
-125.18333623699958,38.68333410699998,-21.00714683532715
-125.18333623699958,38.800000775999976,-17.305532455444336
-125.18333623699958,38.91666744499997,-14.53600788116455
-125.18333623699958,39.03333411399997,-8.222147941589355
-125.18333623699958,39.15000078299997,2.1252593994140625
-125.18333623699958,39.266667451999965,3.6861720085144043
-125.18333623699958,39.38333412099996,-5.898639678955078
-125.18333623699958,39.50000078999996,-25.338991165161133
-125.18333623699958,39.616667458999956,-35.89934539794922
-125.18333623699958,39.73333412799995,-51.00334930419922
-125.18333623699958,39.85000079699995,-44.079654693603516
-125.18333623699958,39.96666746599995,-35.10544204711914
-125.18333623699958,40.083334134999944,-23.97804069519043
-125.18333623699958,40.20000080399994,-11.624969482421875
-125.18333623699958,40.31666747299994,15.693305969238281
-125.18333623699958,40.433334141999936,-25.16275978088379
-125.18333623699958,40.55000081099993,-49.3975944519043
-125.18333623699958,40.66666747999993,-43.13303756713867
-125.18333623699958,40.78333414899993,-44.420326232910156
-125.18333623699958,40.900000817999924,-53.934974670410156
-125.18333623699958,41.01666748699992,-54.406585693359375
-125.18333623699958,41.13333415599992,-57.16385269165039
-125.18333623699958,41.250000824999915,-58.19045639038086
-125.18333623699958,41.36666749399991,-58.103759765625
-125.18333623699958,41.48333416299991,-55.012996673583984
-125.18333623699958,41.60000083199991,-49.23784255981445
-125.18333623699958,41.716667500999904,-46.62607192993164
-125.18333623699958,41.8333341699999,-44.86176681518555
-125.18333623699958,41.9500008389999,-35.37839126586914
-125.18333623699958,42.066667507999895,-34.86071014404297
-125.18333623699958,42.18333417699989,-47.79359436035156
-125.18333623699958,42.30000084599989,-76.69737243652344
-125.18333623699958,42.41666751499989,-91.56063079833984
-125.18333623699958,42.533334183999884,-76.55766296386719
-125.18333623699958,42.65000085299988,-80.53374481201172
-125.18333623699958,42.76666752199988,-87.26010131835938
-125.18333623699958,42.883334190999875,-86.33435821533203
-125.18333623699958,43.00000085999987,-85.2848129272461
-125.18333623699958,43.11666752899987,-73.93739318847656
-125.18333623699958,43.233334197999866,-60.13182830810547
-125.18333623699958,43.35000086699986,-51.9339485168457
-125.18333623699958,43.46666753599986,-44.59842300415039
-125.18333623699958,43.58333420499986,-44.26906967163086
-125.18333623699958,43.700000873999855,-48.904727935791016
-125.18333623699958,43.81666754299985,-41.77584457397461
-125.18333623699958,43.93333421199985,-52.760284423828125
-125.18333623699958,44.050000880999846,-56.1167106628418
-125.18333623699958,44.16666754999984,-50.05899429321289
-125.18333623699958,44.28333421899984,-52.15315246582031
-125.18333623699958,44.40000088799984,-33.87549591064453
-125.18333623699958,44.516667556999835,-21.56380271911621
-125.18333623699958,44.63333422599983,-24.026140213012695
-125.18333623699958,44.75000089499983,-26.90394401550293
-125.18333623699958,44.866667563999826,-38.47733688354492
-125.18333623699958,44.98333423299982,-23.754638671875
-125.18333623699958,45.10000090199982,-37.47042465209961
-125.18333623699958,45.21666757099982,-38.12571716308594
-125.18333623699958,45.333334239999814,-27.730417251586914
-125.18333623699958,45.45000090899981,-35.24721908569336
-125.18333623699958,45.56666757799981,-17.22002601623535
-125.18333623699958,45.683334246999806,-34.9605827331543
-125.18333623699958,45.8000009159998,-34.06114196777344
-125.18333623699958,45.9166675849998,-29.137372970581055
-125.18333623699958,46.0333342539998,-28.736404418945312
-125.18333623699958,46.150000922999794,-25.801239013671875
-125.18333623699958,46.26666759199979,-31.301855087280273
-125.18333623699958,46.38333426099979,-42.206729888916016
-125.18333623699958,46.500000929999786,-51.08922576904297
-125.18333623699958,46.61666759899978,-33.61700439453125
-125.18333623699958,46.73333426799978,-15.311373710632324
-125.18333623699958,46.85000093699978,-16.160507202148438
-125.18333623699958,46.966667605999774,-29.10309410095215
-125.18333623699958,47.08333427499977,-42.754215240478516
-125.18333623699958,47.20000094399977,-36.02085876464844
-125.18333623699958,47.316667612999765,-40.31491470336914
-125.18333623699958,47.43333428199976,-17.92072296142578
-125.18333623699958,47.55000095099976,-11.910231590270996
-125.18333623699958,47.66666761999976,-31.905521392822266
-125.18333623699958,47.783334288999754,-43.07289123535156
-125.18333623699958,47.90000095799975,-31.843276977539062
-125.18333623699958,48.01666762699975,-40.226287841796875
-125.18333623699958,48.133334295999745,-51.248905181884766
-125.18333623699958,48.25000096499974,-55.95597457885742
-125.18333623699958,48.36666763399974,-66.50269317626953
-125.18333623699958,48.48333430299974,-67.35881805419922
-125.18333623699958,48.600000971999734,-25.853548049926758
-125.18333623699958,48.71666764099973,-18.60215950012207
-125.18333623699958,48.83333430999973,29.357152938842773
-125.18333623699958,48.950000978999725,19.253620147705078
-125.18333623699958,49.06666764799972,66.50431823730469
-125.18333623699958,49.18333431699972,84.74378204345703
-125.18333623699958,49.300000985999716,59.02505874633789
-125.18333623699958,49.41666765499971,60.49003982543945
-125.18333623699958,49.53333432399971,45.99087142944336
-125.18333623699958,49.65000099299971,47.084136962890625
-125.18333623699958,49.766667661999705,41.307640075683594
-125.18333623699958,49.8833343309997,-8.36622142791748
-125.18333623699958,50.0000009999997,-13.744780540466309
-125.18333623699958,50.116667668999696,-0.745797872543335
-125.18333623699958,50.23333433799969,-25.44615936279297
-125.18333623699958,50.35000100699969,-24.673198699951172
-125.18333623699958,50.46666767599969,-5.0919389724731445
-125.18333623699958,50.583334344999685,14.466819763183594
-125.18333623699958,50.70000101399968,8.148578643798828
-125.18333623699958,50.81666768299968,74.56585693359375
-125.18333623699958,50.933334351999676,93.23282623291016
-125.18333623699958,51.05000102099967,86.29283905029297
-125.18333623699958,51.16666768999967,49.76387405395508
-125.18333623699958,51.28333435899967,122.43858337402344
-125.18333623699958,51.400001027999664,107.59203338623047
-125.18333623699958,51.51666769699966,14.052480697631836
-125.18333623699958,51.63333436599966,111.6560287475586
-125.18333623699958,51.750001034999656,63.300960540771484
-125.18333623699958,51.86666770399965,33.12689971923828
-125.18333623699958,51.98333437299965,45.76923370361328
-125.18333623699958,52.10000104199965,25.521766662597656
-125.18333623699958,52.216667710999644,-2.743710517883301
-125.18333623699958,52.33333437999964,-7.222180366516113
-125.18333623699958,52.45000104899964,-14.659207344055176
-125.18333623699958,52.566667717999636,2.306966781616211
-125.18333623699958,52.68333438699963,75.46794891357422
-125.18333623699958,52.80000105599963,64.72245025634766
-125.18333623699958,52.91666772499963,10.569823265075684
-125.18333623699958,53.033334393999624,3.446941614151001
-125.18333623699958,53.15000106299962,-1.6137181520462036
-125.18333623699958,53.26666773199962,48.539546966552734
-125.18333623699958,53.383334400999615,-17.478334426879883
-125.18333623699958,53.50000106999961,-13.095620155334473
-125.18333623699958,53.61666773899961,-0.44295212626457214
-125.18333623699958,53.73333440799961,-10.166219711303711
-125.18333623699958,53.850001076999604,-6.718988418579102
-125.18333623699958,53.9666677459996,-13.369173049926758
-125.06666956799958,37.983334092999996,-23.649845123291016
-125.06666956799958,38.10000076199999,-17.1964168548584
-125.06666956799958,38.21666743099999,-15.631295204162598
-125.06666956799958,38.33333409999999,-14.537817001342773
-125.06666956799958,38.450000768999985,-19.003564834594727
-125.06666956799958,38.56666743799998,-20.95477867126465
-125.06666956799958,38.68333410699998,-22.374229431152344
-125.06666956799958,38.800000775999976,-21.034934997558594
-125.06666956799958,38.91666744499997,-20.05344009399414
-125.06666956799958,39.03333411399997,-20.17891502380371
-125.06666956799958,39.15000078299997,-4.299412727355957
-125.06666956799958,39.266667451999965,-8.703718185424805
-125.06666956799958,39.38333412099996,-12.363402366638184
-125.06666956799958,39.50000078999996,-28.89175796508789
-125.06666956799958,39.616667458999956,-40.38081741333008
-125.06666956799958,39.73333412799995,-41.54956817626953
-125.06666956799958,39.85000079699995,-29.667312622070312
-125.06666956799958,39.96666746599995,-30.124135971069336
-125.06666956799958,40.083334134999944,-17.32147979736328
-125.06666956799958,40.20000080399994,-6.707365989685059
-125.06666956799958,40.31666747299994,13.420955657958984
-125.06666956799958,40.433334141999936,-42.78685760498047
-125.06666956799958,40.55000081099993,-63.792659759521484
-125.06666956799958,40.66666747999993,-54.124629974365234
-125.06666956799958,40.78333414899993,-55.936832427978516
-125.06666956799958,40.900000817999924,-64.03046417236328
-125.06666956799958,41.01666748699992,-64.29777526855469
-125.06666956799958,41.13333415599992,-62.86009979248047
-125.06666956799958,41.250000824999915,-60.18464660644531
-125.06666956799958,41.36666749399991,-54.48839569091797
-125.06666956799958,41.48333416299991,-34.2812614440918
-125.06666956799958,41.60000083199991,-17.64781379699707
-125.06666956799958,41.716667500999904,-9.904735565185547
-125.06666956799958,41.8333341699999,-2.067335844039917
-125.06666956799958,41.9500008389999,4.469817161560059
-125.06666956799958,42.066667507999895,-12.18345832824707
-125.06666956799958,42.18333417699989,-33.80934143066406
-125.06666956799958,42.30000084599989,-52.104148864746094
-125.06666956799958,42.41666751499989,-74.9083023071289
-125.06666956799958,42.533334183999884,-44.802703857421875
-125.06666956799958,42.65000085299988,-44.91685104370117
-125.06666956799958,42.76666752199988,-52.40830612182617
-125.06666956799958,42.883334190999875,-52.936222076416016
-125.06666956799958,43.00000085999987,-57.74141311645508
-125.06666956799958,43.11666752899987,-53.99922561645508
-125.06666956799958,43.233334197999866,-49.094268798828125
-125.06666956799958,43.35000086699986,-36.9696159362793
-125.06666956799958,43.46666753599986,-36.918277740478516
-125.06666956799958,43.58333420499986,-34.64963912963867
-125.06666956799958,43.700000873999855,-43.861175537109375
-125.06666956799958,43.81666754299985,-44.20569610595703
-125.06666956799958,43.93333421199985,-28.341718673706055
-125.06666956799958,44.050000880999846,-31.918277740478516
-125.06666956799958,44.16666754999984,-23.397138595581055
-125.06666956799958,44.28333421899984,-21.637155532836914
-125.06666956799958,44.40000088799984,-21.139921188354492
-125.06666956799958,44.516667556999835,-23.78878402709961
-125.06666956799958,44.63333422599983,-16.33102798461914
-125.06666956799958,44.75000089499983,-34.98044204711914
-125.06666956799958,44.866667563999826,-40.06532669067383
-125.06666956799958,44.98333423299982,-29.23491096496582
-125.06666956799958,45.10000090199982,-40.9416618347168
-125.06666956799958,45.21666757099982,-45.28960037231445
-125.06666956799958,45.333334239999814,-47.93882369995117
-125.06666956799958,45.45000090899981,-47.655338287353516
-125.06666956799958,45.56666757799981,-44.29311752319336
-125.06666956799958,45.683334246999806,-48.21504211425781
-125.06666956799958,45.8000009159998,-38.16472244262695
-125.06666956799958,45.9166675849998,-36.38147735595703
-125.06666956799958,46.0333342539998,-30.00342559814453
-125.06666956799958,46.150000922999794,-31.74278450012207
-125.06666956799958,46.26666759199979,-37.95672607421875
-125.06666956799958,46.38333426099979,-44.15522384643555
-125.06666956799958,46.500000929999786,-46.259483337402344
-125.06666956799958,46.61666759899978,-33.407413482666016
-125.06666956799958,46.73333426799978,-29.417213439941406
-125.06666956799958,46.85000093699978,-16.419166564941406
-125.06666956799958,46.966667605999774,-26.934335708618164
-125.06666956799958,47.08333427499977,-42.6547737121582
-125.06666956799958,47.20000094399977,-36.74391555786133
-125.06666956799958,47.316667612999765,-51.18296432495117
-125.06666956799958,47.43333428199976,-48.3488883972168
-125.06666956799958,47.55000095099976,-33.09030532836914
-125.06666956799958,47.66666761999976,-29.98164939880371
-125.06666956799958,47.783334288999754,-38.80362319946289
-125.06666956799958,47.90000095799975,-41.76904296875
-125.06666956799958,48.01666762699975,-44.81354904174805
-125.06666956799958,48.133334295999745,-58.05678939819336
-125.06666956799958,48.25000096499974,-67.78900909423828
-125.06666956799958,48.36666763399974,-76.8492660522461
-125.06666956799958,48.48333430299974,-62.18452835083008
-125.06666956799958,48.600000971999734,-29.46577262878418
-125.06666956799958,48.71666764099973,16.35839080810547
-125.06666956799958,48.83333430999973,32.272891998291016
-125.06666956799958,48.950000978999725,29.85500144958496
-125.06666956799958,49.06666764799972,65.3874282836914
-125.06666956799958,49.18333431699972,55.0312614440918
-125.06666956799958,49.300000985999716,34.99440002441406
-125.06666956799958,49.41666765499971,42.82608413696289
-125.06666956799958,49.53333432399971,92.68344116210938
-125.06666956799958,49.65000099299971,18.570924758911133
-125.06666956799958,49.766667661999705,-6.551163673400879
-125.06666956799958,49.8833343309997,-43.61037063598633
-125.06666956799958,50.0000009999997,-27.12430763244629
-125.06666956799958,50.116667668999696,-26.94571304321289
-125.06666956799958,50.23333433799969,-37.78268814086914
-125.06666956799958,50.35000100699969,-54.30472183227539
-125.06666956799958,50.46666767599969,-53.767173767089844
-125.06666956799958,50.583334344999685,24.02423667907715
-125.06666956799958,50.70000101399968,68.55372619628906
-125.06666956799958,50.81666768299968,65.4240951538086
-125.06666956799958,50.933334351999676,56.368385314941406
-125.06666956799958,51.05000102099967,-20.486459732055664
-125.06666956799958,51.16666768999967,-59.97854995727539
-125.06666956799958,51.28333435899967,24.454391479492188
-125.06666956799958,51.400001027999664,3.9323031902313232
-125.06666956799958,51.51666769699966,-60.6407470703125
-125.06666956799958,51.63333436599966,33.74910354614258
-125.06666956799958,51.750001034999656,111.13860321044922
-125.06666956799958,51.86666770399965,57.396751403808594
-125.06666956799958,51.98333437299965,-21.832469940185547
-125.06666956799958,52.10000104199965,-8.43591022491455
-125.06666956799958,52.216667710999644,-5.691960334777832
-125.06666956799958,52.33333437999964,6.647249221801758
-125.06666956799958,52.45000104899964,5.325267791748047
-125.06666956799958,52.566667717999636,11.59321403503418
-125.06666956799958,52.68333438699963,38.55964279174805
-125.06666956799958,52.80000105599963,24.48233413696289
-125.06666956799958,52.91666772499963,4.182973861694336
-125.06666956799958,53.033334393999624,-1.7170950174331665
-125.06666956799958,53.15000106299962,-9.404706001281738
-125.06666956799958,53.26666773199962,47.02684783935547
-125.06666956799958,53.383334400999615,-13.143932342529297
-125.06666956799958,53.50000106999961,-16.881919860839844
-125.06666956799958,53.61666773899961,-17.029521942138672
-125.06666956799958,53.73333440799961,-6.03184700012207
-125.06666956799958,53.850001076999604,8.11076545715332
-125.06666956799958,53.9666677459996,-35.18856430053711
-124.95000289899959,37.983334092999996,-20.383480072021484
-124.95000289899959,38.10000076199999,-17.32714080810547
-124.95000289899959,38.21666743099999,-20.519712448120117
-124.95000289899959,38.33333409999999,-22.13398551940918
-124.95000289899959,38.450000768999985,-23.9686279296875
-124.95000289899959,38.56666743799998,-28.629549026489258
-124.95000289899959,38.68333410699998,-32.27241897583008
-124.95000289899959,38.800000775999976,-33.46571350097656
-124.95000289899959,38.91666744499997,-27.788925170898438
-124.95000289899959,39.03333411399997,-25.50465202331543
-124.95000289899959,39.15000078299997,-13.05578327178955
-124.95000289899959,39.266667451999965,-13.152129173278809
-124.95000289899959,39.38333412099996,-21.830528259277344
-124.95000289899959,39.50000078999996,-35.94746017456055
-124.95000289899959,39.616667458999956,-41.54099655151367
-124.95000289899959,39.73333412799995,-18.566152572631836
-124.95000289899959,39.85000079699995,-25.163665771484375
-124.95000289899959,39.96666746599995,-27.985652923583984
-124.95000289899959,40.083334134999944,-21.5780029296875
-124.95000289899959,40.20000080399994,-3.083970308303833
-124.95000289899959,40.31666747299994,6.809365272521973
-124.95000289899959,40.433334141999936,-68.15779113769531
-124.95000289899959,40.55000081099993,-77.56226348876953
-124.95000289899959,40.66666747999993,-61.57356262207031
-124.95000289899959,40.78333414899993,-64.24182891845703
-124.95000289899959,40.900000817999924,-76.77352905273438
-124.95000289899959,41.01666748699992,-62.47869110107422
-124.95000289899959,41.13333415599992,-40.49159622192383
-124.95000289899959,41.250000824999915,-28.4003849029541
-124.95000289899959,41.36666749399991,-16.706012725830078
-124.95000289899959,41.48333416299991,0.5353574752807617
-124.95000289899959,41.60000083199991,0.6031716465950012
-124.95000289899959,41.716667500999904,-2.632040500640869
-124.95000289899959,41.8333341699999,-6.272008895874023
-124.95000289899959,41.9500008389999,-5.274535179138184
-124.95000289899959,42.066667507999895,-14.656232833862305
-124.95000289899959,42.18333417699989,-27.101165771484375
-124.95000289899959,42.30000084599989,-29.62458038330078
-124.95000289899959,42.41666751499989,-51.81836700439453
-124.95000289899959,42.533334183999884,-36.381290435791016
-124.95000289899959,42.65000085299988,-25.297348022460938
-124.95000289899959,42.76666752199988,-15.870795249938965
-124.95000289899959,42.883334190999875,-15.699357986450195
-124.95000289899959,43.00000085999987,-23.130523681640625
-124.95000289899959,43.11666752899987,-32.25863265991211
-124.95000289899959,43.233334197999866,-33.47712707519531
-124.95000289899959,43.35000086699986,-27.585052490234375
-124.95000289899959,43.46666753599986,-40.9332275390625
-124.95000289899959,43.58333420499986,-37.8834342956543
-124.95000289899959,43.700000873999855,-40.2933349609375
-124.95000289899959,43.81666754299985,-22.562732696533203
-124.95000289899959,43.93333421199985,7.040463447570801
-124.95000289899959,44.050000880999846,15.206759452819824
-124.95000289899959,44.16666754999984,36.40166473388672
-124.95000289899959,44.28333421899984,6.7638654708862305
-124.95000289899959,44.40000088799984,-8.594521522521973
-124.95000289899959,44.516667556999835,-13.759875297546387
-124.95000289899959,44.63333422599983,-22.011545181274414
-124.95000289899959,44.75000089499983,-25.70171546936035
-124.95000289899959,44.866667563999826,-19.901477813720703
-124.95000289899959,44.98333423299982,-30.841976165771484
-124.95000289899959,45.10000090199982,-31.907766342163086
-124.95000289899959,45.21666757099982,-41.496910095214844
-124.95000289899959,45.333334239999814,-48.631839752197266
-124.95000289899959,45.45000090899981,-52.67674255371094
-124.95000289899959,45.56666757799981,-62.66740417480469
-124.95000289899959,45.683334246999806,-62.004173278808594
-124.95000289899959,45.8000009159998,-55.796817779541016
-124.95000289899959,45.9166675849998,-31.460725784301758
-124.95000289899959,46.0333342539998,-27.688871383666992
-124.95000289899959,46.150000922999794,-32.14384841918945
-124.95000289899959,46.26666759199979,-27.747997283935547
-124.95000289899959,46.38333426099979,-42.776084899902344
-124.95000289899959,46.500000929999786,-52.87965393066406
-124.95000289899959,46.61666759899978,-36.089866638183594
-124.95000289899959,46.73333426799978,-38.03327560424805
-124.95000289899959,46.85000093699978,-22.666563034057617
-124.95000289899959,46.966667605999774,-17.230335235595703
-124.95000289899959,47.08333427499977,-22.120346069335938
-124.95000289899959,47.20000094399977,-30.14790916442871
-124.95000289899959,47.316667612999765,-59.76942443847656
-124.95000289899959,47.43333428199976,-55.27660369873047
-124.95000289899959,47.55000095099976,-32.69499588012695
-124.95000289899959,47.66666761999976,-37.46566390991211
-124.95000289899959,47.783334288999754,-45.44730758666992
-124.95000289899959,47.90000095799975,-48.51659393310547
-124.95000289899959,48.01666762699975,-50.556640625
-124.95000289899959,48.133334295999745,-67.80602264404297
-124.95000289899959,48.25000096499974,-64.91981506347656
-124.95000289899959,48.36666763399974,-82.29400634765625
-124.95000289899959,48.48333430299974,-35.90464401245117
-124.95000289899959,48.600000971999734,-22.53000831604004
-124.95000289899959,48.71666764099973,17.145721435546875
-124.95000289899959,48.83333430999973,51.772884368896484
-124.95000289899959,48.950000978999725,43.85764694213867
-124.95000289899959,49.06666764799972,72.6044692993164
-124.95000289899959,49.18333431699972,67.45063018798828
-124.95000289899959,49.300000985999716,18.791688919067383
-124.95000289899959,49.41666765499971,89.43635559082031
-124.95000289899959,49.53333432399971,60.7349967956543
-124.95000289899959,49.65000099299971,-14.481855392456055
-124.95000289899959,49.766667661999705,-30.809520721435547
-124.95000289899959,49.8833343309997,-19.05436134338379
-124.95000289899959,50.0000009999997,-13.943120956420898
-124.95000289899959,50.116667668999696,-33.47671890258789
-124.95000289899959,50.23333433799969,-30.936298370361328
-124.95000289899959,50.35000100699969,-56.27935028076172
-124.95000289899959,50.46666767599969,-7.66817569732666
-124.95000289899959,50.583334344999685,-53.21421432495117
-124.95000289899959,50.70000101399968,-29.45917510986328
-124.95000289899959,50.81666768299968,-58.085609436035156
-124.95000289899959,50.933334351999676,-35.968910217285156
-124.95000289899959,51.05000102099967,-83.72003936767578
-124.95000289899959,51.16666768999967,-24.46664810180664
-124.95000289899959,51.28333435899967,-78.81596374511719
-124.95000289899959,51.400001027999664,-21.777982711791992
-124.95000289899959,51.51666769699966,33.58180618286133
-124.95000289899959,51.63333436599966,-31.2398624420166
-124.95000289899959,51.750001034999656,96.43292999267578
-124.95000289899959,51.86666770399965,54.92006301879883
-124.95000289899959,51.98333437299965,-20.9423770904541
-124.95000289899959,52.10000104199965,6.942025184631348
-124.95000289899959,52.216667710999644,14.816757202148438
-124.95000289899959,52.33333437999964,26.115379333496094
-124.95000289899959,52.45000104899964,7.519495010375977
-124.95000289899959,52.566667717999636,12.691977500915527
-124.95000289899959,52.68333438699963,60.38625717163086
-124.95000289899959,52.80000105599963,35.920387268066406
-124.95000289899959,52.91666772499963,-3.8645241260528564
-124.95000289899959,53.033334393999624,-1.76912522315979
-124.95000289899959,53.15000106299962,25.837600708007812
-124.95000289899959,53.26666773199962,18.886516571044922
-124.95000289899959,53.383334400999615,-28.49485969543457
-124.95000289899959,53.50000106999961,-28.269580841064453
-124.95000289899959,53.61666773899961,-21.947296142578125
-124.95000289899959,53.73333440799961,-9.777709007263184
-124.95000289899959,53.850001076999604,2.7345876693725586
-124.95000289899959,53.9666677459996,-36.12199401855469
-124.83333622999959,37.983334092999996,-27.935823440551758
-124.83333622999959,38.10000076199999,-20.232141494750977
-124.83333622999959,38.21666743099999,-24.360990524291992
-124.83333622999959,38.33333409999999,-26.31678009033203
-124.83333622999959,38.450000768999985,-27.723350524902344
-124.83333622999959,38.56666743799998,-34.11589813232422
-124.83333622999959,38.68333410699998,-35.24893569946289
-124.83333622999959,38.800000775999976,-31.03475570678711
-124.83333622999959,38.91666744499997,-34.45751953125
-124.83333622999959,39.03333411399997,-32.6651725769043
-124.83333622999959,39.15000078299997,-22.39932632446289
-124.83333622999959,39.266667451999965,-26.15093231201172
-124.83333622999959,39.38333412099996,-36.644718170166016
-124.83333622999959,39.50000078999996,-48.031097412109375
-124.83333622999959,39.616667458999956,-46.55171203613281
-124.83333622999959,39.73333412799995,-19.644655227661133
-124.83333622999959,39.85000079699995,-26.06334114074707
-124.83333622999959,39.96666746599995,-21.83878517150879
-124.83333622999959,40.083334134999944,-16.568527221679688
-124.83333622999959,40.20000080399994,-1.84869384765625
-124.83333622999959,40.31666747299994,5.7463788986206055
-124.83333622999959,40.433334141999936,-83.21666717529297
-124.83333622999959,40.55000081099993,-78.16119384765625
-124.83333622999959,40.66666747999993,-54.50967788696289
-124.83333622999959,40.78333414899993,-48.700286865234375
-124.83333622999959,40.900000817999924,-49.91682815551758
-124.83333622999959,41.01666748699992,-23.133625030517578
-124.83333622999959,41.13333415599992,-24.93100929260254
-124.83333622999959,41.250000824999915,-23.944976806640625
-124.83333622999959,41.36666749399991,-21.120376586914062
-124.83333622999959,41.48333416299991,-11.694931983947754
-124.83333622999959,41.60000083199991,-12.308061599731445
-124.83333622999959,41.716667500999904,-5.350643157958984
-124.83333622999959,41.8333341699999,-15.12873649597168
-124.83333622999959,41.9500008389999,-12.073101043701172
-124.83333622999959,42.066667507999895,-13.9600830078125
-124.83333622999959,42.18333417699989,-20.44172477722168
-124.83333622999959,42.30000084599989,-13.14370059967041
-124.83333622999959,42.41666751499989,-11.331192016601562
-124.83333622999959,42.533334183999884,-21.9339656829834
-124.83333622999959,42.65000085299988,-28.27933692932129
-124.83333622999959,42.76666752199988,-5.024545669555664
-124.83333622999959,42.883334190999875,-1.1430906057357788
-124.83333622999959,43.00000085999987,-0.06586775183677673
-124.83333622999959,43.11666752899987,-14.316557884216309
-124.83333622999959,43.233334197999866,-24.52705192565918
-124.83333622999959,43.35000086699986,-41.46190643310547
-124.83333622999959,43.46666753599986,-48.82322311401367
-124.83333622999959,43.58333420499986,-54.998046875
-124.83333622999959,43.700000873999855,-56.20669174194336
-124.83333622999959,43.81666754299985,-39.22932815551758
-124.83333622999959,43.93333421199985,-9.505252838134766
-124.83333622999959,44.050000880999846,4.305820465087891
-124.83333622999959,44.16666754999984,26.391382217407227
-124.83333622999959,44.28333421899984,13.024293899536133
-124.83333622999959,44.40000088799984,-9.509427070617676
-124.83333622999959,44.516667556999835,-15.178633689880371
-124.83333622999959,44.63333422599983,-12.308832168579102
-124.83333622999959,44.75000089499983,-26.95210838317871
-124.83333622999959,44.866667563999826,-13.681036949157715
-124.83333622999959,44.98333423299982,-30.642396926879883
-124.83333622999959,45.10000090199982,-27.01433753967285
-124.83333622999959,45.21666757099982,-36.60736083984375
-124.83333622999959,45.333334239999814,-33.75849151611328
-124.83333622999959,45.45000090899981,-47.098690032958984
-124.83333622999959,45.56666757799981,-60.47099685668945
-124.83333622999959,45.683334246999806,-47.880523681640625
-124.83333622999959,45.8000009159998,-47.357662200927734
-124.83333622999959,45.9166675849998,-35.5606689453125
-124.83333622999959,46.0333342539998,-21.898935317993164
-124.83333622999959,46.150000922999794,-45.179325103759766
-124.83333622999959,46.26666759199979,-36.83380126953125
-124.83333622999959,46.38333426099979,-52.868656158447266
-124.83333622999959,46.500000929999786,-48.85790252685547
-124.83333622999959,46.61666759899978,-29.878921508789062
-124.83333622999959,46.73333426799978,-17.390798568725586
-124.83333622999959,46.85000093699978,-12.418194770812988
-124.83333622999959,46.966667605999774,-28.002212524414062
-124.83333622999959,47.08333427499977,-25.423080444335938
-124.83333622999959,47.20000094399977,-31.04012680053711
-124.83333622999959,47.316667612999765,-44.766361236572266
-124.83333622999959,47.43333428199976,-50.53128433227539
-124.83333622999959,47.55000095099976,-35.723297119140625
-124.83333622999959,47.66666761999976,-43.119384765625
-124.83333622999959,47.783334288999754,-42.536033630371094
-124.83333622999959,47.90000095799975,-46.62836837768555
-124.83333622999959,48.01666762699975,-52.3093376159668
-124.83333622999959,48.133334295999745,-63.536434173583984
-124.83333622999959,48.25000096499974,-52.60008239746094
-124.83333622999959,48.36666763399974,-59.15578842163086
-124.83333622999959,48.48333430299974,-38.300209045410156
-124.83333622999959,48.600000971999734,-22.88762092590332
-124.83333622999959,48.71666764099973,24.790037155151367
-124.83333622999959,48.83333430999973,62.47418212890625
-124.83333622999959,48.950000978999725,68.49261474609375
-124.83333622999959,49.06666764799972,36.634620666503906
-124.83333622999959,49.18333431699972,28.401966094970703
-124.83333622999959,49.300000985999716,25.730993270874023
-124.83333622999959,49.41666765499971,77.2107925415039
-124.83333622999959,49.53333432399971,-17.010313034057617
-124.83333622999959,49.65000099299971,-23.006380081176758
-124.83333622999959,49.766667661999705,-30.062625885009766
-124.83333622999959,49.8833343309997,-20.545368194580078
-124.83333622999959,50.0000009999997,-46.43903732299805
-124.83333622999959,50.116667668999696,-39.92813491821289
-124.83333622999959,50.23333433799969,-13.222166061401367
-124.83333622999959,50.35000100699969,-8.243715286254883
-124.83333622999959,50.46666767599969,75.49188232421875
-124.83333622999959,50.583334344999685,-53.737667083740234
-124.83333622999959,50.70000101399968,-72.1945571899414
-124.83333622999959,50.81666768299968,-26.311777114868164
-124.83333622999959,50.933334351999676,-82.3341064453125
-124.83333622999959,51.05000102099967,-8.719913482666016
-124.83333622999959,51.16666768999967,22.186922073364258
-124.83333622999959,51.28333435899967,-87.66302490234375
-124.83333622999959,51.400001027999664,-8.70566463470459
-124.83333622999959,51.51666769699966,124.14796447753906
-124.83333622999959,51.63333436599966,30.2546443939209
-124.83333622999959,51.750001034999656,65.02078247070312
-124.83333622999959,51.86666770399965,46.604827880859375
-124.83333622999959,51.98333437299965,0.8559073209762573
-124.83333622999959,52.10000104199965,1.3465540409088135
-124.83333622999959,52.216667710999644,33.613521575927734
-124.83333622999959,52.33333437999964,34.43476104736328
-124.83333622999959,52.45000104899964,44.541290283203125
-124.83333622999959,52.566667717999636,56.3946647644043
-124.83333622999959,52.68333438699963,81.6524658203125
-124.83333622999959,52.80000105599963,32.87721252441406
-124.83333622999959,52.91666772499963,3.795293092727661
-124.83333622999959,53.033334393999624,-14.381694793701172
-124.83333622999959,53.15000106299962,32.698612213134766
-124.83333622999959,53.26666773199962,-13.725778579711914
-124.83333622999959,53.383334400999615,-16.279237747192383
-124.83333622999959,53.50000106999961,1.8213250637054443
-124.83333622999959,53.61666773899961,-22.49053382873535
-124.83333622999959,53.73333440799961,-30.518390655517578
-124.83333622999959,53.850001076999604,-12.872764587402344
-124.83333622999959,53.9666677459996,-27.089908599853516
-124.71666956099959,37.983334092999996,-33.865272521972656
-124.71666956099959,38.10000076199999,-30.53990936279297
-124.71666956099959,38.21666743099999,-27.400083541870117
-124.71666956099959,38.33333409999999,-30.54174041748047
-124.71666956099959,38.450000768999985,-31.04646110534668
-124.71666956099959,38.56666743799998,-32.38475799560547
-124.71666956099959,38.68333410699998,-38.91480255126953
-124.71666956099959,38.800000775999976,-40.0057487487793
-124.71666956099959,38.91666744499997,-41.879276275634766
-124.71666956099959,39.03333411399997,-42.669437408447266
-124.71666956099959,39.15000078299997,-39.74711990356445
-124.71666956099959,39.266667451999965,-46.669151306152344
-124.71666956099959,39.38333412099996,-54.519996643066406
-124.71666956099959,39.50000078999996,-46.79707717895508
-124.71666956099959,39.616667458999956,-53.06602478027344
-124.71666956099959,39.73333412799995,-31.60150146484375
-124.71666956099959,39.85000079699995,-30.180713653564453
-124.71666956099959,39.96666746599995,-15.579909324645996
-124.71666956099959,40.083334134999944,-15.25414752960205
-124.71666956099959,40.20000080399994,-8.508387565612793
-124.71666956099959,40.31666747299994,-16.165699005126953
-124.71666956099959,40.433334141999936,-78.05440521240234
-124.71666956099959,40.55000081099993,-33.83424758911133
-124.71666956099959,40.66666747999993,-26.470922470092773
-124.71666956099959,40.78333414899993,-14.674612998962402
-124.71666956099959,40.900000817999924,-10.508332252502441
-124.71666956099959,41.01666748699992,-11.36095905303955
-124.71666956099959,41.13333415599992,-38.71802520751953
-124.71666956099959,41.250000824999915,-42.48757553100586
-124.71666956099959,41.36666749399991,-43.18397521972656
-124.71666956099959,41.48333416299991,-35.042213439941406
-124.71666956099959,41.60000083199991,-37.55320739746094
-124.71666956099959,41.716667500999904,-33.21181869506836
-124.71666956099959,41.8333341699999,-31.534456253051758
-124.71666956099959,41.9500008389999,-33.82152557373047
-124.71666956099959,42.066667507999895,-33.23847579956055
-124.71666956099959,42.18333417699989,-34.63666534423828
-124.71666956099959,42.30000084599989,-32.14826965332031
-124.71666956099959,42.41666751499989,14.579080581665039
-124.71666956099959,42.533334183999884,-13.248370170593262
-124.71666956099959,42.65000085299988,-19.044301986694336
-124.71666956099959,42.76666752199988,4.343812942504883
-124.71666956099959,42.883334190999875,-1.5126373767852783
-124.71666956099959,43.00000085999987,-13.081185340881348
-124.71666956099959,43.11666752899987,-24.480443954467773
-124.71666956099959,43.233334197999866,-24.272382736206055
-124.71666956099959,43.35000086699986,-31.972139358520508
-124.71666956099959,43.46666753599986,-55.1509895324707
-124.71666956099959,43.58333420499986,-62.36613082885742
-124.71666956099959,43.700000873999855,-63.637107849121094
-124.71666956099959,43.81666754299985,-62.834171295166016
-124.71666956099959,43.93333421199985,-42.64741516113281
-124.71666956099959,44.050000880999846,-19.854482650756836
-124.71666956099959,44.16666754999984,-5.045485496520996
-124.71666956099959,44.28333421899984,2.957526206970215
-124.71666956099959,44.40000088799984,0.10417622327804565
-124.71666956099959,44.516667556999835,-29.516340255737305
-124.71666956099959,44.63333422599983,-24.31683349609375
-124.71666956099959,44.75000089499983,-28.28452491760254
-124.71666956099959,44.866667563999826,-30.900571823120117
-124.71666956099959,44.98333423299982,-28.183671951293945
-124.71666956099959,45.10000090199982,-23.071035385131836
-124.71666956099959,45.21666757099982,-35.938323974609375
-124.71666956099959,45.333334239999814,-36.80970001220703
-124.71666956099959,45.45000090899981,-39.64259719848633
-124.71666956099959,45.56666757799981,-47.59459686279297
-124.71666956099959,45.683334246999806,-41.74267578125
-124.71666956099959,45.8000009159998,-43.08750915527344
-124.71666956099959,45.9166675849998,-35.16885757446289
-124.71666956099959,46.0333342539998,-34.02885818481445
-124.71666956099959,46.150000922999794,-48.72698974609375
-124.71666956099959,46.26666759199979,-51.07536315917969
-124.71666956099959,46.38333426099979,-62.6046028137207
-124.71666956099959,46.500000929999786,-45.011409759521484
-124.71666956099959,46.61666759899978,-44.064605712890625
-124.71666956099959,46.73333426799978,-22.361412048339844
-124.71666956099959,46.85000093699978,-24.723966598510742
-124.71666956099959,46.966667605999774,-36.19331741333008
-124.71666956099959,47.08333427499977,-35.43415451049805
-124.71666956099959,47.20000094399977,-35.90896224975586
-124.71666956099959,47.316667612999765,-33.0713005065918
-124.71666956099959,47.43333428199976,-33.04264831542969
-124.71666956099959,47.55000095099976,-42.23210525512695
-124.71666956099959,47.66666761999976,-44.3731575012207
-124.71666956099959,47.783334288999754,-47.27568435668945
-124.71666956099959,47.90000095799975,-53.81330108642578
-124.71666956099959,48.01666762699975,-39.68092727661133
-124.71666956099959,48.133334295999745,-54.58147048950195
-124.71666956099959,48.25000096499974,-15.338678359985352
-124.71666956099959,48.36666763399974,0.9732657670974731
-124.71666956099959,48.48333430299974,-0.4673655033111572
-124.71666956099959,48.600000971999734,17.81620216369629
-124.71666956099959,48.71666764099973,52.39106750488281
-124.71666956099959,48.83333430999973,39.80730438232422
-124.71666956099959,48.950000978999725,77.02655029296875
-124.71666956099959,49.06666764799972,59.2820930480957
-124.71666956099959,49.18333431699972,37.62468338012695
-124.71666956099959,49.300000985999716,42.34648895263672
-124.71666956099959,49.41666765499971,17.958858489990234
-124.71666956099959,49.53333432399971,-23.179758071899414
-124.71666956099959,49.65000099299971,-37.015743255615234
-124.71666956099959,49.766667661999705,-25.994565963745117
-124.71666956099959,49.8833343309997,-34.20668029785156
-124.71666956099959,50.0000009999997,-22.760543823242188
-124.71666956099959,50.116667668999696,-42.251461029052734
-124.71666956099959,50.23333433799969,-57.69926452636719
-124.71666956099959,50.35000100699969,-40.812255859375
-124.71666956099959,50.46666767599969,-11.162819862365723
-124.71666956099959,50.583334344999685,46.71029281616211
-124.71666956099959,50.70000101399968,60.53187942504883
-124.71666956099959,50.81666768299968,81.1351318359375
-124.71666956099959,50.933334351999676,-29.95233917236328
-124.71666956099959,51.05000102099967,32.51067352294922
-124.71666956099959,51.16666768999967,8.889456748962402
-124.71666956099959,51.28333435899967,29.00909996032715
-124.71666956099959,51.400001027999664,10.576645851135254
-124.71666956099959,51.51666769699966,58.89099884033203
-124.71666956099959,51.63333436599966,52.34988021850586
-124.71666956099959,51.750001034999656,10.17547607421875
-124.71666956099959,51.86666770399965,1.9149906635284424
-124.71666956099959,51.98333437299965,21.070138931274414
-124.71666956099959,52.10000104199965,10.452805519104004
-124.71666956099959,52.216667710999644,67.16214752197266
-124.71666956099959,52.33333437999964,46.66679382324219
-124.71666956099959,52.45000104899964,61.13917541503906
-124.71666956099959,52.566667717999636,32.13097381591797
-124.71666956099959,52.68333438699963,33.962039947509766
-124.71666956099959,52.80000105599963,24.901315689086914
-124.71666956099959,52.91666772499963,10.56022834777832
-124.71666956099959,53.033334393999624,-23.646690368652344
-124.71666956099959,53.15000106299962,-11.536569595336914
-124.71666956099959,53.26666773199962,-25.339569091796875
-124.71666956099959,53.383334400999615,23.554107666015625
-124.71666956099959,53.50000106999961,26.2598876953125
-124.71666956099959,53.61666773899961,-15.415908813476562
-124.71666956099959,53.73333440799961,-35.9178581237793
-124.71666956099959,53.850001076999604,-25.60622787475586
-124.71666956099959,53.9666677459996,-27.933528900146484
-124.6000028919996,37.983334092999996,-43.86677932739258
-124.6000028919996,38.10000076199999,-35.2108039855957
-124.6000028919996,38.21666743099999,-24.121082305908203
-124.6000028919996,38.33333409999999,-28.912450790405273
-124.6000028919996,38.450000768999985,-23.06154441833496
-124.6000028919996,38.56666743799998,-37.53731155395508
-124.6000028919996,38.68333410699998,-46.26313400268555
-124.6000028919996,38.800000775999976,-53.857215881347656
-124.6000028919996,38.91666744499997,-58.821781158447266
-124.6000028919996,39.03333411399997,-58.71061706542969
-124.6000028919996,39.15000078299997,-62.05202102661133
-124.6000028919996,39.266667451999965,-62.3753776550293
-124.6000028919996,39.38333412099996,-59.10882568359375
-124.6000028919996,39.50000078999996,-45.05718231201172
-124.6000028919996,39.616667458999956,-52.994937896728516
-124.6000028919996,39.73333412799995,-39.91442108154297
-124.6000028919996,39.85000079699995,-26.196779251098633
-124.6000028919996,39.96666746599995,-19.315439224243164
-124.6000028919996,40.083334134999944,-18.14898681640625
-124.6000028919996,40.20000080399994,-7.050991058349609
-124.6000028919996,40.31666747299994,-31.65767478942871
-124.6000028919996,40.433334141999936,-32.290836334228516
-124.6000028919996,40.55000081099993,-16.226455688476562
-124.6000028919996,40.66666747999993,-22.260602951049805
-124.6000028919996,40.78333414899993,-20.76936149597168
-124.6000028919996,40.900000817999924,-11.366240501403809
-124.6000028919996,41.01666748699992,-24.737218856811523
-124.6000028919996,41.13333415599992,-57.86009216308594
-124.6000028919996,41.250000824999915,-62.46574401855469
-124.6000028919996,41.36666749399991,-58.680686950683594
-124.6000028919996,41.48333416299991,-50.992149353027344
-124.6000028919996,41.60000083199991,-46.71200180053711
-124.6000028919996,41.716667500999904,-47.46918869018555
-124.6000028919996,41.8333341699999,-49.82284164428711
-124.6000028919996,41.9500008389999,-43.8447380065918
-124.6000028919996,42.066667507999895,-34.32622528076172
-124.6000028919996,42.18333417699989,-36.65004348754883
-124.6000028919996,42.30000084599989,-27.67588996887207
-124.6000028919996,42.41666751499989,-8.434124946594238
-124.6000028919996,42.533334183999884,-17.643770217895508
-124.6000028919996,42.65000085299988,-12.753698348999023
-124.6000028919996,42.76666752199988,10.103034973144531
-124.6000028919996,42.883334190999875,7.919944763183594
-124.6000028919996,43.00000085999987,-11.315620422363281
-124.6000028919996,43.11666752899987,-18.14126968383789
-124.6000028919996,43.233334197999866,-23.384801864624023
-124.6000028919996,43.35000086699986,-27.257335662841797
-124.6000028919996,43.46666753599986,-50.9521369934082
-124.6000028919996,43.58333420499986,-63.402854919433594
-124.6000028919996,43.700000873999855,-62.06110763549805
-124.6000028919996,43.81666754299985,-64.82820892333984
-124.6000028919996,43.93333421199985,-45.60722351074219
-124.6000028919996,44.050000880999846,-29.26899528503418
-124.6000028919996,44.16666754999984,-16.370281219482422
-124.6000028919996,44.28333421899984,-16.571210861206055
-124.6000028919996,44.40000088799984,-16.11612892150879
-124.6000028919996,44.516667556999835,-29.65450668334961
-124.6000028919996,44.63333422599983,-27.491065979003906
-124.6000028919996,44.75000089499983,-30.008729934692383
-124.6000028919996,44.866667563999826,-32.40454864501953
-124.6000028919996,44.98333423299982,-39.91093444824219
-124.6000028919996,45.10000090199982,-36.74189758300781
-124.6000028919996,45.21666757099982,-41.7244987487793
-124.6000028919996,45.333334239999814,-44.62076950073242
-124.6000028919996,45.45000090899981,-50.43120193481445
-124.6000028919996,45.56666757799981,-50.116153717041016
-124.6000028919996,45.683334246999806,-39.374755859375
-124.6000028919996,45.8000009159998,-40.5205192565918
-124.6000028919996,45.9166675849998,-39.207923889160156
-124.6000028919996,46.0333342539998,-44.36140060424805
-124.6000028919996,46.150000922999794,-41.27296829223633
-124.6000028919996,46.26666759199979,-46.692665100097656
-124.6000028919996,46.38333426099979,-60.62944793701172
-124.6000028919996,46.500000929999786,-60.25105667114258
-124.6000028919996,46.61666759899978,-40.907752990722656
-124.6000028919996,46.73333426799978,-42.41338348388672
-124.6000028919996,46.85000093699978,-41.96348571777344
-124.6000028919996,46.966667605999774,-48.73208236694336
-124.6000028919996,47.08333427499977,-49.092994689941406
-124.6000028919996,47.20000094399977,-47.6036262512207
-124.6000028919996,47.316667612999765,-38.77935028076172
-124.6000028919996,47.43333428199976,-39.791786193847656
-124.6000028919996,47.55000095099976,-41.678714752197266
-124.6000028919996,47.66666761999976,-50.898406982421875
-124.6000028919996,47.783334288999754,-63.034515380859375
-124.6000028919996,47.90000095799975,-45.626609802246094
-124.6000028919996,48.01666762699975,-45.09565734863281
-124.6000028919996,48.133334295999745,-45.43861770629883
-124.6000028919996,48.25000096499974,-15.737678527832031
-124.6000028919996,48.36666763399974,-7.385943412780762
-124.6000028919996,48.48333430299974,11.747650146484375
-124.6000028919996,48.600000971999734,53.672386169433594
-124.6000028919996,48.71666764099973,76.9641342163086
-124.6000028919996,48.83333430999973,55.564483642578125
-124.6000028919996,48.950000978999725,47.23403549194336
-124.6000028919996,49.06666764799972,88.51398468017578
-124.6000028919996,49.18333431699972,120.53411102294922
-124.6000028919996,49.300000985999716,42.075286865234375
-124.6000028919996,49.41666765499971,-11.588849067687988
-124.6000028919996,49.53333432399971,-30.857999801635742
-124.6000028919996,49.65000099299971,-52.00865173339844
-124.6000028919996,49.766667661999705,-7.694890022277832
-124.6000028919996,49.8833343309997,-35.330204010009766
-124.6000028919996,50.0000009999997,8.296072959899902
-124.6000028919996,50.116667668999696,-13.478280067443848
-124.6000028919996,50.23333433799969,-10.713922500610352
-124.6000028919996,50.35000100699969,-2.147183895111084
-124.6000028919996,50.46666767599969,6.712094306945801
-124.6000028919996,50.583334344999685,55.14984893798828
-124.6000028919996,50.70000101399968,73.16028594970703
-124.6000028919996,50.81666768299968,-3.4382450580596924
-124.6000028919996,50.933334351999676,97.26720428466797
-124.6000028919996,51.05000102099967,99.76753997802734
-124.6000028919996,51.16666768999967,65.4690933227539
-124.6000028919996,51.28333435899967,116.76034545898438
-124.6000028919996,51.400001027999664,32.817161560058594
-124.6000028919996,51.51666769699966,97.75065612792969
-124.6000028919996,51.63333436599966,146.37823486328125
-124.6000028919996,51.750001034999656,68.26803588867188
-124.6000028919996,51.86666770399965,-24.1458797454834
-124.6000028919996,51.98333437299965,7.898688316345215
-124.6000028919996,52.10000104199965,0.5367324948310852
-124.6000028919996,52.216667710999644,28.15083885192871
-124.6000028919996,52.33333437999964,12.106010437011719
-124.6000028919996,52.45000104899964,19.669166564941406
-124.6000028919996,52.566667717999636,5.128377914428711
-124.6000028919996,52.68333438699963,2.84110426902771
-124.6000028919996,52.80000105599963,24.764141082763672
-124.6000028919996,52.91666772499963,19.972957611083984
-124.6000028919996,53.033334393999624,4.952547073364258
-124.6000028919996,53.15000106299962,2.0685670375823975
-124.6000028919996,53.26666773199962,9.697026252746582
-124.6000028919996,53.383334400999615,27.687946319580078
-124.6000028919996,53.50000106999961,2.3582539558410645
-124.6000028919996,53.61666773899961,6.845972061157227
-124.6000028919996,53.73333440799961,-14.966146469116211
-124.6000028919996,53.850001076999604,-29.983320236206055
-124.6000028919996,53.9666677459996,-23.989459991455078
-124.4833362229996,37.983334092999996,-39.96847915649414
-124.4833362229996,38.10000076199999,-34.33871078491211
-124.4833362229996,38.21666743099999,-26.74571418762207
-124.4833362229996,38.33333409999999,-46.27983093261719
-124.4833362229996,38.450000768999985,-42.77959060668945
-124.4833362229996,38.56666743799998,-51.51206588745117
-124.4833362229996,38.68333410699998,-55.54878234863281
-124.4833362229996,38.800000775999976,-67.12532806396484
-124.4833362229996,38.91666744499997,-69.24933624267578
-124.4833362229996,39.03333411399997,-69.55136108398438
-124.4833362229996,39.15000078299997,-69.59723663330078
-124.4833362229996,39.266667451999965,-53.9154052734375
-124.4833362229996,39.38333412099996,-41.68085861206055
-124.4833362229996,39.50000078999996,-48.11165237426758
-124.4833362229996,39.616667458999956,-43.24745178222656
-124.4833362229996,39.73333412799995,-45.81135940551758
-124.4833362229996,39.85000079699995,-35.272926330566406
-124.4833362229996,39.96666746599995,-31.17875099182129
-124.4833362229996,40.083334134999944,-22.93366241455078
-124.4833362229996,40.20000080399994,-13.87183666229248
-124.4833362229996,40.31666747299994,-29.63355827331543
-124.4833362229996,40.433334141999936,-35.44157028198242
-124.4833362229996,40.55000081099993,-29.06207847595215
-124.4833362229996,40.66666747999993,-32.60840606689453
-124.4833362229996,40.78333414899993,-22.118234634399414
-124.4833362229996,40.900000817999924,-24.99476432800293
-124.4833362229996,41.01666748699992,-40.14689254760742
-124.4833362229996,41.13333415599992,-62.1215934753418
-124.4833362229996,41.250000824999915,-59.263526916503906
-124.4833362229996,41.36666749399991,-39.1346549987793
-124.4833362229996,41.48333416299991,-29.775575637817383
-124.4833362229996,41.60000083199991,-37.88518142700195
-124.4833362229996,41.716667500999904,-39.70067596435547
-124.4833362229996,41.8333341699999,-34.85969543457031
-124.4833362229996,41.9500008389999,-34.265071868896484
-124.4833362229996,42.066667507999895,-41.93965148925781
-124.4833362229996,42.18333417699989,-45.80413818359375
-124.4833362229996,42.30000084599989,-26.27705955505371
-124.4833362229996,42.41666751499989,-8.760748863220215
-124.4833362229996,42.533334183999884,-9.171051025390625
-124.4833362229996,42.65000085299988,17.249439239501953
-124.4833362229996,42.76666752199988,1.2915773391723633
-124.4833362229996,42.883334190999875,10.524967193603516
-124.4833362229996,43.00000085999987,-6.2887115478515625
-124.4833362229996,43.11666752899987,-17.359500885009766
-124.4833362229996,43.233334197999866,-26.270376205444336
-124.4833362229996,43.35000086699986,-29.05794334411621
-124.4833362229996,43.46666753599986,-37.925453186035156
-124.4833362229996,43.58333420499986,-29.876249313354492
-124.4833362229996,43.700000873999855,-31.382869720458984
-124.4833362229996,43.81666754299985,-37.285099029541016
-124.4833362229996,43.93333421199985,-33.296539306640625
-124.4833362229996,44.050000880999846,-14.552327156066895
-124.4833362229996,44.16666754999984,-14.343960762023926
-124.4833362229996,44.28333421899984,-15.78108024597168
-124.4833362229996,44.40000088799984,-9.636299133300781
-124.4833362229996,44.516667556999835,-26.500383377075195
-124.4833362229996,44.63333422599983,-26.298046112060547
-124.4833362229996,44.75000089499983,-31.39145851135254
-124.4833362229996,44.866667563999826,-29.995901107788086
-124.4833362229996,44.98333423299982,-35.518341064453125
-124.4833362229996,45.10000090199982,-37.8615837097168
-124.4833362229996,45.21666757099982,-56.36895751953125
-124.4833362229996,45.333334239999814,-54.90326690673828
-124.4833362229996,45.45000090899981,-41.57174301147461
-124.4833362229996,45.56666757799981,-35.68998718261719
-124.4833362229996,45.683334246999806,-36.88931655883789
-124.4833362229996,45.8000009159998,-40.52806091308594
-124.4833362229996,45.9166675849998,-51.03216552734375
-124.4833362229996,46.0333342539998,-47.760528564453125
-124.4833362229996,46.150000922999794,-58.73097610473633
-124.4833362229996,46.26666759199979,-57.25663757324219
-124.4833362229996,46.38333426099979,-50.21760177612305
-124.4833362229996,46.500000929999786,-57.8610954284668
-124.4833362229996,46.61666759899978,-56.73933410644531
-124.4833362229996,46.73333426799978,-51.96255111694336
-124.4833362229996,46.85000093699978,-52.67412185668945
-124.4833362229996,46.966667605999774,-53.6246452331543
-124.4833362229996,47.08333427499977,-54.652732849121094
-124.4833362229996,47.20000094399977,-54.675052642822266
-124.4833362229996,47.316667612999765,-48.61125183105469
-124.4833362229996,47.43333428199976,-45.95008850097656
-124.4833362229996,47.55000095099976,-49.294151306152344
-124.4833362229996,47.66666761999976,-47.485870361328125
-124.4833362229996,47.783334288999754,-50.93976974487305
-124.4833362229996,47.90000095799975,-55.16433334350586
-124.4833362229996,48.01666762699975,-50.82234573364258
-124.4833362229996,48.133334295999745,-45.12883758544922
-124.4833362229996,48.25000096499974,4.246278762817383
-124.4833362229996,48.36666763399974,-17.774539947509766
-124.4833362229996,48.48333430299974,11.981752395629883
-124.4833362229996,48.600000971999734,67.1851577758789
-124.4833362229996,48.71666764099973,78.66451263427734
-124.4833362229996,48.83333430999973,79.05736541748047
-124.4833362229996,48.950000978999725,53.01783752441406
-124.4833362229996,49.06666764799972,80.96446228027344
-124.4833362229996,49.18333431699972,100.82881164550781
-124.4833362229996,49.300000985999716,-1.057207703590393
-124.4833362229996,49.41666765499971,-9.055888175964355
-124.4833362229996,49.53333432399971,-21.528236389160156
-124.4833362229996,49.65000099299971,0.19909155368804932
-124.4833362229996,49.766667661999705,-25.49456787109375
-124.4833362229996,49.8833343309997,-14.91578483581543
-124.4833362229996,50.0000009999997,-15.846110343933105
-124.4833362229996,50.116667668999696,9.236505508422852
-124.4833362229996,50.23333433799969,46.818084716796875
-124.4833362229996,50.35000100699969,-1.575457215309143
-124.4833362229996,50.46666767599969,-20.331775665283203
-124.4833362229996,50.583334344999685,19.67926788330078
-124.4833362229996,50.70000101399968,132.74649047851562
-124.4833362229996,50.81666768299968,-25.866981506347656
-124.4833362229996,50.933334351999676,72.3186264038086
-124.4833362229996,51.05000102099967,102.38442993164062
-124.4833362229996,51.16666768999967,88.79042053222656
-124.4833362229996,51.28333435899967,47.781551361083984
-124.4833362229996,51.400001027999664,-42.82945251464844
-124.4833362229996,51.51666769699966,22.66433334350586
-124.4833362229996,51.63333436599966,96.04086303710938
-124.4833362229996,51.750001034999656,33.091678619384766
-124.4833362229996,51.86666770399965,-15.719128608703613
-124.4833362229996,51.98333437299965,-21.223581314086914
-124.4833362229996,52.10000104199965,-15.535018920898438
-124.4833362229996,52.216667710999644,-10.728202819824219
-124.4833362229996,52.33333437999964,-0.7369368076324463
-124.4833362229996,52.45000104899964,-4.491990089416504
-124.4833362229996,52.566667717999636,7.301609992980957
-124.4833362229996,52.68333438699963,-10.839695930480957
-124.4833362229996,52.80000105599963,15.268802642822266
-124.4833362229996,52.91666772499963,33.217918395996094
-124.4833362229996,53.033334393999624,6.923206329345703
-124.4833362229996,53.15000106299962,14.190247535705566
-124.4833362229996,53.26666773199962,28.354106903076172
-124.4833362229996,53.383334400999615,11.885055541992188
-124.4833362229996,53.50000106999961,-9.160055160522461
-124.4833362229996,53.61666773899961,11.940998077392578
-124.4833362229996,53.73333440799961,0.8182975053787231
-124.4833362229996,53.850001076999604,-25.49555778503418
-124.4833362229996,53.9666677459996,-19.773853302001953
-124.3666695539996,37.983334092999996,-40.91886520385742
-124.3666695539996,38.10000076199999,-39.95654296875
-124.3666695539996,38.21666743099999,-48.81365203857422
-124.3666695539996,38.33333409999999,-66.13909149169922
-124.3666695539996,38.450000768999985,-62.64899826049805
-124.3666695539996,38.56666743799998,-66.27507781982422
-124.3666695539996,38.68333410699998,-72.64278411865234
-124.3666695539996,38.800000775999976,-78.30704498291016
-124.3666695539996,38.91666744499997,-76.42315673828125
-124.3666695539996,39.03333411399997,-74.38290405273438
-124.3666695539996,39.15000078299997,-61.562255859375
-124.3666695539996,39.266667451999965,-35.78763198852539
-124.3666695539996,39.38333412099996,-32.48579788208008
-124.3666695539996,39.50000078999996,-49.8390998840332
-124.3666695539996,39.616667458999956,-45.18202209472656
-124.3666695539996,39.73333412799995,-54.3626823425293
-124.3666695539996,39.85000079699995,-35.43901824951172
-124.3666695539996,39.96666746599995,-28.191791534423828
-124.3666695539996,40.083334134999944,-20.704998016357422
-124.3666695539996,40.20000080399994,9.503434181213379
-124.3666695539996,40.31666747299994,7.135348320007324
-124.3666695539996,40.433334141999936,15.062077522277832
-124.3666695539996,40.55000081099993,-14.886576652526855
-124.3666695539996,40.66666747999993,-33.62967300415039
-124.3666695539996,40.78333414899993,-15.292389869689941
-124.3666695539996,40.900000817999924,-24.511497497558594
-124.3666695539996,41.01666748699992,-35.153438568115234
-124.3666695539996,41.13333415599992,-47.77055358886719
-124.3666695539996,41.250000824999915,-35.24225997924805
-124.3666695539996,41.36666749399991,-31.08786392211914
-124.3666695539996,41.48333416299991,-29.845399856567383
-124.3666695539996,41.60000083199991,-27.299440383911133
-124.3666695539996,41.716667500999904,-27.857515335083008
-124.3666695539996,41.8333341699999,-25.15189552307129
-124.3666695539996,41.9500008389999,-38.55887985229492
-124.3666695539996,42.066667507999895,-27.51908302307129
-124.3666695539996,42.18333417699989,-0.9229824542999268
-124.3666695539996,42.30000084599989,-4.100803375244141
-124.3666695539996,42.41666751499989,6.826672554016113
-124.3666695539996,42.533334183999884,-10.161652565002441
-124.3666695539996,42.65000085299988,11.221970558166504
-124.3666695539996,42.76666752199988,25.523914337158203
-124.3666695539996,42.883334190999875,36.42198181152344
-124.3666695539996,43.00000085999987,14.227951049804688
-124.3666695539996,43.11666752899987,3.345391035079956
-124.3666695539996,43.233334197999866,-4.700742721557617
-124.3666695539996,43.35000086699986,-11.387496948242188
-124.3666695539996,43.46666753599986,-12.725266456604004
-124.3666695539996,43.58333420499986,-3.1118128299713135
-124.3666695539996,43.700000873999855,-19.240224838256836
-124.3666695539996,43.81666754299985,-28.92998504638672
-124.3666695539996,43.93333421199985,-26.302574157714844
-124.3666695539996,44.050000880999846,-12.260982513427734
-124.3666695539996,44.16666754999984,-16.721261978149414
-124.3666695539996,44.28333421899984,-1.9384307861328125
-124.3666695539996,44.40000088799984,-0.28559792041778564
-124.3666695539996,44.516667556999835,-32.193180084228516
-124.3666695539996,44.63333422599983,-51.72039031982422
-124.3666695539996,44.75000089499983,-49.5825080871582
-124.3666695539996,44.866667563999826,-37.29090118408203
-124.3666695539996,44.98333423299982,-39.629512786865234
-124.3666695539996,45.10000090199982,-48.43880844116211
-124.3666695539996,45.21666757099982,-59.26229476928711
-124.3666695539996,45.333334239999814,-44.83045959472656
-124.3666695539996,45.45000090899981,-32.1048469543457
-124.3666695539996,45.56666757799981,-36.95609664916992
-124.3666695539996,45.683334246999806,-28.799083709716797
-124.3666695539996,45.8000009159998,-32.4626350402832
-124.3666695539996,45.9166675849998,-43.13969039916992
-124.3666695539996,46.0333342539998,-55.179595947265625
-124.3666695539996,46.150000922999794,-63.70323944091797
-124.3666695539996,46.26666759199979,-55.27362823486328
-124.3666695539996,46.38333426099979,-59.511985778808594
-124.3666695539996,46.500000929999786,-62.27334976196289
-124.3666695539996,46.61666759899978,-63.6887321472168
-124.3666695539996,46.73333426799978,-58.382041931152344
-124.3666695539996,46.85000093699978,-58.6789665222168
-124.3666695539996,46.966667605999774,-64.83032989501953
-124.3666695539996,47.08333427499977,-65.85340881347656
-124.3666695539996,47.20000094399977,-66.27743530273438
-124.3666695539996,47.316667612999765,-57.924774169921875
-124.3666695539996,47.43333428199976,-27.874711990356445
-124.3666695539996,47.55000095099976,-37.698760986328125
-124.3666695539996,47.66666761999976,-37.47492218017578
-124.3666695539996,47.783334288999754,-47.391944885253906
-124.3666695539996,47.90000095799975,-48.29742431640625
-124.3666695539996,48.01666762699975,-43.1148567199707
-124.3666695539996,48.133334295999745,-17.754899978637695
-124.3666695539996,48.25000096499974,-5.798463821411133
-124.3666695539996,48.36666763399974,-19.656993865966797
-124.3666695539996,48.48333430299974,33.22367858886719
-124.3666695539996,48.600000971999734,60.806617736816406
-124.3666695539996,48.71666764099973,95.09436798095703
-124.3666695539996,48.83333430999973,71.48719787597656
-124.3666695539996,48.950000978999725,78.05391693115234
-124.3666695539996,49.06666764799972,75.46399688720703
-124.3666695539996,49.18333431699972,69.41410827636719
-124.3666695539996,49.300000985999716,-10.739362716674805
-124.3666695539996,49.41666765499971,-28.67365264892578
-124.3666695539996,49.53333432399971,6.71220588684082
-124.3666695539996,49.65000099299971,6.907733917236328
-124.3666695539996,49.766667661999705,-23.449552536010742
-124.3666695539996,49.8833343309997,5.385150909423828
-124.3666695539996,50.0000009999997,-13.939866065979004
-124.3666695539996,50.116667668999696,26.500659942626953
-124.3666695539996,50.23333433799969,-16.477163314819336
-124.3666695539996,50.35000100699969,-5.423003196716309
-124.3666695539996,50.46666767599969,-69.01831817626953
-124.3666695539996,50.583334344999685,18.14769172668457
-124.3666695539996,50.70000101399968,63.096797943115234
-124.3666695539996,50.81666768299968,46.64529037475586
-124.3666695539996,50.933334351999676,-28.299667358398438
-124.3666695539996,51.05000102099967,-21.677845001220703
-124.3666695539996,51.16666768999967,60.6860237121582
-124.3666695539996,51.28333435899967,112.4356918334961
-124.3666695539996,51.400001027999664,46.28683853149414
-124.3666695539996,51.51666769699966,-24.058347702026367
-124.3666695539996,51.63333436599966,11.32514476776123
-124.3666695539996,51.750001034999656,-28.926855087280273
-124.3666695539996,51.86666770399965,37.50768280029297
-124.3666695539996,51.98333437299965,-22.235097885131836
-124.3666695539996,52.10000104199965,-1.2509217262268066
-124.3666695539996,52.216667710999644,0.2148464024066925
-124.3666695539996,52.33333437999964,-4.632336616516113
-124.3666695539996,52.45000104899964,-3.484095811843872
-124.3666695539996,52.566667717999636,-2.1607913970947266
-124.3666695539996,52.68333438699963,0.19907429814338684
-124.3666695539996,52.80000105599963,11.721163749694824
-124.3666695539996,52.91666772499963,26.746824264526367
-124.3666695539996,53.033334393999624,0.1882222294807434
-124.3666695539996,53.15000106299962,-3.7727935314178467
-124.3666695539996,53.26666773199962,14.358978271484375
-124.3666695539996,53.383334400999615,-0.5312609076499939
-124.3666695539996,53.50000106999961,-1.2177141904830933
-124.3666695539996,53.61666773899961,1.2379944324493408
-124.3666695539996,53.73333440799961,6.653111457824707
-124.3666695539996,53.850001076999604,-26.749025344848633
-124.3666695539996,53.9666677459996,-21.940217971801758
-124.2500028849996,37.983334092999996,-42.79533767700195
-124.2500028849996,38.10000076199999,-48.95989990234375
-124.2500028849996,38.21666743099999,-57.13144302368164
-124.2500028849996,38.33333409999999,-66.35858917236328
-124.2500028849996,38.450000768999985,-70.51306915283203
-124.2500028849996,38.56666743799998,-69.63353729248047
-124.2500028849996,38.68333410699998,-79.0612564086914
-124.2500028849996,38.800000775999976,-81.46237182617188
-124.2500028849996,38.91666744499997,-67.62275695800781
-124.2500028849996,39.03333411399997,-47.15980911254883
-124.2500028849996,39.15000078299997,-21.706645965576172
-124.2500028849996,39.266667451999965,-25.98164176940918
-124.2500028849996,39.38333412099996,-26.188594818115234
-124.2500028849996,39.50000078999996,-28.373750686645508
-124.2500028849996,39.616667458999956,-38.62140655517578
-124.2500028849996,39.73333412799995,-37.981937408447266
-124.2500028849996,39.85000079699995,-15.46342945098877
-124.2500028849996,39.96666746599995,-9.348905563354492
-124.2500028849996,40.083334134999944,-8.10110092163086
-124.2500028849996,40.20000080399994,48.92572021484375
-124.2500028849996,40.31666747299994,14.315238952636719
-124.2500028849996,40.433334141999936,27.020174026489258
-124.2500028849996,40.55000081099993,-26.521865844726562
-124.2500028849996,40.66666747999993,-37.898826599121094
-124.2500028849996,40.78333414899993,-41.26629638671875
-124.2500028849996,40.900000817999924,-43.0118293762207
-124.2500028849996,41.01666748699992,-45.06013488769531
-124.2500028849996,41.13333415599992,-40.47329330444336
-124.2500028849996,41.250000824999915,-37.60917282104492
-124.2500028849996,41.36666749399991,-33.115047454833984
-124.2500028849996,41.48333416299991,-40.4815559387207
-124.2500028849996,41.60000083199991,-42.302833557128906
-124.2500028849996,41.716667500999904,-43.925559997558594
-124.2500028849996,41.8333341699999,-29.774639129638672
-124.2500028849996,41.9500008389999,-25.930404663085938
-124.2500028849996,42.066667507999895,-13.73016357421875
-124.2500028849996,42.18333417699989,20.261533737182617
-124.2500028849996,42.30000084599989,21.909957885742188
-124.2500028849996,42.41666751499989,42.77507781982422
-124.2500028849996,42.533334183999884,3.776679754257202
-124.2500028849996,42.65000085299988,47.06886672973633
-124.2500028849996,42.76666752199988,31.051441192626953
-124.2500028849996,42.883334190999875,38.66975784301758
-124.2500028849996,43.00000085999987,21.453081130981445
-124.2500028849996,43.11666752899987,11.239577293395996
-124.2500028849996,43.233334197999866,6.9347991943359375
-124.2500028849996,43.35000086699986,0.7887299060821533
-124.2500028849996,43.46666753599986,2.606708288192749
-124.2500028849996,43.58333420499986,-0.3251902759075165
-124.2500028849996,43.700000873999855,4.5671281814575195
-124.2500028849996,43.81666754299985,-15.7586669921875
-124.2500028849996,43.93333421199985,-9.80489444732666
-124.2500028849996,44.050000880999846,-15.097308158874512
-124.2500028849996,44.16666754999984,-8.654509544372559
-124.2500028849996,44.28333421899984,15.758641242980957
-124.2500028849996,44.40000088799984,-9.01719856262207
-124.2500028849996,44.516667556999835,-38.4199104309082
-124.2500028849996,44.63333422599983,-39.69254684448242
-124.2500028849996,44.75000089499983,-44.165470123291016
-124.2500028849996,44.866667563999826,-28.175966262817383
-124.2500028849996,44.98333423299982,-28.749160766601562
-124.2500028849996,45.10000090199982,-23.114948272705078
-124.2500028849996,45.21666757099982,-36.83515930175781
-124.2500028849996,45.333334239999814,-25.095348358154297
-124.2500028849996,45.45000090899981,-47.93053436279297
-124.2500028849996,45.56666757799981,-47.020896911621094
-124.2500028849996,45.683334246999806,-26.349042892456055
-124.2500028849996,45.8000009159998,-25.653982162475586
-124.2500028849996,45.9166675849998,-19.1982421875
-124.2500028849996,46.0333342539998,-37.88824462890625
-124.2500028849996,46.150000922999794,-51.68361282348633
-124.2500028849996,46.26666759199979,-42.94585037231445
-124.2500028849996,46.38333426099979,-53.00238800048828
-124.2500028849996,46.500000929999786,-56.30577087402344
-124.2500028849996,46.61666759899978,-55.576271057128906
-124.2500028849996,46.73333426799978,-59.921592712402344
-124.2500028849996,46.85000093699978,-59.25204086303711
-124.2500028849996,46.966667605999774,-71.82869720458984
-124.2500028849996,47.08333427499977,-66.5712890625
-124.2500028849996,47.20000094399977,-70.80748748779297
-124.2500028849996,47.316667612999765,-47.34474563598633
-124.2500028849996,47.43333428199976,-31.879894256591797
-124.2500028849996,47.55000095099976,-35.44587326049805
-124.2500028849996,47.66666761999976,-28.435400009155273
-124.2500028849996,47.783334288999754,-45.32550811767578
-124.2500028849996,47.90000095799975,-28.339542388916016
-124.2500028849996,48.01666762699975,-35.06901550292969
-124.2500028849996,48.133334295999745,1.9718737602233887
-124.2500028849996,48.25000096499974,-21.98943519592285
-124.2500028849996,48.36666763399974,-1.0885634422302246
-124.2500028849996,48.48333430299974,67.0021743774414
-124.2500028849996,48.600000971999734,75.61117553710938
-124.2500028849996,48.71666764099973,92.87642669677734
-124.2500028849996,48.83333430999973,57.23859786987305
-124.2500028849996,48.950000978999725,91.52783966064453
-124.2500028849996,49.06666764799972,45.47877883911133
-124.2500028849996,49.18333431699972,63.48549270629883
-124.2500028849996,49.300000985999716,-11.76322078704834
-124.2500028849996,49.41666765499971,-45.506160736083984
-124.2500028849996,49.53333432399971,17.587644577026367
-124.2500028849996,49.65000099299971,-5.781939506530762
-124.2500028849996,49.766667661999705,-33.39015197753906
-124.2500028849996,49.8833343309997,0.30247968435287476
-124.2500028849996,50.0000009999997,33.071571350097656
-124.2500028849996,50.116667668999696,15.41934871673584
-124.2500028849996,50.23333433799969,-1.40957772731781
-124.2500028849996,50.35000100699969,56.970699310302734
-124.2500028849996,50.46666767599969,-3.212124824523926
-124.2500028849996,50.583334344999685,15.457540512084961
-124.2500028849996,50.70000101399968,-44.08114242553711
-124.2500028849996,50.81666768299968,99.30746459960938
-124.2500028849996,50.933334351999676,-2.1167192459106445
-124.2500028849996,51.05000102099967,15.962985038757324
-124.2500028849996,51.16666768999967,69.42449951171875
-124.2500028849996,51.28333435899967,128.5197296142578
-124.2500028849996,51.400001027999664,66.07382202148438
-124.2500028849996,51.51666769699966,42.87525939941406
-124.2500028849996,51.63333436599966,61.4713249206543
-124.2500028849996,51.750001034999656,53.66083908081055
-124.2500028849996,51.86666770399965,74.3742446899414
-124.2500028849996,51.98333437299965,-10.794096946716309
-124.2500028849996,52.10000104199965,2.1500513553619385
-124.2500028849996,52.216667710999644,16.347074508666992
-124.2500028849996,52.33333437999964,-5.039693832397461
-124.2500028849996,52.45000104899964,2.640005350112915
-124.2500028849996,52.566667717999636,-4.486759185791016
-124.2500028849996,52.68333438699963,8.30061149597168
-124.2500028849996,52.80000105599963,4.582697868347168
-124.2500028849996,52.91666772499963,1.0136749744415283
-124.2500028849996,53.033334393999624,-3.968876600265503
-124.2500028849996,53.15000106299962,-12.851313591003418
-124.2500028849996,53.26666773199962,9.037046432495117
-124.2500028849996,53.383334400999615,2.002840042114258
-124.2500028849996,53.50000106999961,1.9464771747589111
-124.2500028849996,53.61666773899961,9.803543090820312
-124.2500028849996,53.73333440799961,23.93799591064453
-124.2500028849996,53.850001076999604,-26.33543586730957
-124.2500028849996,53.9666677459996,-27.22865867614746
-124.1333362159996,37.983334092999996,-45.1093635559082
-124.1333362159996,38.10000076199999,-58.60213851928711
-124.1333362159996,38.21666743099999,-68.17413330078125
-124.1333362159996,38.33333409999999,-76.88691711425781
-124.1333362159996,38.450000768999985,-78.5273666381836
-124.1333362159996,38.56666743799998,-65.37611389160156
-124.1333362159996,38.68333410699998,-76.22025299072266
-124.1333362159996,38.800000775999976,-70.51945495605469
-124.1333362159996,38.91666744499997,-39.265113830566406
-124.1333362159996,39.03333411399997,-3.1668150424957275
-124.1333362159996,39.15000078299997,-10.73001766204834
-124.1333362159996,39.266667451999965,-17.028079986572266
-124.1333362159996,39.38333412099996,-17.020864486694336
-124.1333362159996,39.50000078999996,-28.93334197998047
-124.1333362159996,39.616667458999956,-32.99664306640625
-124.1333362159996,39.73333412799995,-14.83325481414795
-124.1333362159996,39.85000079699995,9.258352279663086
-124.1333362159996,39.96666746599995,26.207555770874023
-124.1333362159996,40.083334134999944,25.696821212768555
-124.1333362159996,40.20000080399994,34.8673210144043
-124.1333362159996,40.31666747299994,20.093608856201172
-124.1333362159996,40.433334141999936,14.522417068481445
-124.1333362159996,40.55000081099993,-46.743247985839844
-124.1333362159996,40.66666747999993,-21.961170196533203
-124.1333362159996,40.78333414899993,-26.23585319519043
-124.1333362159996,40.900000817999924,-34.218017578125
-124.1333362159996,41.01666748699992,-18.616161346435547
-124.1333362159996,41.13333415599992,-14.879938125610352
-124.1333362159996,41.250000824999915,-26.107933044433594
-124.1333362159996,41.36666749399991,-23.83560562133789
-124.1333362159996,41.48333416299991,-33.58639144897461
-124.1333362159996,41.60000083199991,-37.002376556396484
-124.1333362159996,41.716667500999904,-20.605941772460938
-124.1333362159996,41.8333341699999,-35.330631256103516
-124.1333362159996,41.9500008389999,-22.316940307617188
-124.1333362159996,42.066667507999895,-5.251284599304199
-124.1333362159996,42.18333417699989,-5.223726272583008
-124.1333362159996,42.30000084599989,26.423473358154297
-124.1333362159996,42.41666751499989,44.370697021484375
-124.1333362159996,42.533334183999884,10.08967399597168
-124.1333362159996,42.65000085299988,48.822120666503906
-124.1333362159996,42.76666752199988,53.498291015625
-124.1333362159996,42.883334190999875,29.388208389282227
-124.1333362159996,43.00000085999987,31.539079666137695
-124.1333362159996,43.11666752899987,35.92387390136719
-124.1333362159996,43.233334197999866,27.946632385253906
-124.1333362159996,43.35000086699986,31.646541595458984
-124.1333362159996,43.46666753599986,33.71443176269531
-124.1333362159996,43.58333420499986,24.77995491027832
-124.1333362159996,43.700000873999855,30.8576717376709
-124.1333362159996,43.81666754299985,13.9398832321167
-124.1333362159996,43.93333421199985,9.617467880249023
-124.1333362159996,44.050000880999846,17.94197654724121
-124.1333362159996,44.16666754999984,33.990013122558594
-124.1333362159996,44.28333421899984,48.01097106933594
-124.1333362159996,44.40000088799984,7.021786689758301
-124.1333362159996,44.516667556999835,-35.0244140625
-124.1333362159996,44.63333422599983,-16.47439193725586
-124.1333362159996,44.75000089499983,-13.868325233459473
-124.1333362159996,44.866667563999826,-12.323108673095703
-124.1333362159996,44.98333423299982,4.314030647277832
-124.1333362159996,45.10000090199982,-1.271526575088501
-124.1333362159996,45.21666757099982,-10.611491203308105
-124.1333362159996,45.333334239999814,-15.214140892028809
-124.1333362159996,45.45000090899981,-47.930450439453125
-124.1333362159996,45.56666757799981,-37.34754943847656
-124.1333362159996,45.683334246999806,-28.764726638793945
-124.1333362159996,45.8000009159998,-17.83519744873047
-124.1333362159996,45.9166675849998,-12.759541511535645
-124.1333362159996,46.0333342539998,-35.115150451660156
-124.1333362159996,46.150000922999794,-48.169429779052734
-124.1333362159996,46.26666759199979,-32.68344497680664
-124.1333362159996,46.38333426099979,-52.38212203979492
-124.1333362159996,46.500000929999786,-51.241729736328125
-124.1333362159996,46.61666759899978,-38.03064727783203
-124.1333362159996,46.73333426799978,-69.03572845458984
-124.1333362159996,46.85000093699978,-49.75493621826172
-124.1333362159996,46.966667605999774,-58.22472381591797
-124.1333362159996,47.08333427499977,-62.61949920654297
-124.1333362159996,47.20000094399977,-54.26169967651367
-124.1333362159996,47.316667612999765,-40.55453872680664
-124.1333362159996,47.43333428199976,-31.897777557373047
-124.1333362159996,47.55000095099976,-30.268159866333008
-124.1333362159996,47.66666761999976,-18.61652946472168
-124.1333362159996,47.783334288999754,-26.989273071289062
-124.1333362159996,47.90000095799975,-1.188206434249878
-124.1333362159996,48.01666762699975,-0.8066455125808716
-124.1333362159996,48.133334295999745,1.604854702949524
-124.1333362159996,48.25000096499974,-26.990144729614258
-124.1333362159996,48.36666763399974,25.38658905029297
-124.1333362159996,48.48333430299974,102.70677947998047
-124.1333362159996,48.600000971999734,79.04114532470703
-124.1333362159996,48.71666764099973,88.36591339111328
-124.1333362159996,48.83333430999973,44.69652557373047
-124.1333362159996,48.950000978999725,116.68484497070312
-124.1333362159996,49.06666764799972,43.20805740356445
-124.1333362159996,49.18333431699972,51.78825378417969
-124.1333362159996,49.300000985999716,-11.372125625610352
-124.1333362159996,49.41666765499971,-45.83221435546875
-124.1333362159996,49.53333432399971,-31.883026123046875
-124.1333362159996,49.65000099299971,-11.832225799560547
-124.1333362159996,49.766667661999705,-29.47178840637207
-124.1333362159996,49.8833343309997,56.040924072265625
-124.1333362159996,50.0000009999997,74.33343505859375
-124.1333362159996,50.116667668999696,12.843092918395996
-124.1333362159996,50.23333433799969,49.636531829833984
-124.1333362159996,50.35000100699969,19.148542404174805
-124.1333362159996,50.46666767599969,-23.155662536621094
-124.1333362159996,50.583334344999685,-43.49066162109375
-124.1333362159996,50.70000101399968,24.898052215576172
-124.1333362159996,50.81666768299968,101.87117767333984
-124.1333362159996,50.933334351999676,-10.267863273620605
-124.1333362159996,51.05000102099967,90.87755584716797
-124.1333362159996,51.16666768999967,35.682533264160156
-124.1333362159996,51.28333435899967,2.4078776836395264
-124.1333362159996,51.400001027999664,-32.0265007019043
-124.1333362159996,51.51666769699966,41.706878662109375
-124.1333362159996,51.63333436599966,12.903009414672852
-124.1333362159996,51.750001034999656,28.817415237426758
-124.1333362159996,51.86666770399965,28.318153381347656
-124.1333362159996,51.98333437299965,20.656299591064453
-124.1333362159996,52.10000104199965,-8.858723640441895
-124.1333362159996,52.216667710999644,18.47426986694336
-124.1333362159996,52.33333437999964,4.021824836730957
-124.1333362159996,52.45000104899964,-15.873099327087402
-124.1333362159996,52.566667717999636,-12.710943222045898
-124.1333362159996,52.68333438699963,-7.550538063049316
-124.1333362159996,52.80000105599963,8.553424835205078
-124.1333362159996,52.91666772499963,3.077739953994751
-124.1333362159996,53.033334393999624,-13.894302368164062
-124.1333362159996,53.15000106299962,-11.615574836730957
-124.1333362159996,53.26666773199962,9.652244567871094
-124.1333362159996,53.383334400999615,4.4604291915893555
-124.1333362159996,53.50000106999961,-3.2110369205474854
-124.1333362159996,53.61666773899961,8.457579612731934
-124.1333362159996,53.73333440799961,26.269502639770508
-124.1333362159996,53.850001076999604,-16.947206497192383
-124.1333362159996,53.9666677459996,-37.55160903930664
-124.01666954699961,37.983334092999996,-58.947750091552734
-124.01666954699961,38.10000076199999,-71.47584533691406
-124.01666954699961,38.21666743099999,-80.49707794189453
-124.01666954699961,38.33333409999999,-79.98133850097656
-124.01666954699961,38.450000768999985,-75.777099609375
-124.01666954699961,38.56666743799998,-73.9867935180664
-124.01666954699961,38.68333410699998,-65.55807495117188
-124.01666954699961,38.800000775999976,-39.784873962402344
-124.01666954699961,38.91666744499997,-4.3326873779296875
-124.01666954699961,39.03333411399997,-6.800177574157715
-124.01666954699961,39.15000078299997,-2.0389328002929688
-124.01666954699961,39.266667451999965,-7.020511627197266
-124.01666954699961,39.38333412099996,-15.29675579071045
-124.01666954699961,39.50000078999996,-11.463003158569336
-124.01666954699961,39.616667458999956,-11.293523788452148
-124.01666954699961,39.73333412799995,15.326717376708984
-124.01666954699961,39.85000079699995,13.772557258605957
-124.01666954699961,39.96666746599995,21.904672622680664
-124.01666954699961,40.083334134999944,31.536619186401367
-124.01666954699961,40.20000080399994,12.6658935546875
-124.01666954699961,40.31666747299994,7.066255569458008
-124.01666954699961,40.433334141999936,-29.989124298095703
-124.01666954699961,40.55000081099993,-38.97954559326172
-124.01666954699961,40.66666747999993,5.127163887023926
-124.01666954699961,40.78333414899993,-14.8306884765625
-124.01666954699961,40.900000817999924,-13.201934814453125
-124.01666954699961,41.01666748699992,-4.5295209884643555
-124.01666954699961,41.13333415599992,-6.562541961669922
-124.01666954699961,41.250000824999915,-0.6310374736785889
-124.01666954699961,41.36666749399991,-22.1035099029541
-124.01666954699961,41.48333416299991,-30.432361602783203
-124.01666954699961,41.60000083199991,-14.68479061126709
-124.01666954699961,41.716667500999904,-2.297628402709961
-124.01666954699961,41.8333341699999,-1.8192545175552368
-124.01666954699961,41.9500008389999,-0.541237473487854
-124.01666954699961,42.066667507999895,0.5217639207839966
-124.01666954699961,42.18333417699989,12.418855667114258
-124.01666954699961,42.30000084599989,1.8411333560943604
-124.01666954699961,42.41666751499989,-0.8227861523628235
-124.01666954699961,42.533334183999884,8.864948272705078
-124.01666954699961,42.65000085299988,24.024423599243164
-124.01666954699961,42.76666752199988,60.06379699707031
-124.01666954699961,42.883334190999875,34.78404235839844
-124.01666954699961,43.00000085999987,25.02921485900879
-124.01666954699961,43.11666752899987,29.82184410095215
-124.01666954699961,43.233334197999866,41.33620834350586
-124.01666954699961,43.35000086699986,44.240318298339844
-124.01666954699961,43.46666753599986,38.942787170410156
-124.01666954699961,43.58333420499986,43.809288024902344
-124.01666954699961,43.700000873999855,25.98781394958496
-124.01666954699961,43.81666754299985,18.92989158630371
-124.01666954699961,43.93333421199985,19.15300178527832
-124.01666954699961,44.050000880999846,36.05398178100586
-124.01666954699961,44.16666754999984,75.84228515625
-124.01666954699961,44.28333421899984,81.84101104736328
-124.01666954699961,44.40000088799984,41.10446548461914
-124.01666954699961,44.516667556999835,32.88009262084961
-124.01666954699961,44.63333422599983,24.48015594482422
-124.01666954699961,44.75000089499983,42.119659423828125
-124.01666954699961,44.866667563999826,42.45022201538086
-124.01666954699961,44.98333423299982,47.45010757446289
-124.01666954699961,45.10000090199982,36.31569290161133
-124.01666954699961,45.21666757099982,6.393830299377441
-124.01666954699961,45.333334239999814,6.154740333557129
-124.01666954699961,45.45000090899981,-12.385977745056152
-124.01666954699961,45.56666757799981,-18.73072052001953
-124.01666954699961,45.683334246999806,-18.495742797851562
-124.01666954699961,45.8000009159998,-0.6698459386825562
-124.01666954699961,45.9166675849998,-5.523795127868652
-124.01666954699961,46.0333342539998,-17.374553680419922
-124.01666954699961,46.150000922999794,-23.687339782714844
-124.01666954699961,46.26666759199979,-26.945636749267578
-124.01666954699961,46.38333426099979,-28.330486297607422
-124.01666954699961,46.500000929999786,-28.879487991333008
-124.01666954699961,46.61666759899978,-33.27250671386719
-124.01666954699961,46.73333426799978,-23.617416381835938
-124.01666954699961,46.85000093699978,-32.952552795410156
-124.01666954699961,46.966667605999774,-43.92791748046875
-124.01666954699961,47.08333427499977,-47.37759017944336
-124.01666954699961,47.20000094399977,-44.02617263793945
-124.01666954699961,47.316667612999765,-35.76370620727539
-124.01666954699961,47.43333428199976,-37.23640441894531
-124.01666954699961,47.55000095099976,-8.800840377807617
-124.01666954699961,47.66666761999976,-23.401010513305664
-124.01666954699961,47.783334288999754,-11.105652809143066
-124.01666954699961,47.90000095799975,13.294655799865723
-124.01666954699961,48.01666762699975,32.057830810546875
-124.01666954699961,48.133334295999745,10.365564346313477
-124.01666954699961,48.25000096499974,-17.915119171142578
-124.01666954699961,48.36666763399974,39.31036376953125
-124.01666954699961,48.48333430299974,119.51045989990234
-124.01666954699961,48.600000971999734,77.09241485595703
-124.01666954699961,48.71666764099973,112.11729431152344
-124.01666954699961,48.83333430999973,47.512046813964844
-124.01666954699961,48.950000978999725,104.63037872314453
-124.01666954699961,49.06666764799972,44.08930206298828
-124.01666954699961,49.18333431699972,34.15995407104492
-124.01666954699961,49.300000985999716,-40.19911575317383
-124.01666954699961,49.41666765499971,-47.58542251586914
-124.01666954699961,49.53333432399971,-20.274158477783203
-124.01666954699961,49.65000099299971,-33.51340866088867
-124.01666954699961,49.766667661999705,-58.603878021240234
-124.01666954699961,49.8833343309997,-55.022274017333984
-124.01666954699961,50.0000009999997,-15.79265022277832
-124.01666954699961,50.116667668999696,14.64976692199707
-124.01666954699961,50.23333433799969,-40.6805419921875
-124.01666954699961,50.35000100699969,38.628936767578125
-124.01666954699961,50.46666767599969,37.20585250854492
-124.01666954699961,50.583334344999685,-21.93936538696289
-124.01666954699961,50.70000101399968,16.23548126220703
-124.01666954699961,50.81666768299968,46.05166244506836
-124.01666954699961,50.933334351999676,-3.556326150894165
-124.01666954699961,51.05000102099967,32.572113037109375
-124.01666954699961,51.16666768999967,-1.0964806079864502
-124.01666954699961,51.28333435899967,-9.022903442382812
-124.01666954699961,51.400001027999664,23.52545928955078
-124.01666954699961,51.51666769699966,70.87438201904297
-124.01666954699961,51.63333436599966,20.709457397460938
-124.01666954699961,51.750001034999656,5.323176383972168
-124.01666954699961,51.86666770399965,4.112791061401367
-124.01666954699961,51.98333437299965,25.93834114074707
-124.01666954699961,52.10000104199965,-13.692537307739258
-124.01666954699961,52.216667710999644,-0.8293800354003906
-124.01666954699961,52.33333437999964,-10.629545211791992
-124.01666954699961,52.45000104899964,-14.358885765075684
-124.01666954699961,52.566667717999636,-5.663073539733887
-124.01666954699961,52.68333438699963,-5.162768363952637
-124.01666954699961,52.80000105599963,7.209282875061035
-124.01666954699961,52.91666772499963,13.91748046875
-124.01666954699961,53.033334393999624,13.417024612426758
-124.01666954699961,53.15000106299962,14.814438819885254
-124.01666954699961,53.26666773199962,10.295957565307617
-124.01666954699961,53.383334400999615,-7.191667556762695
-124.01666954699961,53.50000106999961,-11.52901840209961
-124.01666954699961,53.61666773899961,-7.404502868652344
-124.01666954699961,53.73333440799961,13.24884033203125
-124.01666954699961,53.850001076999604,-2.6716551780700684
-124.01666954699961,53.9666677459996,-43.67461013793945
-123.90000287799961,37.983334092999996,-73.18148803710938
-123.90000287799961,38.10000076199999,-82.34477996826172
-123.90000287799961,38.21666743099999,-85.57430267333984
-123.90000287799961,38.33333409999999,-60.5383186340332
-123.90000287799961,38.450000768999985,-62.2680778503418
-123.90000287799961,38.56666743799998,-69.65892791748047
-123.90000287799961,38.68333410699998,-42.48956298828125
-123.90000287799961,38.800000775999976,-7.171160697937012
-123.90000287799961,38.91666744499997,20.016687393188477
-123.90000287799961,39.03333411399997,11.222146034240723
-123.90000287799961,39.15000078299997,4.346375465393066
-123.90000287799961,39.266667451999965,-0.4080379605293274
-123.90000287799961,39.38333412099996,10.487502098083496
-123.90000287799961,39.50000078999996,5.078947067260742
-123.90000287799961,39.616667458999956,3.935508966445923
-123.90000287799961,39.73333412799995,8.021722793579102
-123.90000287799961,39.85000079699995,7.918056488037109
-123.90000287799961,39.96666746599995,34.332923889160156
-123.90000287799961,40.083334134999944,-4.3721208572387695
-123.90000287799961,40.20000080399994,-23.30133819580078
-123.90000287799961,40.31666747299994,-30.428085327148438
-123.90000287799961,40.433334141999936,-42.980613708496094
-123.90000287799961,40.55000081099993,-2.223184823989868
-123.90000287799961,40.66666747999993,5.192695617675781
-123.90000287799961,40.78333414899993,-9.6207275390625
-123.90000287799961,40.900000817999924,-12.654050827026367
-123.90000287799961,41.01666748699992,-3.440897226333618
-123.90000287799961,41.13333415599992,4.137280464172363
-123.90000287799961,41.250000824999915,-15.02125358581543
-123.90000287799961,41.36666749399991,-18.202028274536133
-123.90000287799961,41.48333416299991,-13.193078994750977
-123.90000287799961,41.60000083199991,20.88616180419922
-123.90000287799961,41.716667500999904,2.4704184532165527
-123.90000287799961,41.8333341699999,8.777199745178223
-123.90000287799961,41.9500008389999,21.75177764892578
-123.90000287799961,42.066667507999895,28.345897674560547
-123.90000287799961,42.18333417699989,60.486751556396484
-123.90000287799961,42.30000084599989,31.888370513916016
-123.90000287799961,42.41666751499989,4.240577697753906
-123.90000287799961,42.533334183999884,40.454830169677734
-123.90000287799961,42.65000085299988,43.65341567993164
-123.90000287799961,42.76666752199988,66.06063079833984
-123.90000287799961,42.883334190999875,75.1678466796875
-123.90000287799961,43.00000085999987,20.97899055480957
-123.90000287799961,43.11666752899987,25.897268295288086
-123.90000287799961,43.233334197999866,48.953338623046875
-123.90000287799961,43.35000086699986,50.85472869873047
-123.90000287799961,43.46666753599986,49.551841735839844
-123.90000287799961,43.58333420499986,43.617218017578125
-123.90000287799961,43.700000873999855,41.1584358215332
-123.90000287799961,43.81666754299985,32.817649841308594
-123.90000287799961,43.93333421199985,34.81160354614258
-123.90000287799961,44.050000880999846,32.272098541259766
-123.90000287799961,44.16666754999984,61.419986724853516
-123.90000287799961,44.28333421899984,64.48835754394531
-123.90000287799961,44.40000088799984,63.18096923828125
-123.90000287799961,44.516667556999835,55.56169509887695
-123.90000287799961,44.63333422599983,33.04664611816406
-123.90000287799961,44.75000089499983,51.486351013183594
-123.90000287799961,44.866667563999826,71.55921936035156
-123.90000287799961,44.98333423299982,68.7918472290039
-123.90000287799961,45.10000090199982,56.33987045288086
-123.90000287799961,45.21666757099982,56.28085708618164
-123.90000287799961,45.333334239999814,33.39869689941406
-123.90000287799961,45.45000090899981,25.69765853881836
-123.90000287799961,45.56666757799981,52.33290100097656
-123.90000287799961,45.683334246999806,52.12080001831055
-123.90000287799961,45.8000009159998,51.688011169433594
-123.90000287799961,45.9166675849998,32.96168899536133
-123.90000287799961,46.0333342539998,5.086067199707031
-123.90000287799961,46.150000922999794,-10.99508285522461
-123.90000287799961,46.26666759199979,-6.221225738525391
-123.90000287799961,46.38333426099979,-1.1835957765579224
-123.90000287799961,46.500000929999786,-6.878984451293945
-123.90000287799961,46.61666759899978,-6.492480278015137
-123.90000287799961,46.73333426799978,-3.7001428604125977
-123.90000287799961,46.85000093699978,-4.298627853393555
-123.90000287799961,46.966667605999774,-33.245826721191406
-123.90000287799961,47.08333427499977,-19.084558486938477
-123.90000287799961,47.20000094399977,-23.93606185913086
-123.90000287799961,47.316667612999765,-14.387979507446289
-123.90000287799961,47.43333428199976,-19.343631744384766
-123.90000287799961,47.55000095099976,4.936149597167969
-123.90000287799961,47.66666761999976,-8.586825370788574
-123.90000287799961,47.783334288999754,9.43777847290039
-123.90000287799961,47.90000095799975,-1.4220695495605469
-123.90000287799961,48.01666762699975,21.30447769165039
-123.90000287799961,48.133334295999745,4.297356605529785
-123.90000287799961,48.25000096499974,0.7329891920089722
-123.90000287799961,48.36666763399974,57.094566345214844
-123.90000287799961,48.48333430299974,130.01150512695312
-123.90000287799961,48.600000971999734,84.11067962646484
-123.90000287799961,48.71666764099973,79.08889770507812
-123.90000287799961,48.83333430999973,54.14250183105469
-123.90000287799961,48.950000978999725,80.53569793701172
-123.90000287799961,49.06666764799972,10.13718032836914
-123.90000287799961,49.18333431699972,-16.17003059387207
-123.90000287799961,49.300000985999716,-39.53474807739258
-123.90000287799961,49.41666765499971,-28.14232635498047
-123.90000287799961,49.53333432399971,1.4270268678665161
-123.90000287799961,49.65000099299971,2.0735385417938232
-123.90000287799961,49.766667661999705,-13.69559383392334
-123.90000287799961,49.8833343309997,-49.93183898925781
-123.90000287799961,50.0000009999997,-35.228084564208984
-123.90000287799961,50.116667668999696,-33.161094665527344
-123.90000287799961,50.23333433799969,-63.332393646240234
-123.90000287799961,50.35000100699969,104.45787811279297
-123.90000287799961,50.46666767599969,63.37045669555664
-123.90000287799961,50.583334344999685,41.42299270629883
-123.90000287799961,50.70000101399968,23.69189453125
-123.90000287799961,50.81666768299968,48.454437255859375
-123.90000287799961,50.933334351999676,58.15607452392578
-123.90000287799961,51.05000102099967,33.83845901489258
-123.90000287799961,51.16666768999967,57.33230209350586
-123.90000287799961,51.28333435899967,48.06609344482422
-123.90000287799961,51.400001027999664,64.88616180419922
-123.90000287799961,51.51666769699966,32.8101692199707
-123.90000287799961,51.63333436599966,49.95839309692383
-123.90000287799961,51.750001034999656,22.766260147094727
-123.90000287799961,51.86666770399965,0.011435359716415405
-123.90000287799961,51.98333437299965,-0.9262793064117432
-123.90000287799961,52.10000104199965,-7.259102821350098
-123.90000287799961,52.216667710999644,-9.023783683776855
-123.90000287799961,52.33333437999964,-20.927825927734375
-123.90000287799961,52.45000104899964,8.151474952697754
-123.90000287799961,52.566667717999636,6.261958122253418
-123.90000287799961,52.68333438699963,5.160621643066406
-123.90000287799961,52.80000105599963,-0.36208775639533997
-123.90000287799961,52.91666772499963,-0.37770944833755493
-123.90000287799961,53.033334393999624,7.49943733215332
-123.90000287799961,53.15000106299962,9.444913864135742
-123.90000287799961,53.26666773199962,6.420490264892578
-123.90000287799961,53.383334400999615,8.031950950622559
-123.90000287799961,53.50000106999961,2.057682752609253
-123.90000287799961,53.61666773899961,-15.958477020263672
-123.90000287799961,53.73333440799961,7.426243782043457
-123.90000287799961,53.850001076999604,-2.7603976726531982
-123.90000287799961,53.9666677459996,-38.11458206176758
-123.78333620899961,37.983334092999996,-83.89137268066406
-123.78333620899961,38.10000076199999,-76.26040649414062
-123.78333620899961,38.21666743099999,-62.61118698120117
-123.78333620899961,38.33333409999999,-53.126617431640625
-123.78333620899961,38.450000768999985,-51.98100662231445
-123.78333620899961,38.56666743799998,-42.91122055053711
-123.78333620899961,38.68333410699998,7.028512001037598
-123.78333620899961,38.800000775999976,25.826946258544922
-123.78333620899961,38.91666744499997,8.260918617248535
-123.78333620899961,39.03333411399997,4.119990348815918
-123.78333620899961,39.15000078299997,17.951927185058594
-123.78333620899961,39.266667451999965,30.00002670288086
-123.78333620899961,39.38333412099996,27.305479049682617
-123.78333620899961,39.50000078999996,11.66963005065918
-123.78333620899961,39.616667458999956,6.007131576538086
-123.78333620899961,39.73333412799995,22.29654884338379
-123.78333620899961,39.85000079699995,19.126447677612305
-123.78333620899961,39.96666746599995,-0.9986442923545837
-123.78333620899961,40.083334134999944,-28.72209358215332
-123.78333620899961,40.20000080399994,-26.1069278717041
-123.78333620899961,40.31666747299994,-39.98176193237305
-123.78333620899961,40.433334141999936,-13.797125816345215
-123.78333620899961,40.55000081099993,-7.960077285766602
-123.78333620899961,40.66666747999993,10.038334846496582
-123.78333620899961,40.78333414899993,29.81601333618164
-123.78333620899961,40.900000817999924,19.14043426513672
-123.78333620899961,41.01666748699992,26.663305282592773
-123.78333620899961,41.13333415599992,-14.474604606628418
-123.78333620899961,41.250000824999915,-20.482080459594727
-123.78333620899961,41.36666749399991,12.48593521118164
-123.78333620899961,41.48333416299991,-3.153996467590332
-123.78333620899961,41.60000083199991,56.80888366699219
-123.78333620899961,41.716667500999904,25.699785232543945
-123.78333620899961,41.8333341699999,28.45665740966797
-123.78333620899961,41.9500008389999,15.169023513793945
-123.78333620899961,42.066667507999895,26.96927261352539
-123.78333620899961,42.18333417699989,51.28629684448242
-123.78333620899961,42.30000084599989,44.70861053466797
-123.78333620899961,42.41666751499989,49.13862991333008
-123.78333620899961,42.533334183999884,70.54400634765625
-123.78333620899961,42.65000085299988,40.32427978515625
-123.78333620899961,42.76666752199988,48.23206329345703
-123.78333620899961,42.883334190999875,53.4281120300293
-123.78333620899961,43.00000085999987,18.490554809570312
-123.78333620899961,43.11666752899987,43.9435920715332
-123.78333620899961,43.233334197999866,43.713951110839844
-123.78333620899961,43.35000086699986,38.26310729980469
-123.78333620899961,43.46666753599986,53.20094299316406
-123.78333620899961,43.58333420499986,24.793163299560547
-123.78333620899961,43.700000873999855,31.92425537109375
-123.78333620899961,43.81666754299985,28.131635665893555
-123.78333620899961,43.93333421199985,47.33030319213867
-123.78333620899961,44.050000880999846,36.67439651489258
-123.78333620899961,44.16666754999984,48.94464111328125
-123.78333620899961,44.28333421899984,35.206783294677734
-123.78333620899961,44.40000088799984,63.92995834350586
-123.78333620899961,44.516667556999835,62.063846588134766
-123.78333620899961,44.63333422599983,50.13453674316406
-123.78333620899961,44.75000089499983,67.19548034667969
-123.78333620899961,44.866667563999826,92.49488067626953
-123.78333620899961,44.98333423299982,103.54462432861328
-123.78333620899961,45.10000090199982,60.701263427734375
-123.78333620899961,45.21666757099982,79.2576675415039
-123.78333620899961,45.333334239999814,59.13392639160156
-123.78333620899961,45.45000090899981,50.223995208740234
-123.78333620899961,45.56666757799981,78.4659423828125
-123.78333620899961,45.683334246999806,84.60508728027344
-123.78333620899961,45.8000009159998,66.5948715209961
-123.78333620899961,45.9166675849998,53.953731536865234
-123.78333620899961,46.0333342539998,24.861284255981445
-123.78333620899961,46.150000922999794,-3.749703884124756
-123.78333620899961,46.26666759199979,-5.541454315185547
-123.78333620899961,46.38333426099979,5.832521438598633
-123.78333620899961,46.500000929999786,38.569435119628906
-123.78333620899961,46.61666759899978,40.02875900268555
-123.78333620899961,46.73333426799978,22.9251708984375
-123.78333620899961,46.85000093699978,18.31072998046875
-123.78333620899961,46.966667605999774,-24.72286033630371
-123.78333620899961,47.08333427499977,-24.990245819091797
-123.78333620899961,47.20000094399977,-9.040726661682129
-123.78333620899961,47.316667612999765,22.554105758666992
-123.78333620899961,47.43333428199976,28.374181747436523
-123.78333620899961,47.55000095099976,-0.7157087326049805
-123.78333620899961,47.66666761999976,10.779897689819336
-123.78333620899961,47.783334288999754,31.34754753112793
-123.78333620899961,47.90000095799975,31.266542434692383
-123.78333620899961,48.01666762699975,61.299285888671875
-123.78333620899961,48.133334295999745,7.1015625
-123.78333620899961,48.25000096499974,14.52063274383545
-123.78333620899961,48.36666763399974,59.77783203125
-123.78333620899961,48.48333430299974,102.63861846923828
-123.78333620899961,48.600000971999734,81.99219512939453
-123.78333620899961,48.71666764099973,40.059391021728516
-123.78333620899961,48.83333430999973,31.765613555908203
-123.78333620899961,48.950000978999725,32.62807083129883
-123.78333620899961,49.06666764799972,-12.634344100952148
-123.78333620899961,49.18333431699972,-31.170257568359375
-123.78333620899961,49.300000985999716,-65.5548095703125
-123.78333620899961,49.41666765499971,-66.1305923461914
-123.78333620899961,49.53333432399971,-12.440500259399414
-123.78333620899961,49.65000099299971,-36.299827575683594
-123.78333620899961,49.766667661999705,36.138736724853516
-123.78333620899961,49.8833343309997,21.542102813720703
-123.78333620899961,50.0000009999997,-28.831438064575195
-123.78333620899961,50.116667668999696,-116.0660171508789
-123.78333620899961,50.23333433799969,21.844261169433594
-123.78333620899961,50.35000100699969,83.87220764160156
-123.78333620899961,50.46666767599969,43.09774398803711
-123.78333620899961,50.583334344999685,83.51385498046875
-123.78333620899961,50.70000101399968,58.133277893066406
-123.78333620899961,50.81666768299968,107.20368194580078
-123.78333620899961,50.933334351999676,82.3853759765625
-123.78333620899961,51.05000102099967,122.06757354736328
-123.78333620899961,51.16666768999967,102.55170440673828
-123.78333620899961,51.28333435899967,56.93950271606445
-123.78333620899961,51.400001027999664,74.28651428222656
-123.78333620899961,51.51666769699966,-1.9382721185684204
-123.78333620899961,51.63333436599966,14.067055702209473
-123.78333620899961,51.750001034999656,-2.646968126296997
-123.78333620899961,51.86666770399965,-8.499982833862305
-123.78333620899961,51.98333437299965,-13.9690523147583
-123.78333620899961,52.10000104199965,-18.004243850708008
-123.78333620899961,52.216667710999644,-13.914031982421875
-123.78333620899961,52.33333437999964,-15.530147552490234
-123.78333620899961,52.45000104899964,11.433566093444824
-123.78333620899961,52.566667717999636,10.14787769317627
-123.78333620899961,52.68333438699963,13.079655647277832
-123.78333620899961,52.80000105599963,21.010595321655273
-123.78333620899961,52.91666772499963,0.7342692613601685
-123.78333620899961,53.033334393999624,-18.646738052368164
-123.78333620899961,53.15000106299962,-11.417303085327148
-123.78333620899961,53.26666773199962,-10.785528182983398
-123.78333620899961,53.383334400999615,8.67445182800293
-123.78333620899961,53.50000106999961,2.533555507659912
-123.78333620899961,53.61666773899961,-14.560844421386719
-123.78333620899961,53.73333440799961,-5.962455749511719
-123.78333620899961,53.850001076999604,-25.303070068359375
-123.78333620899961,53.9666677459996,-25.778703689575195
-123.66666953999962,37.983334092999996,-71.46785736083984
-123.66666953999962,38.10000076199999,-62.97133255004883
-123.66666953999962,38.21666743099999,-47.15146255493164
-123.66666953999962,38.33333409999999,-29.708946228027344
-123.66666953999962,38.450000768999985,-13.267924308776855
-123.66666953999962,38.56666743799998,11.401418685913086
-123.66666953999962,38.68333410699998,10.177922248840332
-123.66666953999962,38.800000775999976,9.614590644836426
-123.66666953999962,38.91666744499997,31.573453903198242
-123.66666953999962,39.03333411399997,39.79602813720703
-123.66666953999962,39.15000078299997,34.42033004760742
-123.66666953999962,39.266667451999965,16.805700302124023
-123.66666953999962,39.38333412099996,21.78055191040039
-123.66666953999962,39.50000078999996,13.218523025512695
-123.66666953999962,39.616667458999956,19.831472396850586
-123.66666953999962,39.73333412799995,41.55659103393555
-123.66666953999962,39.85000079699995,30.664501190185547
-123.66666953999962,39.96666746599995,24.86907386779785
-123.66666953999962,40.083334134999944,-7.371976852416992
-123.66666953999962,40.20000080399994,-38.964927673339844
-123.66666953999962,40.31666747299994,-26.242733001708984
-123.66666953999962,40.433334141999936,1.890563726425171
-123.66666953999962,40.55000081099993,10.73747444152832
-123.66666953999962,40.66666747999993,42.48152160644531
-123.66666953999962,40.78333414899993,62.92406463623047
-123.66666953999962,40.900000817999924,11.553091049194336
-123.66666953999962,41.01666748699992,-38.901058197021484
-123.66666953999962,41.13333415599992,-24.29556655883789
-123.66666953999962,41.250000824999915,-38.61650085449219
-123.66666953999962,41.36666749399991,26.95871353149414
-123.66666953999962,41.48333416299991,26.452125549316406
-123.66666953999962,41.60000083199991,72.6469955444336
-123.66666953999962,41.716667500999904,76.95879364013672
-123.66666953999962,41.8333341699999,104.77201080322266
-123.66666953999962,41.9500008389999,44.33778381347656
-123.66666953999962,42.066667507999895,-16.377174377441406
-123.66666953999962,42.18333417699989,0.10692092776298523
-123.66666953999962,42.30000084599989,20.822614669799805
-123.66666953999962,42.41666751499989,83.59878540039062
-123.66666953999962,42.533334183999884,54.163536071777344
-123.66666953999962,42.65000085299988,23.440378189086914
-123.66666953999962,42.76666752199988,45.310489654541016
-123.66666953999962,42.883334190999875,29.777908325195312
-123.66666953999962,43.00000085999987,13.923224449157715
-123.66666953999962,43.11666752899987,28.457233428955078
-123.66666953999962,43.233334197999866,51.68458557128906
-123.66666953999962,43.35000086699986,42.54825210571289
-123.66666953999962,43.46666753599986,40.54001235961914
-123.66666953999962,43.58333420499986,26.34874725341797
-123.66666953999962,43.700000873999855,22.507909774780273
-123.66666953999962,43.81666754299985,26.450153350830078
-123.66666953999962,43.93333421199985,32.38703918457031
-123.66666953999962,44.050000880999846,36.63098907470703
-123.66666953999962,44.16666754999984,43.32414245605469
-123.66666953999962,44.28333421899984,40.77881622314453
-123.66666953999962,44.40000088799984,48.1254997253418
-123.66666953999962,44.516667556999835,68.61788940429688
-123.66666953999962,44.63333422599983,55.01622772216797
-123.66666953999962,44.75000089499983,84.19833374023438
-123.66666953999962,44.866667563999826,105.76197814941406
-123.66666953999962,44.98333423299982,122.10554504394531
-123.66666953999962,45.10000090199982,56.00736999511719
-123.66666953999962,45.21666757099982,80.6163558959961
-123.66666953999962,45.333334239999814,87.09231567382812
-123.66666953999962,45.45000090899981,86.19755554199219
-123.66666953999962,45.56666757799981,89.53031921386719
-123.66666953999962,45.683334246999806,107.58268737792969
-123.66666953999962,45.8000009159998,74.59968566894531
-123.66666953999962,45.9166675849998,53.83078384399414
-123.66666953999962,46.0333342539998,42.15688705444336
-123.66666953999962,46.150000922999794,-2.439283609390259
-123.66666953999962,46.26666759199979,-11.368605613708496
-123.66666953999962,46.38333426099979,19.27838706970215
-123.66666953999962,46.500000929999786,59.156185150146484
-123.66666953999962,46.61666759899978,20.915531158447266
-123.66666953999962,46.73333426799978,3.905137777328491
-123.66666953999962,46.85000093699978,0.5105423927307129
-123.66666953999962,46.966667605999774,-25.410478591918945
-123.66666953999962,47.08333427499977,-30.11177635192871
-123.66666953999962,47.20000094399977,2.8738670349121094
-123.66666953999962,47.316667612999765,33.47163009643555
-123.66666953999962,47.43333428199976,59.92722702026367
-123.66666953999962,47.55000095099976,-1.939626693725586
-123.66666953999962,47.66666761999976,23.0031681060791
-123.66666953999962,47.783334288999754,78.58416748046875
-123.66666953999962,47.90000095799975,55.88573455810547
-123.66666953999962,48.01666762699975,52.457881927490234
-123.66666953999962,48.133334295999745,-3.3844223022460938
-123.66666953999962,48.25000096499974,21.290964126586914
-123.66666953999962,48.36666763399974,68.14212799072266
-123.66666953999962,48.48333430299974,87.57994079589844
-123.66666953999962,48.600000971999734,67.49115753173828
-123.66666953999962,48.71666764099973,18.16144561767578
-123.66666953999962,48.83333430999973,-3.350186824798584
-123.66666953999962,48.950000978999725,-9.978386878967285
-123.66666953999962,49.06666764799972,-18.774805068969727
-123.66666953999962,49.18333431699972,-45.035804748535156
-123.66666953999962,49.300000985999716,-74.71375274658203
-123.66666953999962,49.41666765499971,-37.05811309814453
-123.66666953999962,49.53333432399971,51.37107849121094
-123.66666953999962,49.65000099299971,-31.94462776184082
-123.66666953999962,49.766667661999705,44.310508728027344
-123.66666953999962,49.8833343309997,9.956742286682129
-123.66666953999962,50.0000009999997,10.184514045715332
-123.66666953999962,50.116667668999696,-41.05998992919922
-123.66666953999962,50.23333433799969,7.616294860839844
-123.66666953999962,50.35000100699969,-11.99827766418457
-123.66666953999962,50.46666767599969,17.605419158935547
-123.66666953999962,50.583334344999685,96.90323638916016
-123.66666953999962,50.70000101399968,-5.683274269104004
-123.66666953999962,50.81666768299968,118.83639526367188
-123.66666953999962,50.933334351999676,68.48104858398438
-123.66666953999962,51.05000102099967,103.18258666992188
-123.66666953999962,51.16666768999967,47.37959671020508
-123.66666953999962,51.28333435899967,9.228038787841797
-123.66666953999962,51.400001027999664,31.48008155822754
-123.66666953999962,51.51666769699966,18.40304946899414
-123.66666953999962,51.63333436599966,6.365891456604004
-123.66666953999962,51.750001034999656,7.591766357421875
-123.66666953999962,51.86666770399965,-1.2736709117889404
-123.66666953999962,51.98333437299965,-24.616744995117188
-123.66666953999962,52.10000104199965,-13.76629638671875
-123.66666953999962,52.216667710999644,7.621499061584473
-123.66666953999962,52.33333437999964,4.142483711242676
-123.66666953999962,52.45000104899964,6.010944366455078
-123.66666953999962,52.566667717999636,2.814175605773926
-123.66666953999962,52.68333438699963,3.9014174938201904
-123.66666953999962,52.80000105599963,2.1410748958587646
-123.66666953999962,52.91666772499963,-11.518781661987305
-123.66666953999962,53.033334393999624,-17.01666831970215
-123.66666953999962,53.15000106299962,-19.24044418334961
-123.66666953999962,53.26666773199962,-24.578779220581055
-123.66666953999962,53.383334400999615,-10.829315185546875
-123.66666953999962,53.50000106999961,-14.919841766357422
-123.66666953999962,53.61666773899961,-0.5956947207450867
-123.66666953999962,53.73333440799961,-21.396963119506836
-123.66666953999962,53.850001076999604,-27.31241798400879
-123.66666953999962,53.9666677459996,-17.065996170043945
-123.55000287099962,37.983334092999996,-29.250722885131836
-123.55000287099962,38.10000076199999,-1.0331974029541016
-123.55000287099962,38.21666743099999,-11.67519474029541
-123.55000287099962,38.33333409999999,3.017296075820923
-123.55000287099962,38.450000768999985,-2.3720345497131348
-123.55000287099962,38.56666743799998,0.3357616066932678
-123.55000287099962,38.68333410699998,-16.345895767211914
-123.55000287099962,38.800000775999976,34.5535774230957
-123.55000287099962,38.91666744499997,50.893917083740234
-123.55000287099962,39.03333411399997,48.72028350830078
-123.55000287099962,39.15000078299997,17.86236572265625
-123.55000287099962,39.266667451999965,16.558589935302734
-123.55000287099962,39.38333412099996,10.225747108459473
-123.55000287099962,39.50000078999996,18.710811614990234
-123.55000287099962,39.616667458999956,35.49535369873047
-123.55000287099962,39.73333412799995,36.99104309082031
-123.55000287099962,39.85000079699995,37.75762939453125
-123.55000287099962,39.96666746599995,4.422990798950195
-123.55000287099962,40.083334134999944,-45.709495544433594
-123.55000287099962,40.20000080399994,-27.58575439453125
-123.55000287099962,40.31666747299994,38.848045349121094
-123.55000287099962,40.433334141999936,23.969823837280273
-123.55000287099962,40.55000081099993,37.913230895996094
-123.55000287099962,40.66666747999993,6.541888236999512
-123.55000287099962,40.78333414899993,-10.931190490722656
-123.55000287099962,40.900000817999924,-17.745603561401367
-123.55000287099962,41.01666748699992,21.198793411254883
-123.55000287099962,41.13333415599992,41.67270278930664
-123.55000287099962,41.250000824999915,-37.25294494628906
-123.55000287099962,41.36666749399991,-37.457332611083984
-123.55000287099962,41.48333416299991,-18.570877075195312
-123.55000287099962,41.60000083199991,-37.27800750732422
-123.55000287099962,41.716667500999904,36.37110900878906
-123.55000287099962,41.8333341699999,82.41168975830078
-123.55000287099962,41.9500008389999,85.43768310546875
-123.55000287099962,42.066667507999895,30.235671997070312
-123.55000287099962,42.18333417699989,-16.875261306762695
-123.55000287099962,42.30000084599989,-9.772912979125977
-123.55000287099962,42.41666751499989,26.821638107299805
-123.55000287099962,42.533334183999884,18.97324562072754
-123.55000287099962,42.65000085299988,23.419666290283203
-123.55000287099962,42.76666752199988,22.54904556274414
-123.55000287099962,42.883334190999875,3.2350282669067383
-123.55000287099962,43.00000085999987,15.220024108886719
-123.55000287099962,43.11666752899987,1.7743840217590332
-123.55000287099962,43.233334197999866,25.515380859375
-123.55000287099962,43.35000086699986,31.794750213623047
-123.55000287099962,43.46666753599986,31.471227645874023
-123.55000287099962,43.58333420499986,17.235164642333984
-123.55000287099962,43.700000873999855,27.28737449645996
-123.55000287099962,43.81666754299985,32.39683151245117
-123.55000287099962,43.93333421199985,28.6998291015625
-123.55000287099962,44.050000880999846,34.80436706542969
-123.55000287099962,44.16666754999984,38.46977233886719
-123.55000287099962,44.28333421899984,75.6711196899414
-123.55000287099962,44.40000088799984,45.11994934082031
-123.55000287099962,44.516667556999835,72.368896484375
-123.55000287099962,44.63333422599983,59.158935546875
-123.55000287099962,44.75000089499983,79.88472747802734
-123.55000287099962,44.866667563999826,98.38853454589844
-123.55000287099962,44.98333423299982,96.5156478881836
-123.55000287099962,45.10000090199982,45.492618560791016
-123.55000287099962,45.21666757099982,74.72542572021484
-123.55000287099962,45.333334239999814,100.93836212158203
-123.55000287099962,45.45000090899981,86.866943359375
-123.55000287099962,45.56666757799981,102.88282012939453
-123.55000287099962,45.683334246999806,118.53434753417969
-123.55000287099962,45.8000009159998,96.46075439453125
-123.55000287099962,45.9166675849998,56.74620056152344
-123.55000287099962,46.0333342539998,50.722171783447266
-123.55000287099962,46.150000922999794,22.45531463623047
-123.55000287099962,46.26666759199979,1.522257924079895
-123.55000287099962,46.38333426099979,30.976720809936523
-123.55000287099962,46.500000929999786,49.916481018066406
-123.55000287099962,46.61666759899978,4.082792282104492
-123.55000287099962,46.73333426799978,-7.718680381774902
-123.55000287099962,46.85000093699978,10.956819534301758
-123.55000287099962,46.966667605999774,-7.420615196228027
-123.55000287099962,47.08333427499977,-5.318425178527832
-123.55000287099962,47.20000094399977,-16.809356689453125
-123.55000287099962,47.316667612999765,33.279319763183594
-123.55000287099962,47.43333428199976,68.54191589355469
-123.55000287099962,47.55000095099976,13.445207595825195
-123.55000287099962,47.66666761999976,32.91901397705078
-123.55000287099962,47.783334288999754,53.076541900634766
-123.55000287099962,47.90000095799975,22.35116195678711
-123.55000287099962,48.01666762699975,46.079566955566406
-123.55000287099962,48.133334295999745,-5.922198295593262
-123.55000287099962,48.25000096499974,30.290605545043945
-123.55000287099962,48.36666763399974,64.03350830078125
-123.55000287099962,48.48333430299974,56.75815963745117
-123.55000287099962,48.600000971999734,24.442323684692383
-123.55000287099962,48.71666764099973,1.2107404470443726
-123.55000287099962,48.83333430999973,-6.309238433837891
-123.55000287099962,48.950000978999725,-16.890682220458984
-123.55000287099962,49.06666764799972,-50.18954849243164
-123.55000287099962,49.18333431699972,-73.02169036865234
-123.55000287099962,49.300000985999716,-66.1112060546875
-123.55000287099962,49.41666765499971,-19.033376693725586
-123.55000287099962,49.53333432399971,37.31517028808594
-123.55000287099962,49.65000099299971,-23.490528106689453
-123.55000287099962,49.766667661999705,-20.67384910583496
-123.55000287099962,49.8833343309997,64.76953125
-123.55000287099962,50.0000009999997,91.21897888183594
-123.55000287099962,50.116667668999696,46.3521842956543
-123.55000287099962,50.23333433799969,0.30618584156036377
-123.55000287099962,50.35000100699969,-16.124099731445312
-123.55000287099962,50.46666767599969,-18.72964096069336
-123.55000287099962,50.583334344999685,-3.6798412799835205
-123.55000287099962,50.70000101399968,-64.40859985351562
-123.55000287099962,50.81666768299968,28.599136352539062
-123.55000287099962,50.933334351999676,6.600067138671875
-123.55000287099962,51.05000102099967,35.300445556640625
-123.55000287099962,51.16666768999967,10.32270622253418
-123.55000287099962,51.28333435899967,30.73207664489746
-123.55000287099962,51.400001027999664,14.06553840637207
-123.55000287099962,51.51666769699966,41.641422271728516
-123.55000287099962,51.63333436599966,16.44785499572754
-123.55000287099962,51.750001034999656,14.805403709411621
-123.55000287099962,51.86666770399965,-8.334511756896973
-123.55000287099962,51.98333437299965,-13.891498565673828
-123.55000287099962,52.10000104199965,-4.536669731140137
-123.55000287099962,52.216667710999644,11.716010093688965
-123.55000287099962,52.33333437999964,-0.003924757242202759
-123.55000287099962,52.45000104899964,-9.468087196350098
-123.55000287099962,52.566667717999636,-6.701231002807617
-123.55000287099962,52.68333438699963,2.871882677078247
-123.55000287099962,52.80000105599963,-28.90911293029785
-123.55000287099962,52.91666772499963,-35.08879852294922
-123.55000287099962,53.033334393999624,-21.83922004699707
-123.55000287099962,53.15000106299962,-28.801963806152344
-123.55000287099962,53.26666773199962,-22.341075897216797
-123.55000287099962,53.383334400999615,15.222755432128906
-123.55000287099962,53.50000106999961,-15.31286907196045
-123.55000287099962,53.61666773899961,2.0836896896362305
-123.55000287099962,53.73333440799961,-19.754201889038086
-123.55000287099962,53.850001076999604,-2.9144389629364014
-123.55000287099962,53.9666677459996,-9.603802680969238
-123.43333620199962,37.983334092999996,43.932350158691406
-123.43333620199962,38.10000076199999,22.73409652709961
-123.43333620199962,38.21666743099999,-20.713098526000977
-123.43333620199962,38.33333409999999,-24.22818946838379
-123.43333620199962,38.450000768999985,-26.350555419921875
-123.43333620199962,38.56666743799998,-19.771533966064453
-123.43333620199962,38.68333410699998,37.25107192993164
-123.43333620199962,38.800000775999976,30.090055465698242
-123.43333620199962,38.91666744499997,37.799686431884766
-123.43333620199962,39.03333411399997,13.279906272888184
-123.43333620199962,39.15000078299997,20.72616958618164
-123.43333620199962,39.266667451999965,23.28897476196289
-123.43333620199962,39.38333412099996,18.120813369750977
-123.43333620199962,39.50000078999996,38.16322708129883
-123.43333620199962,39.616667458999956,26.83588981628418
-123.43333620199962,39.73333412799995,23.247705459594727
-123.43333620199962,39.85000079699995,11.574851036071777
-123.43333620199962,39.96666746599995,-23.738813400268555
-123.43333620199962,40.083334134999944,-3.436744213104248
-123.43333620199962,40.20000080399994,-3.738449811935425
-123.43333620199962,40.31666747299994,25.151065826416016
-123.43333620199962,40.433334141999936,-4.367918968200684
-123.43333620199962,40.55000081099993,-2.701550006866455
-123.43333620199962,40.66666747999993,4.3815813064575195
-123.43333620199962,40.78333414899993,13.895308494567871
-123.43333620199962,40.900000817999924,15.695094108581543
-123.43333620199962,41.01666748699992,60.73005676269531
-123.43333620199962,41.13333415599992,91.92898559570312
-123.43333620199962,41.250000824999915,38.226749420166016
-123.43333620199962,41.36666749399991,-41.347259521484375
-123.43333620199962,41.48333416299991,17.38984489440918
-123.43333620199962,41.60000083199991,1.9844276905059814
-123.43333620199962,41.716667500999904,-34.53675079345703
-123.43333620199962,41.8333341699999,-3.788534641265869
-123.43333620199962,41.9500008389999,39.87541580200195
-123.43333620199962,42.066667507999895,108.57987213134766
-123.43333620199962,42.18333417699989,52.83079147338867
-123.43333620199962,42.30000084599989,32.89751052856445
-123.43333620199962,42.41666751499989,-29.187158584594727
-123.43333620199962,42.533334183999884,-10.875356674194336
-123.43333620199962,42.65000085299988,18.740345001220703
-123.43333620199962,42.76666752199988,36.579795837402344
-123.43333620199962,42.883334190999875,15.855088233947754
-123.43333620199962,43.00000085999987,8.195000648498535
-123.43333620199962,43.11666752899987,-2.770568609237671
-123.43333620199962,43.233334197999866,6.513588905334473
-123.43333620199962,43.35000086699986,5.699777603149414
-123.43333620199962,43.46666753599986,37.81668472290039
-123.43333620199962,43.58333420499986,42.11202621459961
-123.43333620199962,43.700000873999855,40.41496276855469
-123.43333620199962,43.81666754299985,36.73255920410156
-123.43333620199962,43.93333421199985,39.79460144042969
-123.43333620199962,44.050000880999846,26.60321044921875
-123.43333620199962,44.16666754999984,27.636327743530273
-123.43333620199962,44.28333421899984,57.50316619873047
-123.43333620199962,44.40000088799984,38.6057243347168
-123.43333620199962,44.516667556999835,30.547243118286133
-123.43333620199962,44.63333422599983,48.26195526123047
-123.43333620199962,44.75000089499983,45.06846237182617
-123.43333620199962,44.866667563999826,51.42235565185547
-123.43333620199962,44.98333423299982,66.04517364501953
-123.43333620199962,45.10000090199982,43.55298614501953
-123.43333620199962,45.21666757099982,86.99950408935547
-123.43333620199962,45.333334239999814,115.89083862304688
-123.43333620199962,45.45000090899981,105.1050796508789
-123.43333620199962,45.56666757799981,123.80403900146484
-123.43333620199962,45.683334246999806,118.60469818115234
-123.43333620199962,45.8000009159998,111.30735778808594
-123.43333620199962,45.9166675849998,65.21803283691406
-123.43333620199962,46.0333342539998,45.11329650878906
-123.43333620199962,46.150000922999794,35.55995178222656
-123.43333620199962,46.26666759199979,21.398693084716797
-123.43333620199962,46.38333426099979,63.605464935302734
-123.43333620199962,46.500000929999786,76.66796875
-123.43333620199962,46.61666759899978,35.321067810058594
-123.43333620199962,46.73333426799978,28.56981086730957
-123.43333620199962,46.85000093699978,36.14415740966797
-123.43333620199962,46.966667605999774,4.868281364440918
-123.43333620199962,47.08333427499977,9.198779106140137
-123.43333620199962,47.20000094399977,-18.9174747467041
-123.43333620199962,47.316667612999765,52.91334533691406
-123.43333620199962,47.43333428199976,65.62934875488281
-123.43333620199962,47.55000095099976,32.8176155090332
-123.43333620199962,47.66666761999976,54.261146545410156
-123.43333620199962,47.783334288999754,42.07864761352539
-123.43333620199962,47.90000095799975,64.02301788330078
-123.43333620199962,48.01666762699975,82.4465560913086
-123.43333620199962,48.133334295999745,-21.244129180908203
-123.43333620199962,48.25000096499974,27.718931198120117
-123.43333620199962,48.36666763399974,31.690683364868164
-123.43333620199962,48.48333430299974,25.518098831176758
-123.43333620199962,48.600000971999734,2.1619575023651123
-123.43333620199962,48.71666764099973,-5.854647636413574
-123.43333620199962,48.83333430999973,-15.048139572143555
-123.43333620199962,48.950000978999725,-35.43125915527344
-123.43333620199962,49.06666764799972,-66.7869644165039
-123.43333620199962,49.18333431699972,-53.95961380004883
-123.43333620199962,49.300000985999716,-57.20611572265625
-123.43333620199962,49.41666765499971,-49.980953216552734
-123.43333620199962,49.53333432399971,-49.30717849731445
-123.43333620199962,49.65000099299971,-3.314709186553955
-123.43333620199962,49.766667661999705,-70.50454711914062
-123.43333620199962,49.8833343309997,22.31850814819336
-123.43333620199962,50.0000009999997,6.6479291915893555
-123.43333620199962,50.116667668999696,-26.863048553466797
-123.43333620199962,50.23333433799969,59.24456787109375
-123.43333620199962,50.35000100699969,86.45094299316406
-123.43333620199962,50.46666767599969,119.14287567138672
-123.43333620199962,50.583334344999685,-53.69920349121094
-123.43333620199962,50.70000101399968,-10.232012748718262
-123.43333620199962,50.81666768299968,-0.029255926609039307
-123.43333620199962,50.933334351999676,15.59401798248291
-123.43333620199962,51.05000102099967,44.68363952636719
-123.43333620199962,51.16666768999967,65.47783660888672
-123.43333620199962,51.28333435899967,81.60009002685547
-123.43333620199962,51.400001027999664,49.77171325683594
-123.43333620199962,51.51666769699966,66.65930938720703
-123.43333620199962,51.63333436599966,36.90324783325195
-123.43333620199962,51.750001034999656,12.905502319335938
-123.43333620199962,51.86666770399965,-0.6487603783607483
-123.43333620199962,51.98333437299965,3.025336980819702
-123.43333620199962,52.10000104199965,-23.79578399658203
-123.43333620199962,52.216667710999644,-11.228387832641602
-123.43333620199962,52.33333437999964,-3.604749917984009
-123.43333620199962,52.45000104899964,-0.24168330430984497
-123.43333620199962,52.566667717999636,-7.859317779541016
-123.43333620199962,52.68333438699963,-0.22050529718399048
-123.43333620199962,52.80000105599963,-20.084274291992188
-123.43333620199962,52.91666772499963,-25.18373680114746
-123.43333620199962,53.033334393999624,-6.315792083740234
-123.43333620199962,53.15000106299962,9.196491241455078
-123.43333620199962,53.26666773199962,-6.5683183670043945
-123.43333620199962,53.383334400999615,34.70120620727539
-123.43333620199962,53.50000106999961,-10.701559066772461
-123.43333620199962,53.61666773899961,11.339612007141113
-123.43333620199962,53.73333440799961,7.754321098327637
-123.43333620199962,53.850001076999604,10.181694984436035
-123.43333620199962,53.9666677459996,10.716066360473633
-123.31666953299963,37.983334092999996,4.073858261108398
-123.31666953299963,38.10000076199999,-8.882634162902832
-123.31666953299963,38.21666743099999,-11.75796127319336
-123.31666953299963,38.33333409999999,-15.622125625610352
-123.31666953299963,38.450000768999985,-22.951114654541016
-123.31666953299963,38.56666743799998,35.5229606628418
-123.31666953299963,38.68333410699998,32.73448944091797
-123.31666953299963,38.800000775999976,33.25326156616211
-123.31666953299963,38.91666744499997,35.68876647949219
-123.31666953299963,39.03333411399997,38.61075210571289
-123.31666953299963,39.15000078299997,40.533260345458984
-123.31666953299963,39.266667451999965,23.496437072753906
-123.31666953299963,39.38333412099996,33.44419860839844
-123.31666953299963,39.50000078999996,14.643244743347168
-123.31666953299963,39.616667458999956,26.002605438232422
-123.31666953299963,39.73333412799995,5.594272613525391
-123.31666953299963,39.85000079699995,8.275293350219727
-123.31666953299963,39.96666746599995,-19.3353271484375
-123.31666953299963,40.083334134999944,-19.198331832885742
-123.31666953299963,40.20000080399994,-15.672523498535156
-123.31666953299963,40.31666747299994,15.04846477508545
-123.31666953299963,40.433334141999936,37.3703727722168
-123.31666953299963,40.55000081099993,30.666406631469727
-123.31666953299963,40.66666747999993,20.795225143432617
-123.31666953299963,40.78333414899993,-2.679311752319336
-123.31666953299963,40.900000817999924,60.86430740356445
-123.31666953299963,41.01666748699992,1.3338810205459595
-123.31666953299963,41.13333415599992,64.225830078125
-123.31666953299963,41.250000824999915,-22.638811111450195
-123.31666953299963,41.36666749399991,34.7223014831543
-123.31666953299963,41.48333416299991,44.79799270629883
-123.31666953299963,41.60000083199991,91.5345458984375
-123.31666953299963,41.716667500999904,-26.486583709716797
-123.31666953299963,41.8333341699999,-49.16899871826172
-123.31666953299963,41.9500008389999,87.43016815185547
-123.31666953299963,42.066667507999895,132.7019805908203
-123.31666953299963,42.18333417699989,44.439212799072266
-123.31666953299963,42.30000084599989,21.072830200195312
-123.31666953299963,42.41666751499989,-10.52942180633545
-123.31666953299963,42.533334183999884,22.15741539001465
-123.31666953299963,42.65000085299988,47.050689697265625
-123.31666953299963,42.76666752199988,38.828861236572266
-123.31666953299963,42.883334190999875,19.54314613342285
-123.31666953299963,43.00000085999987,-14.83668327331543
-123.31666953299963,43.11666752899987,-2.303611993789673
-123.31666953299963,43.233334197999866,10.244471549987793
-123.31666953299963,43.35000086699986,9.399737358093262
-123.31666953299963,43.46666753599986,20.995471954345703
-123.31666953299963,43.58333420499986,38.690162658691406
-123.31666953299963,43.700000873999855,19.358583450317383
-123.31666953299963,43.81666754299985,29.778162002563477
-123.31666953299963,43.93333421199985,29.118555068969727
-123.31666953299963,44.050000880999846,10.757235527038574
-123.31666953299963,44.16666754999984,23.572458267211914
-123.31666953299963,44.28333421899984,16.956724166870117
-123.31666953299963,44.40000088799984,11.589841842651367
-123.31666953299963,44.516667556999835,3.7852447032928467
-123.31666953299963,44.63333422599983,34.066341400146484
-123.31666953299963,44.75000089499983,28.452754974365234
-123.31666953299963,44.866667563999826,16.284133911132812
-123.31666953299963,44.98333423299982,26.005586624145508
-123.31666953299963,45.10000090199982,25.58637809753418
-123.31666953299963,45.21666757099982,55.027748107910156
-123.31666953299963,45.333334239999814,59.389404296875
-123.31666953299963,45.45000090899981,78.41072845458984
-123.31666953299963,45.56666757799981,90.67042541503906
-123.31666953299963,45.683334246999806,65.00260162353516
-123.31666953299963,45.8000009159998,67.9780502319336
-123.31666953299963,45.9166675849998,47.77518844604492
-123.31666953299963,46.0333342539998,37.5314826965332
-123.31666953299963,46.150000922999794,47.43846130371094
-123.31666953299963,46.26666759199979,62.540531158447266
-123.31666953299963,46.38333426099979,84.63188171386719
-123.31666953299963,46.500000929999786,82.59352111816406
-123.31666953299963,46.61666759899978,39.36833953857422
-123.31666953299963,46.73333426799978,60.61984634399414
-123.31666953299963,46.85000093699978,29.02075958251953
-123.31666953299963,46.966667605999774,25.882226943969727
-123.31666953299963,47.08333427499977,20.855453491210938
-123.31666953299963,47.20000094399977,15.359737396240234
-123.31666953299963,47.316667612999765,34.203941345214844
-123.31666953299963,47.43333428199976,57.23377227783203
-123.31666953299963,47.55000095099976,63.072757720947266
-123.31666953299963,47.66666761999976,61.47650909423828
-123.31666953299963,47.783334288999754,91.46063995361328
-123.31666953299963,47.90000095799975,101.69683074951172
-123.31666953299963,48.01666762699975,39.44285583496094
-123.31666953299963,48.133334295999745,-29.72321128845215
-123.31666953299963,48.25000096499974,21.412351608276367
-123.31666953299963,48.36666763399974,14.362686157226562
-123.31666953299963,48.48333430299974,6.715175628662109
-123.31666953299963,48.600000971999734,-19.05612564086914
-123.31666953299963,48.71666764099973,-40.38741683959961
-123.31666953299963,48.83333430999973,-47.446651458740234
-123.31666953299963,48.950000978999725,-58.6421012878418
-123.31666953299963,49.06666764799972,-52.6045036315918
-123.31666953299963,49.18333431699972,-60.82143783569336
-123.31666953299963,49.300000985999716,-73.45388793945312
-123.31666953299963,49.41666765499971,-42.37663269042969
-123.31666953299963,49.53333432399971,-84.1711196899414
-123.31666953299963,49.65000099299971,-34.46272277832031
-123.31666953299963,49.766667661999705,22.55067253112793
-123.31666953299963,49.8833343309997,-47.38228988647461
-123.31666953299963,50.0000009999997,-17.847820281982422
-123.31666953299963,50.116667668999696,24.27928352355957
-123.31666953299963,50.23333433799969,80.89937591552734
-123.31666953299963,50.35000100699969,81.14137268066406
-123.31666953299963,50.46666767599969,93.92280578613281
-123.31666953299963,50.583334344999685,-51.02378845214844
-123.31666953299963,50.70000101399968,66.54383850097656
-123.31666953299963,50.81666768299968,-18.08639907836914
-123.31666953299963,50.933334351999676,60.29081726074219
-123.31666953299963,51.05000102099967,40.54169464111328
-123.31666953299963,51.16666768999967,108.6348876953125
-123.31666953299963,51.28333435899967,79.97547149658203
-123.31666953299963,51.400001027999664,29.682151794433594
-123.31666953299963,51.51666769699966,39.356048583984375
-123.31666953299963,51.63333436599966,19.770626068115234
-123.31666953299963,51.750001034999656,-5.678494453430176
-123.31666953299963,51.86666770399965,-1.3991557359695435
-123.31666953299963,51.98333437299965,-19.857519149780273
-123.31666953299963,52.10000104199965,-24.484500885009766
-123.31666953299963,52.216667710999644,-3.6819655895233154
-123.31666953299963,52.33333437999964,1.9348340034484863
-123.31666953299963,52.45000104899964,-0.1776689887046814
-123.31666953299963,52.566667717999636,-11.657618522644043
-123.31666953299963,52.68333438699963,-2.238521099090576
-123.31666953299963,52.80000105599963,4.399786949157715
-123.31666953299963,52.91666772499963,0.3912283182144165
-123.31666953299963,53.033334393999624,14.749720573425293
-123.31666953299963,53.15000106299962,32.338314056396484
-123.31666953299963,53.26666773199962,-3.3029732704162598
-123.31666953299963,53.383334400999615,8.606232643127441
-123.31666953299963,53.50000106999961,-15.322895050048828
-123.31666953299963,53.61666773899961,16.42644691467285
-123.31666953299963,53.73333440799961,16.58289909362793
-123.31666953299963,53.850001076999604,6.311100959777832
-123.31666953299963,53.9666677459996,15.543176651000977
-123.20000286399963,37.983334092999996,-7.535013198852539
-123.20000286399963,38.10000076199999,-10.566232681274414
-123.20000286399963,38.21666743099999,-7.489258766174316
-123.20000286399963,38.33333409999999,-6.978937149047852
-123.20000286399963,38.450000768999985,-2.1350769996643066
-123.20000286399963,38.56666743799998,47.871429443359375
-123.20000286399963,38.68333410699998,34.81150817871094
-123.20000286399963,38.800000775999976,37.30834197998047
-123.20000286399963,38.91666744499997,35.996978759765625
-123.20000286399963,39.03333411399997,19.796117782592773
-123.20000286399963,39.15000078299997,2.9358747005462646
-123.20000286399963,39.266667451999965,-8.279770851135254
-123.20000286399963,39.38333412099996,18.279804229736328
-123.20000286399963,39.50000078999996,30.55573272705078
-123.20000286399963,39.616667458999956,28.22428321838379
-123.20000286399963,39.73333412799995,-20.645517349243164
-123.20000286399963,39.85000079699995,-12.01821517944336
-123.20000286399963,39.96666746599995,23.838722229003906
-123.20000286399963,40.083334134999944,20.92983055114746
-123.20000286399963,40.20000080399994,12.25658130645752
-123.20000286399963,40.31666747299994,49.0699577331543
-123.20000286399963,40.433334141999936,19.468231201171875
-123.20000286399963,40.55000081099993,-18.17564582824707
-123.20000286399963,40.66666747999993,54.442684173583984
-123.20000286399963,40.78333414899993,-14.24697494506836
-123.20000286399963,40.900000817999924,76.24729919433594
-123.20000286399963,41.01666748699992,85.28292846679688
-123.20000286399963,41.13333415599992,56.42771911621094
-123.20000286399963,41.250000824999915,-1.9310636520385742
-123.20000286399963,41.36666749399991,93.86708068847656
-123.20000286399963,41.48333416299991,67.1944808959961
-123.20000286399963,41.60000083199991,113.63552856445312
-123.20000286399963,41.716667500999904,74.48662567138672
-123.20000286399963,41.8333341699999,-34.47599792480469
-123.20000286399963,41.9500008389999,92.6127700805664
-123.20000286399963,42.066667507999895,45.57399368286133
-123.20000286399963,42.18333417699989,24.025522232055664
-123.20000286399963,42.30000084599989,17.120670318603516
-123.20000286399963,42.41666751499989,10.747007369995117
-123.20000286399963,42.533334183999884,22.990671157836914
-123.20000286399963,42.65000085299988,58.76328659057617
-123.20000286399963,42.76666752199988,52.608909606933594
-123.20000286399963,42.883334190999875,14.87607192993164
-123.20000286399963,43.00000085999987,-21.151391983032227
-123.20000286399963,43.11666752899987,9.346233367919922
-123.20000286399963,43.233334197999866,0.5043390393257141
-123.20000286399963,43.35000086699986,5.879885673522949
-123.20000286399963,43.46666753599986,10.141241073608398
-123.20000286399963,43.58333420499986,30.68601417541504
-123.20000286399963,43.700000873999855,13.106252670288086
-123.20000286399963,43.81666754299985,20.03885841369629
-123.20000286399963,43.93333421199985,19.097644805908203
-123.20000286399963,44.050000880999846,-5.577447891235352
-123.20000286399963,44.16666754999984,-9.934813499450684
-123.20000286399963,44.28333421899984,-1.3014593124389648
-123.20000286399963,44.40000088799984,-2.1400058269500732
-123.20000286399963,44.516667556999835,-8.131041526794434
-123.20000286399963,44.63333422599983,-4.2519941329956055
-123.20000286399963,44.75000089499983,-2.5668909549713135
-123.20000286399963,44.866667563999826,-9.210113525390625
-123.20000286399963,44.98333423299982,-2.1221208572387695
-123.20000286399963,45.10000090199982,11.642102241516113
-123.20000286399963,45.21666757099982,21.69334602355957
-123.20000286399963,45.333334239999814,27.09969139099121
-123.20000286399963,45.45000090899981,21.666658401489258
-123.20000286399963,45.56666757799981,10.475064277648926
-123.20000286399963,45.683334246999806,-4.109230995178223
-123.20000286399963,45.8000009159998,25.958337783813477
-123.20000286399963,45.9166675849998,14.484414100646973
-123.20000286399963,46.0333342539998,41.4553108215332
-123.20000286399963,46.150000922999794,52.31411361694336
-123.20000286399963,46.26666759199979,90.11354064941406
-123.20000286399963,46.38333426099979,94.43130493164062
-123.20000286399963,46.500000929999786,70.01699829101562
-123.20000286399963,46.61666759899978,14.081681251525879
-123.20000286399963,46.73333426799978,42.67070388793945
-123.20000286399963,46.85000093699978,34.588340759277344
-123.20000286399963,46.966667605999774,73.10184478759766
-123.20000286399963,47.08333427499977,49.184207916259766
-123.20000286399963,47.20000094399977,31.647300720214844
-123.20000286399963,47.316667612999765,-1.6814786195755005
-123.20000286399963,47.43333428199976,24.021869659423828
-123.20000286399963,47.55000095099976,70.34356689453125
-123.20000286399963,47.66666761999976,47.910911560058594
-123.20000286399963,47.783334288999754,83.0188980102539
-123.20000286399963,47.90000095799975,83.77128601074219
-123.20000286399963,48.01666762699975,0.5231771469116211
-123.20000286399963,48.133334295999745,-15.575276374816895
-123.20000286399963,48.25000096499974,19.99506187438965
-123.20000286399963,48.36666763399974,23.640663146972656
-123.20000286399963,48.48333430299974,-19.12898063659668
-123.20000286399963,48.600000971999734,-51.95915985107422
-123.20000286399963,48.71666764099973,-53.4938850402832
-123.20000286399963,48.83333430999973,-41.4593391418457
-123.20000286399963,48.950000978999725,-73.49385833740234
-123.20000286399963,49.06666764799972,-56.64584732055664
-123.20000286399963,49.18333431699972,-69.17034149169922
-123.20000286399963,49.300000985999716,-52.55624771118164
-123.20000286399963,49.41666765499971,-13.71467399597168
-123.20000286399963,49.53333432399971,-40.68110656738281
-123.20000286399963,49.65000099299971,-85.60023498535156
-123.20000286399963,49.766667661999705,-50.913394927978516
-123.20000286399963,49.8833343309997,-105.2270736694336
-123.20000286399963,50.0000009999997,-13.768999099731445
-123.20000286399963,50.116667668999696,74.86077117919922
-123.20000286399963,50.23333433799969,34.63165283203125
-123.20000286399963,50.35000100699969,83.41735076904297
-123.20000286399963,50.46666767599969,-13.46049690246582
-123.20000286399963,50.583334344999685,-1.382681131362915
-123.20000286399963,50.70000101399968,114.4031982421875
-123.20000286399963,50.81666768299968,-49.20110321044922
-123.20000286399963,50.933334351999676,83.98418426513672
-123.20000286399963,51.05000102099967,60.833553314208984
-123.20000286399963,51.16666768999967,76.01233673095703
-123.20000286399963,51.28333435899967,65.77330017089844
-123.20000286399963,51.400001027999664,16.423465728759766
-123.20000286399963,51.51666769699966,8.44044017791748
-123.20000286399963,51.63333436599966,11.991681098937988
-123.20000286399963,51.750001034999656,-19.135398864746094
-123.20000286399963,51.86666770399965,-31.097702026367188
-123.20000286399963,51.98333437299965,-44.47149658203125
-123.20000286399963,52.10000104199965,-17.934505462646484
-123.20000286399963,52.216667710999644,-0.5295008420944214
-123.20000286399963,52.33333437999964,-0.4656562805175781
-123.20000286399963,52.45000104899964,-15.416036605834961
-123.20000286399963,52.566667717999636,8.909028053283691
-123.20000286399963,52.68333438699963,16.998106002807617
-123.20000286399963,52.80000105599963,18.02166175842285
-123.20000286399963,52.91666772499963,13.63769817352295
-123.20000286399963,53.033334393999624,14.318276405334473
-123.20000286399963,53.15000106299962,2.9192631244659424
-123.20000286399963,53.26666773199962,-19.144731521606445
-123.20000286399963,53.383334400999615,-16.117671966552734
-123.20000286399963,53.50000106999961,-28.80014419555664
-123.20000286399963,53.61666773899961,-12.463892936706543
-123.20000286399963,53.73333440799961,-5.862470626831055
-123.20000286399963,53.850001076999604,-0.6974418759346008
-123.20000286399963,53.9666677459996,-1.449594259262085
-123.08333619499963,37.983334092999996,-9.512076377868652
-123.08333619499963,38.10000076199999,10.953872680664062
-123.08333619499963,38.21666743099999,5.489202499389648
-123.08333619499963,38.33333409999999,24.90699577331543
-123.08333619499963,38.450000768999985,24.211145401000977
-123.08333619499963,38.56666743799998,29.055805206298828
-123.08333619499963,38.68333410699998,30.453819274902344
-123.08333619499963,38.800000775999976,10.210227012634277
-123.08333619499963,38.91666744499997,10.595048904418945
-123.08333619499963,39.03333411399997,23.72275161743164
-123.08333619499963,39.15000078299997,47.3226203918457
-123.08333619499963,39.266667451999965,5.211986541748047
-123.08333619499963,39.38333412099996,27.275602340698242
-123.08333619499963,39.50000078999996,69.24456787109375
-123.08333619499963,39.616667458999956,-2.5641047954559326
-123.08333619499963,39.73333412799995,11.745453834533691
-123.08333619499963,39.85000079699995,-6.872554779052734
-123.08333619499963,39.96666746599995,44.95621871948242
-123.08333619499963,40.083334134999944,70.9751205444336
-123.08333619499963,40.20000080399994,23.61824607849121
-123.08333619499963,40.31666747299994,44.71665954589844
-123.08333619499963,40.433334141999936,44.16158676147461
-123.08333619499963,40.55000081099993,5.49043083190918
-123.08333619499963,40.66666747999993,21.10930061340332
-123.08333619499963,40.78333414899993,-8.482301712036133
-123.08333619499963,40.900000817999924,54.127349853515625
-123.08333619499963,41.01666748699992,115.7594985961914
-123.08333619499963,41.13333415599992,7.839529991149902
-123.08333619499963,41.250000824999915,53.75439453125
-123.08333619499963,41.36666749399991,40.75807189941406
-123.08333619499963,41.48333416299991,129.81201171875
-123.08333619499963,41.60000083199991,94.94979858398438
-123.08333619499963,41.716667500999904,16.73287582397461
-123.08333619499963,41.8333341699999,-48.91340255737305
-123.08333619499963,41.9500008389999,41.292049407958984
-123.08333619499963,42.066667507999895,-12.889287948608398
-123.08333619499963,42.18333417699989,9.473092079162598
-123.08333619499963,42.30000084599989,33.795169830322266
-123.08333619499963,42.41666751499989,-3.0100181102752686
-123.08333619499963,42.533334183999884,-1.5281238555908203
-123.08333619499963,42.65000085299988,20.565235137939453
-123.08333619499963,42.76666752199988,48.70549392700195
-123.08333619499963,42.883334190999875,6.476933479309082
-123.08333619499963,43.00000085999987,-19.197757720947266
-123.08333619499963,43.11666752899987,5.6816558837890625
-123.08333619499963,43.233334197999866,-8.491556167602539
-123.08333619499963,43.35000086699986,5.531108856201172
-123.08333619499963,43.46666753599986,16.432764053344727
-123.08333619499963,43.58333420499986,15.915862083435059
-123.08333619499963,43.700000873999855,8.123077392578125
-123.08333619499963,43.81666754299985,-6.767987251281738
-123.08333619499963,43.93333421199985,-4.607794761657715
-123.08333619499963,44.050000880999846,-9.070182800292969
-123.08333619499963,44.16666754999984,-17.319215774536133
-123.08333619499963,44.28333421899984,-18.93214988708496
-123.08333619499963,44.40000088799984,-16.54240608215332
-123.08333619499963,44.516667556999835,-17.753746032714844
-123.08333619499963,44.63333422599983,-12.973712921142578
-123.08333619499963,44.75000089499983,-14.423330307006836
-123.08333619499963,44.866667563999826,-18.098430633544922
-123.08333619499963,44.98333423299982,-18.732460021972656
-123.08333619499963,45.10000090199982,-14.52949047088623
-123.08333619499963,45.21666757099982,-10.554203033447266
-123.08333619499963,45.333334239999814,-1.9732388257980347
-123.08333619499963,45.45000090899981,-26.281360626220703
-123.08333619499963,45.56666757799981,-53.820865631103516
-123.08333619499963,45.683334246999806,-17.055673599243164
-123.08333619499963,45.8000009159998,16.709821701049805
-123.08333619499963,45.9166675849998,0.29837894439697266
-123.08333619499963,46.0333342539998,25.903554916381836
-123.08333619499963,46.150000922999794,34.49116134643555
-123.08333619499963,46.26666759199979,71.54962158203125
-123.08333619499963,46.38333426099979,57.870574951171875
-123.08333619499963,46.500000929999786,32.93634033203125
-123.08333619499963,46.61666759899978,-5.653169631958008
-123.08333619499963,46.73333426799978,18.549436569213867
-123.08333619499963,46.85000093699978,28.279647827148438
-123.08333619499963,46.966667605999774,58.597862243652344
-123.08333619499963,47.08333427499977,44.61231231689453
-123.08333619499963,47.20000094399977,4.72545051574707
-123.08333619499963,47.316667612999765,-17.244619369506836
-123.08333619499963,47.43333428199976,-21.507080078125
-123.08333619499963,47.55000095099976,22.509408950805664
-123.08333619499963,47.66666761999976,58.8915901184082
-123.08333619499963,47.783334288999754,96.13289642333984
-123.08333619499963,47.90000095799975,99.85334014892578
-123.08333619499963,48.01666762699975,4.5031585693359375
-123.08333619499963,48.133334295999745,-25.652956008911133
-123.08333619499963,48.25000096499974,-12.812966346740723
-123.08333619499963,48.36666763399974,-24.123252868652344
-123.08333619499963,48.48333430299974,-24.062854766845703
-123.08333619499963,48.600000971999734,-41.2943229675293
-123.08333619499963,48.71666764099973,-56.2999153137207
-123.08333619499963,48.83333430999973,-83.35138702392578
-123.08333619499963,48.950000978999725,-72.7271499633789
-123.08333619499963,49.06666764799972,-66.1918716430664
-123.08333619499963,49.18333431699972,-67.8980484008789
-123.08333619499963,49.300000985999716,-52.68971252441406
-123.08333619499963,49.41666765499971,36.704959869384766
-123.08333619499963,49.53333432399971,43.53733444213867
-123.08333619499963,49.65000099299971,1.5832768678665161
-123.08333619499963,49.766667661999705,-95.77906036376953
-123.08333619499963,49.8833343309997,18.002174377441406
-123.08333619499963,50.0000009999997,-14.988694190979004
-123.08333619499963,50.116667668999696,1.2353559732437134
-123.08333619499963,50.23333433799969,13.819415092468262
-123.08333619499963,50.35000100699969,109.59765625
-123.08333619499963,50.46666767599969,-41.64958572387695
-123.08333619499963,50.583334344999685,5.613411903381348
-123.08333619499963,50.70000101399968,88.1522445678711
-123.08333619499963,50.81666768299968,19.0777587890625
-123.08333619499963,50.933334351999676,71.41799926757812
-123.08333619499963,51.05000102099967,53.970333099365234
-123.08333619499963,51.16666768999967,58.91078567504883
-123.08333619499963,51.28333435899967,49.195960998535156
-123.08333619499963,51.400001027999664,16.790401458740234
-123.08333619499963,51.51666769699966,-13.832125663757324
-123.08333619499963,51.63333436599966,-10.356600761413574
-123.08333619499963,51.750001034999656,-23.684579849243164
-123.08333619499963,51.86666770399965,-42.577857971191406
-123.08333619499963,51.98333437299965,-23.926132202148438
-123.08333619499963,52.10000104199965,6.720561981201172
-123.08333619499963,52.216667710999644,4.028162956237793
-123.08333619499963,52.33333437999964,7.357651710510254
-123.08333619499963,52.45000104899964,-4.298674583435059
-123.08333619499963,52.566667717999636,8.335149765014648
-123.08333619499963,52.68333438699963,1.7258708477020264
-123.08333619499963,52.80000105599963,-8.962928771972656
-123.08333619499963,52.91666772499963,-11.446037292480469
-123.08333619499963,53.033334393999624,-2.142016887664795
-123.08333619499963,53.15000106299962,-7.3308305740356445
-123.08333619499963,53.26666773199962,-18.390165328979492
-123.08333619499963,53.383334400999615,-15.706107139587402
-123.08333619499963,53.50000106999961,-22.80086326599121
-123.08333619499963,53.61666773899961,-11.721014976501465
-123.08333619499963,53.73333440799961,-11.314324378967285
-123.08333619499963,53.850001076999604,-15.72959041595459
-123.08333619499963,53.9666677459996,-4.9965715408325195
-122.96666952599963,37.983334092999996,7.140003204345703
-122.96666952599963,38.10000076199999,19.80063819885254
-122.96666952599963,38.21666743099999,20.501832962036133
-122.96666952599963,38.33333409999999,19.268644332885742
-122.96666952599963,38.450000768999985,21.920503616333008
-122.96666952599963,38.56666743799998,18.273054122924805
-122.96666952599963,38.68333410699998,8.85512638092041
-122.96666952599963,38.800000775999976,9.416354179382324
-122.96666952599963,38.91666744499997,48.628631591796875
-122.96666952599963,39.03333411399997,43.143680572509766
-122.96666952599963,39.15000078299997,22.630569458007812
-122.96666952599963,39.266667451999965,49.16352462768555
-122.96666952599963,39.38333412099996,21.272266387939453
-122.96666952599963,39.50000078999996,61.64891052246094
-122.96666952599963,39.616667458999956,92.37265014648438
-122.96666952599963,39.73333412799995,61.309024810791016
-122.96666952599963,39.85000079699995,44.610382080078125
-122.96666952599963,39.96666746599995,64.36381530761719
-122.96666952599963,40.083334134999944,78.68578338623047
-122.96666952599963,40.20000080399994,89.27304077148438
-122.96666952599963,40.31666747299994,22.591339111328125
-122.96666952599963,40.433334141999936,54.161376953125
-122.96666952599963,40.55000081099993,21.82206153869629
-122.96666952599963,40.66666747999993,-30.281049728393555
-122.96666952599963,40.78333414899993,36.437232971191406
-122.96666952599963,40.900000817999924,94.55192565917969
-122.96666952599963,41.01666748699992,129.13442993164062
-122.96666952599963,41.13333415599992,69.18856048583984
-122.96666952599963,41.250000824999915,129.2080535888672
-122.96666952599963,41.36666749399991,96.56140899658203
-122.96666952599963,41.48333416299991,47.87954330444336
-122.96666952599963,41.60000083199991,11.650775909423828
-122.96666952599963,41.716667500999904,-4.831727027893066
-122.96666952599963,41.8333341699999,-47.43975830078125
-122.96666952599963,41.9500008389999,87.1207504272461
-122.96666952599963,42.066667507999895,43.74359893798828
-122.96666952599963,42.18333417699989,1.8897061347961426
-122.96666952599963,42.30000084599989,14.049389839172363
-122.96666952599963,42.41666751499989,-22.07032012939453
-122.96666952599963,42.533334183999884,-0.22809484601020813
-122.96666952599963,42.65000085299988,23.21202278137207
-122.96666952599963,42.76666752199988,51.63679122924805
-122.96666952599963,42.883334190999875,-1.75801682472229
-122.96666952599963,43.00000085999987,-4.3133392333984375
-122.96666952599963,43.11666752899987,18.265926361083984
-122.96666952599963,43.233334197999866,-16.402257919311523
-122.96666952599963,43.35000086699986,-8.348028182983398
-122.96666952599963,43.46666753599986,29.20631980895996
-122.96666952599963,43.58333420499986,12.029029846191406
-122.96666952599963,43.700000873999855,-2.7684168815612793
-122.96666952599963,43.81666754299985,-13.406784057617188
-122.96666952599963,43.93333421199985,-33.40747833251953
-122.96666952599963,44.050000880999846,-36.86870193481445
-122.96666952599963,44.16666754999984,-8.85452938079834
-122.96666952599963,44.28333421899984,-4.155235290527344
-122.96666952599963,44.40000088799984,-14.833324432373047
-122.96666952599963,44.516667556999835,-28.75799560546875
-122.96666952599963,44.63333422599983,-35.8957633972168
-122.96666952599963,44.75000089499983,-24.943910598754883
-122.96666952599963,44.866667563999826,-16.52178382873535
-122.96666952599963,44.98333423299982,-30.094501495361328
-122.96666952599963,45.10000090199982,-33.800010681152344
-122.96666952599963,45.21666757099982,-29.159730911254883
-122.96666952599963,45.333334239999814,-20.17943572998047
-122.96666952599963,45.45000090899981,-45.91755676269531
-122.96666952599963,45.56666757799981,-57.60832977294922
-122.96666952599963,45.683334246999806,-12.51830768585205
-122.96666952599963,45.8000009159998,-14.888495445251465
-122.96666952599963,45.9166675849998,-8.287914276123047
-122.96666952599963,46.0333342539998,-8.226858139038086
-122.96666952599963,46.150000922999794,2.3853049278259277
-122.96666952599963,46.26666759199979,22.93576431274414
-122.96666952599963,46.38333426099979,2.3393778800964355
-122.96666952599963,46.500000929999786,-7.8787946701049805
-122.96666952599963,46.61666759899978,-28.220701217651367
-122.96666952599963,46.73333426799978,7.194541931152344
-122.96666952599963,46.85000093699978,17.399593353271484
-122.96666952599963,46.966667605999774,28.612144470214844
-122.96666952599963,47.08333427499977,16.7362060546875
-122.96666952599963,47.20000094399977,-23.470291137695312
-122.96666952599963,47.316667612999765,-33.112396240234375
-122.96666952599963,47.43333428199976,-28.522415161132812
-122.96666952599963,47.55000095099976,-16.859407424926758
-122.96666952599963,47.66666761999976,25.209531784057617
-122.96666952599963,47.783334288999754,62.14134979248047
-122.96666952599963,47.90000095799975,55.03004837036133
-122.96666952599963,48.01666762699975,7.4815778732299805
-122.96666952599963,48.133334295999745,-39.318756103515625
-122.96666952599963,48.25000096499974,-43.00582504272461
-122.96666952599963,48.36666763399974,-31.265335083007812
-122.96666952599963,48.48333430299974,-30.5903263092041
-122.96666952599963,48.600000971999734,-36.7551155090332
-122.96666952599963,48.71666764099973,-56.64749526977539
-122.96666952599963,48.83333430999973,-91.77314758300781
-122.96666952599963,48.950000978999725,-56.023197174072266
-122.96666952599963,49.06666764799972,-64.51887512207031
-122.96666952599963,49.18333431699972,-58.487274169921875
-122.96666952599963,49.300000985999716,-40.57156753540039
-122.96666952599963,49.41666765499971,10.664904594421387
-122.96666952599963,49.53333432399971,-35.19783020019531
-122.96666952599963,49.65000099299971,41.008934020996094
-122.96666952599963,49.766667661999705,28.769956588745117
-122.96666952599963,49.8833343309997,126.41758728027344
-122.96666952599963,50.0000009999997,38.700870513916016
-122.96666952599963,50.116667668999696,-14.63352108001709
-122.96666952599963,50.23333433799969,10.564465522766113
-122.96666952599963,50.35000100699969,47.713470458984375
-122.96666952599963,50.46666767599969,-80.92498016357422
-122.96666952599963,50.583334344999685,22.160903930664062
-122.96666952599963,50.70000101399968,39.96767807006836
-122.96666952599963,50.81666768299968,-12.941276550292969
-122.96666952599963,50.933334351999676,44.2501335144043
-122.96666952599963,51.05000102099967,18.106060028076172
-122.96666952599963,51.16666768999967,72.93379974365234
-122.96666952599963,51.28333435899967,51.79888916015625
-122.96666952599963,51.400001027999664,45.100013732910156
-122.96666952599963,51.51666769699966,11.681526184082031
-122.96666952599963,51.63333436599966,-10.820942878723145
-122.96666952599963,51.750001034999656,-36.53855895996094
-122.96666952599963,51.86666770399965,-33.409767150878906
-122.96666952599963,51.98333437299965,17.686800003051758
-122.96666952599963,52.10000104199965,26.149019241333008
-122.96666952599963,52.216667710999644,1.3607336282730103
-122.96666952599963,52.33333437999964,4.687138557434082
-122.96666952599963,52.45000104899964,11.333587646484375
-122.96666952599963,52.566667717999636,-0.8525901436805725
-122.96666952599963,52.68333438699963,3.4243533611297607
-122.96666952599963,52.80000105599963,-6.947501182556152
-122.96666952599963,52.91666772499963,-20.568511962890625
-122.96666952599963,53.033334393999624,-9.524507522583008
-122.96666952599963,53.15000106299962,-6.286690711975098
-122.96666952599963,53.26666773199962,-17.832971572875977
-122.96666952599963,53.383334400999615,-14.121633529663086
-122.96666952599963,53.50000106999961,-0.7206348776817322
-122.96666952599963,53.61666773899961,9.707718849182129
-122.96666952599963,53.73333440799961,-9.180440902709961
-122.96666952599963,53.850001076999604,-18.885465621948242
-122.96666952599963,53.9666677459996,-4.0277204513549805
-122.85000285699964,37.983334092999996,11.795919418334961
-122.85000285699964,38.10000076199999,26.034238815307617
-122.85000285699964,38.21666743099999,26.99755859375
-122.85000285699964,38.33333409999999,13.595056533813477
-122.85000285699964,38.450000768999985,3.9901840686798096
-122.85000285699964,38.56666743799998,2.3149631023406982
-122.85000285699964,38.68333410699998,-2.9856672286987305
-122.85000285699964,38.800000775999976,37.64468002319336
-122.85000285699964,38.91666744499997,29.229324340820312
-122.85000285699964,39.03333411399997,8.355085372924805
-122.85000285699964,39.15000078299997,26.036590576171875
-122.85000285699964,39.266667451999965,44.858863830566406
-122.85000285699964,39.38333412099996,36.65375900268555
-122.85000285699964,39.50000078999996,36.22591781616211
-122.85000285699964,39.616667458999956,104.2861099243164
-122.85000285699964,39.73333412799995,69.20287322998047
-122.85000285699964,39.85000079699995,44.0134391784668
-122.85000285699964,39.96666746599995,71.29833984375
-122.85000285699964,40.083334134999944,53.575748443603516
-122.85000285699964,40.20000080399994,40.893001556396484
-122.85000285699964,40.31666747299994,-18.45512580871582
-122.85000285699964,40.433334141999936,15.426507949829102
-122.85000285699964,40.55000081099993,44.520809173583984
-122.85000285699964,40.66666747999993,-21.511137008666992
-122.85000285699964,40.78333414899993,-24.175199508666992
-122.85000285699964,40.900000817999924,41.25018310546875
-122.85000285699964,41.01666748699992,138.1259765625
-122.85000285699964,41.13333415599992,77.65830993652344
-122.85000285699964,41.250000824999915,79.80073547363281
-122.85000285699964,41.36666749399991,-0.39629262685775757
-122.85000285699964,41.48333416299991,-16.275516510009766
-122.85000285699964,41.60000083199991,-27.207700729370117
-122.85000285699964,41.716667500999904,45.72233963012695
-122.85000285699964,41.8333341699999,-30.63616943359375
-122.85000285699964,41.9500008389999,39.20918273925781
-122.85000285699964,42.066667507999895,97.0878677368164
-122.85000285699964,42.18333417699989,27.922256469726562
-122.85000285699964,42.30000084599989,-25.34969711303711
-122.85000285699964,42.41666751499989,-37.976341247558594
-122.85000285699964,42.533334183999884,-44.4356689453125
-122.85000285699964,42.65000085299988,-18.609342575073242
-122.85000285699964,42.76666752199988,26.02224349975586
-122.85000285699964,42.883334190999875,-6.398444175720215
-122.85000285699964,43.00000085999987,-16.306076049804688
-122.85000285699964,43.11666752899987,13.635381698608398
-122.85000285699964,43.233334197999866,-9.885612487792969
-122.85000285699964,43.35000086699986,-20.906789779663086
-122.85000285699964,43.46666753599986,25.866491317749023
-122.85000285699964,43.58333420499986,12.152839660644531
-122.85000285699964,43.700000873999855,-8.920494079589844
-122.85000285699964,43.81666754299985,10.209356307983398
-122.85000285699964,43.93333421199985,-36.44744873046875
-122.85000285699964,44.050000880999846,-28.593530654907227
-122.85000285699964,44.16666754999984,-22.04319190979004
-122.85000285699964,44.28333421899984,-12.792438507080078
-122.85000285699964,44.40000088799984,-18.789201736450195
-122.85000285699964,44.516667556999835,-21.497167587280273
-122.85000285699964,44.63333422599983,-40.40718078613281
-122.85000285699964,44.75000089499983,-39.23816680908203
-122.85000285699964,44.866667563999826,-24.73096466064453
-122.85000285699964,44.98333423299982,-24.35782814025879
-122.85000285699964,45.10000090199982,-32.07784652709961
-122.85000285699964,45.21666757099982,-40.78313064575195
-122.85000285699964,45.333334239999814,-21.82965660095215
-122.85000285699964,45.45000090899981,-48.13871383666992
-122.85000285699964,45.56666757799981,-43.874839782714844
-122.85000285699964,45.683334246999806,-34.02385330200195
-122.85000285699964,45.8000009159998,-41.09357452392578
-122.85000285699964,45.9166675849998,-34.73062515258789
-122.85000285699964,46.0333342539998,-17.344274520874023
-122.85000285699964,46.150000922999794,-14.214483261108398
-122.85000285699964,46.26666759199979,-13.460610389709473
-122.85000285699964,46.38333426099979,-24.80107307434082
-122.85000285699964,46.500000929999786,-35.00421905517578
-122.85000285699964,46.61666759899978,-28.535547256469727
-122.85000285699964,46.73333426799978,1.3163734674453735
-122.85000285699964,46.85000093699978,25.933574676513672
-122.85000285699964,46.966667605999774,16.63899040222168
-122.85000285699964,47.08333427499977,-15.947990417480469
-122.85000285699964,47.20000094399977,-38.716556549072266
-122.85000285699964,47.316667612999765,-46.5694465637207
-122.85000285699964,47.43333428199976,-11.255513191223145
-122.85000285699964,47.55000095099976,2.444270372390747
-122.85000285699964,47.66666761999976,-26.090131759643555
-122.85000285699964,47.783334288999754,-12.893102645874023
-122.85000285699964,47.90000095799975,-7.363533020019531
-122.85000285699964,48.01666762699975,-5.626439094543457
-122.85000285699964,48.133334295999745,-42.826622009277344
-122.85000285699964,48.25000096499974,-66.16091918945312
-122.85000285699964,48.36666763399974,-50.05893325805664
-122.85000285699964,48.48333430299974,-50.485164642333984
-122.85000285699964,48.600000971999734,-30.672380447387695
-122.85000285699964,48.71666764099973,-58.14936447143555
-122.85000285699964,48.83333430999973,-66.6120834350586
-122.85000285699964,48.950000978999725,-59.46271896362305
-122.85000285699964,49.06666764799972,-60.4807243347168
-122.85000285699964,49.18333431699972,-53.53603744506836
-122.85000285699964,49.300000985999716,-31.609664916992188
-122.85000285699964,49.41666765499971,-17.42521095275879
-122.85000285699964,49.53333432399971,13.534225463867188
-122.85000285699964,49.65000099299971,61.544532775878906
-122.85000285699964,49.766667661999705,34.33641815185547
-122.85000285699964,49.8833343309997,17.99635124206543
-122.85000285699964,50.0000009999997,91.39701843261719
-122.85000285699964,50.116667668999696,65.05701446533203
-122.85000285699964,50.23333433799969,4.436018943786621
-122.85000285699964,50.35000100699969,-46.50611114501953
-122.85000285699964,50.46666767599969,0.9659435749053955
-122.85000285699964,50.583334344999685,122.40830993652344
-122.85000285699964,50.70000101399968,45.8840217590332
-122.85000285699964,50.81666768299968,-45.89832305908203
-122.85000285699964,50.933334351999676,26.63834571838379
-122.85000285699964,51.05000102099967,30.902624130249023
-122.85000285699964,51.16666768999967,40.337623596191406
-122.85000285699964,51.28333435899967,39.64287185668945
-122.85000285699964,51.400001027999664,49.11948776245117
-122.85000285699964,51.51666769699966,35.353302001953125
-122.85000285699964,51.63333436599966,37.27653503417969
-122.85000285699964,51.750001034999656,-19.93718719482422
-122.85000285699964,51.86666770399965,-26.915273666381836
-122.85000285699964,51.98333437299965,32.28668975830078
-122.85000285699964,52.10000104199965,2.633054256439209
-122.85000285699964,52.216667710999644,5.1270647048950195
-122.85000285699964,52.33333437999964,28.631996154785156
-122.85000285699964,52.45000104899964,22.269628524780273
-122.85000285699964,52.566667717999636,16.632028579711914
-122.85000285699964,52.68333438699963,18.00076675415039
-122.85000285699964,52.80000105599963,13.752988815307617
-122.85000285699964,52.91666772499963,2.6698455810546875
-122.85000285699964,53.033334393999624,9.185652732849121
-122.85000285699964,53.15000106299962,-4.90922737121582
-122.85000285699964,53.26666773199962,-25.09575843811035
-122.85000285699964,53.383334400999615,-13.288115501403809
-122.85000285699964,53.50000106999961,7.488896369934082
-122.85000285699964,53.61666773899961,2.2614009380340576
-122.85000285699964,53.73333440799961,-9.734416961669922
-122.85000285699964,53.850001076999604,-1.9298207759857178
-122.85000285699964,53.9666677459996,-7.945148468017578
-122.73333618799964,37.983334092999996,36.16427230834961
-122.73333618799964,38.10000076199999,35.35039138793945
-122.73333618799964,38.21666743099999,20.551578521728516
-122.73333618799964,38.33333409999999,7.230782508850098
-122.73333618799964,38.450000768999985,-9.508349418640137
-122.73333618799964,38.56666743799998,4.222979545593262
-122.73333618799964,38.68333410699998,18.107683181762695
-122.73333618799964,38.800000775999976,64.02696228027344
-122.73333618799964,38.91666744499997,30.457271575927734
-122.73333618799964,39.03333411399997,27.23161506652832
-122.73333618799964,39.15000078299997,63.77793502807617
-122.73333618799964,39.266667451999965,77.13337707519531
-122.73333618799964,39.38333412099996,131.0343475341797
-122.73333618799964,39.50000078999996,109.62213897705078
-122.73333618799964,39.616667458999956,72.14024353027344
-122.73333618799964,39.73333412799995,36.18069839477539
-122.73333618799964,39.85000079699995,40.02421569824219
-122.73333618799964,39.96666746599995,87.19557189941406
-122.73333618799964,40.083334134999944,23.198518753051758
-122.73333618799964,40.20000080399994,-36.6476936340332
-122.73333618799964,40.31666747299994,-48.697021484375
-122.73333618799964,40.433334141999936,-21.15597152709961
-122.73333618799964,40.55000081099993,70.4560317993164
-122.73333618799964,40.66666747999993,-2.7874739170074463
-122.73333618799964,40.78333414899993,14.278336524963379
-122.73333618799964,40.900000817999924,2.4546422958374023
-122.73333618799964,41.01666748699992,12.886994361877441
-122.73333618799964,41.13333415599992,24.705760955810547
-122.73333618799964,41.250000824999915,84.47521209716797
-122.73333618799964,41.36666749399991,18.54707145690918
-122.73333618799964,41.48333416299991,73.946533203125
-122.73333618799964,41.60000083199991,37.683170318603516
-122.73333618799964,41.716667500999904,54.0278434753418
-122.73333618799964,41.8333341699999,13.223092079162598
-122.73333618799964,41.9500008389999,24.113712310791016
-122.73333618799964,42.066667507999895,100.85706329345703
-122.73333618799964,42.18333417699989,0.7410407066345215
-122.73333618799964,42.30000084599989,-1.3903822898864746
-122.73333618799964,42.41666751499989,-37.67696762084961
-122.73333618799964,42.533334183999884,-31.643348693847656
-122.73333618799964,42.65000085299988,-27.8976993560791
-122.73333618799964,42.76666752199988,-10.53489875793457
-122.73333618799964,42.883334190999875,18.905437469482422
-122.73333618799964,43.00000085999987,-24.93279266357422
-122.73333618799964,43.11666752899987,4.427563667297363
-122.73333618799964,43.233334197999866,19.563011169433594
-122.73333618799964,43.35000086699986,-19.619827270507812
-122.73333618799964,43.46666753599986,0.6881830096244812
-122.73333618799964,43.58333420499986,8.895013809204102
-122.73333618799964,43.700000873999855,-3.079636335372925
-122.73333618799964,43.81666754299985,17.282859802246094
-122.73333618799964,43.93333421199985,-30.808298110961914
-122.73333618799964,44.050000880999846,-3.0790181159973145
-122.73333618799964,44.16666754999984,-22.26702880859375
-122.73333618799964,44.28333421899984,-25.084291458129883
-122.73333618799964,44.40000088799984,-41.92197036743164
-122.73333618799964,44.516667556999835,-34.15605163574219
-122.73333618799964,44.63333422599983,-47.05020523071289
-122.73333618799964,44.75000089499983,-49.705360412597656
-122.73333618799964,44.866667563999826,-25.45111656188965
-122.73333618799964,44.98333423299982,-22.68755531311035
-122.73333618799964,45.10000090199982,-41.53812026977539
-122.73333618799964,45.21666757099982,-44.02357864379883
-122.73333618799964,45.333334239999814,-21.163230895996094
-122.73333618799964,45.45000090899981,-21.71470069885254
-122.73333618799964,45.56666757799981,-31.972373962402344
-122.73333618799964,45.683334246999806,-47.498008728027344
-122.73333618799964,45.8000009159998,-42.21083068847656
-122.73333618799964,45.9166675849998,-24.849533081054688
-122.73333618799964,46.0333342539998,10.628764152526855
-122.73333618799964,46.150000922999794,11.108482360839844
-122.73333618799964,46.26666759199979,-3.248924493789673
-122.73333618799964,46.38333426099979,-30.652008056640625
-122.73333618799964,46.500000929999786,-43.130218505859375
-122.73333618799964,46.61666759899978,-19.816085815429688
-122.73333618799964,46.73333426799978,15.897406578063965
-122.73333618799964,46.85000093699978,19.94310188293457
-122.73333618799964,46.966667605999774,-13.775405883789062
-122.73333618799964,47.08333427499977,-40.4444465637207
-122.73333618799964,47.20000094399977,-53.369930267333984
-122.73333618799964,47.316667612999765,-52.273963928222656
-122.73333618799964,47.43333428199976,-7.643982887268066
-122.73333618799964,47.55000095099976,3.505887508392334
-122.73333618799964,47.66666761999976,-59.575191497802734
-122.73333618799964,47.783334288999754,-35.65559387207031
-122.73333618799964,47.90000095799975,5.043278694152832
-122.73333618799964,48.01666762699975,-18.623384475708008
-122.73333618799964,48.133334295999745,-59.544776916503906
-122.73333618799964,48.25000096499974,-49.934574127197266
-122.73333618799964,48.36666763399974,-52.8260498046875
-122.73333618799964,48.48333430299974,-56.30964660644531
-122.73333618799964,48.600000971999734,-52.34918975830078
-122.73333618799964,48.71666764099973,-65.43977355957031
-122.73333618799964,48.83333430999973,-87.40485382080078
-122.73333618799964,48.950000978999725,-56.25004959106445
-122.73333618799964,49.06666764799972,-63.625858306884766
-122.73333618799964,49.18333431699972,-57.1546630859375
-122.73333618799964,49.300000985999716,-33.09234619140625
-122.73333618799964,49.41666765499971,28.99297332763672
-122.73333618799964,49.53333432399971,57.86324691772461
-122.73333618799964,49.65000099299971,-13.243828773498535
-122.73333618799964,49.766667661999705,0.7933642864227295
-122.73333618799964,49.8833343309997,38.47191619873047
-122.73333618799964,50.0000009999997,107.04927062988281
-122.73333618799964,50.116667668999696,131.62844848632812
-122.73333618799964,50.23333433799969,78.1112060546875
-122.73333618799964,50.35000100699969,-103.30952453613281
-122.73333618799964,50.46666767599969,7.007730484008789
-122.73333618799964,50.583334344999685,61.88594436645508
-122.73333618799964,50.70000101399968,14.470855712890625
-122.73333618799964,50.81666768299968,69.09007263183594
-122.73333618799964,50.933334351999676,-53.461334228515625
-122.73333618799964,51.05000102099967,13.522100448608398
-122.73333618799964,51.16666768999967,27.690597534179688
-122.73333618799964,51.28333435899967,7.143465995788574
-122.73333618799964,51.400001027999664,13.025789260864258
-122.73333618799964,51.51666769699966,29.876976013183594
-122.73333618799964,51.63333436599966,7.862400054931641
-122.73333618799964,51.750001034999656,-11.790733337402344
-122.73333618799964,51.86666770399965,-19.938629150390625
-122.73333618799964,51.98333437299965,25.208581924438477
-122.73333618799964,52.10000104199965,6.758024215698242
-122.73333618799964,52.216667710999644,10.864286422729492
-122.73333618799964,52.33333437999964,25.895938873291016
-122.73333618799964,52.45000104899964,4.360622406005859
-122.73333618799964,52.566667717999636,15.730864524841309
-122.73333618799964,52.68333438699963,12.470516204833984
-122.73333618799964,52.80000105599963,21.585445404052734
-122.73333618799964,52.91666772499963,4.271796226501465
-122.73333618799964,53.033334393999624,-0.8492187857627869
-122.73333618799964,53.15000106299962,-14.699148178100586
-122.73333618799964,53.26666773199962,-10.329452514648438
-122.73333618799964,53.383334400999615,-11.26545238494873
-122.73333618799964,53.50000106999961,-14.63835620880127
-122.73333618799964,53.61666773899961,-17.01679229736328
-122.73333618799964,53.73333440799961,-16.274381637573242
-122.73333618799964,53.850001076999604,-31.493192672729492
-122.73333618799964,53.9666677459996,-31.4432315826416
-122.61666951899964,37.983334092999996,47.96044921875
-122.61666951899964,38.10000076199999,23.571773529052734
-122.61666951899964,38.21666743099999,14.907670974731445
-122.61666951899964,38.33333409999999,12.174554824829102
-122.61666951899964,38.450000768999985,24.16532325744629
-122.61666951899964,38.56666743799998,18.206809997558594
-122.61666951899964,38.68333410699998,36.47542190551758
-122.61666951899964,38.800000775999976,18.751325607299805
-122.61666951899964,38.91666744499997,21.146318435668945
-122.61666951899964,39.03333411399997,12.661226272583008
-122.61666951899964,39.15000078299997,25.249469757080078
-122.61666951899964,39.266667451999965,46.896121978759766
-122.61666951899964,39.38333412099996,9.069028854370117
-122.61666951899964,39.50000078999996,13.71420955657959
-122.61666951899964,39.616667458999956,-7.830320358276367
-122.61666951899964,39.73333412799995,-13.311479568481445
-122.61666951899964,39.85000079699995,-23.67194175720215
-122.61666951899964,39.96666746599995,-24.10648536682129
-122.61666951899964,40.083334134999944,-62.35854721069336
-122.61666951899964,40.20000080399994,-74.18805694580078
-122.61666951899964,40.31666747299994,-66.09154510498047
-122.61666951899964,40.433334141999936,-59.792579650878906
-122.61666951899964,40.55000081099993,-12.469134330749512
-122.61666951899964,40.66666747999993,-22.471601486206055
-122.61666951899964,40.78333414899993,36.042152404785156
-122.61666951899964,40.900000817999924,37.434688568115234
-122.61666951899964,41.01666748699992,11.592389106750488
-122.61666951899964,41.13333415599992,45.08645248413086
-122.61666951899964,41.250000824999915,44.550106048583984
-122.61666951899964,41.36666749399991,130.51878356933594
-122.61666951899964,41.48333416299991,73.9637680053711
-122.61666951899964,41.60000083199991,55.0525016784668
-122.61666951899964,41.716667500999904,5.680803298950195
-122.61666951899964,41.8333341699999,16.201175689697266
-122.61666951899964,41.9500008389999,20.630022048950195
-122.61666951899964,42.066667507999895,18.563016891479492
-122.61666951899964,42.18333417699989,-25.394750595092773
-122.61666951899964,42.30000084599989,32.13901138305664
-122.61666951899964,42.41666751499989,-43.26247024536133
-122.61666951899964,42.533334183999884,-20.127300262451172
-122.61666951899964,42.65000085299988,-28.217397689819336
-122.61666951899964,42.76666752199988,-29.244230270385742
-122.61666951899964,42.883334190999875,31.99730682373047
-122.61666951899964,43.00000085999987,-5.503016471862793
-122.61666951899964,43.11666752899987,-6.337064743041992
-122.61666951899964,43.233334197999866,22.261415481567383
-122.61666951899964,43.35000086699986,-24.139572143554688
-122.61666951899964,43.46666753599986,-15.48874282836914
-122.61666951899964,43.58333420499986,42.381134033203125
-122.61666951899964,43.700000873999855,23.748775482177734
-122.61666951899964,43.81666754299985,-2.602720022201538
-122.61666951899964,43.93333421199985,-12.514593124389648
-122.61666951899964,44.050000880999846,12.367168426513672
-122.61666951899964,44.16666754999984,-1.2106823921203613
-122.61666951899964,44.28333421899984,5.164902687072754
-122.61666951899964,44.40000088799984,-30.71356201171875
-122.61666951899964,44.516667556999835,3.6545350551605225
-122.61666951899964,44.63333422599983,-4.023551940917969
-122.61666951899964,44.75000089499983,-47.82718276977539
-122.61666951899964,44.866667563999826,-20.297842025756836
-122.61666951899964,44.98333423299982,-18.38495635986328
-122.61666951899964,45.10000090199982,-27.002185821533203
-122.61666951899964,45.21666757099982,-33.229095458984375
-122.61666951899964,45.333334239999814,-17.041242599487305
-122.61666951899964,45.45000090899981,-16.85915756225586
-122.61666951899964,45.56666757799981,-35.543575286865234
-122.61666951899964,45.683334246999806,-34.25541687011719
-122.61666951899964,45.8000009159998,-42.306785583496094
-122.61666951899964,45.9166675849998,-17.167116165161133
-122.61666951899964,46.0333342539998,12.914891242980957
-122.61666951899964,46.150000922999794,21.200672149658203
-122.61666951899964,46.26666759199979,0.1077483594417572
-122.61666951899964,46.38333426099979,-10.503026008605957
-122.61666951899964,46.500000929999786,-18.877445220947266
-122.61666951899964,46.61666759899978,-6.3021955490112305
-122.61666951899964,46.73333426799978,54.67376708984375
-122.61666951899964,46.85000093699978,-10.428730010986328
-122.61666951899964,46.966667605999774,-44.493568420410156
-122.61666951899964,47.08333427499977,-44.34238815307617
-122.61666951899964,47.20000094399977,-53.49921417236328
-122.61666951899964,47.316667612999765,-50.1964225769043
-122.61666951899964,47.43333428199976,-15.189031600952148
-122.61666951899964,47.55000095099976,-35.7723274230957
-122.61666951899964,47.66666761999976,-85.2587890625
-122.61666951899964,47.783334288999754,-46.284000396728516
-122.61666951899964,47.90000095799975,12.981861114501953
-122.61666951899964,48.01666762699975,-41.61814498901367
-122.61666951899964,48.133334295999745,-75.01527404785156
-122.61666951899964,48.25000096499974,-82.06578063964844
-122.61666951899964,48.36666763399974,-54.222023010253906
-122.61666951899964,48.48333430299974,-59.80167007446289
-122.61666951899964,48.600000971999734,-78.89722442626953
-122.61666951899964,48.71666764099973,-61.5415153503418
-122.61666951899964,48.83333430999973,-62.84421920776367
-122.61666951899964,48.950000978999725,-55.1976432800293
-122.61666951899964,49.06666764799972,-49.57602310180664
-122.61666951899964,49.18333431699972,-51.61069107055664
-122.61666951899964,49.300000985999716,-47.544151306152344
-122.61666951899964,49.41666765499971,-12.806299209594727
-122.61666951899964,49.53333432399971,-31.534725189208984
-122.61666951899964,49.65000099299971,-36.1000862121582
-122.61666951899964,49.766667661999705,76.60233306884766
-122.61666951899964,49.8833343309997,94.18934631347656
-122.61666951899964,50.0000009999997,47.57416534423828
-122.61666951899964,50.116667668999696,43.69233322143555
-122.61666951899964,50.23333433799969,-1.3339238166809082
-122.61666951899964,50.35000100699969,-29.023672103881836
-122.61666951899964,50.46666767599969,-21.948808670043945
-122.61666951899964,50.583334344999685,38.213409423828125
-122.61666951899964,50.70000101399968,97.99475860595703
-122.61666951899964,50.81666768299968,78.73841094970703
-122.61666951899964,50.933334351999676,-0.7367633581161499
-122.61666951899964,51.05000102099967,79.09632873535156
-122.61666951899964,51.16666768999967,55.876522064208984
-122.61666951899964,51.28333435899967,7.098052024841309
-122.61666951899964,51.400001027999664,-2.350905179977417
-122.61666951899964,51.51666769699966,30.785863876342773
-122.61666951899964,51.63333436599966,5.81419563293457
-122.61666951899964,51.750001034999656,17.097156524658203
-122.61666951899964,51.86666770399965,-1.1156642436981201
-122.61666951899964,51.98333437299965,10.060412406921387
-122.61666951899964,52.10000104199965,17.897886276245117
-122.61666951899964,52.216667710999644,-10.279088020324707
-122.61666951899964,52.33333437999964,-7.3700971603393555
-122.61666951899964,52.45000104899964,-13.356851577758789
-122.61666951899964,52.566667717999636,-10.395267486572266
-122.61666951899964,52.68333438699963,-18.3062801361084
-122.61666951899964,52.80000105599963,-7.752083778381348
-122.61666951899964,52.91666772499963,-18.563438415527344
-122.61666951899964,53.033334393999624,-36.344688415527344
-122.61666951899964,53.15000106299962,-32.38406753540039
-122.61666951899964,53.26666773199962,-4.220438003540039
-122.61666951899964,53.383334400999615,-31.959774017333984
-122.61666951899964,53.50000106999961,-40.97013854980469
-122.61666951899964,53.61666773899961,-30.235933303833008
-122.61666951899964,53.73333440799961,-29.80463218688965
-122.61666951899964,53.850001076999604,-41.52422332763672
-122.61666951899964,53.9666677459996,-40.87071990966797
-122.50000284999965,37.983334092999996,15.25296401977539
-122.50000284999965,38.10000076199999,5.049252510070801
-122.50000284999965,38.21666743099999,-2.8933892250061035
-122.50000284999965,38.33333409999999,19.6839656829834
-122.50000284999965,38.450000768999985,26.498937606811523
-122.50000284999965,38.56666743799998,12.040088653564453
-122.50000284999965,38.68333410699998,36.16465377807617
-122.50000284999965,38.800000775999976,13.821414947509766
-122.50000284999965,38.91666744499997,32.694034576416016
-122.50000284999965,39.03333411399997,17.995624542236328
-122.50000284999965,39.15000078299997,22.484596252441406
-122.50000284999965,39.266667451999965,8.915948867797852
-122.50000284999965,39.38333412099996,-11.802261352539062
-122.50000284999965,39.50000078999996,-27.352672576904297
-122.50000284999965,39.616667458999956,-49.34660720825195
-122.50000284999965,39.73333412799995,-44.00467300415039
-122.50000284999965,39.85000079699995,-72.1967544555664
-122.50000284999965,39.96666746599995,-67.46063232421875
-122.50000284999965,40.083334134999944,-74.68376159667969
-122.50000284999965,40.20000080399994,-84.56029510498047
-122.50000284999965,40.31666747299994,-79.76842498779297
-122.50000284999965,40.433334141999936,-69.00575256347656
-122.50000284999965,40.55000081099993,-42.459625244140625
-122.50000284999965,40.66666747999993,-10.515009880065918
-122.50000284999965,40.78333414899993,11.519535064697266
-122.50000284999965,40.900000817999924,27.38178825378418
-122.50000284999965,41.01666748699992,43.16916275024414
-122.50000284999965,41.13333415599992,96.2536392211914
-122.50000284999965,41.250000824999915,144.1793975830078
-122.50000284999965,41.36666749399991,162.5433349609375
-122.50000284999965,41.48333416299991,11.807084083557129
-122.50000284999965,41.60000083199991,-10.837249755859375
-122.50000284999965,41.716667500999904,-15.601078033447266
-122.50000284999965,41.8333341699999,-0.3024497628211975
-122.50000284999965,41.9500008389999,-18.125490188598633
-122.50000284999965,42.066667507999895,33.696434020996094
-122.50000284999965,42.18333417699989,43.10865020751953
-122.50000284999965,42.30000084599989,22.918710708618164
-122.50000284999965,42.41666751499989,-15.685836791992188
-122.50000284999965,42.533334183999884,-16.20611000061035
-122.50000284999965,42.65000085299988,11.355249404907227
-122.50000284999965,42.76666752199988,-32.14778137207031
-122.50000284999965,42.883334190999875,0.3434167504310608
-122.50000284999965,43.00000085999987,34.08839416503906
-122.50000284999965,43.11666752899987,23.993026733398438
-122.50000284999965,43.233334197999866,-10.228821754455566
-122.50000284999965,43.35000086699986,16.62888526916504
-122.50000284999965,43.46666753599986,2.9836814403533936
-122.50000284999965,43.58333420499986,-3.284496784210205
-122.50000284999965,43.700000873999855,-20.925640106201172
-122.50000284999965,43.81666754299985,-4.898689270019531
-122.50000284999965,43.93333421199985,5.689984321594238
-122.50000284999965,44.050000880999846,-2.914623737335205
-122.50000284999965,44.16666754999984,-17.94156837463379
-122.50000284999965,44.28333421899984,16.923038482666016
-122.50000284999965,44.40000088799984,-32.228763580322266
-122.50000284999965,44.516667556999835,-1.7330105304718018
-122.50000284999965,44.63333422599983,30.376686096191406
-122.50000284999965,44.75000089499983,-35.49009704589844
-122.50000284999965,44.866667563999826,18.330707550048828
-122.50000284999965,44.98333423299982,-9.026896476745605
-122.50000284999965,45.10000090199982,-22.103654861450195
-122.50000284999965,45.21666757099982,-27.68727684020996
-122.50000284999965,45.333334239999814,-25.272031784057617
-122.50000284999965,45.45000090899981,-27.214632034301758
-122.50000284999965,45.56666757799981,-36.70041275024414
-122.50000284999965,45.683334246999806,-40.810935974121094
-122.50000284999965,45.8000009159998,-39.53856658935547
-122.50000284999965,45.9166675849998,-19.964181900024414
-122.50000284999965,46.0333342539998,16.788766860961914
-122.50000284999965,46.150000922999794,39.20439147949219
-122.50000284999965,46.26666759199979,17.224340438842773
-122.50000284999965,46.38333426099979,3.846320867538452
-122.50000284999965,46.500000929999786,-11.952489852905273
-122.50000284999965,46.61666759899978,21.889814376831055
-122.50000284999965,46.73333426799978,51.10594940185547
-122.50000284999965,46.85000093699978,-41.96120834350586
-122.50000284999965,46.966667605999774,-54.286109924316406
-122.50000284999965,47.08333427499977,-53.02393341064453
-122.50000284999965,47.20000094399977,-48.933677673339844
-122.50000284999965,47.316667612999765,-37.515316009521484
-122.50000284999965,47.43333428199976,-17.219755172729492
-122.50000284999965,47.55000095099976,-74.51695251464844
-122.50000284999965,47.66666761999976,-114.73814392089844
-122.50000284999965,47.783334288999754,-62.50548553466797
-122.50000284999965,47.90000095799975,-72.8023910522461
-122.50000284999965,48.01666762699975,-62.44997787475586
-122.50000284999965,48.133334295999745,-85.40222930908203
-122.50000284999965,48.25000096499974,-78.08045959472656
-122.50000284999965,48.36666763399974,-62.141300201416016
-122.50000284999965,48.48333430299974,5.236032485961914
-122.50000284999965,48.600000971999734,-68.51502990722656
-122.50000284999965,48.71666764099973,-75.67131042480469
-122.50000284999965,48.83333430999973,-71.15300750732422
-122.50000284999965,48.950000978999725,-50.7251091003418
-122.50000284999965,49.06666764799972,-33.76652908325195
-122.50000284999965,49.18333431699972,-31.138160705566406
-122.50000284999965,49.300000985999716,3.0323832035064697
-122.50000284999965,49.41666765499971,1.653252363204956
-122.50000284999965,49.53333432399971,6.590268135070801
-122.50000284999965,49.65000099299971,25.018291473388672
-122.50000284999965,49.766667661999705,94.22456359863281
-122.50000284999965,49.8833343309997,-8.483242988586426
-122.50000284999965,50.0000009999997,-24.64341163635254
-122.50000284999965,50.116667668999696,-34.35029220581055
-122.50000284999965,50.23333433799969,-98.1778793334961
-122.50000284999965,50.35000100699969,93.2205810546875
-122.50000284999965,50.46666767599969,5.113918304443359
-122.50000284999965,50.583334344999685,-55.945098876953125
-122.50000284999965,50.70000101399968,98.81021118164062
-122.50000284999965,50.81666768299968,-26.672067642211914
-122.50000284999965,50.933334351999676,102.93803405761719
-122.50000284999965,51.05000102099967,95.50017547607422
-122.50000284999965,51.16666768999967,58.14146423339844
-122.50000284999965,51.28333435899967,49.47467803955078
-122.50000284999965,51.400001027999664,12.553777694702148
-122.50000284999965,51.51666769699966,-17.380435943603516
-122.50000284999965,51.63333436599966,32.54402542114258
-122.50000284999965,51.750001034999656,15.78977108001709
-122.50000284999965,51.86666770399965,-14.62917709350586
-122.50000284999965,51.98333437299965,-17.03015899658203
-122.50000284999965,52.10000104199965,-1.6002850532531738
-122.50000284999965,52.216667710999644,-10.72343921661377
-122.50000284999965,52.33333437999964,-15.946425437927246
-122.50000284999965,52.45000104899964,-35.89912796020508
-122.50000284999965,52.566667717999636,-67.26276397705078
-122.50000284999965,52.68333438699963,-84.96981048583984
-122.50000284999965,52.80000105599963,-67.25110626220703
-122.50000284999965,52.91666772499963,-52.482818603515625
-122.50000284999965,53.033334393999624,-53.919864654541016
-122.50000284999965,53.15000106299962,-24.107179641723633
-122.50000284999965,53.26666773199962,-17.608633041381836
-122.50000284999965,53.383334400999615,-23.140361785888672
-122.50000284999965,53.50000106999961,-19.10184097290039
-122.50000284999965,53.61666773899961,-10.1657133102417
-122.50000284999965,53.73333440799961,-14.9110689163208
-122.50000284999965,53.850001076999604,15.800139427185059
-122.50000284999965,53.9666677459996,-11.503807067871094
-122.38333618099965,37.983334092999996,-3.7619900703430176
-122.38333618099965,38.10000076199999,-28.60808563232422
-122.38333618099965,38.21666743099999,-24.856874465942383
-122.38333618099965,38.33333409999999,7.854585647583008
-122.38333618099965,38.450000768999985,4.670835494995117
-122.38333618099965,38.56666743799998,27.3946533203125
-122.38333618099965,38.68333410699998,10.93350887298584
-122.38333618099965,38.800000775999976,23.858856201171875
-122.38333618099965,38.91666744499997,23.600658416748047
-122.38333618099965,39.03333411399997,7.078770637512207
-122.38333618099965,39.15000078299997,-14.844474792480469
-122.38333618099965,39.266667451999965,-23.560832977294922
-122.38333618099965,39.38333412099996,-30.844196319580078
-122.38333618099965,39.50000078999996,-42.0728874206543
-122.38333618099965,39.616667458999956,-31.976486206054688
-122.38333618099965,39.73333412799995,-45.864925384521484
-122.38333618099965,39.85000079699995,-48.76129913330078
-122.38333618099965,39.96666746599995,-63.0320930480957
-122.38333618099965,40.083334134999944,-72.77232360839844
-122.38333618099965,40.20000080399994,-79.47846984863281
-122.38333618099965,40.31666747299994,-80.34477233886719
-122.38333618099965,40.433334141999936,-57.29888153076172
-122.38333618099965,40.55000081099993,-48.43682861328125
-122.38333618099965,40.66666747999993,-44.40856170654297
-122.38333618099965,40.78333414899993,-33.86994552612305
-122.38333618099965,40.900000817999924,-47.97077178955078
-122.38333618099965,41.01666748699992,-29.284456253051758
-122.38333618099965,41.13333415599992,8.593271255493164
-122.38333618099965,41.250000824999915,54.5218505859375
-122.38333618099965,41.36666749399991,0.1407839059829712
-122.38333618099965,41.48333416299991,-41.90413284301758
-122.38333618099965,41.60000083199991,-34.091365814208984
-122.38333618099965,41.716667500999904,-35.266815185546875
-122.38333618099965,41.8333341699999,-15.886303901672363
-122.38333618099965,41.9500008389999,-33.93069076538086
-122.38333618099965,42.066667507999895,7.277238845825195
-122.38333618099965,42.18333417699989,32.02068328857422
-122.38333618099965,42.30000084599989,26.482351303100586
-122.38333618099965,42.41666751499989,24.595951080322266
-122.38333618099965,42.533334183999884,-25.661523818969727
-122.38333618099965,42.65000085299988,-3.957730770111084
-122.38333618099965,42.76666752199988,-23.151153564453125
-122.38333618099965,42.883334190999875,6.527716636657715
-122.38333618099965,43.00000085999987,11.653390884399414
-122.38333618099965,43.11666752899987,43.304046630859375
-122.38333618099965,43.233334197999866,-14.851537704467773
-122.38333618099965,43.35000086699986,16.515901565551758
-122.38333618099965,43.46666753599986,-11.861777305603027
-122.38333618099965,43.58333420499986,-6.297992706298828
-122.38333618099965,43.700000873999855,-40.800785064697266
-122.38333618099965,43.81666754299985,-18.926895141601562
-122.38333618099965,43.93333421199985,3.5005152225494385
-122.38333618099965,44.050000880999846,-4.659775733947754
-122.38333618099965,44.16666754999984,-19.34528923034668
-122.38333618099965,44.28333421899984,33.53541946411133
-122.38333618099965,44.40000088799984,-13.990691184997559
-122.38333618099965,44.516667556999835,-5.010068893432617
-122.38333618099965,44.63333422599983,31.602176666259766
-122.38333618099965,44.75000089499983,-13.020971298217773
-122.38333618099965,44.866667563999826,19.779630661010742
-122.38333618099965,44.98333423299982,6.256268501281738
-122.38333618099965,45.10000090199982,-4.733736038208008
-122.38333618099965,45.21666757099982,-28.053442001342773
-122.38333618099965,45.333334239999814,-47.452640533447266
-122.38333618099965,45.45000090899981,-43.49671936035156
-122.38333618099965,45.56666757799981,-37.79445266723633
-122.38333618099965,45.683334246999806,-6.739209175109863
-122.38333618099965,45.8000009159998,-2.75431489944458
-122.38333618099965,45.9166675849998,-8.77493953704834
-122.38333618099965,46.0333342539998,12.926436424255371
-122.38333618099965,46.150000922999794,38.06140899658203
-122.38333618099965,46.26666759199979,29.319528579711914
-122.38333618099965,46.38333426099979,17.908960342407227
-122.38333618099965,46.500000929999786,-8.791618347167969
-122.38333618099965,46.61666759899978,31.231924057006836
-122.38333618099965,46.73333426799978,35.84672164916992
-122.38333618099965,46.85000093699978,-32.6517448425293
-122.38333618099965,46.966667605999774,-46.829586029052734
-122.38333618099965,47.08333427499977,-49.08906936645508
-122.38333618099965,47.20000094399977,-45.135345458984375
-122.38333618099965,47.316667612999765,-37.196449279785156
-122.38333618099965,47.43333428199976,-33.901607513427734
-122.38333618099965,47.55000095099976,-93.11943054199219
-122.38333618099965,47.66666761999976,-119.8830337524414
-122.38333618099965,47.783334288999754,-78.39937591552734
-122.38333618099965,47.90000095799975,-82.83440399169922
-122.38333618099965,48.01666762699975,-81.53990936279297
-122.38333618099965,48.133334295999745,-102.1596450805664
-122.38333618099965,48.25000096499974,-89.26573181152344
-122.38333618099965,48.36666763399974,-66.49464416503906
-122.38333618099965,48.48333430299974,-64.51011657714844
-122.38333618099965,48.600000971999734,-53.98405456542969
-122.38333618099965,48.71666764099973,-40.4639778137207
-122.38333618099965,48.83333430999973,-70.3318862915039
-122.38333618099965,48.950000978999725,-58.573307037353516
-122.38333618099965,49.06666764799972,-24.518938064575195
-122.38333618099965,49.18333431699972,-6.495943069458008
-122.38333618099965,49.300000985999716,11.338797569274902
-122.38333618099965,49.41666765499971,34.22379684448242
-122.38333618099965,49.53333432399971,1.6101293563842773
-122.38333618099965,49.65000099299971,4.29445743560791
-122.38333618099965,49.766667661999705,36.85699462890625
-122.38333618099965,49.8833343309997,-79.65389251708984
-122.38333618099965,50.0000009999997,-21.243106842041016
-122.38333618099965,50.116667668999696,38.84409713745117
-122.38333618099965,50.23333433799969,43.05572509765625
-122.38333618099965,50.35000100699969,53.19681167602539
-122.38333618099965,50.46666767599969,35.17341995239258
-122.38333618099965,50.583334344999685,-75.17327880859375
-122.38333618099965,50.70000101399968,-39.97689437866211
-122.38333618099965,50.81666768299968,18.68775177001953
-122.38333618099965,50.933334351999676,62.229347229003906
-122.38333618099965,51.05000102099967,13.255036354064941
-122.38333618099965,51.16666768999967,74.25570678710938
-122.38333618099965,51.28333435899967,17.753908157348633
-122.38333618099965,51.400001027999664,0.7816640138626099
-122.38333618099965,51.51666769699966,-60.65338134765625
-122.38333618099965,51.63333436599966,-32.268089294433594
-122.38333618099965,51.750001034999656,-43.683658599853516
-122.38333618099965,51.86666770399965,-33.024044036865234
-122.38333618099965,51.98333437299965,-33.52092742919922
-122.38333618099965,52.10000104199965,-20.375925064086914
-122.38333618099965,52.216667710999644,-17.158876419067383
-122.38333618099965,52.33333437999964,-48.861080169677734
-122.38333618099965,52.45000104899964,-43.71874237060547
-122.38333618099965,52.566667717999636,-53.05668258666992
-122.38333618099965,52.68333438699963,-37.96788787841797
-122.38333618099965,52.80000105599963,-38.74703598022461
-122.38333618099965,52.91666772499963,-41.64318084716797
-122.38333618099965,53.033334393999624,-21.78545570373535
-122.38333618099965,53.15000106299962,2.5129153728485107
-122.38333618099965,53.26666773199962,-12.763392448425293
-122.38333618099965,53.383334400999615,9.738311767578125
-122.38333618099965,53.50000106999961,3.636875629425049
-122.38333618099965,53.61666773899961,27.773120880126953
-122.38333618099965,53.73333440799961,1.2250546216964722
-122.38333618099965,53.850001076999604,18.301414489746094
-122.38333618099965,53.9666677459996,-12.493719100952148
-122.26666951199965,37.983334092999996,-8.68115234375
-122.26666951199965,38.10000076199999,-23.143033981323242
-122.26666951199965,38.21666743099999,-7.175298690795898
-122.26666951199965,38.33333409999999,-3.088250160217285
-122.26666951199965,38.450000768999985,27.559242248535156
-122.26666951199965,38.56666743799998,20.434667587280273
-122.26666951199965,38.68333410699998,4.551562309265137
-122.26666951199965,38.800000775999976,18.771690368652344
-122.26666951199965,38.91666744499997,-1.0103387832641602
-122.26666951199965,39.03333411399997,-16.303998947143555
-122.26666951199965,39.15000078299997,-44.1338996887207
-122.26666951199965,39.266667451999965,-45.302757263183594
-122.26666951199965,39.38333412099996,-40.11862564086914
-122.26666951199965,39.50000078999996,-29.461267471313477
-122.26666951199965,39.616667458999956,-35.57405090332031
-122.26666951199965,39.73333412799995,-27.838098526000977
-122.26666951199965,39.85000079699995,-39.116416931152344
-122.26666951199965,39.96666746599995,-49.80409622192383
-122.26666951199965,40.083334134999944,-56.37913513183594
-122.26666951199965,40.20000080399994,-64.44416046142578
-122.26666951199965,40.31666747299994,-69.82901763916016
-122.26666951199965,40.433334141999936,-59.922454833984375
-122.26666951199965,40.55000081099993,-59.61661911010742
-122.26666951199965,40.66666747999993,-50.15837860107422
-122.26666951199965,40.78333414899993,-44.70133972167969
-122.26666951199965,40.900000817999924,-22.986160278320312
-122.26666951199965,41.01666748699992,-3.9097492694854736
-122.26666951199965,41.13333415599992,3.524090528488159
-122.26666951199965,41.250000824999915,10.16464614868164
-122.26666951199965,41.36666749399991,96.66967010498047
-122.26666951199965,41.48333416299991,49.181312561035156
-122.26666951199965,41.60000083199991,5.899012565612793
-122.26666951199965,41.716667500999904,21.073017120361328
-122.26666951199965,41.8333341699999,77.93850708007812
-122.26666951199965,41.9500008389999,10.446435928344727
-122.26666951199965,42.066667507999895,-7.008847236633301
-122.26666951199965,42.18333417699989,15.185494422912598
-122.26666951199965,42.30000084599989,45.330562591552734
-122.26666951199965,42.41666751499989,50.25620651245117
-122.26666951199965,42.533334183999884,58.431270599365234
-122.26666951199965,42.65000085299988,61.48634338378906
-122.26666951199965,42.76666752199988,60.19805908203125
-122.26666951199965,42.883334190999875,62.071590423583984
-122.26666951199965,43.00000085999987,31.93665313720703
-122.26666951199965,43.11666752899987,33.19966125488281
-122.26666951199965,43.233334197999866,18.185518264770508
-122.26666951199965,43.35000086699986,17.776906967163086
-122.26666951199965,43.46666753599986,-17.54560089111328
-122.26666951199965,43.58333420499986,29.22591781616211
-122.26666951199965,43.700000873999855,-17.50249481201172
-122.26666951199965,43.81666754299985,-14.944647789001465
-122.26666951199965,43.93333421199985,10.671713829040527
-122.26666951199965,44.050000880999846,-0.13390423357486725
-122.26666951199965,44.16666754999984,-44.256587982177734
-122.26666951199965,44.28333421899984,12.219493865966797
-122.26666951199965,44.40000088799984,-2.062650680541992
-122.26666951199965,44.516667556999835,1.5906405448913574
-122.26666951199965,44.63333422599983,13.393739700317383
-122.26666951199965,44.75000089499983,10.200264930725098
-122.26666951199965,44.866667563999826,19.436689376831055
-122.26666951199965,44.98333423299982,40.20613098144531
-122.26666951199965,45.10000090199982,36.743072509765625
-122.26666951199965,45.21666757099982,-27.86845588684082
-122.26666951199965,45.333334239999814,-41.439125061035156
-122.26666951199965,45.45000090899981,-38.389259338378906
-122.26666951199965,45.56666757799981,-42.507076263427734
-122.26666951199965,45.683334246999806,17.46122932434082
-122.26666951199965,45.8000009159998,24.3325252532959
-122.26666951199965,45.9166675849998,10.845399856567383
-122.26666951199965,46.0333342539998,5.592449188232422
-122.26666951199965,46.150000922999794,44.67371368408203
-122.26666951199965,46.26666759199979,43.88172149658203
-122.26666951199965,46.38333426099979,24.949234008789062
-122.26666951199965,46.500000929999786,-31.763731002807617
-122.26666951199965,46.61666759899978,18.22399139404297
-122.26666951199965,46.73333426799978,21.303571701049805
-122.26666951199965,46.85000093699978,-22.037372589111328
-122.26666951199965,46.966667605999774,-32.65571594238281
-122.26666951199965,47.08333427499977,-37.03865432739258
-122.26666951199965,47.20000094399977,-54.57656478881836
-122.26666951199965,47.316667612999765,-53.329010009765625
-122.26666951199965,47.43333428199976,-50.01201248168945
-122.26666951199965,47.55000095099976,-92.13843536376953
-122.26666951199965,47.66666761999976,-123.80351257324219
-122.26666951199965,47.783334288999754,-85.33975219726562
-122.26666951199965,47.90000095799975,-85.70520782470703
-122.26666951199965,48.01666762699975,-109.76537322998047
-122.26666951199965,48.133334295999745,-109.31037902832031
-122.26666951199965,48.25000096499974,-86.55915832519531
-122.26666951199965,48.36666763399974,-56.198570251464844
-122.26666951199965,48.48333430299974,-72.29744720458984
-122.26666951199965,48.600000971999734,-51.328189849853516
-122.26666951199965,48.71666764099973,-46.272884368896484
-122.26666951199965,48.83333430999973,-54.97066116333008
-122.26666951199965,48.950000978999725,-44.65629196166992
-122.26666951199965,49.06666764799972,-25.71391487121582
-122.26666951199965,49.18333431699972,-15.395685195922852
-122.26666951199965,49.300000985999716,-10.87067985534668
-122.26666951199965,49.41666765499971,9.790885925292969
-122.26666951199965,49.53333432399971,-11.545684814453125
-122.26666951199965,49.65000099299971,59.37409210205078
-122.26666951199965,49.766667661999705,-35.45501708984375
-122.26666951199965,49.8833343309997,-3.829576015472412
-122.26666951199965,50.0000009999997,75.42303466796875
-122.26666951199965,50.116667668999696,68.08727264404297
-122.26666951199965,50.23333433799969,83.25535583496094
-122.26666951199965,50.35000100699969,23.663497924804688
-122.26666951199965,50.46666767599969,41.85270309448242
-122.26666951199965,50.583334344999685,112.08184814453125
-122.26666951199965,50.70000101399968,-45.76161193847656
-122.26666951199965,50.81666768299968,14.32413101196289
-122.26666951199965,50.933334351999676,5.994997978210449
-122.26666951199965,51.05000102099967,64.60408782958984
-122.26666951199965,51.16666768999967,50.39285659790039
-122.26666951199965,51.28333435899967,-60.37889862060547
-122.26666951199965,51.400001027999664,-62.79903030395508
-122.26666951199965,51.51666769699966,-70.12194061279297
-122.26666951199965,51.63333436599966,-41.797203063964844
-122.26666951199965,51.750001034999656,-18.229969024658203
-122.26666951199965,51.86666770399965,-11.65473461151123
-122.26666951199965,51.98333437299965,-22.55585479736328
-122.26666951199965,52.10000104199965,-41.968177795410156
-122.26666951199965,52.216667710999644,-32.653236389160156
-122.26666951199965,52.33333437999964,-39.423484802246094
-122.26666951199965,52.45000104899964,-7.639850616455078
-122.26666951199965,52.566667717999636,13.894268035888672
-122.26666951199965,52.68333438699963,24.165130615234375
-122.26666951199965,52.80000105599963,-14.471405982971191
-122.26666951199965,52.91666772499963,-7.209952354431152
-122.26666951199965,53.033334393999624,18.53793716430664
-122.26666951199965,53.15000106299962,11.17914867401123
-122.26666951199965,53.26666773199962,-8.373639106750488
-122.26666951199965,53.383334400999615,-3.57909893989563
-122.26666951199965,53.50000106999961,-1.5873218774795532
-122.26666951199965,53.61666773899961,24.477075576782227
-122.26666951199965,53.73333440799961,-14.529412269592285
-122.26666951199965,53.850001076999604,-10.265472412109375
-122.26666951199965,53.9666677459996,-20.761564254760742
-122.15000284299965,37.983334092999996,-1.0914218425750732
-122.15000284299965,38.10000076199999,-2.1148619651794434
-122.15000284299965,38.21666743099999,-1.418664813041687
-122.15000284299965,38.33333409999999,11.8996000289917
-122.15000284299965,38.450000768999985,24.631195068359375
-122.15000284299965,38.56666743799998,11.421334266662598
-122.15000284299965,38.68333410699998,4.539646148681641
-122.15000284299965,38.800000775999976,-19.419279098510742
-122.15000284299965,38.91666744499997,-19.901674270629883
-122.15000284299965,39.03333411399997,-37.397499084472656
-122.15000284299965,39.15000078299997,-47.198665618896484
-122.15000284299965,39.266667451999965,-44.17641830444336
-122.15000284299965,39.38333412099996,-31.386682510375977
-122.15000284299965,39.50000078999996,-21.546480178833008
-122.15000284299965,39.616667458999956,-12.596940994262695
-122.15000284299965,39.73333412799995,-12.306497573852539
-122.15000284299965,39.85000079699995,-24.17208480834961
-122.15000284299965,39.96666746599995,-32.94295120239258
-122.15000284299965,40.083334134999944,-55.21220016479492
-122.15000284299965,40.20000080399994,-54.6508674621582
-122.15000284299965,40.31666747299994,-54.44670486450195
-122.15000284299965,40.433334141999936,-42.73810958862305
-122.15000284299965,40.55000081099993,-64.37808227539062
-122.15000284299965,40.66666747999993,-59.88923263549805
-122.15000284299965,40.78333414899993,-44.514366149902344
-122.15000284299965,40.900000817999924,-48.036720275878906
-122.15000284299965,41.01666748699992,-21.345773696899414
-122.15000284299965,41.13333415599992,-3.474379777908325
-122.15000284299965,41.250000824999915,-6.839585304260254
-122.15000284299965,41.36666749399991,115.57183837890625
-122.15000284299965,41.48333416299991,76.17379760742188
-122.15000284299965,41.60000083199991,26.408641815185547
-122.15000284299965,41.716667500999904,48.86393356323242
-122.15000284299965,41.8333341699999,60.98651123046875
-122.15000284299965,41.9500008389999,9.175253868103027
-122.15000284299965,42.066667507999895,-0.3319905400276184
-122.15000284299965,42.18333417699989,15.173961639404297
-122.15000284299965,42.30000084599989,77.4252700805664
-122.15000284299965,42.41666751499989,28.08016586303711
-122.15000284299965,42.533334183999884,47.6762580871582
-122.15000284299965,42.65000085299988,71.11087036132812
-122.15000284299965,42.76666752199988,51.70450973510742
-122.15000284299965,42.883334190999875,71.24972534179688
-122.15000284299965,43.00000085999987,77.41897583007812
-122.15000284299965,43.11666752899987,56.523193359375
-122.15000284299965,43.233334197999866,23.792287826538086
-122.15000284299965,43.35000086699986,29.700702667236328
-122.15000284299965,43.46666753599986,52.77680969238281
-122.15000284299965,43.58333420499986,57.157745361328125
-122.15000284299965,43.700000873999855,23.363239288330078
-122.15000284299965,43.81666754299985,10.788694381713867
-122.15000284299965,43.93333421199985,0.461494505405426
-122.15000284299965,44.050000880999846,20.242076873779297
-122.15000284299965,44.16666754999984,-36.918861389160156
-122.15000284299965,44.28333421899984,2.0315182209014893
-122.15000284299965,44.40000088799984,23.421863555908203
-122.15000284299965,44.516667556999835,4.8144121170043945
-122.15000284299965,44.63333422599983,9.323305130004883
-122.15000284299965,44.75000089499983,-8.436624526977539
-122.15000284299965,44.866667563999826,30.02629280090332
-122.15000284299965,44.98333423299982,10.535394668579102
-122.15000284299965,45.10000090199982,-2.369260787963867
-122.15000284299965,45.21666757099982,-15.923322677612305
-122.15000284299965,45.333334239999814,-18.61841583251953
-122.15000284299965,45.45000090899981,-30.477996826171875
-122.15000284299965,45.56666757799981,-28.076148986816406
-122.15000284299965,45.683334246999806,-2.203468084335327
-122.15000284299965,45.8000009159998,36.13958740234375
-122.15000284299965,45.9166675849998,51.191524505615234
-122.15000284299965,46.0333342539998,12.650530815124512
-122.15000284299965,46.150000922999794,52.17580032348633
-122.15000284299965,46.26666759199979,64.13602447509766
-122.15000284299965,46.38333426099979,62.21677780151367
-122.15000284299965,46.500000929999786,-25.296812057495117
-122.15000284299965,46.61666759899978,31.17255973815918
-122.15000284299965,46.73333426799978,-5.844417572021484
-122.15000284299965,46.85000093699978,2.0904266834259033
-122.15000284299965,46.966667605999774,-13.933388710021973
-122.15000284299965,47.08333427499977,-42.75956344604492
-122.15000284299965,47.20000094399977,-66.38040161132812
-122.15000284299965,47.316667612999765,-69.17101287841797
-122.15000284299965,47.43333428199976,-64.76441955566406
-122.15000284299965,47.55000095099976,-88.1615982055664
-122.15000284299965,47.66666761999976,-123.08306884765625
-122.15000284299965,47.783334288999754,-93.6628189086914
-122.15000284299965,47.90000095799975,-87.765869140625
-122.15000284299965,48.01666762699975,-113.73633575439453
-122.15000284299965,48.133334295999745,-102.20840454101562
-122.15000284299965,48.25000096499974,-68.3836441040039
-122.15000284299965,48.36666763399974,-14.778973579406738
-122.15000284299965,48.48333430299974,-38.381935119628906
-122.15000284299965,48.600000971999734,-16.702957153320312
-122.15000284299965,48.71666764099973,-45.18593215942383
-122.15000284299965,48.83333430999973,-36.315826416015625
-122.15000284299965,48.950000978999725,-39.89882278442383
-122.15000284299965,49.06666764799972,-48.95402526855469
-122.15000284299965,49.18333431699972,-11.089136123657227
-122.15000284299965,49.300000985999716,61.998321533203125
-122.15000284299965,49.41666765499971,29.504934310913086
-122.15000284299965,49.53333432399971,39.777523040771484
-122.15000284299965,49.65000099299971,36.93278503417969
-122.15000284299965,49.766667661999705,-78.60897827148438
-122.15000284299965,49.8833343309997,48.27338409423828
-122.15000284299965,50.0000009999997,34.4489860534668
-122.15000284299965,50.116667668999696,19.52202033996582
-122.15000284299965,50.23333433799969,18.014039993286133
-122.15000284299965,50.35000100699969,110.14720153808594
-122.15000284299965,50.46666767599969,-10.423869132995605
-122.15000284299965,50.583334344999685,28.455472946166992
-122.15000284299965,50.70000101399968,-21.67488670349121
-122.15000284299965,50.81666768299968,-57.614559173583984
-122.15000284299965,50.933334351999676,31.529624938964844
-122.15000284299965,51.05000102099967,64.8872299194336
-122.15000284299965,51.16666768999967,-57.654293060302734
-122.15000284299965,51.28333435899967,-24.833345413208008
-122.15000284299965,51.400001027999664,-30.380977630615234
-122.15000284299965,51.51666769699966,-17.13746452331543
-122.15000284299965,51.63333436599966,14.920768737792969
-122.15000284299965,51.750001034999656,9.509101867675781
-122.15000284299965,51.86666770399965,-9.359999656677246
-122.15000284299965,51.98333437299965,11.137443542480469
-122.15000284299965,52.10000104199965,-37.53277587890625
-122.15000284299965,52.216667710999644,-25.679466247558594
-122.15000284299965,52.33333437999964,-9.579891204833984
-122.15000284299965,52.45000104899964,-9.961710929870605
-122.15000284299965,52.566667717999636,4.853418350219727
-122.15000284299965,52.68333438699963,-15.355716705322266
-122.15000284299965,52.80000105599963,-25.04093360900879
-122.15000284299965,52.91666772499963,-1.817780613899231
-122.15000284299965,53.033334393999624,-4.079411506652832
-122.15000284299965,53.15000106299962,10.983037948608398
-122.15000284299965,53.26666773199962,-9.486215591430664
-122.15000284299965,53.383334400999615,-10.285941123962402
-122.15000284299965,53.50000106999961,-3.2093822956085205
-122.15000284299965,53.61666773899961,-21.967357635498047
-122.15000284299965,53.73333440799961,-14.034785270690918
-122.15000284299965,53.850001076999604,-4.239016532897949
-122.15000284299965,53.9666677459996,-14.281858444213867
-122.03333617399966,37.983334092999996,-8.995250701904297
-122.03333617399966,38.10000076199999,-35.081459045410156
-122.03333617399966,38.21666743099999,-35.210304260253906
-122.03333617399966,38.33333409999999,-5.858251571655273
-122.03333617399966,38.450000768999985,-8.34904956817627
-122.03333617399966,38.56666743799998,-17.692424774169922
-122.03333617399966,38.68333410699998,-33.41067886352539
-122.03333617399966,38.800000775999976,-30.583974838256836
-122.03333617399966,38.91666744499997,-34.1487922668457
-122.03333617399966,39.03333411399997,-40.113502502441406
-122.03333617399966,39.15000078299997,-41.836612701416016
-122.03333617399966,39.266667451999965,-32.3927116394043
-122.03333617399966,39.38333412099996,-13.519779205322266
-122.03333617399966,39.50000078999996,-0.24873167276382446
-122.03333617399966,39.616667458999956,1.664209246635437
-122.03333617399966,39.73333412799995,-2.9441628456115723
-122.03333617399966,39.85000079699995,-18.36358070373535
-122.03333617399966,39.96666746599995,-35.24750900268555
-122.03333617399966,40.083334134999944,-40.761634826660156
-122.03333617399966,40.20000080399994,-37.835548400878906
-122.03333617399966,40.31666747299994,-31.69629669189453
-122.03333617399966,40.433334141999936,-28.385366439819336
-122.03333617399966,40.55000081099993,-37.8353271484375
-122.03333617399966,40.66666747999993,-47.431480407714844
-122.03333617399966,40.78333414899993,-55.96014404296875
-122.03333617399966,40.900000817999924,-37.43230056762695
-122.03333617399966,41.01666748699992,-16.87649154663086
-122.03333617399966,41.13333415599992,24.169979095458984
-122.03333617399966,41.250000824999915,-19.86469841003418
-122.03333617399966,41.36666749399991,-19.01325225830078
-122.03333617399966,41.48333416299991,60.58906555175781
-122.03333617399966,41.60000083199991,25.894197463989258
-122.03333617399966,41.716667500999904,-9.531444549560547
-122.03333617399966,41.8333341699999,-35.57040023803711
-122.03333617399966,41.9500008389999,2.2596912384033203
-122.03333617399966,42.066667507999895,7.230298042297363
-122.03333617399966,42.18333417699989,4.278812408447266
-122.03333617399966,42.30000084599989,42.67178726196289
-122.03333617399966,42.41666751499989,5.041152000427246
-122.03333617399966,42.533334183999884,-20.088523864746094
-122.03333617399966,42.65000085299988,-24.78745460510254
-122.03333617399966,42.76666752199988,-3.522792100906372
-122.03333617399966,42.883334190999875,85.40420532226562
-122.03333617399966,43.00000085999987,51.32970428466797
-122.03333617399966,43.11666752899987,58.873878479003906
-122.03333617399966,43.233334197999866,82.42606353759766
-122.03333617399966,43.35000086699986,54.02876281738281
-122.03333617399966,43.46666753599986,52.315067291259766
-122.03333617399966,43.58333420499986,63.65137481689453
-122.03333617399966,43.700000873999855,81.59156799316406
-122.03333617399966,43.81666754299985,43.399749755859375
-122.03333617399966,43.93333421199985,15.654321670532227
-122.03333617399966,44.050000880999846,21.141571044921875
-122.03333617399966,44.16666754999984,-29.066619873046875
-122.03333617399966,44.28333421899984,-14.817938804626465
-122.03333617399966,44.40000088799984,7.94520378112793
-122.03333617399966,44.516667556999835,5.320100784301758
-122.03333617399966,44.63333422599983,4.170080184936523
-122.03333617399966,44.75000089499983,-7.280120849609375
-122.03333617399966,44.866667563999826,36.3343620300293
-122.03333617399966,44.98333423299982,-2.3883955478668213
-122.03333617399966,45.10000090199982,-6.44105339050293
-122.03333617399966,45.21666757099982,27.46149253845215
-122.03333617399966,45.333334239999814,0.6937282681465149
-122.03333617399966,45.45000090899981,-5.582930564880371
-122.03333617399966,45.56666757799981,-14.723002433776855
-122.03333617399966,45.683334246999806,-21.531126022338867
-122.03333617399966,45.8000009159998,14.938928604125977
-122.03333617399966,45.9166675849998,31.583702087402344
-122.03333617399966,46.0333342539998,2.148956775665283
-122.03333617399966,46.150000922999794,4.3206377029418945
-122.03333617399966,46.26666759199979,22.124677658081055
-122.03333617399966,46.38333426099979,51.13022994995117
-122.03333617399966,46.500000929999786,-38.80326461791992
-122.03333617399966,46.61666759899978,40.50236511230469
-122.03333617399966,46.73333426799978,18.9562931060791
-122.03333617399966,46.85000093699978,35.57069778442383
-122.03333617399966,46.966667605999774,-2.783491849899292
-122.03333617399966,47.08333427499977,-33.74074172973633
-122.03333617399966,47.20000094399977,-73.15057373046875
-122.03333617399966,47.316667612999765,-75.93618774414062
-122.03333617399966,47.43333428199976,-63.9662971496582
-122.03333617399966,47.55000095099976,-73.4802017211914
-122.03333617399966,47.66666761999976,-103.6048812866211
-122.03333617399966,47.783334288999754,-89.8512954711914
-122.03333617399966,47.90000095799975,-81.60978698730469
-122.03333617399966,48.01666762699975,-89.3829574584961
-122.03333617399966,48.133334295999745,-77.8655014038086
-122.03333617399966,48.25000096499974,-47.192710876464844
-122.03333617399966,48.36666763399974,7.943622589111328
-122.03333617399966,48.48333430299974,-15.235787391662598
-122.03333617399966,48.600000971999734,-14.969269752502441
-122.03333617399966,48.71666764099973,9.910768508911133
-122.03333617399966,48.83333430999973,-1.6273239850997925
-122.03333617399966,48.950000978999725,-9.939455032348633
-122.03333617399966,49.06666764799972,-57.73519515991211
-122.03333617399966,49.18333431699972,-27.440906524658203
-122.03333617399966,49.300000985999716,28.383975982666016
-122.03333617399966,49.41666765499971,29.53899574279785
-122.03333617399966,49.53333432399971,65.93645477294922
-122.03333617399966,49.65000099299971,-35.51321792602539
-122.03333617399966,49.766667661999705,33.01740646362305
-122.03333617399966,49.8833343309997,20.99407196044922
-122.03333617399966,50.0000009999997,0.6003710627555847
-122.03333617399966,50.116667668999696,59.094417572021484
-122.03333617399966,50.23333433799969,-4.577602386474609
-122.03333617399966,50.35000100699969,12.079273223876953
-122.03333617399966,50.46666767599969,67.07047271728516
-122.03333617399966,50.583334344999685,17.789823532104492
-122.03333617399966,50.70000101399968,-48.07460021972656
-122.03333617399966,50.81666768299968,-5.489100456237793
-122.03333617399966,50.933334351999676,76.73021697998047
-122.03333617399966,51.05000102099967,-47.074249267578125
-122.03333617399966,51.16666768999967,-48.07658767700195
-122.03333617399966,51.28333435899967,7.974905014038086
-122.03333617399966,51.400001027999664,13.486156463623047
-122.03333617399966,51.51666769699966,34.42042922973633
-122.03333617399966,51.63333436599966,-0.9708396196365356
-122.03333617399966,51.750001034999656,-5.538079261779785
-122.03333617399966,51.86666770399965,-9.027589797973633
-122.03333617399966,51.98333437299965,8.728981018066406
-122.03333617399966,52.10000104199965,-25.807043075561523
-122.03333617399966,52.216667710999644,-21.407211303710938
-122.03333617399966,52.33333437999964,-6.033620834350586
-122.03333617399966,52.45000104899964,-10.821807861328125
-122.03333617399966,52.566667717999636,-15.4381685256958
-122.03333617399966,52.68333438699963,-10.66362476348877
-122.03333617399966,52.80000105599963,10.955268859863281
-122.03333617399966,52.91666772499963,6.026366233825684
-122.03333617399966,53.033334393999624,-5.030767440795898
-122.03333617399966,53.15000106299962,31.372690200805664
-122.03333617399966,53.26666773199962,1.4619817733764648
-122.03333617399966,53.383334400999615,-0.36330485343933105
-122.03333617399966,53.50000106999961,-11.457974433898926
-122.03333617399966,53.61666773899961,-12.388104438781738
-122.03333617399966,53.73333440799961,28.58612060546875
-122.03333617399966,53.850001076999604,0.6583523154258728
-122.03333617399966,53.9666677459996,-23.415634155273438
-121.91666950499966,37.983334092999996,11.69815731048584
-121.91666950499966,38.10000076199999,-36.71696853637695
-121.91666950499966,38.21666743099999,-36.41038513183594
-121.91666950499966,38.33333409999999,-43.372196197509766
-121.91666950499966,38.450000768999985,-48.646202087402344
-121.91666950499966,38.56666743799998,-46.73404312133789
-121.91666950499966,38.68333410699998,-36.61655807495117
-121.91666950499966,38.800000775999976,-29.733318328857422
-121.91666950499966,38.91666744499997,-23.100988388061523
-121.91666950499966,39.03333411399997,-16.1326847076416
-121.91666950499966,39.15000078299997,-10.400917053222656
-121.91666950499966,39.266667451999965,-1.9619718790054321
-121.91666950499966,39.38333412099996,-11.470093727111816
-121.91666950499966,39.50000078999996,0.31088465452194214
-121.91666950499966,39.616667458999956,8.071415901184082
-121.91666950499966,39.73333412799995,3.683426856994629
-121.91666950499966,39.85000079699995,-22.001535415649414
-121.91666950499966,39.96666746599995,-32.81354522705078
-121.91666950499966,40.083334134999944,-31.794523239135742
-121.91666950499966,40.20000080399994,-20.47264289855957
-121.91666950499966,40.31666747299994,-6.417881011962891
-121.91666950499966,40.433334141999936,-2.875621795654297
-121.91666950499966,40.55000081099993,-11.31250286102295
-121.91666950499966,40.66666747999993,-31.231863021850586
-121.91666950499966,40.78333414899993,-13.243430137634277
-121.91666950499966,40.900000817999924,-15.18702507019043
-121.91666950499966,41.01666748699992,-35.646297454833984
-121.91666950499966,41.13333415599992,27.0965633392334
-121.91666950499966,41.250000824999915,9.312712669372559
-121.91666950499966,41.36666749399991,-6.146888732910156
-121.91666950499966,41.48333416299991,42.67875671386719
-121.91666950499966,41.60000083199991,-1.570258617401123
-121.91666950499966,41.716667500999904,-2.013237953186035
-121.91666950499966,41.8333341699999,-2.0475234985351562
-121.91666950499966,41.9500008389999,1.8268699645996094
-121.91666950499966,42.066667507999895,19.137493133544922
-121.91666950499966,42.18333417699989,7.860838890075684
-121.91666950499966,42.30000084599989,-3.1208393573760986
-121.91666950499966,42.41666751499989,-25.113500595092773
-121.91666950499966,42.533334183999884,-22.015226364135742
-121.91666950499966,42.65000085299988,-10.809000015258789
-121.91666950499966,42.76666752199988,22.210372924804688
-121.91666950499966,42.883334190999875,28.200288772583008
-121.91666950499966,43.00000085999987,12.140151023864746
-121.91666950499966,43.11666752899987,7.629094123840332
-121.91666950499966,43.233334197999866,52.60834503173828
-121.91666950499966,43.35000086699986,38.798484802246094
-121.91666950499966,43.46666753599986,19.037311553955078
-121.91666950499966,43.58333420499986,31.349512100219727
-121.91666950499966,43.700000873999855,53.28240203857422
-121.91666950499966,43.81666754299985,53.603233337402344
-121.91666950499966,43.93333421199985,53.78565979003906
-121.91666950499966,44.050000880999846,27.10363006591797
-121.91666950499966,44.16666754999984,23.832244873046875
-121.91666950499966,44.28333421899984,40.18944549560547
-121.91666950499966,44.40000088799984,35.41991424560547
-121.91666950499966,44.516667556999835,43.898643493652344
-121.91666950499966,44.63333422599983,8.348934173583984
-121.91666950499966,44.75000089499983,18.008779525756836
-121.91666950499966,44.866667563999826,17.64155387878418
-121.91666950499966,44.98333423299982,2.685401439666748
-121.91666950499966,45.10000090199982,17.840232849121094
-121.91666950499966,45.21666757099982,41.951725006103516
-121.91666950499966,45.333334239999814,-11.658167839050293
-121.91666950499966,45.45000090899981,10.953691482543945
-121.91666950499966,45.56666757799981,4.222469329833984
-121.91666950499966,45.683334246999806,-61.11421203613281
-121.91666950499966,45.8000009159998,-17.49759292602539
-121.91666950499966,45.9166675849998,7.872261047363281
-121.91666950499966,46.0333342539998,18.48217010498047
-121.91666950499966,46.150000922999794,-4.607537269592285
-121.91666950499966,46.26666759199979,49.218326568603516
-121.91666950499966,46.38333426099979,13.65784740447998
-121.91666950499966,46.500000929999786,-40.557655334472656
-121.91666950499966,46.61666759899978,35.95602798461914
-121.91666950499966,46.73333426799978,6.822019577026367
-121.91666950499966,46.85000093699978,52.64293670654297
-121.91666950499966,46.966667605999774,16.42499351501465
-121.91666950499966,47.08333427499977,11.60081958770752
-121.91666950499966,47.20000094399977,-39.545135498046875
-121.91666950499966,47.316667612999765,-44.23794174194336
-121.91666950499966,47.43333428199976,-24.481821060180664
-121.91666950499966,47.55000095099976,-56.367557525634766
-121.91666950499966,47.66666761999976,-88.76106262207031
-121.91666950499966,47.783334288999754,-62.85258102416992
-121.91666950499966,47.90000095799975,-71.81157684326172
-121.91666950499966,48.01666762699975,-55.68595504760742
-121.91666950499966,48.133334295999745,-44.399147033691406
-121.91666950499966,48.25000096499974,-35.426025390625
-121.91666950499966,48.36666763399974,15.389900207519531
-121.91666950499966,48.48333430299974,10.948991775512695
-121.91666950499966,48.600000971999734,12.327921867370605
-121.91666950499966,48.71666764099973,77.30207824707031
-121.91666950499966,48.83333430999973,45.793701171875
-121.91666950499966,48.950000978999725,33.14517593383789
-121.91666950499966,49.06666764799972,-62.0382080078125
-121.91666950499966,49.18333431699972,-78.9469223022461
-121.91666950499966,49.300000985999716,-39.172935485839844
-121.91666950499966,49.41666765499971,-20.05718231201172
-121.91666950499966,49.53333432399971,-23.64373207092285
-121.91666950499966,49.65000099299971,-60.618003845214844
-121.91666950499966,49.766667661999705,39.321800231933594
-121.91666950499966,49.8833343309997,-35.08409881591797
-121.91666950499966,50.0000009999997,43.60512924194336
-121.91666950499966,50.116667668999696,81.75616455078125
-121.91666950499966,50.23333433799969,43.80009460449219
-121.91666950499966,50.35000100699969,-11.976174354553223
-121.91666950499966,50.46666767599969,119.08157348632812
-121.91666950499966,50.583334344999685,30.895700454711914
-121.91666950499966,50.70000101399968,-122.0385513305664
-121.91666950499966,50.81666768299968,-44.7050895690918
-121.91666950499966,50.933334351999676,-7.9459123611450195
-121.91666950499966,51.05000102099967,-46.203147888183594
-121.91666950499966,51.16666768999967,78.44257354736328
-121.91666950499966,51.28333435899967,12.009160995483398
-121.91666950499966,51.400001027999664,-4.989859580993652
-121.91666950499966,51.51666769699966,11.443940162658691
-121.91666950499966,51.63333436599966,-14.735541343688965
-121.91666950499966,51.750001034999656,19.58041763305664
-121.91666950499966,51.86666770399965,3.649301290512085
-121.91666950499966,51.98333437299965,-16.054893493652344
-121.91666950499966,52.10000104199965,-21.977323532104492
-121.91666950499966,52.216667710999644,-8.040011405944824
-121.91666950499966,52.33333437999964,8.698275566101074
-121.91666950499966,52.45000104899964,-12.488972663879395
-121.91666950499966,52.566667717999636,-17.10614013671875
-121.91666950499966,52.68333438699963,3.1603500843048096
-121.91666950499966,52.80000105599963,11.938685417175293
-121.91666950499966,52.91666772499963,13.19926643371582
-121.91666950499966,53.033334393999624,20.53209686279297
-121.91666950499966,53.15000106299962,14.27138900756836
-121.91666950499966,53.26666773199962,10.763480186462402
-121.91666950499966,53.383334400999615,-4.261757850646973
-121.91666950499966,53.50000106999961,19.93470573425293
-121.91666950499966,53.61666773899961,56.25637435913086
-121.91666950499966,53.73333440799961,17.22256088256836
-121.91666950499966,53.850001076999604,-9.556138038635254
-121.91666950499966,53.9666677459996,-24.634868621826172
-121.80000283599966,37.983334092999996,-34.537044525146484
-121.80000283599966,38.10000076199999,-49.40003204345703
-121.80000283599966,38.21666743099999,-57.83674240112305
-121.80000283599966,38.33333409999999,-56.07329559326172
-121.80000283599966,38.450000768999985,-49.372154235839844
-121.80000283599966,38.56666743799998,-39.920440673828125
-121.80000283599966,38.68333410699998,-27.508705139160156
-121.80000283599966,38.800000775999976,-18.614198684692383
-121.80000283599966,38.91666744499997,-7.148822784423828
-121.80000283599966,39.03333411399997,0.5893376469612122
-121.80000283599966,39.15000078299997,7.975985527038574
-121.80000283599966,39.266667451999965,0.9766274690628052
-121.80000283599966,39.38333412099996,-17.704120635986328
-121.80000283599966,39.50000078999996,0.6159946322441101
-121.80000283599966,39.616667458999956,8.063470840454102
-121.80000283599966,39.73333412799995,-4.896350860595703
-121.80000283599966,39.85000079699995,-16.413618087768555
-121.80000283599966,39.96666746599995,-8.259540557861328
-121.80000283599966,40.083334134999944,-3.3303794860839844
-121.80000283599966,40.20000080399994,3.120220184326172
-121.80000283599966,40.31666747299994,25.8599853515625
-121.80000283599966,40.433334141999936,14.538961410522461
-121.80000283599966,40.55000081099993,29.446964263916016
-121.80000283599966,40.66666747999993,11.290009498596191
-121.80000283599966,40.78333414899993,49.10748291015625
-121.80000283599966,40.900000817999924,19.35943031311035
-121.80000283599966,41.01666748699992,17.59547996520996
-121.80000283599966,41.13333415599992,48.27656173706055
-121.80000283599966,41.250000824999915,11.867094993591309
-121.80000283599966,41.36666749399991,22.092844009399414
-121.80000283599966,41.48333416299991,22.34164047241211
-121.80000283599966,41.60000083199991,33.35900115966797
-121.80000283599966,41.716667500999904,-11.998866081237793
-121.80000283599966,41.8333341699999,6.751380920410156
-121.80000283599966,41.9500008389999,-19.63117027282715
-121.80000283599966,42.066667507999895,-10.34061336517334
-121.80000283599966,42.18333417699989,-2.8064064979553223
-121.80000283599966,42.30000084599989,6.123045921325684
-121.80000283599966,42.41666751499989,26.25107765197754
-121.80000283599966,42.533334183999884,27.92388916015625
-121.80000283599966,42.65000085299988,9.572776794433594
-121.80000283599966,42.76666752199988,19.519245147705078
-121.80000283599966,42.883334190999875,-6.5000762939453125
-121.80000283599966,43.00000085999987,0.6037166118621826
-121.80000283599966,43.11666752899987,-9.08639907836914
-121.80000283599966,43.233334197999866,-0.5193301439285278
-121.80000283599966,43.35000086699986,5.441922187805176
-121.80000283599966,43.46666753599986,15.005141258239746
-121.80000283599966,43.58333420499986,30.779003143310547
-121.80000283599966,43.700000873999855,-1.7218377590179443
-121.80000283599966,43.81666754299985,6.225597381591797
-121.80000283599966,43.93333421199985,39.965187072753906
-121.80000283599966,44.050000880999846,87.36322021484375
-121.80000283599966,44.16666754999984,121.77535247802734
-121.80000283599966,44.28333421899984,77.97142791748047
-121.80000283599966,44.40000088799984,42.07435607910156
-121.80000283599966,44.516667556999835,58.980899810791016
-121.80000283599966,44.63333422599983,82.54338073730469
-121.80000283599966,44.75000089499983,72.47362518310547
-121.80000283599966,44.866667563999826,49.58501434326172
-121.80000283599966,44.98333423299982,26.925588607788086
-121.80000283599966,45.10000090199982,22.159889221191406
-121.80000283599966,45.21666757099982,33.07570266723633
-121.80000283599966,45.333334239999814,41.991939544677734
-121.80000283599966,45.45000090899981,22.76212501525879
-121.80000283599966,45.56666757799981,29.596603393554688
-121.80000283599966,45.683334246999806,-33.91680908203125
-121.80000283599966,45.8000009159998,1.306860089302063
-121.80000283599966,45.9166675849998,41.87913131713867
-121.80000283599966,46.0333342539998,64.41139221191406
-121.80000283599966,46.150000922999794,16.23125457763672
-121.80000283599966,46.26666759199979,63.88505935668945
-121.80000283599966,46.38333426099979,9.262855529785156
-121.80000283599966,46.500000929999786,4.644052505493164
-121.80000283599966,46.61666759899978,24.04350471496582
-121.80000283599966,46.73333426799978,36.383182525634766
-121.80000283599966,46.85000093699978,179.1639404296875
-121.80000283599966,46.966667605999774,60.84492492675781
-121.80000283599966,47.08333427499977,24.890209197998047
-121.80000283599966,47.20000094399977,-10.450406074523926
-121.80000283599966,47.316667612999765,-18.67363929748535
-121.80000283599966,47.43333428199976,-25.70542335510254
-121.80000283599966,47.55000095099976,-54.89044952392578
-121.80000283599966,47.66666761999976,-63.307430267333984
-121.80000283599966,47.783334288999754,-34.55913162231445
-121.80000283599966,47.90000095799975,-73.2061538696289
-121.80000283599966,48.01666762699975,-25.718887329101562
-121.80000283599966,48.133334295999745,-2.8666880130767822
-121.80000283599966,48.25000096499974,-22.766332626342773
-121.80000283599966,48.36666763399974,51.59294128417969
-121.80000283599966,48.48333430299974,-7.892158508300781
-121.80000283599966,48.600000971999734,-10.966201782226562
-121.80000283599966,48.71666764099973,53.41150665283203
-121.80000283599966,48.83333430999973,92.13922119140625
-121.80000283599966,48.950000978999725,45.77830505371094
-121.80000283599966,49.06666764799972,-26.386810302734375
-121.80000283599966,49.18333431699972,-60.637062072753906
-121.80000283599966,49.300000985999716,-73.95230102539062
-121.80000283599966,49.41666765499971,-70.06925964355469
-121.80000283599966,49.53333432399971,-79.7654800415039
-121.80000283599966,49.65000099299971,-18.922828674316406
-121.80000283599966,49.766667661999705,-22.286441802978516
-121.80000283599966,49.8833343309997,12.623214721679688
-121.80000283599966,50.0000009999997,-2.1972999572753906
-121.80000283599966,50.116667668999696,61.920780181884766
-121.80000283599966,50.23333433799969,93.42943572998047
-121.80000283599966,50.35000100699969,53.165679931640625
-121.80000283599966,50.46666767599969,-0.6740875244140625
-121.80000283599966,50.583334344999685,-46.12529373168945
-121.80000283599966,50.70000101399968,-5.743694305419922
-121.80000283599966,50.81666768299968,-10.957528114318848
-121.80000283599966,50.933334351999676,-10.131770133972168
-121.80000283599966,51.05000102099967,54.5512809753418
-121.80000283599966,51.16666768999967,91.74088287353516
-121.80000283599966,51.28333435899967,19.263139724731445
-121.80000283599966,51.400001027999664,9.411273002624512
-121.80000283599966,51.51666769699966,9.173360824584961
-121.80000283599966,51.63333436599966,7.2675933837890625
-121.80000283599966,51.750001034999656,13.966318130493164
-121.80000283599966,51.86666770399965,-7.658805847167969
-121.80000283599966,51.98333437299965,-11.100852012634277
-121.80000283599966,52.10000104199965,6.332452774047852
-121.80000283599966,52.216667710999644,10.432356834411621
-121.80000283599966,52.33333437999964,7.479434013366699
-121.80000283599966,52.45000104899964,-17.6455020904541
-121.80000283599966,52.566667717999636,9.870182991027832
-121.80000283599966,52.68333438699963,-2.2187933921813965
-121.80000283599966,52.80000105599963,13.954231262207031
-121.80000283599966,52.91666772499963,15.034235000610352
-121.80000283599966,53.033334393999624,14.664213180541992
-121.80000283599966,53.15000106299962,-10.732687950134277
-121.80000283599966,53.26666773199962,16.668132781982422
-121.80000283599966,53.383334400999615,8.989720344543457
-121.80000283599966,53.50000106999961,59.83473587036133
-121.80000283599966,53.61666773899961,41.79496765136719
-121.80000283599966,53.73333440799961,-32.989845275878906
-121.80000283599966,53.850001076999604,-17.263843536376953
-121.80000283599966,53.9666677459996,-38.05812072753906
-121.68333616699967,37.983334092999996,-50.90279769897461
-121.68333616699967,38.10000076199999,-56.13595199584961
-121.68333616699967,38.21666743099999,-52.59380340576172
-121.68333616699967,38.33333409999999,-55.1383171081543
-121.68333616699967,38.450000768999985,-44.762264251708984
-121.68333616699967,38.56666743799998,-27.155275344848633
-121.68333616699967,38.68333410699998,-20.65646743774414
-121.68333616699967,38.800000775999976,-10.563956260681152
-121.68333616699967,38.91666744499997,-8.507708549499512
-121.68333616699967,39.03333411399997,-11.630526542663574
-121.68333616699967,39.15000078299997,-29.695980072021484
-121.68333616699967,39.266667451999965,-41.10646057128906
-121.68333616699967,39.38333412099996,-32.56081771850586
-121.68333616699967,39.50000078999996,-26.087141036987305
-121.68333616699967,39.616667458999956,-24.194679260253906
-121.68333616699967,39.73333412799995,-20.98843765258789
-121.68333616699967,39.85000079699995,-22.507198333740234
-121.68333616699967,39.96666746599995,25.42464828491211
-121.68333616699967,40.083334134999944,32.9149169921875
-121.68333616699967,40.20000080399994,25.59602165222168
-121.68333616699967,40.31666747299994,84.53899383544922
-121.68333616699967,40.433334141999936,48.88565444946289
-121.68333616699967,40.55000081099993,38.757747650146484
-121.68333616699967,40.66666747999993,71.32113647460938
-121.68333616699967,40.78333414899993,28.355079650878906
-121.68333616699967,40.900000817999924,-19.96800422668457
-121.68333616699967,41.01666748699992,-22.23963165283203
-121.68333616699967,41.13333415599992,26.68476104736328
-121.68333616699967,41.250000824999915,7.200962066650391
-121.68333616699967,41.36666749399991,8.639921188354492
-121.68333616699967,41.48333416299991,12.458885192871094
-121.68333616699967,41.60000083199991,80.48957824707031
-121.68333616699967,41.716667500999904,2.5152347087860107
-121.68333616699967,41.8333341699999,-4.912771224975586
-121.68333616699967,41.9500008389999,-29.578834533691406
-121.68333616699967,42.066667507999895,3.1206538677215576
-121.68333616699967,42.18333417699989,3.5402228832244873
-121.68333616699967,42.30000084599989,-0.3054267466068268
-121.68333616699967,42.41666751499989,59.68609619140625
-121.68333616699967,42.533334183999884,13.046945571899414
-121.68333616699967,42.65000085299988,7.548895835876465
-121.68333616699967,42.76666752199988,4.32839298248291
-121.68333616699967,42.883334190999875,5.807369232177734
-121.68333616699967,43.00000085999987,-12.031845092773438
-121.68333616699967,43.11666752899987,6.767595291137695
-121.68333616699967,43.233334197999866,21.453332901000977
-121.68333616699967,43.35000086699986,19.599048614501953
-121.68333616699967,43.46666753599986,3.4075262546539307
-121.68333616699967,43.58333420499986,24.227205276489258
-121.68333616699967,43.700000873999855,9.697951316833496
-121.68333616699967,43.81666754299985,4.755474090576172
-121.68333616699967,43.93333421199985,47.181846618652344
-121.68333616699967,44.050000880999846,114.34355163574219
-121.68333616699967,44.16666754999984,79.7685317993164
-121.68333616699967,44.28333421899984,9.731040954589844
-121.68333616699967,44.40000088799984,-20.88148307800293
-121.68333616699967,44.516667556999835,-24.14281463623047
-121.68333616699967,44.63333422599983,20.609355926513672
-121.68333616699967,44.75000089499983,44.64326095581055
-121.68333616699967,44.866667563999826,57.78287124633789
-121.68333616699967,44.98333423299982,39.27706527709961
-121.68333616699967,45.10000090199982,43.35151290893555
-121.68333616699967,45.21666757099982,25.34542465209961
-121.68333616699967,45.333334239999814,91.14661407470703
-121.68333616699967,45.45000090899981,40.607635498046875
-121.68333616699967,45.56666757799981,-1.3597642183303833
-121.68333616699967,45.683334246999806,-13.953826904296875
-121.68333616699967,45.8000009159998,6.6891584396362305
-121.68333616699967,45.9166675849998,51.12546920776367
-121.68333616699967,46.0333342539998,51.222225189208984
-121.68333616699967,46.150000922999794,25.171506881713867
-121.68333616699967,46.26666759199979,33.5571403503418
-121.68333616699967,46.38333426099979,26.268156051635742
-121.68333616699967,46.500000929999786,25.294076919555664
-121.68333616699967,46.61666759899978,-28.456172943115234
-121.68333616699967,46.73333426799978,33.16608810424805
-121.68333616699967,46.85000093699978,159.2670135498047
-121.68333616699967,46.966667605999774,53.3980827331543
-121.68333616699967,47.08333427499977,3.089298725128174
-121.68333616699967,47.20000094399977,-30.181421279907227
-121.68333616699967,47.316667612999765,-9.757689476013184
-121.68333616699967,47.43333428199976,-22.802536010742188
-121.68333616699967,47.55000095099976,-25.50712776184082
-121.68333616699967,47.66666761999976,-14.653136253356934
-121.68333616699967,47.783334288999754,-8.49914836883545
-121.68333616699967,47.90000095799975,-36.645206451416016
-121.68333616699967,48.01666762699975,-8.643912315368652
-121.68333616699967,48.133334295999745,23.04084587097168
-121.68333616699967,48.25000096499974,-32.64145278930664
-121.68333616699967,48.36666763399974,28.577770233154297
-121.68333616699967,48.48333430299974,-39.681739807128906
-121.68333616699967,48.600000971999734,-0.3552601933479309
-121.68333616699967,48.71666764099973,-31.589475631713867
-121.68333616699967,48.83333430999973,58.49395751953125
-121.68333616699967,48.950000978999725,53.05426788330078
-121.68333616699967,49.06666764799972,-8.799419403076172
-121.68333616699967,49.18333431699972,-0.2731819152832031
-121.68333616699967,49.300000985999716,-98.22394561767578
-121.68333616699967,49.41666765499971,-10.640422821044922
-121.68333616699967,49.53333432399971,41.62639236450195
-121.68333616699967,49.65000099299971,46.25072479248047
-121.68333616699967,49.766667661999705,-4.743419647216797
-121.68333616699967,49.8833343309997,122.5112075805664
-121.68333616699967,50.0000009999997,-0.27345985174179077
-121.68333616699967,50.116667668999696,39.077430725097656
-121.68333616699967,50.23333433799969,-16.901500701904297
-121.68333616699967,50.35000100699969,-65.58104705810547
-121.68333616699967,50.46666767599969,-43.12613296508789
-121.68333616699967,50.583334344999685,51.79388427734375
-121.68333616699967,50.70000101399968,70.80830383300781
-121.68333616699967,50.81666768299968,35.96990966796875
-121.68333616699967,50.933334351999676,81.48968505859375
-121.68333616699967,51.05000102099967,61.8896484375
-121.68333616699967,51.16666768999967,22.376365661621094
-121.68333616699967,51.28333435899967,-7.001134872436523
-121.68333616699967,51.400001027999664,1.8424673080444336
-121.68333616699967,51.51666769699966,-2.8635199069976807
-121.68333616699967,51.63333436599966,4.6634721755981445
-121.68333616699967,51.750001034999656,-2.269082546234131
-121.68333616699967,51.86666770399965,-12.830377578735352
-121.68333616699967,51.98333437299965,-18.89452362060547
-121.68333616699967,52.10000104199965,5.2917375564575195
-121.68333616699967,52.216667710999644,0.4372933506965637
-121.68333616699967,52.33333437999964,-3.7388410568237305
-121.68333616699967,52.45000104899964,4.115767478942871
-121.68333616699967,52.566667717999636,25.782817840576172
-121.68333616699967,52.68333438699963,3.5958821773529053
-121.68333616699967,52.80000105599963,42.13383483886719
-121.68333616699967,52.91666772499963,25.767778396606445
-121.68333616699967,53.033334393999624,21.40804100036621
-121.68333616699967,53.15000106299962,17.909542083740234
-121.68333616699967,53.26666773199962,19.531566619873047
-121.68333616699967,53.383334400999615,13.214860916137695
-121.68333616699967,53.50000106999961,17.04630470275879
-121.68333616699967,53.61666773899961,-16.012840270996094
-121.68333616699967,53.73333440799961,15.850916862487793
-121.68333616699967,53.850001076999604,4.2382612228393555
-121.68333616699967,53.9666677459996,-47.563899993896484
-121.56666949799967,37.983334092999996,-50.00633239746094
-121.56666949799967,38.10000076199999,-47.25423049926758
-121.56666949799967,38.21666743099999,-41.39667510986328
-121.56666949799967,38.33333409999999,-33.17091369628906
-121.56666949799967,38.450000768999985,-28.1112060546875
-121.56666949799967,38.56666743799998,-32.158447265625
-121.56666949799967,38.68333410699998,-37.55586242675781
-121.56666949799967,38.800000775999976,-46.07712173461914
-121.56666949799967,38.91666744499997,-40.74996566772461
-121.56666949799967,39.03333411399997,-49.934078216552734
-121.56666949799967,39.15000078299997,-58.68450164794922
-121.56666949799967,39.266667451999965,-53.19802474975586
-121.56666949799967,39.38333412099996,-40.508575439453125
-121.56666949799967,39.50000078999996,-34.911441802978516
-121.56666949799967,39.616667458999956,-24.1231632232666
-121.56666949799967,39.73333412799995,-30.50988006591797
-121.56666949799967,39.85000079699995,8.064789772033691
-121.56666949799967,39.96666746599995,50.98850631713867
-121.56666949799967,40.083334134999944,50.04631042480469
-121.56666949799967,40.20000080399994,51.88563537597656
-121.56666949799967,40.31666747299994,61.52798080444336
-121.56666949799967,40.433334141999936,111.54077911376953
-121.56666949799967,40.55000081099993,58.194705963134766
-121.56666949799967,40.66666747999993,68.85393524169922
-121.56666949799967,40.78333414899993,23.29336929321289
-121.56666949799967,40.900000817999924,-27.192249298095703
-121.56666949799967,41.01666748699992,-20.108539581298828
-121.56666949799967,41.13333415599992,-20.665809631347656
-121.56666949799967,41.250000824999915,-0.17566686868667603
-121.56666949799967,41.36666749399991,2.2947592735290527
-121.56666949799967,41.48333416299991,32.58518600463867
-121.56666949799967,41.60000083199991,111.37741088867188
-121.56666949799967,41.716667500999904,20.033004760742188
-121.56666949799967,41.8333341699999,-6.4428558349609375
-121.56666949799967,41.9500008389999,-13.921703338623047
-121.56666949799967,42.066667507999895,24.796926498413086
-121.56666949799967,42.18333417699989,10.279608726501465
-121.56666949799967,42.30000084599989,8.436688423156738
-121.56666949799967,42.41666751499989,27.766876220703125
-121.56666949799967,42.533334183999884,-8.71720027923584
-121.56666949799967,42.65000085299988,34.473304748535156
-121.56666949799967,42.76666752199988,13.0175142288208
-121.56666949799967,42.883334190999875,-4.086215019226074
-121.56666949799967,43.00000085999987,-15.109539985656738
-121.56666949799967,43.11666752899987,14.802020072937012
-121.56666949799967,43.233334197999866,14.58273983001709
-121.56666949799967,43.35000086699986,33.4291877746582
-121.56666949799967,43.46666753599986,4.974188804626465
-121.56666949799967,43.58333420499986,-7.539115905761719
-121.56666949799967,43.700000873999855,0.09382927417755127
-121.56666949799967,43.81666754299985,0.09035924077033997
-121.56666949799967,43.93333421199985,39.34922409057617
-121.56666949799967,44.050000880999846,95.82058715820312
-121.56666949799967,44.16666754999984,23.403060913085938
-121.56666949799967,44.28333421899984,-21.012474060058594
-121.56666949799967,44.40000088799984,-9.28956127166748
-121.56666949799967,44.516667556999835,4.567262649536133
-121.56666949799967,44.63333422599983,-8.35546875
-121.56666949799967,44.75000089499983,-0.826995313167572
-121.56666949799967,44.866667563999826,-8.274232864379883
-121.56666949799967,44.98333423299982,6.3386030197143555
-121.56666949799967,45.10000090199982,33.93267059326172
-121.56666949799967,45.21666757099982,32.052913665771484
-121.56666949799967,45.333334239999814,76.66394805908203
-121.56666949799967,45.45000090899981,27.737520217895508
-121.56666949799967,45.56666757799981,-24.789152145385742
-121.56666949799967,45.683334246999806,-54.301612854003906
-121.56666949799967,45.8000009159998,-22.936880111694336
-121.56666949799967,45.9166675849998,21.338245391845703
-121.56666949799967,46.0333342539998,10.588706970214844
-121.56666949799967,46.150000922999794,94.32754516601562
-121.56666949799967,46.26666759199979,88.59783935546875
-121.56666949799967,46.38333426099979,25.161630630493164
-121.56666949799967,46.500000929999786,65.67276000976562
-121.56666949799967,46.61666759899978,9.04570484161377
-121.56666949799967,46.73333426799978,8.267661094665527
-121.56666949799967,46.85000093699978,49.79104995727539
-121.56666949799967,46.966667605999774,51.2420768737793
-121.56666949799967,47.08333427499977,8.38992691040039
-121.56666949799967,47.20000094399977,-13.610949516296387
-121.56666949799967,47.316667612999765,6.796381950378418
-121.56666949799967,47.43333428199976,-3.3398797512054443
-121.56666949799967,47.55000095099976,-16.046201705932617
-121.56666949799967,47.66666761999976,17.377103805541992
-121.56666949799967,47.783334288999754,-19.497007369995117
-121.56666949799967,47.90000095799975,-15.949248313903809
-121.56666949799967,48.01666762699975,10.031647682189941
-121.56666949799967,48.133334295999745,11.980473518371582
-121.56666949799967,48.25000096499974,-46.4365234375
-121.56666949799967,48.36666763399974,-36.064483642578125
-121.56666949799967,48.48333430299974,-28.147808074951172
-121.56666949799967,48.600000971999734,81.37966918945312
-121.56666949799967,48.71666764099973,12.613198280334473
-121.56666949799967,48.83333430999973,22.884170532226562
-121.56666949799967,48.950000978999725,82.81179809570312
-121.56666949799967,49.06666764799972,14.290499687194824
-121.56666949799967,49.18333431699972,66.33643341064453
-121.56666949799967,49.300000985999716,-17.355777740478516
-121.56666949799967,49.41666765499971,22.471952438354492
-121.56666949799967,49.53333432399971,69.64362335205078
-121.56666949799967,49.65000099299971,44.1508674621582
-121.56666949799967,49.766667661999705,-3.85056471824646
-121.56666949799967,49.8833343309997,52.206050872802734
-121.56666949799967,50.0000009999997,-43.75489807128906
-121.56666949799967,50.116667668999696,-22.31495475769043
-121.56666949799967,50.23333433799969,-82.00509643554688
-121.56666949799967,50.35000100699969,-0.8356011509895325
-121.56666949799967,50.46666767599969,37.96360397338867
-121.56666949799967,50.583334344999685,79.72672271728516
-121.56666949799967,50.70000101399968,12.745108604431152
-121.56666949799967,50.81666768299968,-15.631654739379883
-121.56666949799967,50.933334351999676,29.605548858642578
-121.56666949799967,51.05000102099967,-10.291099548339844
-121.56666949799967,51.16666768999967,-4.6224260330200195
-121.56666949799967,51.28333435899967,-4.056408882141113
-121.56666949799967,51.400001027999664,6.24359130859375
-121.56666949799967,51.51666769699966,-11.297454833984375
-121.56666949799967,51.63333436599966,10.345943450927734
-121.56666949799967,51.750001034999656,-3.8122310638427734
-121.56666949799967,51.86666770399965,-14.845067977905273
-121.56666949799967,51.98333437299965,-0.6425364017486572
-121.56666949799967,52.10000104199965,4.071706771850586
-121.56666949799967,52.216667710999644,-2.5418214797973633
-121.56666949799967,52.33333437999964,-12.346478462219238
-121.56666949799967,52.45000104899964,-15.591958045959473
-121.56666949799967,52.566667717999636,-0.6681622266769409
-121.56666949799967,52.68333438699963,-3.5943477153778076
-121.56666949799967,52.80000105599963,37.441036224365234
-121.56666949799967,52.91666772499963,47.47084045410156
-121.56666949799967,53.033334393999624,22.825214385986328
-121.56666949799967,53.15000106299962,27.40530776977539
-121.56666949799967,53.26666773199962,17.418651580810547
-121.56666949799967,53.383334400999615,-9.402886390686035
-121.56666949799967,53.50000106999961,-28.832191467285156
-121.56666949799967,53.61666773899961,-8.89811897277832
-121.56666949799967,53.73333440799961,53.04531478881836
-121.56666949799967,53.850001076999604,3.4970388412475586
-121.56666949799967,53.9666677459996,-20.685747146606445
-121.45000282899967,37.983334092999996,-33.6929817199707
-121.45000282899967,38.10000076199999,-27.62668228149414
-121.45000282899967,38.21666743099999,-25.432395935058594
-121.45000282899967,38.33333409999999,-23.86359405517578
-121.45000282899967,38.450000768999985,-30.43358612060547
-121.45000282899967,38.56666743799998,-39.68619155883789
-121.45000282899967,38.68333410699998,-54.964454650878906
-121.45000282899967,38.800000775999976,-65.91715240478516
-121.45000282899967,38.91666744499997,-57.684898376464844
-121.45000282899967,39.03333411399997,-50.284793853759766
-121.45000282899967,39.15000078299997,-46.3617057800293
-121.45000282899967,39.266667451999965,-26.53628921508789
-121.45000282899967,39.38333412099996,-22.843839645385742
-121.45000282899967,39.50000078999996,-29.272560119628906
-121.45000282899967,39.616667458999956,-35.01504135131836
-121.45000282899967,39.73333412799995,-21.902877807617188
-121.45000282899967,39.85000079699995,11.511740684509277
-121.45000282899967,39.96666746599995,97.56070709228516
-121.45000282899967,40.083334134999944,118.07488250732422
-121.45000282899967,40.20000080399994,76.32882690429688
-121.45000282899967,40.31666747299994,34.332366943359375
-121.45000282899967,40.433334141999936,78.76473999023438
-121.45000282899967,40.55000081099993,53.96364974975586
-121.45000282899967,40.66666747999993,1.3027030229568481
-121.45000282899967,40.78333414899993,-28.109697341918945
-121.45000282899967,40.900000817999924,-24.967313766479492
-121.45000282899967,41.01666748699992,-29.830820083618164
-121.45000282899967,41.13333415599992,-50.441280364990234
-121.45000282899967,41.250000824999915,12.828845977783203
-121.45000282899967,41.36666749399991,10.719295501708984
-121.45000282899967,41.48333416299991,11.82780933380127
-121.45000282899967,41.60000083199991,50.55683898925781
-121.45000282899967,41.716667500999904,5.950069427490234
-121.45000282899967,41.8333341699999,-12.397613525390625
-121.45000282899967,41.9500008389999,-33.532981872558594
-121.45000282899967,42.066667507999895,11.500079154968262
-121.45000282899967,42.18333417699989,-2.443638563156128
-121.45000282899967,42.30000084599989,13.388293266296387
-121.45000282899967,42.41666751499989,21.13909339904785
-121.45000282899967,42.533334183999884,0.4384646415710449
-121.45000282899967,42.65000085299988,18.414203643798828
-121.45000282899967,42.76666752199988,-6.96169376373291
-121.45000282899967,42.883334190999875,-0.5148463249206543
-121.45000282899967,43.00000085999987,10.22459602355957
-121.45000282899967,43.11666752899987,5.975139617919922
-121.45000282899967,43.233334197999866,7.230213165283203
-121.45000282899967,43.35000086699986,43.9200553894043
-121.45000282899967,43.46666753599986,1.7010704278945923
-121.45000282899967,43.58333420499986,-3.8723812103271484
-121.45000282899967,43.700000873999855,-7.707803726196289
-121.45000282899967,43.81666754299985,1.0170066356658936
-121.45000282899967,43.93333421199985,15.440762519836426
-121.45000282899967,44.050000880999846,10.732308387756348
-121.45000282899967,44.16666754999984,-21.823389053344727
-121.45000282899967,44.28333421899984,-26.12514305114746
-121.45000282899967,44.40000088799984,-26.147804260253906
-121.45000282899967,44.516667556999835,-24.787433624267578
-121.45000282899967,44.63333422599983,-31.20113754272461
-121.45000282899967,44.75000089499983,-14.630125999450684
-121.45000282899967,44.866667563999826,-18.34489631652832
-121.45000282899967,44.98333423299982,1.2052603960037231
-121.45000282899967,45.10000090199982,4.704439163208008
-121.45000282899967,45.21666757099982,5.184492111206055
-121.45000282899967,45.333334239999814,69.4050521850586
-121.45000282899967,45.45000090899981,36.70117950439453
-121.45000282899967,45.56666757799981,15.038801193237305
-121.45000282899967,45.683334246999806,-36.9323616027832
-121.45000282899967,45.8000009159998,-9.852757453918457
-121.45000282899967,45.9166675849998,-3.949847936630249
-121.45000282899967,46.0333342539998,20.388126373291016
-121.45000282899967,46.150000922999794,136.41664123535156
-121.45000282899967,46.26666759199979,102.51289367675781
-121.45000282899967,46.38333426099979,54.57554626464844
-121.45000282899967,46.500000929999786,93.65013122558594
-121.45000282899967,46.61666759899978,65.37010192871094
-121.45000282899967,46.73333426799978,63.31586837768555
-121.45000282899967,46.85000093699978,43.8437614440918
-121.45000282899967,46.966667605999774,79.9454345703125
-121.45000282899967,47.08333427499977,28.81700897216797
-121.45000282899967,47.20000094399977,6.784890174865723
-121.45000282899967,47.316667612999765,3.3984804153442383
-121.45000282899967,47.43333428199976,6.328667640686035
-121.45000282899967,47.55000095099976,-26.751171112060547
-121.45000282899967,47.66666761999976,13.05878734588623
-121.45000282899967,47.783334288999754,0.34606021642684937
-121.45000282899967,47.90000095799975,-4.99757194519043
-121.45000282899967,48.01666762699975,30.679157257080078
-121.45000282899967,48.133334295999745,-7.75047492980957
-121.45000282899967,48.25000096499974,-15.740198135375977
-121.45000282899967,48.36666763399974,-0.1124117374420166
-121.45000282899967,48.48333430299974,-12.249266624450684
-121.45000282899967,48.600000971999734,-3.8004727363586426
-121.45000282899967,48.71666764099973,47.001102447509766
-121.45000282899967,48.83333430999973,31.374244689941406
-121.45000282899967,48.950000978999725,34.0488166809082
-121.45000282899967,49.06666764799972,18.766324996948242
-121.45000282899967,49.18333431699972,33.37921142578125
-121.45000282899967,49.300000985999716,-4.782402992248535
-121.45000282899967,49.41666765499971,-61.680931091308594
-121.45000282899967,49.53333432399971,-23.95635223388672
-121.45000282899967,49.65000099299971,-24.318405151367188
-121.45000282899967,49.766667661999705,-47.700965881347656
-121.45000282899967,49.8833343309997,-55.20465087890625
-121.45000282899967,50.0000009999997,-53.396244049072266
-121.45000282899967,50.116667668999696,44.90707015991211
-121.45000282899967,50.23333433799969,-46.500125885009766
-121.45000282899967,50.35000100699969,37.65528869628906
-121.45000282899967,50.46666767599969,30.595800399780273
-121.45000282899967,50.583334344999685,35.68621826171875
-121.45000282899967,50.70000101399968,59.53413009643555
-121.45000282899967,50.81666768299968,-3.6052005290985107
-121.45000282899967,50.933334351999676,-42.73221969604492
-121.45000282899967,51.05000102099967,-26.06157875061035
-121.45000282899967,51.16666768999967,-23.064733505249023
-121.45000282899967,51.28333435899967,-6.889252662658691
-121.45000282899967,51.400001027999664,9.215638160705566
-121.45000282899967,51.51666769699966,12.507312774658203
-121.45000282899967,51.63333436599966,4.966754913330078
-121.45000282899967,51.750001034999656,-19.093563079833984
-121.45000282899967,51.86666770399965,-10.359787940979004
-121.45000282899967,51.98333437299965,28.295028686523438
-121.45000282899967,52.10000104199965,11.992425918579102
-121.45000282899967,52.216667710999644,3.239823579788208
-121.45000282899967,52.33333437999964,-9.498307228088379
-121.45000282899967,52.45000104899964,-18.75929069519043
-121.45000282899967,52.566667717999636,9.988154411315918
-121.45000282899967,52.68333438699963,-13.710378646850586
-121.45000282899967,52.80000105599963,13.001195907592773
-121.45000282899967,52.91666772499963,59.427310943603516
-121.45000282899967,53.033334393999624,37.98088073730469
-121.45000282899967,53.15000106299962,14.011180877685547
-121.45000282899967,53.26666773199962,-7.2985734939575195
-121.45000282899967,53.383334400999615,-19.004074096679688
-121.45000282899967,53.50000106999961,-4.624920845031738
-121.45000282899967,53.61666773899961,18.422523498535156
-121.45000282899967,53.73333440799961,14.30150318145752
-121.45000282899967,53.850001076999604,-20.40289878845215
-121.45000282899967,53.9666677459996,5.514049530029297
-121.33333615999967,37.983334092999996,-31.35291862487793
-121.33333615999967,38.10000076199999,-26.115516662597656
-121.33333615999967,38.21666743099999,-20.555347442626953
-121.33333615999967,38.33333409999999,-22.433382034301758
-121.33333615999967,38.450000768999985,-21.03350067138672
-121.33333615999967,38.56666743799998,-42.865966796875
-121.33333615999967,38.68333410699998,-59.37642288208008
-121.33333615999967,38.800000775999976,-75.49494171142578
-121.33333615999967,38.91666744499997,-68.96809387207031
-121.33333615999967,39.03333411399997,-45.77588653564453
-121.33333615999967,39.15000078299997,-28.491600036621094
-121.33333615999967,39.266667451999965,-4.548439025878906
-121.33333615999967,39.38333412099996,19.437969207763672
-121.33333615999967,39.50000078999996,-12.235750198364258
-121.33333615999967,39.616667458999956,-69.87397003173828
-121.33333615999967,39.73333412799995,-19.66558074951172
-121.33333615999967,39.85000079699995,34.595218658447266
-121.33333615999967,39.96666746599995,38.06331253051758
-121.33333615999967,40.083334134999944,95.18431091308594
-121.33333615999967,40.20000080399994,82.35614776611328
-121.33333615999967,40.31666747299994,27.51778793334961
-121.33333615999967,40.433334141999936,51.22831726074219
-121.33333615999967,40.55000081099993,64.83734893798828
-121.33333615999967,40.66666747999993,18.054378509521484
-121.33333615999967,40.78333414899993,27.181591033935547
-121.33333615999967,40.900000817999924,8.259676933288574
-121.33333615999967,41.01666748699992,-38.05333709716797
-121.33333615999967,41.13333415599992,2.9971766471862793
-121.33333615999967,41.250000824999915,21.5730037689209
-121.33333615999967,41.36666749399991,-2.0582849979400635
-121.33333615999967,41.48333416299991,-4.75648307800293
-121.33333615999967,41.60000083199991,-8.075531959533691
-121.33333615999967,41.716667500999904,2.4941985607147217
-121.33333615999967,41.8333341699999,-1.4554251432418823
-121.33333615999967,41.9500008389999,-7.749835014343262
-121.33333615999967,42.066667507999895,30.103580474853516
-121.33333615999967,42.18333417699989,3.304210901260376
-121.33333615999967,42.30000084599989,38.859596252441406
-121.33333615999967,42.41666751499989,9.680673599243164
-121.33333615999967,42.533334183999884,-11.364964485168457
-121.33333615999967,42.65000085299988,9.699566841125488
-121.33333615999967,42.76666752199988,27.175790786743164
-121.33333615999967,42.883334190999875,75.19286346435547
-121.33333615999967,43.00000085999987,84.02682495117188
-121.33333615999967,43.11666752899987,17.14862632751465
-121.33333615999967,43.233334197999866,46.33147430419922
-121.33333615999967,43.35000086699986,52.82854080200195
-121.33333615999967,43.46666753599986,2.4472715854644775
-121.33333615999967,43.58333420499986,22.882591247558594
-121.33333615999967,43.700000873999855,46.96601104736328
-121.33333615999967,43.81666754299985,33.671627044677734
-121.33333615999967,43.93333421199985,14.336188316345215
-121.33333615999967,44.050000880999846,-10.302626609802246
-121.33333615999967,44.16666754999984,-25.079761505126953
-121.33333615999967,44.28333421899984,-19.41495704650879
-121.33333615999967,44.40000088799984,-35.0789909362793
-121.33333615999967,44.516667556999835,-25.958024978637695
-121.33333615999967,44.63333422599983,-36.592918395996094
-121.33333615999967,44.75000089499983,-36.54542541503906
-121.33333615999967,44.866667563999826,-25.462718963623047
-121.33333615999967,44.98333423299982,4.834765434265137
-121.33333615999967,45.10000090199982,-5.305264472961426
-121.33333615999967,45.21666757099982,-40.59193420410156
-121.33333615999967,45.333334239999814,7.478405952453613
-121.33333615999967,45.45000090899981,3.6140213012695312
-121.33333615999967,45.56666757799981,-9.566000938415527
-121.33333615999967,45.683334246999806,-35.03733825683594
-121.33333615999967,45.8000009159998,15.847832679748535
-121.33333615999967,45.9166675849998,5.527016639709473
-121.33333615999967,46.0333342539998,-3.590287923812866
-121.33333615999967,46.150000922999794,27.2889347076416
-121.33333615999967,46.26666759199979,8.4829740524292
-121.33333615999967,46.38333426099979,45.40336227416992
-121.33333615999967,46.500000929999786,64.4315414428711
-121.33333615999967,46.61666759899978,34.26637649536133
-121.33333615999967,46.73333426799978,66.47354125976562
-121.33333615999967,46.85000093699978,26.844961166381836
-121.33333615999967,46.966667605999774,68.86991882324219
-121.33333615999967,47.08333427499977,30.651010513305664
-121.33333615999967,47.20000094399977,9.837117195129395
-121.33333615999967,47.316667612999765,2.0644187927246094
-121.33333615999967,47.43333428199976,33.60726547241211
-121.33333615999967,47.55000095099976,37.97489547729492
-121.33333615999967,47.66666761999976,-22.084938049316406
-121.33333615999967,47.783334288999754,7.351844787597656
-121.33333615999967,47.90000095799975,-2.0326995849609375
-121.33333615999967,48.01666762699975,25.65896224975586
-121.33333615999967,48.133334295999745,4.375638961791992
-121.33333615999967,48.25000096499974,2.213989496231079
-121.33333615999967,48.36666763399974,53.234230041503906
-121.33333615999967,48.48333430299974,23.206077575683594
-121.33333615999967,48.600000971999734,-21.186601638793945
-121.33333615999967,48.71666764099973,-4.655527114868164
-121.33333615999967,48.83333430999973,39.79730224609375
-121.33333615999967,48.950000978999725,37.591068267822266
-121.33333615999967,49.06666764799972,51.19368362426758
-121.33333615999967,49.18333431699972,18.937894821166992
-121.33333615999967,49.300000985999716,1.7576735019683838
-121.33333615999967,49.41666765499971,-40.86198043823242
-121.33333615999967,49.53333432399971,-22.326831817626953
-121.33333615999967,49.65000099299971,-48.634605407714844
-121.33333615999967,49.766667661999705,-45.72724151611328
-121.33333615999967,49.8833343309997,-3.329066514968872
-121.33333615999967,50.0000009999997,90.11702728271484
-121.33333615999967,50.116667668999696,117.92803955078125
-121.33333615999967,50.23333433799969,6.831439018249512
-121.33333615999967,50.35000100699969,-49.41061782836914
-121.33333615999967,50.46666767599969,-63.55659866333008
-121.33333615999967,50.583334344999685,-43.451663970947266
-121.33333615999967,50.70000101399968,-48.49371337890625
-121.33333615999967,50.81666768299968,-43.697845458984375
-121.33333615999967,50.933334351999676,-5.846349716186523
-121.33333615999967,51.05000102099967,-7.364936828613281
-121.33333615999967,51.16666768999967,-21.435712814331055
-121.33333615999967,51.28333435899967,-3.381775379180908
-121.33333615999967,51.400001027999664,-6.001089096069336
-121.33333615999967,51.51666769699966,15.308845520019531
-121.33333615999967,51.63333436599966,-13.765451431274414
-121.33333615999967,51.750001034999656,-15.545141220092773
-121.33333615999967,51.86666770399965,18.217445373535156
-121.33333615999967,51.98333437299965,18.832456588745117
-121.33333615999967,52.10000104199965,0.4824807643890381
-121.33333615999967,52.216667710999644,-6.134955406188965
-121.33333615999967,52.33333437999964,-10.031121253967285
-121.33333615999967,52.45000104899964,-14.657773971557617
-121.33333615999967,52.566667717999636,9.618632316589355
-121.33333615999967,52.68333438699963,28.307621002197266
-121.33333615999967,52.80000105599963,-4.035645008087158
-121.33333615999967,52.91666772499963,40.07703399658203
-121.33333615999967,53.033334393999624,42.8004150390625
-121.33333615999967,53.15000106299962,-23.087989807128906
-121.33333615999967,53.26666773199962,-35.14502716064453
-121.33333615999967,53.383334400999615,2.5855274200439453
-121.33333615999967,53.50000106999961,29.288236618041992
-121.33333615999967,53.61666773899961,41.727272033691406
-121.33333615999967,53.73333440799961,-0.565014123916626
-121.33333615999967,53.850001076999604,-32.56105422973633
-121.33333615999967,53.9666677459996,20.777559280395508
-121.21666949099968,37.983334092999996,-31.159645080566406
-121.21666949099968,38.10000076199999,-22.840896606445312
-121.21666949099968,38.21666743099999,-18.6276798248291
-121.21666949099968,38.33333409999999,-16.217248916625977
-121.21666949099968,38.450000768999985,-10.956107139587402
-121.21666949099968,38.56666743799998,-28.455463409423828
-121.21666949099968,38.68333410699998,-56.36088562011719
-121.21666949099968,38.800000775999976,-82.50362396240234
-121.21666949099968,38.91666744499997,-57.29469680786133
-121.21666949099968,39.03333411399997,-13.336618423461914
-121.21666949099968,39.15000078299997,23.91010284423828
-121.21666949099968,39.266667451999965,20.793176651000977
-121.21666949099968,39.38333412099996,36.408023834228516
-121.21666949099968,39.50000078999996,45.575927734375
-121.21666949099968,39.616667458999956,5.708331108093262
-121.21666949099968,39.73333412799995,5.615338325500488
-121.21666949099968,39.85000079699995,106.9123306274414
-121.21666949099968,39.96666746599995,54.487545013427734
-121.21666949099968,40.083334134999944,13.777567863464355
-121.21666949099968,40.20000080399994,8.00892162322998
-121.21666949099968,40.31666747299994,-9.202735900878906
-121.21666949099968,40.433334141999936,63.94621658325195
-121.21666949099968,40.55000081099993,74.6473617553711
-121.21666949099968,40.66666747999993,17.712947845458984
-121.21666949099968,40.78333414899993,54.654300689697266
-121.21666949099968,40.900000817999924,-12.963555335998535
-121.21666949099968,41.01666748699992,-9.116171836853027
-121.21666949099968,41.13333415599992,12.77489185333252
-121.21666949099968,41.250000824999915,-12.838888168334961
-121.21666949099968,41.36666749399991,-10.583385467529297
-121.21666949099968,41.48333416299991,1.2549214363098145
-121.21666949099968,41.60000083199991,-4.762607574462891
-121.21666949099968,41.716667500999904,-3.029409885406494
-121.21666949099968,41.8333341699999,15.57495403289795
-121.21666949099968,41.9500008389999,11.814664840698242
-121.21666949099968,42.066667507999895,-7.9393768310546875
-121.21666949099968,42.18333417699989,-14.427620887756348
-121.21666949099968,42.30000084599989,32.380821228027344
-121.21666949099968,42.41666751499989,9.271988868713379
-121.21666949099968,42.533334183999884,-0.9508005380630493
-121.21666949099968,42.65000085299988,-5.180475234985352
-121.21666949099968,42.76666752199988,0.3222055435180664
-121.21666949099968,42.883334190999875,32.003231048583984
-121.21666949099968,43.00000085999987,42.96097946166992
-121.21666949099968,43.11666752899987,0.46832752227783203
-121.21666949099968,43.233334197999866,24.826616287231445
-121.21666949099968,43.35000086699986,6.326820373535156
-121.21666949099968,43.46666753599986,-0.8413020968437195
-121.21666949099968,43.58333420499986,33.66347885131836
-121.21666949099968,43.700000873999855,104.70183563232422
-121.21666949099968,43.81666754299985,69.3781509399414
-121.21666949099968,43.93333421199985,15.885369300842285
-121.21666949099968,44.050000880999846,-6.519003868103027
-121.21666949099968,44.16666754999984,-20.67066764831543
-121.21666949099968,44.28333421899984,-23.125444412231445
-121.21666949099968,44.40000088799984,-12.548072814941406
-121.21666949099968,44.516667556999835,-5.495760917663574
-121.21666949099968,44.63333422599983,-36.36419677734375
-121.21666949099968,44.75000089499983,-45.10051727294922
-121.21666949099968,44.866667563999826,-28.71234893798828
-121.21666949099968,44.98333423299982,19.16411781311035
-121.21666949099968,45.10000090199982,-15.429167747497559
-121.21666949099968,45.21666757099982,-32.000877380371094
-121.21666949099968,45.333334239999814,4.7040510177612305
-121.21666949099968,45.45000090899981,-5.653716087341309
-121.21666949099968,45.56666757799981,-26.100765228271484
-121.21666949099968,45.683334246999806,-34.41330337524414
-121.21666949099968,45.8000009159998,-3.022479772567749
-121.21666949099968,45.9166675849998,5.8262786865234375
-121.21666949099968,46.0333342539998,-25.525728225708008
-121.21666949099968,46.150000922999794,-12.510483741760254
-121.21666949099968,46.26666759199979,26.81939125061035
-121.21666949099968,46.38333426099979,25.69246482849121
-121.21666949099968,46.500000929999786,83.12438201904297
-121.21666949099968,46.61666759899978,35.827354431152344
-121.21666949099968,46.73333426799978,65.44074249267578
-121.21666949099968,46.85000093699978,66.31126403808594
-121.21666949099968,46.966667605999774,13.935181617736816
-121.21666949099968,47.08333427499977,36.74075698852539
-121.21666949099968,47.20000094399977,25.49833869934082
-121.21666949099968,47.316667612999765,12.292943000793457
-121.21666949099968,47.43333428199976,22.239028930664062
-121.21666949099968,47.55000095099976,78.38882446289062
-121.21666949099968,47.66666761999976,11.10315227508545
-121.21666949099968,47.783334288999754,11.228076934814453
-121.21666949099968,47.90000095799975,17.159503936767578
-121.21666949099968,48.01666762699975,42.31541442871094
-121.21666949099968,48.133334295999745,55.994041442871094
-121.21666949099968,48.25000096499974,-10.599577903747559
-121.21666949099968,48.36666763399974,26.113176345825195
-121.21666949099968,48.48333430299974,-25.35345458984375
-121.21666949099968,48.600000971999734,52.36705017089844
-121.21666949099968,48.71666764099973,-10.500632286071777
-121.21666949099968,48.83333430999973,52.20545196533203
-121.21666949099968,48.950000978999725,78.00769805908203
-121.21666949099968,49.06666764799972,34.709232330322266
-121.21666949099968,49.18333431699972,18.004377365112305
-121.21666949099968,49.300000985999716,31.38098907470703
-121.21666949099968,49.41666765499971,-5.5905561447143555
-121.21666949099968,49.53333432399971,-0.2224578857421875
-121.21666949099968,49.65000099299971,44.42692947387695
-121.21666949099968,49.766667661999705,48.210845947265625
-121.21666949099968,49.8833343309997,33.082313537597656
-121.21666949099968,50.0000009999997,103.84854888916016
-121.21666949099968,50.116667668999696,58.03029251098633
-121.21666949099968,50.23333433799969,9.367195129394531
-121.21666949099968,50.35000100699969,-9.221060752868652
-121.21666949099968,50.46666767599969,-16.60066795349121
-121.21666949099968,50.583334344999685,-7.706284523010254
-121.21666949099968,50.70000101399968,-47.863502502441406
-121.21666949099968,50.81666768299968,-33.53402328491211
-121.21666949099968,50.933334351999676,50.46377944946289
-121.21666949099968,51.05000102099967,17.403356552124023
-121.21666949099968,51.16666768999967,-13.740548133850098
-121.21666949099968,51.28333435899967,0.6788289546966553
-121.21666949099968,51.400001027999664,4.357556343078613
-121.21666949099968,51.51666769699966,5.581785202026367
-121.21666949099968,51.63333436599966,-10.524056434631348
-121.21666949099968,51.750001034999656,-16.839366912841797
-121.21666949099968,51.86666770399965,9.978484153747559
-121.21666949099968,51.98333437299965,-4.029141426086426
-121.21666949099968,52.10000104199965,2.5056960582733154
-121.21666949099968,52.216667710999644,2.898042917251587
-121.21666949099968,52.33333437999964,-1.3994132280349731
-121.21666949099968,52.45000104899964,-17.570322036743164
-121.21666949099968,52.566667717999636,0.94071364402771
-121.21666949099968,52.68333438699963,91.36326599121094
-121.21666949099968,52.80000105599963,-17.477214813232422
-121.21666949099968,52.91666772499963,10.655194282531738
-121.21666949099968,53.033334393999624,-17.518800735473633
-121.21666949099968,53.15000106299962,-36.789798736572266
-121.21666949099968,53.26666773199962,-2.4712235927581787
-121.21666949099968,53.383334400999615,25.151283264160156
-121.21666949099968,53.50000106999961,37.207061767578125
-121.21666949099968,53.61666773899961,54.09755325317383
-121.21666949099968,53.73333440799961,-22.98567008972168
-121.21666949099968,53.850001076999604,-39.54274368286133
-121.21666949099968,53.9666677459996,19.1721134185791
-121.10000282199968,37.983334092999996,-37.40008544921875
-121.10000282199968,38.10000076199999,-33.865150451660156
-121.10000282199968,38.21666743099999,-31.051076889038086
-121.10000282199968,38.33333409999999,-10.442497253417969
-121.10000282199968,38.450000768999985,-18.85762596130371
-121.10000282199968,38.56666743799998,-39.96192169189453
-121.10000282199968,38.68333410699998,-45.800086975097656
-121.10000282199968,38.800000775999976,-50.930206298828125
-121.10000282199968,38.91666744499997,-19.45288848876953
-121.10000282199968,39.03333411399997,15.769316673278809
-121.10000282199968,39.15000078299997,40.83806610107422
-121.10000282199968,39.266667451999965,23.093461990356445
-121.10000282199968,39.38333412099996,-3.9293606281280518
-121.10000282199968,39.50000078999996,24.301050186157227
-121.10000282199968,39.616667458999956,48.749839782714844
-121.10000282199968,39.73333412799995,47.457157135009766
-121.10000282199968,39.85000079699995,67.48686981201172
-121.10000282199968,39.96666746599995,40.53702163696289
-121.10000282199968,40.083334134999944,26.925647735595703
-121.10000282199968,40.20000080399994,30.955875396728516
-121.10000282199968,40.31666747299994,24.632598876953125
-121.10000282199968,40.433334141999936,62.88876724243164
-121.10000282199968,40.55000081099993,45.95985412597656
-121.10000282199968,40.66666747999993,33.96070098876953
-121.10000282199968,40.78333414899993,49.77069091796875
-121.10000282199968,40.900000817999924,0.6024755835533142
-121.10000282199968,41.01666748699992,24.924060821533203
-121.10000282199968,41.13333415599992,-36.88356399536133
-121.10000282199968,41.250000824999915,-1.2996124029159546
-121.10000282199968,41.36666749399991,39.71355438232422
-121.10000282199968,41.48333416299991,23.029529571533203
-121.10000282199968,41.60000083199991,-2.1635875701904297
-121.10000282199968,41.716667500999904,3.587082862854004
-121.10000282199968,41.8333341699999,1.8801817893981934
-121.10000282199968,41.9500008389999,-9.708754539489746
-121.10000282199968,42.066667507999895,-8.536881446838379
-121.10000282199968,42.18333417699989,1.8871963024139404
-121.10000282199968,42.30000084599989,10.881017684936523
-121.10000282199968,42.41666751499989,-4.317181587219238
-121.10000282199968,42.533334183999884,-33.24803161621094
-121.10000282199968,42.65000085299988,6.122096061706543
-121.10000282199968,42.76666752199988,-9.036147117614746
-121.10000282199968,42.883334190999875,2.2556581497192383
-121.10000282199968,43.00000085999987,16.357879638671875
-121.10000282199968,43.11666752899987,-1.611557126045227
-121.10000282199968,43.233334197999866,-5.429038047790527
-121.10000282199968,43.35000086699986,-2.3658769130706787
-121.10000282199968,43.46666753599986,-1.31584894657135
-121.10000282199968,43.58333420499986,19.490100860595703
-121.10000282199968,43.700000873999855,52.00221252441406
-121.10000282199968,43.81666754299985,19.740365982055664
-121.10000282199968,43.93333421199985,1.0439273118972778
-121.10000282199968,44.050000880999846,-9.997598648071289
-121.10000282199968,44.16666754999984,-2.9242305755615234
-121.10000282199968,44.28333421899984,-21.681346893310547
-121.10000282199968,44.40000088799984,11.353290557861328
-121.10000282199968,44.516667556999835,9.535577774047852
-121.10000282199968,44.63333422599983,-18.73780632019043
-121.10000282199968,44.75000089499983,-41.14409637451172
-121.10000282199968,44.866667563999826,-46.800296783447266
-121.10000282199968,44.98333423299982,-23.471698760986328
-121.10000282199968,45.10000090199982,-28.596405029296875
-121.10000282199968,45.21666757099982,-43.98151779174805
-121.10000282199968,45.333334239999814,3.143903970718384
-121.10000282199968,45.45000090899981,-8.15156364440918
-121.10000282199968,45.56666757799981,-38.12046432495117
-121.10000282199968,45.683334246999806,-14.30579662322998
-121.10000282199968,45.8000009159998,-17.115489959716797
-121.10000282199968,45.9166675849998,-11.543244361877441
-121.10000282199968,46.0333342539998,-13.644566535949707
-121.10000282199968,46.150000922999794,4.513955116271973
-121.10000282199968,46.26666759199979,47.33967590332031
-121.10000282199968,46.38333426099979,70.01866149902344
-121.10000282199968,46.500000929999786,92.98332977294922
-121.10000282199968,46.61666759899978,53.96466064453125
-121.10000282199968,46.73333426799978,53.13939666748047
-121.10000282199968,46.85000093699978,25.183853149414062
-121.10000282199968,46.966667605999774,-7.42179012298584
-121.10000282199968,47.08333427499977,81.4446029663086
-121.10000282199968,47.20000094399977,4.695473670959473
-121.10000282199968,47.316667612999765,38.29137420654297
-121.10000282199968,47.43333428199976,33.618167877197266
-121.10000282199968,47.55000095099976,70.64633178710938
-121.10000282199968,47.66666761999976,56.8709831237793
-121.10000282199968,47.783334288999754,40.04585647583008
-121.10000282199968,47.90000095799975,47.41581726074219
-121.10000282199968,48.01666762699975,54.69493865966797
-121.10000282199968,48.133334295999745,73.29782104492188
-121.10000282199968,48.25000096499974,8.09161376953125
-121.10000282199968,48.36666763399974,69.7958984375
-121.10000282199968,48.48333430299974,20.214435577392578
-121.10000282199968,48.600000971999734,48.83271789550781
-121.10000282199968,48.71666764099973,-24.048805236816406
-121.10000282199968,48.83333430999973,-18.099414825439453
-121.10000282199968,48.950000978999725,-29.431299209594727
-121.10000282199968,49.06666764799972,-38.051971435546875
-121.10000282199968,49.18333431699972,3.7218306064605713
-121.10000282199968,49.300000985999716,39.219032287597656
-121.10000282199968,49.41666765499971,11.117313385009766
-121.10000282199968,49.53333432399971,-1.5913738012313843
-121.10000282199968,49.65000099299971,34.998390197753906
-121.10000282199968,49.766667661999705,31.06798553466797
-121.10000282199968,49.8833343309997,-0.668923020362854
-121.10000282199968,50.0000009999997,9.80478572845459
-121.10000282199968,50.116667668999696,14.161328315734863
-121.10000282199968,50.23333433799969,-37.73237228393555
-121.10000282199968,50.35000100699969,13.058416366577148
-121.10000282199968,50.46666767599969,54.09184265136719
-121.10000282199968,50.583334344999685,81.33259582519531
-121.10000282199968,50.70000101399968,20.524139404296875
-121.10000282199968,50.81666768299968,-14.201574325561523
-121.10000282199968,50.933334351999676,20.16170883178711
-121.10000282199968,51.05000102099967,32.30976867675781
-121.10000282199968,51.16666768999967,-17.998666763305664
-121.10000282199968,51.28333435899967,-12.082549095153809
-121.10000282199968,51.400001027999664,2.8116137981414795
-121.10000282199968,51.51666769699966,-5.7581634521484375
-121.10000282199968,51.63333436599966,-1.729811668395996
-121.10000282199968,51.750001034999656,-15.033498764038086
-121.10000282199968,51.86666770399965,-22.074417114257812
-121.10000282199968,51.98333437299965,-37.038368225097656
-121.10000282199968,52.10000104199965,14.206537246704102
-121.10000282199968,52.216667710999644,5.603996276855469
-121.10000282199968,52.33333437999964,19.557106018066406
-121.10000282199968,52.45000104899964,-4.756888389587402
-121.10000282199968,52.566667717999636,-27.804182052612305
-121.10000282199968,52.68333438699963,52.250667572021484
-121.10000282199968,52.80000105599963,0.8154971599578857
-121.10000282199968,52.91666772499963,2.086449384689331
-121.10000282199968,53.033334393999624,-31.357152938842773
-121.10000282199968,53.15000106299962,31.326805114746094
-121.10000282199968,53.26666773199962,17.35127830505371
-121.10000282199968,53.383334400999615,26.370132446289062
-121.10000282199968,53.50000106999961,50.12571334838867
-121.10000282199968,53.61666773899961,32.55220031738281
-121.10000282199968,53.73333440799961,-51.44483184814453
-121.10000282199968,53.850001076999604,-11.942412376403809
-121.10000282199968,53.9666677459996,4.522824287414551
-120.98333615299968,37.983334092999996,-43.58473205566406
-120.98333615299968,38.10000076199999,-36.94458770751953
-120.98333615299968,38.21666743099999,-32.65962219238281
-120.98333615299968,38.33333409999999,-32.21297073364258
-120.98333615299968,38.450000768999985,-38.573951721191406
-120.98333615299968,38.56666743799998,-22.917396545410156
-120.98333615299968,38.68333410699998,13.415959358215332
-120.98333615299968,38.800000775999976,-13.619548797607422
-120.98333615299968,38.91666744499997,-12.103849411010742
-120.98333615299968,39.03333411399997,-1.2341814041137695
-120.98333615299968,39.15000078299997,22.059656143188477
-120.98333615299968,39.266667451999965,34.28681564331055
-120.98333615299968,39.38333412099996,19.71981430053711
-120.98333615299968,39.50000078999996,30.44009017944336
-120.98333615299968,39.616667458999956,70.32614135742188
-120.98333615299968,39.73333412799995,97.49848937988281
-120.98333615299968,39.85000079699995,50.61277770996094
-120.98333615299968,39.96666746599995,-28.21537971496582
-120.98333615299968,40.083334134999944,11.936970710754395
-120.98333615299968,40.20000080399994,39.08416748046875
-120.98333615299968,40.31666747299994,54.99201965332031
-120.98333615299968,40.433334141999936,55.571624755859375
-120.98333615299968,40.55000081099993,38.024288177490234
-120.98333615299968,40.66666747999993,39.161582946777344
-120.98333615299968,40.78333414899993,30.273841857910156
-120.98333615299968,40.900000817999924,-3.600515604019165
-120.98333615299968,41.01666748699992,32.61849594116211
-120.98333615299968,41.13333415599992,-16.37459945678711
-120.98333615299968,41.250000824999915,11.379252433776855
-120.98333615299968,41.36666749399991,27.58184814453125
-120.98333615299968,41.48333416299991,-2.269956350326538
-120.98333615299968,41.60000083199991,11.689906120300293
-120.98333615299968,41.716667500999904,11.600963592529297
-120.98333615299968,41.8333341699999,5.293122291564941
-120.98333615299968,41.9500008389999,4.024035453796387
-120.98333615299968,42.066667507999895,1.1005687713623047
-120.98333615299968,42.18333417699989,0.6959624886512756
-120.98333615299968,42.30000084599989,4.218474388122559
-120.98333615299968,42.41666751499989,-18.001026153564453
-120.98333615299968,42.533334183999884,13.27202320098877
-120.98333615299968,42.65000085299988,18.135391235351562
-120.98333615299968,42.76666752199988,2.135237455368042
-120.98333615299968,42.883334190999875,40.32049560546875
-120.98333615299968,43.00000085999987,42.20478439331055
-120.98333615299968,43.11666752899987,-6.45351505279541
-120.98333615299968,43.233334197999866,20.04192352294922
-120.98333615299968,43.35000086699986,-0.07445479929447174
-120.98333615299968,43.46666753599986,-8.381144523620605
-120.98333615299968,43.58333420499986,15.313444137573242
-120.98333615299968,43.700000873999855,18.633262634277344
-120.98333615299968,43.81666754299985,17.477462768554688
-120.98333615299968,43.93333421199985,-9.52902889251709
-120.98333615299968,44.050000880999846,-21.267765045166016
-120.98333615299968,44.16666754999984,14.129426002502441
-120.98333615299968,44.28333421899984,-22.196857452392578
-120.98333615299968,44.40000088799984,1.3706144094467163
-120.98333615299968,44.516667556999835,23.249074935913086
-120.98333615299968,44.63333422599983,2.897090196609497
-120.98333615299968,44.75000089499983,-27.585195541381836
-120.98333615299968,44.866667563999826,-17.056842803955078
-120.98333615299968,44.98333423299982,-7.069908142089844
-120.98333615299968,45.10000090199982,-15.765924453735352
-120.98333615299968,45.21666757099982,-33.98876953125
-120.98333615299968,45.333334239999814,-8.819750785827637
-120.98333615299968,45.45000090899981,5.415047645568848
-120.98333615299968,45.56666757799981,-33.4346809387207
-120.98333615299968,45.683334246999806,-17.283113479614258
-120.98333615299968,45.8000009159998,-12.81161880493164
-120.98333615299968,45.9166675849998,-3.672776699066162
-120.98333615299968,46.0333342539998,25.242372512817383
-120.98333615299968,46.150000922999794,13.414756774902344
-120.98333615299968,46.26666759199979,8.86510944366455
-120.98333615299968,46.38333426099979,38.84098815917969
-120.98333615299968,46.500000929999786,25.901660919189453
-120.98333615299968,46.61666759899978,53.055667877197266
-120.98333615299968,46.73333426799978,33.113555908203125
-120.98333615299968,46.85000093699978,-10.738542556762695
-120.98333615299968,46.966667605999774,57.89128112792969
-120.98333615299968,47.08333427499977,89.39627838134766
-120.98333615299968,47.20000094399977,-18.76184844970703
-120.98333615299968,47.316667612999765,46.30106735229492
-120.98333615299968,47.43333428199976,84.67745208740234
-120.98333615299968,47.55000095099976,85.18978881835938
-120.98333615299968,47.66666761999976,62.38105773925781
-120.98333615299968,47.783334288999754,47.085792541503906
-120.98333615299968,47.90000095799975,23.891904830932617
-120.98333615299968,48.01666762699975,52.16868591308594
-120.98333615299968,48.133334295999745,56.248748779296875
-120.98333615299968,48.25000096499974,40.66363525390625
-120.98333615299968,48.36666763399974,35.21956253051758
-120.98333615299968,48.48333430299974,58.22480392456055
-120.98333615299968,48.600000971999734,26.292234420776367
-120.98333615299968,48.71666764099973,-5.934318542480469
-120.98333615299968,48.83333430999973,2.4571354389190674
-120.98333615299968,48.950000978999725,3.82234787940979
-120.98333615299968,49.06666764799972,44.452003479003906
-120.98333615299968,49.18333431699972,38.54841613769531
-120.98333615299968,49.300000985999716,41.36857604980469
-120.98333615299968,49.41666765499971,39.06281661987305
-120.98333615299968,49.53333432399971,36.43274688720703
-120.98333615299968,49.65000099299971,41.225852966308594
-120.98333615299968,49.766667661999705,24.55165672302246
-120.98333615299968,49.8833343309997,21.807985305786133
-120.98333615299968,50.0000009999997,10.884559631347656
-120.98333615299968,50.116667668999696,-19.57341194152832
-120.98333615299968,50.23333433799969,2.1088123321533203
-120.98333615299968,50.35000100699969,27.103002548217773
-120.98333615299968,50.46666767599969,12.440544128417969
-120.98333615299968,50.583334344999685,28.970794677734375
-120.98333615299968,50.70000101399968,-47.04780197143555
-120.98333615299968,50.81666768299968,-20.827600479125977
-120.98333615299968,50.933334351999676,-20.510953903198242
-120.98333615299968,51.05000102099967,19.131343841552734
-120.98333615299968,51.16666768999967,-6.3553972244262695
-120.98333615299968,51.28333435899967,-5.284823417663574
-120.98333615299968,51.400001027999664,0.3211864233016968
-120.98333615299968,51.51666769699966,-0.4537675380706787
-120.98333615299968,51.63333436599966,6.8501386642456055
-120.98333615299968,51.750001034999656,-12.0321044921875
-120.98333615299968,51.86666770399965,-25.1387939453125
-120.98333615299968,51.98333437299965,2.0140459537506104
-120.98333615299968,52.10000104199965,66.4073486328125
-120.98333615299968,52.216667710999644,-4.557428359985352
-120.98333615299968,52.33333437999964,10.93001651763916
-120.98333615299968,52.45000104899964,-28.855703353881836
-120.98333615299968,52.566667717999636,-56.38007354736328
-120.98333615299968,52.68333438699963,-10.119330406188965
-120.98333615299968,52.80000105599963,43.58900451660156
-120.98333615299968,52.91666772499963,15.883917808532715
-120.98333615299968,53.033334393999624,15.870530128479004
-120.98333615299968,53.15000106299962,31.37591552734375
-120.98333615299968,53.26666773199962,3.9461495876312256
-120.98333615299968,53.383334400999615,35.52276611328125
-120.98333615299968,53.50000106999961,67.40137481689453
-120.98333615299968,53.61666773899961,-8.16795539855957
-120.98333615299968,53.73333440799961,-72.91030883789062
-120.98333615299968,53.850001076999604,-21.633419036865234
-120.98333615299968,53.9666677459996,-19.989234924316406
-120.86666948399969,37.983334092999996,-40.0838737487793
-120.86666948399969,38.10000076199999,-30.866222381591797
-120.86666948399969,38.21666743099999,-37.508148193359375
-120.86666948399969,38.33333409999999,-40.96763610839844
-120.86666948399969,38.450000768999985,-41.664634704589844
-120.86666948399969,38.56666743799998,-28.690977096557617
-120.86666948399969,38.68333410699998,-16.882892608642578
-120.86666948399969,38.800000775999976,-33.25863265991211
-120.86666948399969,38.91666744499997,-5.922196388244629
-120.86666948399969,39.03333411399997,4.0926666259765625
-120.86666948399969,39.15000078299997,18.243276596069336
-120.86666948399969,39.266667451999965,37.85151290893555
-120.86666948399969,39.38333412099996,26.556224822998047
-120.86666948399969,39.50000078999996,34.09480667114258
-120.86666948399969,39.616667458999956,32.81760787963867
-120.86666948399969,39.73333412799995,99.63792419433594
-120.86666948399969,39.85000079699995,33.40913009643555
-120.86666948399969,39.96666746599995,20.663633346557617
-120.86666948399969,40.083334134999944,4.26317024230957
-120.86666948399969,40.20000080399994,21.065265655517578
-120.86666948399969,40.31666747299994,87.56919860839844
-120.86666948399969,40.433334141999936,48.012901306152344
-120.86666948399969,40.55000081099993,39.65385818481445
-120.86666948399969,40.66666747999993,29.58391761779785
-120.86666948399969,40.78333414899993,70.40177917480469
-120.86666948399969,40.900000817999924,26.676902770996094
-120.86666948399969,41.01666748699992,35.25090026855469
-120.86666948399969,41.13333415599992,3.2754650115966797
-120.86666948399969,41.250000824999915,15.475175857543945
-120.86666948399969,41.36666749399991,39.9424934387207
-120.86666948399969,41.48333416299991,-11.543169975280762
-120.86666948399969,41.60000083199991,4.769599914550781
-120.86666948399969,41.716667500999904,4.030675888061523
-120.86666948399969,41.8333341699999,9.282440185546875
-120.86666948399969,41.9500008389999,-4.92909049987793
-120.86666948399969,42.066667507999895,8.877906799316406
-120.86666948399969,42.18333417699989,18.038793563842773
-120.86666948399969,42.30000084599989,25.765527725219727
-120.86666948399969,42.41666751499989,26.776094436645508
-120.86666948399969,42.533334183999884,84.46785736083984
-120.86666948399969,42.65000085299988,60.28831481933594
-120.86666948399969,42.76666752199988,64.62687683105469
-120.86666948399969,42.883334190999875,67.03111267089844
-120.86666948399969,43.00000085999987,55.79287338256836
-120.86666948399969,43.11666752899987,-0.09368658065795898
-120.86666948399969,43.233334197999866,14.13100814819336
-120.86666948399969,43.35000086699986,-6.32192325592041
-120.86666948399969,43.46666753599986,15.290937423706055
-120.86666948399969,43.58333420499986,36.5067024230957
-120.86666948399969,43.700000873999855,16.979000091552734
-120.86666948399969,43.81666754299985,24.44435691833496
-120.86666948399969,43.93333421199985,18.007184982299805
-120.86666948399969,44.050000880999846,-15.67762279510498
-120.86666948399969,44.16666754999984,0.2369295358657837
-120.86666948399969,44.28333421899984,-14.389037132263184
-120.86666948399969,44.40000088799984,0.7707250118255615
-120.86666948399969,44.516667556999835,46.19868087768555
-120.86666948399969,44.63333422599983,31.818763732910156
-120.86666948399969,44.75000089499983,1.8127107620239258
-120.86666948399969,44.866667563999826,-3.7703003883361816
-120.86666948399969,44.98333423299982,24.071107864379883
-120.86666948399969,45.10000090199982,-11.033385276794434
-120.86666948399969,45.21666757099982,-1.5148016214370728
-120.86666948399969,45.333334239999814,-9.762890815734863
-120.86666948399969,45.45000090899981,-9.926328659057617
-120.86666948399969,45.56666757799981,-24.976207733154297
-120.86666948399969,45.683334246999806,-29.770671844482422
-120.86666948399969,45.8000009159998,-8.676043510437012
-120.86666948399969,45.9166675849998,17.44375228881836
-120.86666948399969,46.0333342539998,98.84616088867188
-120.86666948399969,46.150000922999794,45.65676498413086
-120.86666948399969,46.26666759199979,17.15498161315918
-120.86666948399969,46.38333426099979,-25.40802764892578
-120.86666948399969,46.500000929999786,-14.342875480651855
-120.86666948399969,46.61666759899978,7.711305618286133
-120.86666948399969,46.73333426799978,0.5313773155212402
-120.86666948399969,46.85000093699978,9.240500450134277
-120.86666948399969,46.966667605999774,49.51188659667969
-120.86666948399969,47.08333427499977,38.8004264831543
-120.86666948399969,47.20000094399977,-10.334002494812012
-120.86666948399969,47.316667612999765,32.06284713745117
-120.86666948399969,47.43333428199976,117.2014389038086
-120.86666948399969,47.55000095099976,90.98763275146484
-120.86666948399969,47.66666761999976,116.14771270751953
-120.86666948399969,47.783334288999754,52.51194381713867
-120.86666948399969,47.90000095799975,24.806249618530273
-120.86666948399969,48.01666762699975,47.01519775390625
-120.86666948399969,48.133334295999745,55.16595458984375
-120.86666948399969,48.25000096499974,94.50657653808594
-120.86666948399969,48.36666763399974,-36.59537124633789
-120.86666948399969,48.48333430299974,25.149930953979492
-120.86666948399969,48.600000971999734,47.6249885559082
-120.86666948399969,48.71666764099973,27.1185302734375
-120.86666948399969,48.83333430999973,57.48846435546875
-120.86666948399969,48.950000978999725,60.2227668762207
-120.86666948399969,49.06666764799972,54.86843490600586
-120.86666948399969,49.18333431699972,33.50783157348633
-120.86666948399969,49.300000985999716,47.035438537597656
-120.86666948399969,49.41666765499971,39.764957427978516
-120.86666948399969,49.53333432399971,19.918636322021484
-120.86666948399969,49.65000099299971,52.5659065246582
-120.86666948399969,49.766667661999705,23.17205238342285
-120.86666948399969,49.8833343309997,7.493752479553223
-120.86666948399969,50.0000009999997,19.044288635253906
-120.86666948399969,50.116667668999696,-56.849700927734375
-120.86666948399969,50.23333433799969,3.8633034229278564
-120.86666948399969,50.35000100699969,-7.095325469970703
-120.86666948399969,50.46666767599969,-12.63748550415039
-120.86666948399969,50.583334344999685,13.353419303894043
-120.86666948399969,50.70000101399968,-33.26863098144531
-120.86666948399969,50.81666768299968,-10.759780883789062
-120.86666948399969,50.933334351999676,-15.766107559204102
-120.86666948399969,51.05000102099967,4.730161666870117
-120.86666948399969,51.16666768999967,-8.19948959350586
-120.86666948399969,51.28333435899967,-22.247465133666992
-120.86666948399969,51.400001027999664,-1.061293601989746
-120.86666948399969,51.51666769699966,-1.403570532798767
-120.86666948399969,51.63333436599966,5.140902519226074
-120.86666948399969,51.750001034999656,1.4049338102340698
-120.86666948399969,51.86666770399965,-22.18152618408203
-120.86666948399969,51.98333437299965,36.967445373535156
-120.86666948399969,52.10000104199965,46.46493911743164
-120.86666948399969,52.216667710999644,-21.580354690551758
-120.86666948399969,52.33333437999964,14.673809051513672
-120.86666948399969,52.45000104899964,-27.712480545043945
-120.86666948399969,52.566667717999636,2.9783318042755127
-120.86666948399969,52.68333438699963,-19.567333221435547
-120.86666948399969,52.80000105599963,-22.93404197692871
-120.86666948399969,52.91666772499963,21.72669792175293
-120.86666948399969,53.033334393999624,37.37165451049805
-120.86666948399969,53.15000106299962,-8.722686767578125
-120.86666948399969,53.26666773199962,33.077491760253906
-120.86666948399969,53.383334400999615,30.806732177734375
-120.86666948399969,53.50000106999961,55.72941970825195
-120.86666948399969,53.61666773899961,-54.386474609375
-120.86666948399969,53.73333440799961,-60.40449142456055
-120.86666948399969,53.850001076999604,-25.553672790527344
-120.86666948399969,53.9666677459996,-34.14665603637695
-120.75000281499969,37.983334092999996,-19.552152633666992
-120.75000281499969,38.10000076199999,-20.37476921081543
-120.75000281499969,38.21666743099999,-39.85398864746094
-120.75000281499969,38.33333409999999,-34.48073196411133
-120.75000281499969,38.450000768999985,-25.0543155670166
-120.75000281499969,38.56666743799998,-10.19629955291748
-120.75000281499969,38.68333410699998,-20.02863883972168
-120.75000281499969,38.800000775999976,-18.253644943237305
-120.75000281499969,38.91666744499997,10.840662002563477
-120.75000281499969,39.03333411399997,-8.501592636108398
-120.75000281499969,39.15000078299997,21.984560012817383
-120.75000281499969,39.266667451999965,37.89113998413086
-120.75000281499969,39.38333412099996,18.891311645507812
-120.75000281499969,39.50000078999996,44.58989334106445
-120.75000281499969,39.616667458999956,15.321953773498535
-120.75000281499969,39.73333412799995,93.63169860839844
-120.75000281499969,39.85000079699995,2.50113582611084
-120.75000281499969,39.96666746599995,61.5404052734375
-120.75000281499969,40.083334134999944,26.37415313720703
-120.75000281499969,40.20000080399994,47.546504974365234
-120.75000281499969,40.31666747299994,63.05329895019531
-120.75000281499969,40.433334141999936,35.68500900268555
-120.75000281499969,40.55000081099993,25.96881675720215
-120.75000281499969,40.66666747999993,-3.5654451847076416
-120.75000281499969,40.78333414899993,18.10625648498535
-120.75000281499969,40.900000817999924,15.19893741607666
-120.75000281499969,41.01666748699992,22.371044158935547
-120.75000281499969,41.13333415599992,25.315967559814453
-120.75000281499969,41.250000824999915,69.12335205078125
-120.75000281499969,41.36666749399991,8.78369426727295
-120.75000281499969,41.48333416299991,-7.5047197341918945
-120.75000281499969,41.60000083199991,17.912321090698242
-120.75000281499969,41.716667500999904,13.110078811645508
-120.75000281499969,41.8333341699999,6.107059478759766
-120.75000281499969,41.9500008389999,17.022018432617188
-120.75000281499969,42.066667507999895,33.36836624145508
-120.75000281499969,42.18333417699989,11.944526672363281
-120.75000281499969,42.30000084599989,42.162593841552734
-120.75000281499969,42.41666751499989,44.03685760498047
-120.75000281499969,42.533334183999884,55.045597076416016
-120.75000281499969,42.65000085299988,82.87779235839844
-120.75000281499969,42.76666752199988,-21.879714965820312
-120.75000281499969,42.883334190999875,-39.85758972167969
-120.75000281499969,43.00000085999987,-4.782700538635254
-120.75000281499969,43.11666752899987,28.00595474243164
-120.75000281499969,43.233334197999866,-0.5688140988349915
-120.75000281499969,43.35000086699986,7.674548149108887
-120.75000281499969,43.46666753599986,5.296623229980469
-120.75000281499969,43.58333420499986,15.623781204223633
-120.75000281499969,43.700000873999855,7.308047294616699
-120.75000281499969,43.81666754299985,7.791807174682617
-120.75000281499969,43.93333421199985,22.37068748474121
-120.75000281499969,44.050000880999846,9.616665840148926
-120.75000281499969,44.16666754999984,-0.981311023235321
-120.75000281499969,44.28333421899984,-2.5565555095672607
-120.75000281499969,44.40000088799984,-3.3914012908935547
-120.75000281499969,44.516667556999835,35.944915771484375
-120.75000281499969,44.63333422599983,29.371307373046875
-120.75000281499969,44.75000089499983,11.2623291015625
-120.75000281499969,44.866667563999826,-2.756901264190674
-120.75000281499969,44.98333423299982,20.65244483947754
-120.75000281499969,45.10000090199982,5.9564008712768555
-120.75000281499969,45.21666757099982,12.239028930664062
-120.75000281499969,45.333334239999814,11.3521089553833
-120.75000281499969,45.45000090899981,-2.0816423892974854
-120.75000281499969,45.56666757799981,-11.988855361938477
-120.75000281499969,45.683334246999806,-33.20049285888672
-120.75000281499969,45.8000009159998,0.054594963788986206
-120.75000281499969,45.9166675849998,21.582029342651367
-120.75000281499969,46.0333342539998,86.66941833496094
-120.75000281499969,46.150000922999794,34.10859298706055
-120.75000281499969,46.26666759199979,5.571071624755859
-120.75000281499969,46.38333426099979,-57.34260177612305
-120.75000281499969,46.500000929999786,-37.54764175415039
-120.75000281499969,46.61666759899978,-32.13725280761719
-120.75000281499969,46.73333426799978,-24.01036262512207
-120.75000281499969,46.85000093699978,1.482390284538269
-120.75000281499969,46.966667605999774,3.430021286010742
-120.75000281499969,47.08333427499977,-16.089277267456055
-120.75000281499969,47.20000094399977,-4.472683906555176
-120.75000281499969,47.316667612999765,37.88507080078125
-120.75000281499969,47.43333428199976,100.03433227539062
-120.75000281499969,47.55000095099976,50.939632415771484
-120.75000281499969,47.66666761999976,48.05575942993164
-120.75000281499969,47.783334288999754,-42.724098205566406
-120.75000281499969,47.90000095799975,15.344481468200684
-120.75000281499969,48.01666762699975,38.716609954833984
-120.75000281499969,48.133334295999745,85.68350982666016
-120.75000281499969,48.25000096499974,50.265953063964844
-120.75000281499969,48.36666763399974,-10.247291564941406
-120.75000281499969,48.48333430299974,54.00811004638672
-120.75000281499969,48.600000971999734,63.12442398071289
-120.75000281499969,48.71666764099973,26.71503448486328
-120.75000281499969,48.83333430999973,59.45035171508789
-120.75000281499969,48.950000978999725,59.378082275390625
-120.75000281499969,49.06666764799972,41.30905532836914
-120.75000281499969,49.18333431699972,78.42086029052734
-120.75000281499969,49.300000985999716,75.24771881103516
-120.75000281499969,49.41666765499971,62.00288009643555
-120.75000281499969,49.53333432399971,14.631939888000488
-120.75000281499969,49.65000099299971,3.7629191875457764
-120.75000281499969,49.766667661999705,-16.820831298828125
-120.75000281499969,49.8833343309997,10.798779487609863
-120.75000281499969,50.0000009999997,20.570436477661133
-120.75000281499969,50.116667668999696,-42.93644332885742
-120.75000281499969,50.23333433799969,2.639070987701416
-120.75000281499969,50.35000100699969,-4.499569892883301
-120.75000281499969,50.46666767599969,14.593095779418945
-120.75000281499969,50.583334344999685,43.014835357666016
-120.75000281499969,50.70000101399968,-44.87214660644531
-120.75000281499969,50.81666768299968,-23.841461181640625
-120.75000281499969,50.933334351999676,21.995004653930664
-120.75000281499969,51.05000102099967,6.369126319885254
-120.75000281499969,51.16666768999967,-3.2701470851898193
-120.75000281499969,51.28333435899967,-15.248761177062988
-120.75000281499969,51.400001027999664,1.141810417175293
-120.75000281499969,51.51666769699966,3.040494918823242
-120.75000281499969,51.63333436599966,3.173233985900879
-120.75000281499969,51.750001034999656,18.11766242980957
-120.75000281499969,51.86666770399965,-18.354934692382812
-120.75000281499969,51.98333437299965,17.035524368286133
-120.75000281499969,52.10000104199965,3.9523732662200928
-120.75000281499969,52.216667710999644,-17.747905731201172
-120.75000281499969,52.33333437999964,19.917415618896484
-120.75000281499969,52.45000104899964,-17.52220344543457
-120.75000281499969,52.566667717999636,7.843012809753418
-120.75000281499969,52.68333438699963,37.737152099609375
-120.75000281499969,52.80000105599963,-48.406028747558594
-120.75000281499969,52.91666772499963,24.3626651763916
-120.75000281499969,53.033334393999624,5.334834098815918
-120.75000281499969,53.15000106299962,23.561786651611328
-120.75000281499969,53.26666773199962,29.40056610107422
-120.75000281499969,53.383334400999615,9.596356391906738
-120.75000281499969,53.50000106999961,13.850569725036621
-120.75000281499969,53.61666773899961,-93.85523986816406
-120.75000281499969,53.73333440799961,8.820795059204102
-120.75000281499969,53.850001076999604,41.586158752441406
-120.75000281499969,53.9666677459996,-29.243026733398438
-120.63333614599969,37.983334092999996,-20.436986923217773
-120.63333614599969,38.10000076199999,-20.34296417236328
-120.63333614599969,38.21666743099999,-29.815105438232422
-120.63333614599969,38.33333409999999,-11.843602180480957
-120.63333614599969,38.450000768999985,-3.4932124614715576
-120.63333614599969,38.56666743799998,0.12098637223243713
-120.63333614599969,38.68333410699998,1.8911535739898682
-120.63333614599969,38.800000775999976,3.802210569381714
-120.63333614599969,38.91666744499997,32.97882843017578
-120.63333614599969,39.03333411399997,-13.012284278869629
-120.63333614599969,39.15000078299997,19.223533630371094
-120.63333614599969,39.266667451999965,59.409507751464844
-120.63333614599969,39.38333412099996,83.66999816894531
-120.63333614599969,39.50000078999996,73.42212677001953
-120.63333614599969,39.616667458999956,85.69007873535156
-120.63333614599969,39.73333412799995,52.918357849121094
-120.63333614599969,39.85000079699995,43.313228607177734
-120.63333614599969,39.96666746599995,79.79124450683594
-120.63333614599969,40.083334134999944,40.20070266723633
-120.63333614599969,40.20000080399994,65.01911163330078
-120.63333614599969,40.31666747299994,54.62891387939453
-120.63333614599969,40.433334141999936,-5.224923133850098
-120.63333614599969,40.55000081099993,37.74178695678711
-120.63333614599969,40.66666747999993,45.12505340576172
-120.63333614599969,40.78333414899993,33.96810531616211
-120.63333614599969,40.900000817999924,3.5845394134521484
-120.63333614599969,41.01666748699992,19.44385528564453
-120.63333614599969,41.13333415599992,33.80858612060547
-120.63333614599969,41.250000824999915,15.690356254577637
-120.63333614599969,41.36666749399991,1.786609172821045
-120.63333614599969,41.48333416299991,11.218217849731445
-120.63333614599969,41.60000083199991,9.811931610107422
-120.63333614599969,41.716667500999904,14.779065132141113
-120.63333614599969,41.8333341699999,9.585882186889648
-120.63333614599969,41.9500008389999,25.881031036376953
-120.63333614599969,42.066667507999895,34.831268310546875
-120.63333614599969,42.18333417699989,25.745576858520508
-120.63333614599969,42.30000084599989,61.301063537597656
-120.63333614599969,42.41666751499989,25.39844512939453
-120.63333614599969,42.533334183999884,14.88925552368164
-120.63333614599969,42.65000085299988,48.94645309448242
-120.63333614599969,42.76666752199988,-43.469688415527344
-120.63333614599969,42.883334190999875,-16.157894134521484
-120.63333614599969,43.00000085999987,-15.799201011657715
-120.63333614599969,43.11666752899987,36.109798431396484
-120.63333614599969,43.233334197999866,6.405142784118652
-120.63333614599969,43.35000086699986,-10.596549987792969
-120.63333614599969,43.46666753599986,2.7743308544158936
-120.63333614599969,43.58333420499986,22.569929122924805
-120.63333614599969,43.700000873999855,13.923409461975098
-120.63333614599969,43.81666754299985,21.04315185546875
-120.63333614599969,43.93333421199985,13.082216262817383
-120.63333614599969,44.050000880999846,37.67924118041992
-120.63333614599969,44.16666754999984,20.727149963378906
-120.63333614599969,44.28333421899984,9.200488090515137
-120.63333614599969,44.40000088799984,18.672725677490234
-120.63333614599969,44.516667556999835,36.97515106201172
-120.63333614599969,44.63333422599983,8.473052978515625
-120.63333614599969,44.75000089499983,15.017617225646973
-120.63333614599969,44.866667563999826,29.19921112060547
-120.63333614599969,44.98333423299982,28.291812896728516
-120.63333614599969,45.10000090199982,9.318427085876465
-120.63333614599969,45.21666757099982,2.7976646423339844
-120.63333614599969,45.333334239999814,-6.612659454345703
-120.63333614599969,45.45000090899981,-10.259419441223145
-120.63333614599969,45.56666757799981,-11.111557960510254
-120.63333614599969,45.683334246999806,-39.33271789550781
-120.63333614599969,45.8000009159998,-9.599777221679688
-120.63333614599969,45.9166675849998,21.40609359741211
-120.63333614599969,46.0333342539998,24.64671516418457
-120.63333614599969,46.150000922999794,-0.9785888195037842
-120.63333614599969,46.26666759199979,-9.813380241394043
-120.63333614599969,46.38333426099979,-66.37983703613281
-120.63333614599969,46.500000929999786,-48.50888442993164
-120.63333614599969,46.61666759899978,-45.24936294555664
-120.63333614599969,46.73333426799978,-41.03712844848633
-120.63333614599969,46.85000093699978,2.7129409313201904
-120.63333614599969,46.966667605999774,-22.027931213378906
-120.63333614599969,47.08333427499977,-46.54034423828125
-120.63333614599969,47.20000094399977,48.453826904296875
-120.63333614599969,47.316667612999765,61.02094268798828
-120.63333614599969,47.43333428199976,25.38400650024414
-120.63333614599969,47.55000095099976,-32.930198669433594
-120.63333614599969,47.66666761999976,-45.50092315673828
-120.63333614599969,47.783334288999754,-3.2474238872528076
-120.63333614599969,47.90000095799975,52.144161224365234
-120.63333614599969,48.01666762699975,88.19135284423828
-120.63333614599969,48.133334295999745,56.99952697753906
-120.63333614599969,48.25000096499974,-46.11771774291992
-120.63333614599969,48.36666763399974,40.49323654174805
-120.63333614599969,48.48333430299974,85.4765625
-120.63333614599969,48.600000971999734,44.184913635253906
-120.63333614599969,48.71666764099973,68.06293487548828
-120.63333614599969,48.83333430999973,91.44955444335938
-120.63333614599969,48.950000978999725,38.01128005981445
-120.63333614599969,49.06666764799972,8.86947250366211
-120.63333614599969,49.18333431699972,17.53882598876953
-120.63333614599969,49.300000985999716,21.84539222717285
-120.63333614599969,49.41666765499971,15.757269859313965
-120.63333614599969,49.53333432399971,23.255279541015625
-120.63333614599969,49.65000099299971,20.592992782592773
-120.63333614599969,49.766667661999705,-6.563077926635742
-120.63333614599969,49.8833343309997,10.988787651062012
-120.63333614599969,50.0000009999997,22.914289474487305
-120.63333614599969,50.116667668999696,-23.718191146850586
-120.63333614599969,50.23333433799969,20.145334243774414
-120.63333614599969,50.35000100699969,56.97948455810547
-120.63333614599969,50.46666767599969,25.275251388549805
-120.63333614599969,50.583334344999685,72.52359008789062
-120.63333614599969,50.70000101399968,-53.89205551147461
-120.63333614599969,50.81666768299968,0.562755286693573
-120.63333614599969,50.933334351999676,35.92876052856445
-120.63333614599969,51.05000102099967,18.35653305053711
-120.63333614599969,51.16666768999967,9.80051040649414
-120.63333614599969,51.28333435899967,3.584500312805176
-120.63333614599969,51.400001027999664,-4.8279619216918945
-120.63333614599969,51.51666769699966,8.060590744018555
-120.63333614599969,51.63333436599966,27.866416931152344
-120.63333614599969,51.750001034999656,5.402463912963867
-120.63333614599969,51.86666770399965,-25.49481201171875
-120.63333614599969,51.98333437299965,4.458658218383789
-120.63333614599969,52.10000104199965,37.68357467651367
-120.63333614599969,52.216667710999644,21.181346893310547
-120.63333614599969,52.33333437999964,41.05858612060547
-120.63333614599969,52.45000104899964,32.285160064697266
-120.63333614599969,52.566667717999636,-40.886348724365234
-120.63333614599969,52.68333438699963,95.64815521240234
-120.63333614599969,52.80000105599963,13.180516242980957
-120.63333614599969,52.91666772499963,25.185232162475586
-120.63333614599969,53.033334393999624,7.867586135864258
-120.63333614599969,53.15000106299962,41.23319625854492
-120.63333614599969,53.26666773199962,31.043663024902344
-120.63333614599969,53.383334400999615,33.982025146484375
-120.63333614599969,53.50000106999961,-61.44118881225586
-120.63333614599969,53.61666773899961,-80.53650665283203
-120.63333614599969,53.73333440799961,44.41477966308594
-120.63333614599969,53.850001076999604,37.56734085083008
-120.63333614599969,53.9666677459996,-52.1636848449707
-120.5166694769997,37.983334092999996,-34.48796844482422
-120.5166694769997,38.10000076199999,-16.16214942932129
-120.5166694769997,38.21666743099999,-1.37628173828125
-120.5166694769997,38.33333409999999,4.03700065612793
-120.5166694769997,38.450000768999985,10.959465980529785
-120.5166694769997,38.56666743799998,46.32852554321289
-120.5166694769997,38.68333410699998,33.7025032043457
-120.5166694769997,38.800000775999976,20.74325180053711
-120.5166694769997,38.91666744499997,44.35028839111328
-120.5166694769997,39.03333411399997,38.410091400146484
-120.5166694769997,39.15000078299997,52.743446350097656
-120.5166694769997,39.266667451999965,59.70075225830078
-120.5166694769997,39.38333412099996,94.61580657958984
-120.5166694769997,39.50000078999996,100.369873046875
-120.5166694769997,39.616667458999956,90.605712890625
-120.5166694769997,39.73333412799995,9.284747123718262
-120.5166694769997,39.85000079699995,45.99776077270508
-120.5166694769997,39.96666746599995,37.06660079956055
-120.5166694769997,40.083334134999944,58.260929107666016
-120.5166694769997,40.20000080399994,47.97270202636719
-120.5166694769997,40.31666747299994,1.2186625003814697
-120.5166694769997,40.433334141999936,-10.803600311279297
-120.5166694769997,40.55000081099993,22.420549392700195
-120.5166694769997,40.66666747999993,18.949705123901367
-120.5166694769997,40.78333414899993,21.392717361450195
-120.5166694769997,40.900000817999924,-8.539356231689453
-120.5166694769997,41.01666748699992,6.176665306091309
-120.5166694769997,41.13333415599992,40.07502746582031
-120.5166694769997,41.250000824999915,-21.21161651611328
-120.5166694769997,41.36666749399991,-10.633410453796387
-120.5166694769997,41.48333416299991,-23.592266082763672
-120.5166694769997,41.60000083199991,5.808017730712891
-120.5166694769997,41.716667500999904,13.275686264038086
-120.5166694769997,41.8333341699999,8.3454008102417
-120.5166694769997,41.9500008389999,2.2684507369995117
-120.5166694769997,42.066667507999895,-9.622282028198242
-120.5166694769997,42.18333417699989,-4.63515567779541
-120.5166694769997,42.30000084599989,31.84213638305664
-120.5166694769997,42.41666751499989,62.26567459106445
-120.5166694769997,42.533334183999884,47.149715423583984
-120.5166694769997,42.65000085299988,-4.1095380783081055
-120.5166694769997,42.76666752199988,-9.669376373291016
-120.5166694769997,42.883334190999875,30.646799087524414
-120.5166694769997,43.00000085999987,13.987924575805664
-120.5166694769997,43.11666752899987,14.013216018676758
-120.5166694769997,43.233334197999866,-2.430884599685669
-120.5166694769997,43.35000086699986,-10.683029174804688
-120.5166694769997,43.46666753599986,13.570961952209473
-120.5166694769997,43.58333420499986,26.71540641784668
-120.5166694769997,43.700000873999855,13.50566577911377
-120.5166694769997,43.81666754299985,20.752534866333008
-120.5166694769997,43.93333421199985,31.881492614746094
-120.5166694769997,44.050000880999846,62.75286865234375
-120.5166694769997,44.16666754999984,4.852415084838867
-120.5166694769997,44.28333421899984,12.166282653808594
-120.5166694769997,44.40000088799984,21.74709701538086
-120.5166694769997,44.516667556999835,56.96692657470703
-120.5166694769997,44.63333422599983,22.541765213012695
-120.5166694769997,44.75000089499983,-10.701949119567871
-120.5166694769997,44.866667563999826,-11.493539810180664
-120.5166694769997,44.98333423299982,1.9432356357574463
-120.5166694769997,45.10000090199982,-15.184479713439941
-120.5166694769997,45.21666757099982,-7.464177131652832
-120.5166694769997,45.333334239999814,-25.807395935058594
-120.5166694769997,45.45000090899981,-28.425447463989258
-120.5166694769997,45.56666757799981,-31.027767181396484
-120.5166694769997,45.683334246999806,-49.55778503417969
-120.5166694769997,45.8000009159998,-21.526147842407227
-120.5166694769997,45.9166675849998,21.32861328125
-120.5166694769997,46.0333342539998,48.52901077270508
-120.5166694769997,46.150000922999794,-12.751014709472656
-120.5166694769997,46.26666759199979,-32.745906829833984
-120.5166694769997,46.38333426099979,-67.96087646484375
-120.5166694769997,46.500000929999786,-53.01205062866211
-120.5166694769997,46.61666759899978,-59.415077209472656
-120.5166694769997,46.73333426799978,-38.654029846191406
-120.5166694769997,46.85000093699978,-9.963996887207031
-120.5166694769997,46.966667605999774,-52.29768753051758
-120.5166694769997,47.08333427499977,-29.143339157104492
-120.5166694769997,47.20000094399977,82.27103424072266
-120.5166694769997,47.316667612999765,74.2435302734375
-120.5166694769997,47.43333428199976,-7.879310607910156
-120.5166694769997,47.55000095099976,-43.21614456176758
-120.5166694769997,47.66666761999976,26.118009567260742
-120.5166694769997,47.783334288999754,51.075439453125
-120.5166694769997,47.90000095799975,52.71984100341797
-120.5166694769997,48.01666762699975,42.254249572753906
-120.5166694769997,48.133334295999745,-29.05840492248535
-120.5166694769997,48.25000096499974,54.48594665527344
-120.5166694769997,48.36666763399974,69.17886352539062
-120.5166694769997,48.48333430299974,112.9879150390625
-120.5166694769997,48.600000971999734,-6.861598968505859
-120.5166694769997,48.71666764099973,20.637996673583984
-120.5166694769997,48.83333430999973,60.195594787597656
-120.5166694769997,48.950000978999725,30.46129608154297
-120.5166694769997,49.06666764799972,53.22607421875
-120.5166694769997,49.18333431699972,18.147462844848633
-120.5166694769997,49.300000985999716,30.350008010864258
-120.5166694769997,49.41666765499971,-37.99690246582031
-120.5166694769997,49.53333432399971,-15.808429718017578
-120.5166694769997,49.65000099299971,17.22956657409668
-120.5166694769997,49.766667661999705,24.026016235351562
-120.5166694769997,49.8833343309997,2.794038772583008
-120.5166694769997,50.0000009999997,-17.352985382080078
-120.5166694769997,50.116667668999696,-10.652287483215332
-120.5166694769997,50.23333433799969,-32.00666809082031
-120.5166694769997,50.35000100699969,12.54504108428955
-120.5166694769997,50.46666767599969,6.005499839782715
-120.5166694769997,50.583334344999685,22.537086486816406
-120.5166694769997,50.70000101399968,-64.65904235839844
-120.5166694769997,50.81666768299968,5.553003311157227
-120.5166694769997,50.933334351999676,63.95619583129883
-120.5166694769997,51.05000102099967,59.622493743896484
-120.5166694769997,51.16666768999967,9.136381149291992
-120.5166694769997,51.28333435899967,6.108498573303223
-120.5166694769997,51.400001027999664,7.328886985778809
-120.5166694769997,51.51666769699966,7.0561418533325195
-120.5166694769997,51.63333436599966,56.62928771972656
-120.5166694769997,51.750001034999656,25.399179458618164
-120.5166694769997,51.86666770399965,-20.585229873657227
-120.5166694769997,51.98333437299965,-20.095104217529297
-120.5166694769997,52.10000104199965,35.89606475830078
-120.5166694769997,52.216667710999644,51.906063079833984
-120.5166694769997,52.33333437999964,83.27287292480469
-120.5166694769997,52.45000104899964,87.15092468261719
-120.5166694769997,52.566667717999636,-37.353755950927734
-120.5166694769997,52.68333438699963,22.67860984802246
-120.5166694769997,52.80000105599963,-16.700336456298828
-120.5166694769997,52.91666772499963,16.06201171875
-120.5166694769997,53.033334393999624,107.86924743652344
-120.5166694769997,53.15000106299962,32.90374755859375
-120.5166694769997,53.26666773199962,82.40255737304688
-120.5166694769997,53.383334400999615,33.065589904785156
-120.5166694769997,53.50000106999961,-91.99391174316406
-120.5166694769997,53.61666773899961,-3.8046014308929443
-120.5166694769997,53.73333440799961,36.777801513671875
-120.5166694769997,53.850001076999604,12.074902534484863
-120.5166694769997,53.9666677459996,-14.099064826965332
-120.4000028079997,37.983334092999996,2.959747314453125
-120.4000028079997,38.10000076199999,-3.4572339057922363
-120.4000028079997,38.21666743099999,29.446285247802734
-120.4000028079997,38.33333409999999,36.84710693359375
-120.4000028079997,38.450000768999985,32.42659378051758
-120.4000028079997,38.56666743799998,67.1596908569336
-120.4000028079997,38.68333410699998,63.71670913696289
-120.4000028079997,38.800000775999976,49.25508117675781
-120.4000028079997,38.91666744499997,54.071327209472656
-120.4000028079997,39.03333411399997,52.40034866333008
-120.4000028079997,39.15000078299997,67.9699478149414
-120.4000028079997,39.266667451999965,74.84317779541016
-120.4000028079997,39.38333412099996,113.43558502197266
-120.4000028079997,39.50000078999996,104.80526733398438
-120.4000028079997,39.616667458999956,12.398755073547363
-120.4000028079997,39.73333412799995,0.47874879837036133
-120.4000028079997,39.85000079699995,40.21670913696289
-120.4000028079997,39.96666746599995,42.271602630615234
-120.4000028079997,40.083334134999944,73.87065887451172
-120.4000028079997,40.20000080399994,3.6135199069976807
-120.4000028079997,40.31666747299994,-54.70210647583008
-120.4000028079997,40.433334141999936,19.80501937866211
-120.4000028079997,40.55000081099993,6.71601676940918
-120.4000028079997,40.66666747999993,26.031709671020508
-120.4000028079997,40.78333414899993,15.333293914794922
-120.4000028079997,40.900000817999924,28.78076171875
-120.4000028079997,41.01666748699992,41.58506774902344
-120.4000028079997,41.13333415599992,8.322211265563965
-120.4000028079997,41.250000824999915,-18.824647903442383
-120.4000028079997,41.36666749399991,-5.637526512145996
-120.4000028079997,41.48333416299991,-0.05977465212345123
-120.4000028079997,41.60000083199991,25.068931579589844
-120.4000028079997,41.716667500999904,-2.0928258895874023
-120.4000028079997,41.8333341699999,-15.715917587280273
-120.4000028079997,41.9500008389999,-50.510013580322266
-120.4000028079997,42.066667507999895,-60.81917953491211
-120.4000028079997,42.18333417699989,-25.04924774169922
-120.4000028079997,42.30000084599989,-11.276566505432129
-120.4000028079997,42.41666751499989,15.186705589294434
-120.4000028079997,42.533334183999884,-15.141712188720703
-120.4000028079997,42.65000085299988,0.8539848327636719
-120.4000028079997,42.76666752199988,28.732667922973633
-120.4000028079997,42.883334190999875,18.28583335876465
-120.4000028079997,43.00000085999987,26.97260856628418
-120.4000028079997,43.11666752899987,6.770779609680176
-120.4000028079997,43.233334197999866,-24.220996856689453
-120.4000028079997,43.35000086699986,-14.384994506835938
-120.4000028079997,43.46666753599986,23.834497451782227
-120.4000028079997,43.58333420499986,31.590255737304688
-120.4000028079997,43.700000873999855,-13.310415267944336
-120.4000028079997,43.81666754299985,16.476701736450195
-120.4000028079997,43.93333421199985,35.60681915283203
-120.4000028079997,44.050000880999846,56.7193717956543
-120.4000028079997,44.16666754999984,-4.044956207275391
-120.4000028079997,44.28333421899984,72.67849731445312
-120.4000028079997,44.40000088799984,46.82209777832031
-120.4000028079997,44.516667556999835,26.906082153320312
-120.4000028079997,44.63333422599983,-9.982539176940918
-120.4000028079997,44.75000089499983,-38.94586944580078
-120.4000028079997,44.866667563999826,-27.048433303833008
-120.4000028079997,44.98333423299982,6.108687400817871
-120.4000028079997,45.10000090199982,-4.705192565917969
-120.4000028079997,45.21666757099982,11.621960639953613
-120.4000028079997,45.333334239999814,-1.3761214017868042
-120.4000028079997,45.45000090899981,-26.694475173950195
-120.4000028079997,45.56666757799981,-43.911109924316406
-120.4000028079997,45.683334246999806,-48.16193771362305
-120.4000028079997,45.8000009159998,-7.209567070007324
-120.4000028079997,45.9166675849998,16.653942108154297
-120.4000028079997,46.0333342539998,54.03989791870117
-120.4000028079997,46.150000922999794,-6.0846662521362305
-120.4000028079997,46.26666759199979,-38.2333869934082
-120.4000028079997,46.38333426099979,-64.81462860107422
-120.4000028079997,46.500000929999786,-54.59025192260742
-120.4000028079997,46.61666759899978,-33.21891403198242
-120.4000028079997,46.73333426799978,-13.306525230407715
-120.4000028079997,46.85000093699978,-19.439865112304688
-120.4000028079997,46.966667605999774,-45.36955261230469
-120.4000028079997,47.08333427499977,-17.622230529785156
-120.4000028079997,47.20000094399977,75.69481658935547
-120.4000028079997,47.316667612999765,50.81399917602539
-120.4000028079997,47.43333428199976,-37.912681579589844
-120.4000028079997,47.55000095099976,-9.690006256103516
-120.4000028079997,47.66666761999976,53.578887939453125
-120.4000028079997,47.783334288999754,-11.14573860168457
-120.4000028079997,47.90000095799975,62.93751907348633
-120.4000028079997,48.01666762699975,-2.073775291442871
-120.4000028079997,48.133334295999745,71.42894744873047
-120.4000028079997,48.25000096499974,161.61570739746094
-120.4000028079997,48.36666763399974,2.8890280723571777
-120.4000028079997,48.48333430299974,62.935142517089844
-120.4000028079997,48.600000971999734,-21.748695373535156
-120.4000028079997,48.71666764099973,39.71390151977539
-120.4000028079997,48.83333430999973,55.385616302490234
-120.4000028079997,48.950000978999725,62.14189529418945
-120.4000028079997,49.06666764799972,84.17613220214844
-120.4000028079997,49.18333431699972,62.4807014465332
-120.4000028079997,49.300000985999716,41.300113677978516
-120.4000028079997,49.41666765499971,-44.189083099365234
-120.4000028079997,49.53333432399971,-20.39599609375
-120.4000028079997,49.65000099299971,-7.1208600997924805
-120.4000028079997,49.766667661999705,44.19837188720703
-120.4000028079997,49.8833343309997,57.88544464111328
-120.4000028079997,50.0000009999997,-13.22581672668457
-120.4000028079997,50.116667668999696,-0.4273790419101715
-120.4000028079997,50.23333433799969,-30.702449798583984
-120.4000028079997,50.35000100699969,-37.97951889038086
-120.4000028079997,50.46666767599969,-9.932220458984375
-120.4000028079997,50.583334344999685,-18.11080551147461
-120.4000028079997,50.70000101399968,-62.00654602050781
-120.4000028079997,50.81666768299968,-25.734342575073242
-120.4000028079997,50.933334351999676,57.625736236572266
-120.4000028079997,51.05000102099967,53.88566207885742
-120.4000028079997,51.16666768999967,35.4785041809082
-120.4000028079997,51.28333435899967,45.482948303222656
-120.4000028079997,51.400001027999664,46.39164352416992
-120.4000028079997,51.51666769699966,37.421409606933594
-120.4000028079997,51.63333436599966,33.899112701416016
-120.4000028079997,51.750001034999656,10.873615264892578
-120.4000028079997,51.86666770399965,-19.887500762939453
-120.4000028079997,51.98333437299965,1.628469705581665
-120.4000028079997,52.10000104199965,83.26341247558594
-120.4000028079997,52.216667710999644,64.67439270019531
-120.4000028079997,52.33333437999964,25.567365646362305
-120.4000028079997,52.45000104899964,1.9339828491210938
-120.4000028079997,52.566667717999636,-38.59959411621094
-120.4000028079997,52.68333438699963,-1.543533205986023
-120.4000028079997,52.80000105599963,32.60222625732422
-120.4000028079997,52.91666772499963,12.726880073547363
-120.4000028079997,53.033334393999624,93.98435974121094
-120.4000028079997,53.15000106299962,46.556575775146484
-120.4000028079997,53.26666773199962,54.658241271972656
-120.4000028079997,53.383334400999615,-43.18417739868164
-120.4000028079997,53.50000106999961,-22.548673629760742
-120.4000028079997,53.61666773899961,26.987255096435547
-120.4000028079997,53.73333440799961,12.915590286254883
-120.4000028079997,53.850001076999604,5.639610290527344
-120.4000028079997,53.9666677459996,68.0184326171875
-120.2833361389997,37.983334092999996,28.001644134521484
-120.2833361389997,38.10000076199999,5.735613822937012
-120.2833361389997,38.21666743099999,31.518630981445312
-120.2833361389997,38.33333409999999,75.64773559570312
-120.2833361389997,38.450000768999985,52.20114517211914
-120.2833361389997,38.56666743799998,73.76985168457031
-120.2833361389997,38.68333410699998,66.48976135253906
-120.2833361389997,38.800000775999976,42.25470733642578
-120.2833361389997,38.91666744499997,73.855224609375
-120.2833361389997,39.03333411399997,70.58906555175781
-120.2833361389997,39.15000078299997,97.98641204833984
-120.2833361389997,39.266667451999965,74.25672912597656
-120.2833361389997,39.38333412099996,76.59294128417969
-120.2833361389997,39.50000078999996,50.352294921875
-120.2833361389997,39.616667458999956,8.475652694702148
-120.2833361389997,39.73333412799995,-18.391164779663086
-120.2833361389997,39.85000079699995,19.099477767944336
-120.2833361389997,39.96666746599995,74.70262908935547
-120.2833361389997,40.083334134999944,67.30504608154297
-120.2833361389997,40.20000080399994,-74.497802734375
-120.2833361389997,40.31666747299994,-56.97868347167969
-120.2833361389997,40.433334141999936,13.303418159484863
-120.2833361389997,40.55000081099993,-10.771271705627441
-120.2833361389997,40.66666747999993,13.040555000305176
-120.2833361389997,40.78333414899993,16.448402404785156
-120.2833361389997,40.900000817999924,-12.876693725585938
-120.2833361389997,41.01666748699992,22.865415573120117
-120.2833361389997,41.13333415599992,43.97966003417969
-120.2833361389997,41.250000824999915,32.52638244628906
-120.2833361389997,41.36666749399991,93.45716094970703
-120.2833361389997,41.48333416299991,65.27696228027344
-120.2833361389997,41.60000083199991,79.57461547851562
-120.2833361389997,41.716667500999904,72.5025634765625
-120.2833361389997,41.8333341699999,46.53905487060547
-120.2833361389997,41.9500008389999,42.79456329345703
-120.2833361389997,42.066667507999895,43.47267532348633
-120.2833361389997,42.18333417699989,52.84307098388672
-120.2833361389997,42.30000084599989,16.485321044921875
-120.2833361389997,42.41666751499989,6.268979072570801
-120.2833361389997,42.533334183999884,-25.829120635986328
-120.2833361389997,42.65000085299988,1.632718563079834
-120.2833361389997,42.76666752199988,13.220958709716797
-120.2833361389997,42.883334190999875,26.542896270751953
-120.2833361389997,43.00000085999987,11.350266456604004
-120.2833361389997,43.11666752899987,-0.8098667860031128
-120.2833361389997,43.233334197999866,5.779218673706055
-120.2833361389997,43.35000086699986,0.9683281183242798
-120.2833361389997,43.46666753599986,14.28823184967041
-120.2833361389997,43.58333420499986,3.164191484451294
-120.2833361389997,43.700000873999855,-3.889087677001953
-120.2833361389997,43.81666754299985,42.619384765625
-120.2833361389997,43.93333421199985,36.247901916503906
-120.2833361389997,44.050000880999846,49.152278900146484
-120.2833361389997,44.16666754999984,10.517951011657715
-120.2833361389997,44.28333421899984,59.59621810913086
-120.2833361389997,44.40000088799984,54.796234130859375
-120.2833361389997,44.516667556999835,29.60468864440918
-120.2833361389997,44.63333422599983,-39.2542610168457
-120.2833361389997,44.75000089499983,-43.12229919433594
-120.2833361389997,44.866667563999826,6.0045976638793945
-120.2833361389997,44.98333423299982,19.093778610229492
-120.2833361389997,45.10000090199982,0.660335123538971
-120.2833361389997,45.21666757099982,19.47909927368164
-120.2833361389997,45.333334239999814,4.397315979003906
-120.2833361389997,45.45000090899981,-21.707763671875
-120.2833361389997,45.56666757799981,-39.10675048828125
-120.2833361389997,45.683334246999806,-40.65719985961914
-120.2833361389997,45.8000009159998,-3.2712926864624023
-120.2833361389997,45.9166675849998,21.16559600830078
-120.2833361389997,46.0333342539998,30.676851272583008
-120.2833361389997,46.150000922999794,-21.10940170288086
-120.2833361389997,46.26666759199979,-46.189544677734375
-120.2833361389997,46.38333426099979,-63.17333221435547
-120.2833361389997,46.500000929999786,-39.64412307739258
-120.2833361389997,46.61666759899978,-2.3196499347686768
-120.2833361389997,46.73333426799978,-4.727957725524902
-120.2833361389997,46.85000093699978,-0.6984127163887024
-120.2833361389997,46.966667605999774,-9.202457427978516
-120.2833361389997,47.08333427499977,22.18967056274414
-120.2833361389997,47.20000094399977,94.77561950683594
-120.2833361389997,47.316667612999765,4.587833404541016
-120.2833361389997,47.43333428199976,-55.17244338989258
-120.2833361389997,47.55000095099976,-6.702971458435059
-120.2833361389997,47.66666761999976,-24.364194869995117
-120.2833361389997,47.783334288999754,-2.4201202392578125
-120.2833361389997,47.90000095799975,37.60981750488281
-120.2833361389997,48.01666762699975,-23.74628448486328
-120.2833361389997,48.133334295999745,124.5439453125
-120.2833361389997,48.25000096499974,69.23235321044922
-120.2833361389997,48.36666763399974,-7.65994930267334
-120.2833361389997,48.48333430299974,-15.989910125732422
-120.2833361389997,48.600000971999734,-13.750834465026855
-120.2833361389997,48.71666764099973,64.03118133544922
-120.2833361389997,48.83333430999973,50.898250579833984
-120.2833361389997,48.950000978999725,59.88457107543945
-120.2833361389997,49.06666764799972,41.084903717041016
-120.2833361389997,49.18333431699972,45.63441467285156
-120.2833361389997,49.300000985999716,47.9476203918457
-120.2833361389997,49.41666765499971,-4.439621925354004
-120.2833361389997,49.53333432399971,20.47310447692871
-120.2833361389997,49.65000099299971,-11.701922416687012
-120.2833361389997,49.766667661999705,3.4947774410247803
-120.2833361389997,49.8833343309997,56.93613815307617
-120.2833361389997,50.0000009999997,9.395983695983887
-120.2833361389997,50.116667668999696,-9.098161697387695
-120.2833361389997,50.23333433799969,17.621517181396484
-120.2833361389997,50.35000100699969,-15.772921562194824
-120.2833361389997,50.46666767599969,-35.98468780517578
-120.2833361389997,50.583334344999685,-2.104818820953369
-120.2833361389997,50.70000101399968,-54.95037841796875
-120.2833361389997,50.81666768299968,-60.69363021850586
-120.2833361389997,50.933334351999676,-47.350372314453125
-120.2833361389997,51.05000102099967,-13.255647659301758
-120.2833361389997,51.16666768999967,19.497394561767578
-120.2833361389997,51.28333435899967,13.584291458129883
-120.2833361389997,51.400001027999664,3.439067840576172
-120.2833361389997,51.51666769699966,2.2858798503875732
-120.2833361389997,51.63333436599966,11.907722473144531
-120.2833361389997,51.750001034999656,21.49174690246582
-120.2833361389997,51.86666770399965,-21.296859741210938
-120.2833361389997,51.98333437299965,-17.213722229003906
-120.2833361389997,52.10000104199965,42.28035354614258
-120.2833361389997,52.216667710999644,-29.822154998779297
-120.2833361389997,52.33333437999964,-55.453372955322266
-120.2833361389997,52.45000104899964,-14.078845024108887
-120.2833361389997,52.566667717999636,-29.631820678710938
-120.2833361389997,52.68333438699963,18.682764053344727
-120.2833361389997,52.80000105599963,76.17276763916016
-120.2833361389997,52.91666772499963,49.092811584472656
-120.2833361389997,53.033334393999624,-12.671330451965332
-120.2833361389997,53.15000106299962,74.97928619384766
-120.2833361389997,53.26666773199962,-24.826200485229492
-120.2833361389997,53.383334400999615,-76.79235076904297
-120.2833361389997,53.50000106999961,26.19230842590332
-120.2833361389997,53.61666773899961,2.6398520469665527
-120.2833361389997,53.73333440799961,6.259914398193359
-120.2833361389997,53.850001076999604,-22.732236862182617
-120.2833361389997,53.9666677459996,49.46971893310547
-120.1666694699997,37.983334092999996,32.240142822265625
-120.1666694699997,38.10000076199999,43.70683288574219
-120.1666694699997,38.21666743099999,42.990509033203125
-120.1666694699997,38.33333409999999,86.39360809326172
-120.1666694699997,38.450000768999985,62.400333404541016
-120.1666694699997,38.56666743799998,90.70966339111328
-120.1666694699997,38.68333410699998,83.52597045898438
-120.1666694699997,38.800000775999976,97.45899200439453
-120.1666694699997,38.91666744499997,162.3402099609375
-120.1666694699997,39.03333411399997,91.2607421875
-120.1666694699997,39.15000078299997,68.74510192871094
-120.1666694699997,39.266667451999965,48.77182388305664
-120.1666694699997,39.38333412099996,-2.828315258026123
-120.1666694699997,39.50000078999996,66.35453033447266
-120.1666694699997,39.616667458999956,54.686893463134766
-120.1666694699997,39.73333412799995,14.52670955657959
-120.1666694699997,39.85000079699995,23.963603973388672
-120.1666694699997,39.96666746599995,49.439823150634766
-120.1666694699997,40.083334134999944,-4.944504737854004
-120.1666694699997,40.20000080399994,-57.06984329223633
-120.1666694699997,40.31666747299994,23.499542236328125
-120.1666694699997,40.433334141999936,26.39907455444336
-120.1666694699997,40.55000081099993,-5.2736101150512695
-120.1666694699997,40.66666747999993,24.675397872924805
-120.1666694699997,40.78333414899993,29.083431243896484
-120.1666694699997,40.900000817999924,5.632301330566406
-120.1666694699997,41.01666748699992,29.408958435058594
-120.1666694699997,41.13333415599992,109.56429290771484
-120.1666694699997,41.250000824999915,96.33804321289062
-120.1666694699997,41.36666749399991,85.19982147216797
-120.1666694699997,41.48333416299991,-0.5762354135513306
-120.1666694699997,41.60000083199991,-13.323209762573242
-120.1666694699997,41.716667500999904,-27.16480827331543
-120.1666694699997,41.8333341699999,-10.52367877960205
-120.1666694699997,41.9500008389999,100.38860321044922
-120.1666694699997,42.066667507999895,60.584922790527344
-120.1666694699997,42.18333417699989,24.53355598449707
-120.1666694699997,42.30000084599989,56.36180114746094
-120.1666694699997,42.41666751499989,53.34864044189453
-120.1666694699997,42.533334183999884,41.15339660644531
-120.1666694699997,42.65000085299988,4.419397354125977
-120.1666694699997,42.76666752199988,-14.669027328491211
-120.1666694699997,42.883334190999875,11.268868446350098
-120.1666694699997,43.00000085999987,0.2571495771408081
-120.1666694699997,43.11666752899987,6.902676582336426
-120.1666694699997,43.233334197999866,17.581148147583008
-120.1666694699997,43.35000086699986,5.615020751953125
-120.1666694699997,43.46666753599986,3.4722890853881836
-120.1666694699997,43.58333420499986,-0.09101937711238861
-120.1666694699997,43.700000873999855,26.514755249023438
-120.1666694699997,43.81666754299985,18.453929901123047
-120.1666694699997,43.93333421199985,2.9068689346313477
-120.1666694699997,44.050000880999846,4.979264259338379
-120.1666694699997,44.16666754999984,-1.0909996032714844
-120.1666694699997,44.28333421899984,33.74686050415039
-120.1666694699997,44.40000088799984,36.37274169921875
-120.1666694699997,44.516667556999835,21.985355377197266
-120.1666694699997,44.63333422599983,-25.10441780090332
-120.1666694699997,44.75000089499983,-57.968910217285156
-120.1666694699997,44.866667563999826,17.65936851501465
-120.1666694699997,44.98333423299982,21.358173370361328
-120.1666694699997,45.10000090199982,-1.711130142211914
-120.1666694699997,45.21666757099982,6.91462516784668
-120.1666694699997,45.333334239999814,6.186288833618164
-120.1666694699997,45.45000090899981,-10.661111831665039
-120.1666694699997,45.56666757799981,-35.247901916503906
-120.1666694699997,45.683334246999806,-41.061790466308594
-120.1666694699997,45.8000009159998,-22.85309600830078
-120.1666694699997,45.9166675849998,2.030430555343628
-120.1666694699997,46.0333342539998,28.17218589782715
-120.1666694699997,46.150000922999794,-27.32381820678711
-120.1666694699997,46.26666759199979,-51.07374572753906
-120.1666694699997,46.38333426099979,-47.7088508605957
-120.1666694699997,46.500000929999786,-15.433574676513672
-120.1666694699997,46.61666759899978,24.617055892944336
-120.1666694699997,46.73333426799978,6.907258987426758
-120.1666694699997,46.85000093699978,13.957376480102539
-120.1666694699997,46.966667605999774,0.8896148204803467
-120.1666694699997,47.08333427499977,16.140249252319336
-120.1666694699997,47.20000094399977,16.066015243530273
-120.1666694699997,47.316667612999765,-37.39813995361328
-120.1666694699997,47.43333428199976,-3.6262402534484863
-120.1666694699997,47.55000095099976,42.22933578491211
-120.1666694699997,47.66666761999976,-12.210759162902832
-120.1666694699997,47.783334288999754,-24.809167861938477
-120.1666694699997,47.90000095799975,-37.82612228393555
-120.1666694699997,48.01666762699975,8.271018981933594
-120.1666694699997,48.133334295999745,17.483299255371094
-120.1666694699997,48.25000096499974,-16.960256576538086
-120.1666694699997,48.36666763399974,-11.74673080444336
-120.1666694699997,48.48333430299974,-45.53643798828125
-120.1666694699997,48.600000971999734,-34.563472747802734
-120.1666694699997,48.71666764099973,-34.05805587768555
-120.1666694699997,48.83333430999973,43.08624267578125
-120.1666694699997,48.950000978999725,95.94514465332031
-120.1666694699997,49.06666764799972,90.96588134765625
-120.1666694699997,49.18333431699972,59.95606231689453
-120.1666694699997,49.300000985999716,34.98024368286133
-120.1666694699997,49.41666765499971,0.22093087434768677
-120.1666694699997,49.53333432399971,61.75993728637695
-120.1666694699997,49.65000099299971,20.843080520629883
-120.1666694699997,49.766667661999705,-3.3890738487243652
-120.1666694699997,49.8833343309997,66.64830017089844
-120.1666694699997,50.0000009999997,9.450746536254883
-120.1666694699997,50.116667668999696,-6.615647315979004
-120.1666694699997,50.23333433799969,7.501448631286621
-120.1666694699997,50.35000100699969,22.180021286010742
-120.1666694699997,50.46666767599969,-20.020118713378906
-120.1666694699997,50.583334344999685,-27.480318069458008
-120.1666694699997,50.70000101399968,-60.45140838623047
-120.1666694699997,50.81666768299968,3.0776515007019043
-120.1666694699997,50.933334351999676,-15.456311225891113
-120.1666694699997,51.05000102099967,-42.02354431152344
-120.1666694699997,51.16666768999967,-62.2950325012207
-120.1666694699997,51.28333435899967,-50.02156448364258
-120.1666694699997,51.400001027999664,-58.60072708129883
-120.1666694699997,51.51666769699966,-61.51704406738281
-120.1666694699997,51.63333436599966,-30.00993537902832
-120.1666694699997,51.750001034999656,40.150611877441406
-120.1666694699997,51.86666770399965,-31.398387908935547
-120.1666694699997,51.98333437299965,-60.05178451538086
-120.1666694699997,52.10000104199965,-53.74118423461914
-120.1666694699997,52.216667710999644,-47.138031005859375
-120.1666694699997,52.33333437999964,10.407026290893555
-120.1666694699997,52.45000104899964,42.08649444580078
-120.1666694699997,52.566667717999636,3.8133161067962646
-120.1666694699997,52.68333438699963,-12.656519889831543
-120.1666694699997,52.80000105599963,27.104249954223633
-120.1666694699997,52.91666772499963,128.79486083984375
-120.1666694699997,53.033334393999624,39.46194076538086
-120.1666694699997,53.15000106299962,50.736934661865234
-120.1666694699997,53.26666773199962,-84.06100463867188
-120.1666694699997,53.383334400999615,-11.657232284545898
-120.1666694699997,53.50000106999961,44.314849853515625
-120.1666694699997,53.61666773899961,9.703657150268555
-120.1666694699997,53.73333440799961,25.22182846069336
-120.1666694699997,53.850001076999604,11.509221076965332
-120.1666694699997,53.9666677459996,24.781089782714844
-120.0500028009997,37.983334092999996,55.00428009033203
-120.0500028009997,38.10000076199999,66.91887664794922
-120.0500028009997,38.21666743099999,10.769390106201172
-120.0500028009997,38.33333409999999,57.84062576293945
-120.0500028009997,38.450000768999985,91.18109130859375
-120.0500028009997,38.56666743799998,73.46595001220703
-120.0500028009997,38.68333410699998,137.2082061767578
-120.0500028009997,38.800000775999976,74.93572235107422
-120.0500028009997,38.91666744499997,24.365787506103516
-120.0500028009997,39.03333411399997,-8.291594505310059
-120.0500028009997,39.15000078299997,-24.760784149169922
-120.0500028009997,39.266667451999965,51.160057067871094
-120.0500028009997,39.38333412099996,26.134136199951172
-120.0500028009997,39.50000078999996,36.309181213378906
-120.0500028009997,39.616667458999956,33.59291076660156
-120.0500028009997,39.73333412799995,3.0869898796081543
-120.0500028009997,39.85000079699995,-16.56185531616211
-120.0500028009997,39.96666746599995,-3.8509700298309326
-120.0500028009997,40.083334134999944,-31.957477569580078
-120.0500028009997,40.20000080399994,-37.9193115234375
-120.0500028009997,40.31666747299994,28.140287399291992
-120.0500028009997,40.433334141999936,53.988285064697266
-120.0500028009997,40.55000081099993,6.417819976806641
-120.0500028009997,40.66666747999993,-2.053499698638916
-120.0500028009997,40.78333414899993,5.360382080078125
-120.0500028009997,40.900000817999924,33.75513458251953
-120.0500028009997,41.01666748699992,29.36252784729004
-120.0500028009997,41.13333415599992,24.618057250976562
-120.0500028009997,41.250000824999915,-50.4655647277832
-120.0500028009997,41.36666749399991,-75.51792907714844
-120.0500028009997,41.48333416299991,-60.141197204589844
-120.0500028009997,41.60000083199991,-31.16370391845703
-120.0500028009997,41.716667500999904,-3.021029472351074
-120.0500028009997,41.8333341699999,-27.18111801147461
-120.0500028009997,41.9500008389999,10.535408973693848
-120.0500028009997,42.066667507999895,32.74620056152344
-120.0500028009997,42.18333417699989,32.725982666015625
-120.0500028009997,42.30000084599989,42.09091567993164
-120.0500028009997,42.41666751499989,13.551741600036621
-120.0500028009997,42.533334183999884,39.34111022949219
-120.0500028009997,42.65000085299988,15.767600059509277
-120.0500028009997,42.76666752199988,18.2091064453125
-120.0500028009997,42.883334190999875,-4.561070442199707
-120.0500028009997,43.00000085999987,-10.480644226074219
-120.0500028009997,43.11666752899987,-9.423604011535645
-120.0500028009997,43.233334197999866,-0.7136655449867249
-120.0500028009997,43.35000086699986,10.94658088684082
-120.0500028009997,43.46666753599986,5.062514305114746
-120.0500028009997,43.58333420499986,27.84170913696289
-120.0500028009997,43.700000873999855,-2.2284228801727295
-120.0500028009997,43.81666754299985,-4.749933242797852
-120.0500028009997,43.93333421199985,7.093748092651367
-120.0500028009997,44.050000880999846,6.791881561279297
-120.0500028009997,44.16666754999984,-8.216171264648438
-120.0500028009997,44.28333421899984,28.771167755126953
-120.0500028009997,44.40000088799984,59.6623420715332
-120.0500028009997,44.516667556999835,27.368711471557617
-120.0500028009997,44.63333422599983,39.75347137451172
-120.0500028009997,44.75000089499983,-40.25581359863281
-120.0500028009997,44.866667563999826,-3.939525842666626
-120.0500028009997,44.98333423299982,39.10929489135742
-120.0500028009997,45.10000090199982,16.015625
-120.0500028009997,45.21666757099982,2.406766891479492
-120.0500028009997,45.333334239999814,-4.913543701171875
-120.0500028009997,45.45000090899981,-21.27177619934082
-120.0500028009997,45.56666757799981,-36.71381759643555
-120.0500028009997,45.683334246999806,-46.073177337646484
-120.0500028009997,45.8000009159998,-39.56349182128906
-120.0500028009997,45.9166675849998,-15.263550758361816
-120.0500028009997,46.0333342539998,9.160209655761719
-120.0500028009997,46.150000922999794,-17.39617347717285
-120.0500028009997,46.26666759199979,-42.25151062011719
-120.0500028009997,46.38333426099979,-32.342979431152344
-120.0500028009997,46.500000929999786,8.464323997497559
-120.0500028009997,46.61666759899978,33.37834930419922
-120.0500028009997,46.73333426799978,-24.535228729248047
-120.0500028009997,46.85000093699978,-17.59616470336914
-120.0500028009997,46.966667605999774,-31.893686294555664
-120.0500028009997,47.08333427499977,-36.8653678894043
-120.0500028009997,47.20000094399977,-43.46603775024414
-120.0500028009997,47.316667612999765,-36.166168212890625
-120.0500028009997,47.43333428199976,8.983620643615723
-120.0500028009997,47.55000095099976,33.04753875732422
-120.0500028009997,47.66666761999976,20.251272201538086
-120.0500028009997,47.783334288999754,-29.112157821655273
-120.0500028009997,47.90000095799975,-10.314967155456543
-120.0500028009997,48.01666762699975,49.617149353027344
-120.0500028009997,48.133334295999745,-37.3762092590332
-120.0500028009997,48.25000096499974,-2.39225697517395
-120.0500028009997,48.36666763399974,-22.239912033081055
-120.0500028009997,48.48333430299974,39.00459671020508
-120.0500028009997,48.600000971999734,46.29945755004883
-120.0500028009997,48.71666764099973,39.34489822387695
-120.0500028009997,48.83333430999973,34.3230094909668
-120.0500028009997,48.950000978999725,57.4239387512207
-120.0500028009997,49.06666764799972,36.89727020263672
-120.0500028009997,49.18333431699972,-3.1306657791137695
-120.0500028009997,49.300000985999716,-1.9245537519454956
-120.0500028009997,49.41666765499971,33.02379608154297
-120.0500028009997,49.53333432399971,60.89779281616211
-120.0500028009997,49.65000099299971,23.165523529052734
-120.0500028009997,49.766667661999705,-5.302611351013184
-120.0500028009997,49.8833343309997,55.634708404541016
-120.0500028009997,50.0000009999997,24.81120491027832
-120.0500028009997,50.116667668999696,9.490478515625
-120.0500028009997,50.23333433799969,-19.83030128479004
-120.0500028009997,50.35000100699969,20.390668869018555
-120.0500028009997,50.46666767599969,45.17994689941406
-120.0500028009997,50.583334344999685,-19.023635864257812
-120.0500028009997,50.70000101399968,-13.692343711853027
-120.0500028009997,50.81666768299968,40.4668083190918
-120.0500028009997,50.933334351999676,39.467010498046875
-120.0500028009997,51.05000102099967,-28.612667083740234
-120.0500028009997,51.16666768999967,-43.815025329589844
-120.0500028009997,51.28333435899967,16.429725646972656
-120.0500028009997,51.400001027999664,23.436250686645508
-120.0500028009997,51.51666769699966,18.325359344482422
-120.0500028009997,51.63333436599966,-101.84765625
-120.0500028009997,51.750001034999656,-37.958194732666016
-120.0500028009997,51.86666770399965,-72.34352111816406
-120.0500028009997,51.98333437299965,-45.99799346923828
-120.0500028009997,52.10000104199965,-6.036128044128418
-120.0500028009997,52.216667710999644,58.56012725830078
-120.0500028009997,52.33333437999964,63.8223762512207
-120.0500028009997,52.45000104899964,-3.3168673515319824
-120.0500028009997,52.566667717999636,71.8611831665039
-120.0500028009997,52.68333438699963,21.55214500427246
-120.0500028009997,52.80000105599963,56.17003631591797
-120.0500028009997,52.91666772499963,74.37786102294922
-120.0500028009997,53.033334393999624,82.58467864990234
-120.0500028009997,53.15000106299962,-34.61827087402344
-120.0500028009997,53.26666773199962,-84.4216537475586
-120.0500028009997,53.383334400999615,36.36140060424805
-120.0500028009997,53.50000106999961,58.1990852355957
-120.0500028009997,53.61666773899961,7.5148420333862305
-120.0500028009997,53.73333440799961,25.972665786743164
-120.0500028009997,53.850001076999604,41.747528076171875
-120.0500028009997,53.9666677459996,62.40114212036133
-119.93333613199971,37.983334092999996,40.67139434814453
-119.93333613199971,38.10000076199999,78.2804946899414
-119.93333613199971,38.21666743099999,88.7285385131836
-119.93333613199971,38.33333409999999,32.993412017822266
-119.93333613199971,38.450000768999985,66.93698120117188
-119.93333613199971,38.56666743799998,79.60209655761719
-119.93333613199971,38.68333410699998,110.2539291381836
-119.93333613199971,38.800000775999976,115.81436157226562
-119.93333613199971,38.91666744499997,62.03398895263672
-119.93333613199971,39.03333411399997,75.32249450683594
-119.93333613199971,39.15000078299997,61.28885269165039
-119.93333613199971,39.266667451999965,78.72624969482422
-119.93333613199971,39.38333412099996,150.54568481445312
-119.93333613199971,39.50000078999996,12.707633972167969
-119.93333613199971,39.616667458999956,27.30673599243164
-119.93333613199971,39.73333412799995,4.990435600280762
-119.93333613199971,39.85000079699995,14.083417892456055
-119.93333613199971,39.96666746599995,-8.06777286529541
-119.93333613199971,40.083334134999944,-1.9365559816360474
-119.93333613199971,40.20000080399994,-16.975067138671875
-119.93333613199971,40.31666747299994,31.875965118408203
-119.93333613199971,40.433334141999936,32.87612533569336
-119.93333613199971,40.55000081099993,2.9925239086151123
-119.93333613199971,40.66666747999993,25.467426300048828
-119.93333613199971,40.78333414899993,35.832618713378906
-119.93333613199971,40.900000817999924,57.78708267211914
-119.93333613199971,41.01666748699992,-11.529550552368164
-119.93333613199971,41.13333415599992,0.129140704870224
-119.93333613199971,41.250000824999915,39.14997100830078
-119.93333613199971,41.36666749399991,42.690887451171875
-119.93333613199971,41.48333416299991,34.992706298828125
-119.93333613199971,41.60000083199991,37.79541778564453
-119.93333613199971,41.716667500999904,24.71538543701172
-119.93333613199971,41.8333341699999,40.516326904296875
-119.93333613199971,41.9500008389999,26.129560470581055
-119.93333613199971,42.066667507999895,8.631074905395508
-119.93333613199971,42.18333417699989,23.377429962158203
-119.93333613199971,42.30000084599989,28.900487899780273
-119.93333613199971,42.41666751499989,1.935441255569458
-119.93333613199971,42.533334183999884,14.891324996948242
-119.93333613199971,42.65000085299988,-10.16019344329834
-119.93333613199971,42.76666752199988,3.5293571949005127
-119.93333613199971,42.883334190999875,22.31684112548828
-119.93333613199971,43.00000085999987,22.612205505371094
-119.93333613199971,43.11666752899987,0.060011863708496094
-119.93333613199971,43.233334197999866,2.6107778549194336
-119.93333613199971,43.35000086699986,44.80592346191406
-119.93333613199971,43.46666753599986,14.056190490722656
-119.93333613199971,43.58333420499986,19.530075073242188
-119.93333613199971,43.700000873999855,6.098480224609375
-119.93333613199971,43.81666754299985,16.43052101135254
-119.93333613199971,43.93333421199985,16.84721565246582
-119.93333613199971,44.050000880999846,15.510167121887207
-119.93333613199971,44.16666754999984,10.27575397491455
-119.93333613199971,44.28333421899984,33.82854080200195
-119.93333613199971,44.40000088799984,68.46753692626953
-119.93333613199971,44.516667556999835,10.546967506408691
-119.93333613199971,44.63333422599983,32.48249053955078
-119.93333613199971,44.75000089499983,-11.537642478942871
-119.93333613199971,44.866667563999826,-25.51311683654785
-119.93333613199971,44.98333423299982,44.96879959106445
-119.93333613199971,45.10000090199982,1.6867425441741943
-119.93333613199971,45.21666757099982,-7.432511329650879
-119.93333613199971,45.333334239999814,-13.7933988571167
-119.93333613199971,45.45000090899981,-20.0450439453125
-119.93333613199971,45.56666757799981,-33.947452545166016
-119.93333613199971,45.683334246999806,-47.00249481201172
-119.93333613199971,45.8000009159998,-50.00624084472656
-119.93333613199971,45.9166675849998,-31.463045120239258
-119.93333613199971,46.0333342539998,-13.646016120910645
-119.93333613199971,46.150000922999794,-10.85126781463623
-119.93333613199971,46.26666759199979,-29.318281173706055
-119.93333613199971,46.38333426099979,-7.929479598999023
-119.93333613199971,46.500000929999786,10.501937866210938
-119.93333613199971,46.61666759899978,-1.0774126052856445
-119.93333613199971,46.73333426799978,-49.760738372802734
-119.93333613199971,46.85000093699978,-30.12031364440918
-119.93333613199971,46.966667605999774,-29.589340209960938
-119.93333613199971,47.08333427499977,-33.09786605834961
-119.93333613199971,47.20000094399977,-28.865161895751953
-119.93333613199971,47.316667612999765,-14.717473983764648
-119.93333613199971,47.43333428199976,-5.211004257202148
-119.93333613199971,47.55000095099976,-4.797969818115234
-119.93333613199971,47.66666761999976,-2.6804990768432617
-119.93333613199971,47.783334288999754,-0.36092180013656616
-119.93333613199971,47.90000095799975,-29.14004135131836
-119.93333613199971,48.01666762699975,-34.20000076293945
-119.93333613199971,48.133334295999745,-31.67230987548828
-119.93333613199971,48.25000096499974,26.877079010009766
-119.93333613199971,48.36666763399974,35.70126724243164
-119.93333613199971,48.48333430299974,80.97892761230469
-119.93333613199971,48.600000971999734,74.80121612548828
-119.93333613199971,48.71666764099973,125.10392761230469
-119.93333613199971,48.83333430999973,48.06941604614258
-119.93333613199971,48.950000978999725,104.02592468261719
-119.93333613199971,49.06666764799972,107.859130859375
-119.93333613199971,49.18333431699972,12.50329303741455
-119.93333613199971,49.300000985999716,42.9775390625
-119.93333613199971,49.41666765499971,106.72904205322266
-119.93333613199971,49.53333432399971,51.654144287109375
-119.93333613199971,49.65000099299971,1.6818073987960815
-119.93333613199971,49.766667661999705,-4.851687431335449
-119.93333613199971,49.8833343309997,20.43670082092285
-119.93333613199971,50.0000009999997,47.734134674072266
-119.93333613199971,50.116667668999696,32.2662239074707
-119.93333613199971,50.23333433799969,18.639970779418945
-119.93333613199971,50.35000100699969,-2.1729753017425537
-119.93333613199971,50.46666767599969,35.50166320800781
-119.93333613199971,50.583334344999685,-22.51251792907715
-119.93333613199971,50.70000101399968,-16.483755111694336
-119.93333613199971,50.81666768299968,17.697715759277344
-119.93333613199971,50.933334351999676,56.548789978027344
-119.93333613199971,51.05000102099967,5.6533355712890625
-119.93333613199971,51.16666768999967,-3.730581521987915
-119.93333613199971,51.28333435899967,7.97873592376709
-119.93333613199971,51.400001027999664,95.13768768310547
-119.93333613199971,51.51666769699966,67.21907043457031
-119.93333613199971,51.63333436599966,-62.569828033447266
-119.93333613199971,51.750001034999656,40.780853271484375
-119.93333613199971,51.86666770399965,33.30662155151367
-119.93333613199971,51.98333437299965,3.202178478240967
-119.93333613199971,52.10000104199965,17.587831497192383
-119.93333613199971,52.216667710999644,35.706172943115234
-119.93333613199971,52.33333437999964,14.899680137634277
-119.93333613199971,52.45000104899964,-13.732237815856934
-119.93333613199971,52.566667717999636,109.86129760742188
-119.93333613199971,52.68333438699963,29.784725189208984
-119.93333613199971,52.80000105599963,44.588592529296875
-119.93333613199971,52.91666772499963,-28.829391479492188
-119.93333613199971,53.033334393999624,17.21274757385254
-119.93333613199971,53.15000106299962,-95.96151733398438
-119.93333613199971,53.26666773199962,-13.124567031860352
-119.93333613199971,53.383334400999615,-2.3010752201080322
-119.93333613199971,53.50000106999961,34.66618728637695
-119.93333613199971,53.61666773899961,4.924163818359375
-119.93333613199971,53.73333440799961,42.70002365112305
-119.93333613199971,53.850001076999604,27.073108673095703
-119.93333613199971,53.9666677459996,69.16680145263672
-119.81666946299971,37.983334092999996,10.794757843017578
-119.81666946299971,38.10000076199999,61.46520233154297
-119.81666946299971,38.21666743099999,131.1514434814453
-119.81666946299971,38.33333409999999,53.94512939453125
-119.81666946299971,38.450000768999985,85.28573608398438
-119.81666946299971,38.56666743799998,104.4166259765625
-119.81666946299971,38.68333410699998,3.7730424404144287
-119.81666946299971,38.800000775999976,15.092641830444336
-119.81666946299971,38.91666744499997,-21.614904403686523
-119.81666946299971,39.03333411399997,-32.656333923339844
-119.81666946299971,39.15000078299997,0.0548037588596344
-119.81666946299971,39.266667451999965,-21.985740661621094
-119.81666946299971,39.38333412099996,2.469632148742676
-119.81666946299971,39.50000078999996,-38.604835510253906
-119.81666946299971,39.616667458999956,2.0597665309906006
-119.81666946299971,39.73333412799995,13.874428749084473
-119.81666946299971,39.85000079699995,4.499360084533691
-119.81666946299971,39.96666746599995,66.3921127319336
-119.81666946299971,40.083334134999944,37.66099166870117
-119.81666946299971,40.20000080399994,-1.9925410747528076
-119.81666946299971,40.31666747299994,-9.28187084197998
-119.81666946299971,40.433334141999936,-27.85203742980957
-119.81666946299971,40.55000081099993,-22.756662368774414
-119.81666946299971,40.66666747999993,-10.742572784423828
-119.81666946299971,40.78333414899993,-6.771164894104004
-119.81666946299971,40.900000817999924,11.7363920211792
-119.81666946299971,41.01666748699992,-39.01860046386719
-119.81666946299971,41.13333415599992,3.5063705444335938
-119.81666946299971,41.250000824999915,37.06050491333008
-119.81666946299971,41.36666749399991,24.42730140686035
-119.81666946299971,41.48333416299991,11.691475868225098
-119.81666946299971,41.60000083199991,9.021509170532227
-119.81666946299971,41.716667500999904,-2.9140546321868896
-119.81666946299971,41.8333341699999,23.66708755493164
-119.81666946299971,41.9500008389999,9.43407917022705
-119.81666946299971,42.066667507999895,-16.981367111206055
-119.81666946299971,42.18333417699989,-22.93094253540039
-119.81666946299971,42.30000084599989,3.3736348152160645
-119.81666946299971,42.41666751499989,24.555870056152344
-119.81666946299971,42.533334183999884,-19.706560134887695
-119.81666946299971,42.65000085299988,-7.095127105712891
-119.81666946299971,42.76666752199988,21.86575698852539
-119.81666946299971,42.883334190999875,18.917219161987305
-119.81666946299971,43.00000085999987,4.869112014770508
-119.81666946299971,43.11666752899987,22.19584083557129
-119.81666946299971,43.233334197999866,7.563650131225586
-119.81666946299971,43.35000086699986,17.967369079589844
-119.81666946299971,43.46666753599986,6.0975189208984375
-119.81666946299971,43.58333420499986,11.73509693145752
-119.81666946299971,43.700000873999855,35.63539505004883
-119.81666946299971,43.81666754299985,30.963335037231445
-119.81666946299971,43.93333421199985,17.77191162109375
-119.81666946299971,44.050000880999846,-0.23586836457252502
-119.81666946299971,44.16666754999984,-17.359214782714844
-119.81666946299971,44.28333421899984,35.50895690917969
-119.81666946299971,44.40000088799984,70.79708862304688
-119.81666946299971,44.516667556999835,4.233428001403809
-119.81666946299971,44.63333422599983,32.999019622802734
-119.81666946299971,44.75000089499983,3.775909185409546
-119.81666946299971,44.866667563999826,-45.697288513183594
-119.81666946299971,44.98333423299982,28.96241569519043
-119.81666946299971,45.10000090199982,-0.48334676027297974
-119.81666946299971,45.21666757099982,-4.711167335510254
-119.81666946299971,45.333334239999814,-5.955641746520996
-119.81666946299971,45.45000090899981,-22.86091423034668
-119.81666946299971,45.56666757799981,-36.048622131347656
-119.81666946299971,45.683334246999806,-50.60708999633789
-119.81666946299971,45.8000009159998,-48.27616500854492
-119.81666946299971,45.9166675849998,-39.48100662231445
-119.81666946299971,46.0333342539998,-25.470897674560547
-119.81666946299971,46.150000922999794,-4.6738739013671875
-119.81666946299971,46.26666759199979,-19.652942657470703
-119.81666946299971,46.38333426099979,24.7672061920166
-119.81666946299971,46.500000929999786,-8.065938949584961
-119.81666946299971,46.61666759899978,-26.686687469482422
-119.81666946299971,46.73333426799978,-30.977336883544922
-119.81666946299971,46.85000093699978,-24.12605094909668
-119.81666946299971,46.966667605999774,-13.550107955932617
-119.81666946299971,47.08333427499977,-30.001251220703125
-119.81666946299971,47.20000094399977,-34.37169647216797
-119.81666946299971,47.316667612999765,5.274542808532715
-119.81666946299971,47.43333428199976,-19.56744956970215
-119.81666946299971,47.55000095099976,-4.421517372131348
-119.81666946299971,47.66666761999976,6.948058128356934
-119.81666946299971,47.783334288999754,13.703213691711426
-119.81666946299971,47.90000095799975,-13.188742637634277
-119.81666946299971,48.01666762699975,-21.609540939331055
-119.81666946299971,48.133334295999745,-33.17070770263672
-119.81666946299971,48.25000096499974,-22.323095321655273
-119.81666946299971,48.36666763399974,19.564855575561523
-119.81666946299971,48.48333430299974,6.3051958084106445
-119.81666946299971,48.600000971999734,9.806496620178223
-119.81666946299971,48.71666764099973,55.670536041259766
-119.81666946299971,48.83333430999973,57.778385162353516
-119.81666946299971,48.950000978999725,50.15811538696289
-119.81666946299971,49.06666764799972,60.62300491333008
-119.81666946299971,49.18333431699972,-18.78042221069336
-119.81666946299971,49.300000985999716,1.5199306011199951
-119.81666946299971,49.41666765499971,26.924638748168945
-119.81666946299971,49.53333432399971,19.65976333618164
-119.81666946299971,49.65000099299971,-37.88585662841797
-119.81666946299971,49.766667661999705,-37.36188888549805
-119.81666946299971,49.8833343309997,1.9244582653045654
-119.81666946299971,50.0000009999997,38.363059997558594
-119.81666946299971,50.116667668999696,37.345298767089844
-119.81666946299971,50.23333433799969,43.112640380859375
-119.81666946299971,50.35000100699969,0.7459346055984497
-119.81666946299971,50.46666767599969,-27.564735412597656
-119.81666946299971,50.583334344999685,0.8149969577789307
-119.81666946299971,50.70000101399968,-38.461551666259766
-119.81666946299971,50.81666768299968,2.4848318099975586
-119.81666946299971,50.933334351999676,55.32168960571289
-119.81666946299971,51.05000102099967,-26.503080368041992
-119.81666946299971,51.16666768999967,-0.7218805551528931
-119.81666946299971,51.28333435899967,-67.38765716552734
-119.81666946299971,51.400001027999664,19.714250564575195
-119.81666946299971,51.51666769699966,-12.22644329071045
-119.81666946299971,51.63333436599966,-21.47793197631836
-119.81666946299971,51.750001034999656,72.82735443115234
-119.81666946299971,51.86666770399965,94.30915832519531
-119.81666946299971,51.98333437299965,77.19453430175781
-119.81666946299971,52.10000104199965,22.52208137512207
-119.81666946299971,52.216667710999644,32.880889892578125
-119.81666946299971,52.33333437999964,24.83163070678711
-119.81666946299971,52.45000104899964,19.74115753173828
-119.81666946299971,52.566667717999636,38.33881378173828
-119.81666946299971,52.68333438699963,43.7900276184082
-119.81666946299971,52.80000105599963,62.32707595825195
-119.81666946299971,52.91666772499963,58.39763641357422
-119.81666946299971,53.033334393999624,-11.976558685302734
-119.81666946299971,53.15000106299962,-82.81039428710938
-119.81666946299971,53.26666773199962,35.01370620727539
-119.81666946299971,53.383334400999615,-4.9126129150390625
-119.81666946299971,53.50000106999961,40.20839309692383
-119.81666946299971,53.61666773899961,35.335777282714844
-119.81666946299971,53.73333440799961,38.85543441772461
-119.81666946299971,53.850001076999604,21.3439884185791
-119.81666946299971,53.9666677459996,48.42362594604492
-119.70000279399972,37.983334092999996,27.38141632080078
-119.70000279399972,38.10000076199999,94.91948699951172
-119.70000279399972,38.21666743099999,125.480224609375
-119.70000279399972,38.33333409999999,86.31745910644531
-119.70000279399972,38.450000768999985,70.41780853271484
-119.70000279399972,38.56666743799998,37.096065521240234
-119.70000279399972,38.68333410699998,31.21278953552246
-119.70000279399972,38.800000775999976,-20.63304328918457
-119.70000279399972,38.91666744499997,-46.54544448852539
-119.70000279399972,39.03333411399997,-31.70318031311035
-119.70000279399972,39.15000078299997,-24.192279815673828
-119.70000279399972,39.266667451999965,25.269926071166992
-119.70000279399972,39.38333412099996,5.977461814880371
-119.70000279399972,39.50000078999996,-17.401214599609375
-119.70000279399972,39.616667458999956,-7.814760208129883
-119.70000279399972,39.73333412799995,-11.499874114990234
-119.70000279399972,39.85000079699995,-9.602243423461914
-119.70000279399972,39.96666746599995,59.95510482788086
-119.70000279399972,40.083334134999944,0.5666096806526184
-119.70000279399972,40.20000080399994,-5.453291893005371
-119.70000279399972,40.31666747299994,-20.972070693969727
-119.70000279399972,40.433334141999936,-36.90892028808594
-119.70000279399972,40.55000081099993,-49.857357025146484
-119.70000279399972,40.66666747999993,10.237648010253906
-119.70000279399972,40.78333414899993,85.4580078125
-119.70000279399972,40.900000817999924,27.918153762817383
-119.70000279399972,41.01666748699992,-3.2409632205963135
-119.70000279399972,41.13333415599992,35.52404022216797
-119.70000279399972,41.250000824999915,19.347278594970703
-119.70000279399972,41.36666749399991,17.651582717895508
-119.70000279399972,41.48333416299991,19.93250274658203
-119.70000279399972,41.60000083199991,11.755566596984863
-119.70000279399972,41.716667500999904,19.727373123168945
-119.70000279399972,41.8333341699999,26.997098922729492
-119.70000279399972,41.9500008389999,21.017446517944336
-119.70000279399972,42.066667507999895,34.3506965637207
-119.70000279399972,42.18333417699989,36.84569549560547
-119.70000279399972,42.30000084599989,29.568553924560547
-119.70000279399972,42.41666751499989,78.03767395019531
-119.70000279399972,42.533334183999884,48.30587387084961
-119.70000279399972,42.65000085299988,-3.9606802463531494
-119.70000279399972,42.76666752199988,-3.22739839553833
-119.70000279399972,42.883334190999875,22.243772506713867
-119.70000279399972,43.00000085999987,12.753896713256836
-119.70000279399972,43.11666752899987,4.349617004394531
-119.70000279399972,43.233334197999866,3.811842203140259
-119.70000279399972,43.35000086699986,1.9734959602355957
-119.70000279399972,43.46666753599986,8.098041534423828
-119.70000279399972,43.58333420499986,-3.3420512676239014
-119.70000279399972,43.700000873999855,16.547710418701172
-119.70000279399972,43.81666754299985,24.927589416503906
-119.70000279399972,43.93333421199985,17.246788024902344
-119.70000279399972,44.050000880999846,15.993399620056152
-119.70000279399972,44.16666754999984,16.780614852905273
-119.70000279399972,44.28333421899984,40.60429382324219
-119.70000279399972,44.40000088799984,65.4993896484375
-119.70000279399972,44.516667556999835,-20.952991485595703
-119.70000279399972,44.63333422599983,3.832671880722046
-119.70000279399972,44.75000089499983,-26.021982192993164
-119.70000279399972,44.866667563999826,-14.775460243225098
-119.70000279399972,44.98333423299982,29.639972686767578
-119.70000279399972,45.10000090199982,10.083611488342285
-119.70000279399972,45.21666757099982,-17.877735137939453
-119.70000279399972,45.333334239999814,-20.166126251220703
-119.70000279399972,45.45000090899981,-29.71117401123047
-119.70000279399972,45.56666757799981,-39.012916564941406
-119.70000279399972,45.683334246999806,-53.31221008300781
-119.70000279399972,45.8000009159998,-49.07820129394531
-119.70000279399972,45.9166675849998,-43.67344665527344
-119.70000279399972,46.0333342539998,-29.711872100830078
-119.70000279399972,46.150000922999794,-7.057228088378906
-119.70000279399972,46.26666759199979,-17.579376220703125
-119.70000279399972,46.38333426099979,39.72329330444336
-119.70000279399972,46.500000929999786,-29.009313583374023
-119.70000279399972,46.61666759899978,-34.735572814941406
-119.70000279399972,46.73333426799978,-28.92076301574707
-119.70000279399972,46.85000093699978,-24.134784698486328
-119.70000279399972,46.966667605999774,-18.863218307495117
-119.70000279399972,47.08333427499977,-29.097854614257812
-119.70000279399972,47.20000094399977,-29.99599266052246
-119.70000279399972,47.316667612999765,10.879185676574707
-119.70000279399972,47.43333428199976,-16.709394454956055
-119.70000279399972,47.55000095099976,-13.356472969055176
-119.70000279399972,47.66666761999976,-4.18159294128418
-119.70000279399972,47.783334288999754,-3.352452516555786
-119.70000279399972,47.90000095799975,-6.413303375244141
-119.70000279399972,48.01666762699975,-25.040462493896484
-119.70000279399972,48.133334295999745,-62.22884750366211
-119.70000279399972,48.25000096499974,-66.18341064453125
-119.70000279399972,48.36666763399974,-25.823139190673828
-119.70000279399972,48.48333430299974,-24.6563663482666
-119.70000279399972,48.600000971999734,-16.265289306640625
-119.70000279399972,48.71666764099973,-6.743470191955566
-119.70000279399972,48.83333430999973,-15.17165756225586
-119.70000279399972,48.950000978999725,-65.53740692138672
-119.70000279399972,49.06666764799972,-59.91904830932617
-119.70000279399972,49.18333431699972,-15.680354118347168
-119.70000279399972,49.300000985999716,-22.792970657348633
-119.70000279399972,49.41666765499971,-46.83720779418945
-119.70000279399972,49.53333432399971,-64.18450927734375
-119.70000279399972,49.65000099299971,-76.33470153808594
-119.70000279399972,49.766667661999705,-83.6340560913086
-119.70000279399972,49.8833343309997,-17.906179428100586
-119.70000279399972,50.0000009999997,34.16939163208008
-119.70000279399972,50.116667668999696,31.625450134277344
-119.70000279399972,50.23333433799969,45.32036590576172
-119.70000279399972,50.35000100699969,49.21733093261719
-119.70000279399972,50.46666767599969,-46.91490173339844
-119.70000279399972,50.583334344999685,21.522001266479492
-119.70000279399972,50.70000101399968,-55.388427734375
-119.70000279399972,50.81666768299968,-88.19991302490234
-119.70000279399972,50.933334351999676,-48.14841842651367
-119.70000279399972,51.05000102099967,-29.537477493286133
-119.70000279399972,51.16666768999967,12.68361759185791
-119.70000279399972,51.28333435899967,12.706462860107422
-119.70000279399972,51.400001027999664,11.469707489013672
-119.70000279399972,51.51666769699966,9.516303062438965
-119.70000279399972,51.63333436599966,-41.85125732421875
-119.70000279399972,51.750001034999656,-26.280376434326172
-119.70000279399972,51.86666770399965,-10.532363891601562
-119.70000279399972,51.98333437299965,49.81400680541992
-119.70000279399972,52.10000104199965,-9.860654830932617
-119.70000279399972,52.216667710999644,23.560701370239258
-119.70000279399972,52.33333437999964,26.0050106048584
-119.70000279399972,52.45000104899964,71.07875061035156
-119.70000279399972,52.566667717999636,11.47441577911377
-119.70000279399972,52.68333438699963,80.6282958984375
-119.70000279399972,52.80000105599963,137.70855712890625
-119.70000279399972,52.91666772499963,89.65959167480469
-119.70000279399972,53.033334393999624,-48.22422790527344
-119.70000279399972,53.15000106299962,-9.289217948913574
-119.70000279399972,53.26666773199962,34.773738861083984
-119.70000279399972,53.383334400999615,36.77134704589844
-119.70000279399972,53.50000106999961,29.544775009155273
-119.70000279399972,53.61666773899961,42.504173278808594
-119.70000279399972,53.73333440799961,42.60103225708008
-119.70000279399972,53.850001076999604,6.804495811462402
-119.70000279399972,53.9666677459996,64.9920654296875
-119.58333612499972,37.983334092999996,36.35993576049805
-119.58333612499972,38.10000076199999,131.75425720214844
-119.58333612499972,38.21666743099999,125.04167938232422
-119.58333612499972,38.33333409999999,105.21874237060547
-119.58333612499972,38.450000768999985,119.82463073730469
-119.58333612499972,38.56666743799998,-1.9031835794448853
-119.58333612499972,38.68333410699998,12.891860008239746
-119.58333612499972,38.800000775999976,55.54619216918945
-119.58333612499972,38.91666744499997,20.784679412841797
-119.58333612499972,39.03333411399997,25.65934181213379
-119.58333612499972,39.15000078299997,27.639108657836914
-119.58333612499972,39.266667451999965,-19.652254104614258
-119.58333612499972,39.38333412099996,42.942203521728516
-119.58333612499972,39.50000078999996,-7.161396026611328
-119.58333612499972,39.616667458999956,10.650836944580078
-119.58333612499972,39.73333412799995,0.1548576056957245
-119.58333612499972,39.85000079699995,15.637274742126465
-119.58333612499972,39.96666746599995,-20.924928665161133
-119.58333612499972,40.083334134999944,-44.621986389160156
-119.58333612499972,40.20000080399994,-31.75774574279785
-119.58333612499972,40.31666747299994,36.55329895019531
-119.58333612499972,40.433334141999936,69.80970764160156
-119.58333612499972,40.55000081099993,-3.7701966762542725
-119.58333612499972,40.66666747999993,-17.34899139404297
-119.58333612499972,40.78333414899993,-6.138001441955566
-119.58333612499972,40.900000817999924,26.40872573852539
-119.58333612499972,41.01666748699992,32.559112548828125
-119.58333612499972,41.13333415599992,-0.7316508293151855
-119.58333612499972,41.250000824999915,22.15066146850586
-119.58333612499972,41.36666749399991,18.330778121948242
-119.58333612499972,41.48333416299991,28.61744499206543
-119.58333612499972,41.60000083199991,18.159164428710938
-119.58333612499972,41.716667500999904,19.511335372924805
-119.58333612499972,41.8333341699999,25.583648681640625
-119.58333612499972,41.9500008389999,10.228367805480957
-119.58333612499972,42.066667507999895,1.8337857723236084
-119.58333612499972,42.18333417699989,18.415430068969727
-119.58333612499972,42.30000084599989,31.359302520751953
-119.58333612499972,42.41666751499989,28.664525985717773
-119.58333612499972,42.533334183999884,31.104278564453125
-119.58333612499972,42.65000085299988,17.137678146362305
-119.58333612499972,42.76666752199988,-8.013294219970703
-119.58333612499972,42.883334190999875,5.556276321411133
-119.58333612499972,43.00000085999987,15.453940391540527
-119.58333612499972,43.11666752899987,16.688297271728516
-119.58333612499972,43.233334197999866,11.045467376708984
-119.58333612499972,43.35000086699986,1.426195740699768
-119.58333612499972,43.46666753599986,13.541267395019531
-119.58333612499972,43.58333420499986,-10.372511863708496
-119.58333612499972,43.700000873999855,21.342782974243164
-119.58333612499972,43.81666754299985,26.75749397277832
-119.58333612499972,43.93333421199985,42.85595703125
-119.58333612499972,44.050000880999846,14.935888290405273
-119.58333612499972,44.16666754999984,35.70658874511719
-119.58333612499972,44.28333421899984,0.5885940194129944
-119.58333612499972,44.40000088799984,5.606531143188477
-119.58333612499972,44.516667556999835,-42.8209228515625
-119.58333612499972,44.63333422599983,17.700767517089844
-119.58333612499972,44.75000089499983,-11.295379638671875
-119.58333612499972,44.866667563999826,12.667712211608887
-119.58333612499972,44.98333423299982,14.584562301635742
-119.58333612499972,45.10000090199982,31.940322875976562
-119.58333612499972,45.21666757099982,-17.50604820251465
-119.58333612499972,45.333334239999814,-26.912899017333984
-119.58333612499972,45.45000090899981,-24.031339645385742
-119.58333612499972,45.56666757799981,-43.92745590209961
-119.58333612499972,45.683334246999806,-47.03597640991211
-119.58333612499972,45.8000009159998,-45.302791595458984
-119.58333612499972,45.9166675849998,-46.10183334350586
-119.58333612499972,46.0333342539998,-22.048721313476562
-119.58333612499972,46.150000922999794,-2.076239585876465
-119.58333612499972,46.26666759199979,-13.86080551147461
-119.58333612499972,46.38333426099979,15.14950942993164
-119.58333612499972,46.500000929999786,-37.49380874633789
-119.58333612499972,46.61666759899978,-35.185123443603516
-119.58333612499972,46.73333426799978,-31.34476661682129
-119.58333612499972,46.85000093699978,-23.83403205871582
-119.58333612499972,46.966667605999774,-21.614246368408203
-119.58333612499972,47.08333427499977,-24.499095916748047
-119.58333612499972,47.20000094399977,-29.288848876953125
-119.58333612499972,47.316667612999765,-12.514914512634277
-119.58333612499972,47.43333428199976,-8.921506881713867
-119.58333612499972,47.55000095099976,0.305212140083313
-119.58333612499972,47.66666761999976,-1.6988520622253418
-119.58333612499972,47.783334288999754,-8.082199096679688
-119.58333612499972,47.90000095799975,-16.277124404907227
-119.58333612499972,48.01666762699975,-32.035675048828125
-119.58333612499972,48.133334295999745,-19.747421264648438
-119.58333612499972,48.25000096499974,-14.759629249572754
-119.58333612499972,48.36666763399974,-57.32571792602539
-119.58333612499972,48.48333430299974,-47.71048355102539
-119.58333612499972,48.600000971999734,-40.526344299316406
-119.58333612499972,48.71666764099973,-29.276681900024414
-119.58333612499972,48.83333430999973,-46.18025588989258
-119.58333612499972,48.950000978999725,-39.164669036865234
-119.58333612499972,49.06666764799972,-54.68912124633789
-119.58333612499972,49.18333431699972,-40.317779541015625
-119.58333612499972,49.300000985999716,-70.8178939819336
-119.58333612499972,49.41666765499971,-60.87433624267578
-119.58333612499972,49.53333432399971,-94.78217315673828
-119.58333612499972,49.65000099299971,-20.526172637939453
-119.58333612499972,49.766667661999705,-66.53266143798828
-119.58333612499972,49.8833343309997,-49.43314743041992
-119.58333612499972,50.0000009999997,-2.556666135787964
-119.58333612499972,50.116667668999696,-18.890310287475586
-119.58333612499972,50.23333433799969,9.486051559448242
-119.58333612499972,50.35000100699969,43.671077728271484
-119.58333612499972,50.46666767599969,-11.54561710357666
-119.58333612499972,50.583334344999685,27.058382034301758
-119.58333612499972,50.70000101399968,5.1157636642456055
-119.58333612499972,50.81666768299968,-56.363731384277344
-119.58333612499972,50.933334351999676,-57.129371643066406
-119.58333612499972,51.05000102099967,60.191551208496094
-119.58333612499972,51.16666768999967,-81.13045501708984
-119.58333612499972,51.28333435899967,-8.175145149230957
-119.58333612499972,51.400001027999664,12.41055679321289
-119.58333612499972,51.51666769699966,11.71243953704834
-119.58333612499972,51.63333436599966,-48.02069854736328
-119.58333612499972,51.750001034999656,21.956043243408203
-119.58333612499972,51.86666770399965,24.83651351928711
-119.58333612499972,51.98333437299965,46.984291076660156
-119.58333612499972,52.10000104199965,11.606054306030273
-119.58333612499972,52.216667710999644,9.807985305786133
-119.58333612499972,52.33333437999964,4.981869697570801
-119.58333612499972,52.45000104899964,95.97415161132812
-119.58333612499972,52.566667717999636,29.048933029174805
-119.58333612499972,52.68333438699963,27.05370330810547
-119.58333612499972,52.80000105599963,119.96088409423828
-119.58333612499972,52.91666772499963,-20.22187614440918
-119.58333612499972,53.033334393999624,-70.25833129882812
-119.58333612499972,53.15000106299962,25.303857803344727
-119.58333612499972,53.26666773199962,0.1123044490814209
-119.58333612499972,53.383334400999615,47.59550857543945
-119.58333612499972,53.50000106999961,37.05916213989258
-119.58333612499972,53.61666773899961,26.903396606445312
-119.58333612499972,53.73333440799961,69.53583526611328
-119.58333612499972,53.850001076999604,4.321287155151367
-119.58333612499972,53.9666677459996,82.1369400024414
-119.46666945599972,37.983334092999996,78.78756713867188
-119.46666945599972,38.10000076199999,111.24201965332031
-119.46666945599972,38.21666743099999,118.09062194824219
-119.46666945599972,38.33333409999999,-4.746310234069824
-119.46666945599972,38.450000768999985,-8.2691650390625
-119.46666945599972,38.56666743799998,-45.77669143676758
-119.46666945599972,38.68333410699998,-48.877742767333984
-119.46666945599972,38.800000775999976,57.24458694458008
-119.46666945599972,38.91666744499997,55.72433853149414
-119.46666945599972,39.03333411399997,67.19450378417969
-119.46666945599972,39.15000078299997,75.20865631103516
-119.46666945599972,39.266667451999965,-10.66662311553955
-119.46666945599972,39.38333412099996,15.519474029541016
-119.46666945599972,39.50000078999996,10.17918586730957
-119.46666945599972,39.616667458999956,21.39317512512207
-119.46666945599972,39.73333412799995,80.42041015625
-119.46666945599972,39.85000079699995,14.753341674804688
-119.46666945599972,39.96666746599995,-21.50732421875
-119.46666945599972,40.083334134999944,31.352664947509766
-119.46666945599972,40.20000080399994,49.49760818481445
-119.46666945599972,40.31666747299994,12.988076210021973
-119.46666945599972,40.433334141999936,-14.395390510559082
-119.46666945599972,40.55000081099993,-14.615121841430664
-119.46666945599972,40.66666747999993,-46.117008209228516
-119.46666945599972,40.78333414899993,23.160104751586914
-119.46666945599972,40.900000817999924,46.101898193359375
-119.46666945599972,41.01666748699992,52.75973129272461
-119.46666945599972,41.13333415599992,34.60342025756836
-119.46666945599972,41.250000824999915,19.527822494506836
-119.46666945599972,41.36666749399991,17.43799591064453
-119.46666945599972,41.48333416299991,11.433473587036133
-119.46666945599972,41.60000083199991,34.31318664550781
-119.46666945599972,41.716667500999904,13.87415885925293
-119.46666945599972,41.8333341699999,19.03731918334961
-119.46666945599972,41.9500008389999,11.531842231750488
-119.46666945599972,42.066667507999895,0.7372078895568848
-119.46666945599972,42.18333417699989,0.9404870271682739
-119.46666945599972,42.30000084599989,5.095425605773926
-119.46666945599972,42.41666751499989,11.47164535522461
-119.46666945599972,42.533334183999884,12.241546630859375
-119.46666945599972,42.65000085299988,16.515785217285156
-119.46666945599972,42.76666752199988,11.01384162902832
-119.46666945599972,42.883334190999875,12.188887596130371
-119.46666945599972,43.00000085999987,17.11202049255371
-119.46666945599972,43.11666752899987,5.243210792541504
-119.46666945599972,43.233334197999866,-4.520259857177734
-119.46666945599972,43.35000086699986,-7.024670600891113
-119.46666945599972,43.46666753599986,-4.740212440490723
-119.46666945599972,43.58333420499986,-6.74710750579834
-119.46666945599972,43.700000873999855,27.563018798828125
-119.46666945599972,43.81666754299985,20.190685272216797
-119.46666945599972,43.93333421199985,49.69353485107422
-119.46666945599972,44.050000880999846,2.3638691902160645
-119.46666945599972,44.16666754999984,24.231769561767578
-119.46666945599972,44.28333421899984,3.1470067501068115
-119.46666945599972,44.40000088799984,14.717721939086914
-119.46666945599972,44.516667556999835,4.255318641662598
-119.46666945599972,44.63333422599983,55.671016693115234
-119.46666945599972,44.75000089499983,-19.276344299316406
-119.46666945599972,44.866667563999826,-19.428850173950195
-119.46666945599972,44.98333423299982,5.634139060974121
-119.46666945599972,45.10000090199982,49.68191146850586
-119.46666945599972,45.21666757099982,-17.32999038696289
-119.46666945599972,45.333334239999814,-34.08413314819336
-119.46666945599972,45.45000090899981,-24.549013137817383
-119.46666945599972,45.56666757799981,-40.452022552490234
-119.46666945599972,45.683334246999806,-48.43925857543945
-119.46666945599972,45.8000009159998,-48.198944091796875
-119.46666945599972,45.9166675849998,-46.53363037109375
-119.46666945599972,46.0333342539998,-20.736928939819336
-119.46666945599972,46.150000922999794,2.150710344314575
-119.46666945599972,46.26666759199979,-21.490238189697266
-119.46666945599972,46.38333426099979,-28.398557662963867
-119.46666945599972,46.500000929999786,-38.48845672607422
-119.46666945599972,46.61666759899978,-38.76895523071289
-119.46666945599972,46.73333426799978,-27.427087783813477
-119.46666945599972,46.85000093699978,-27.267030715942383
-119.46666945599972,46.966667605999774,-16.89459991455078
-119.46666945599972,47.08333427499977,-22.00554656982422
-119.46666945599972,47.20000094399977,-20.947650909423828
-119.46666945599972,47.316667612999765,-28.206514358520508
-119.46666945599972,47.43333428199976,-26.536916732788086
-119.46666945599972,47.55000095099976,-9.77576732635498
-119.46666945599972,47.66666761999976,3.149451494216919
-119.46666945599972,47.783334288999754,-11.916507720947266
-119.46666945599972,47.90000095799975,-12.304461479187012
-119.46666945599972,48.01666762699975,-16.010534286499023
-119.46666945599972,48.133334295999745,-12.156144142150879
-119.46666945599972,48.25000096499974,-9.518449783325195
-119.46666945599972,48.36666763399974,-46.64300537109375
-119.46666945599972,48.48333430299974,-36.44062423706055
-119.46666945599972,48.600000971999734,-43.388912200927734
-119.46666945599972,48.71666764099973,-64.93816375732422
-119.46666945599972,48.83333430999973,-52.44552230834961
-119.46666945599972,48.950000978999725,-79.61054992675781
-119.46666945599972,49.06666764799972,-74.6348648071289
-119.46666945599972,49.18333431699972,-64.00240325927734
-119.46666945599972,49.300000985999716,-22.84369659423828
-119.46666945599972,49.41666765499971,2.5977916717529297
-119.46666945599972,49.53333432399971,17.073118209838867
-119.46666945599972,49.65000099299971,75.51570129394531
-119.46666945599972,49.766667661999705,-29.65912437438965
-119.46666945599972,49.8833343309997,-106.36721801757812
-119.46666945599972,50.0000009999997,-87.54513549804688
-119.46666945599972,50.116667668999696,-95.4719009399414
-119.46666945599972,50.23333433799969,-71.55770874023438
-119.46666945599972,50.35000100699969,-6.291319847106934
-119.46666945599972,50.46666767599969,0.11425542831420898
-119.46666945599972,50.583334344999685,37.3870849609375
-119.46666945599972,50.70000101399968,33.1566047668457
-119.46666945599972,50.81666768299968,-37.82072448730469
-119.46666945599972,50.933334351999676,-63.63371276855469
-119.46666945599972,51.05000102099967,35.93169403076172
-119.46666945599972,51.16666768999967,-23.246723175048828
-119.46666945599972,51.28333435899967,-67.9859390258789
-119.46666945599972,51.400001027999664,-44.46511459350586
-119.46666945599972,51.51666769699966,-44.108551025390625
-119.46666945599972,51.63333436599966,-12.280374526977539
-119.46666945599972,51.750001034999656,6.362148284912109
-119.46666945599972,51.86666770399965,25.458932876586914
-119.46666945599972,51.98333437299965,56.688507080078125
-119.46666945599972,52.10000104199965,37.264930725097656
-119.46666945599972,52.216667710999644,78.86868286132812
-119.46666945599972,52.33333437999964,57.171051025390625
-119.46666945599972,52.45000104899964,13.46900749206543
-119.46666945599972,52.566667717999636,6.045293807983398
-119.46666945599972,52.68333438699963,31.652162551879883
-119.46666945599972,52.80000105599963,64.1723403930664
-119.46666945599972,52.91666772499963,-83.7481460571289
-119.46666945599972,53.033334393999624,-25.159711837768555
-119.46666945599972,53.15000106299962,38.17994689941406
-119.46666945599972,53.26666773199962,-3.1444990634918213
-119.46666945599972,53.383334400999615,82.06287384033203
-119.46666945599972,53.50000106999961,125.48255157470703
-119.46666945599972,53.61666773899961,7.0866804122924805
-119.46666945599972,53.73333440799961,4.227747917175293
-119.46666945599972,53.850001076999604,35.02193069458008
-119.46666945599972,53.9666677459996,45.50201416015625
-119.35000278699972,37.983334092999996,135.9580841064453
-119.35000278699972,38.10000076199999,113.17058563232422
-119.35000278699972,38.21666743099999,46.287452697753906
-119.35000278699972,38.33333409999999,53.05465316772461
-119.35000278699972,38.450000768999985,132.5333251953125
-119.35000278699972,38.56666743799998,60.395206451416016
-119.35000278699972,38.68333410699998,5.95207405090332
-119.35000278699972,38.800000775999976,-42.04184341430664
-119.35000278699972,38.91666744499997,-55.51009750366211
-119.35000278699972,39.03333411399997,15.12572956085205
-119.35000278699972,39.15000078299997,11.493910789489746
-119.35000278699972,39.266667451999965,-15.369965553283691
-119.35000278699972,39.38333412099996,-12.358014106750488
-119.35000278699972,39.50000078999996,42.16018295288086
-119.35000278699972,39.616667458999956,-11.973824501037598
-119.35000278699972,39.73333412799995,-19.225507736206055
-119.35000278699972,39.85000079699995,-47.741058349609375
-119.35000278699972,39.96666746599995,-16.274429321289062
-119.35000278699972,40.083334134999944,-29.31439781188965
-119.35000278699972,40.20000080399994,-18.097637176513672
-119.35000278699972,40.31666747299994,-3.986682653427124
-119.35000278699972,40.433334141999936,9.464454650878906
-119.35000278699972,40.55000081099993,-10.11246395111084
-119.35000278699972,40.66666747999993,-27.888830184936523
-119.35000278699972,40.78333414899993,31.69000244140625
-119.35000278699972,40.900000817999924,-26.55411148071289
-119.35000278699972,41.01666748699992,-17.83606719970703
-119.35000278699972,41.13333415599992,39.805213928222656
-119.35000278699972,41.250000824999915,19.60999298095703
-119.35000278699972,41.36666749399991,10.741464614868164
-119.35000278699972,41.48333416299991,-17.593515396118164
-119.35000278699972,41.60000083199991,18.243457794189453
-119.35000278699972,41.716667500999904,3.0632734298706055
-119.35000278699972,41.8333341699999,42.13130569458008
-119.35000278699972,41.9500008389999,42.00732421875
-119.35000278699972,42.066667507999895,14.914325714111328
-119.35000278699972,42.18333417699989,25.039403915405273
-119.35000278699972,42.30000084599989,34.921077728271484
-119.35000278699972,42.41666751499989,20.375741958618164
-119.35000278699972,42.533334183999884,-0.388084352016449
-119.35000278699972,42.65000085299988,11.521308898925781
-119.35000278699972,42.76666752199988,8.87440013885498
-119.35000278699972,42.883334190999875,17.102001190185547
-119.35000278699972,43.00000085999987,16.15012550354004
-119.35000278699972,43.11666752899987,11.344619750976562
-119.35000278699972,43.233334197999866,1.7717058658599854
-119.35000278699972,43.35000086699986,-8.468233108520508
-119.35000278699972,43.46666753599986,-2.86336612701416
-119.35000278699972,43.58333420499986,7.602619171142578
-119.35000278699972,43.700000873999855,26.838308334350586
-119.35000278699972,43.81666754299985,14.566366195678711
-119.35000278699972,43.93333421199985,28.730287551879883
-119.35000278699972,44.050000880999846,-23.765745162963867
-119.35000278699972,44.16666754999984,34.880645751953125
-119.35000278699972,44.28333421899984,41.626495361328125
-119.35000278699972,44.40000088799984,14.372404098510742
-119.35000278699972,44.516667556999835,26.95611000061035
-119.35000278699972,44.63333422599983,27.495216369628906
-119.35000278699972,44.75000089499983,-7.706517219543457
-119.35000278699972,44.866667563999826,-17.050188064575195
-119.35000278699972,44.98333423299982,0.8179744482040405
-119.35000278699972,45.10000090199982,72.45336151123047
-119.35000278699972,45.21666757099982,42.94602966308594
-119.35000278699972,45.333334239999814,-25.305217742919922
-119.35000278699972,45.45000090899981,-31.89889144897461
-119.35000278699972,45.56666757799981,-44.97024917602539
-119.35000278699972,45.683334246999806,-50.542327880859375
-119.35000278699972,45.8000009159998,-49.14667892456055
-119.35000278699972,45.9166675849998,-46.7291259765625
-119.35000278699972,46.0333342539998,-18.26764678955078
-119.35000278699972,46.150000922999794,-1.8054205179214478
-119.35000278699972,46.26666759199979,-32.77682113647461
-119.35000278699972,46.38333426099979,-41.329837799072266
-119.35000278699972,46.500000929999786,-44.768211364746094
-119.35000278699972,46.61666759899978,-38.463951110839844
-119.35000278699972,46.73333426799978,-25.024982452392578
-119.35000278699972,46.85000093699978,-28.42215919494629
-119.35000278699972,46.966667605999774,-15.930827140808105
-119.35000278699972,47.08333427499977,-25.46153450012207
-119.35000278699972,47.20000094399977,-24.493322372436523
-119.35000278699972,47.316667612999765,-31.143352508544922
-119.35000278699972,47.43333428199976,-23.017915725708008
-119.35000278699972,47.55000095099976,-21.71199607849121
-119.35000278699972,47.66666761999976,-12.493783950805664
-119.35000278699972,47.783334288999754,-19.70646858215332
-119.35000278699972,47.90000095799975,-21.62704086303711
-119.35000278699972,48.01666762699975,-26.101125717163086
-119.35000278699972,48.133334295999745,-33.80449676513672
-119.35000278699972,48.25000096499974,-29.702890396118164
-119.35000278699972,48.36666763399974,8.426005363464355
-119.35000278699972,48.48333430299974,31.693010330200195
-119.35000278699972,48.600000971999734,5.514531135559082
-119.35000278699972,48.71666764099973,-38.989471435546875
-119.35000278699972,48.83333430999973,-30.139493942260742
-119.35000278699972,48.950000978999725,-36.37999725341797
-119.35000278699972,49.06666764799972,9.864415168762207
-119.35000278699972,49.18333431699972,48.52308654785156
-119.35000278699972,49.300000985999716,75.03646087646484
-119.35000278699972,49.41666765499971,65.84783935546875
-119.35000278699972,49.53333432399971,70.13455200195312
-119.35000278699972,49.65000099299971,77.26685333251953
-119.35000278699972,49.766667661999705,27.109050750732422
-119.35000278699972,49.8833343309997,-68.55414581298828
-119.35000278699972,50.0000009999997,-45.72407913208008
-119.35000278699972,50.116667668999696,-44.8349609375
-119.35000278699972,50.23333433799969,-90.78096008300781
-119.35000278699972,50.35000100699969,-40.12907028198242
-119.35000278699972,50.46666767599969,-41.14381408691406
-119.35000278699972,50.583334344999685,-20.886505126953125
-119.35000278699972,50.70000101399968,-65.67918395996094
-119.35000278699972,50.81666768299968,-87.53929138183594
-119.35000278699972,50.933334351999676,-86.99446868896484
-119.35000278699972,51.05000102099967,-18.915559768676758
-119.35000278699972,51.16666768999967,100.31785583496094
-119.35000278699972,51.28333435899967,-16.707956314086914
-119.35000278699972,51.400001027999664,10.838959693908691
-119.35000278699972,51.51666769699966,-15.667717933654785
-119.35000278699972,51.63333436599966,39.48625183105469
-119.35000278699972,51.750001034999656,-13.138177871704102
-119.35000278699972,51.86666770399965,-26.686450958251953
-119.35000278699972,51.98333437299965,-2.8019156455993652
-119.35000278699972,52.10000104199965,-63.885066986083984
-119.35000278699972,52.216667710999644,16.612878799438477
-119.35000278699972,52.33333437999964,57.6994743347168
-119.35000278699972,52.45000104899964,-12.686022758483887
-119.35000278699972,52.566667717999636,45.59503173828125
-119.35000278699972,52.68333438699963,31.990638732910156
-119.35000278699972,52.80000105599963,-57.341026306152344
-119.35000278699972,52.91666772499963,-99.3519515991211
-119.35000278699972,53.033334393999624,-29.782133102416992
-119.35000278699972,53.15000106299962,71.54600524902344
-119.35000278699972,53.26666773199962,38.36479568481445
-119.35000278699972,53.383334400999615,60.65988540649414
-119.35000278699972,53.50000106999961,70.41810607910156
-119.35000278699972,53.61666773899961,2.670668601989746
-119.35000278699972,53.73333440799961,-17.159639358520508
-119.35000278699972,53.850001076999604,54.1468391418457
-119.35000278699972,53.9666677459996,12.415112495422363
-119.23333611799973,37.983334092999996,164.32113647460938
-119.23333611799973,38.10000076199999,87.91663360595703
-119.23333611799973,38.21666743099999,-56.44802474975586
-119.23333611799973,38.33333409999999,8.291303634643555
-119.23333611799973,38.450000768999985,52.760498046875
-119.23333611799973,38.56666743799998,6.306081771850586
-119.23333611799973,38.68333410699998,18.643333435058594
-119.23333611799973,38.800000775999976,-35.637351989746094
-119.23333611799973,38.91666744499997,13.507989883422852
-119.23333611799973,39.03333411399997,-2.8163788318634033
-119.23333611799973,39.15000078299997,-13.395771026611328
-119.23333611799973,39.266667451999965,-14.403188705444336
-119.23333611799973,39.38333412099996,-11.633150100708008
-119.23333611799973,39.50000078999996,15.860905647277832
-119.23333611799973,39.616667458999956,-32.42662811279297
-119.23333611799973,39.73333412799995,1.6261365413665771
-119.23333611799973,39.85000079699995,15.459012031555176
-119.23333611799973,39.96666746599995,20.233301162719727
-119.23333611799973,40.083334134999944,33.69289779663086
-119.23333611799973,40.20000080399994,19.078977584838867
-119.23333611799973,40.31666747299994,-10.792314529418945
-119.23333611799973,40.433334141999936,59.04402542114258
-119.23333611799973,40.55000081099993,36.83496856689453
-119.23333611799973,40.66666747999993,-1.7881739139556885
-119.23333611799973,40.78333414899993,-20.22464370727539
-119.23333611799973,40.900000817999924,2.0633957386016846
-119.23333611799973,41.01666748699992,49.83665084838867
-119.23333611799973,41.13333415599992,62.2962760925293
-119.23333611799973,41.250000824999915,-2.024754524230957
-119.23333611799973,41.36666749399991,-11.859973907470703
-119.23333611799973,41.48333416299991,32.61284255981445
-119.23333611799973,41.60000083199991,13.214202880859375
-119.23333611799973,41.716667500999904,18.357019424438477
-119.23333611799973,41.8333341699999,32.304813385009766
-119.23333611799973,41.9500008389999,0.786544919013977
-119.23333611799973,42.066667507999895,24.626432418823242
-119.23333611799973,42.18333417699989,8.73835277557373
-119.23333611799973,42.30000084599989,17.79219627380371
-119.23333611799973,42.41666751499989,19.726858139038086
-119.23333611799973,42.533334183999884,-6.339818954467773
-119.23333611799973,42.65000085299988,6.713920593261719
-119.23333611799973,42.76666752199988,0.09846475720405579
-119.23333611799973,42.883334190999875,13.707108497619629
-119.23333611799973,43.00000085999987,19.992124557495117
-119.23333611799973,43.11666752899987,8.520892143249512
-119.23333611799973,43.233334197999866,-13.80374813079834
-119.23333611799973,43.35000086699986,-8.689657211303711
-119.23333611799973,43.46666753599986,10.082635879516602
-119.23333611799973,43.58333420499986,14.610142707824707
-119.23333611799973,43.700000873999855,22.969139099121094
-119.23333611799973,43.81666754299985,0.4194958209991455
-119.23333611799973,43.93333421199985,34.862022399902344
-119.23333611799973,44.050000880999846,25.94996452331543
-119.23333611799973,44.16666754999984,45.31964111328125
-119.23333611799973,44.28333421899984,48.29296875
-119.23333611799973,44.40000088799984,-19.384084701538086
-119.23333611799973,44.516667556999835,42.574100494384766
-119.23333611799973,44.63333422599983,28.225717544555664
-119.23333611799973,44.75000089499983,28.072254180908203
-119.23333611799973,44.866667563999826,-19.190021514892578
-119.23333611799973,44.98333423299982,-18.067991256713867
-119.23333611799973,45.10000090199982,73.80472564697266
-119.23333611799973,45.21666757099982,69.5990219116211
-119.23333611799973,45.333334239999814,-21.11381721496582
-119.23333611799973,45.45000090899981,-31.899158477783203
-119.23333611799973,45.56666757799981,-39.64516067504883
-119.23333611799973,45.683334246999806,-58.053592681884766
-119.23333611799973,45.8000009159998,-56.20441818237305
-119.23333611799973,45.9166675849998,-48.73138427734375
-119.23333611799973,46.0333342539998,-19.076536178588867
-119.23333611799973,46.150000922999794,-17.25063705444336
-119.23333611799973,46.26666759199979,-41.891780853271484
-119.23333611799973,46.38333426099979,-41.727256774902344
-119.23333611799973,46.500000929999786,-42.593414306640625
-119.23333611799973,46.61666759899978,-30.864221572875977
-119.23333611799973,46.73333426799978,-28.32132339477539
-119.23333611799973,46.85000093699978,-34.35376739501953
-119.23333611799973,46.966667605999774,-23.52066421508789
-119.23333611799973,47.08333427499977,-25.52459144592285
-119.23333611799973,47.20000094399977,-25.303417205810547
-119.23333611799973,47.316667612999765,-27.60468864440918
-119.23333611799973,47.43333428199976,-31.029916763305664
-119.23333611799973,47.55000095099976,-16.620349884033203
-119.23333611799973,47.66666761999976,-18.54945182800293
-119.23333611799973,47.783334288999754,-25.151046752929688
-119.23333611799973,47.90000095799975,-27.585695266723633
-119.23333611799973,48.01666762699975,-6.454686164855957
-119.23333611799973,48.133334295999745,-39.64961624145508
-119.23333611799973,48.25000096499974,-7.778210639953613
-119.23333611799973,48.36666763399974,18.537994384765625
-119.23333611799973,48.48333430299974,68.48094940185547
-119.23333611799973,48.600000971999734,30.947954177856445
-119.23333611799973,48.71666764099973,17.46094512939453
-119.23333611799973,48.83333430999973,36.14069747924805
-119.23333611799973,48.950000978999725,24.77284812927246
-119.23333611799973,49.06666764799972,36.57156753540039
-119.23333611799973,49.18333431699972,85.33306884765625
-119.23333611799973,49.300000985999716,54.51510238647461
-119.23333611799973,49.41666765499971,30.336257934570312
-119.23333611799973,49.53333432399971,-0.7976359724998474
-119.23333611799973,49.65000099299971,13.563201904296875
-119.23333611799973,49.766667661999705,29.47747802734375
-119.23333611799973,49.8833343309997,12.794979095458984
-119.23333611799973,50.0000009999997,43.180965423583984
-119.23333611799973,50.116667668999696,43.55390548706055
-119.23333611799973,50.23333433799969,-68.16653442382812
-119.23333611799973,50.35000100699969,-59.80881881713867
-119.23333611799973,50.46666767599969,-63.01034927368164
-119.23333611799973,50.583334344999685,-46.041099548339844
-119.23333611799973,50.70000101399968,-72.14665222167969
-119.23333611799973,50.81666768299968,-24.880939483642578
-119.23333611799973,50.933334351999676,-66.7415542602539
-119.23333611799973,51.05000102099967,56.01051712036133
-119.23333611799973,51.16666768999967,57.19428634643555
-119.23333611799973,51.28333435899967,-16.361860275268555
-119.23333611799973,51.400001027999664,33.64669418334961
-119.23333611799973,51.51666769699966,-46.84099578857422
-119.23333611799973,51.63333436599966,-24.970008850097656
-119.23333611799973,51.750001034999656,2.050814151763916
-119.23333611799973,51.86666770399965,-16.934141159057617
-119.23333611799973,51.98333437299965,22.906286239624023
-119.23333611799973,52.10000104199965,-30.773681640625
-119.23333611799973,52.216667710999644,-48.311431884765625
-119.23333611799973,52.33333437999964,-0.20243600010871887
-119.23333611799973,52.45000104899964,-48.78976058959961
-119.23333611799973,52.566667717999636,26.143606185913086
-119.23333611799973,52.68333438699963,-53.25004196166992
-119.23333611799973,52.80000105599963,-126.55496215820312
-119.23333611799973,52.91666772499963,-2.604640245437622
-119.23333611799973,53.033334393999624,-57.39973068237305
-119.23333611799973,53.15000106299962,58.82441329956055
-119.23333611799973,53.26666773199962,34.012874603271484
-119.23333611799973,53.383334400999615,1.3950963020324707
-119.23333611799973,53.50000106999961,-1.3665200471878052
-119.23333611799973,53.61666773899961,45.74085998535156
-119.23333611799973,53.73333440799961,54.77165603637695
-119.23333611799973,53.850001076999604,10.18840217590332
-119.23333611799973,53.9666677459996,7.904349327087402
-119.11666944899973,37.983334092999996,-18.770261764526367
-119.11666944899973,38.10000076199999,18.294713973999023
-119.11666944899973,38.21666743099999,59.177467346191406
-119.11666944899973,38.33333409999999,52.52847671508789
-119.11666944899973,38.450000768999985,-10.690670013427734
-119.11666944899973,38.56666743799998,80.81166076660156
-119.11666944899973,38.68333410699998,61.18935012817383
-119.11666944899973,38.800000775999976,-23.637004852294922
-119.11666944899973,38.91666744499997,-32.75069046020508
-119.11666944899973,39.03333411399997,-37.56761169433594
-119.11666944899973,39.15000078299997,-7.741464614868164
-119.11666944899973,39.266667451999965,-20.390981674194336
-119.11666944899973,39.38333412099996,-21.231306076049805
-119.11666944899973,39.50000078999996,-2.3749964237213135
-119.11666944899973,39.616667458999956,-20.9081974029541
-119.11666944899973,39.73333412799995,12.261246681213379
-119.11666944899973,39.85000079699995,15.433564186096191
-119.11666944899973,39.96666746599995,18.209537506103516
-119.11666944899973,40.083334134999944,51.61672592163086
-119.11666944899973,40.20000080399994,60.92185974121094
-119.11666944899973,40.31666747299994,6.466361999511719
-119.11666944899973,40.433334141999936,-19.896623611450195
-119.11666944899973,40.55000081099993,-0.34443163871765137
-119.11666944899973,40.66666747999993,2.853644609451294
-119.11666944899973,40.78333414899993,-13.537140846252441
-119.11666944899973,40.900000817999924,-48.21202087402344
-119.11666944899973,41.01666748699992,-31.274372100830078
-119.11666944899973,41.13333415599992,-31.986757278442383
-119.11666944899973,41.250000824999915,-5.834591865539551
-119.11666944899973,41.36666749399991,16.04439926147461
-119.11666944899973,41.48333416299991,-1.2881568670272827
-119.11666944899973,41.60000083199991,28.606367111206055
-119.11666944899973,41.716667500999904,17.93418312072754
-119.11666944899973,41.8333341699999,1.7702324390411377
-119.11666944899973,41.9500008389999,10.339476585388184
-119.11666944899973,42.066667507999895,15.447528839111328
-119.11666944899973,42.18333417699989,6.705636978149414
-119.11666944899973,42.30000084599989,1.0490182638168335
-119.11666944899973,42.41666751499989,2.49257230758667
-119.11666944899973,42.533334183999884,-4.324602127075195
-119.11666944899973,42.65000085299988,-15.340960502624512
-119.11666944899973,42.76666752199988,-4.945857048034668
-119.11666944899973,42.883334190999875,12.482431411743164
-119.11666944899973,43.00000085999987,18.719501495361328
-119.11666944899973,43.11666752899987,0.1707131564617157
-119.11666944899973,43.233334197999866,-10.155950546264648
-119.11666944899973,43.35000086699986,-5.782003402709961
-119.11666944899973,43.46666753599986,-5.646365165710449
-119.11666944899973,43.58333420499986,1.2669286727905273
-119.11666944899973,43.700000873999855,10.657959938049316
-119.11666944899973,43.81666754299985,25.986980438232422
-119.11666944899973,43.93333421199985,50.940643310546875
-119.11666944899973,44.050000880999846,59.480934143066406
-119.11666944899973,44.16666754999984,7.344222068786621
-119.11666944899973,44.28333421899984,45.55632019042969
-119.11666944899973,44.40000088799984,-22.878456115722656
-119.11666944899973,44.516667556999835,43.167911529541016
-119.11666944899973,44.63333422599983,29.94239616394043
-119.11666944899973,44.75000089499983,10.34277629852295
-119.11666944899973,44.866667563999826,-9.858427047729492
-119.11666944899973,44.98333423299982,4.9568328857421875
-119.11666944899973,45.10000090199982,65.30319213867188
-119.11666944899973,45.21666757099982,62.7519645690918
-119.11666944899973,45.333334239999814,-14.315637588500977
-119.11666944899973,45.45000090899981,-33.86488723754883
-119.11666944899973,45.56666757799981,-32.98308181762695
-119.11666944899973,45.683334246999806,-54.53706741333008
-119.11666944899973,45.8000009159998,-49.50117111206055
-119.11666944899973,45.9166675849998,-49.39687728881836
-119.11666944899973,46.0333342539998,-19.480178833007812
-119.11666944899973,46.150000922999794,-30.579782485961914
-119.11666944899973,46.26666759199979,-46.77701950073242
-119.11666944899973,46.38333426099979,-43.198856353759766
-119.11666944899973,46.500000929999786,-38.619144439697266
-119.11666944899973,46.61666759899978,-43.87971115112305
-119.11666944899973,46.73333426799978,-37.2839469909668
-119.11666944899973,46.85000093699978,-30.24588966369629
-119.11666944899973,46.966667605999774,-27.717243194580078
-119.11666944899973,47.08333427499977,-26.70334815979004
-119.11666944899973,47.20000094399977,-21.39869499206543
-119.11666944899973,47.316667612999765,-28.737197875976562
-119.11666944899973,47.43333428199976,-37.21797561645508
-119.11666944899973,47.55000095099976,-21.739601135253906
-119.11666944899973,47.66666761999976,-19.665517807006836
-119.11666944899973,47.783334288999754,-22.28993034362793
-119.11666944899973,47.90000095799975,-41.07245635986328
-119.11666944899973,48.01666762699975,-10.671259880065918
-119.11666944899973,48.133334295999745,-44.608055114746094
-119.11666944899973,48.25000096499974,14.487497329711914
-119.11666944899973,48.36666763399974,38.05815887451172
-119.11666944899973,48.48333430299974,53.62273025512695
-119.11666944899973,48.600000971999734,13.09485912322998
-119.11666944899973,48.71666764099973,38.510154724121094
-119.11666944899973,48.83333430999973,53.01791000366211
-119.11666944899973,48.950000978999725,23.260425567626953
-119.11666944899973,49.06666764799972,4.034699440002441
-119.11666944899973,49.18333431699972,44.23551940917969
-119.11666944899973,49.300000985999716,30.349008560180664
-119.11666944899973,49.41666765499971,-11.146656036376953
-119.11666944899973,49.53333432399971,-24.09259605407715
-119.11666944899973,49.65000099299971,-5.893074035644531
-119.11666944899973,49.766667661999705,8.031478881835938
-119.11666944899973,49.8833343309997,8.060423851013184
-119.11666944899973,50.0000009999997,31.5803279876709
-119.11666944899973,50.116667668999696,35.94114303588867
-119.11666944899973,50.23333433799969,-29.120115280151367
-119.11666944899973,50.35000100699969,39.631473541259766
-119.11666944899973,50.46666767599969,-49.20568084716797
-119.11666944899973,50.583334344999685,-65.26721954345703
-119.11666944899973,50.70000101399968,-48.222023010253906
-119.11666944899973,50.81666768299968,-37.44411087036133
-119.11666944899973,50.933334351999676,-90.74896240234375
-119.11666944899973,51.05000102099967,27.46250343322754
-119.11666944899973,51.16666768999967,43.061553955078125
-119.11666944899973,51.28333435899967,-7.7536773681640625
-119.11666944899973,51.400001027999664,17.280773162841797
-119.11666944899973,51.51666769699966,7.165922164916992
-119.11666944899973,51.63333436599966,-19.182077407836914
-119.11666944899973,51.750001034999656,-32.995018005371094
-119.11666944899973,51.86666770399965,-33.26105880737305
-119.11666944899973,51.98333437299965,23.34503936767578
-119.11666944899973,52.10000104199965,0.8048058748245239
-119.11666944899973,52.216667710999644,-12.695836067199707
-119.11666944899973,52.33333437999964,0.3894656300544739
-119.11666944899973,52.45000104899964,-88.26209259033203
-119.11666944899973,52.566667717999636,-46.38713073730469
-119.11666944899973,52.68333438699963,-60.71550369262695
-119.11666944899973,52.80000105599963,-47.51268005371094
-119.11666944899973,52.91666772499963,93.1609115600586
-119.11666944899973,53.033334393999624,-19.211719512939453
-119.11666944899973,53.15000106299962,83.81553649902344
-119.11666944899973,53.26666773199962,50.82795715332031
-119.11666944899973,53.383334400999615,40.13945770263672
-119.11666944899973,53.50000106999961,96.1258773803711
-119.11666944899973,53.61666773899961,69.07062530517578
-119.11666944899973,53.73333440799961,57.1424674987793
-119.11666944899973,53.850001076999604,-26.398012161254883
-119.11666944899973,53.9666677459996,-10.114449501037598
-119.00000277999973,37.983334092999996,-55.291664123535156
-119.00000277999973,38.10000076199999,-9.704936981201172
-119.00000277999973,38.21666743099999,64.18579864501953
-119.00000277999973,38.33333409999999,23.376562118530273
-119.00000277999973,38.450000768999985,-15.88297176361084
-119.00000277999973,38.56666743799998,-32.07227325439453
-119.00000277999973,38.68333410699998,-47.487422943115234
-119.00000277999973,38.800000775999976,-21.064424514770508
-119.00000277999973,38.91666744499997,2.2830092906951904
-119.00000277999973,39.03333411399997,2.354966402053833
-119.00000277999973,39.15000078299997,-23.43732452392578
-119.00000277999973,39.266667451999965,-10.389052391052246
-119.00000277999973,39.38333412099996,16.0418758392334
-119.00000277999973,39.50000078999996,-22.69627571105957
-119.00000277999973,39.616667458999956,-12.651095390319824
-119.00000277999973,39.73333412799995,-15.50262451171875
-119.00000277999973,39.85000079699995,-2.713376045227051
-119.00000277999973,39.96666746599995,5.891718864440918
-119.00000277999973,40.083334134999944,-23.442981719970703
-119.00000277999973,40.20000080399994,-18.10324478149414
-119.00000277999973,40.31666747299994,-0.46168649196624756
-119.00000277999973,40.433334141999936,13.639681816101074
-119.00000277999973,40.55000081099993,10.528192520141602
-119.00000277999973,40.66666747999993,25.776153564453125
-119.00000277999973,40.78333414899993,0.5267159342765808
-119.00000277999973,40.900000817999924,-21.24578857421875
-119.00000277999973,41.01666748699992,2.5033822059631348
-119.00000277999973,41.13333415599992,-4.249658584594727
-119.00000277999973,41.250000824999915,44.96936798095703
-119.00000277999973,41.36666749399991,78.09679412841797
-119.00000277999973,41.48333416299991,62.34592056274414
-119.00000277999973,41.60000083199991,31.3604793548584
-119.00000277999973,41.716667500999904,22.435232162475586
-119.00000277999973,41.8333341699999,1.7790002822875977
-119.00000277999973,41.9500008389999,-14.567606925964355
-119.00000277999973,42.066667507999895,25.389028549194336
-119.00000277999973,42.18333417699989,16.68637466430664
-119.00000277999973,42.30000084599989,-3.7478766441345215
-119.00000277999973,42.41666751499989,-19.19310188293457
-119.00000277999973,42.533334183999884,-24.32952117919922
-119.00000277999973,42.65000085299988,-8.176012992858887
-119.00000277999973,42.76666752199988,-4.999442100524902
-119.00000277999973,42.883334190999875,28.741384506225586
-119.00000277999973,43.00000085999987,29.629438400268555
-119.00000277999973,43.11666752899987,-4.415460586547852
-119.00000277999973,43.233334197999866,-0.9404477477073669
-119.00000277999973,43.35000086699986,-12.427825927734375
-119.00000277999973,43.46666753599986,-19.618005752563477
-119.00000277999973,43.58333420499986,-11.290131568908691
-119.00000277999973,43.700000873999855,10.859272956848145
-119.00000277999973,43.81666754299985,36.88435363769531
-119.00000277999973,43.93333421199985,23.94729995727539
-119.00000277999973,44.050000880999846,16.108409881591797
-119.00000277999973,44.16666754999984,-0.8460614681243896
-119.00000277999973,44.28333421899984,25.2453556060791
-119.00000277999973,44.40000088799984,-29.838336944580078
-119.00000277999973,44.516667556999835,24.493606567382812
-119.00000277999973,44.63333422599983,60.55962371826172
-119.00000277999973,44.75000089499983,29.064067840576172
-119.00000277999973,44.866667563999826,16.364574432373047
-119.00000277999973,44.98333423299982,-0.10225309431552887
-119.00000277999973,45.10000090199982,22.982378005981445
-119.00000277999973,45.21666757099982,33.926998138427734
-119.00000277999973,45.333334239999814,-8.42695426940918
-119.00000277999973,45.45000090899981,-35.00336837768555
-119.00000277999973,45.56666757799981,-29.426557540893555
-119.00000277999973,45.683334246999806,-48.98023986816406
-119.00000277999973,45.8000009159998,-43.633853912353516
-119.00000277999973,45.9166675849998,-43.100730895996094
-119.00000277999973,46.0333342539998,-34.5086669921875
-119.00000277999973,46.150000922999794,-49.20448303222656
-119.00000277999973,46.26666759199979,-48.65870666503906
-119.00000277999973,46.38333426099979,-47.96995544433594
-119.00000277999973,46.500000929999786,-45.48719787597656
-119.00000277999973,46.61666759899978,-43.04863357543945
-119.00000277999973,46.73333426799978,-36.72698974609375
-119.00000277999973,46.85000093699978,-27.540924072265625
-119.00000277999973,46.966667605999774,-27.777984619140625
-119.00000277999973,47.08333427499977,-29.31786346435547
-119.00000277999973,47.20000094399977,-17.626737594604492
-119.00000277999973,47.316667612999765,-21.046886444091797
-119.00000277999973,47.43333428199976,-34.184898376464844
-119.00000277999973,47.55000095099976,-34.04179763793945
-119.00000277999973,47.66666761999976,-20.771141052246094
-119.00000277999973,47.783334288999754,-7.426595687866211
-119.00000277999973,47.90000095799975,-26.80567741394043
-119.00000277999973,48.01666762699975,-43.63290023803711
-119.00000277999973,48.133334295999745,-48.30731964111328
-119.00000277999973,48.25000096499974,-28.57172203063965
-119.00000277999973,48.36666763399974,26.814870834350586
-119.00000277999973,48.48333430299974,8.999689102172852
-119.00000277999973,48.600000971999734,11.453876495361328
-119.00000277999973,48.71666764099973,35.675811767578125
-119.00000277999973,48.83333430999973,0.3240460157394409
-119.00000277999973,48.950000978999725,27.015356063842773
-119.00000277999973,49.06666764799972,-16.254344940185547
-119.00000277999973,49.18333431699972,-31.276926040649414
-119.00000277999973,49.300000985999716,-28.073301315307617
-119.00000277999973,49.41666765499971,-18.155807495117188
-119.00000277999973,49.53333432399971,-8.77540111541748
-119.00000277999973,49.65000099299971,-9.868717193603516
-119.00000277999973,49.766667661999705,40.768592834472656
-119.00000277999973,49.8833343309997,6.970458030700684
-119.00000277999973,50.0000009999997,44.8711051940918
-119.00000277999973,50.116667668999696,22.137340545654297
-119.00000277999973,50.23333433799969,-47.49273681640625
-119.00000277999973,50.35000100699969,45.667991638183594
-119.00000277999973,50.46666767599969,-0.2593367099761963
-119.00000277999973,50.583334344999685,-27.316255569458008
-119.00000277999973,50.70000101399968,17.915346145629883
-119.00000277999973,50.81666768299968,-82.81324005126953
-119.00000277999973,50.933334351999676,-43.316184997558594
-119.00000277999973,51.05000102099967,-95.98463439941406
-119.00000277999973,51.16666768999967,-75.93008422851562
-119.00000277999973,51.28333435899967,-63.252254486083984
-119.00000277999973,51.400001027999664,28.076494216918945
-119.00000277999973,51.51666769699966,63.643314361572266
-119.00000277999973,51.63333436599966,55.77998733520508
-119.00000277999973,51.750001034999656,43.65081787109375
-119.00000277999973,51.86666770399965,17.37203598022461
-119.00000277999973,51.98333437299965,19.06119155883789
-119.00000277999973,52.10000104199965,16.067914962768555
-119.00000277999973,52.216667710999644,48.96263122558594
-119.00000277999973,52.33333437999964,49.42156219482422
-119.00000277999973,52.45000104899964,61.828060150146484
-119.00000277999973,52.566667717999636,-17.724853515625
-119.00000277999973,52.68333438699963,-47.09071731567383
-119.00000277999973,52.80000105599963,17.715930938720703
-119.00000277999973,52.91666772499963,23.58281135559082
-119.00000277999973,53.033334393999624,-11.445178031921387
-119.00000277999973,53.15000106299962,90.60209655761719
-119.00000277999973,53.26666773199962,83.63377380371094
-119.00000277999973,53.383334400999615,76.73588562011719
-119.00000277999973,53.50000106999961,111.30860137939453
-119.00000277999973,53.61666773899961,50.057010650634766
-119.00000277999973,53.73333440799961,37.0206298828125
-119.00000277999973,53.850001076999604,4.265869140625
-119.00000277999973,53.9666677459996,-10.105059623718262
