lat,lon,t,bath
49.62,-129.98,0.81696123,-2408.0
44.68,-125.29,9.1196241,-2114.0
44.66,-125.27,9.1196241,-2269.0
44.66,-125.27,9.1196241,-2269.0
44.66,-125.26,9.1196241,-2280.0
44.66,-125.25,9.1196241,-2281.0
44.66,-125.36,8.9653473,-2846.0
44.66,-125.35,9.1196241,-2810.0
44.66,-125.35,9.1196241,-2810.0
44.66,-125.35,9.1196241,-2810.0
44.65,-125.35,9.1559649,-2839.0
45.0,-125.3,9.0883245,-2050.0
45.01,-125.3,9.0883245,-1966.0
45.0,-125.31,9.0883245,-2038.0
45.0,-125.32,9.0883245,-1887.0
44.99,-125.32,9.0883245,-1933.0
44.99,-125.33,9.0883245,-1979.0
44.94,-125.37,8.987608,-2463.0
44.94,-125.36,8.987608,-2424.0
44.93,-125.35,9.1318445,-2430.0
47.06,-125.89,7.6291208,-2075.0
47.06,-125.89,7.6291208,-2075.0
47.07,-125.9,7.6291208,-2103.0
47.07,-125.9,7.6291208,-2103.0
47.07,-125.91,7.6291208,-2098.0
47.08,-125.9,7.6291208,-2100.0
47.07,-125.91,7.6291208,-2098.0
47.08,-125.91,7.6291208,-2111.0
47.08,-125.92,7.6291208,-2105.0
47.08,-125.94,7.6291208,-1936.0
47.08,-125.94,7.6291208,-1936.0
46.97,-125.93,7.6286254,-2314.0
46.98,-125.94,7.6286254,-2330.0
46.97,-125.99,7.3567901,-2523.0
46.97,-125.98,7.3567901,-2473.0
46.97,-125.98,7.3567901,-2473.0
46.98,-125.97,7.3567901,-2389.0
46.98,-125.96,7.3567901,-2339.0
46.98,-125.95,7.3567901,-2281.0
46.98,-125.94,7.6286254,-2330.0
46.98,-125.94,7.6286254,-2330.0
46.99,-125.97,7.3567901,-2405.0
47.0,-125.96,7.3567901,-2390.0
46.99,-125.96,7.3567901,-2366.0
46.99,-125.94,7.6286254,-2347.0
46.99,-125.95,7.3567901,-2315.0
50.55,-131.62,4.6901741,-2851.0
48.75,-127.75,2.9062791,-2546.0
47.45,-127.27,4.3656092,-2550.0
46.3,-128.0,3.1420634,-2792.0
47.9,-127.2,4.359262,-2587.0
47.15,-130.12,2.7302463,-2708.0
46.73,-131.58,6.8137112,-3239.0
41.07,-132.37,10.360166,-3132.0
47.9,-127.65,3.1907601,-2652.0
47.25,-131.03,5.1738672,-2985.0
44.65,-125.14,9.5422888,-836.0
44.65,-125.07,9.5422888,-982.0
44.65,-125.06,9.5422888,-1046.0
44.65,-125.02,9.8048306,-1002.0
44.65,-124.97,9.8048306,-781.0
47.23,-126.15,6.8040028,-2420.0
47.23,-126.15,6.8040028,-2420.0
47.24,-126.14,7.0875106,-2438.0
47.29,-126.08,7.1277666,-2077.0
47.29,-126.08,7.1277666,-2077.0
47.3,-126.09,7.1277666,-2074.0
47.3,-126.09,7.1277666,-2074.0
47.3,-126.09,7.1277666,-2074.0
47.29,-126.11,7.1277666,-2020.0
47.28,-126.12,7.1277666,-2197.0
47.28,-126.12,7.1277666,-2197.0
47.28,-126.13,7.1277666,-2316.0
47.27,-126.14,7.1277666,-2421.0
47.27,-126.14,7.1277666,-2421.0
47.27,-126.15,6.8401093,-2462.0
47.27,-126.15,6.8401093,-2462.0
47.27,-126.15,6.8401093,-2462.0
47.25,-126.17,6.8040028,-2462.0
47.44,-126.38,6.4628758,-2386.0
47.44,-126.38,6.4628758,-2386.0
47.44,-126.38,6.4628758,-2386.0
47.45,-126.36,6.5422029,-2377.0
47.45,-126.36,6.5422029,-2377.0
47.46,-126.33,6.8071642,-2413.0
47.46,-126.29,6.8071642,-2349.0
47.46,-126.29,6.8071642,-2349.0
47.46,-126.26,6.8071642,-2260.0
47.46,-126.22,7.0861001,-2359.0
47.46,-126.22,7.0861001,-2359.0
47.46,-126.22,7.0861001,-2359.0
47.46,-126.19,7.0861001,-2294.0
47.46,-126.18,7.0861001,-2275.0
47.46,-126.16,7.0861001,-2005.0
44.95,-125.2,9.2965679,-1334.0
44.95,-125.22,9.2965679,-1205.0
44.95,-125.23,9.2965679,-1250.0
44.95,-125.25,9.0883245,-1218.0
44.95,-125.41,8.9141588,-2663.0
44.95,-125.37,8.9141588,-2471.0
44.95,-125.37,8.9141588,-2471.0
44.95,-125.37,8.9141588,-2471.0
44.95,-125.37,8.9141588,-2471.0
44.95,-125.38,8.9141588,-2475.0
44.95,-125.4,8.9141588,-2600.0
44.95,-125.42,8.9141588,-2726.0
44.93,-125.27,9.1318445,-1550.0
44.93,-125.27,9.1318445,-1550.0
44.95,-125.47,8.6826057,-2772.0
44.95,-125.52,8.6826057,-2753.0
44.95,-125.52,8.6826057,-2753.0
44.95,-125.58,8.4492979,-2747.0
44.95,-125.64,8.4492979,-2777.0
44.65,-125.27,9.1559649,-2251.0
44.65,-125.3,9.1559649,-2041.0
44.65,-125.3,9.1559649,-2041.0
44.65,-125.32,9.1559649,-2387.0
44.65,-125.32,9.1559649,-2387.0
44.65,-125.34,9.1559649,-2697.0
44.65,-125.37,8.9884195,-2864.0
44.65,-125.4,8.9884195,-2873.0
44.65,-125.47,8.7853642,-2860.0
40.75,-127.4,0.14659698,-3234.0
40.74,-127.55,0.22720698,-3250.0
40.74,-127.57,0.22720698,-3308.0
40.75,-127.4,0.14659698,-3234.0
40.75,-127.42,0.14659698,-3222.0
40.75,-127.43,0.14659698,-3224.0
40.74,-127.58,0.22720698,-3228.0
40.75,-127.6,0.22720698,-3188.0
40.75,-127.62,0.22720698,-2918.0
40.76,-127.66,0.53983307,-2531.0
40.75,-127.66,0.52487373,-2573.0
40.76,-127.67,0.53983307,-2562.0
40.76,-127.69,0.53983307,-2620.0
40.98,-127.54,0.021391379,-3292.0
41.0,-127.54,0.021391379,-3289.0
41.0,-127.53,0.021391379,-3303.0
41.0,-127.52,0.021391379,-3300.0
41.01,-127.51,0.021391379,-3309.0
41.02,-127.47,0.021391379,-3284.0
41.0,-127.47,0.021391379,-3321.0
41.01,-127.47,0.021391379,-3305.0
41.01,-127.47,0.021391379,-3305.0
41.02,-127.47,0.021391379,-3284.0
40.94,-127.51,0.047450688,-3355.0
40.93,-127.52,0.047450688,-3353.0
40.91,-127.52,0.047450688,-3358.0
40.91,-127.49,0.047450688,-3345.0
40.91,-127.48,0.047450688,-3353.0
50.15,-123.38,8.4487114,926.0
50.12,-123.45,8.4487114,426.0
50.2,-123.53,8.1750021,551.0
50.18,-123.52,8.1750021,631.0
50.17,-123.52,8.1750021,304.0
50.45,-123.12,8.4487114,852.0
50.45,-123.17,8.1750021,1159.0
50.45,-123.2,8.1750021,963.0
51.97,-121.17,8.9942894,992.0
51.83,-121.15,8.9942894,957.0
52.0,-120.95,8.9942894,1234.0
52.0,-120.82,8.9942894,1234.0
51.78,-120.37,8.9942894,816.0
51.82,-120.47,8.9942894,1072.0
51.73,-120.15,8.9942894,1086.0
51.75,-120.07,8.9942894,1007.0
51.15,-119.82,8.9942894,1181.0
51.15,-119.8,8.9942894,1181.0
51.15,-119.82,8.9942894,1181.0
53.37,-130.15,2.2681541,45.0
53.35,-130.13,2.2681541,55.0
53.35,-130.13,2.2681541,55.0
53.36,-130.13,2.2681541,48.0
53.37,-130.16,2.2681541,50.0
53.37,-130.16,2.2681541,50.0
53.37,-130.12,2.2681541,56.0
53.37,-130.16,2.2681541,50.0
53.37,-130.16,2.2681541,50.0
53.37,-130.16,2.2681541,50.0
53.37,-130.16,2.2681541,50.0
51.38,-120.07,8.9942894,1048.0
51.38,-120.07,8.9942894,1048.0
51.38,-120.07,8.9942894,1048.0
53.53,-132.22,9.16572,161.0
53.53,-132.22,9.16572,161.0
53.53,-132.22,9.16572,161.0
53.53,-132.22,9.16572,161.0
53.53,-132.22,9.16572,161.0
53.53,-132.22,9.16572,161.0
53.53,-132.22,9.16572,161.0
53.53,-132.22,9.16572,161.0
53.53,-132.22,9.16572,161.0
52.14,-128.05,1.3816251,45.0
52.15,-128.1,1.3816251,51.0
54.74,-126.62,1.238132,832.0
54.74,-126.62,1.238132,832.0
54.74,-126.62,1.238132,832.0
54.74,-126.62,1.238132,832.0
54.74,-126.62,1.238132,832.0
54.2,-126.26,4.2815824,724.0
54.18,-126.27,4.2815824,731.0
54.17,-126.28,4.2815824,724.0
52.3,-120.57,8.9942894,1119.0
52.3,-120.57,8.9942894,1119.0
54.23,-126.23,4.2815824,743.0
54.23,-126.24,4.2815824,732.0
52.72,-131.72,5.7069907,-62.0
52.72,-131.71,5.7069907,-19.0
48.89,-123.87,8.9942894,804.0
48.89,-123.87,8.9942894,804.0
48.89,-123.85,8.9942894,943.0
48.88,-123.82,8.9942894,580.0
52.92,-123.62,7.2214351,1088.0
52.92,-123.63,7.2214351,1150.0
52.9,-123.62,7.2214351,1030.0
49.05,-123.91,8.9942894,99.0
49.05,-124.0,8.9942894,318.0
49.59,-119.68,9.2849312,1367.0
51.73,-124.62,7.2214351,1927.0
51.73,-124.63,7.2214351,1876.0
51.45,-123.62,7.2806315,1470.0
51.45,-123.62,7.2806315,1470.0
50.62,-127.5,4.6360407,121.0
49.77,-125.3,7.2806315,1308.0
54.02,-130.58,5.7069907,507.0
54.02,-130.58,5.7069907,507.0
54.02,-130.58,5.7069907,507.0
54.02,-130.58,5.7069907,507.0
54.02,-130.58,5.7069907,507.0
49.15,-124.65,8.1750021,988.0
49.15,-124.67,7.9011574,782.0
49.15,-124.67,7.9011574,782.0
49.33,-121.97,9.2849312,179.0
49.33,-121.97,9.2849312,179.0
49.33,-121.97,9.2849312,179.0
49.33,-121.97,9.2849312,179.0
49.33,-121.97,9.2849312,179.0
49.33,-121.97,9.2849312,179.0
49.33,-121.95,9.2849312,398.0
49.33,-121.97,9.2849312,179.0
49.3,-121.93,9.2849312,44.0
49.75,-124.53,7.3612161,100.0
49.7,-124.52,7.3612161,115.0
49.75,-124.53,7.3612161,100.0
49.75,-124.53,7.3612161,100.0
49.75,-124.53,7.3612161,100.0
49.75,-124.53,7.3612161,100.0
49.75,-124.53,7.3612161,100.0
49.75,-124.53,7.3612161,100.0
49.7,-124.53,7.3612161,128.0
49.7,-124.53,7.3612161,128.0
49.7,-124.53,7.3612161,128.0
49.7,-124.53,7.3612161,128.0
50.02,-126.78,6.2185445,708.0
50.0,-126.8,6.2185445,1008.0
50.0,-126.8,6.2185445,1008.0
50.0,-126.8,6.2185445,1008.0
50.02,-126.78,6.2185445,708.0
47.51,-121.35,9.7773581,858.0
47.51,-121.35,9.7773581,858.0
47.68,-121.65,9.7773581,1142.0
47.68,-121.65,9.7773581,1142.0
47.49,-121.4,9.7773581,613.0
42.2,-121.83,8.7200031,1275.0
48.46,-122.63,9.2849312,187.0
48.72,-119.59,9.57864,563.0
46.35,-122.11,9.543684,880.0
46.36,-122.07,9.543684,1104.0
49.0,-119.49,9.57864,1725.0
48.61,-120.38,9.57864,1988.0
48.61,-120.39,9.57864,1988.0
46.85,-124.1,9.7773581,12.0
47.24,-124.19,9.8133631,23.0
42.16,-120.34,8.7200031,1571.0
42.19,-120.33,8.7200031,1576.0
42.19,-120.34,8.7200031,1576.0
42.2,-120.35,8.7200031,1582.0
42.22,-120.35,8.7200031,1640.0
42.22,-120.34,8.7200031,1640.0
42.17,-120.34,8.7200031,1564.0
42.22,-120.36,8.7200031,1640.0
42.22,-120.36,8.7200031,1640.0
42.19,-120.34,8.7200031,1576.0
42.19,-120.35,8.7200031,1576.0
42.18,-120.35,8.7200031,1575.0
42.18,-120.34,8.7200031,1575.0
42.22,-120.36,8.7200031,1640.0
42.21,-120.36,8.7200031,1599.0
44.27,-120.81,9.8749847,929.0
42.04,-120.3,18.00329,1481.0
42.21,-120.36,8.7200031,1599.0
42.24,-120.36,8.7200031,1734.0
42.23,-120.37,8.7200031,1691.0
42.02,-120.3,18.00329,1488.0
42.19,-120.38,8.7200031,1576.0
45.43,-121.46,9.5483627,1157.0
45.61,-122.0,9.5370016,159.0
45.34,-121.36,9.5414743,872.0
43.96,-123.11,9.5827484,358.0
45.12,-120.85,9.68153,600.0
44.6,-122.06,9.8749847,1242.0
44.6,-122.06,9.8749847,1242.0
45.44,-121.16,9.5483627,440.0
45.54,-122.58,9.5407829,66.0
45.66,-121.33,9.5560369,380.0
45.25,-121.12,9.5008411,334.0
42.41,-120.48,8.7200031,1333.0
45.69,-121.35,9.5560369,212.0
45.18,-121.07,9.5008411,370.0
45.84,-119.67,9.544672,370.0
45.32,-122.87,9.5414743,310.0
45.63,-121.36,9.5370016,419.0
44.78,-121.03,9.8749847,594.0
45.43,-120.93,9.5483627,708.0
42.06,-122.65,8.7200031,1284.0
45.9,-119.22,9.5405912,574.0
45.6,-121.14,9.5370016,38.0
45.36,-121.28,9.5483627,771.0
45.38,-122.59,9.5483627,19.0
45.6,-119.6,9.5370016,299.0
45.65,-121.47,9.5370016,619.0
45.7,-123.13,9.5560369,363.0
42.19,-122.64,8.7200031,594.0
45.7,-121.35,9.5560369,20.0
42.48,-123.4,8.1746902,351.0
45.61,-121.23,9.5370016,266.0
45.91,-119.44,9.5405912,624.0
45.18,-121.2,9.5008411,537.0
42.32,-122.81,8.7200031,485.0
45.6,-121.64,9.5370016,323.0
45.53,-122.43,9.5407829,56.0
42.53,-122.64,8.7200031,846.0
42.8,-123.85,8.0320463,791.0
45.38,-122.02,9.5483627,382.0
45.72,-119.02,9.5560369,488.0
45.68,-121.31,9.5560369,206.0
42.49,-122.95,8.7200031,395.0
42.5,-122.98,8.7200031,401.0
45.39,-122.36,9.5483627,163.0
42.86,-123.38,8.5052891,1066.0
44.87,-122.71,9.8163719,303.0
45.77,-119.12,9.544672,611.0
45.43,-121.29,9.5483627,690.0
45.54,-122.76,9.5407829,299.0
45.35,-121.13,9.5483627,764.0
45.35,-121.13,9.5483627,764.0
45.32,-121.1,9.5414743,814.0
45.69,-121.38,9.5560369,91.0
42.39,-122.98,8.7200031,451.0
45.36,-120.15,9.5483627,445.0
44.05,-122.88,9.8100004,202.0
43.8,-122.42,9.5827484,720.0
44.78,-121.98,9.8749847,707.0
44.78,-121.97,9.8749847,706.0
44.78,-121.97,9.8749847,706.0
44.78,-121.97,9.8749847,706.0
43.92,-120.82,9.8749847,1290.0
43.69,-120.48,9.5827484,1544.0
43.69,-120.48,9.5827484,1544.0
43.69,-120.48,9.5827484,1544.0
43.63,-120.46,9.5827484,1540.0
43.62,-120.47,9.5827484,1540.0
43.63,-120.46,9.5827484,1540.0
43.63,-120.46,9.5827484,1540.0
43.63,-120.46,9.5827484,1540.0
43.78,-120.62,9.5827484,1450.0
43.78,-120.62,9.5827484,1450.0
43.62,-120.47,9.5827484,1540.0
43.62,-120.47,9.5827484,1540.0
43.62,-120.47,9.5827484,1540.0
43.62,-120.47,9.5827484,1540.0
43.62,-120.47,9.5827484,1540.0
43.73,-121.36,9.5827484,1521.0
43.73,-121.36,9.5827484,1521.0
43.75,-120.94,9.5827484,1492.0
43.75,-120.94,9.5827484,1492.0
43.81,-120.99,9.5827484,1401.0
44.17,-122.29,9.8749847,498.0
44.45,-122.8,9.8749847,158.0
44.61,-122.77,9.8749847,178.0
44.54,-123.29,9.8749847,93.0
44.83,-122.25,9.8749847,772.0
44.95,-122.17,9.831625,686.0
44.95,-122.17,9.831625,686.0
45.04,-121.0,9.831625,928.0
43.8,-122.42,9.5827484,720.0
43.8,-122.42,9.5827484,720.0
44.86,-122.88,9.8163719,120.0
44.06,-122.79,9.8100004,184.0
44.15,-122.25,9.8749847,377.0
44.15,-122.25,9.8749847,377.0
44.8,-124.06,9.8749847,88.0
44.8,-124.07,9.8749847,29.0
44.04,-122.84,9.8100004,289.0
43.93,-122.91,9.5827484,234.0
44.8,-122.41,9.8749847,410.0
44.81,-122.41,9.8749847,340.0
44.39,-121.99,9.8749847,1013.0
44.39,-121.99,9.8749847,1013.0
44.54,-121.96,9.8749847,1255.0
43.76,-122.43,9.5827484,537.0
44.22,-120.99,9.8749847,1045.0
44.73,-122.18,9.8749847,563.0
44.77,-122.56,9.8749847,229.0
44.89,-122.71,9.8163719,302.0
44.89,-122.71,9.8163719,302.0
44.61,-123.3,9.8749847,232.0
44.59,-120.92,9.8749847,1019.0
44.04,-122.93,9.8100004,167.0
43.95,-122.9,9.5827484,208.0
43.91,-121.36,9.8749847,1372.0
44.49,-122.85,9.8749847,180.0
44.24,-120.97,9.8749847,972.0
44.24,-120.97,9.8749847,972.0
44.19,-121.05,9.8749847,1003.0
45.08,-120.96,9.68153,808.0
44.49,-122.86,9.8749847,228.0
45.01,-122.66,9.831625,292.0
45.01,-122.66,9.831625,292.0
44.81,-120.73,9.8749847,736.0
44.43,-122.72,9.8749847,391.0
44.4,-122.65,9.8749847,242.0
44.33,-122.99,9.8749847,263.0
45.01,-123.51,9.831625,283.0
43.8,-123.88,9.5827484,57.0
44.58,-122.84,9.8749847,109.0
44.98,-122.65,9.831625,222.0
44.19,-123.83,9.8100004,239.0
44.71,-123.03,9.8749847,66.0
44.71,-123.03,9.8749847,66.0
43.67,-122.45,9.5827484,714.0
43.96,-122.84,9.5827484,183.0
45.03,-121.96,9.831625,736.0
44.78,-121.95,9.8749847,743.0
44.78,-121.95,9.8749847,743.0
44.78,-122.04,9.8749847,693.0
44.83,-121.88,9.8749847,1107.0
45.02,-122.01,9.831625,652.0
45.0,-122.06,9.831625,554.0
44.2,-122.05,9.8749847,747.0
44.15,-122.08,9.8749847,820.0
44.72,-121.91,9.8749847,1384.0
43.95,-122.03,9.5827484,905.0
43.72,-122.33,9.5827484,583.0
43.64,-122.19,9.5827484,1004.0
44.07,-122.02,9.8749847,868.0
44.63,-121.94,9.8749847,767.0
44.02,-122.16,9.8749847,843.0
44.02,-122.16,9.8749847,843.0
44.45,-122.83,9.8749847,329.0
44.62,-122.72,9.8749847,212.0
44.62,-122.72,9.8749847,212.0
44.61,-121.11,9.8749847,717.0
44.16,-122.24,9.8749847,406.0
44.47,-122.91,9.8749847,374.0
45.05,-122.62,9.831625,316.0
45.05,-122.62,9.831625,316.0
44.44,-122.99,9.8749847,225.0
44.3,-122.12,9.8749847,1038.0
46.85,-122.26,9.7773581,383.0
46.31,-119.76,9.5389538,1130.0
46.31,-119.76,9.5389538,1130.0
46.63,-123.23,9.7773581,111.0
46.52,-122.46,9.6252508,210.0
46.89,-120.39,9.7773581,785.0
46.61,-119.12,9.7773581,1383.0
46.37,-119.29,9.543684,1262.0
46.36,-119.27,9.543684,1165.0
46.36,-119.27,9.543684,1165.0
46.43,-119.28,9.543684,1139.0
46.44,-119.4,9.543684,963.0
45.86,-120.67,9.5405912,473.0
47.07,-122.22,9.7773581,204.0
46.55,-122.31,9.6252508,331.0
46.78,-122.26,9.7773581,503.0
45.71,-121.46,9.5560369,25.0
45.71,-121.31,9.5560369,164.0
46.6,-120.35,9.7773581,1547.0
46.52,-120.01,9.6252508,1060.0
46.42,-120.12,9.543684,1177.0
46.42,-120.12,9.543684,1177.0
46.48,-120.26,9.6252508,1080.0
48.43,-119.52,9.7773581,1807.0
46.78,-120.67,9.7773581,1303.0
46.55,-120.67,9.6252508,1247.0
46.55,-120.67,9.6252508,1247.0
46.53,-120.2,9.6252508,959.0
46.27,-119.45,9.5389538,988.0
45.73,-121.8,9.5560369,139.0
46.53,-120.33,9.6252508,959.0
46.14,-119.63,9.5399418,916.0
46.25,-119.4,9.546627,1011.0
45.82,-121.13,9.544672,203.0
45.96,-119.88,9.5455904,776.0
47.71,-121.14,9.7773581,952.0
47.71,-121.14,9.7773581,952.0
47.43,-121.41,9.7773581,989.0
46.65,-121.28,9.7773581,1122.0
45.81,-121.95,9.544672,377.0
46.67,-121.03,9.7773581,879.0
46.75,-120.64,9.7773581,1529.0
47.01,-121.7,9.7773581,854.0
46.04,-119.64,9.5455904,903.0
46.04,-119.64,9.5455904,903.0
45.92,-120.19,9.5405912,664.0
45.92,-120.19,9.5405912,664.0
45.88,-122.45,9.5405912,345.0
45.84,-122.53,9.544672,132.0
45.94,-122.71,9.5405912,67.0
47.0,-119.53,9.7773581,1620.0
45.99,-120.38,9.5455904,1024.0
45.99,-120.38,9.5455904,1024.0
45.99,-120.38,9.5455904,1024.0
47.45,-120.36,9.7773581,1943.0
46.46,-120.23,9.6252508,1274.0
46.6,-120.38,9.7773581,1547.0
45.83,-120.82,9.544672,346.0
45.83,-120.82,9.544672,346.0
45.76,-120.53,9.544672,590.0
46.54,-122.48,9.6252508,199.0
45.9,-122.66,9.5405912,143.0
45.61,-122.13,9.5370016,325.0
45.61,-122.13,9.5370016,325.0
45.88,-120.93,9.5405912,522.0
45.89,-122.5,9.5405912,235.0
45.7,-121.41,9.5560369,147.0
45.74,-121.18,9.5560369,539.0
45.7,-120.92,9.5560369,604.0
45.61,-122.18,9.5370016,300.0
45.61,-122.18,9.5370016,300.0
46.33,-120.78,9.5389538,1089.0
46.53,-122.55,9.6252508,183.0
45.7,-121.24,9.5560369,341.0
47.11,-120.68,9.7773581,1217.0
46.53,-122.56,9.6252508,132.0
46.28,-120.0,9.5389538,992.0
46.73,-120.76,9.7773581,1363.0
45.7,-121.42,9.5560369,211.0
46.67,-120.6,9.7773581,797.0
45.88,-120.69,9.5405912,522.0
45.88,-120.69,9.5405912,522.0
46.68,-120.75,9.7773581,937.0
46.3,-122.87,9.5389538,189.0
46.57,-123.03,9.7773581,198.0
47.16,-119.32,9.7773581,691.0
47.16,-119.32,9.7773581,691.0
46.51,-122.49,9.6252508,318.0
45.71,-121.87,9.5560369,191.0
45.82,-120.82,9.544672,443.0
45.74,-121.12,9.5560369,667.0
45.73,-121.11,9.5560369,606.0
45.61,-122.13,9.5370016,325.0
45.61,-122.13,9.5370016,325.0
46.82,-120.66,9.7773581,959.0
46.55,-122.58,9.6252508,270.0
45.73,-122.41,9.5560369,420.0
45.94,-120.97,9.5405912,702.0
46.44,-120.2,9.543684,963.0
45.74,-120.23,9.5560369,507.0
48.69,-119.5,9.57864,1093.0
45.6,-122.4,9.5370016,78.0
45.64,-122.44,9.5370016,97.0
46.55,-121.79,9.6252508,549.0
46.73,-121.85,9.7773581,722.0
45.64,-121.98,9.5370016,14.0
45.65,-121.95,9.5370016,13.0
45.65,-121.96,9.5370016,21.0
46.71,-121.58,9.7773581,593.0
46.62,-121.69,9.7773581,353.0
46.52,-121.94,9.6252508,277.0
46.27,-122.24,9.5389538,893.0
46.17,-122.27,9.546627,956.0
46.53,-122.84,9.6252508,171.0
46.54,-122.85,9.6252508,155.0
47.57,-120.16,9.7773581,1792.0
46.62,-122.23,9.7773581,409.0
46.43,-120.18,9.543684,1139.0
46.73,-120.78,9.7773581,1363.0
45.71,-121.88,9.5560369,196.0
46.41,-120.08,9.543684,1048.0
46.41,-120.08,9.543684,1048.0
45.77,-122.2,9.544672,600.0
45.77,-122.2,9.544672,600.0
45.77,-122.19,9.544672,696.0
45.77,-122.22,9.544672,1051.0
45.77,-122.2,9.544672,600.0
45.77,-122.2,9.544672,600.0
45.77,-122.2,9.544672,600.0
45.77,-122.2,9.544672,600.0
45.77,-122.2,9.544672,600.0
45.77,-122.2,9.544672,600.0
45.78,-122.2,9.544672,705.0
46.53,-122.82,9.6252508,176.0
46.54,-122.82,9.6252508,162.0
46.54,-122.82,9.6252508,162.0
46.53,-122.83,9.6252508,168.0
46.53,-122.83,9.6252508,168.0
46.54,-122.62,9.6252508,184.0
45.76,-121.54,9.544672,254.0
45.76,-121.54,9.544672,254.0
46.63,-120.41,9.7773581,1458.0
45.71,-121.89,9.5560369,179.0
47.12,-120.68,9.7773581,1217.0
45.91,-121.05,9.5405912,581.0
45.67,-122.38,9.5560369,368.0
45.77,-121.12,9.544672,651.0
46.62,-120.41,9.7773581,1217.0
47.24,-120.01,9.7773581,879.0
47.24,-120.01,9.7773581,879.0
45.82,-122.46,9.544672,223.0
46.83,-120.21,9.7773581,909.0
46.83,-120.21,9.7773581,909.0
39.51,-119.75,16.215477,1000.0
43.33,-119.57,9.4671307,1313.0
43.31,-119.54,9.4671307,1313.0
43.35,-119.67,9.4671307,1313.0
43.49,-119.54,9.5357075,1375.0
43.15,-119.72,9.2272873,1315.0
43.11,-119.73,8.97577,1331.0
40.42,-119.41,16.524179,1720.0
40.42,-119.4,16.524179,1720.0
40.37,-119.4,16.524179,1628.0
40.36,-119.4,16.524179,1618.0
40.36,-119.41,16.524179,1618.0
40.35,-119.36,16.524179,1611.0
40.35,-119.4,16.524179,1611.0
40.4,-119.4,16.524179,1680.0
40.4,-119.4,16.524179,1680.0
40.4,-119.41,16.524179,1680.0
40.4,-119.4,16.524179,1680.0
40.41,-119.4,16.524179,1699.0
39.86,-119.01,16.215477,1625.0
44.79,-122.57,9.8749847,244.0
44.4,-122.51,9.8749847,322.0
44.75,-122.39,9.8749847,330.0
44.4,-122.49,9.8749847,280.0
44.12,-122.41,9.8749847,326.0
44.75,-122.62,9.8749847,502.0
44.59,-122.37,9.8749847,506.0
44.12,-122.45,9.8749847,379.0
44.11,-122.43,9.8749847,313.0
39.91,-119.22,16.215477,1356.0
39.95,-119.2,16.215477,1124.0
39.95,-119.0,16.215477,1124.0
39.95,-119.02,16.215477,1124.0
39.96,-119.1,16.215477,1300.0
39.96,-119.07,16.215477,1300.0
39.96,-119.06,16.215477,1300.0
39.96,-119.04,16.215477,1300.0
39.96,-119.25,16.215477,1300.0
39.97,-119.01,16.215477,1338.0
39.97,-119.05,16.215477,1338.0
39.98,-119.02,16.215477,1258.0
39.98,-119.02,16.215477,1258.0
39.98,-119.11,16.215477,1258.0
39.99,-119.03,16.215477,1313.0
39.99,-119.05,16.215477,1313.0
39.99,-119.29,16.215477,1313.0
39.99,-119.03,16.215477,1313.0
39.99,-119.02,16.215477,1313.0
39.99,-119.01,16.215477,1313.0
40.0,-119.17,16.215477,1270.0
40.0,-119.05,16.215477,1270.0
44.31,-122.12,9.8749847,1012.0
46.74,-121.51,9.7773581,1069.0
46.71,-121.48,9.7773581,1104.0
46.71,-121.55,9.7773581,726.0
44.16,-122.25,9.8749847,376.0
46.68,-121.45,9.7773581,1229.0
46.66,-121.51,9.7773581,974.0
46.67,-121.57,9.7773581,781.0
38.76,-119.15,16.215477,222.0
40.41,-119.4,16.524179,1699.0
40.39,-119.4,16.524179,1664.0
45.45,-121.16,9.5407829,477.0
40.39,-119.4,16.524179,1664.0
40.4,-119.4,16.524179,1680.0
40.41,-119.41,16.524179,1699.0
40.41,-119.4,16.524179,1699.0
40.41,-119.39,16.524179,1699.0
40.46,-119.42,16.524179,1735.0
40.45,-119.42,16.524179,1729.0
43.55,-119.95,9.5357075,1425.0
43.55,-119.95,9.5357075,1425.0
43.74,-121.29,9.5827484,1923.0
43.74,-121.29,9.5827484,1923.0
38.94,-122.97,17.939177,752.0
38.78,-122.7,17.580811,548.0
38.78,-122.7,17.580811,548.0
38.79,-122.7,17.580811,626.0
38.79,-122.7,17.580811,626.0
38.78,-122.69,17.580811,476.0
38.78,-122.69,17.580811,476.0
38.86,-122.89,17.834578,873.0
38.87,-122.87,17.834578,911.0
38.89,-122.92,17.834578,743.0
38.88,-122.95,17.834578,602.0
38.87,-122.9,17.834578,721.0
38.87,-122.9,17.834578,721.0
38.85,-122.92,17.834578,616.0
38.85,-122.92,17.834578,616.0
38.86,-122.9,17.834578,719.0
38.87,-122.92,17.834578,930.0
38.92,-122.95,17.834578,862.0
38.9,-122.91,17.834578,822.0
38.92,-122.8,17.834578,631.0
38.9,-122.8,17.834578,774.0
38.8,-122.68,17.580811,848.0
40.44,-119.41,16.524179,1728.0
40.44,-119.41,16.524179,1728.0
40.44,-119.41,16.524179,1728.0
40.44,-119.41,16.524179,1728.0
40.44,-119.42,16.524179,1728.0
40.36,-119.39,16.524179,1618.0
40.43,-119.41,16.524179,1735.0
40.43,-119.4,16.524179,1735.0
40.44,-119.39,16.524179,1728.0
40.45,-119.4,16.524179,1729.0
40.44,-119.4,16.524179,1728.0
40.45,-119.4,16.524179,1729.0
40.46,-119.41,16.524179,1735.0
40.34,-119.39,16.524179,1604.0
39.72,-119.02,16.215477,1656.0
40.34,-119.43,16.524179,1604.0
40.38,-119.4,16.524179,1650.0
40.41,-119.43,16.524179,1699.0
40.42,-119.43,16.524179,1720.0
40.42,-119.41,16.524179,1720.0
40.44,-119.43,16.524179,1728.0
40.35,-119.42,16.524179,1611.0
40.39,-119.41,16.524179,1664.0
40.36,-119.42,16.524179,1618.0
40.36,-119.43,16.524179,1618.0
40.38,-119.44,16.524179,1650.0
40.39,-119.44,16.524179,1664.0
40.39,-119.44,16.524179,1664.0
40.34,-119.42,16.524179,1604.0
40.34,-119.4,16.524179,1604.0
40.37,-119.39,16.524179,1628.0
39.54,-119.74,16.215477,1209.0
40.36,-119.39,16.524179,1618.0
40.33,-119.41,16.524179,1592.0
40.39,-119.4,16.524179,1664.0
40.38,-119.39,16.524179,1650.0
40.38,-119.39,16.524179,1650.0
40.38,-119.39,16.524179,1650.0
40.38,-119.4,16.524179,1650.0
40.38,-119.39,16.524179,1650.0
40.37,-119.38,16.524179,1628.0
40.39,-119.39,16.524179,1664.0
40.4,-119.39,16.524179,1680.0
40.38,-119.4,16.524179,1650.0
40.41,-119.39,16.524179,1699.0
40.41,-119.39,16.524179,1699.0
40.38,-119.39,16.524179,1650.0
40.38,-119.39,16.524179,1650.0
45.66,-121.33,9.5560369,380.0
43.75,-121.27,9.5827484,2104.0
45.03,-121.97,9.831625,679.0
43.74,-121.29,9.5827484,1923.0
43.74,-121.29,9.5827484,1923.0
43.74,-121.29,9.5827484,1923.0
40.37,-119.4,16.524179,1628.0
41.74,-121.31,8.7112598,1262.0
41.72,-121.3,17.755274,1263.0
41.72,-121.3,17.755274,1263.0
38.78,-122.72,17.580811,683.0
38.78,-122.7,17.580811,548.0
38.77,-122.73,17.580811,1000.0
38.77,-122.72,17.580811,799.0
38.78,-122.69,17.580811,476.0
42.23,-121.76,8.7200031,1293.0
38.76,-122.67,17.580811,610.0
38.76,-122.67,17.580811,610.0
38.76,-122.68,17.580811,728.0
38.77,-122.69,17.580811,464.0
38.77,-122.66,17.580811,388.0
43.8,-122.42,9.5827484,720.0
38.77,-122.85,17.725136,845.0
38.82,-122.87,17.725136,374.0
38.8,-122.89,17.725136,361.0
38.8,-122.87,17.725136,567.0
38.79,-122.84,17.725136,624.0
38.78,-122.86,17.725136,699.0
38.78,-122.8,17.725136,907.0
38.78,-122.79,17.725136,828.0
38.77,-122.79,17.725136,928.0
38.77,-122.77,17.725136,930.0
38.82,-122.89,17.834578,528.0
42.23,-121.76,8.7200031,1293.0
40.68,-119.36,16.676729,1699.0
39.79,-119.02,16.215477,1359.0
40.88,-119.34,16.815744,1384.0
40.87,-119.33,16.815744,1374.0
40.7,-119.35,16.676729,1749.0
39.76,-119.01,16.215477,1678.0
39.8,-119.01,16.215477,1160.0
39.81,-119.0,16.215477,1493.0
40.65,-119.39,16.676729,1753.0
39.78,-119.02,16.215477,1604.0
39.78,-119.01,16.215477,1604.0
40.65,-119.35,16.676729,1753.0
40.65,-119.37,16.676729,1753.0
40.66,-119.38,16.676729,1719.0
39.81,-119.02,16.215477,1493.0
40.65,-119.39,16.676729,1753.0
40.64,-119.41,16.676729,1838.0
39.78,-119.02,16.215477,1604.0
40.78,-119.34,16.815744,1761.0
38.78,-122.67,17.580811,496.0
38.78,-122.66,17.580811,528.0
38.77,-122.64,17.580811,366.0
45.02,-122.01,9.831625,652.0
45.02,-122.01,9.831625,652.0
38.74,-122.69,17.580811,720.0
38.74,-122.69,17.580811,720.0
38.68,-122.55,17.50819,659.0
38.68,-122.55,17.50819,659.0
38.69,-122.61,17.50819,540.0
38.69,-122.52,17.50819,566.0
38.69,-122.54,17.50819,694.0
38.67,-122.58,17.50819,549.0
38.67,-122.56,17.50819,838.0
38.68,-122.55,17.50819,659.0
38.68,-122.53,17.50819,770.0
38.68,-122.53,17.50819,770.0
38.69,-122.51,17.50819,598.0
38.69,-122.51,17.50819,598.0
38.68,-122.47,17.50819,401.0
38.68,-122.5,17.50819,494.0
38.67,-122.55,17.50819,814.0
38.67,-122.5,17.50819,338.0
38.67,-122.52,17.50819,366.0
38.67,-122.54,17.50819,666.0
38.66,-122.54,17.50819,664.0
38.66,-122.55,17.50819,724.0
38.65,-122.53,17.50819,735.0
38.65,-122.52,17.50819,692.0
38.65,-122.5,17.50819,382.0
38.66,-122.49,17.50819,299.0
38.66,-122.51,17.50819,546.0
38.67,-122.47,17.50819,233.0
38.64,-122.47,17.50819,238.0
38.6,-122.47,17.370102,660.0
38.56,-122.52,17.370102,86.0
38.55,-122.5,17.370102,83.0
38.65,-122.51,17.50819,512.0
38.66,-122.56,17.50819,797.0
38.66,-122.57,17.50819,644.0
38.66,-122.58,17.50819,643.0
38.67,-122.6,17.50819,640.0
38.74,-122.56,17.580811,337.0
38.67,-122.57,17.50819,719.0
38.62,-122.59,17.50819,199.0
46.85,-122.26,9.7773581,383.0
46.31,-119.76,9.5389538,1130.0
38.9,-122.86,17.834578,581.0
38.86,-122.85,17.834578,1005.0
38.86,-122.86,17.834578,912.0
38.86,-122.88,17.834578,992.0
38.85,-122.9,17.834578,775.0
38.85,-122.9,17.834578,775.0
38.84,-122.88,17.834578,600.0
38.85,-122.87,17.834578,779.0
38.84,-122.86,17.834578,436.0
38.87,-122.9,17.834578,721.0
38.85,-122.84,17.725136,805.0
38.84,-122.83,17.725136,677.0
38.9,-122.86,17.834578,581.0
38.83,-122.84,17.725136,669.0
38.83,-122.85,17.725136,693.0
38.83,-122.88,17.834578,507.0
38.82,-122.86,17.725136,417.0
38.84,-122.88,17.834578,600.0
38.85,-122.81,17.725136,897.0
38.86,-122.9,17.834578,719.0
38.87,-122.86,17.834578,989.0
38.88,-122.85,17.834578,654.0
38.87,-122.89,17.834578,749.0
38.87,-122.88,17.834578,836.0
38.87,-122.86,17.834578,989.0
38.86,-122.83,17.725136,940.0
41.84,-121.33,8.7181835,1231.0
42.21,-122.71,8.7200031,540.0
42.21,-122.71,8.7200031,540.0
45.25,-121.12,9.5008411,334.0
38.75,-122.68,17.580811,855.0
39.0,-122.65,17.725136,546.0
45.86,-120.67,9.5405912,473.0
46.78,-122.26,9.7773581,503.0
40.6,-119.45,16.676729,1743.0
40.6,-119.45,16.676729,1743.0
39.79,-119.01,16.215477,1359.0
40.64,-119.41,16.676729,1838.0
39.79,-119.02,16.215477,1359.0
40.66,-119.35,16.676729,1719.0
39.79,-119.02,16.215477,1359.0
39.79,-119.02,16.215477,1359.0
39.79,-119.01,16.215477,1359.0
39.79,-119.01,16.215477,1359.0
40.37,-119.4,16.524179,1628.0
39.79,-119.01,16.215477,1359.0
46.89,-120.39,9.7773581,785.0
46.61,-119.12,9.7773581,1383.0
43.16,-124.22,9.2272873,9.0
43.15,-124.22,8.97577,95.0
46.36,-119.27,9.543684,1165.0
46.43,-119.28,9.543684,1139.0
46.44,-119.4,9.543684,963.0
42.15,-121.68,8.7200031,1249.0
44.78,-121.98,9.8749847,707.0
47.07,-122.22,9.7773581,204.0
43.47,-119.86,9.5357075,1354.0
43.52,-119.72,9.5357075,1406.0
43.22,-119.25,9.2272873,1314.0
43.44,-119.02,9.5350513,1341.0
43.19,-119.89,9.2272873,1314.0
43.71,-119.93,9.5827484,1509.0
43.66,-119.94,9.5827484,1715.0
43.62,-120.47,9.5827484,1540.0
42.06,-121.62,8.7200031,1245.0
38.8,-122.71,17.725136,761.0
44.45,-122.8,9.8749847,158.0
40.91,-119.09,16.676729,1424.0
45.18,-121.07,9.5008411,370.0
48.68,-126.87,5.5437579,-1256.0
48.69,-126.87,5.5437579,-1242.0
48.69,-126.87,5.5437579,-1242.0
48.69,-126.87,5.5437579,-1242.0
48.69,-126.88,5.5437579,-1285.0
48.69,-126.86,5.5437579,-1202.0
48.69,-126.87,5.5437579,-1242.0
48.69,-126.88,5.5437579,-1285.0
44.14,-122.02,9.8749847,1041.0
44.14,-122.02,9.8749847,1041.0
43.66,-119.08,9.5827484,1715.0
43.66,-119.08,9.5827484,1715.0
43.66,-119.08,9.5827484,1715.0
43.72,-119.09,9.8749847,1506.0
43.72,-119.09,9.8749847,1506.0
44.22,-122.05,9.8749847,645.0
44.22,-122.05,9.8749847,645.0
44.2,-122.03,9.8749847,659.0
44.16,-122.09,9.8749847,634.0
44.16,-122.09,9.8749847,634.0
45.84,-119.67,9.544672,370.0
38.91,-122.77,17.725136,715.0
38.81,-122.68,17.580811,1093.0
39.0,-122.67,17.725136,481.0
45.73,-122.44,9.5560369,258.0
38.75,-122.65,17.580811,430.0
41.19,-120.95,18.00329,1275.0
41.21,-119.06,16.815744,1284.0
40.88,-119.1,16.676729,1384.0
40.87,-119.17,16.676729,1374.0
41.12,-120.95,18.00329,1353.0
41.09,-121.0,18.00329,1583.0
41.09,-121.0,18.00329,1583.0
41.11,-121.09,18.00329,1262.0
41.08,-119.02,16.815744,1531.0
41.11,-121.09,18.00329,1262.0
41.1,-121.19,18.00329,1256.0
41.1,-121.19,18.00329,1256.0
41.1,-121.19,18.00329,1256.0
41.09,-121.16,18.00329,1255.0
41.02,-119.06,16.676729,1554.0
41.17,-121.05,18.00329,1268.0
43.58,-120.01,9.5827484,1478.0
43.52,-120.03,9.5357075,1406.0
43.48,-120.1,9.5357075,1363.0
41.11,-121.11,18.00329,1260.0
40.91,-119.14,16.676729,1424.0
45.71,-121.31,9.5560369,164.0
39.03,-122.66,17.725136,527.0
39.03,-122.66,17.725136,527.0
40.78,-119.34,16.815744,1761.0
40.87,-119.34,16.815744,1374.0
40.71,-119.33,16.676729,1765.0
40.76,-119.32,16.676729,1896.0
40.78,-119.36,16.815744,1761.0
40.9,-119.36,16.815744,1364.0
40.87,-119.27,16.815744,1374.0
40.81,-119.22,16.676729,1693.0
40.84,-119.24,16.676729,1556.0
40.92,-119.37,16.815744,1479.0
40.93,-119.4,16.951086,1637.0
40.69,-119.3,16.676729,1725.0
40.87,-119.23,16.815744,1374.0
40.73,-119.25,16.676729,1942.0
40.77,-119.25,16.676729,1842.0
40.8,-119.29,16.676729,1683.0
40.78,-119.3,16.676729,1761.0
40.81,-119.34,16.815744,1693.0
44.8,-121.91,9.8749847,899.0
44.8,-121.91,9.8749847,899.0
42.02,-123.84,8.7200031,1078.0
44.6,-122.06,9.8749847,1242.0
42.19,-120.34,8.7200031,1576.0
48.67,-126.85,5.752306,-1275.0
48.67,-126.85,5.752306,-1275.0
48.67,-126.85,5.752306,-1275.0
48.67,-126.85,5.752306,-1275.0
48.67,-126.85,5.752306,-1275.0
48.67,-126.85,5.752306,-1275.0
48.67,-126.85,5.752306,-1275.0
48.67,-126.85,5.752306,-1275.0
48.67,-126.85,5.752306,-1275.0
48.67,-126.85,5.752306,-1275.0
48.67,-126.85,5.752306,-1275.0
48.67,-126.85,5.752306,-1275.0
48.67,-126.85,5.752306,-1275.0
48.67,-126.85,5.752306,-1275.0
42.23,-121.76,8.7200031,1293.0
42.64,-119.09,8.7200031,1796.0
39.16,-119.77,16.215477,706.0
45.36,-121.94,9.5483627,575.0
42.9,-121.99,8.5052891,1884.0
42.9,-121.99,8.5052891,1884.0
45.63,-121.36,9.5370016,419.0
46.15,-123.88,9.5399418,9.0
46.6,-120.35,9.7773581,1547.0
46.52,-120.01,9.6252508,1060.0
40.36,-119.4,16.524179,1618.0
40.38,-119.4,16.524179,1650.0
40.42,-119.44,16.524179,1720.0
40.36,-119.42,16.524179,1618.0
40.38,-119.44,16.524179,1650.0
39.39,-119.71,16.215477,809.0
38.76,-122.65,17.580811,387.0
38.74,-122.66,17.580811,469.0
38.73,-122.65,17.580811,413.0
38.73,-122.66,17.580811,403.0
38.73,-122.66,17.580811,403.0
38.73,-122.65,17.580811,413.0
38.99,-122.62,17.725136,467.0
38.98,-122.62,17.725136,436.0
39.01,-122.6,17.725136,571.0
38.99,-122.65,17.725136,618.0
39.03,-122.65,17.725136,580.0
39.01,-122.64,17.725136,533.0
38.99,-122.65,17.725136,618.0
38.99,-122.63,17.725136,465.0
38.99,-122.64,17.725136,554.0
43.88,-122.37,9.5827484,632.0
45.65,-123.17,9.5370016,131.0
42.66,-119.74,8.7200031,1763.0
45.09,-122.09,9.68153,611.0
44.8,-121.88,9.8749847,892.0
44.45,-121.99,9.8749847,1088.0
44.46,-121.98,9.8749847,1140.0
44.41,-122.04,9.8749847,1014.0
39.03,-122.57,17.725136,365.0
45.09,-122.25,9.68153,1320.0
45.03,-122.16,9.831625,881.0
44.93,-122.15,9.8163719,1047.0
44.97,-122.14,9.831625,666.0
45.0,-122.13,9.831625,1222.0
38.77,-122.97,17.834578,107.0
42.09,-121.7,8.7200031,1245.0
39.7,-122.88,18.00329,1503.0
42.7,-120.57,8.7200031,1656.0
42.69,-120.57,8.7200031,1661.0
44.44,-122.12,9.8749847,1006.0
39.39,-119.78,16.215477,809.0
45.9,-119.22,9.5405912,574.0
39.6,-119.05,16.215477,1293.0
39.7,-119.1,16.215477,1690.0
39.53,-119.0,16.215477,1141.0
39.6,-119.1,16.215477,1293.0
43.8,-122.42,9.5827484,720.0
44.06,-122.79,9.8100004,184.0
42.2,-121.74,8.7200031,1253.0
42.24,-120.36,8.7200031,1734.0
40.38,-120.64,17.370102,1650.0
47.51,-121.35,9.7773581,858.0
47.68,-121.65,9.7773581,1142.0
48.61,-120.38,9.57864,1988.0
44.8,-124.06,9.8749847,88.0
45.47,-121.2,9.5407829,369.0
45.98,-121.62,9.5455904,907.0
46.13,-121.77,9.5399418,1207.0
46.05,-121.75,9.5455904,1233.0
46.58,-119.52,9.7773581,1366.0
39.79,-119.01,16.215477,1359.0
39.82,-119.0,16.215477,1288.0
40.65,-119.37,16.676729,1753.0
40.67,-119.37,16.676729,1698.0
39.8,-119.01,16.215477,1160.0
39.78,-119.01,16.215477,1604.0
39.79,-119.02,16.215477,1359.0
41.75,-121.3,8.7112598,1274.0
40.32,-119.04,16.215477,1574.0
40.41,-119.02,16.215477,1699.0
40.17,-119.17,16.215477,1390.0
40.22,-119.2,16.215477,1868.0
40.5,-119.02,16.364212,1788.0
40.6,-119.09,16.364212,1743.0
40.26,-119.09,16.215477,1621.0
40.31,-119.13,16.215477,1560.0
40.38,-119.24,16.364212,1650.0
40.3,-119.23,16.364212,1543.0
40.4,-119.12,16.364212,1680.0
40.47,-119.12,16.364212,1746.0
40.49,-119.21,16.524179,1783.0
40.57,-119.18,16.524179,1846.0
37.51,-122.13,16.364212,25.0
43.78,-121.46,9.5827484,1280.0
43.67,-120.02,9.5827484,1778.0
46.35,-121.59,9.543684,938.0
46.34,-121.7,9.5389538,750.0
46.35,-121.55,9.543684,1270.0
46.11,-121.32,9.5399418,905.0
46.02,-121.6,9.5455904,980.0
45.81,-121.95,9.544672,377.0
46.72,-121.51,9.7773581,1048.0
46.39,-121.54,9.543684,1011.0
46.3,-121.71,9.5389538,895.0
46.23,-121.66,9.546627,1247.0
46.2,-121.83,9.546627,773.0
45.8,-121.67,9.544672,547.0
48.77,-121.81,9.2849312,2860.0
48.77,-121.81,9.2849312,2860.0
46.65,-121.33,9.7773581,1254.0
46.14,-119.63,9.5399418,916.0
46.25,-119.4,9.546627,1011.0
45.96,-119.88,9.5455904,776.0
47.71,-121.14,9.7773581,952.0
47.72,-121.12,9.7773581,875.0
47.43,-121.41,9.7773581,989.0
46.65,-121.28,9.7773581,1122.0
45.81,-121.95,9.544672,377.0
47.03,-121.7,9.7773581,790.0
45.92,-120.19,9.5405912,664.0
42.22,-122.74,8.7200031,538.0
42.2,-122.71,8.7200031,564.0
42.22,-122.74,8.7200031,538.0
42.22,-122.74,8.7200031,538.0
42.12,-122.38,8.7200031,1098.0
42.12,-122.38,8.7200031,1098.0
42.2,-122.7,8.7200031,548.0
42.2,-122.7,8.7200031,548.0
42.19,-122.69,8.7200031,596.0
42.19,-122.69,8.7200031,596.0
42.18,-122.67,8.7200031,626.0
37.63,-119.08,16.19442,43.0
39.41,-119.75,16.215477,719.0
45.84,-122.53,9.544672,132.0
42.16,-121.7,8.7200031,1252.0
39.79,-119.01,16.215477,1359.0
42.1,-121.9,8.7200031,1244.0
42.15,-121.68,8.7200031,1249.0
40.73,-124.21,8.9923286,34.0
43.93,-122.91,9.5827484,234.0
42.09,-120.06,18.00329,1649.0
44.55,-121.96,9.8749847,1222.0
44.98,-121.85,9.831625,925.0
44.91,-121.88,9.8163719,893.0
40.65,-119.38,16.676729,1753.0
40.9,-119.31,16.815744,1364.0
40.93,-119.32,16.815744,1637.0
40.98,-119.33,16.951086,1711.0
40.66,-119.35,16.676729,1719.0
40.67,-119.36,16.676729,1698.0
40.8,-119.33,16.815744,1683.0
40.83,-119.33,16.815744,1591.0
40.88,-119.33,16.815744,1384.0
40.89,-119.32,16.815744,1352.0
40.89,-119.31,16.815744,1352.0
40.91,-119.32,16.815744,1424.0
43.76,-122.43,9.5827484,537.0
45.12,-122.16,9.68153,458.0
40.85,-119.34,16.815744,1481.0
40.85,-119.33,16.815744,1481.0
40.87,-119.31,16.815744,1374.0
40.79,-119.34,16.815744,1758.0
39.89,-119.13,16.215477,1539.0
39.84,-119.12,16.215477,1459.0
39.9,-119.11,16.215477,1377.0
39.89,-119.09,16.215477,1539.0
39.98,-119.05,16.215477,1258.0
39.92,-119.09,16.215477,1404.0
39.94,-119.05,16.215477,1334.0
39.96,-119.01,16.215477,1300.0
39.96,-119.02,16.215477,1300.0
39.94,-119.02,16.215477,1334.0
45.63,-121.48,9.5370016,457.0
44.73,-122.18,9.8749847,563.0
39.43,-123.73,18.287436,91.0
37.65,-122.01,16.364212,40.0
43.58,-119.93,9.5827484,1478.0
43.54,-119.91,9.5357075,1414.0
43.51,-119.91,9.5357075,1400.0
43.51,-119.96,9.5357075,1400.0
43.5,-119.01,9.5357075,1384.0
43.51,-120.09,9.5357075,1400.0
43.54,-120.13,9.5357075,1414.0
43.58,-120.1,9.5827484,1478.0
43.6,-120.01,9.5827484,1529.0
43.54,-120.01,9.5357075,1414.0
43.59,-120.14,9.5827484,1493.0
43.62,-120.07,9.5827484,1540.0
43.6,-119.93,9.5827484,1529.0
43.57,-119.88,9.5827484,1452.0
43.57,-119.97,9.5827484,1452.0
43.56,-120.0,9.5827484,1440.0
43.55,-119.99,9.5357075,1425.0
43.58,-120.05,9.5827484,1478.0
43.64,-119.98,9.5827484,1561.0
43.55,-119.98,9.5357075,1425.0
43.57,-120.18,9.5827484,1452.0
43.5,-119.82,9.5357075,1384.0
43.55,-119.91,9.5357075,1425.0
43.52,-120.15,9.5357075,1406.0
43.5,-119.91,9.5357075,1384.0
43.56,-119.97,9.5827484,1440.0
43.56,-119.96,9.5827484,1440.0
43.47,-119.89,9.5357075,1354.0
43.47,-119.89,9.5357075,1354.0
43.51,-119.9,9.5357075,1400.0
43.51,-119.9,9.5357075,1400.0
43.52,-120.0,9.5357075,1406.0
43.55,-119.84,9.5357075,1425.0
43.57,-119.88,9.5827484,1452.0
43.65,-119.92,9.5827484,1646.0
43.48,-120.1,9.5357075,1363.0
43.52,-120.03,9.5357075,1406.0
43.52,-119.7,9.5357075,1406.0
43.53,-119.97,9.5357075,1409.0
43.56,-119.95,9.5827484,1440.0
43.51,-119.96,9.5357075,1400.0
43.55,-120.01,9.5357075,1425.0
43.54,-119.96,9.5357075,1414.0
43.56,-119.93,9.5827484,1440.0
43.54,-119.92,9.5357075,1414.0
43.51,-119.95,9.5357075,1400.0
38.82,-122.89,17.834578,528.0
38.78,-122.87,17.725136,707.0
38.79,-122.86,17.725136,443.0
38.78,-122.85,17.725136,720.0
38.81,-122.62,17.580811,355.0
38.78,-122.62,17.580811,390.0
38.79,-122.62,17.580811,436.0
38.77,-122.63,17.580811,390.0
38.76,-122.61,17.580811,329.0
38.77,-122.63,17.580811,390.0
38.8,-122.62,17.580811,376.0
38.79,-122.62,17.580811,436.0
38.75,-122.64,17.580811,355.0
43.64,-121.24,9.5827484,1789.0
43.64,-121.24,9.5827484,1789.0
43.83,-121.25,9.5827484,1747.0
43.83,-121.25,9.5827484,1747.0
38.92,-122.88,17.834578,493.0
38.9,-122.87,17.834578,644.0
38.75,-122.59,17.580811,341.0
38.73,-122.61,17.580811,431.0
38.87,-122.91,17.834578,789.0
38.89,-122.9,17.834578,806.0
40.61,-119.4,16.676729,1751.0
40.62,-119.37,16.676729,1813.0
38.89,-122.9,17.834578,806.0
38.9,-122.91,17.834578,822.0
38.8,-122.89,17.725136,361.0
38.8,-122.59,17.580811,409.0
38.9,-122.57,17.580811,481.0
38.9,-122.56,17.580811,494.0
38.71,-122.68,17.580811,864.0
42.19,-121.71,8.7200031,1262.0
42.03,-120.3,18.00329,1487.0
44.77,-122.56,9.8749847,229.0
46.61,-120.38,9.7773581,1383.0
43.8,-123.88,9.5827484,57.0
43.21,-123.25,9.2272873,189.0
43.21,-123.25,9.2272873,189.0
46.54,-122.48,9.6252508,199.0
40.77,-119.13,16.524179,1842.0
40.77,-119.17,16.676729,1842.0
40.77,-119.15,16.676729,1842.0
40.77,-119.15,16.676729,1842.0
40.77,-119.15,16.676729,1842.0
40.77,-119.15,16.676729,1842.0
40.71,-119.29,16.676729,1765.0
40.77,-119.22,16.676729,1842.0
39.52,-119.75,16.215477,743.0
40.82,-119.17,16.676729,1638.0
40.84,-119.14,16.676729,1556.0
40.8,-119.13,16.676729,1683.0
40.77,-119.18,16.676729,1842.0
45.6,-119.6,9.5370016,299.0
45.9,-122.66,9.5405912,143.0
40.55,-124.18,9.0263643,67.0
40.77,-119.25,16.676729,1842.0
42.49,-123.38,8.1746902,358.0
40.65,-119.35,16.676729,1753.0
39.97,-119.03,16.215477,1338.0
39.99,-119.35,16.215477,1313.0
40.0,-119.07,16.215477,1270.0
39.98,-119.04,16.215477,1258.0
39.98,-119.01,16.215477,1258.0
39.96,-119.07,16.215477,1300.0
39.96,-119.06,16.215477,1300.0
39.38,-119.73,16.215477,847.0
39.4,-119.75,16.215477,873.0
39.39,-119.75,16.215477,809.0
39.39,-119.75,16.215477,809.0
39.39,-119.75,16.215477,809.0
39.4,-119.75,16.215477,873.0
39.39,-119.77,16.215477,809.0
39.39,-119.75,16.215477,809.0
39.39,-119.75,16.215477,809.0
39.39,-119.75,16.215477,809.0
39.59,-119.11,16.215477,1287.0
38.87,-122.73,17.725136,939.0
38.92,-122.8,17.834578,631.0
41.86,-123.37,8.7200031,896.0
44.61,-123.3,9.8749847,232.0
45.65,-121.47,9.5370016,619.0
44.59,-120.92,9.8749847,1019.0
39.41,-119.75,16.215477,719.0
42.46,-121.37,8.7200031,1310.0
42.46,-121.37,8.7200031,1310.0
39.5,-119.75,16.215477,1055.0
42.22,-120.35,8.7200031,1640.0
42.22,-120.35,8.7200031,1640.0
40.71,-119.43,16.815744,1765.0
44.25,-120.97,9.8749847,956.0
44.24,-120.97,9.8749847,972.0
43.21,-119.04,9.2272873,1314.0
43.21,-119.0,9.2272873,1314.0
38.85,-122.8,17.725136,793.0
42.18,-121.7,8.7200031,1263.0
42.22,-120.36,8.7200031,1640.0
38.77,-122.82,17.725136,638.0
37.49,-119.3,16.19442,43.0
43.95,-122.9,9.5827484,208.0
42.13,-121.74,8.7200031,1248.0
39.05,-122.74,17.834578,671.0
38.94,-122.69,17.725136,482.0
43.69,-122.37,9.5827484,634.0
42.19,-121.77,8.7200031,1259.0
40.39,-119.42,16.524179,1664.0
40.39,-119.41,16.524179,1664.0
40.39,-119.42,16.524179,1664.0
42.17,-121.68,8.7200031,1266.0
45.7,-121.24,9.5560369,341.0
41.73,-121.67,8.7112598,1423.0
43.9,-121.36,9.5827484,1375.0
43.91,-121.36,9.8749847,1372.0
46.33,-120.78,9.5389538,1089.0
41.83,-121.55,8.7181835,1230.0
42.7,-122.6,8.0918245,682.0
42.7,-122.6,8.0918245,682.0
42.7,-122.6,8.0918245,682.0
42.7,-122.6,8.0918245,682.0
42.22,-120.36,8.7200031,1640.0
42.22,-120.36,8.7200031,1640.0
47.94,-128.9,0.43398958,-2399.0
47.92,-128.85,0.66285837,-2578.0
47.9,-128.74,0.91232389,-2630.0
47.74,-127.91,2.9722376,-2635.0
47.73,-127.88,2.9722376,-2641.0
47.87,-128.59,1.1679138,-2628.0
47.85,-128.47,1.414219,-2664.0
47.89,-128.66,0.91232389,-2619.0
47.79,-128.21,2.1661963,-2653.0
42.01,-121.82,8.7200031,1242.0
46.53,-122.56,9.6252508,132.0
42.19,-120.35,8.7200031,1576.0
39.51,-119.65,16.215477,1000.0
38.83,-121.17,16.676729,129.0
39.39,-119.72,16.215477,809.0
40.39,-121.54,18.00329,1924.0
40.36,-121.5,18.00329,1544.0
40.41,-121.45,18.00329,1948.0
40.37,-120.95,17.580811,1628.0
44.55,-122.03,9.8749847,1173.0
39.03,-122.43,17.580811,464.0
46.57,-120.17,9.7773581,1359.0
42.64,-122.82,8.1765585,490.0
42.64,-122.82,8.1765585,490.0
45.7,-121.42,9.5560369,211.0
39.39,-119.76,16.215477,809.0
42.37,-120.57,8.7200031,1372.0
41.63,-121.37,17.755274,1351.0
41.7,-121.35,17.755274,1283.0
41.7,-121.35,17.755274,1283.0
46.3,-122.87,9.5389538,189.0
42.22,-121.78,8.7200031,1242.0
46.58,-123.03,9.7773581,148.0
42.24,-121.77,8.7200031,1363.0
45.61,-121.23,9.5370016,266.0
42.38,-122.53,8.7200031,1126.0
47.17,-119.32,9.7773581,667.0
41.65,-121.18,17.755274,1341.0
41.56,-121.12,18.100437,1445.0
41.74,-121.87,8.7112598,1329.0
41.59,-121.96,8.7299252,1483.0
41.0,-120.89,18.00329,1678.0
41.27,-122.61,15.872827,1219.0
41.83,-121.25,8.7181835,1460.0
41.57,-122.88,8.7299252,858.0
41.56,-122.53,8.7299252,827.0
41.43,-122.5,8.7199984,1118.0
41.89,-122.4,8.7200031,792.0
41.98,-122.32,8.7200031,798.0
41.9,-122.53,8.7200031,653.0
41.95,-122.0,8.7200031,1294.0
41.73,-120.38,18.00329,1438.0
44.43,-122.72,9.8749847,391.0
42.18,-120.36,8.7200031,1575.0
42.18,-120.34,8.7200031,1575.0
42.22,-120.36,8.7200031,1640.0
43.53,-120.09,9.5357075,1409.0
40.41,-120.65,17.370102,1699.0
39.9,-119.16,16.215477,1377.0
39.9,-119.19,16.215477,1377.0
39.88,-119.22,16.215477,1492.0
39.91,-119.22,16.215477,1356.0
39.8,-119.3,16.215477,1160.0
39.94,-119.29,16.215477,1334.0
39.99,-119.23,16.215477,1313.0
39.85,-119.23,16.215477,1463.0
39.88,-119.24,16.215477,1492.0
39.9,-119.23,16.215477,1377.0
39.92,-119.21,16.215477,1404.0
39.91,-119.22,16.215477,1356.0
39.96,-119.28,16.215477,1300.0
39.95,-119.26,16.215477,1124.0
39.96,-119.26,16.215477,1300.0
39.96,-119.24,16.215477,1300.0
39.97,-119.25,16.215477,1338.0
39.92,-119.25,16.215477,1404.0
39.89,-119.29,16.215477,1539.0
39.89,-119.26,16.215477,1539.0
39.84,-119.26,16.215477,1459.0
39.86,-119.25,16.215477,1625.0
39.92,-119.2,16.215477,1404.0
39.88,-119.21,16.215477,1492.0
39.89,-119.21,16.215477,1539.0
39.92,-119.18,16.215477,1404.0
39.88,-119.18,16.215477,1492.0
39.93,-119.19,16.215477,1414.0
39.82,-119.26,16.215477,1288.0
39.85,-119.31,16.215477,1463.0
39.88,-119.28,16.215477,1492.0
39.88,-119.31,16.215477,1492.0
39.83,-119.31,16.215477,1129.0
38.85,-122.76,17.725136,724.0
38.85,-122.76,17.725136,724.0
38.86,-122.77,17.725136,733.0
38.86,-122.78,17.725136,742.0
38.87,-122.77,17.725136,766.0
38.86,-122.75,17.725136,771.0
38.86,-122.75,17.725136,771.0
38.94,-122.76,17.834578,594.0
42.21,-122.68,8.7200031,614.0
40.21,-119.15,16.215477,1626.0
40.23,-119.14,16.215477,2091.0
40.19,-119.18,16.215477,1352.0
40.21,-119.23,16.215477,1626.0
40.22,-119.22,16.215477,1868.0
40.25,-119.21,16.215477,1759.0
45.71,-121.87,9.5560369,191.0
45.32,-121.8,9.5414743,1046.0
45.41,-121.82,9.5483627,971.0
45.37,-121.82,9.5483627,870.0
45.28,-121.74,9.5414743,1144.0
43.32,-119.7,9.4671307,1313.0
43.31,-119.77,9.4671307,1313.0
43.32,-119.71,9.4671307,1313.0
43.21,-119.52,9.2272873,1314.0
43.2,-119.57,9.2272873,1314.0
43.1,-119.73,8.97577,1358.0
47.37,-120.3,9.7773581,1671.0
39.39,-119.75,16.215477,809.0
39.39,-119.75,16.215477,809.0
39.39,-119.76,16.215477,809.0
39.91,-119.22,16.215477,1356.0
44.33,-122.99,9.8749847,263.0
45.75,-121.12,9.5560369,668.0
43.75,-122.47,9.5827484,367.0
43.75,-122.47,9.5827484,367.0
44.15,-122.54,9.8749847,308.0
39.49,-119.8,16.215477,1209.0
44.19,-123.83,9.8100004,239.0
44.71,-123.03,9.8749847,66.0
38.89,-122.61,17.580811,449.0
38.89,-122.64,17.725136,548.0
38.9,-122.65,17.725136,524.0
38.91,-122.63,17.725136,444.0
38.88,-122.72,17.725136,808.0
38.95,-122.85,17.834578,470.0
38.76,-122.64,17.580811,347.0
38.99,-122.82,17.834578,413.0
38.76,-122.64,17.580811,347.0
38.8,-122.56,17.580811,296.0
38.88,-122.62,17.580811,445.0
38.88,-122.62,17.580811,445.0
46.15,-124.41,9.5399418,-125.0
44.22,-124.47,9.8100004,-98.0
44.5,-124.42,9.8749847,-58.0
44.86,-124.28,9.8163719,-128.0
43.26,-124.59,9.4671307,-110.0
44.06,-124.65,9.5543547,-125.0
45.44,-119.78,9.5483627,696.0
42.23,-121.77,8.7200031,1270.0
42.23,-121.77,8.7200031,1270.0
45.61,-122.13,9.5370016,325.0
37.25,-122.4,17.13776,-10.0
42.24,-121.78,8.7200031,1280.0
38.9,-122.86,17.834578,581.0
38.86,-122.87,17.834578,908.0
38.98,-122.89,17.834578,420.0
38.97,-122.89,17.834578,424.0
38.96,-122.81,17.834578,494.0
38.88,-122.78,17.725136,877.0
46.82,-120.66,9.7773581,959.0
45.73,-122.41,9.5560369,420.0
43.59,-122.23,9.5827484,1330.0
39.53,-119.76,16.215477,1141.0
39.53,-119.76,16.215477,1141.0
43.84,-119.9,9.8749847,1302.0
43.84,-119.9,9.8749847,1302.0
42.21,-120.36,8.7200031,1599.0
45.94,-120.97,9.5405912,702.0
44.27,-120.81,9.8749847,929.0
45.69,-120.13,9.5560369,662.0
38.1,-122.89,17.370102,243.0
38.85,-122.85,17.834578,767.0
38.84,-122.84,17.725136,544.0
39.74,-119.57,16.215477,1626.0
39.74,-119.59,16.215477,1626.0
39.74,-119.59,16.215477,1626.0
39.74,-119.58,16.215477,1626.0
39.81,-119.65,16.215477,1493.0
48.69,-119.5,9.57864,1093.0
44.84,-120.46,9.8749847,754.0
44.82,-120.56,9.8749847,744.0
44.84,-120.48,9.8749847,754.0
44.83,-120.49,9.8749847,726.0
44.82,-120.48,9.8749847,744.0
44.82,-120.54,9.8749847,744.0
44.86,-120.55,9.8163719,799.0
44.87,-120.55,9.8163719,779.0
45.03,-121.96,9.831625,736.0
44.78,-122.04,9.8749847,693.0
45.5,-122.31,9.5407829,94.0
45.02,-122.01,9.831625,652.0
44.2,-122.05,9.8749847,747.0
45.07,-121.96,9.68153,755.0
44.72,-121.91,9.8749847,1384.0
44.56,-121.61,9.8749847,974.0
44.56,-121.61,9.8749847,974.0
43.72,-122.42,9.5827484,532.0
43.72,-122.42,9.5827484,532.0
45.52,-122.27,9.5407829,196.0
45.51,-122.27,9.5407829,239.0
45.61,-122.0,9.5370016,159.0
43.72,-122.33,9.5827484,583.0
45.65,-121.95,9.5370016,13.0
45.34,-121.36,9.5414743,872.0
46.72,-121.58,9.7773581,701.0
46.52,-121.94,9.6252508,277.0
45.34,-121.92,9.5414743,503.0
45.28,-121.84,9.5414743,1095.0
45.5,-122.28,9.5407829,56.0
45.5,-122.28,9.5407829,56.0
46.17,-122.27,9.546627,956.0
46.55,-122.85,9.6252508,153.0
45.63,-121.95,9.5370016,105.0
45.63,-121.95,9.5370016,105.0
46.64,-121.39,9.7773581,1369.0
42.13,-121.8,8.7200031,1245.0
45.72,-119.02,9.5560369,488.0
38.84,-122.63,17.580811,548.0
38.86,-122.67,17.725136,638.0
38.85,-122.66,17.725136,600.0
38.85,-122.66,17.725136,600.0
44.45,-122.83,9.8749847,329.0
42.01,-121.63,8.7200031,1249.0
44.63,-122.72,9.8749847,209.0
38.7,-122.72,17.580811,410.0
39.48,-119.81,16.215477,1303.0
39.48,-119.79,16.215477,1303.0
39.48,-119.79,16.215477,1303.0
39.48,-119.81,16.215477,1303.0
39.48,-119.81,16.215477,1303.0
39.48,-119.81,16.215477,1303.0
39.48,-119.81,16.215477,1303.0
39.48,-119.83,16.215477,1303.0
39.48,-119.81,16.215477,1303.0
39.48,-119.81,16.215477,1303.0
39.48,-119.81,16.215477,1303.0
39.5,-119.83,16.215477,1055.0
39.48,-119.81,16.215477,1303.0
39.48,-119.81,16.215477,1303.0
39.58,-119.81,16.215477,1266.0
39.48,-119.79,16.215477,1303.0
39.48,-119.79,16.215477,1303.0
45.16,-122.11,9.5008411,436.0
42.04,-120.31,18.00329,1481.0
42.04,-120.31,18.00329,1481.0
39.39,-119.75,16.215477,809.0
45.68,-121.31,9.5560369,206.0
42.13,-121.92,8.7200031,1252.0
46.43,-119.78,9.543684,1139.0
42.45,-121.36,8.7200031,1312.0
39.54,-122.08,17.725136,31.0
39.54,-122.08,17.725136,31.0
39.62,-119.31,16.215477,1403.0
37.1,-119.73,16.19442,43.0
39.4,-120.88,16.815744,873.0
46.43,-120.18,9.543684,1139.0
39.45,-119.76,16.215477,1181.0
39.34,-119.74,16.215477,878.0
39.34,-119.73,16.215477,878.0
39.37,-119.75,16.215477,883.0
39.34,-119.78,16.215477,878.0
39.45,-119.72,16.215477,1181.0
39.39,-119.81,16.215477,809.0
39.43,-119.71,16.215477,1006.0
39.33,-119.76,16.215477,770.0
39.42,-119.76,16.215477,1008.0
39.37,-119.79,16.215477,883.0
39.43,-119.77,16.215477,1006.0
39.4,-119.75,16.215477,873.0
39.37,-119.77,16.215477,883.0
39.42,-119.74,16.215477,1008.0
39.44,-119.73,16.215477,1073.0
39.4,-119.74,16.215477,873.0
39.32,-119.75,16.215477,948.0
39.4,-119.77,16.215477,873.0
39.31,-119.7,16.215477,894.0
39.31,-119.77,16.215477,894.0
39.29,-119.74,16.215477,895.0
39.36,-119.82,16.215477,871.0
39.38,-119.84,16.215477,847.0
39.41,-119.8,16.215477,719.0
39.37,-119.73,16.215477,883.0
45.39,-122.36,9.5483627,163.0
40.38,-119.4,16.524179,1650.0
40.46,-119.4,16.524179,1735.0
40.37,-119.4,16.524179,1628.0
40.42,-119.41,16.524179,1720.0
40.43,-119.39,16.524179,1735.0
40.36,-119.43,16.524179,1618.0
40.39,-119.37,16.524179,1664.0
40.38,-119.37,16.524179,1650.0
40.44,-119.43,16.524179,1728.0
40.44,-119.42,16.524179,1728.0
40.43,-119.47,16.524179,1735.0
40.41,-119.48,16.524179,1699.0
40.39,-119.45,16.524179,1664.0
40.37,-119.47,16.524179,1628.0
40.34,-119.47,16.524179,1604.0
40.32,-119.46,16.524179,1574.0
40.34,-119.41,16.524179,1604.0
48.67,-126.86,5.5437579,-1270.0
48.69,-126.9,5.5437579,-1313.0
48.68,-126.88,5.5437579,-1277.0
48.68,-126.88,5.5437579,-1277.0
48.68,-126.88,5.5437579,-1277.0
48.67,-126.88,5.5437579,-1313.0
48.67,-126.88,5.5437579,-1313.0
48.67,-126.88,5.5437579,-1313.0
48.67,-126.88,5.5437579,-1313.0
48.67,-126.87,5.5437579,-1280.0
48.67,-126.87,5.5437579,-1280.0
48.67,-126.86,5.5437579,-1270.0
48.67,-126.87,5.5437579,-1280.0
48.66,-126.87,5.5437579,-1331.0
48.67,-126.86,5.5437579,-1270.0
48.68,-126.86,5.5437579,-1242.0
48.68,-126.86,5.5437579,-1242.0
48.68,-126.86,5.5437579,-1242.0
48.68,-126.87,5.5437579,-1256.0
48.68,-126.87,5.5437579,-1256.0
48.68,-126.87,5.5437579,-1256.0
48.65,-126.91,5.0980859,-1298.0
48.66,-126.89,5.5437579,-1316.0
48.67,-126.88,5.5437579,-1313.0
48.67,-126.88,5.5437579,-1313.0
48.67,-126.88,5.5437579,-1313.0
48.67,-126.88,5.5437579,-1313.0
48.67,-126.87,5.5437579,-1280.0
48.67,-126.87,5.5437579,-1280.0
48.67,-126.87,5.5437579,-1280.0
48.67,-126.87,5.5437579,-1280.0
48.68,-126.86,5.5437579,-1242.0
48.65,-126.91,5.0980859,-1298.0
48.68,-126.86,5.5437579,-1242.0
48.68,-126.86,5.5437579,-1242.0
48.67,-126.88,5.5437579,-1313.0
48.67,-126.88,5.5437579,-1313.0
48.67,-126.87,5.5437579,-1280.0
48.67,-126.87,5.5437579,-1280.0
48.67,-126.87,5.5437579,-1280.0
48.67,-126.87,5.5437579,-1280.0
48.67,-126.86,5.5437579,-1270.0
48.68,-126.86,5.5437579,-1242.0
48.65,-126.91,5.0980859,-1298.0
48.68,-126.86,5.5437579,-1242.0
48.68,-126.86,5.5437579,-1242.0
48.68,-126.86,5.5437579,-1242.0
48.68,-126.85,5.752306,-1234.0
48.68,-126.85,5.752306,-1234.0
48.68,-126.85,5.752306,-1234.0
48.68,-126.85,5.752306,-1234.0
48.68,-126.84,5.752306,-1338.0
48.68,-126.84,5.752306,-1338.0
48.69,-126.84,5.752306,-1369.0
48.65,-126.9,5.0980859,-1295.0
48.69,-126.84,5.752306,-1369.0
48.69,-126.84,5.752306,-1369.0
48.69,-126.83,5.752306,-1412.0
48.69,-126.83,5.752306,-1412.0
48.69,-126.82,5.752306,-1421.0
48.69,-126.82,5.752306,-1421.0
48.69,-126.82,5.752306,-1421.0
48.7,-126.82,5.752306,-1419.0
48.7,-126.82,5.752306,-1419.0
48.66,-126.9,5.5437579,-1272.0
48.7,-126.81,5.752306,-1413.0
48.7,-126.81,5.752306,-1413.0
48.71,-126.79,5.752306,-1310.0
48.71,-126.79,5.752306,-1310.0
48.66,-126.9,5.5437579,-1272.0
48.66,-126.9,5.5437579,-1272.0
48.66,-126.9,5.5437579,-1272.0
48.66,-126.89,5.5437579,-1316.0
39.4,-119.75,16.215477,873.0
44.19,-123.83,9.8100004,239.0
43.72,-121.29,9.5827484,1879.0
41.55,-122.26,8.7135773,1211.0
37.17,-120.07,16.19442,43.0
38.72,-122.69,17.580811,809.0
38.72,-122.69,17.580811,809.0
38.71,-122.72,17.580811,537.0
38.71,-122.73,17.580811,317.0
38.71,-122.76,17.580811,414.0
38.74,-122.73,17.580811,970.0
38.78,-122.68,17.580811,435.0
38.75,-122.78,17.725136,646.0
38.82,-122.9,17.834578,596.0
38.82,-122.91,17.834578,493.0
38.83,-122.9,17.834578,300.0
38.83,-122.9,17.834578,300.0
38.83,-122.92,17.834578,323.0
38.85,-122.91,17.834578,679.0
43.9,-121.03,9.8749847,1303.0
43.87,-121.01,9.5827484,1306.0
43.85,-120.99,9.5827484,1337.0
46.73,-120.78,9.7773581,1363.0
42.21,-121.72,8.7200031,1284.0
43.54,-121.6,9.5357075,1325.0
39.38,-119.73,16.215477,847.0
39.9,-119.1,16.215477,1377.0
39.6,-119.42,16.215477,1293.0
40.4,-119.41,16.524179,1680.0
39.63,-119.35,16.215477,1387.0
39.66,-119.17,16.215477,1613.0
39.67,-119.34,16.215477,1621.0
39.67,-119.17,16.215477,1621.0
39.87,-119.13,16.215477,1533.0
39.93,-119.07,16.215477,1414.0
39.9,-119.06,16.215477,1377.0
39.64,-119.4,16.215477,1260.0
39.89,-119.06,16.215477,1539.0
39.91,-119.14,16.215477,1356.0
39.91,-119.06,16.215477,1356.0
39.93,-119.07,16.215477,1414.0
39.65,-119.26,16.215477,1449.0
39.82,-119.22,16.215477,1288.0
39.82,-119.92,16.524179,1288.0
39.84,-119.92,16.524179,1459.0
39.96,-119.16,16.215477,1300.0
39.95,-119.16,16.215477,1124.0
40.02,-119.22,16.215477,1297.0
39.67,-119.37,16.215477,1621.0
40.03,-119.15,16.215477,1111.0
40.06,-119.06,16.215477,1184.0
39.8,-119.01,16.215477,1160.0
39.8,-119.01,16.215477,1160.0
39.8,-119.01,16.215477,1160.0
45.78,-122.2,9.544672,705.0
45.77,-122.19,9.544672,696.0
45.77,-122.22,9.544672,1051.0
45.78,-122.2,9.544672,705.0
45.77,-122.2,9.544672,600.0
44.16,-122.24,9.8749847,406.0
42.23,-121.77,8.7200031,1270.0
42.8,-120.1,8.7200031,1619.0
39.37,-119.77,16.215477,883.0
42.24,-120.36,8.7200031,1734.0
39.38,-119.73,16.215477,847.0
39.38,-119.78,16.215477,847.0
39.76,-119.0,16.215477,1678.0
42.17,-122.69,8.7200031,904.0
42.17,-122.69,8.7200031,904.0
46.53,-122.82,9.6252508,176.0
38.89,-122.79,17.725136,903.0
44.76,-121.96,9.8749847,842.0
44.77,-121.93,9.8749847,880.0
44.77,-121.93,9.8749847,880.0
44.76,-121.96,9.8749847,842.0
44.76,-121.96,9.8749847,842.0
44.75,-121.89,9.8749847,1042.0
44.75,-121.89,9.8749847,1042.0
44.76,-121.99,9.8749847,958.0
44.8,-121.99,9.8749847,872.0
44.8,-121.99,9.8749847,872.0
44.82,-121.94,9.8749847,1359.0
44.82,-121.94,9.8749847,1359.0
44.69,-121.93,9.8749847,904.0
44.69,-121.93,9.8749847,904.0
44.69,-121.89,9.8749847,1104.0
44.69,-121.89,9.8749847,1104.0
44.67,-121.93,9.8749847,910.0
44.67,-121.93,9.8749847,910.0
44.75,-121.94,9.8749847,950.0
44.73,-121.97,9.8749847,1336.0
44.73,-121.97,9.8749847,1336.0
44.69,-121.99,9.8749847,666.0
37.45,-122.03,16.215477,22.0
44.15,-122.12,9.8749847,758.0
44.15,-122.12,9.8749847,758.0
44.35,-122.07,9.8749847,954.0
44.35,-122.07,9.8749847,954.0
44.31,-122.01,9.8749847,883.0
44.3,-122.01,9.8749847,966.0
44.27,-121.97,9.8749847,1137.0
44.15,-122.04,9.8749847,884.0
44.16,-122.0,9.8749847,643.0
44.46,-122.05,9.8749847,1394.0
44.44,-122.01,9.8749847,1046.0
44.42,-122.06,9.8749847,1157.0
44.42,-122.06,9.8749847,1157.0
43.3,-122.89,9.4671307,320.0
43.3,-122.89,9.4671307,320.0
40.39,-120.62,17.370102,1664.0
40.51,-120.66,17.50819,1786.0
40.45,-120.68,17.50819,1730.0
40.4,-120.63,17.370102,1680.0
40.41,-120.66,17.370102,1699.0
40.4,-120.64,17.370102,1680.0
40.39,-120.6,17.370102,1664.0
40.38,-120.61,17.370102,1650.0
40.37,-120.63,17.370102,1628.0
40.44,-120.64,17.370102,1728.0
40.43,-120.67,17.50819,1735.0
40.43,-120.67,17.50819,1735.0
41.62,-120.04,18.00329,1557.0
38.84,-121.84,17.088528,6.0
41.74,-120.08,18.00329,1432.0
39.46,-121.99,17.580811,27.0
41.66,-119.81,18.00329,1521.0
38.92,-121.61,17.088528,8.0
42.02,-120.3,18.00329,1488.0
44.84,-122.84,9.8749847,128.0
41.39,-119.79,17.50819,1567.0
40.06,-119.16,16.215477,1184.0
39.99,-119.03,16.215477,1313.0
40.0,-119.19,16.215477,1270.0
41.38,-119.79,17.50819,1571.0
40.08,-119.02,16.215477,1630.0
41.38,-119.78,17.50819,1571.0
41.39,-119.79,17.50819,1567.0
39.96,-119.03,16.215477,1300.0
39.95,-119.09,16.215477,1124.0
40.0,-119.19,16.215477,1270.0
41.38,-119.79,17.50819,1571.0
39.86,-119.16,16.215477,1625.0
41.39,-119.78,17.50819,1567.0
41.39,-119.78,17.50819,1567.0
41.39,-119.79,17.50819,1567.0
41.47,-119.79,17.50819,1464.0
41.37,-119.8,17.50819,1368.0
40.23,-119.0,16.215477,2091.0
41.38,-119.79,17.50819,1571.0
39.98,-119.11,16.215477,1258.0
40.04,-119.2,16.215477,990.0
40.01,-119.16,16.215477,1263.0
40.03,-119.04,16.215477,1111.0
41.39,-119.79,17.50819,1567.0
40.14,-119.04,16.215477,1597.0
39.95,-119.2,16.215477,1124.0
39.99,-119.29,16.215477,1313.0
39.92,-119.33,16.215477,1404.0
40.09,-119.1,16.215477,1698.0
40.06,-119.16,16.215477,1184.0
40.1,-119.04,16.215477,1742.0
41.38,-119.79,17.50819,1571.0
42.0,-123.76,8.7200031,842.0
39.16,-119.19,16.215477,706.0
39.17,-120.0,16.215477,750.0
39.2,-119.98,16.215477,890.0
39.15,-120.02,16.215477,622.0
39.07,-120.03,16.215477,563.0
39.1,-120.07,16.215477,644.0
46.54,-122.62,9.6252508,184.0
39.51,-119.77,16.215477,1000.0
40.42,-120.62,17.370102,1720.0
40.37,-120.6,17.370102,1628.0
40.41,-120.49,17.217102,1699.0
40.4,-120.47,17.217102,1680.0
40.41,-120.46,17.217102,1699.0
40.4,-120.44,17.217102,1680.0
38.8,-122.84,17.725136,706.0
40.33,-120.41,17.217102,1592.0
38.78,-122.82,17.725136,746.0
38.79,-122.81,17.725136,782.0
38.8,-122.84,17.725136,706.0
38.74,-122.7,17.580811,875.0
40.38,-120.63,17.370102,1650.0
38.73,-122.69,17.580811,822.0
40.41,-120.67,17.370102,1699.0
38.73,-122.7,17.580811,1009.0
40.46,-120.62,17.370102,1735.0
38.73,-122.71,17.580811,1003.0
38.73,-122.71,17.580811,1003.0
38.79,-122.83,17.725136,642.0
40.41,-120.46,17.217102,1699.0
38.81,-122.86,17.725136,444.0
38.81,-122.84,17.725136,399.0
38.81,-122.84,17.725136,399.0
38.8,-122.86,17.725136,676.0
38.8,-122.85,17.725136,696.0
38.89,-122.67,17.725136,583.0
38.88,-122.6,17.580811,431.0
38.75,-122.8,17.725136,836.0
38.75,-122.8,17.725136,836.0
38.75,-122.8,17.725136,836.0
38.75,-122.8,17.725136,836.0
38.75,-122.78,17.725136,646.0
38.76,-122.78,17.725136,774.0
38.74,-122.78,17.725136,702.0
38.74,-122.77,17.725136,658.0
38.74,-122.77,17.725136,658.0
38.79,-122.82,17.725136,855.0
38.73,-122.76,17.580811,707.0
38.73,-122.76,17.580811,707.0
38.74,-122.76,17.580811,665.0
38.74,-122.76,17.580811,665.0
38.74,-122.75,17.580811,704.0
38.75,-122.75,17.580811,786.0
38.73,-122.75,17.580811,687.0
38.74,-122.79,17.725136,723.0
38.74,-122.79,17.725136,723.0
38.73,-122.77,17.580811,629.0
38.73,-122.77,17.580811,629.0
38.73,-122.73,17.580811,927.0
38.73,-122.73,17.580811,927.0
38.78,-122.81,17.725136,939.0
38.79,-122.69,17.580811,541.0
38.8,-122.69,17.580811,713.0
38.78,-122.83,17.725136,640.0
38.9,-122.63,17.725136,511.0
38.92,-122.85,17.834578,466.0
38.79,-122.69,17.580811,541.0
38.73,-122.69,17.580811,822.0
38.77,-122.84,17.725136,834.0
38.77,-122.84,17.725136,834.0
38.77,-122.81,17.725136,748.0
38.77,-122.81,17.725136,748.0
45.3,-121.77,9.5414743,1176.0
47.12,-120.68,9.7773581,1217.0
42.0,-121.71,8.7200031,1243.0
40.03,-119.01,16.215477,1111.0
40.02,-119.02,16.215477,1297.0
40.02,-119.02,16.215477,1297.0
40.03,-119.02,16.215477,1111.0
40.02,-119.0,16.215477,1297.0
40.03,-119.01,16.215477,1111.0
39.99,-119.04,16.215477,1313.0
39.99,-119.04,16.215477,1313.0
39.99,-119.01,16.215477,1313.0
39.9,-119.22,16.215477,1377.0
39.97,-119.25,16.215477,1338.0
39.9,-119.13,16.215477,1377.0
40.03,-119.09,16.215477,1111.0
39.98,-119.03,16.215477,1258.0
39.98,-119.02,16.215477,1258.0
39.37,-119.71,16.215477,883.0
39.58,-119.52,16.215477,1266.0
39.57,-119.52,16.215477,1225.0
39.57,-119.54,16.215477,1225.0
39.57,-119.54,16.215477,1225.0
39.57,-119.51,16.215477,1225.0
39.53,-119.62,16.215477,1141.0
39.57,-119.55,16.215477,1225.0
39.58,-119.51,16.215477,1266.0
39.58,-119.53,16.215477,1266.0
39.59,-119.53,16.215477,1287.0
39.59,-119.49,16.215477,1287.0
39.58,-119.51,16.215477,1266.0
42.45,-121.47,8.7200031,1315.0
38.86,-122.89,17.834578,873.0
40.6,-119.42,16.676729,1743.0
40.63,-119.4,16.676729,1854.0
40.64,-119.37,16.676729,1838.0
40.64,-119.36,16.676729,1838.0
40.84,-119.31,16.815744,1556.0
38.82,-122.8,17.725136,859.0
38.85,-122.8,17.725136,793.0
38.83,-122.74,17.725136,806.0
38.83,-122.8,17.725136,780.0
38.84,-122.8,17.725136,921.0
38.83,-122.81,17.725136,702.0
38.83,-122.79,17.725136,953.0
38.83,-122.91,17.834578,303.0
38.81,-122.8,17.725136,852.0
38.75,-122.83,17.725136,667.0
38.75,-122.83,17.725136,667.0
38.79,-122.81,17.725136,782.0
38.77,-122.77,17.725136,930.0
38.84,-122.76,17.725136,795.0
38.81,-122.77,17.725136,1019.0
38.78,-122.67,17.580811,496.0
38.86,-122.75,17.725136,771.0
38.86,-122.67,17.725136,638.0
38.88,-122.72,17.725136,808.0
38.91,-122.68,17.725136,635.0
38.82,-122.79,17.725136,875.0
38.79,-122.8,17.725136,705.0
38.78,-122.75,17.725136,905.0
38.85,-122.78,17.725136,764.0
38.76,-122.82,17.725136,767.0
38.76,-122.82,17.725136,767.0
38.79,-122.76,17.725136,992.0
38.8,-122.77,17.725136,900.0
38.87,-122.81,17.725136,757.0
38.93,-122.69,17.725136,465.0
38.77,-122.9,17.725136,450.0
38.78,-122.77,17.725136,665.0
38.8,-122.77,17.725136,900.0
38.8,-122.76,17.725136,971.0
38.82,-122.76,17.725136,1022.0
38.84,-122.81,17.725136,928.0
38.84,-122.78,17.725136,833.0
38.86,-122.79,17.725136,737.0
38.87,-122.84,17.834578,920.0
38.92,-122.67,17.725136,601.0
38.91,-122.63,17.725136,444.0
38.93,-122.71,17.725136,559.0
38.93,-122.71,17.725136,559.0
38.86,-122.67,17.725136,638.0
38.89,-122.69,17.725136,742.0
38.83,-122.63,17.580811,448.0
38.89,-122.79,17.725136,903.0
38.74,-122.72,17.580811,992.0
38.76,-122.75,17.725136,934.0
38.83,-122.87,17.834578,399.0
38.7,-122.74,17.580811,210.0
38.7,-122.74,17.580811,210.0
38.68,-122.74,17.580811,135.0
38.89,-122.64,17.725136,548.0
38.99,-122.82,17.834578,413.0
38.99,-122.81,17.834578,424.0
38.97,-122.74,17.834578,427.0
38.77,-122.63,17.580811,390.0
38.94,-122.78,17.834578,582.0
38.86,-122.74,17.725136,875.0
38.8,-122.61,17.580811,349.0
38.91,-122.64,17.725136,478.0
38.87,-122.68,17.725136,719.0
39.06,-122.63,17.725136,466.0
38.75,-122.59,17.580811,341.0
38.77,-122.95,17.834578,237.0
38.91,-122.85,17.834578,473.0
38.94,-122.82,17.834578,515.0
38.91,-122.68,17.725136,635.0
38.94,-122.86,17.834578,473.0
38.93,-122.81,17.834578,545.0
44.56,-122.03,9.8749847,1164.0
38.99,-122.64,17.725136,554.0
45.91,-121.05,9.5405912,581.0
44.23,-122.18,9.8749847,670.0
40.7,-119.35,16.676729,1749.0
39.78,-119.0,16.215477,1604.0
39.76,-119.01,16.215477,1678.0
45.44,-121.72,9.5483627,1333.0
40.65,-119.37,16.676729,1753.0
40.65,-119.36,16.676729,1753.0
40.65,-119.36,16.676729,1753.0
40.65,-119.37,16.676729,1753.0
40.65,-119.37,16.676729,1753.0
45.29,-121.71,9.5414743,1189.0
42.1,-119.92,18.00329,1660.0
45.42,-121.77,9.5483627,952.0
43.71,-121.23,9.5827484,1956.0
43.71,-121.23,9.5827484,1956.0
42.19,-120.38,8.7200031,1576.0
45.67,-122.38,9.5560369,368.0
37.24,-122.07,16.352819,6.0
42.43,-121.37,8.7200031,1349.0
42.43,-121.37,8.7200031,1349.0
39.54,-119.78,16.215477,1209.0
47.24,-124.19,9.8133631,23.0
39.34,-119.6,16.215477,878.0
39.43,-119.69,16.215477,1006.0
39.43,-119.68,16.215477,1006.0
39.42,-119.67,16.215477,1008.0
39.4,-119.65,16.215477,873.0
39.4,-119.67,16.215477,873.0
39.53,-119.69,16.215477,1141.0
42.11,-121.87,8.7200031,1243.0
39.41,-119.75,16.215477,719.0
40.4,-120.62,17.370102,1680.0
38.78,-119.17,16.215477,296.0
38.77,-119.15,16.215477,220.0
38.78,-119.17,16.215477,296.0
38.77,-119.16,16.215477,220.0
38.78,-119.14,16.215477,296.0
38.77,-119.13,16.215477,220.0
38.77,-119.15,16.215477,220.0
38.76,-119.16,16.215477,222.0
38.77,-119.18,16.215477,220.0
38.77,-119.17,16.215477,220.0
38.75,-119.18,16.215477,425.0
38.76,-119.15,16.215477,222.0
38.77,-119.14,16.215477,220.0
38.78,-119.13,16.215477,296.0
38.78,-119.13,16.215477,296.0
38.77,-119.12,16.215477,220.0
38.79,-119.17,16.215477,415.0
38.77,-119.16,16.215477,220.0
38.79,-119.17,16.215477,415.0
38.8,-119.17,16.215477,447.0
38.8,-119.16,16.215477,447.0
38.81,-119.17,16.215477,385.0
38.81,-119.17,16.215477,385.0
38.81,-119.17,16.215477,385.0
38.82,-119.18,16.215477,396.0
38.75,-119.19,16.215477,425.0
38.74,-119.19,16.215477,425.0
38.75,-119.17,16.215477,425.0
38.74,-119.17,16.215477,425.0
38.75,-119.14,16.215477,425.0
38.76,-119.15,16.215477,222.0
38.8,-119.16,16.215477,447.0
38.82,-119.18,16.215477,396.0
38.82,-119.19,16.215477,396.0
45.77,-121.12,9.544672,651.0
43.8,-122.31,9.5827484,601.0
45.12,-120.85,9.68153,600.0
39.47,-119.63,16.215477,1233.0
46.62,-120.41,9.7773581,1217.0
44.44,-122.99,9.8749847,225.0
42.14,-122.73,8.7200031,1174.0
42.36,-121.98,8.7200031,1552.0
39.04,-122.43,17.580811,521.0
39.39,-119.72,16.215477,809.0
38.91,-122.78,17.725136,735.0
42.33,-120.52,8.7200031,1416.0
42.34,-120.52,8.7200031,1393.0
42.34,-120.52,8.7200031,1393.0
44.89,-122.69,9.8163719,396.0
44.89,-122.69,9.8163719,396.0
42.2,-121.73,8.7200031,1262.0
41.02,-119.56,17.088528,1554.0
46.83,-120.21,9.7773581,909.0
38.93,-119.07,16.215477,404.0
45.73,-122.44,9.5560369,258.0
44.85,-121.83,9.8163719,1256.0
42.24,-120.36,8.7200031,1734.0
42.24,-120.36,8.7200031,1734.0
42.01,-120.3,18.00329,1471.0
44.21,-121.03,9.8749847,1023.0
42.22,-120.35,8.7200031,1640.0
42.22,-120.35,8.7200031,1640.0
42.22,-120.34,8.7200031,1640.0
44.23,-120.97,9.8749847,992.0
42.22,-120.36,8.7200031,1640.0
42.21,-120.36,8.7200031,1599.0
42.04,-120.31,18.00329,1481.0
42.04,-120.31,18.00329,1481.0
42.21,-120.36,8.7200031,1599.0
42.02,-120.3,18.00329,1488.0
44.85,-121.83,9.8163719,1256.0
42.37,-120.45,8.7200031,1372.0
45.68,-119.84,9.5560369,508.0
45.7,-120.14,9.5560369,658.0
45.7,-120.14,9.5560369,658.0
45.7,-120.14,9.5560369,658.0
44.55,-122.81,9.8749847,142.0
42.82,-122.94,8.0320463,1017.0
45.47,-121.2,9.5407829,369.0
42.34,-120.54,8.7200031,1393.0
42.37,-120.57,8.7200031,1372.0
45.69,-120.13,9.5560369,662.0
42.33,-120.57,8.7200031,1416.0
42.36,-121.98,8.7200031,1552.0
42.33,-120.52,8.7200031,1416.0
43.54,-119.95,9.5357075,1414.0
42.33,-120.57,8.7200031,1416.0
40.84,-127.52,0.009965586,-3309.0
38.59,-127.27,31.536203,-4575.0
38.32,-124.03,19.94416,-3446.0
38.5,-124.26,20.470812,-3483.0
37.93,-123.83,20.19767,-3368.0
37.79,-124.28,22.031677,-3794.0
38.42,-126.14,27.247425,-4283.0
38.43,-126.33,28.011539,-4330.0
38.49,-126.79,29.741478,-4482.0
38.53,-127.06,30.950256,-4498.0
38.57,-127.21,31.244743,-4568.0
39.03,-130.0,30.501097,-4502.0
38.49,-126.72,29.393053,-4468.0
38.59,-127.52,32.307262,-4612.0
38.75,-128.98,30.290819,-4500.0
38.52,-127.14,30.950256,-4558.0
38.49,-126.72,29.393053,-4468.0
38.46,-126.48,28.539879,-4413.0
37.47,-123.84,21.01218,-3381.0
38.0,-124.89,23.57716,-3981.0
38.17,-125.47,25.24065,-3933.0
38.4,-126.04,26.842258,-4279.0
39.2,-121.06,16.815744,744.0
40.91,-127.45,0.047450688,-3305.0
40.91,-127.5,0.047450688,-3349.0
40.9,-127.51,0.047450688,-3343.0
40.9,-127.52,0.047450688,-3310.0
40.91,-127.54,0.047450688,-3325.0
40.91,-127.45,0.047450688,-3305.0
40.91,-127.55,0.27203998,-3311.0
40.91,-127.56,0.27203998,-3307.0
40.91,-127.46,0.047450688,-3348.0
40.91,-127.47,0.047450688,-3359.0
40.91,-127.49,0.047450688,-3345.0
41.0,-127.51,0.021391379,-3282.0
41.0,-127.51,0.021391379,-3282.0
41.0,-127.5,0.021391379,-3255.0
41.0,-127.55,0.27136731,-3238.0
41.0,-127.55,0.27136731,-3238.0
41.0,-127.54,0.021391379,-3289.0
41.0,-127.52,0.021391379,-3300.0
41.0,-127.52,0.021391379,-3300.0
40.96,-127.48,0.021391379,-3368.0
40.96,-127.49,0.021391379,-3372.0
40.96,-127.5,0.021391379,-3343.0
40.96,-127.52,0.021391379,-3310.0
40.96,-127.53,0.021391379,-3302.0
40.96,-127.42,0.23963241,-2930.0
40.96,-127.42,0.23963241,-2930.0
40.93,-127.5,0.047450688,-3342.0
40.94,-127.52,0.047450688,-3340.0
40.93,-127.54,0.047450688,-3324.0
40.93,-127.55,0.27203998,-3307.0
40.93,-127.56,0.27203998,-3310.0
40.94,-127.46,0.047450688,-3337.0
40.93,-127.47,0.047450688,-3347.0
40.93,-127.49,0.047450688,-3348.0
48.44,-128.47,1.1955065,-2572.0
48.44,-128.47,1.1955065,-2572.0
48.44,-128.46,1.1955065,-2582.0
48.44,-128.45,1.3642263,-2584.0
48.44,-128.45,1.3642263,-2584.0
48.44,-128.44,1.3642263,-2529.0
48.44,-128.43,1.3642263,-2557.0
48.44,-128.42,1.3642263,-2578.0
48.44,-128.42,1.3642263,-2578.0
48.44,-128.41,1.3642263,-2581.0
48.44,-128.4,1.3642263,-2583.0
48.43,-128.4,1.3642263,-2586.0
48.43,-128.39,1.3642263,-2581.0
50.14,-130.45,0.64635819,-2443.0
49.17,-128.25,3.9386008,-2457.0
49.12,-128.97,2.3481965,-2391.0
50.57,-130.82,1.5733372,-2567.0
48.46,-128.67,0.59159386,-2474.0
49.17,-128.25,3.9386008,-2457.0
49.11,-128.96,2.3481965,-2390.0
50.47,-130.27,0.06584172,-2495.0
50.57,-130.83,1.5733372,-2657.0
49.11,-128.96,2.3481965,-2390.0
50.56,-130.84,1.5733372,-2742.0
50.13,-130.43,0.64635819,-2426.0
49.11,-128.96,2.3481965,-2390.0
50.56,-130.85,1.5733372,-2764.0
49.66,-130.09,0.59459901,-2445.0
49.18,-128.25,3.9386008,-2455.0
49.1,-128.95,2.6050727,-2394.0
50.55,-130.87,2.2212367,-2677.0
49.1,-128.95,2.6050727,-2394.0
50.55,-130.88,2.2212367,-2676.0
50.12,-130.42,0.64635819,-2421.0
48.46,-128.64,0.8665905,-2459.0
49.1,-128.94,2.6050727,-2393.0
50.54,-130.89,2.2212367,-2678.0
50.12,-130.41,0.64635819,-2423.0
49.66,-130.07,0.59459901,-2402.0
49.09,-128.94,2.6050727,-2400.0
49.65,-130.06,0.68830746,-2408.0
49.09,-128.93,2.6050727,-2402.0
48.46,-128.62,0.8665905,-2400.0
49.09,-128.93,2.6050727,-2402.0
48.46,-128.61,0.8665905,-2345.0
50.14,-130.45,0.64635819,-2443.0
50.13,-130.44,0.64635819,-2431.0
50.13,-130.44,0.64635819,-2431.0
50.13,-130.43,0.64635819,-2426.0
50.12,-130.43,0.64635819,-2436.0
50.12,-130.42,0.64635819,-2421.0
50.12,-130.41,0.64635819,-2423.0
50.11,-130.41,0.64635819,-2421.0
50.11,-130.4,0.64635819,-2420.0
49.68,-130.11,0.59459901,-2428.0
49.67,-130.1,0.59459901,-2446.0
49.67,-130.1,0.59459901,-2446.0
49.66,-130.09,0.59459901,-2445.0
49.66,-130.08,0.59459901,-2434.0
49.66,-130.07,0.59459901,-2402.0
49.65,-130.06,0.68830746,-2408.0
49.65,-130.06,0.68830746,-2408.0
49.65,-130.05,0.68830746,-2398.0
49.64,-130.04,0.81696123,-2389.0
49.64,-130.04,0.81696123,-2389.0
49.64,-130.03,0.81696123,-2382.0
49.64,-130.03,0.81696123,-2382.0
49.63,-130.02,0.81696123,-2407.0
49.63,-130.01,0.81696123,-2395.0
49.62,-130.0,0.81696123,-2438.0
49.62,-130.0,0.81696123,-2438.0
49.62,-129.99,0.81696123,-2410.0
49.62,-129.98,0.81696123,-2408.0
49.61,-129.98,0.81696123,-2429.0
49.61,-129.97,0.81696123,-2428.0
49.61,-129.97,0.81696123,-2428.0
49.6,-129.96,0.81696123,-2450.0
49.6,-129.96,0.81696123,-2450.0
49.6,-129.95,1.0505846,-2449.0
48.46,-128.68,0.59159386,-2472.0
48.46,-128.67,0.59159386,-2474.0
48.46,-128.67,0.59159386,-2474.0
48.46,-128.66,0.59159386,-2475.0
48.46,-128.65,0.59159386,-2478.0
48.46,-128.65,0.59159386,-2478.0
48.46,-128.64,0.8665905,-2459.0
48.46,-128.63,0.8665905,-2346.0
48.46,-128.62,0.8665905,-2400.0
48.46,-128.62,0.8665905,-2400.0
48.46,-128.61,0.8665905,-2345.0
48.46,-128.6,0.8665905,-2331.0
48.45,-128.59,0.8665905,-2406.0
48.45,-128.58,0.8665905,-2426.0
48.45,-128.57,0.8665905,-2373.0
48.45,-128.57,0.8665905,-2373.0
48.45,-128.56,0.8665905,-2390.0
48.45,-128.55,0.8665905,-2437.0
48.45,-128.53,1.1157724,-2432.0
48.45,-128.52,1.1157724,-2439.0
48.45,-128.52,1.1157724,-2439.0
48.45,-128.51,1.1157724,-2456.0
48.45,-128.5,1.1157724,-2488.0
48.45,-128.5,1.1157724,-2488.0
48.44,-128.49,1.1955065,-2539.0
48.44,-128.48,1.1955065,-2556.0
48.44,-128.47,1.1955065,-2572.0
48.44,-128.47,1.1955065,-2572.0
49.17,-128.25,3.9386008,-2457.0
49.17,-128.25,3.9386008,-2457.0
49.18,-128.25,3.9386008,-2455.0
49.18,-128.25,3.9386008,-2455.0
49.18,-128.25,3.9386008,-2455.0
49.12,-128.97,2.3481965,-2391.0
49.11,-128.96,2.3481965,-2390.0
49.11,-128.96,2.3481965,-2390.0
49.11,-128.96,2.3481965,-2390.0
49.1,-128.95,2.6050727,-2394.0
49.1,-128.95,2.6050727,-2394.0
49.1,-128.94,2.6050727,-2393.0
49.09,-128.94,2.6050727,-2400.0
49.09,-128.93,2.6050727,-2402.0
49.09,-128.93,2.6050727,-2402.0
50.73,-131.12,2.265857,-2606.0
50.73,-131.1,2.265857,-2598.0
50.73,-131.09,2.265857,-2597.0
50.73,-131.08,2.265857,-2596.0
50.47,-130.28,0.06584172,-2594.0
50.47,-130.27,0.06584172,-2495.0
50.48,-130.26,0.06584172,-2232.0
50.57,-130.82,1.5733372,-2567.0
50.57,-130.83,1.5733372,-2657.0
50.56,-130.84,1.5733372,-2742.0
50.56,-130.85,1.5733372,-2764.0
50.55,-130.87,2.2212367,-2677.0
50.55,-130.88,2.2212367,-2676.0
50.54,-130.89,2.2212367,-2678.0
49.64,-130.04,0.81696123,-2389.0
48.46,-128.6,0.8665905,-2331.0
48.45,-128.59,0.8665905,-2406.0
48.45,-128.58,0.8665905,-2426.0
49.63,-130.02,0.81696123,-2407.0
48.45,-128.57,0.8665905,-2373.0
48.45,-128.57,0.8665905,-2373.0
48.45,-128.56,0.8665905,-2390.0
48.45,-128.55,0.8665905,-2437.0
49.62,-130.0,0.81696123,-2438.0
49.62,-129.98,0.81696123,-2408.0
48.45,-128.53,1.1157724,-2432.0
48.45,-128.52,1.1157724,-2439.0
48.45,-128.52,1.1157724,-2439.0
48.45,-128.51,1.1157724,-2456.0
48.45,-128.5,1.1157724,-2488.0
48.45,-128.5,1.1157724,-2488.0
48.44,-128.49,1.1955065,-2539.0
48.44,-128.48,1.1955065,-2556.0
49.65,-130.06,0.68830746,-2408.0
49.65,-130.05,0.68830746,-2398.0
49.64,-130.04,0.81696123,-2389.0
49.64,-130.03,0.81696123,-2382.0
49.64,-130.03,0.81696123,-2382.0
49.63,-130.01,0.81696123,-2395.0
49.62,-130.0,0.81696123,-2438.0
49.62,-129.99,0.81696123,-2410.0
49.61,-129.98,0.81696123,-2429.0
49.6,-129.95,1.0505846,-2449.0
50.13,-130.44,0.64635819,-2431.0
49.18,-128.25,3.9386008,-2455.0
50.13,-130.44,0.64635819,-2431.0
49.18,-128.25,3.9386008,-2455.0
50.12,-130.43,0.64635819,-2436.0
49.66,-130.08,0.59459901,-2434.0
50.11,-130.41,0.64635819,-2421.0
48.36,-126.23,6.6210885,-1010.0
48.35,-126.24,6.6210885,-1034.0
48.35,-126.24,6.6210885,-1034.0
48.35,-126.25,6.40137,-1059.0
48.35,-126.25,6.40137,-1059.0
48.34,-126.26,6.5365396,-1042.0
48.32,-126.31,6.5365396,-1359.0
48.32,-126.33,6.5365396,-1305.0
48.31,-126.35,6.5365396,-1325.0
48.31,-126.37,6.2660885,-1402.0
48.3,-126.39,6.2660885,-1682.0
48.3,-126.42,6.2660885,-1885.0
48.29,-126.44,6.2660885,-2042.0
48.29,-126.46,5.9780002,-2080.0
48.28,-126.48,5.9780002,-2037.0
48.27,-126.5,5.9780002,-2104.0
48.27,-126.52,5.9780002,-2150.0
48.26,-126.55,5.7164354,-2058.0
48.26,-126.57,5.7164354,-2075.0
48.16,-126.61,5.7203693,-2503.0
48.15,-126.63,5.9089842,-2512.0
48.14,-126.64,5.9089842,-2520.0
48.14,-126.65,5.7152658,-2525.0
48.13,-126.66,5.7152658,-2525.0
48.13,-126.67,5.7152658,-2526.0
48.12,-126.68,5.7152658,-2525.0
48.12,-126.69,5.7152658,-2526.0
48.11,-126.7,5.7152658,-2527.0
48.11,-126.71,5.7152658,-2530.0
48.1,-126.72,5.7152658,-2519.0
48.09,-126.73,5.7152658,-2495.0
48.09,-126.74,5.7152658,-2494.0
48.08,-126.75,5.4567189,-2492.0
48.08,-126.76,5.4567189,-2496.0
48.07,-126.77,5.4567189,-2480.0
48.07,-126.78,5.4567189,-2482.0
48.56,-127.08,4.5077429,-2550.0
48.55,-127.09,4.3637662,-2561.0
48.55,-127.09,4.3637662,-2561.0
48.55,-127.1,4.3637662,-2562.0
48.55,-127.1,4.3637662,-2562.0
48.68,-126.84,5.752306,-1338.0
48.67,-126.86,5.5437579,-1270.0
48.67,-126.86,5.5437579,-1270.0
48.66,-126.87,5.5437579,-1331.0
48.66,-126.88,5.5437579,-1341.0
48.66,-126.89,5.5437579,-1316.0
48.65,-126.89,5.0980859,-1333.0
48.65,-126.9,5.0980859,-1295.0
48.64,-126.91,5.0980859,-1303.0
48.64,-126.92,5.0980859,-1343.0
48.64,-126.92,5.0980859,-1343.0
48.63,-126.93,5.0980859,-1581.0
48.63,-126.94,5.0980859,-1825.0
48.63,-126.95,4.8090472,-1992.0
48.62,-126.96,4.8090472,-2139.0
48.62,-126.96,4.8090472,-2139.0
48.61,-126.97,4.8090472,-2217.0
48.61,-126.98,4.8090472,-2220.0
48.76,-126.67,6.336699,-1042.0
48.74,-126.7,5.9347811,-1229.0
48.74,-126.72,5.9347811,-1232.0
48.73,-126.73,5.9347811,-1288.0
48.72,-126.75,5.752306,-1334.0
48.71,-126.76,5.752306,-1324.0
48.71,-126.78,5.752306,-1285.0
48.26,-126.37,6.2660885,-2067.0
48.26,-126.38,6.2660885,-2074.0
48.26,-126.39,6.2660885,-2093.0
48.25,-126.39,6.2521348,-2097.0
48.25,-126.4,6.2521348,-2095.0
48.25,-126.41,6.2521348,-2094.0
48.24,-126.41,6.2521348,-2100.0
48.24,-126.42,6.2521348,-2097.0
48.24,-126.42,6.2521348,-2097.0
48.24,-126.43,6.2521348,-2096.0
48.23,-126.44,6.2521348,-2086.0
48.23,-126.44,6.2521348,-2086.0
48.23,-126.45,6.2521348,-2063.0
48.23,-126.45,6.2521348,-2063.0
48.22,-126.46,5.9770608,-2029.0
48.22,-126.47,5.9770608,-1986.0
48.22,-126.47,5.9770608,-1986.0
48.21,-126.48,5.9770608,-1901.0
48.21,-126.48,5.9770608,-1901.0
48.21,-126.49,5.9770608,-1939.0
48.21,-126.5,5.9770608,-2218.0
48.2,-126.5,5.9770608,-2237.0
48.2,-126.51,5.9770608,-2323.0
48.2,-126.51,5.9770608,-2323.0
48.2,-126.52,5.9770608,-2351.0
48.19,-126.53,5.9770608,-2350.0
48.19,-126.53,5.9770608,-2350.0
48.19,-126.54,5.9770608,-2366.0
48.18,-126.54,5.9770608,-2385.0
48.18,-126.55,5.7203693,-2416.0
48.18,-126.56,5.7203693,-2434.0
48.18,-126.56,5.7203693,-2434.0
48.17,-126.57,5.7203693,-2449.0
48.17,-126.57,5.7203693,-2449.0
48.17,-126.58,5.7203693,-2465.0
48.17,-126.59,5.7203693,-2477.0
48.42,-126.97,4.6329985,-2581.0
48.43,-126.98,4.6329985,-2582.0
48.43,-126.98,4.6329985,-2582.0
48.44,-126.99,4.6329985,-2581.0
48.44,-127.0,4.6329985,-2580.0
48.45,-127.0,4.6428313,-2576.0
48.45,-127.01,4.6428313,-2575.0
48.36,-126.22,6.6210885,-964.0
48.56,-127.08,4.5077429,-2550.0
48.56,-127.08,4.5077429,-2550.0
48.55,-127.09,4.3637662,-2561.0
48.55,-127.1,4.3637662,-2562.0
48.68,-126.84,5.752306,-1338.0
48.67,-126.85,5.752306,-1275.0
48.67,-126.86,5.5437579,-1270.0
48.67,-126.86,5.5437579,-1270.0
48.66,-126.87,5.5437579,-1331.0
48.66,-126.88,5.5437579,-1341.0
48.65,-126.89,5.0980859,-1333.0
48.65,-126.91,5.0980859,-1298.0
48.64,-126.91,5.0980859,-1303.0
48.64,-126.92,5.0980859,-1343.0
48.63,-126.93,5.0980859,-1581.0
48.63,-126.95,4.8090472,-1992.0
48.62,-126.95,4.8090472,-2085.0
48.62,-126.96,4.8090472,-2139.0
48.61,-126.97,4.8090472,-2217.0
48.61,-126.98,4.8090472,-2220.0
48.76,-126.67,6.336699,-1042.0
48.75,-126.69,5.9347811,-1193.0
48.74,-126.71,5.9347811,-1225.0
48.73,-126.73,5.9347811,-1288.0
48.72,-126.74,5.9347811,-1328.0
48.72,-126.76,5.752306,-1334.0
48.71,-126.78,5.752306,-1285.0
48.26,-126.37,6.2660885,-2067.0
48.26,-126.38,6.2660885,-2074.0
48.26,-126.38,6.2660885,-2074.0
48.25,-126.39,6.2521348,-2097.0
48.25,-126.39,6.2521348,-2097.0
48.25,-126.4,6.2521348,-2095.0
48.25,-126.41,6.2521348,-2094.0
48.24,-126.41,6.2521348,-2100.0
48.24,-126.42,6.2521348,-2097.0
48.24,-126.43,6.2521348,-2096.0
48.24,-126.43,6.2521348,-2096.0
48.23,-126.44,6.2521348,-2086.0
48.23,-126.44,6.2521348,-2086.0
48.23,-126.45,6.2521348,-2063.0
48.22,-126.46,5.9770608,-2029.0
48.22,-126.46,5.9770608,-2029.0
48.22,-126.47,5.9770608,-1986.0
48.22,-126.48,5.9770608,-1927.0
48.21,-126.48,5.9770608,-1901.0
48.21,-126.49,5.9770608,-1939.0
48.21,-126.49,5.9770608,-1939.0
48.2,-126.5,5.9770608,-2237.0
48.2,-126.51,5.9770608,-2323.0
48.2,-126.51,5.9770608,-2323.0
48.2,-126.52,5.9770608,-2351.0
48.19,-126.52,5.9770608,-2346.0
48.19,-126.53,5.9770608,-2350.0
48.19,-126.54,5.9770608,-2366.0
48.18,-126.54,5.9770608,-2385.0
48.18,-126.55,5.7203693,-2416.0
48.18,-126.56,5.7203693,-2434.0
48.18,-126.56,5.7203693,-2434.0
48.17,-126.57,5.7203693,-2449.0
48.17,-126.57,5.7203693,-2449.0
48.17,-126.58,5.7203693,-2465.0
48.17,-126.59,5.7203693,-2477.0
48.41,-126.97,4.6329985,-2582.0
48.42,-126.98,4.6329985,-2583.0
48.43,-126.99,4.6329985,-2582.0
48.44,-127.0,4.6329985,-2580.0
48.45,-127.01,4.6428313,-2575.0
48.36,-126.22,6.6210885,-964.0
48.36,-126.23,6.6210885,-1010.0
48.36,-126.23,6.6210885,-1010.0
48.35,-126.24,6.6210885,-1034.0
48.35,-126.24,6.6210885,-1034.0
48.35,-126.25,6.40137,-1059.0
48.34,-126.26,6.5365396,-1042.0
48.33,-126.27,6.5365396,-1191.0
48.33,-126.28,6.5365396,-1207.0
48.32,-126.29,6.5365396,-1298.0
48.32,-126.3,6.5365396,-1318.0
48.31,-126.31,6.5365396,-1368.0
48.29,-126.51,5.9780002,-2023.0
48.28,-126.52,5.9780002,-2065.0
48.28,-126.52,5.9780002,-2065.0
48.27,-126.53,5.9780002,-2148.0
48.27,-126.54,5.9780002,-2131.0
48.27,-126.55,5.7164354,-2110.0
48.26,-126.56,5.7164354,-2053.0
48.26,-126.57,5.7164354,-2075.0
48.16,-126.61,5.7203693,-2503.0
48.15,-126.62,5.9089842,-2511.0
48.15,-126.63,5.9089842,-2512.0
48.14,-126.64,5.9089842,-2520.0
48.14,-126.65,5.7152658,-2525.0
48.13,-126.66,5.7152658,-2525.0
48.12,-126.67,5.7152658,-2523.0
48.12,-126.68,5.7152658,-2525.0
48.11,-126.69,5.7152658,-2524.0
48.11,-126.7,5.7152658,-2527.0
48.1,-126.72,5.7152658,-2519.0
48.1,-126.73,5.7152658,-2518.0
48.09,-126.74,5.7152658,-2494.0
48.09,-126.75,5.4567189,-2517.0
48.07,-126.77,5.4567189,-2480.0
48.07,-126.78,5.4567189,-2482.0
47.93,-128.85,0.66285837,-2437.0
47.92,-128.84,0.66285837,-2584.0
47.92,-128.84,0.66285837,-2584.0
47.92,-128.83,0.66285837,-2586.0
47.92,-128.82,0.66285837,-2588.0
47.92,-128.82,0.66285837,-2588.0
47.92,-128.81,0.66285837,-2590.0
47.91,-128.81,0.66285837,-2590.0
47.91,-128.8,0.66285837,-2594.0
47.91,-128.8,0.66285837,-2594.0
47.91,-128.79,0.66285837,-2603.0
47.9,-128.78,0.66285837,-2608.0
47.88,-128.73,0.91232389,-2631.0
47.88,-128.72,0.91232389,-2639.0
47.88,-128.71,0.91232389,-2641.0
47.87,-128.71,0.91232389,-2644.0
47.87,-128.7,0.91232389,-2648.0
47.87,-128.7,0.91232389,-2648.0
47.87,-128.69,0.91232389,-2646.0
47.86,-128.68,0.91232389,-2648.0
47.86,-128.67,0.91232389,-2632.0
47.86,-128.67,0.91232389,-2632.0
47.86,-128.66,0.91232389,-2626.0
47.86,-128.66,0.91232389,-2626.0
47.85,-128.64,1.1679138,-2612.0
47.85,-128.64,1.1679138,-2612.0
47.85,-128.63,1.1679138,-2610.0
47.96,-128.81,0.50150979,-2588.0
47.96,-128.81,0.50150979,-2588.0
47.95,-128.81,0.50150979,-2587.0
47.95,-128.81,0.50150979,-2587.0
47.94,-128.81,0.66285837,-2589.0
47.93,-128.83,0.66285837,-2585.0
47.93,-128.82,0.66285837,-2587.0
47.93,-128.82,0.66285837,-2587.0
47.92,-128.82,0.66285837,-2588.0
47.92,-128.83,0.66285837,-2586.0
47.91,-128.82,0.66285837,-2587.0
47.9,-128.83,0.66285837,-2587.0
47.9,-128.83,0.66285837,-2587.0
47.89,-128.83,0.66285837,-2588.0
47.89,-128.83,0.66285837,-2588.0
47.88,-128.83,0.66285837,-2592.0
47.87,-128.83,0.66285837,-2562.0
47.87,-128.84,0.66285837,-2566.0
47.86,-128.84,0.66285837,-2552.0
47.99,-128.79,0.50150979,-2592.0
47.99,-128.8,0.50150979,-2580.0
47.98,-128.8,0.50150979,-2590.0
47.98,-128.8,0.50150979,-2590.0
47.97,-128.81,0.50150979,-2586.0
47.97,-128.81,0.50150979,-2586.0
47.97,-128.83,0.50150979,-2421.0
47.96,-128.82,0.50150979,-2543.0
47.94,-128.76,0.66285837,-2606.0
47.94,-128.77,0.66285837,-2607.0
47.95,-128.78,0.50150979,-2606.0
47.95,-128.79,0.50150979,-2599.0
47.95,-128.8,0.50150979,-2592.0
47.95,-128.81,0.50150979,-2587.0
47.96,-128.83,0.50150979,-2408.0
47.82,-128.67,1.1115648,-2682.0
47.83,-128.67,1.1115648,-2673.0
47.84,-128.68,1.1115648,-2662.0
47.84,-128.68,1.1115648,-2662.0
47.85,-128.68,0.91232389,-2655.0
47.86,-128.68,0.91232389,-2648.0
47.87,-128.69,0.91232389,-2646.0
47.87,-128.69,0.91232389,-2646.0
47.88,-128.69,0.91232389,-2634.0
47.88,-128.7,0.91232389,-2637.0
47.88,-128.7,0.91232389,-2637.0
47.89,-128.7,0.91232389,-2628.0
47.86,-128.64,1.1679138,-2618.0
47.87,-128.64,1.1679138,-2614.0
47.87,-128.64,1.1679138,-2614.0
47.88,-128.65,0.91232389,-2616.0
47.88,-128.65,0.91232389,-2616.0
47.89,-128.65,0.91232389,-2617.0
47.89,-128.66,0.91232389,-2619.0
47.89,-128.66,0.91232389,-2619.0
47.89,-128.66,0.91232389,-2619.0
47.9,-128.66,0.91232389,-2614.0
47.9,-128.67,0.91232389,-2619.0
47.75,-127.22,4.6330013,-2617.0
47.75,-127.23,4.6330013,-2618.0
47.75,-127.24,4.6330013,-2616.0
47.76,-127.25,4.2658925,-2618.0
47.76,-127.26,4.2658925,-2616.0
47.76,-127.27,4.2658925,-2613.0
47.77,-127.33,4.2658925,-2613.0
47.78,-127.35,4.2658925,-2620.0
47.78,-127.35,4.2658925,-2620.0
47.78,-127.36,4.1103892,-2623.0
47.78,-127.37,4.1103892,-2625.0
47.79,-127.39,4.1103892,-2629.0
47.79,-127.4,4.1103892,-2630.0
47.84,-127.72,3.3711357,-2660.0
47.84,-127.74,3.3711357,-2629.0
47.84,-127.75,3.1612465,-2664.0
47.84,-127.77,3.1612465,-2659.0
47.84,-127.77,3.1612465,-2659.0
47.85,-127.78,2.9645884,-2654.0
47.85,-127.79,2.9645884,-2647.0
47.85,-127.8,2.9645884,-2639.0
47.85,-127.81,2.9645884,-2634.0
47.85,-127.82,2.9645884,-2628.0
47.85,-127.82,2.9645884,-2628.0
47.85,-127.83,2.9645884,-2619.0
47.86,-127.84,2.9645884,-2618.0
47.86,-127.87,2.6994836,-2614.0
47.86,-127.91,2.6994836,-2615.0
47.85,-127.63,3.4528952,-2587.0
47.85,-127.64,3.4528952,-2645.0
47.85,-127.65,3.1907601,-2648.0
47.86,-127.67,3.1907601,-2655.0
47.86,-127.67,3.1907601,-2655.0
47.86,-127.68,3.1907601,-2658.0
47.86,-127.7,3.1907601,-2660.0
47.86,-127.7,3.1907601,-2660.0
47.86,-127.71,3.1907601,-2663.0
47.86,-127.71,3.1907601,-2663.0
47.87,-127.72,3.1907601,-2668.0
47.87,-127.72,3.1907601,-2668.0
47.87,-127.72,3.1907601,-2668.0
47.87,-127.73,3.1907601,-2668.0
47.87,-127.74,3.1907601,-2668.0
47.87,-127.74,3.1907601,-2668.0
47.87,-127.62,3.4528952,-2605.0
47.9,-127.64,3.4528952,-2649.0
47.91,-127.64,3.4528952,-2651.0
47.92,-127.65,3.1907601,-2654.0
47.92,-127.65,3.1907601,-2654.0
47.93,-127.65,3.1907601,-2656.0
47.94,-127.66,3.1907601,-2653.0
47.86,-127.68,3.1907601,-2658.0
47.86,-127.68,3.1907601,-2658.0
47.87,-127.69,3.1907601,-2661.0
47.87,-127.69,3.1907601,-2661.0
47.88,-127.69,3.1907601,-2658.0
47.89,-127.7,3.1907601,-2663.0
47.89,-127.7,3.1907601,-2663.0
47.89,-127.7,3.1907601,-2663.0
47.9,-127.71,3.1907601,-2656.0
47.9,-127.71,3.1907601,-2656.0
47.91,-127.71,3.1907601,-2664.0
47.92,-127.71,3.1907601,-2661.0
47.92,-127.72,3.1907601,-2660.0
47.93,-127.72,3.1907601,-2652.0
47.94,-127.73,3.1907601,-2640.0
47.94,-127.73,3.1907601,-2640.0
47.95,-127.73,3.0129824,-2634.0
47.96,-127.74,3.0129824,-2627.0
47.96,-127.74,3.0129824,-2627.0
47.76,-127.63,3.5786738,-2649.0
47.83,-127.66,3.3711357,-2652.0
47.84,-127.67,3.3711357,-2654.0
47.84,-127.67,3.3711357,-2654.0
47.85,-127.67,3.1907601,-2653.0
47.85,-127.67,3.1907601,-2653.0
47.86,-127.68,3.1907601,-2658.0
47.82,-127.49,3.8465323,-2632.0
47.82,-127.49,3.8465323,-2632.0
47.82,-127.51,3.8465323,-2634.0
47.82,-127.52,3.8465323,-2636.0
47.83,-127.53,3.8465323,-2641.0
47.83,-127.54,3.8465323,-2642.0
47.83,-127.55,3.5786738,-2643.0
47.83,-127.56,3.5786738,-2643.0
47.84,-127.57,3.5786738,-2642.0
47.84,-127.58,3.5786738,-2643.0
47.84,-127.59,3.5786738,-2643.0
47.84,-127.6,3.5786738,-2645.0
47.84,-127.61,3.5786738,-2645.0
47.89,-127.49,3.7126944,-2630.0
47.91,-127.59,3.4528952,-2641.0
47.91,-127.59,3.4528952,-2641.0
47.72,-127.82,3.251128,-2667.0
47.72,-127.82,3.251128,-2667.0
47.72,-127.81,3.251128,-2669.0
47.72,-127.8,3.251128,-2669.0
47.71,-127.79,3.251128,-2666.0
47.71,-127.79,3.251128,-2666.0
47.71,-127.79,3.251128,-2666.0
47.71,-127.78,3.251128,-2671.0
47.71,-127.78,3.251128,-2671.0
47.71,-127.78,3.251128,-2671.0
47.71,-127.78,3.251128,-2671.0
47.71,-127.77,3.251128,-2671.0
47.71,-127.77,3.251128,-2671.0
47.71,-127.76,3.251128,-2670.0
47.76,-127.76,3.1612465,-2663.0
47.7,-127.75,3.251128,-2667.0
47.7,-127.75,3.251128,-2667.0
47.86,-127.7,3.1907601,-2660.0
47.86,-127.7,3.1907601,-2660.0
47.86,-127.7,3.1907601,-2660.0
47.86,-127.71,3.1907601,-2663.0
47.86,-127.71,3.1907601,-2663.0
47.87,-127.72,3.1907601,-2668.0
47.87,-127.72,3.1907601,-2668.0
47.87,-127.72,3.1907601,-2668.0
47.87,-127.73,3.1907601,-2668.0
47.87,-127.73,3.1907601,-2668.0
47.87,-127.74,3.1907601,-2668.0
47.85,-127.73,3.1907601,-2651.0
47.85,-127.73,3.1907601,-2651.0
47.85,-127.72,3.1907601,-2661.0
47.85,-127.72,3.1907601,-2661.0
47.85,-127.72,3.1907601,-2661.0
47.85,-127.72,3.1907601,-2661.0
47.85,-127.72,3.1907601,-2661.0
47.85,-127.71,3.1907601,-2659.0
47.85,-127.7,3.1907601,-2659.0
47.79,-127.85,3.1612465,-2628.0
47.92,-128.72,0.91232389,-2614.0
47.92,-128.72,0.91232389,-2614.0
47.92,-128.71,0.91232389,-2613.0
47.92,-128.71,0.91232389,-2613.0
47.92,-128.7,0.91232389,-2610.0
47.92,-128.7,0.91232389,-2610.0
47.92,-128.69,0.91232389,-2604.0
47.92,-128.69,0.91232389,-2604.0
47.92,-128.68,0.91232389,-2604.0
47.91,-128.67,0.91232389,-2609.0
47.91,-128.67,0.91232389,-2609.0
47.91,-128.66,0.91232389,-2608.0
47.91,-128.66,0.91232389,-2608.0
47.91,-128.65,0.91232389,-2605.0
47.91,-128.65,0.91232389,-2605.0
47.91,-128.64,1.1679138,-2600.0
47.9,-128.63,1.1679138,-2602.0
47.9,-128.63,1.1679138,-2602.0
47.9,-128.62,1.1679138,-2597.0
47.9,-128.62,1.1679138,-2597.0
47.9,-128.61,1.1679138,-2596.0
47.9,-128.61,1.1679138,-2596.0
47.9,-128.61,1.1679138,-2596.0
47.9,-128.6,1.1679138,-2596.0
47.9,-128.59,1.1679138,-2603.0
47.9,-128.59,1.1679138,-2603.0
47.9,-128.58,1.1679138,-2610.0
47.89,-128.58,1.1679138,-2616.0
47.89,-128.57,1.1679138,-2608.0
47.89,-128.57,1.1679138,-2608.0
47.89,-128.57,1.1679138,-2608.0
47.89,-128.56,1.1679138,-2618.0
47.89,-128.56,1.1679138,-2618.0
47.89,-128.56,1.1679138,-2618.0
47.89,-128.55,1.1679138,-2629.0
47.89,-128.54,1.414219,-2646.0
47.89,-128.54,1.414219,-2646.0
47.89,-128.54,1.414219,-2646.0
47.89,-128.53,1.414219,-2656.0
47.89,-128.53,1.414219,-2656.0
47.88,-128.52,1.414219,-2663.0
47.92,-128.52,1.414219,-2617.0
47.92,-128.52,1.414219,-2617.0
47.92,-128.53,1.414219,-2610.0
47.92,-128.53,1.414219,-2610.0
47.92,-128.53,1.414219,-2610.0
47.92,-128.54,1.414219,-2602.0
47.92,-128.54,1.414219,-2602.0
47.92,-128.54,1.414219,-2602.0
47.92,-128.55,1.1679138,-2590.0
47.92,-128.55,1.1679138,-2590.0
47.92,-128.55,1.1679138,-2590.0
47.92,-128.55,1.1679138,-2590.0
47.92,-128.55,1.1679138,-2590.0
47.93,-128.56,1.1679138,-2591.0
47.93,-128.56,1.1679138,-2591.0
47.93,-128.56,1.1679138,-2591.0
47.93,-128.57,1.1679138,-2586.0
47.93,-128.57,1.1679138,-2586.0
47.93,-128.57,1.1679138,-2586.0
47.93,-128.58,1.1679138,-2583.0
47.93,-128.58,1.1679138,-2583.0
47.93,-128.58,1.1679138,-2583.0
47.93,-128.58,1.1679138,-2583.0
47.93,-128.59,1.1679138,-2582.0
47.93,-128.59,1.1679138,-2582.0
47.93,-128.59,1.1679138,-2582.0
47.93,-128.59,1.1679138,-2582.0
47.93,-128.59,1.1679138,-2582.0
47.93,-128.59,1.1679138,-2582.0
47.93,-128.59,1.1679138,-2582.0
47.93,-128.6,1.1679138,-2582.0
47.93,-128.6,1.1679138,-2582.0
47.93,-128.6,1.1679138,-2582.0
47.93,-128.6,1.1679138,-2582.0
47.93,-128.6,1.1679138,-2582.0
47.93,-128.6,1.1679138,-2582.0
47.93,-128.6,1.1679138,-2582.0
47.93,-128.6,1.1679138,-2582.0
47.93,-128.61,1.1679138,-2583.0
47.93,-128.61,1.1679138,-2583.0
47.93,-128.61,1.1679138,-2583.0
47.93,-128.61,1.1679138,-2583.0
47.93,-128.61,1.1679138,-2583.0
47.93,-128.61,1.1679138,-2583.0
47.93,-128.61,1.1679138,-2583.0
47.93,-128.61,1.1679138,-2583.0
47.93,-128.61,1.1679138,-2583.0
47.94,-128.61,1.1679138,-2582.0
47.94,-128.62,1.1679138,-2585.0
47.94,-128.62,1.1679138,-2585.0
47.94,-128.62,1.1679138,-2585.0
47.94,-128.62,1.1679138,-2585.0
47.94,-128.62,1.1679138,-2585.0
47.94,-128.62,1.1679138,-2585.0
47.94,-128.63,1.1679138,-2591.0
47.94,-128.63,1.1679138,-2591.0
47.94,-128.63,1.1679138,-2591.0
47.94,-128.63,1.1679138,-2591.0
47.94,-128.63,1.1679138,-2591.0
47.94,-128.63,1.1679138,-2591.0
47.94,-128.63,1.1679138,-2591.0
47.94,-128.63,1.1679138,-2591.0
47.94,-128.63,1.1679138,-2591.0
47.94,-128.64,1.1679138,-2594.0
47.91,-128.55,1.1679138,-2595.0
47.91,-128.55,1.1679138,-2595.0
47.91,-128.55,1.1679138,-2595.0
47.91,-128.55,1.1679138,-2595.0
47.91,-128.56,1.1679138,-2589.0
47.91,-128.56,1.1679138,-2589.0
47.91,-128.56,1.1679138,-2589.0
47.91,-128.56,1.1679138,-2589.0
47.91,-128.57,1.1679138,-2594.0
47.91,-128.57,1.1679138,-2594.0
47.91,-128.57,1.1679138,-2594.0
47.91,-128.57,1.1679138,-2594.0
47.91,-128.58,1.1679138,-2595.0
47.91,-128.58,1.1679138,-2595.0
47.91,-128.58,1.1679138,-2595.0
47.91,-128.59,1.1679138,-2590.0
47.91,-128.59,1.1679138,-2590.0
47.91,-128.59,1.1679138,-2590.0
47.91,-128.59,1.1679138,-2590.0
47.92,-128.6,1.1679138,-2585.0
47.92,-128.6,1.1679138,-2585.0
47.92,-128.6,1.1679138,-2585.0
47.92,-128.6,1.1679138,-2585.0
47.72,-127.79,3.251128,-2666.0
47.71,-127.79,3.251128,-2666.0
47.72,-127.79,3.251128,-2666.0
47.72,-127.79,3.251128,-2666.0
47.72,-127.78,3.251128,-2669.0
47.72,-127.78,3.251128,-2669.0
47.72,-127.78,3.251128,-2669.0
47.72,-127.78,3.251128,-2669.0
47.72,-127.78,3.251128,-2669.0
47.72,-127.78,3.251128,-2669.0
47.73,-127.78,3.251128,-2668.0
47.73,-127.78,3.251128,-2668.0
47.73,-127.78,3.251128,-2668.0
47.73,-127.78,3.251128,-2668.0
47.73,-127.77,3.251128,-2668.0
47.73,-127.77,3.251128,-2668.0
47.74,-127.77,3.251128,-2667.0
47.74,-127.77,3.251128,-2667.0
47.69,-127.76,3.251128,-2665.0
47.69,-127.76,3.251128,-2665.0
47.69,-127.76,3.251128,-2665.0
47.69,-127.77,3.251128,-2666.0
47.69,-127.77,3.251128,-2666.0
47.69,-127.77,3.251128,-2666.0
47.69,-127.78,3.251128,-2668.0
47.69,-127.78,3.251128,-2668.0
47.69,-127.78,3.251128,-2668.0
47.69,-127.79,3.251128,-2668.0
47.69,-127.79,3.251128,-2668.0
47.69,-127.79,3.251128,-2668.0
47.69,-127.8,3.251128,-2668.0
47.7,-127.8,3.251128,-2662.0
47.7,-127.8,3.251128,-2662.0
47.7,-127.81,3.251128,-2667.0
47.7,-127.81,3.251128,-2667.0
47.72,-127.74,3.4946105,-2668.0
47.72,-127.75,3.251128,-2669.0
47.72,-127.75,3.251128,-2669.0
47.72,-127.76,3.251128,-2671.0
47.72,-127.76,3.251128,-2671.0
47.72,-127.77,3.251128,-2671.0
47.72,-127.77,3.251128,-2671.0
47.72,-127.77,3.251128,-2671.0
47.72,-127.78,3.251128,-2669.0
47.72,-127.78,3.251128,-2669.0
47.73,-127.78,3.251128,-2668.0
47.73,-127.78,3.251128,-2668.0
47.73,-127.79,3.251128,-2668.0
47.73,-127.79,3.251128,-2668.0
47.73,-127.79,3.251128,-2668.0
47.73,-127.8,3.251128,-2667.0
47.73,-127.8,3.251128,-2667.0
47.73,-127.8,3.251128,-2667.0
47.73,-127.81,3.251128,-2665.0
47.73,-127.81,3.251128,-2665.0
47.73,-127.81,3.251128,-2665.0
47.73,-127.82,3.251128,-2665.0
47.73,-127.82,3.251128,-2665.0
47.73,-127.73,3.4946105,-2665.0
47.73,-127.74,3.4946105,-2667.0
47.74,-127.74,3.4946105,-2666.0
47.74,-127.75,3.251128,-2666.0
47.74,-127.75,3.251128,-2666.0
47.74,-127.75,3.251128,-2666.0
47.74,-127.76,3.251128,-2666.0
47.74,-127.76,3.251128,-2666.0
47.74,-127.77,3.251128,-2667.0
47.74,-127.77,3.251128,-2667.0
47.74,-127.77,3.251128,-2667.0
47.74,-127.78,3.251128,-2667.0
47.74,-127.78,3.251128,-2667.0
47.74,-127.78,3.251128,-2667.0
47.74,-127.78,3.251128,-2667.0
47.75,-127.79,3.251128,-2664.0
47.75,-127.79,3.251128,-2664.0
47.75,-127.8,3.251128,-2662.0
47.75,-127.8,3.251128,-2662.0
47.75,-127.8,3.251128,-2662.0
47.75,-127.81,3.251128,-2662.0
47.75,-127.81,3.251128,-2662.0
47.75,-127.81,3.251128,-2662.0
47.75,-127.82,3.251128,-2661.0
47.75,-127.82,3.251128,-2661.0
47.75,-127.82,3.251128,-2661.0
47.75,-127.83,3.251128,-2658.0
47.69,-127.78,3.251128,-2668.0
47.69,-127.78,3.251128,-2668.0
47.69,-127.78,3.251128,-2668.0
47.69,-127.78,3.251128,-2668.0
47.69,-127.79,3.251128,-2668.0
47.69,-127.79,3.251128,-2668.0
47.69,-127.79,3.251128,-2668.0
47.69,-127.79,3.251128,-2668.0
47.69,-127.8,3.251128,-2668.0
47.69,-127.8,3.251128,-2668.0
47.69,-127.8,3.251128,-2668.0
47.69,-127.8,3.251128,-2668.0
47.69,-127.81,3.251128,-2667.0
47.69,-127.81,3.251128,-2667.0
47.69,-127.81,3.251128,-2667.0
47.69,-127.8,3.251128,-2668.0
47.69,-127.8,3.251128,-2668.0
47.7,-127.79,3.251128,-2669.0
47.7,-127.79,3.251128,-2669.0
47.7,-127.79,3.251128,-2669.0
47.7,-127.75,3.251128,-2667.0
47.7,-127.75,3.251128,-2667.0
47.7,-127.75,3.251128,-2667.0
47.7,-127.75,3.251128,-2667.0
47.7,-127.76,3.251128,-2668.0
47.7,-127.76,3.251128,-2668.0
47.7,-127.76,3.251128,-2668.0
47.7,-127.77,3.251128,-2669.0
47.71,-127.77,3.251128,-2671.0
47.71,-127.77,3.251128,-2671.0
47.71,-127.77,3.251128,-2671.0
47.71,-127.78,3.251128,-2671.0
47.71,-127.78,3.251128,-2671.0
47.71,-127.78,3.251128,-2671.0
47.71,-127.78,3.251128,-2671.0
47.71,-127.79,3.251128,-2666.0
47.71,-127.8,3.251128,-2666.0
47.71,-127.8,3.251128,-2666.0
47.71,-127.8,3.251128,-2666.0
47.71,-127.8,3.251128,-2666.0
47.71,-127.81,3.251128,-2669.0
47.72,-127.81,3.251128,-2669.0
47.72,-127.81,3.251128,-2669.0
47.72,-127.81,3.251128,-2669.0
47.72,-127.82,3.251128,-2667.0
47.72,-127.82,3.251128,-2667.0
47.71,-127.77,3.251128,-2671.0
47.71,-127.77,3.251128,-2671.0
47.71,-127.79,3.251128,-2666.0
47.71,-127.79,3.251128,-2666.0
47.71,-127.78,3.251128,-2671.0
47.71,-127.78,3.251128,-2671.0
47.71,-127.78,3.251128,-2671.0
47.71,-127.77,3.251128,-2671.0
47.71,-127.76,3.251128,-2670.0
47.71,-127.76,3.251128,-2670.0
47.71,-127.76,3.251128,-2670.0
47.71,-127.76,3.251128,-2670.0
47.71,-127.76,3.251128,-2670.0
47.72,-127.76,3.251128,-2671.0
47.72,-127.76,3.251128,-2671.0
47.72,-127.76,3.251128,-2671.0
47.72,-127.76,3.251128,-2671.0
47.72,-127.76,3.251128,-2671.0
47.72,-127.76,3.251128,-2671.0
47.73,-127.75,3.251128,-2668.0
47.73,-127.75,3.251128,-2668.0
47.73,-127.75,3.251128,-2668.0
47.72,-127.64,3.5783212,-2650.0
47.72,-127.64,3.5783212,-2650.0
47.72,-127.64,3.5783212,-2650.0
47.72,-127.65,3.4946105,-2650.0
47.72,-127.65,3.4946105,-2650.0
47.72,-127.66,3.4946105,-2650.0
47.72,-127.66,3.4946105,-2650.0
47.72,-127.67,3.4946105,-2651.0
47.72,-127.68,3.4946105,-2653.0
47.72,-127.68,3.4946105,-2653.0
47.73,-127.69,3.4946105,-2654.0
47.73,-127.69,3.4946105,-2654.0
47.73,-127.7,3.4946105,-2658.0
47.73,-127.7,3.4946105,-2658.0
47.73,-127.7,3.4946105,-2658.0
47.73,-127.71,3.4946105,-2660.0
47.73,-127.71,3.4946105,-2660.0
47.73,-127.71,3.4946105,-2660.0
47.73,-127.72,3.4946105,-2662.0
47.73,-127.72,3.4946105,-2662.0
47.73,-127.72,3.4946105,-2662.0
47.71,-127.8,3.251128,-2666.0
47.71,-127.8,3.251128,-2666.0
47.71,-127.8,3.251128,-2666.0
47.71,-127.8,3.251128,-2666.0
47.71,-127.8,3.251128,-2666.0
47.71,-127.79,3.251128,-2666.0
47.71,-127.79,3.251128,-2666.0
47.71,-127.79,3.251128,-2666.0
47.71,-127.79,3.251128,-2666.0
47.71,-127.79,3.251128,-2666.0
47.71,-127.79,3.251128,-2666.0
47.71,-127.79,3.251128,-2666.0
47.71,-127.79,3.251128,-2666.0
47.71,-127.78,3.251128,-2671.0
47.71,-127.78,3.251128,-2671.0
47.71,-127.78,3.251128,-2671.0
47.71,-127.78,3.251128,-2671.0
47.71,-127.78,3.251128,-2671.0
47.71,-127.78,3.251128,-2671.0
47.71,-127.78,3.251128,-2671.0
47.71,-127.78,3.251128,-2671.0
47.71,-127.78,3.251128,-2671.0
47.71,-127.77,3.251128,-2671.0
47.71,-127.77,3.251128,-2671.0
47.72,-127.78,3.251128,-2669.0
47.72,-127.78,3.251128,-2669.0
47.72,-127.78,3.251128,-2669.0
47.72,-127.78,3.251128,-2669.0
47.72,-127.78,3.251128,-2669.0
47.72,-127.78,3.251128,-2669.0
47.72,-127.78,3.251128,-2669.0
47.72,-127.78,3.251128,-2669.0
47.72,-127.79,3.251128,-2666.0
47.7,-127.78,3.251128,-2670.0
47.7,-127.78,3.251128,-2670.0
47.7,-127.78,3.251128,-2670.0
47.7,-127.78,3.251128,-2670.0
47.7,-127.78,3.251128,-2670.0
47.7,-127.78,3.251128,-2670.0
47.7,-127.78,3.251128,-2670.0
47.7,-127.78,3.251128,-2670.0
47.7,-127.78,3.251128,-2670.0
47.71,-127.78,3.251128,-2671.0
47.7,-127.79,3.251128,-2669.0
47.71,-127.79,3.251128,-2666.0
47.71,-127.79,3.251128,-2666.0
47.71,-127.79,3.251128,-2666.0
47.71,-127.79,3.251128,-2666.0
47.71,-127.79,3.251128,-2666.0
47.72,-127.79,3.251128,-2666.0
47.72,-127.79,3.251128,-2666.0
47.72,-127.79,3.251128,-2666.0
47.72,-127.79,3.251128,-2666.0
47.72,-127.79,3.251128,-2666.0
47.72,-127.79,3.251128,-2666.0
47.72,-127.79,3.251128,-2666.0
47.72,-127.79,3.251128,-2666.0
47.72,-127.79,3.251128,-2666.0
47.72,-127.79,3.251128,-2666.0
47.72,-127.79,3.251128,-2666.0
47.72,-127.79,3.251128,-2666.0
47.72,-127.79,3.251128,-2666.0
47.72,-127.78,3.251128,-2669.0
47.72,-127.78,3.251128,-2669.0
47.71,-127.77,3.251128,-2671.0
47.71,-127.78,3.251128,-2671.0
47.71,-127.78,3.251128,-2671.0
47.71,-127.78,3.251128,-2671.0
47.71,-127.78,3.251128,-2671.0
47.71,-127.78,3.251128,-2671.0
47.71,-127.78,3.251128,-2671.0
47.71,-127.78,3.251128,-2671.0
47.71,-127.78,3.251128,-2671.0
47.71,-127.78,3.251128,-2671.0
47.71,-127.78,3.251128,-2671.0
47.71,-127.78,3.251128,-2671.0
47.71,-127.78,3.251128,-2671.0
47.71,-127.79,3.251128,-2666.0
47.71,-127.79,3.251128,-2666.0
47.71,-127.79,3.251128,-2666.0
47.71,-127.79,3.251128,-2666.0
47.71,-127.79,3.251128,-2666.0
47.71,-127.79,3.251128,-2666.0
47.71,-127.79,3.251128,-2666.0
47.71,-127.79,3.251128,-2666.0
47.71,-127.8,3.251128,-2666.0
47.71,-127.8,3.251128,-2666.0
47.71,-127.8,3.251128,-2666.0
47.71,-127.8,3.251128,-2666.0
47.72,-127.8,3.251128,-2669.0
47.71,-127.8,3.251128,-2666.0
47.72,-127.79,3.251128,-2666.0
47.71,-127.79,3.251128,-2666.0
47.71,-127.79,3.251128,-2666.0
47.71,-127.78,3.251128,-2671.0
47.71,-127.78,3.251128,-2671.0
47.71,-127.78,3.251128,-2671.0
47.71,-127.78,3.251128,-2671.0
47.71,-127.78,3.251128,-2671.0
47.71,-127.78,3.251128,-2671.0
47.71,-127.79,3.251128,-2666.0
47.71,-127.79,3.251128,-2666.0
47.72,-127.78,3.251128,-2669.0
47.72,-127.78,3.251128,-2669.0
47.72,-127.78,3.251128,-2669.0
47.72,-127.78,3.251128,-2669.0
47.72,-127.78,3.251128,-2669.0
47.72,-127.78,3.251128,-2669.0
47.72,-127.78,3.251128,-2669.0
47.72,-127.78,3.251128,-2669.0
47.72,-127.79,3.251128,-2666.0
47.72,-127.78,3.251128,-2669.0
47.72,-127.78,3.251128,-2669.0
47.72,-127.78,3.251128,-2669.0
47.72,-127.78,3.251128,-2669.0
47.72,-127.78,3.251128,-2669.0
47.72,-127.78,3.251128,-2669.0
47.72,-127.78,3.251128,-2669.0
47.72,-127.78,3.251128,-2669.0
47.72,-127.78,3.251128,-2669.0
47.72,-127.77,3.251128,-2671.0
47.72,-127.79,3.251128,-2666.0
47.72,-127.78,3.251128,-2669.0
47.72,-127.79,3.251128,-2666.0
47.72,-127.79,3.251128,-2666.0
47.71,-127.79,3.251128,-2666.0
47.71,-127.79,3.251128,-2666.0
47.71,-127.79,3.251128,-2666.0
47.71,-127.79,3.251128,-2666.0
47.72,-127.79,3.251128,-2666.0
47.93,-128.59,1.1679138,-2582.0
47.93,-128.6,1.1679138,-2582.0
47.93,-128.6,1.1679138,-2582.0
47.93,-128.6,1.1679138,-2582.0
47.93,-128.6,1.1679138,-2582.0
47.93,-128.6,1.1679138,-2582.0
47.93,-128.6,1.1679138,-2582.0
47.93,-128.6,1.1679138,-2582.0
47.93,-128.6,1.1679138,-2582.0
47.93,-128.61,1.1679138,-2583.0
47.93,-128.61,1.1679138,-2583.0
47.94,-128.61,1.1679138,-2582.0
47.94,-128.61,1.1679138,-2582.0
47.94,-128.61,1.1679138,-2582.0
47.94,-128.61,1.1679138,-2582.0
47.94,-128.61,1.1679138,-2582.0
47.94,-128.62,1.1679138,-2585.0
47.94,-128.62,1.1679138,-2585.0
47.94,-128.62,1.1679138,-2585.0
47.94,-128.62,1.1679138,-2585.0
47.94,-128.62,1.1679138,-2585.0
47.94,-128.62,1.1679138,-2585.0
47.94,-128.62,1.1679138,-2585.0
47.94,-128.62,1.1679138,-2585.0
47.94,-128.63,1.1679138,-2591.0
47.94,-128.63,1.1679138,-2591.0
47.94,-128.63,1.1679138,-2591.0
47.94,-128.63,1.1679138,-2591.0
47.94,-128.63,1.1679138,-2591.0
47.94,-128.63,1.1679138,-2591.0
47.94,-128.63,1.1679138,-2591.0
47.94,-128.63,1.1679138,-2591.0
47.94,-128.64,1.1679138,-2594.0
47.94,-128.64,1.1679138,-2594.0
47.94,-128.64,1.1679138,-2594.0
47.94,-128.64,1.1679138,-2594.0
47.94,-128.59,1.1679138,-2582.0
47.94,-128.59,1.1679138,-2582.0
47.94,-128.59,1.1679138,-2582.0
47.94,-128.59,1.1679138,-2582.0
47.94,-128.59,1.1679138,-2582.0
47.94,-128.59,1.1679138,-2582.0
47.94,-128.59,1.1679138,-2582.0
47.94,-128.6,1.1679138,-2582.0
47.94,-128.6,1.1679138,-2582.0
47.94,-128.6,1.1679138,-2582.0
47.94,-128.6,1.1679138,-2582.0
47.94,-128.6,1.1679138,-2582.0
47.94,-128.6,1.1679138,-2582.0
47.94,-128.6,1.1679138,-2582.0
47.94,-128.61,1.1679138,-2582.0
47.94,-128.61,1.1679138,-2582.0
47.95,-128.61,0.97481376,-2586.0
47.95,-128.61,0.97481376,-2586.0
47.95,-128.61,0.97481376,-2586.0
47.95,-128.61,0.97481376,-2586.0
47.95,-128.61,0.97481376,-2586.0
47.95,-128.62,0.97481376,-2586.0
47.95,-128.62,0.97481376,-2586.0
47.95,-128.62,0.97481376,-2586.0
47.95,-128.62,0.97481376,-2586.0
47.95,-128.62,0.97481376,-2586.0
47.95,-128.62,0.97481376,-2586.0
47.95,-128.62,0.97481376,-2586.0
47.95,-128.62,0.97481376,-2586.0
47.95,-128.63,0.97481376,-2589.0
47.95,-128.63,0.97481376,-2589.0
47.95,-128.63,0.97481376,-2589.0
47.95,-128.63,0.97481376,-2589.0
47.95,-128.63,0.97481376,-2589.0
47.95,-128.63,0.97481376,-2589.0
47.95,-128.63,0.97481376,-2589.0
47.95,-128.64,0.97481376,-2590.0
47.95,-128.64,0.97481376,-2590.0
47.95,-128.64,0.97481376,-2590.0
47.95,-128.64,0.97481376,-2590.0
47.95,-128.64,0.97481376,-2590.0
47.95,-128.64,0.97481376,-2590.0
47.95,-128.64,0.97481376,-2590.0
47.95,-128.64,0.97481376,-2590.0
47.95,-128.65,0.74019408,-2588.0
47.95,-128.65,0.74019408,-2588.0
47.95,-128.58,0.97481376,-2582.0
47.95,-128.58,0.97481376,-2582.0
47.95,-128.58,0.97481376,-2582.0
47.95,-128.59,0.97481376,-2582.0
47.95,-128.59,0.97481376,-2582.0
47.95,-128.59,0.97481376,-2582.0
47.95,-128.59,0.97481376,-2582.0
47.95,-128.59,0.97481376,-2582.0
47.95,-128.59,0.97481376,-2582.0
47.95,-128.59,0.97481376,-2582.0
47.95,-128.6,0.97481376,-2584.0
47.95,-128.6,0.97481376,-2584.0
47.95,-128.6,0.97481376,-2584.0
47.95,-128.6,0.97481376,-2584.0
47.95,-128.6,0.97481376,-2584.0
47.95,-128.6,0.97481376,-2584.0
47.95,-128.6,0.97481376,-2584.0
47.95,-128.61,0.97481376,-2586.0
47.96,-128.57,0.97481376,-2585.0
47.96,-128.57,0.97481376,-2585.0
47.96,-128.57,0.97481376,-2585.0
47.96,-128.58,0.97481376,-2586.0
47.96,-128.58,0.97481376,-2586.0
47.96,-128.58,0.97481376,-2586.0
47.96,-128.58,0.97481376,-2586.0
47.96,-128.59,0.97481376,-2585.0
47.96,-128.59,0.97481376,-2585.0
47.89,-128.67,0.91232389,-2623.0
47.89,-128.67,0.91232389,-2623.0
47.89,-128.67,0.91232389,-2623.0
47.89,-128.68,0.91232389,-2631.0
47.89,-128.68,0.91232389,-2631.0
47.9,-128.69,0.91232389,-2623.0
47.9,-128.69,0.91232389,-2623.0
47.9,-128.69,0.91232389,-2623.0
47.9,-128.7,0.91232389,-2622.0
47.9,-128.7,0.91232389,-2622.0
47.9,-128.71,0.91232389,-2624.0
47.9,-128.71,0.91232389,-2624.0
47.9,-128.71,0.91232389,-2624.0
47.9,-128.72,0.91232389,-2626.0
47.9,-128.72,0.91232389,-2626.0
47.9,-128.72,0.91232389,-2626.0
47.9,-128.73,0.91232389,-2628.0
47.9,-128.73,0.91232389,-2628.0
47.91,-128.74,0.91232389,-2624.0
47.91,-128.74,0.91232389,-2624.0
47.91,-128.75,0.66285837,-2624.0
47.91,-128.75,0.66285837,-2624.0
47.91,-128.76,0.66285837,-2619.0
47.91,-128.76,0.66285837,-2619.0
47.91,-128.76,0.66285837,-2619.0
47.91,-128.77,0.66285837,-2614.0
47.91,-128.77,0.66285837,-2614.0
47.91,-128.78,0.66285837,-2608.0
47.91,-128.78,0.66285837,-2608.0
47.92,-128.78,0.66285837,-2607.0
47.92,-128.79,0.66285837,-2602.0
47.92,-128.79,0.66285837,-2602.0
47.92,-128.79,0.66285837,-2602.0
47.92,-128.8,0.66285837,-2595.0
47.92,-128.81,0.66285837,-2590.0
47.92,-128.82,0.66285837,-2588.0
47.92,-128.82,0.66285837,-2588.0
47.92,-128.82,0.66285837,-2588.0
47.92,-128.82,0.66285837,-2588.0
47.92,-128.82,0.66285837,-2588.0
47.92,-128.82,0.66285837,-2588.0
47.92,-128.82,0.66285837,-2588.0
47.92,-128.83,0.66285837,-2586.0
47.92,-128.83,0.66285837,-2586.0
47.92,-128.83,0.66285837,-2586.0
47.92,-128.83,0.66285837,-2586.0
47.92,-128.83,0.66285837,-2586.0
47.93,-128.83,0.66285837,-2585.0
47.93,-128.83,0.66285837,-2585.0
47.93,-128.84,0.66285837,-2578.0
47.94,-128.57,1.1679138,-2585.0
47.94,-128.57,1.1679138,-2585.0
47.94,-128.58,1.1679138,-2584.0
47.94,-128.58,1.1679138,-2584.0
47.94,-128.58,1.1679138,-2584.0
47.94,-128.58,1.1679138,-2584.0
47.94,-128.58,1.1679138,-2584.0
47.94,-128.58,1.1679138,-2584.0
47.94,-128.58,1.1679138,-2584.0
47.94,-128.58,1.1679138,-2584.0
47.93,-128.57,1.1679138,-2586.0
47.86,-128.49,1.414219,-2663.0
47.86,-128.5,1.414219,-2665.0
47.86,-128.5,1.414219,-2665.0
47.86,-128.51,1.414219,-2666.0
47.86,-128.51,1.414219,-2666.0
47.86,-128.51,1.414219,-2666.0
47.86,-128.51,1.414219,-2666.0
47.86,-128.52,1.414219,-2667.0
47.86,-128.52,1.414219,-2667.0
47.86,-128.52,1.414219,-2667.0
47.86,-128.52,1.414219,-2667.0
47.86,-128.53,1.414219,-2666.0
47.86,-128.53,1.414219,-2666.0
47.86,-128.53,1.414219,-2666.0
47.86,-128.53,1.414219,-2666.0
47.86,-128.54,1.414219,-2667.0
47.86,-128.54,1.414219,-2667.0
47.87,-128.54,1.414219,-2666.0
47.87,-128.54,1.414219,-2666.0
47.87,-128.55,1.1679138,-2662.0
47.87,-128.55,1.1679138,-2662.0
47.87,-128.55,1.1679138,-2662.0
47.87,-128.55,1.1679138,-2662.0
47.87,-128.56,1.1679138,-2650.0
47.87,-128.56,1.1679138,-2650.0
47.87,-128.56,1.1679138,-2650.0
47.87,-128.56,1.1679138,-2650.0
47.87,-128.57,1.1679138,-2629.0
47.87,-128.57,1.1679138,-2629.0
47.87,-128.57,1.1679138,-2629.0
47.87,-128.57,1.1679138,-2629.0
47.87,-128.58,1.1679138,-2619.0
47.87,-128.58,1.1679138,-2619.0
47.87,-128.58,1.1679138,-2619.0
47.87,-128.59,1.1679138,-2628.0
47.87,-128.59,1.1679138,-2628.0
47.88,-128.59,1.1679138,-2620.0
47.88,-128.59,1.1679138,-2620.0
47.88,-128.6,1.1679138,-2609.0
47.88,-128.6,1.1679138,-2609.0
47.88,-128.6,1.1679138,-2609.0
47.88,-128.6,1.1679138,-2609.0
47.88,-128.61,1.1679138,-2607.0
47.88,-128.61,1.1679138,-2607.0
47.88,-128.61,1.1679138,-2607.0
47.88,-128.62,1.1679138,-2605.0
47.88,-128.62,1.1679138,-2605.0
47.88,-128.63,1.1679138,-2607.0
47.88,-128.63,1.1679138,-2607.0
47.89,-128.64,1.1679138,-2609.0
47.89,-128.64,1.1679138,-2609.0
47.89,-128.64,1.1679138,-2609.0
47.89,-128.65,0.91232389,-2617.0
47.89,-128.65,0.91232389,-2617.0
47.89,-128.66,0.91232389,-2619.0
47.89,-128.66,0.91232389,-2619.0
47.92,-128.79,0.66285837,-2602.0
47.92,-128.79,0.66285837,-2602.0
47.92,-128.8,0.66285837,-2595.0
47.92,-128.8,0.66285837,-2595.0
47.92,-128.81,0.66285837,-2590.0
47.92,-128.81,0.66285837,-2590.0
47.92,-128.81,0.66285837,-2590.0
47.92,-128.81,0.66285837,-2590.0
47.92,-128.81,0.66285837,-2590.0
47.92,-128.81,0.66285837,-2590.0
47.75,-127.71,3.4946105,-2663.0
47.75,-127.72,3.4946105,-2664.0
47.75,-127.72,3.4946105,-2664.0
47.75,-127.72,3.4946105,-2664.0
47.76,-127.72,3.3711357,-2663.0
47.76,-127.73,3.3711357,-2662.0
47.76,-127.73,3.3711357,-2662.0
47.76,-127.73,3.3711357,-2662.0
47.76,-127.73,3.3711357,-2662.0
47.76,-127.74,3.3711357,-2663.0
47.76,-127.74,3.3711357,-2663.0
47.76,-127.74,3.3711357,-2663.0
47.76,-127.74,3.3711357,-2663.0
47.76,-127.75,3.1612465,-2664.0
47.76,-127.75,3.1612465,-2664.0
47.76,-127.75,3.1612465,-2664.0
47.76,-127.75,3.1612465,-2664.0
47.76,-127.76,3.1612465,-2663.0
47.76,-127.76,3.1612465,-2663.0
47.76,-127.76,3.1612465,-2663.0
47.76,-127.77,3.1612465,-2664.0
47.76,-127.77,3.1612465,-2664.0
47.76,-127.77,3.1612465,-2664.0
47.77,-127.77,3.1612465,-2660.0
47.77,-127.78,3.1612465,-2657.0
47.77,-127.78,3.1612465,-2657.0
47.77,-127.78,3.1612465,-2657.0
47.77,-127.78,3.1612465,-2657.0
47.77,-127.79,3.1612465,-2657.0
47.77,-127.79,3.1612465,-2657.0
47.77,-127.79,3.1612465,-2657.0
47.77,-127.7,3.3711357,-2661.0
47.77,-127.7,3.3711357,-2661.0
47.77,-127.7,3.3711357,-2661.0
47.77,-127.7,3.3711357,-2661.0
47.77,-127.71,3.3711357,-2660.0
47.77,-127.71,3.3711357,-2660.0
47.77,-127.71,3.3711357,-2660.0
47.77,-127.71,3.3711357,-2660.0
47.77,-127.72,3.3711357,-2660.0
47.77,-127.72,3.3711357,-2660.0
47.77,-127.72,3.3711357,-2660.0
47.77,-127.72,3.3711357,-2660.0
47.78,-127.73,3.3711357,-2659.0
47.78,-127.73,3.3711357,-2659.0
47.78,-127.73,3.3711357,-2659.0
47.78,-127.73,3.3711357,-2659.0
47.78,-127.73,3.3711357,-2659.0
47.78,-127.73,3.3711357,-2659.0
47.78,-127.73,3.3711357,-2659.0
47.78,-127.73,3.3711357,-2659.0
47.78,-127.74,3.3711357,-2660.0
47.78,-127.74,3.3711357,-2660.0
47.78,-127.74,3.3711357,-2660.0
47.78,-127.74,3.3711357,-2660.0
47.78,-127.74,3.3711357,-2660.0
47.78,-127.74,3.3711357,-2660.0
47.78,-127.74,3.3711357,-2660.0
47.78,-127.75,3.1612465,-2659.0
47.78,-127.75,3.1612465,-2659.0
47.78,-127.75,3.1612465,-2659.0
47.78,-127.75,3.1612465,-2659.0
47.78,-127.75,3.1612465,-2659.0
47.78,-127.75,3.1612465,-2659.0
47.78,-127.75,3.1612465,-2659.0
47.78,-127.76,3.1612465,-2658.0
47.78,-127.76,3.1612465,-2658.0
47.78,-127.76,3.1612465,-2658.0
47.78,-127.76,3.1612465,-2658.0
47.78,-127.76,3.1612465,-2658.0
47.78,-127.76,3.1612465,-2658.0
47.78,-127.76,3.1612465,-2658.0
47.78,-127.77,3.1612465,-2655.0
47.78,-127.77,3.1612465,-2655.0
47.79,-127.77,3.1612465,-2654.0
47.79,-127.77,3.1612465,-2654.0
47.79,-127.78,3.1612465,-2655.0
47.79,-127.78,3.1612465,-2655.0
47.79,-127.78,3.1612465,-2655.0
47.79,-127.78,3.1612465,-2655.0
47.79,-127.79,3.1612465,-2654.0
47.79,-127.79,3.1612465,-2654.0
47.79,-127.79,3.1612465,-2654.0
47.79,-127.79,3.1612465,-2654.0
47.79,-127.8,3.1612465,-2650.0
47.79,-127.8,3.1612465,-2650.0
47.76,-127.75,3.1612465,-2664.0
47.76,-127.75,3.1612465,-2664.0
47.76,-127.75,3.1612465,-2664.0
47.76,-127.75,3.1612465,-2664.0
47.76,-127.75,3.1612465,-2664.0
47.76,-127.76,3.1612465,-2663.0
47.76,-127.76,3.1612465,-2663.0
47.76,-127.76,3.1612465,-2663.0
47.76,-127.76,3.1612465,-2663.0
47.76,-127.76,3.1612465,-2663.0
47.76,-127.76,3.1612465,-2663.0
47.76,-127.76,3.1612465,-2663.0
47.76,-127.76,3.1612465,-2663.0
47.76,-127.77,3.1612465,-2664.0
47.76,-127.77,3.1612465,-2664.0
47.76,-127.77,3.1612465,-2664.0
47.76,-127.77,3.1612465,-2664.0
47.76,-127.77,3.1612465,-2664.0
47.77,-127.77,3.1612465,-2660.0
47.77,-127.77,3.1612465,-2660.0
47.77,-127.77,3.1612465,-2660.0
47.77,-127.79,3.1612465,-2657.0
47.77,-127.79,3.1612465,-2657.0
47.77,-127.79,3.1612465,-2657.0
47.77,-127.8,3.1612465,-2656.0
47.77,-127.8,3.1612465,-2656.0
47.77,-127.8,3.1612465,-2656.0
47.77,-127.8,3.1612465,-2656.0
47.77,-127.81,3.1612465,-2655.0
47.77,-127.81,3.1612465,-2655.0
47.77,-127.81,3.1612465,-2655.0
47.77,-127.81,3.1612465,-2655.0
49.83,-120.83,9.2849312,1570.0
49.83,-120.8,9.2849312,1570.0
49.82,-120.71,9.2849312,1459.0
49.84,-120.61,9.2849312,1528.0
49.71,-120.44,9.2849312,1182.0
49.74,-120.41,9.2849312,1111.0
49.78,-120.49,9.2849312,1217.0
49.81,-120.0,9.2849312,1211.0
49.67,-119.25,9.2849312,1113.0
49.7,-119.21,9.2849312,1234.0
49.73,-119.16,9.2849312,1142.0
49.79,-119.1,9.2849312,1162.0
49.96,-119.79,9.2849312,1273.0
49.57,-119.65,9.2849312,1724.0
49.01,-128.54,2.9651117,-2500.0
49.01,-128.54,2.9651117,-2500.0
48.33,-129.5,1.0923868,-2581.0
48.71,-129.33,1.0676979,-2811.0
48.81,-128.53,1.6490558,-2279.0
48.7,-128.64,0.59841609,-2532.0
48.82,-128.75,0.68546021,-2530.0
48.82,-128.75,0.68546021,-2530.0
48.82,-128.75,0.68546021,-2530.0
48.33,-128.65,0.80387408,-2464.0
48.36,-128.57,1.033847,-2549.0
48.39,-128.44,1.3642263,-2662.0
48.36,-128.25,1.6470286,-2575.0
48.48,-128.27,1.6329716,-2513.0
48.46,-128.45,1.3784287,-2576.0
48.46,-128.56,0.8665905,-2373.0
48.46,-128.67,0.59159386,-2474.0
48.46,-128.67,0.59159386,-2474.0
48.46,-128.67,0.59159386,-2474.0
48.45,-128.81,0.34311613,-2436.0
48.45,-128.81,0.34311613,-2436.0
48.45,-128.81,0.34311613,-2436.0
48.47,-128.99,0.2075969,-2925.0
48.47,-129.08,0.41323298,-2896.0
48.47,-129.22,0.6946314,-2532.0
48.55,-129.45,1.1500742,-2783.0
48.53,-129.34,0.93639433,-2557.0
48.55,-129.23,0.6946314,-2614.0
48.55,-128.93,0.15120271,-2947.0
48.55,-128.67,0.59159386,-2501.0
48.55,-128.67,0.59159386,-2501.0
48.55,-128.67,0.59159386,-2501.0
48.56,-128.69,0.44956386,-2513.0
48.56,-128.69,0.44956386,-2513.0
48.56,-128.69,0.44956386,-2513.0
48.56,-128.54,0.96464723,-2433.0
48.57,-128.39,1.2363625,-2610.0
48.56,-128.28,1.5076998,-2458.0
48.64,-128.26,1.5076998,-2551.0
48.67,-128.43,1.2233963,-2512.0
48.66,-128.5,0.88008928,-2527.0
48.65,-128.68,0.44956386,-2573.0
48.65,-128.68,0.44956386,-2573.0
48.65,-128.68,0.44956386,-2573.0
48.64,-129.47,1.3595402,-2816.0
48.72,-129.49,1.4873363,-2808.0
48.82,-129.51,1.4191555,-2806.0
49.03,-129.49,0.30543268,-2448.0
49.03,-129.36,0.60623562,-2460.0
49.03,-129.21,1.1776359,-2436.0
49.0,-129.12,1.4348531,-2425.0
49.01,-128.83,2.2600608,-2518.0
49.03,-128.69,2.5147243,-2507.0
49.01,-128.41,3.2341127,-2488.0
49.01,-128.41,3.2341127,-2488.0
49.02,-128.27,3.4966569,-2470.0
49.02,-128.27,3.4966569,-2470.0
49.09,-128.26,3.8800023,-2465.0
49.09,-128.26,3.8800023,-2465.0
48.47,-129.4,1.1500742,-2351.0
48.34,-128.97,0.12862568,-2487.0
48.36,-128.81,0.53057241,-2439.0
48.54,-129.08,0.41323298,-2672.0
48.65,-129.08,0.54729426,-2790.0
48.63,-129.0,0.29284939,-2882.0
48.69,-129.08,0.52265346,-2692.0
48.8,-129.11,0.14601907,-2583.0
48.91,-129.07,0.62740594,-2170.0
48.83,-128.94,0.31936482,-2417.0
48.71,-128.91,0.24071789,-2747.0
48.7,-128.76,0.14280756,-2543.0
48.7,-128.76,0.14280756,-2543.0
48.7,-128.76,0.14280756,-2543.0
48.82,-128.79,0.68546021,-2588.0
48.82,-128.79,0.68546021,-2588.0
48.82,-128.79,0.68546021,-2588.0
49.0,-128.92,2.0014477,-2424.0
49.07,-128.92,2.6050727,-2418.0
49.07,-128.92,2.6050727,-2418.0
48.89,-128.94,1.2405514,-2185.0
48.89,-128.8,1.5536753,-2571.0
48.89,-128.8,1.5536753,-2571.0
48.89,-128.8,1.5536753,-2571.0
48.9,-128.7,1.8434017,-2573.0
48.9,-128.7,1.8434017,-2573.0
48.9,-128.7,1.8434017,-2573.0
48.72,-128.25,1.5736516,-2525.0
48.71,-128.4,1.2233963,-2530.0
48.71,-128.54,0.88008928,-2000.0
48.7,-128.67,0.33493531,-2550.0
48.7,-128.67,0.33493531,-2550.0
48.7,-128.67,0.33493531,-2550.0
48.65,-129.22,0.81750315,-2820.0
48.64,-129.3,1.0900034,-2806.0
48.71,-129.19,0.7853657,-2849.0
48.8,-129.22,0.54567164,-2766.0
48.9,-129.19,0.37818527,-2263.0
48.82,-129.32,0.79428655,-2809.0
48.91,-129.43,0.2667374,-2460.0
48.91,-129.31,0.1802076,-2427.0
49.08,-129.46,1.125061,-2447.0
49.08,-129.46,1.125061,-2447.0
49.08,-129.35,1.6374265,-2457.0
49.08,-129.35,1.6374265,-2457.0
49.18,-129.49,1.7575538,-2473.0
49.18,-129.49,1.7575538,-2473.0
49.17,-129.33,2.1800005,-2445.0
49.17,-129.33,2.1800005,-2445.0
49.19,-129.21,2.3781426,-2418.0
49.19,-129.21,2.3781426,-2418.0
49.09,-129.2,1.8879606,-2412.0
49.09,-129.2,1.8879606,-2412.0
49.08,-129.06,2.1360242,-2403.0
49.08,-129.06,2.1360242,-2403.0
49.19,-129.06,2.577539,-2402.0
49.19,-129.06,2.577539,-2402.0
49.2,-128.95,3.0559139,-2392.0
49.2,-128.95,3.0559139,-2392.0
49.19,-128.81,3.1512382,-2384.0
49.19,-128.81,3.1512382,-2384.0
49.1,-128.79,2.8598702,-2466.0
49.1,-128.79,2.8598702,-2466.0
48.82,-128.67,1.0121025,-2525.0
48.82,-128.67,1.0121025,-2525.0
48.82,-128.67,1.0121025,-2525.0
48.9,-128.53,2.3829148,-2448.0
48.92,-128.4,2.6493433,-2508.0
48.91,-128.26,2.8614984,-2468.0
48.81,-128.24,2.5568075,-2471.0
48.81,-128.41,1.9969267,-2505.0
48.65,-128.78,0.16636826,-2554.0
48.65,-128.78,0.16636826,-2554.0
48.65,-128.78,0.16636826,-2554.0
49.08,-128.72,3.0358994,-2489.0
49.08,-128.72,3.0358994,-2489.0
49.08,-128.72,3.0358994,-2489.0
49.19,-128.72,3.2810533,-2467.0
49.19,-128.72,3.2810533,-2467.0
49.19,-128.72,3.2810533,-2467.0
49.18,-128.54,3.5768967,-2471.0
49.18,-128.54,3.5768967,-2471.0
49.18,-128.43,3.8025918,-2459.0
49.18,-128.43,3.8025918,-2459.0
49.18,-128.26,3.9386008,-2457.0
49.18,-128.26,3.9386008,-2457.0
49.07,-128.55,3.3163073,-2494.0
49.07,-128.55,3.3163073,-2494.0
49.07,-128.55,3.3163073,-2494.0
49.09,-128.55,3.3163073,-2491.0
49.09,-128.55,3.3163073,-2491.0
48.72,-128.39,1.2233963,-2520.0
48.7,-128.56,0.59841609,-2205.0
48.71,-128.61,0.59841609,-2306.0
48.71,-128.52,0.88008928,-2304.0
48.89,-128.3,2.8614984,-2468.0
50.26,-128.82,2.7159307,-2021.0
50.48,-129.53,1.2588239,-2000.0
50.18,-129.38,1.5338509,-2135.0
50.45,-129.81,1.0826941,-2197.0
50.32,-129.74,0.80569011,-2225.0
50.33,-129.73,0.80569011,-2215.0
50.33,-129.72,0.80569011,-2208.0
50.33,-129.71,0.80569011,-2216.0
50.33,-129.7,0.80569011,-2215.0
50.34,-129.7,0.80569011,-2218.0
50.34,-129.69,0.80569011,-2221.0
50.33,-129.74,0.80569011,-2227.0
50.35,-129.65,1.0622153,-2140.0
50.31,-129.75,0.80569011,-2229.0
50.3,-129.79,0.54671323,-2055.0
50.29,-129.79,0.54671323,-2016.0
50.28,-129.8,0.54671323,-1926.0
50.26,-129.83,0.54671323,-1802.0
50.25,-129.85,0.72064608,-1780.0
50.25,-129.86,0.57892931,-1802.0
50.47,-129.69,1.2723374,-2186.0
50.44,-129.73,1.0622153,-2205.0
50.41,-129.8,0.7868275,-2205.0
50.4,-129.83,0.7868275,-2206.0
50.52,-129.47,1.2588239,-2010.0
50.53,-129.45,1.2588239,-2014.0
50.59,-129.36,1.3816251,-1999.0
50.34,-129.11,1.7557638,-2103.0
50.39,-129.63,1.2588239,-2122.0
50.38,-129.65,1.0622153,-2078.0
50.37,-129.66,1.0622153,-2173.0
49.77,-128.82,2.8893144,-2297.0
49.78,-128.81,2.8893144,-2301.0
49.81,-128.78,2.8893144,-2335.0
49.93,-128.63,3.2735121,-2069.0
49.83,-128.76,2.8893144,-2315.0
48.47,-128.78,0.34311613,-2498.0
48.47,-128.8,0.34311613,-2473.0
48.57,-128.69,0.44956386,-2523.0
48.57,-128.69,0.44956386,-2523.0
48.57,-128.69,0.44956386,-2523.0
48.57,-128.7,0.44956386,-2544.0
48.57,-128.7,0.44956386,-2544.0
48.56,-128.7,0.44956386,-2534.0
48.56,-128.7,0.44956386,-2534.0
48.55,-128.71,0.59159386,-2533.0
48.55,-128.71,0.59159386,-2533.0
48.55,-128.72,0.59159386,-2538.0
48.54,-128.72,0.59159386,-2540.0
48.53,-128.72,0.59159386,-2544.0
48.52,-128.73,0.59159386,-2539.0
48.52,-128.73,0.59159386,-2539.0
48.51,-128.74,0.59159386,-2539.0
48.51,-128.74,0.59159386,-2539.0
48.52,-128.82,0.34311613,-2502.0
48.52,-128.8,0.34311613,-2512.0
48.53,-128.79,0.34311613,-2528.0
48.52,-128.78,0.34311613,-2528.0
48.52,-128.77,0.34311613,-2541.0
48.51,-128.77,0.34311613,-2533.0
48.5,-128.77,0.34311613,-2534.0
48.49,-128.76,0.34311613,-2521.0
48.49,-128.76,0.34311613,-2521.0
48.48,-128.76,0.34311613,-2511.0
48.47,-128.75,0.34311613,-2511.0
48.47,-128.75,0.34311613,-2511.0
48.46,-128.74,0.59159386,-2492.0
48.45,-128.74,0.59159386,-2481.0
48.45,-128.74,0.59159386,-2481.0
48.51,-128.78,0.34311613,-2526.0
48.51,-128.78,0.34311613,-2526.0
48.51,-128.77,0.34311613,-2533.0
48.51,-128.77,0.34311613,-2533.0
48.5,-128.76,0.34311613,-2533.0
48.5,-128.76,0.34311613,-2533.0
48.5,-128.75,0.34311613,-2529.0
48.49,-128.74,0.59159386,-2520.0
48.49,-128.73,0.59159386,-2523.0
48.49,-128.73,0.59159386,-2523.0
48.49,-128.72,0.59159386,-2500.0
48.48,-128.72,0.59159386,-2476.0
48.48,-128.71,0.59159386,-2447.0
48.45,-128.72,0.59159386,-2447.0
48.45,-128.72,0.59159386,-2447.0
48.46,-128.71,0.59159386,-2447.0
48.46,-128.71,0.59159386,-2447.0
48.45,-128.7,0.59159386,-2461.0
48.45,-128.7,0.59159386,-2461.0
48.44,-128.69,0.79336768,-2476.0
48.44,-128.69,0.79336768,-2476.0
48.44,-128.69,0.79336768,-2476.0
48.44,-128.68,0.79336768,-2473.0
48.43,-128.68,0.79336768,-2481.0
48.43,-128.68,0.79336768,-2481.0
48.43,-128.67,0.79336768,-2479.0
48.43,-128.67,0.79336768,-2479.0
48.43,-128.67,0.79336768,-2479.0
48.43,-128.66,0.79336768,-2477.0
48.4,-128.73,0.79336768,-2458.0
48.4,-128.73,0.79336768,-2458.0
48.4,-128.72,0.79336768,-2471.0
48.4,-128.72,0.79336768,-2471.0
48.4,-128.72,0.79336768,-2471.0
48.4,-128.71,0.79336768,-2478.0
48.4,-128.7,0.79336768,-2478.0
48.4,-128.7,0.79336768,-2478.0
48.4,-128.69,0.79336768,-2479.0
48.4,-128.69,0.79336768,-2479.0
48.39,-128.68,0.79336768,-2469.0
48.39,-128.68,0.79336768,-2469.0
48.39,-128.67,0.79336768,-2470.0
48.39,-128.66,0.79336768,-2425.0
48.39,-128.66,0.79336768,-2425.0
48.39,-128.65,0.79336768,-2409.0
48.39,-128.64,1.033847,-2430.0
48.39,-128.64,1.033847,-2430.0
48.39,-128.63,1.033847,-2373.0
48.39,-128.63,1.033847,-2373.0
48.38,-128.62,1.033847,-2430.0
48.38,-128.61,1.033847,-2442.0
48.38,-128.61,1.033847,-2442.0
48.4,-128.84,0.53057241,-2347.0
48.4,-128.83,0.53057241,-2372.0
48.39,-128.83,0.53057241,-2384.0
48.39,-128.82,0.53057241,-2408.0
48.39,-128.82,0.53057241,-2408.0
48.39,-128.81,0.53057241,-2421.0
48.39,-128.79,0.53057241,-2425.0
48.38,-128.79,0.53057241,-2423.0
48.39,-128.78,0.53057241,-2419.0
48.39,-128.77,0.53057241,-2427.0
48.39,-128.77,0.53057241,-2427.0
48.39,-128.76,0.53057241,-2437.0
48.39,-128.75,0.53057241,-2445.0
48.39,-128.73,0.79336768,-2461.0
48.39,-128.72,0.79336768,-2473.0
48.39,-128.72,0.79336768,-2473.0
48.39,-128.71,0.79336768,-2481.0
48.39,-128.71,0.79336768,-2481.0
48.44,-128.76,0.53057241,-2464.0
48.44,-128.76,0.53057241,-2464.0
48.44,-128.75,0.53057241,-2461.0
48.44,-128.75,0.53057241,-2461.0
48.44,-128.74,0.79336768,-2446.0
48.44,-128.73,0.79336768,-2436.0
48.44,-128.72,0.79336768,-2449.0
48.44,-128.72,0.79336768,-2449.0
48.44,-128.7,0.79336768,-2465.0
48.44,-128.7,0.79336768,-2465.0
48.44,-128.69,0.79336768,-2476.0
48.44,-128.69,0.79336768,-2476.0
48.44,-128.68,0.79336768,-2473.0
48.44,-128.68,0.79336768,-2473.0
48.44,-128.67,0.79336768,-2478.0
48.44,-128.66,0.79336768,-2475.0
48.44,-128.65,0.79336768,-2471.0
48.44,-128.63,1.033847,-2365.0
48.29,-128.69,0.80387408,-2472.0
48.3,-128.7,0.80387408,-2447.0
48.31,-128.7,0.80387408,-2479.0
48.32,-128.71,0.80387408,-2486.0
48.32,-128.71,0.80387408,-2486.0
48.33,-128.72,0.80387408,-2492.0
48.34,-128.72,0.80387408,-2494.0
48.34,-128.73,0.80387408,-2486.0
48.35,-128.73,0.79336768,-2482.0
48.36,-128.74,0.79336768,-2470.0
48.37,-128.74,0.79336768,-2466.0
48.37,-128.74,0.79336768,-2466.0
48.38,-128.75,0.53057241,-2450.0
48.39,-128.75,0.53057241,-2445.0
48.4,-128.76,0.53057241,-2428.0
48.29,-128.78,0.54432315,-2500.0
48.29,-128.78,0.54432315,-2500.0
48.31,-128.78,0.54432315,-2481.0
48.33,-128.78,0.54432315,-2467.0
48.33,-128.78,0.54432315,-2467.0
48.34,-128.78,0.54432315,-2463.0
48.34,-128.78,0.54432315,-2463.0
48.35,-128.78,0.53057241,-2457.0
48.35,-128.78,0.53057241,-2457.0
48.36,-128.8,0.53057241,-2437.0
48.36,-128.81,0.53057241,-2439.0
48.36,-128.83,0.53057241,-2421.0
48.36,-128.83,0.53057241,-2421.0
48.36,-128.83,0.53057241,-2421.0
48.36,-128.84,0.53057241,-2407.0
48.36,-128.85,0.53057241,-2391.0
48.37,-128.86,0.25480604,-2362.0
48.37,-128.87,0.25480604,-2344.0
48.38,-128.88,0.25480604,-2311.0
48.38,-128.9,0.25480604,-2363.0
48.35,-128.77,0.53057241,-2460.0
48.36,-128.77,0.53057241,-2455.0
48.39,-128.77,0.53057241,-2427.0
48.41,-128.73,0.79336768,-2454.0
48.42,-128.73,0.79336768,-2449.0
48.41,-128.74,0.79336768,-2445.0
48.41,-128.75,0.53057241,-2429.0
48.42,-128.75,0.53057241,-2430.0
48.42,-128.77,0.53057241,-2437.0
48.42,-128.77,0.53057241,-2437.0
48.42,-128.78,0.53057241,-2444.0
48.42,-128.78,0.53057241,-2444.0
48.42,-128.79,0.53057241,-2439.0
48.42,-128.79,0.53057241,-2439.0
48.43,-128.8,0.53057241,-2424.0
48.43,-128.8,0.53057241,-2424.0
48.43,-128.81,0.53057241,-2411.0
48.43,-128.82,0.53057241,-2393.0
48.43,-128.83,0.53057241,-2348.0
48.43,-128.84,0.53057241,-2327.0
48.43,-128.85,0.53057241,-2314.0
48.43,-128.85,0.53057241,-2314.0
48.43,-128.85,0.53057241,-2314.0
48.43,-128.86,0.25480604,-2300.0
48.44,-128.76,0.53057241,-2464.0
48.44,-128.76,0.53057241,-2464.0
48.44,-128.77,0.53057241,-2465.0
48.44,-128.78,0.53057241,-2463.0
48.45,-128.78,0.34311613,-2469.0
48.45,-128.79,0.34311613,-2460.0
48.45,-128.79,0.34311613,-2460.0
48.46,-128.8,0.34311613,-2464.0
48.46,-128.81,0.34311613,-2449.0
48.46,-128.82,0.34311613,-2435.0
48.46,-128.82,0.34311613,-2435.0
48.46,-128.83,0.34311613,-2392.0
48.46,-128.84,0.34311613,-2351.0
48.46,-128.85,0.34311613,-2318.0
48.47,-128.86,0.15120271,-2286.0
48.47,-128.57,0.8665905,-2388.0
48.47,-128.58,0.8665905,-2396.0
48.47,-128.58,0.8665905,-2396.0
48.47,-128.59,0.8665905,-2364.0
48.47,-128.59,0.8665905,-2364.0
48.47,-128.6,0.8665905,-2299.0
48.47,-128.6,0.8665905,-2299.0
48.48,-128.61,0.8665905,-2337.0
48.48,-128.62,0.8665905,-2391.0
48.48,-128.62,0.8665905,-2391.0
48.48,-128.63,0.8665905,-2423.0
48.48,-128.63,0.8665905,-2423.0
48.48,-128.63,0.8665905,-2423.0
48.48,-128.64,0.8665905,-2453.0
48.48,-128.65,0.59159386,-2471.0
48.45,-128.61,0.8665905,-2374.0
48.46,-128.61,0.8665905,-2345.0
48.46,-128.62,0.8665905,-2400.0
48.46,-128.62,0.8665905,-2400.0
48.45,-128.63,0.8665905,-2362.0
48.45,-128.63,0.8665905,-2362.0
48.45,-128.63,0.8665905,-2362.0
48.45,-128.63,0.8665905,-2362.0
48.45,-128.64,0.8665905,-2440.0
48.45,-128.64,0.8665905,-2440.0
48.45,-128.65,0.59159386,-2478.0
48.45,-128.65,0.59159386,-2478.0
48.45,-128.65,0.59159386,-2478.0
48.45,-128.65,0.59159386,-2478.0
48.45,-128.66,0.59159386,-2475.0
48.43,-128.73,0.79336768,-2446.0
48.44,-128.73,0.79336768,-2436.0
48.44,-128.73,0.79336768,-2436.0
48.45,-128.73,0.59159386,-2453.0
48.45,-128.72,0.59159386,-2447.0
48.46,-128.72,0.59159386,-2447.0
48.46,-128.71,0.59159386,-2447.0
48.47,-128.71,0.59159386,-2440.0
48.47,-128.71,0.59159386,-2440.0
48.47,-128.7,0.59159386,-2450.0
48.47,-128.7,0.59159386,-2450.0
48.48,-128.7,0.59159386,-2438.0
48.48,-128.7,0.59159386,-2438.0
48.48,-128.69,0.59159386,-2453.0
48.49,-128.69,0.59159386,-2446.0
48.49,-128.69,0.59159386,-2446.0
48.5,-128.69,0.59159386,-2441.0
48.5,-128.69,0.59159386,-2441.0
48.51,-128.69,0.59159386,-2439.0
48.51,-128.68,0.59159386,-2454.0
48.45,-128.65,0.59159386,-2478.0
48.45,-128.66,0.59159386,-2475.0
48.45,-128.66,0.59159386,-2475.0
48.45,-128.66,0.59159386,-2475.0
48.45,-128.67,0.59159386,-2477.0
48.45,-128.67,0.59159386,-2477.0
48.45,-128.68,0.59159386,-2472.0
48.45,-128.68,0.59159386,-2472.0
48.45,-128.69,0.59159386,-2467.0
48.45,-128.69,0.59159386,-2467.0
48.46,-128.7,0.59159386,-2455.0
48.46,-128.7,0.59159386,-2455.0
48.46,-128.7,0.59159386,-2455.0
48.46,-128.71,0.59159386,-2447.0
48.46,-128.71,0.59159386,-2447.0
48.46,-128.71,0.59159386,-2447.0
48.46,-128.71,0.59159386,-2447.0
48.46,-128.72,0.59159386,-2447.0
48.47,-128.72,0.59159386,-2451.0
48.47,-128.72,0.59159386,-2451.0
48.47,-128.71,0.59159386,-2440.0
48.47,-128.71,0.59159386,-2440.0
48.47,-128.71,0.59159386,-2440.0
48.47,-128.71,0.59159386,-2440.0
48.48,-128.7,0.59159386,-2438.0
48.48,-128.7,0.59159386,-2438.0
48.48,-128.7,0.59159386,-2438.0
48.48,-128.69,0.59159386,-2453.0
48.48,-128.68,0.59159386,-2465.0
48.48,-128.67,0.59159386,-2476.0
48.48,-128.67,0.59159386,-2476.0
48.47,-128.73,0.59159386,-2492.0
48.47,-128.73,0.59159386,-2492.0
48.47,-128.73,0.59159386,-2492.0
48.47,-128.73,0.59159386,-2492.0
48.46,-128.72,0.59159386,-2447.0
48.46,-128.72,0.59159386,-2447.0
48.46,-128.71,0.59159386,-2447.0
48.46,-128.71,0.59159386,-2447.0
48.46,-128.71,0.59159386,-2447.0
48.46,-128.71,0.59159386,-2447.0
48.46,-128.71,0.59159386,-2447.0
48.46,-128.71,0.59159386,-2447.0
48.46,-128.71,0.59159386,-2447.0
48.46,-128.71,0.59159386,-2447.0
48.46,-128.71,0.59159386,-2447.0
48.46,-128.71,0.59159386,-2447.0
48.47,-128.71,0.59159386,-2440.0
48.47,-128.71,0.59159386,-2440.0
48.47,-128.71,0.59159386,-2440.0
48.48,-128.68,0.59159386,-2465.0
48.48,-128.67,0.59159386,-2476.0
48.47,-128.68,0.59159386,-2469.0
48.47,-128.68,0.59159386,-2469.0
48.47,-128.68,0.59159386,-2469.0
48.47,-128.68,0.59159386,-2469.0
48.46,-128.68,0.59159386,-2472.0
48.46,-128.68,0.59159386,-2472.0
48.45,-128.68,0.59159386,-2472.0
48.45,-128.68,0.59159386,-2472.0
48.45,-128.68,0.59159386,-2472.0
48.44,-128.68,0.79336768,-2473.0
48.44,-128.68,0.79336768,-2473.0
48.44,-128.68,0.79336768,-2473.0
48.44,-128.68,0.79336768,-2473.0
48.44,-128.68,0.79336768,-2473.0
48.44,-128.68,0.79336768,-2473.0
48.44,-128.68,0.79336768,-2473.0
48.44,-128.68,0.79336768,-2473.0
48.43,-128.68,0.79336768,-2481.0
48.43,-128.68,0.79336768,-2481.0
48.43,-128.68,0.79336768,-2481.0
48.42,-128.68,0.79336768,-2473.0
48.42,-128.68,0.79336768,-2473.0
48.41,-128.68,0.79336768,-2472.0
48.41,-128.68,0.79336768,-2472.0
48.4,-128.68,0.79336768,-2470.0
48.4,-128.68,0.79336768,-2470.0
48.4,-128.68,0.79336768,-2470.0
48.38,-128.68,0.79336768,-2474.0
48.38,-128.68,0.79336768,-2474.0
48.42,-128.72,0.79336768,-2462.0
48.42,-128.71,0.79336768,-2464.0
48.42,-128.71,0.79336768,-2464.0
48.43,-128.7,0.79336768,-2474.0
48.43,-128.69,0.79336768,-2484.0
48.43,-128.69,0.79336768,-2484.0
48.44,-128.69,0.79336768,-2476.0
48.44,-128.68,0.79336768,-2473.0
48.45,-128.67,0.59159386,-2477.0
48.46,-128.66,0.59159386,-2475.0
48.44,-128.67,0.79336768,-2478.0
48.44,-128.67,0.79336768,-2478.0
48.45,-128.67,0.59159386,-2477.0
48.45,-128.66,0.59159386,-2475.0
48.45,-128.66,0.59159386,-2475.0
48.44,-128.66,0.79336768,-2475.0
48.44,-128.66,0.79336768,-2475.0
48.43,-128.66,0.79336768,-2477.0
48.43,-128.66,0.79336768,-2477.0
48.43,-128.66,0.79336768,-2477.0
48.43,-128.66,0.79336768,-2477.0
48.42,-128.66,0.79336768,-2469.0
48.42,-128.67,0.79336768,-2468.0
48.41,-128.67,0.79336768,-2465.0
48.41,-128.67,0.79336768,-2465.0
48.4,-128.67,0.79336768,-2464.0
48.4,-128.66,0.79336768,-2434.0
48.4,-128.66,0.79336768,-2434.0
48.41,-128.65,0.79336768,-2410.0
48.4,-128.64,1.033847,-2411.0
48.4,-128.64,1.033847,-2411.0
48.4,-128.64,1.033847,-2411.0
48.49,-128.63,0.8665905,-2431.0
48.49,-128.63,0.8665905,-2431.0
48.49,-128.63,0.8665905,-2431.0
48.49,-128.64,0.8665905,-2457.0
48.48,-128.64,0.8665905,-2453.0
48.48,-128.64,0.8665905,-2453.0
48.48,-128.64,0.8665905,-2453.0
48.48,-128.64,0.8665905,-2453.0
48.48,-128.64,0.8665905,-2453.0
48.47,-128.64,0.8665905,-2451.0
48.47,-128.64,0.8665905,-2451.0
48.47,-128.64,0.8665905,-2451.0
48.46,-128.64,0.8665905,-2459.0
48.46,-128.64,0.8665905,-2459.0
48.46,-128.64,0.8665905,-2459.0
48.45,-128.64,0.8665905,-2440.0
48.45,-128.64,0.8665905,-2440.0
48.45,-128.64,0.8665905,-2440.0
48.44,-128.64,1.033847,-2368.0
48.44,-128.64,1.033847,-2368.0
48.44,-128.64,1.033847,-2368.0
48.44,-128.65,0.79336768,-2471.0
48.44,-128.65,0.79336768,-2471.0
48.43,-128.65,0.79336768,-2471.0
48.43,-128.65,0.79336768,-2471.0
48.43,-128.65,0.79336768,-2471.0
48.42,-128.65,0.79336768,-2420.0
48.42,-128.65,0.79336768,-2420.0
48.42,-128.65,0.79336768,-2420.0
48.42,-128.65,0.79336768,-2420.0
48.41,-128.65,0.79336768,-2410.0
48.41,-128.66,0.79336768,-2463.0
48.41,-128.66,0.79336768,-2463.0
48.41,-128.66,0.79336768,-2463.0
48.43,-128.69,0.79336768,-2484.0
48.43,-128.69,0.79336768,-2484.0
48.43,-128.69,0.79336768,-2484.0
48.43,-128.69,0.79336768,-2484.0
48.43,-128.68,0.79336768,-2481.0
48.43,-128.68,0.79336768,-2481.0
48.43,-128.68,0.79336768,-2481.0
48.43,-128.67,0.79336768,-2479.0
48.43,-128.66,0.79336768,-2477.0
48.43,-128.66,0.79336768,-2477.0
48.42,-128.65,0.79336768,-2420.0
48.42,-128.65,0.79336768,-2420.0
48.42,-128.59,1.033847,-2441.0
48.42,-128.6,1.033847,-2397.0
48.42,-128.6,1.033847,-2397.0
48.42,-128.6,1.033847,-2397.0
48.42,-128.61,1.033847,-2368.0
48.42,-128.61,1.033847,-2368.0
48.42,-128.62,1.033847,-2366.0
48.42,-128.62,1.033847,-2366.0
48.42,-128.63,1.033847,-2395.0
48.42,-128.63,1.033847,-2395.0
48.42,-128.63,1.033847,-2395.0
48.42,-128.63,1.033847,-2395.0
48.42,-128.64,1.033847,-2377.0
48.42,-128.64,1.033847,-2377.0
48.42,-128.64,1.033847,-2377.0
48.42,-128.64,1.033847,-2377.0
48.42,-128.65,0.79336768,-2420.0
48.42,-128.65,0.79336768,-2420.0
48.42,-128.65,0.79336768,-2420.0
48.42,-128.65,0.79336768,-2420.0
48.42,-128.66,0.79336768,-2469.0
48.42,-128.66,0.79336768,-2469.0
48.42,-128.67,0.79336768,-2468.0
48.42,-128.67,0.79336768,-2468.0
48.42,-128.67,0.79336768,-2468.0
48.42,-128.68,0.79336768,-2473.0
48.42,-128.68,0.79336768,-2473.0
48.43,-128.68,0.79336768,-2481.0
48.43,-128.68,0.79336768,-2481.0
48.43,-128.68,0.79336768,-2481.0
48.43,-128.68,0.79336768,-2481.0
48.43,-128.68,0.79336768,-2481.0
48.43,-128.68,0.79336768,-2481.0
48.44,-128.69,0.79336768,-2476.0
48.44,-128.69,0.79336768,-2476.0
48.44,-128.69,0.79336768,-2476.0
48.44,-128.7,0.79336768,-2465.0
48.44,-128.7,0.79336768,-2465.0
48.44,-128.7,0.79336768,-2465.0
48.44,-128.71,0.79336768,-2456.0
48.44,-128.71,0.79336768,-2456.0
48.44,-128.71,0.79336768,-2456.0
48.44,-128.72,0.79336768,-2449.0
48.45,-128.71,0.59159386,-2455.0
48.45,-128.71,0.59159386,-2455.0
48.45,-128.71,0.59159386,-2455.0
48.45,-128.71,0.59159386,-2455.0
48.46,-128.71,0.59159386,-2447.0
48.46,-128.71,0.59159386,-2447.0
48.46,-128.71,0.59159386,-2447.0
48.47,-128.71,0.59159386,-2440.0
48.47,-128.7,0.59159386,-2450.0
48.47,-128.7,0.59159386,-2450.0
48.48,-128.7,0.59159386,-2438.0
48.47,-128.66,0.59159386,-2476.0
48.47,-128.66,0.59159386,-2476.0
48.47,-128.66,0.59159386,-2476.0
48.46,-128.65,0.59159386,-2478.0
48.46,-128.65,0.59159386,-2478.0
48.46,-128.65,0.59159386,-2478.0
48.46,-128.64,0.8665905,-2459.0
48.46,-128.64,0.8665905,-2459.0
48.46,-128.64,0.8665905,-2459.0
48.46,-128.63,0.8665905,-2346.0
48.46,-128.63,0.8665905,-2346.0
48.46,-128.62,0.8665905,-2400.0
48.46,-128.62,0.8665905,-2400.0
48.46,-128.62,0.8665905,-2400.0
48.46,-128.61,0.8665905,-2345.0
48.46,-128.61,0.8665905,-2345.0
48.45,-128.61,0.8665905,-2374.0
48.45,-128.6,0.8665905,-2363.0
48.45,-128.6,0.8665905,-2363.0
48.45,-128.59,0.8665905,-2406.0
48.45,-128.59,0.8665905,-2406.0
48.46,-128.63,0.8665905,-2346.0
48.46,-128.63,0.8665905,-2346.0
48.46,-128.63,0.8665905,-2346.0
48.46,-128.63,0.8665905,-2346.0
48.46,-128.64,0.8665905,-2459.0
48.46,-128.64,0.8665905,-2459.0
48.46,-128.64,0.8665905,-2459.0
48.46,-128.64,0.8665905,-2459.0
48.46,-128.65,0.59159386,-2478.0
48.46,-128.66,0.59159386,-2475.0
48.46,-128.66,0.59159386,-2475.0
48.46,-128.66,0.59159386,-2475.0
48.46,-128.67,0.59159386,-2474.0
48.46,-128.67,0.59159386,-2474.0
48.46,-128.68,0.59159386,-2472.0
48.46,-128.68,0.59159386,-2472.0
48.46,-128.69,0.59159386,-2466.0
48.46,-128.7,0.59159386,-2455.0
48.46,-128.7,0.59159386,-2455.0
48.46,-128.71,0.59159386,-2447.0
48.46,-128.71,0.59159386,-2447.0
48.46,-128.71,0.59159386,-2447.0
48.46,-128.71,0.59159386,-2447.0
48.46,-128.71,0.59159386,-2447.0
48.46,-128.71,0.59159386,-2447.0
48.46,-128.71,0.59159386,-2447.0
48.46,-128.72,0.59159386,-2447.0
48.46,-128.72,0.59159386,-2447.0
48.46,-128.72,0.59159386,-2447.0
48.46,-128.72,0.59159386,-2447.0
48.46,-128.72,0.59159386,-2447.0
48.46,-128.72,0.59159386,-2447.0
48.46,-128.71,0.59159386,-2447.0
48.46,-128.71,0.59159386,-2447.0
48.46,-128.71,0.59159386,-2447.0
48.46,-128.71,0.59159386,-2447.0
48.46,-128.7,0.59159386,-2455.0
48.46,-128.71,0.59159386,-2447.0
48.46,-128.71,0.59159386,-2447.0
48.46,-128.71,0.59159386,-2447.0
48.46,-128.71,0.59159386,-2447.0
48.46,-128.71,0.59159386,-2447.0
48.46,-128.72,0.59159386,-2447.0
48.46,-128.71,0.59159386,-2447.0
48.46,-128.71,0.59159386,-2447.0
48.46,-128.71,0.59159386,-2447.0
48.46,-128.71,0.59159386,-2447.0
48.46,-128.71,0.59159386,-2447.0
48.46,-128.71,0.59159386,-2447.0
47.88,-128.73,0.91232389,-2631.0
47.86,-128.67,0.91232389,-2632.0
47.86,-128.66,0.91232389,-2626.0
47.86,-128.66,0.91232389,-2626.0
47.85,-128.64,1.1679138,-2612.0
47.85,-128.64,1.1679138,-2612.0
47.85,-128.63,1.1679138,-2610.0
47.88,-128.72,0.91232389,-2639.0
47.88,-128.71,0.91232389,-2641.0
47.87,-128.71,0.91232389,-2644.0
47.87,-128.7,0.91232389,-2648.0
47.87,-128.7,0.91232389,-2648.0
47.87,-128.69,0.91232389,-2646.0
47.86,-128.68,0.91232389,-2648.0
47.86,-128.67,0.91232389,-2632.0
47.96,-128.81,0.50150979,-2588.0
47.92,-128.83,0.66285837,-2586.0
47.91,-128.82,0.66285837,-2587.0
47.9,-128.83,0.66285837,-2587.0
47.9,-128.83,0.66285837,-2587.0
47.96,-128.81,0.50150979,-2588.0
47.95,-128.81,0.50150979,-2587.0
47.94,-128.81,0.66285837,-2589.0
47.94,-128.81,0.66285837,-2589.0
47.93,-128.83,0.66285837,-2585.0
47.93,-128.82,0.66285837,-2587.0
47.93,-128.82,0.66285837,-2587.0
47.92,-128.82,0.66285837,-2588.0
47.89,-128.83,0.66285837,-2588.0
47.89,-128.83,0.66285837,-2588.0
47.88,-128.83,0.66285837,-2592.0
47.87,-128.83,0.66285837,-2562.0
47.87,-128.84,0.66285837,-2566.0
47.86,-128.84,0.66285837,-2552.0
47.99,-128.79,0.50150979,-2592.0
47.99,-128.8,0.50150979,-2580.0
47.98,-128.79,0.50150979,-2591.0
47.98,-128.8,0.50150979,-2590.0
47.97,-128.8,0.50150979,-2590.0
47.97,-128.81,0.50150979,-2586.0
47.97,-128.83,0.50150979,-2421.0
47.96,-128.82,0.50150979,-2543.0
47.93,-128.85,0.66285837,-2437.0
47.91,-128.8,0.66285837,-2594.0
47.94,-128.76,0.66285837,-2606.0
47.94,-128.82,0.66285837,-2587.0
47.96,-128.83,0.50150979,-2408.0
47.94,-128.77,0.66285837,-2607.0
47.91,-128.8,0.66285837,-2594.0
47.94,-128.78,0.66285837,-2607.0
47.91,-128.79,0.66285837,-2603.0
47.95,-128.78,0.50150979,-2606.0
47.9,-128.78,0.66285837,-2608.0
47.95,-128.79,0.50150979,-2599.0
47.95,-128.81,0.50150979,-2587.0
47.95,-128.81,0.50150979,-2587.0
47.95,-128.82,0.50150979,-2587.0
47.92,-128.84,0.66285837,-2584.0
47.92,-128.84,0.66285837,-2584.0
47.82,-128.67,1.1115648,-2682.0
47.88,-128.7,0.91232389,-2637.0
47.88,-128.7,0.91232389,-2637.0
47.89,-128.7,0.91232389,-2628.0
47.83,-128.67,1.1115648,-2673.0
47.84,-128.67,1.1115648,-2666.0
47.84,-128.68,1.1115648,-2662.0
47.85,-128.68,0.91232389,-2655.0
47.86,-128.68,0.91232389,-2648.0
47.87,-128.69,0.91232389,-2646.0
47.87,-128.69,0.91232389,-2646.0
47.88,-128.69,0.91232389,-2634.0
47.86,-128.64,1.1679138,-2618.0
47.9,-128.66,0.91232389,-2614.0
47.9,-128.67,0.91232389,-2619.0
47.87,-128.64,1.1679138,-2614.0
47.87,-128.64,1.1679138,-2614.0
47.88,-128.65,0.91232389,-2616.0
47.88,-128.65,0.91232389,-2616.0
47.89,-128.65,0.91232389,-2617.0
47.89,-128.66,0.91232389,-2619.0
47.89,-128.66,0.91232389,-2619.0
47.89,-128.66,0.91232389,-2619.0
47.92,-128.83,0.66285837,-2586.0
47.92,-128.82,0.66285837,-2588.0
47.92,-128.82,0.66285837,-2588.0
47.92,-128.81,0.66285837,-2590.0
47.91,-128.81,0.66285837,-2590.0
47.87,-127.62,3.4528952,-2605.0
47.92,-127.65,3.1907601,-2654.0
47.92,-127.65,3.1907601,-2654.0
47.93,-127.65,3.1907601,-2656.0
47.93,-127.66,3.1907601,-2657.0
47.94,-127.66,3.1907601,-2653.0
47.94,-127.66,3.1907601,-2653.0
47.95,-127.66,3.0129824,-2651.0
47.87,-127.62,3.4528952,-2605.0
47.88,-127.62,3.4528952,-2645.0
47.88,-127.63,3.4528952,-2647.0
47.89,-127.63,3.4528952,-2646.0
47.89,-127.64,3.4528952,-2648.0
47.9,-127.64,3.4528952,-2649.0
47.9,-127.64,3.4528952,-2649.0
47.91,-127.64,3.4528952,-2651.0
47.86,-127.68,3.1907601,-2658.0
47.9,-127.71,3.1907601,-2656.0
47.91,-127.71,3.1907601,-2664.0
47.91,-127.71,3.1907601,-2664.0
47.92,-127.71,3.1907601,-2661.0
47.92,-127.72,3.1907601,-2660.0
47.93,-127.72,3.1907601,-2652.0
47.93,-127.72,3.1907601,-2652.0
47.94,-127.73,3.1907601,-2640.0
47.95,-127.73,3.0129824,-2634.0
47.86,-127.68,3.1907601,-2658.0
47.96,-127.74,3.0129824,-2627.0
47.96,-127.74,3.0129824,-2627.0
47.87,-127.68,3.1907601,-2659.0
47.87,-127.69,3.1907601,-2661.0
47.88,-127.69,3.1907601,-2658.0
47.89,-127.7,3.1907601,-2663.0
47.89,-127.7,3.1907601,-2663.0
47.89,-127.7,3.1907601,-2663.0
47.9,-127.7,3.1907601,-2659.0
47.75,-127.62,3.5783212,-2648.0
47.79,-127.64,3.5786738,-2649.0
47.8,-127.64,3.5786738,-2647.0
47.8,-127.65,3.3711357,-2649.0
47.81,-127.65,3.3711357,-2651.0
47.81,-127.65,3.3711357,-2651.0
47.82,-127.65,3.3711357,-2653.0
47.82,-127.66,3.3711357,-2653.0
47.83,-127.66,3.3711357,-2652.0
47.83,-127.66,3.3711357,-2652.0
47.84,-127.67,3.3711357,-2654.0
47.75,-127.62,3.5783212,-2648.0
47.84,-127.67,3.3711357,-2654.0
47.85,-127.67,3.1907601,-2653.0
47.85,-127.67,3.1907601,-2653.0
47.86,-127.68,3.1907601,-2658.0
47.76,-127.62,3.5786738,-2648.0
47.76,-127.62,3.5786738,-2648.0
47.76,-127.63,3.5786738,-2649.0
47.77,-127.63,3.5786738,-2650.0
47.78,-127.63,3.5786738,-2655.0
47.78,-127.64,3.5786738,-2654.0
47.78,-127.64,3.5786738,-2654.0
47.82,-127.49,3.8465323,-2632.0
47.83,-127.55,3.5786738,-2643.0
47.83,-127.55,3.5786738,-2643.0
47.83,-127.56,3.5786738,-2643.0
47.84,-127.57,3.5786738,-2642.0
47.84,-127.58,3.5786738,-2643.0
47.84,-127.58,3.5786738,-2643.0
47.84,-127.59,3.5786738,-2643.0
47.84,-127.6,3.5786738,-2645.0
47.84,-127.6,3.5786738,-2645.0
47.84,-127.61,3.5786738,-2645.0
47.82,-127.49,3.8465323,-2632.0
47.82,-127.5,3.8465323,-2632.0
47.82,-127.5,3.8465323,-2632.0
47.82,-127.51,3.8465323,-2634.0
47.82,-127.51,3.8465323,-2634.0
47.82,-127.52,3.8465323,-2636.0
47.83,-127.53,3.8465323,-2641.0
47.83,-127.54,3.8465323,-2642.0
47.75,-127.22,4.6330013,-2617.0
47.76,-127.29,4.2658925,-2613.0
47.77,-127.3,4.2658925,-2610.0
47.77,-127.31,4.2658925,-2610.0
47.77,-127.33,4.2658925,-2613.0
47.75,-127.23,4.6330013,-2618.0
47.75,-127.24,4.6330013,-2616.0
47.75,-127.24,4.6330013,-2616.0
47.76,-127.25,4.2658925,-2618.0
47.76,-127.26,4.2658925,-2616.0
47.76,-127.27,4.2658925,-2613.0
47.76,-127.27,4.2658925,-2613.0
47.76,-127.28,4.2658925,-2612.0
47.77,-127.33,4.2658925,-2613.0
47.79,-127.4,4.1103892,-2630.0
47.79,-127.4,4.1103892,-2630.0
47.79,-127.41,4.1103892,-2631.0
47.78,-127.34,4.2658925,-2616.0
47.78,-127.35,4.2658925,-2620.0
47.78,-127.35,4.2658925,-2620.0
47.78,-127.36,4.1103892,-2623.0
47.78,-127.37,4.1103892,-2625.0
47.78,-127.37,4.1103892,-2625.0
47.78,-127.38,4.1103892,-2629.0
47.79,-127.39,4.1103892,-2629.0
47.84,-127.72,3.3711357,-2660.0
47.85,-127.81,2.9645884,-2634.0
47.85,-127.82,2.9645884,-2628.0
47.85,-127.82,2.9645884,-2628.0
47.85,-127.83,2.9645884,-2619.0
47.86,-127.84,2.9645884,-2618.0
47.86,-127.85,2.9645884,-2613.0
47.86,-127.86,2.6994836,-2613.0
47.86,-127.87,2.6994836,-2614.0
47.86,-127.88,2.6994836,-2614.0
47.86,-127.89,2.6994836,-2615.0
47.84,-127.74,3.3711357,-2629.0
47.86,-127.9,2.6994836,-2615.0
47.86,-127.91,2.6994836,-2615.0
47.84,-127.75,3.1612465,-2664.0
47.84,-127.76,3.1612465,-2663.0
47.84,-127.76,3.1612465,-2663.0
47.84,-127.77,3.1612465,-2659.0
47.85,-127.78,2.9645884,-2654.0
47.85,-127.79,2.9645884,-2647.0
47.85,-127.8,2.9645884,-2639.0
47.85,-127.63,3.4528952,-2587.0
47.86,-127.71,3.1907601,-2663.0
47.86,-127.71,3.1907601,-2663.0
47.87,-127.72,3.1907601,-2668.0
47.87,-127.72,3.1907601,-2668.0
47.87,-127.72,3.1907601,-2668.0
47.87,-127.73,3.1907601,-2668.0
47.87,-127.74,3.1907601,-2668.0
47.87,-127.74,3.1907601,-2668.0
47.85,-127.64,3.4528952,-2645.0
47.85,-127.65,3.1907601,-2648.0
47.85,-127.66,3.1907601,-2649.0
47.86,-127.67,3.1907601,-2655.0
47.86,-127.67,3.1907601,-2655.0
47.86,-127.68,3.1907601,-2658.0
47.86,-127.7,3.1907601,-2660.0
47.86,-127.7,3.1907601,-2660.0
47.86,-127.7,3.1907601,-2660.0
47.87,-127.73,3.1907601,-2668.0
47.87,-127.73,3.1907601,-2668.0
47.85,-127.74,3.1907601,-2652.0
47.85,-127.73,3.1907601,-2651.0
47.85,-127.73,3.1907601,-2651.0
47.85,-127.72,3.1907601,-2661.0
47.85,-127.72,3.1907601,-2661.0
47.85,-127.72,3.1907601,-2661.0
47.85,-127.72,3.1907601,-2661.0
47.85,-127.71,3.1907601,-2659.0
47.86,-127.7,3.1907601,-2660.0
47.85,-127.71,3.1907601,-2659.0
47.85,-127.7,3.1907601,-2659.0
47.86,-127.7,3.1907601,-2660.0
47.86,-127.71,3.1907601,-2663.0
47.86,-127.71,3.1907601,-2663.0
47.87,-127.72,3.1907601,-2668.0
47.87,-127.72,3.1907601,-2668.0
47.87,-127.72,3.1907601,-2668.0
47.87,-127.73,3.1907601,-2668.0
47.79,-127.85,3.1612465,-2628.0
47.92,-128.72,0.91232389,-2614.0
47.92,-128.68,0.91232389,-2604.0
47.91,-128.67,0.91232389,-2609.0
47.91,-128.67,0.91232389,-2609.0
47.91,-128.66,0.91232389,-2608.0
47.91,-128.66,0.91232389,-2608.0
47.91,-128.65,0.91232389,-2605.0
47.91,-128.65,0.91232389,-2605.0
47.91,-128.64,1.1679138,-2600.0
47.91,-128.64,1.1679138,-2600.0
47.9,-128.63,1.1679138,-2602.0
47.92,-128.72,0.91232389,-2614.0
47.9,-128.63,1.1679138,-2602.0
47.9,-128.62,1.1679138,-2597.0
47.92,-128.71,0.91232389,-2613.0
47.92,-128.71,0.91232389,-2613.0
47.92,-128.7,0.91232389,-2610.0
47.92,-128.7,0.91232389,-2610.0
47.92,-128.69,0.91232389,-2604.0
47.92,-128.69,0.91232389,-2604.0
47.92,-128.68,0.91232389,-2604.0
47.9,-128.62,1.1679138,-2597.0
47.89,-128.57,1.1679138,-2608.0
47.89,-128.57,1.1679138,-2608.0
47.89,-128.56,1.1679138,-2618.0
47.89,-128.56,1.1679138,-2618.0
47.89,-128.56,1.1679138,-2618.0
47.89,-128.55,1.1679138,-2629.0
47.89,-128.55,1.1679138,-2629.0
47.89,-128.54,1.414219,-2646.0
47.89,-128.54,1.414219,-2646.0
47.89,-128.54,1.414219,-2646.0
47.9,-128.61,1.1679138,-2596.0
47.89,-128.53,1.414219,-2656.0
47.89,-128.53,1.414219,-2656.0
47.89,-128.52,1.414219,-2661.0
47.88,-128.52,1.414219,-2663.0
47.9,-128.61,1.1679138,-2596.0
47.9,-128.61,1.1679138,-2596.0
47.9,-128.6,1.1679138,-2596.0
47.9,-128.59,1.1679138,-2603.0
47.9,-128.58,1.1679138,-2610.0
47.89,-128.57,1.1679138,-2608.0
47.92,-128.52,1.414219,-2617.0
47.92,-128.55,1.1679138,-2590.0
47.92,-128.55,1.1679138,-2590.0
47.92,-128.55,1.1679138,-2590.0
47.92,-128.55,1.1679138,-2590.0
47.93,-128.56,1.1679138,-2591.0
47.93,-128.56,1.1679138,-2591.0
47.93,-128.56,1.1679138,-2591.0
47.93,-128.56,1.1679138,-2591.0
47.93,-128.57,1.1679138,-2586.0
47.93,-128.57,1.1679138,-2586.0
47.92,-128.52,1.414219,-2617.0
47.92,-128.53,1.414219,-2610.0
47.92,-128.53,1.414219,-2610.0
47.92,-128.54,1.414219,-2602.0
47.92,-128.54,1.414219,-2602.0
47.92,-128.54,1.414219,-2602.0
47.92,-128.55,1.1679138,-2590.0
47.93,-128.58,1.1679138,-2583.0
47.93,-128.59,1.1679138,-2582.0
47.93,-128.59,1.1679138,-2582.0
47.93,-128.59,1.1679138,-2582.0
47.93,-128.59,1.1679138,-2582.0
47.93,-128.6,1.1679138,-2582.0
47.93,-128.6,1.1679138,-2582.0
47.93,-128.6,1.1679138,-2582.0
47.93,-128.6,1.1679138,-2582.0
47.93,-128.6,1.1679138,-2582.0
47.93,-128.58,1.1679138,-2583.0
47.93,-128.61,1.1679138,-2583.0
47.93,-128.61,1.1679138,-2583.0
47.93,-128.61,1.1679138,-2583.0
47.93,-128.61,1.1679138,-2583.0
47.93,-128.61,1.1679138,-2583.0
47.93,-128.58,1.1679138,-2583.0
47.93,-128.58,1.1679138,-2583.0
47.93,-128.59,1.1679138,-2582.0
47.93,-128.59,1.1679138,-2582.0
47.93,-128.59,1.1679138,-2582.0
47.93,-128.59,1.1679138,-2582.0
47.93,-128.59,1.1679138,-2582.0
47.93,-128.61,1.1679138,-2583.0
47.94,-128.62,1.1679138,-2585.0
47.94,-128.62,1.1679138,-2585.0
47.94,-128.63,1.1679138,-2591.0
47.94,-128.63,1.1679138,-2591.0
47.94,-128.63,1.1679138,-2591.0
47.94,-128.63,1.1679138,-2591.0
47.94,-128.63,1.1679138,-2591.0
47.94,-128.63,1.1679138,-2591.0
47.94,-128.63,1.1679138,-2591.0
47.94,-128.63,1.1679138,-2591.0
47.93,-128.61,1.1679138,-2583.0
47.94,-128.63,1.1679138,-2591.0
47.94,-128.63,1.1679138,-2591.0
47.93,-128.61,1.1679138,-2583.0
47.93,-128.61,1.1679138,-2583.0
47.94,-128.61,1.1679138,-2582.0
47.94,-128.62,1.1679138,-2585.0
47.94,-128.62,1.1679138,-2585.0
47.94,-128.62,1.1679138,-2585.0
47.94,-128.62,1.1679138,-2585.0
47.91,-128.55,1.1679138,-2595.0
47.91,-128.57,1.1679138,-2594.0
47.91,-128.57,1.1679138,-2594.0
47.91,-128.57,1.1679138,-2594.0
47.91,-128.57,1.1679138,-2594.0
47.91,-128.58,1.1679138,-2595.0
47.91,-128.58,1.1679138,-2595.0
47.91,-128.58,1.1679138,-2595.0
47.91,-128.59,1.1679138,-2590.0
47.91,-128.59,1.1679138,-2590.0
47.91,-128.59,1.1679138,-2590.0
47.91,-128.55,1.1679138,-2595.0
47.91,-128.59,1.1679138,-2590.0
47.91,-128.6,1.1679138,-2589.0
47.92,-128.6,1.1679138,-2585.0
47.92,-128.6,1.1679138,-2585.0
47.92,-128.6,1.1679138,-2585.0
47.91,-128.55,1.1679138,-2595.0
47.91,-128.55,1.1679138,-2595.0
47.91,-128.55,1.1679138,-2595.0
47.91,-128.56,1.1679138,-2589.0
47.91,-128.56,1.1679138,-2589.0
47.91,-128.56,1.1679138,-2589.0
47.72,-127.79,3.251128,-2666.0
47.72,-127.78,3.251128,-2669.0
47.72,-127.78,3.251128,-2669.0
47.72,-127.78,3.251128,-2669.0
47.73,-127.78,3.251128,-2668.0
47.73,-127.78,3.251128,-2668.0
47.73,-127.78,3.251128,-2668.0
47.73,-127.77,3.251128,-2668.0
47.73,-127.77,3.251128,-2668.0
47.73,-127.77,3.251128,-2668.0
47.74,-127.77,3.251128,-2667.0
47.74,-127.77,3.251128,-2667.0
47.72,-127.79,3.251128,-2666.0
47.72,-127.78,3.251128,-2669.0
47.72,-127.78,3.251128,-2669.0
47.72,-127.78,3.251128,-2669.0
47.72,-127.78,3.251128,-2669.0
47.72,-127.78,3.251128,-2669.0
47.72,-127.78,3.251128,-2669.0
47.89,-127.49,3.7126944,-2630.0
47.91,-127.59,3.4528952,-2641.0
47.91,-127.59,3.4528952,-2641.0
47.72,-127.82,3.251128,-2667.0
47.71,-127.78,3.251128,-2671.0
47.71,-127.78,3.251128,-2671.0
47.71,-127.78,3.251128,-2671.0
47.71,-127.78,3.251128,-2671.0
47.71,-127.77,3.251128,-2671.0
47.71,-127.77,3.251128,-2671.0
47.71,-127.76,3.251128,-2670.0
47.7,-127.75,3.251128,-2667.0
47.7,-127.75,3.251128,-2667.0
47.72,-127.8,3.251128,-2669.0
47.71,-127.79,3.251128,-2666.0
47.71,-127.79,3.251128,-2666.0
47.71,-127.79,3.251128,-2666.0
48.47,-128.78,0.34311613,-2498.0
48.47,-128.8,0.34311613,-2473.0
48.57,-128.69,0.44956386,-2523.0
48.57,-128.69,0.44956386,-2523.0
48.57,-128.69,0.44956386,-2523.0
48.57,-128.7,0.44956386,-2544.0
48.57,-128.7,0.44956386,-2544.0
48.56,-128.7,0.44956386,-2534.0
48.56,-128.7,0.44956386,-2534.0
48.55,-128.71,0.59159386,-2533.0
48.55,-128.71,0.59159386,-2533.0
48.55,-128.72,0.59159386,-2538.0
48.54,-128.72,0.59159386,-2540.0
48.53,-128.72,0.59159386,-2544.0
48.52,-128.73,0.59159386,-2539.0
48.52,-128.73,0.59159386,-2539.0
48.51,-128.74,0.59159386,-2539.0
48.51,-128.74,0.59159386,-2539.0
48.52,-128.82,0.34311613,-2502.0
48.52,-128.8,0.34311613,-2512.0
48.53,-128.79,0.34311613,-2528.0
48.52,-128.78,0.34311613,-2528.0
48.52,-128.77,0.34311613,-2541.0
48.51,-128.77,0.34311613,-2533.0
48.5,-128.77,0.34311613,-2534.0
48.49,-128.76,0.34311613,-2521.0
48.49,-128.76,0.34311613,-2521.0
48.48,-128.76,0.34311613,-2511.0
48.47,-128.75,0.34311613,-2511.0
48.47,-128.75,0.34311613,-2511.0
48.46,-128.74,0.59159386,-2492.0
48.45,-128.74,0.59159386,-2481.0
48.45,-128.74,0.59159386,-2481.0
48.51,-128.78,0.34311613,-2526.0
48.51,-128.78,0.34311613,-2526.0
48.51,-128.77,0.34311613,-2533.0
48.51,-128.77,0.34311613,-2533.0
48.5,-128.76,0.34311613,-2533.0
48.5,-128.76,0.34311613,-2533.0
48.5,-128.75,0.34311613,-2529.0
48.49,-128.74,0.59159386,-2520.0
48.49,-128.73,0.59159386,-2523.0
48.49,-128.73,0.59159386,-2523.0
48.49,-128.72,0.59159386,-2500.0
48.48,-128.72,0.59159386,-2476.0
48.48,-128.71,0.59159386,-2447.0
48.45,-128.72,0.59159386,-2447.0
48.45,-128.72,0.59159386,-2447.0
48.46,-128.71,0.59159386,-2447.0
48.46,-128.71,0.59159386,-2447.0
48.45,-128.7,0.59159386,-2461.0
48.45,-128.7,0.59159386,-2461.0
48.44,-128.69,0.79336768,-2476.0
48.44,-128.69,0.79336768,-2476.0
48.44,-128.69,0.79336768,-2476.0
48.44,-128.68,0.79336768,-2473.0
48.43,-128.68,0.79336768,-2481.0
48.43,-128.68,0.79336768,-2481.0
48.43,-128.67,0.79336768,-2479.0
48.43,-128.67,0.79336768,-2479.0
48.43,-128.67,0.79336768,-2479.0
48.43,-128.66,0.79336768,-2477.0
48.4,-128.73,0.79336768,-2458.0
48.4,-128.73,0.79336768,-2458.0
48.4,-128.72,0.79336768,-2471.0
48.4,-128.72,0.79336768,-2471.0
48.4,-128.72,0.79336768,-2471.0
48.4,-128.71,0.79336768,-2478.0
48.4,-128.7,0.79336768,-2478.0
48.4,-128.7,0.79336768,-2478.0
48.4,-128.69,0.79336768,-2479.0
48.4,-128.69,0.79336768,-2479.0
48.39,-128.68,0.79336768,-2469.0
48.39,-128.68,0.79336768,-2469.0
48.39,-128.67,0.79336768,-2470.0
48.39,-128.67,0.79336768,-2470.0
48.39,-128.66,0.79336768,-2425.0
48.39,-128.66,0.79336768,-2425.0
48.39,-128.65,0.79336768,-2409.0
48.39,-128.64,1.033847,-2430.0
48.39,-128.64,1.033847,-2430.0
48.39,-128.63,1.033847,-2373.0
48.39,-128.63,1.033847,-2373.0
48.38,-128.62,1.033847,-2430.0
48.38,-128.61,1.033847,-2442.0
48.38,-128.61,1.033847,-2442.0
48.4,-128.84,0.53057241,-2347.0
48.4,-128.83,0.53057241,-2372.0
48.39,-128.83,0.53057241,-2384.0
48.39,-128.82,0.53057241,-2408.0
48.39,-128.82,0.53057241,-2408.0
48.39,-128.81,0.53057241,-2421.0
48.39,-128.79,0.53057241,-2425.0
48.38,-128.79,0.53057241,-2423.0
48.39,-128.78,0.53057241,-2419.0
48.39,-128.77,0.53057241,-2427.0
48.39,-128.77,0.53057241,-2427.0
48.39,-128.76,0.53057241,-2437.0
48.39,-128.75,0.53057241,-2445.0
48.39,-128.73,0.79336768,-2461.0
48.39,-128.72,0.79336768,-2473.0
48.39,-128.72,0.79336768,-2473.0
48.39,-128.71,0.79336768,-2481.0
48.39,-128.71,0.79336768,-2481.0
48.44,-128.76,0.53057241,-2464.0
48.44,-128.76,0.53057241,-2464.0
48.44,-128.75,0.53057241,-2461.0
48.44,-128.75,0.53057241,-2461.0
48.44,-128.74,0.79336768,-2446.0
48.44,-128.73,0.79336768,-2436.0
48.44,-128.72,0.79336768,-2449.0
48.44,-128.72,0.79336768,-2449.0
48.44,-128.7,0.79336768,-2465.0
48.44,-128.7,0.79336768,-2465.0
48.44,-128.69,0.79336768,-2476.0
48.44,-128.69,0.79336768,-2476.0
48.44,-128.68,0.79336768,-2473.0
48.44,-128.68,0.79336768,-2473.0
48.44,-128.67,0.79336768,-2478.0
48.44,-128.66,0.79336768,-2475.0
48.44,-128.65,0.79336768,-2471.0
48.44,-128.63,1.033847,-2365.0
48.29,-128.69,0.80387408,-2472.0
48.3,-128.7,0.80387408,-2447.0
48.31,-128.7,0.80387408,-2479.0
48.32,-128.71,0.80387408,-2486.0
48.32,-128.71,0.80387408,-2486.0
48.33,-128.72,0.80387408,-2492.0
48.34,-128.72,0.80387408,-2494.0
48.34,-128.73,0.80387408,-2486.0
48.35,-128.73,0.79336768,-2482.0
48.36,-128.74,0.79336768,-2470.0
48.37,-128.74,0.79336768,-2466.0
48.37,-128.74,0.79336768,-2466.0
48.38,-128.75,0.53057241,-2450.0
48.39,-128.75,0.53057241,-2445.0
48.4,-128.76,0.53057241,-2428.0
48.29,-128.78,0.54432315,-2500.0
48.29,-128.78,0.54432315,-2500.0
48.31,-128.78,0.54432315,-2481.0
48.33,-128.78,0.54432315,-2467.0
48.33,-128.78,0.54432315,-2467.0
48.34,-128.78,0.54432315,-2463.0
48.34,-128.78,0.54432315,-2463.0
48.35,-128.78,0.53057241,-2457.0
48.35,-128.78,0.53057241,-2457.0
48.36,-128.8,0.53057241,-2437.0
48.36,-128.81,0.53057241,-2439.0
48.36,-128.83,0.53057241,-2421.0
48.36,-128.83,0.53057241,-2421.0
48.36,-128.83,0.53057241,-2421.0
48.36,-128.84,0.53057241,-2407.0
48.36,-128.85,0.53057241,-2391.0
48.37,-128.86,0.25480604,-2362.0
48.37,-128.87,0.25480604,-2344.0
48.38,-128.88,0.25480604,-2311.0
48.38,-128.9,0.25480604,-2363.0
48.35,-128.77,0.53057241,-2460.0
48.36,-128.77,0.53057241,-2455.0
48.39,-128.77,0.53057241,-2427.0
48.41,-128.73,0.79336768,-2454.0
48.42,-128.73,0.79336768,-2449.0
48.41,-128.74,0.79336768,-2445.0
48.41,-128.75,0.53057241,-2429.0
48.42,-128.75,0.53057241,-2430.0
48.42,-128.77,0.53057241,-2437.0
48.42,-128.77,0.53057241,-2437.0
48.42,-128.78,0.53057241,-2444.0
48.42,-128.78,0.53057241,-2444.0
48.42,-128.79,0.53057241,-2439.0
48.42,-128.79,0.53057241,-2439.0
48.43,-128.8,0.53057241,-2424.0
48.43,-128.8,0.53057241,-2424.0
48.43,-128.81,0.53057241,-2411.0
48.43,-128.82,0.53057241,-2393.0
48.43,-128.83,0.53057241,-2348.0
48.43,-128.84,0.53057241,-2327.0
48.43,-128.85,0.53057241,-2314.0
48.43,-128.85,0.53057241,-2314.0
48.43,-128.85,0.53057241,-2314.0
48.43,-128.86,0.25480604,-2300.0
48.44,-128.76,0.53057241,-2464.0
48.44,-128.76,0.53057241,-2464.0
48.44,-128.77,0.53057241,-2465.0
48.44,-128.78,0.53057241,-2463.0
48.45,-128.78,0.34311613,-2469.0
48.45,-128.79,0.34311613,-2460.0
48.45,-128.79,0.34311613,-2460.0
48.46,-128.8,0.34311613,-2464.0
48.46,-128.81,0.34311613,-2449.0
48.46,-128.82,0.34311613,-2435.0
48.46,-128.82,0.34311613,-2435.0
48.46,-128.83,0.34311613,-2392.0
48.46,-128.84,0.34311613,-2351.0
48.46,-128.85,0.34311613,-2318.0
48.47,-128.86,0.15120271,-2286.0
48.47,-128.57,0.8665905,-2388.0
48.47,-128.58,0.8665905,-2396.0
48.47,-128.58,0.8665905,-2396.0
48.47,-128.59,0.8665905,-2364.0
48.47,-128.59,0.8665905,-2364.0
48.47,-128.6,0.8665905,-2299.0
48.47,-128.6,0.8665905,-2299.0
48.48,-128.61,0.8665905,-2337.0
48.48,-128.62,0.8665905,-2391.0
48.48,-128.62,0.8665905,-2391.0
48.48,-128.63,0.8665905,-2423.0
48.48,-128.63,0.8665905,-2423.0
48.48,-128.63,0.8665905,-2423.0
48.48,-128.64,0.8665905,-2453.0
48.48,-128.65,0.59159386,-2471.0
48.45,-128.61,0.8665905,-2374.0
48.46,-128.61,0.8665905,-2345.0
48.46,-128.62,0.8665905,-2400.0
48.46,-128.62,0.8665905,-2400.0
48.45,-128.63,0.8665905,-2362.0
48.45,-128.63,0.8665905,-2362.0
48.45,-128.63,0.8665905,-2362.0
48.45,-128.63,0.8665905,-2362.0
48.45,-128.64,0.8665905,-2440.0
48.45,-128.64,0.8665905,-2440.0
48.45,-128.65,0.59159386,-2478.0
48.45,-128.65,0.59159386,-2478.0
48.45,-128.65,0.59159386,-2478.0
48.45,-128.65,0.59159386,-2478.0
48.45,-128.66,0.59159386,-2475.0
48.43,-128.73,0.79336768,-2446.0
48.44,-128.73,0.79336768,-2436.0
48.44,-128.73,0.79336768,-2436.0
48.45,-128.73,0.59159386,-2453.0
48.45,-128.72,0.59159386,-2447.0
48.46,-128.72,0.59159386,-2447.0
48.46,-128.71,0.59159386,-2447.0
48.47,-128.71,0.59159386,-2440.0
48.47,-128.71,0.59159386,-2440.0
48.47,-128.7,0.59159386,-2450.0
48.47,-128.7,0.59159386,-2450.0
48.48,-128.7,0.59159386,-2438.0
48.48,-128.7,0.59159386,-2438.0
48.48,-128.69,0.59159386,-2453.0
48.49,-128.69,0.59159386,-2446.0
48.49,-128.69,0.59159386,-2446.0
48.5,-128.69,0.59159386,-2441.0
48.5,-128.69,0.59159386,-2441.0
48.51,-128.69,0.59159386,-2439.0
48.51,-128.68,0.59159386,-2454.0
48.45,-128.65,0.59159386,-2478.0
48.45,-128.65,0.59159386,-2478.0
48.45,-128.66,0.59159386,-2475.0
48.45,-128.66,0.59159386,-2475.0
48.45,-128.66,0.59159386,-2475.0
48.45,-128.67,0.59159386,-2477.0
48.45,-128.67,0.59159386,-2477.0
48.45,-128.68,0.59159386,-2472.0
48.45,-128.68,0.59159386,-2472.0
48.45,-128.69,0.59159386,-2467.0
48.45,-128.69,0.59159386,-2467.0
48.46,-128.7,0.59159386,-2455.0
48.46,-128.7,0.59159386,-2455.0
48.46,-128.7,0.59159386,-2455.0
48.46,-128.71,0.59159386,-2447.0
48.46,-128.71,0.59159386,-2447.0
48.46,-128.71,0.59159386,-2447.0
48.46,-128.71,0.59159386,-2447.0
48.46,-128.72,0.59159386,-2447.0
48.47,-128.72,0.59159386,-2451.0
48.47,-128.72,0.59159386,-2451.0
48.47,-128.71,0.59159386,-2440.0
48.47,-128.71,0.59159386,-2440.0
48.47,-128.71,0.59159386,-2440.0
48.47,-128.71,0.59159386,-2440.0
48.48,-128.7,0.59159386,-2438.0
48.48,-128.7,0.59159386,-2438.0
48.48,-128.7,0.59159386,-2438.0
48.48,-128.69,0.59159386,-2453.0
48.48,-128.68,0.59159386,-2465.0
48.48,-128.67,0.59159386,-2476.0
48.48,-128.67,0.59159386,-2476.0
48.47,-128.73,0.59159386,-2492.0
48.47,-128.73,0.59159386,-2492.0
48.47,-128.73,0.59159386,-2492.0
48.47,-128.73,0.59159386,-2492.0
48.46,-128.72,0.59159386,-2447.0
48.46,-128.72,0.59159386,-2447.0
48.46,-128.71,0.59159386,-2447.0
48.46,-128.71,0.59159386,-2447.0
48.46,-128.71,0.59159386,-2447.0
48.46,-128.71,0.59159386,-2447.0
48.46,-128.71,0.59159386,-2447.0
48.46,-128.71,0.59159386,-2447.0
48.46,-128.71,0.59159386,-2447.0
48.46,-128.71,0.59159386,-2447.0
48.46,-128.71,0.59159386,-2447.0
48.46,-128.71,0.59159386,-2447.0
48.47,-128.71,0.59159386,-2440.0
48.47,-128.71,0.59159386,-2440.0
48.47,-128.71,0.59159386,-2440.0
48.48,-128.68,0.59159386,-2465.0
48.48,-128.67,0.59159386,-2476.0
48.47,-128.68,0.59159386,-2469.0
48.47,-128.68,0.59159386,-2469.0
48.47,-128.68,0.59159386,-2469.0
48.47,-128.68,0.59159386,-2469.0
48.46,-128.68,0.59159386,-2472.0
48.46,-128.68,0.59159386,-2472.0
48.45,-128.68,0.59159386,-2472.0
48.45,-128.68,0.59159386,-2472.0
48.45,-128.68,0.59159386,-2472.0
48.44,-128.68,0.79336768,-2473.0
48.44,-128.68,0.79336768,-2473.0
48.44,-128.68,0.79336768,-2473.0
48.44,-128.68,0.79336768,-2473.0
48.44,-128.68,0.79336768,-2473.0
48.44,-128.68,0.79336768,-2473.0
48.44,-128.68,0.79336768,-2473.0
48.44,-128.68,0.79336768,-2473.0
48.43,-128.68,0.79336768,-2481.0
48.43,-128.68,0.79336768,-2481.0
48.43,-128.68,0.79336768,-2481.0
48.42,-128.68,0.79336768,-2473.0
48.42,-128.68,0.79336768,-2473.0
48.41,-128.68,0.79336768,-2472.0
48.41,-128.68,0.79336768,-2472.0
48.4,-128.68,0.79336768,-2470.0
48.4,-128.68,0.79336768,-2470.0
48.4,-128.68,0.79336768,-2470.0
48.39,-128.68,0.79336768,-2469.0
48.38,-128.68,0.79336768,-2474.0
48.38,-128.68,0.79336768,-2474.0
48.42,-128.72,0.79336768,-2462.0
48.42,-128.71,0.79336768,-2464.0
48.42,-128.71,0.79336768,-2464.0
48.43,-128.7,0.79336768,-2474.0
48.43,-128.69,0.79336768,-2484.0
48.43,-128.69,0.79336768,-2484.0
48.44,-128.69,0.79336768,-2476.0
48.44,-128.68,0.79336768,-2473.0
48.45,-128.67,0.59159386,-2477.0
48.46,-128.66,0.59159386,-2475.0
48.44,-128.67,0.79336768,-2478.0
48.44,-128.67,0.79336768,-2478.0
48.45,-128.67,0.59159386,-2477.0
48.45,-128.66,0.59159386,-2475.0
48.45,-128.66,0.59159386,-2475.0
48.44,-128.66,0.79336768,-2475.0
48.44,-128.66,0.79336768,-2475.0
48.43,-128.66,0.79336768,-2477.0
48.43,-128.66,0.79336768,-2477.0
48.43,-128.66,0.79336768,-2477.0
48.43,-128.66,0.79336768,-2477.0
48.42,-128.66,0.79336768,-2469.0
48.42,-128.67,0.79336768,-2468.0
48.41,-128.67,0.79336768,-2465.0
48.41,-128.67,0.79336768,-2465.0
48.4,-128.67,0.79336768,-2464.0
48.4,-128.66,0.79336768,-2434.0
48.4,-128.66,0.79336768,-2434.0
48.41,-128.65,0.79336768,-2410.0
48.4,-128.64,1.033847,-2411.0
48.4,-128.64,1.033847,-2411.0
48.4,-128.64,1.033847,-2411.0
48.49,-128.63,0.8665905,-2431.0
48.49,-128.63,0.8665905,-2431.0
48.49,-128.63,0.8665905,-2431.0
48.49,-128.64,0.8665905,-2457.0
48.48,-128.64,0.8665905,-2453.0
48.48,-128.64,0.8665905,-2453.0
48.48,-128.64,0.8665905,-2453.0
48.48,-128.64,0.8665905,-2453.0
48.48,-128.64,0.8665905,-2453.0
48.47,-128.64,0.8665905,-2451.0
48.47,-128.64,0.8665905,-2451.0
48.47,-128.64,0.8665905,-2451.0
48.46,-128.64,0.8665905,-2459.0
48.46,-128.64,0.8665905,-2459.0
48.46,-128.64,0.8665905,-2459.0
48.45,-128.64,0.8665905,-2440.0
48.45,-128.64,0.8665905,-2440.0
48.45,-128.64,0.8665905,-2440.0
48.44,-128.64,1.033847,-2368.0
48.44,-128.64,1.033847,-2368.0
48.44,-128.64,1.033847,-2368.0
48.44,-128.65,0.79336768,-2471.0
48.44,-128.65,0.79336768,-2471.0
48.43,-128.65,0.79336768,-2471.0
48.43,-128.65,0.79336768,-2471.0
48.43,-128.65,0.79336768,-2471.0
48.43,-128.65,0.79336768,-2471.0
48.42,-128.65,0.79336768,-2420.0
48.42,-128.65,0.79336768,-2420.0
48.42,-128.65,0.79336768,-2420.0
48.42,-128.65,0.79336768,-2420.0
48.41,-128.65,0.79336768,-2410.0
48.41,-128.66,0.79336768,-2463.0
48.41,-128.66,0.79336768,-2463.0
48.41,-128.66,0.79336768,-2463.0
48.43,-128.69,0.79336768,-2484.0
48.43,-128.69,0.79336768,-2484.0
48.43,-128.69,0.79336768,-2484.0
48.43,-128.69,0.79336768,-2484.0
48.43,-128.68,0.79336768,-2481.0
48.43,-128.68,0.79336768,-2481.0
48.43,-128.68,0.79336768,-2481.0
48.43,-128.67,0.79336768,-2479.0
48.43,-128.66,0.79336768,-2477.0
48.43,-128.66,0.79336768,-2477.0
48.42,-128.65,0.79336768,-2420.0
48.42,-128.65,0.79336768,-2420.0
48.42,-128.59,1.033847,-2441.0
48.42,-128.6,1.033847,-2397.0
48.42,-128.6,1.033847,-2397.0
48.42,-128.6,1.033847,-2397.0
48.42,-128.61,1.033847,-2368.0
48.42,-128.61,1.033847,-2368.0
48.42,-128.62,1.033847,-2366.0
48.42,-128.62,1.033847,-2366.0
48.42,-128.63,1.033847,-2395.0
48.42,-128.63,1.033847,-2395.0
48.42,-128.63,1.033847,-2395.0
48.42,-128.63,1.033847,-2395.0
48.42,-128.64,1.033847,-2377.0
48.42,-128.64,1.033847,-2377.0
48.42,-128.64,1.033847,-2377.0
48.42,-128.64,1.033847,-2377.0
48.42,-128.65,0.79336768,-2420.0
48.42,-128.65,0.79336768,-2420.0
48.42,-128.65,0.79336768,-2420.0
48.42,-128.65,0.79336768,-2420.0
48.42,-128.66,0.79336768,-2469.0
48.42,-128.66,0.79336768,-2469.0
48.42,-128.67,0.79336768,-2468.0
48.42,-128.67,0.79336768,-2468.0
48.42,-128.67,0.79336768,-2468.0
48.42,-128.68,0.79336768,-2473.0
48.42,-128.68,0.79336768,-2473.0
48.43,-128.68,0.79336768,-2481.0
48.43,-128.68,0.79336768,-2481.0
48.43,-128.68,0.79336768,-2481.0
48.43,-128.68,0.79336768,-2481.0
48.43,-128.68,0.79336768,-2481.0
48.43,-128.68,0.79336768,-2481.0
48.44,-128.69,0.79336768,-2476.0
48.44,-128.69,0.79336768,-2476.0
48.44,-128.69,0.79336768,-2476.0
48.44,-128.7,0.79336768,-2465.0
48.44,-128.7,0.79336768,-2465.0
48.44,-128.7,0.79336768,-2465.0
48.44,-128.71,0.79336768,-2456.0
48.44,-128.71,0.79336768,-2456.0
48.44,-128.71,0.79336768,-2456.0
48.44,-128.72,0.79336768,-2449.0
48.45,-128.71,0.59159386,-2455.0
48.45,-128.71,0.59159386,-2455.0
48.45,-128.71,0.59159386,-2455.0
48.45,-128.71,0.59159386,-2455.0
48.46,-128.71,0.59159386,-2447.0
48.46,-128.71,0.59159386,-2447.0
48.46,-128.71,0.59159386,-2447.0
48.47,-128.71,0.59159386,-2440.0
48.47,-128.7,0.59159386,-2450.0
48.47,-128.7,0.59159386,-2450.0
48.48,-128.7,0.59159386,-2438.0
48.47,-128.66,0.59159386,-2476.0
48.47,-128.66,0.59159386,-2476.0
48.47,-128.66,0.59159386,-2476.0
48.46,-128.65,0.59159386,-2478.0
48.46,-128.65,0.59159386,-2478.0
48.46,-128.65,0.59159386,-2478.0
48.46,-128.64,0.8665905,-2459.0
48.46,-128.64,0.8665905,-2459.0
48.46,-128.64,0.8665905,-2459.0
48.46,-128.63,0.8665905,-2346.0
48.46,-128.63,0.8665905,-2346.0
48.46,-128.62,0.8665905,-2400.0
48.46,-128.62,0.8665905,-2400.0
48.46,-128.62,0.8665905,-2400.0
48.46,-128.61,0.8665905,-2345.0
48.46,-128.61,0.8665905,-2345.0
48.45,-128.61,0.8665905,-2374.0
48.45,-128.6,0.8665905,-2363.0
48.45,-128.6,0.8665905,-2363.0
48.45,-128.59,0.8665905,-2406.0
48.45,-128.59,0.8665905,-2406.0
48.46,-128.63,0.8665905,-2346.0
48.46,-128.63,0.8665905,-2346.0
48.46,-128.63,0.8665905,-2346.0
48.46,-128.63,0.8665905,-2346.0
48.46,-128.64,0.8665905,-2459.0
48.46,-128.64,0.8665905,-2459.0
48.46,-128.64,0.8665905,-2459.0
48.46,-128.64,0.8665905,-2459.0
48.46,-128.65,0.59159386,-2478.0
48.46,-128.66,0.59159386,-2475.0
48.46,-128.66,0.59159386,-2475.0
48.46,-128.67,0.59159386,-2474.0
48.46,-128.67,0.59159386,-2474.0
48.46,-128.68,0.59159386,-2472.0
48.46,-128.68,0.59159386,-2472.0
48.46,-128.69,0.59159386,-2466.0
48.46,-128.7,0.59159386,-2455.0
48.46,-128.7,0.59159386,-2455.0
48.46,-128.71,0.59159386,-2447.0
48.46,-128.71,0.59159386,-2447.0
48.46,-128.71,0.59159386,-2447.0
48.46,-128.71,0.59159386,-2447.0
48.46,-128.71,0.59159386,-2447.0
48.46,-128.71,0.59159386,-2447.0
48.46,-128.71,0.59159386,-2447.0
48.46,-128.72,0.59159386,-2447.0
48.46,-128.72,0.59159386,-2447.0
48.46,-128.72,0.59159386,-2447.0
48.46,-128.72,0.59159386,-2447.0
48.46,-128.72,0.59159386,-2447.0
48.46,-128.72,0.59159386,-2447.0
48.46,-128.71,0.59159386,-2447.0
48.46,-128.71,0.59159386,-2447.0
48.46,-128.71,0.59159386,-2447.0
48.46,-128.71,0.59159386,-2447.0
48.46,-128.7,0.59159386,-2455.0
48.46,-128.71,0.59159386,-2447.0
48.46,-128.71,0.59159386,-2447.0
48.46,-128.71,0.59159386,-2447.0
48.46,-128.71,0.59159386,-2447.0
48.46,-128.71,0.59159386,-2447.0
48.46,-128.72,0.59159386,-2447.0
48.46,-128.71,0.59159386,-2447.0
48.46,-128.71,0.59159386,-2447.0
48.46,-128.71,0.59159386,-2447.0
48.46,-128.71,0.59159386,-2447.0
48.46,-128.71,0.59159386,-2447.0
48.46,-128.71,0.59159386,-2447.0
44.65,-130.85,1.9146042,-2680.0
44.48,-129.88,0.78107381,-2661.0
44.63,-130.13,0.36031222,-2755.0
44.62,-130.52,0.67423803,-2523.0
44.65,-130.77,1.9146042,-2945.0
45.87,-130.57,2.5964611,-2734.0
45.8,-130.82,3.3465738,-2799.0
46.2,-130.02,1.1109359,-2488.0
50.07,-132.42,7.3883481,-2978.0
48.32,-131.63,6.8122478,-3171.0
46.25,-131.98,7.888742,-3283.0
43.85,-130.92,5.6550808,-3338.0
42.32,-130.65,6.8167458,-3487.0
40.6,-130.43,6.2645273,-3679.0
40.58,-129.37,4.2579012,-3236.0
38.58,-127.75,33.229568,-4637.0
46.8,-125.53,8.4658957,-1913.0
46.8,-125.55,8.262826,-1931.0
46.8,-125.55,8.262826,-1931.0
46.8,-125.56,8.262826,-1936.0
46.8,-125.57,8.262826,-1927.0
46.8,-125.57,8.262826,-1927.0
46.78,-125.76,7.7502818,-1915.0
46.79,-125.69,8.0188046,-1841.0
46.79,-125.71,8.0188046,-1917.0
46.78,-125.77,7.7502818,-1911.0
46.79,-125.72,8.0188046,-1917.0
46.78,-125.78,7.7502818,-1904.0
46.78,-125.73,8.0188046,-1918.0
46.78,-125.75,7.7502818,-1916.0
46.77,-125.92,7.4773855,-2500.0
46.77,-125.94,7.4773855,-2551.0
46.77,-125.95,7.2581306,-2555.0
46.76,-125.96,7.2581306,-2571.0
46.76,-125.98,7.2581306,-2576.0
46.76,-125.98,7.2581306,-2576.0
46.76,-125.98,7.2581306,-2576.0
46.76,-126.04,7.2581306,-2601.0
46.76,-126.04,7.2581306,-2601.0
46.76,-126.05,7.0691643,-2602.0
46.74,-126.23,6.8100848,-2616.0
46.74,-126.22,6.8100848,-2617.0
46.74,-126.2,6.8100848,-2614.0
46.74,-126.19,6.8100848,-2613.0
46.74,-126.18,6.8100848,-2615.0
46.75,-126.16,6.8100848,-2607.0
46.74,-126.18,6.8100848,-2615.0
46.74,-126.2,6.8100848,-2614.0
46.74,-126.21,6.8100848,-2615.0
46.74,-126.21,6.8100848,-2615.0
46.74,-126.22,6.8100848,-2617.0
46.74,-126.24,6.8100848,-2617.0
46.74,-126.24,6.8100848,-2617.0
46.74,-126.25,6.8100848,-2621.0
46.68,-126.14,7.0371647,-2611.0
46.68,-126.15,6.8100848,-2610.0
46.68,-126.16,6.8100848,-2610.0
46.67,-126.18,6.8100848,-2613.0
46.67,-126.19,6.8100848,-2614.0
46.67,-126.2,6.8100848,-2615.0
39.02,-120.07,16.215477,572.0
39.05,-120.0,16.215477,637.0
39.05,-120.03,16.215477,637.0
39.12,-120.02,16.215477,594.0
39.17,-120.0,16.215477,750.0
39.2,-119.98,16.215477,890.0
39.2,-119.98,16.215477,890.0
39.15,-120.02,16.215477,622.0
39.07,-120.03,16.215477,563.0
39.07,-120.03,16.215477,563.0
39.1,-120.07,16.215477,644.0
43.52,-119.72,9.5357075,1406.0
43.48,-119.54,9.5357075,1363.0
43.48,-119.54,9.5357075,1363.0
43.3,-119.15,9.4671307,1316.0
43.22,-119.25,9.2272873,1314.0
43.35,-119.12,9.4671307,1313.0
43.44,-119.02,9.5350513,1341.0
43.58,-119.41,9.5827484,1478.0
43.48,-119.54,9.5357075,1363.0
43.48,-119.54,9.5357075,1363.0
43.43,-119.62,9.5350513,1334.0
43.31,-119.76,9.4671307,1313.0
43.19,-119.89,9.2272873,1314.0
43.31,-119.78,9.4671307,1313.0
43.66,-119.94,9.5827484,1715.0
43.51,-120.04,9.5357075,1400.0
43.49,-120.1,9.5357075,1375.0
43.77,-120.38,9.5827484,1483.0
43.77,-120.38,9.5827484,1483.0
43.86,-120.26,9.8749847,1336.0
45.21,-119.34,9.5008411,362.0
43.21,-119.04,9.2272873,1314.0
52.22,-132.15,6.5335484,-2915.0
52.22,-132.14,6.103384,-2915.0
52.27,-132.1,6.1315002,-2927.0
52.27,-132.09,6.1315002,-2911.0
52.27,-132.09,6.1315002,-2911.0
52.54,-132.31,7.263514,-1838.0
52.54,-132.31,7.263514,-1838.0
52.55,-132.3,7.263514,-1833.0
52.58,-132.27,7.263514,-1807.0
52.61,-132.16,7.0473046,-1950.0
52.41,-131.94,5.7069907,-2082.0
52.17,-131.72,4.5949821,-2045.0
52.16,-131.77,5.1155453,-2085.0
52.34,-131.99,5.8991323,-2089.0
52.34,-131.99,5.8991323,-2089.0
52.16,-132.03,5.6060786,-2929.0
52.33,-131.99,5.8991323,-2090.0
51.97,-131.53,3.7449136,-2075.0
51.95,-131.55,3.8910007,-2143.0
51.8,-131.25,2.4903505,-1888.0
50.83,-124.89,7.2214351,-341.0
50.83,-124.89,7.2214351,-341.0
50.83,-124.89,7.2214351,-341.0
50.83,-124.89,7.2214351,-341.0
50.83,-124.89,7.2214351,-341.0
50.83,-124.89,7.2214351,-341.0
50.83,-124.89,7.2214351,-341.0
50.09,-124.81,7.2320395,-509.0
50.09,-124.81,7.2320395,-509.0
50.09,-124.81,7.2320395,-509.0
50.09,-124.81,7.2320395,-509.0
50.09,-124.81,7.2320395,-509.0
50.09,-124.81,7.2320395,-509.0
50.09,-124.81,7.2320395,-509.0
50.09,-124.81,7.2320395,-509.0
49.88,-124.06,7.9011574,-213.0
49.88,-124.06,7.9011574,-213.0
49.88,-124.06,7.9011574,-213.0
49.88,-124.06,7.9011574,-213.0
49.88,-124.06,7.9011574,-213.0
49.88,-124.06,7.9011574,-213.0
49.88,-124.06,7.9011574,-213.0
49.88,-124.06,7.9011574,-213.0
49.87,-124.05,7.9011574,-538.0
49.87,-124.05,7.9011574,-538.0
49.87,-124.05,7.9011574,-538.0
49.87,-124.05,7.9011574,-538.0
49.87,-124.05,7.9011574,-538.0
49.87,-124.05,7.9011574,-538.0
49.87,-124.05,7.9011574,-538.0
49.87,-124.05,7.9011574,-538.0
49.42,-123.4,8.9942894,-236.0
49.42,-123.4,8.9942894,-236.0
49.42,-123.4,8.9942894,-236.0
49.42,-123.4,8.9942894,-236.0
49.42,-123.4,8.9942894,-236.0
49.42,-123.4,8.9942894,-236.0
49.42,-123.4,8.9942894,-236.0
49.41,-122.87,8.9942894,-188.0
49.41,-122.87,8.9942894,-188.0
49.41,-122.87,8.9942894,-188.0
49.41,-122.87,8.9942894,-188.0
49.41,-122.87,8.9942894,-188.0
49.41,-122.87,8.9942894,-188.0
49.41,-122.87,8.9942894,-188.0
49.39,-122.88,8.9942894,-80.0
49.39,-122.88,8.9942894,-80.0
49.39,-122.88,8.9942894,-80.0
49.39,-122.88,8.9942894,-80.0
49.39,-122.88,8.9942894,-80.0
49.39,-122.88,8.9942894,-80.0
49.39,-122.88,8.9942894,-80.0
49.99,-123.99,7.9011574,-500.0
49.99,-123.99,7.9011574,-500.0
49.99,-123.99,7.9011574,-500.0
49.99,-123.99,7.9011574,-500.0
49.99,-123.99,7.9011574,-500.0
49.99,-123.99,7.9011574,-500.0
49.99,-123.99,7.9011574,-500.0
49.99,-123.99,7.9011574,-500.0
50.01,-123.94,7.9011574,-483.0
50.01,-123.94,7.9011574,-483.0
50.01,-123.94,7.9011574,-483.0
50.01,-123.94,7.9011574,-483.0
50.01,-123.94,7.9011574,-483.0
50.01,-123.94,7.9011574,-483.0
50.01,-123.94,7.9011574,-483.0
50.01,-123.94,7.9011574,-483.0
50.07,-123.8,7.9011574,-525.0
50.07,-123.8,7.9011574,-525.0
50.07,-123.8,7.9011574,-525.0
50.07,-123.8,7.9011574,-525.0
50.07,-123.8,7.9011574,-525.0
50.07,-123.8,7.9011574,-525.0
50.07,-123.8,7.9011574,-525.0
50.07,-123.8,7.9011574,-525.0
50.15,-123.85,7.9011574,-333.0
50.15,-123.85,7.9011574,-333.0
50.15,-123.85,7.9011574,-333.0
50.15,-123.85,7.9011574,-333.0
50.15,-123.85,7.9011574,-333.0
50.15,-123.85,7.9011574,-333.0
50.15,-123.85,7.9011574,-333.0
50.15,-123.85,7.9011574,-333.0
49.8,-124.04,7.9011574,-673.0
49.8,-124.04,7.9011574,-673.0
49.8,-124.04,7.9011574,-673.0
49.8,-124.04,7.9011574,-673.0
49.8,-124.04,7.9011574,-673.0
49.8,-124.04,7.9011574,-673.0
49.8,-124.04,7.9011574,-673.0
49.8,-124.04,7.9011574,-673.0
49.94,-124.53,7.1700683,55.0
49.94,-124.53,7.1700683,55.0
49.94,-124.53,7.1700683,55.0
49.94,-124.53,7.1700683,55.0
49.94,-124.53,7.1700683,55.0
49.94,-124.53,7.1700683,55.0
49.94,-124.53,7.1700683,55.0
49.94,-124.53,7.1700683,55.0
49.94,-124.53,7.1700683,55.0
49.94,-124.53,7.1700683,55.0
49.94,-124.53,7.1700683,55.0
49.94,-124.53,7.1700683,55.0
49.94,-124.53,7.1700683,55.0
49.94,-124.53,7.1700683,55.0
49.94,-124.53,7.1700683,55.0
49.94,-124.53,7.1700683,55.0
48.59,-123.5,8.9942894,-222.0
48.59,-123.5,8.9942894,-222.0
48.59,-123.5,8.9942894,-222.0
48.59,-123.5,8.9942894,-222.0
48.59,-123.5,8.9942894,-222.0
48.59,-123.5,8.9942894,-222.0
48.59,-123.5,8.9942894,-222.0
48.59,-123.5,8.9942894,-222.0
49.67,-130.11,0.59459901,-2459.0
49.64,-130.04,0.81696123,-2389.0
49.64,-130.04,0.81696123,-2389.0
49.64,-130.03,0.81696123,-2382.0
49.63,-130.02,0.81696123,-2407.0
49.63,-130.02,0.81696123,-2407.0
49.63,-130.01,0.81696123,-2395.0
49.63,-130.01,0.81696123,-2395.0
49.62,-129.99,0.81696123,-2410.0
49.62,-129.99,0.81696123,-2410.0
49.67,-130.1,0.59459901,-2446.0
49.62,-129.98,0.81696123,-2408.0
49.61,-129.98,0.81696123,-2429.0
49.61,-129.98,0.81696123,-2429.0
49.61,-129.97,0.81696123,-2428.0
49.61,-129.97,0.81696123,-2428.0
49.61,-129.96,0.81696123,-2429.0
49.6,-129.96,0.81696123,-2450.0
49.6,-129.95,1.0505846,-2449.0
49.6,-129.95,1.0505846,-2449.0
49.67,-130.09,0.59459901,-2442.0
49.66,-130.08,0.59459901,-2434.0
49.66,-130.07,0.59459901,-2402.0
49.65,-130.06,0.68830746,-2408.0
49.65,-130.05,0.68830746,-2398.0
49.89,-128.3,3.5512867,-2048.0
50.26,-128.82,2.7159307,-2021.0
50.48,-129.53,1.2588239,-2000.0
50.18,-129.38,1.5338509,-2135.0
50.45,-129.81,1.0826941,-2197.0
50.9,-130.87,0.62095869,-2537.0
48.46,-128.68,0.59159386,-2472.0
48.46,-128.62,0.8665905,-2400.0
48.46,-128.61,0.8665905,-2345.0
48.46,-128.58,0.8665905,-2411.0
48.46,-128.58,0.8665905,-2411.0
48.46,-128.57,0.8665905,-2388.0
48.46,-128.55,0.8665905,-2429.0
48.46,-128.55,0.8665905,-2429.0
48.46,-128.54,1.1157724,-2473.0
48.46,-128.53,1.1157724,-2436.0
48.46,-128.67,0.59159386,-2474.0
48.46,-128.51,1.1157724,-2450.0
48.46,-128.5,1.1157724,-2476.0
48.46,-128.49,1.1157724,-2505.0
48.46,-128.49,1.1157724,-2505.0
48.46,-128.48,1.1157724,-2532.0
48.46,-128.48,1.1157724,-2532.0
48.46,-128.47,1.1157724,-2555.0
48.47,-128.47,1.1157724,-2539.0
48.46,-128.66,0.59159386,-2475.0
48.47,-128.46,1.1157724,-2556.0
48.46,-128.66,0.59159386,-2475.0
48.46,-128.65,0.59159386,-2478.0
48.46,-128.65,0.59159386,-2478.0
48.46,-128.64,0.8665905,-2459.0
48.46,-128.63,0.8665905,-2346.0
48.46,-128.63,0.8665905,-2346.0
50.68,-131.01,1.8958869,-2602.0
50.73,-131.12,2.265857,-2606.0
50.73,-131.11,2.265857,-2601.0
50.73,-131.09,2.265857,-2597.0
50.73,-131.08,2.265857,-2596.0
50.47,-130.28,0.06584172,-2594.0
50.47,-130.27,0.06584172,-2495.0
50.48,-130.26,0.06584172,-2232.0
50.14,-130.45,0.64635819,-2443.0
50.11,-130.4,0.64635819,-2420.0
50.13,-130.45,0.64635819,-2425.0
50.13,-130.44,0.64635819,-2431.0
50.13,-130.44,0.64635819,-2431.0
50.13,-130.44,0.64635819,-2431.0
50.12,-130.42,0.64635819,-2421.0
50.12,-130.42,0.64635819,-2421.0
50.11,-130.41,0.64635819,-2421.0
51.27,-131.01,0.12469516,-2402.0
51.61,-130.85,0.98918939,-1973.0
51.38,-130.76,0.051265415,-2087.0
51.5,-130.61,0.3799772,-1607.0
51.23,-130.54,0.91700733,-2025.0
53.5,-130.61,4.3941827,37.0
52.34,-130.61,2.2681541,-164.0
51.92,-129.97,0.54942942,-137.0
52.41,-130.79,2.2681541,-110.0
51.59,-129.35,1.3081136,-58.0
51.58,-130.29,0.54942942,-843.0
51.51,-130.34,0.54942942,-1124.0
51.58,-130.35,0.54942942,-853.0
51.54,-130.29,0.54942942,-914.0
51.53,-130.27,0.54942942,-1019.0
51.55,-130.19,0.89558804,-797.0
51.44,-130.43,0.54942942,-1238.0
51.42,-130.22,0.89558804,-1240.0
51.38,-130.12,1.238132,-901.0
53.56,-131.43,7.0473046,-22.0
52.79,-130.97,4.3941827,-36.0
52.76,-132.05,7.0473046,108.0
52.76,-132.05,7.0473046,108.0
53.32,-131.34,5.7069907,-29.0
44.44,-122.12,9.8749847,1006.0
44.44,-122.12,9.8749847,1006.0
45.12,-122.16,9.68153,458.0
44.55,-122.03,9.8749847,1173.0
44.56,-122.03,9.8749847,1164.0
44.9,-122.01,9.8163719,864.0
49.33,-119.63,9.2849312,1579.0
49.33,-119.63,9.2849312,1579.0
49.33,-119.63,9.2849312,1579.0
48.02,-129.2,0.28132188,-2451.0
48.02,-129.2,0.28132188,-2451.0
48.02,-129.2,0.28132188,-2451.0
48.02,-129.2,0.28132188,-2451.0
48.02,-129.2,0.28132188,-2451.0
48.01,-129.16,0.28132188,-2267.0
48.01,-129.16,0.28132188,-2267.0
48.01,-129.16,0.28132188,-2267.0
48.0,-129.15,0.28132188,-2330.0
48.0,-129.15,0.28132188,-2330.0
48.0,-129.15,0.28132188,-2330.0
48.0,-129.15,0.28132188,-2330.0
48.0,-129.15,0.28132188,-2330.0
48.0,-129.15,0.28132188,-2330.0
47.99,-129.26,0.55420947,-2407.0
47.99,-129.26,0.55420947,-2407.0
47.99,-129.26,0.55420947,-2407.0
47.99,-129.26,0.55420947,-2407.0
48.0,-129.3,0.55420947,-2430.0
48.0,-129.3,0.55420947,-2430.0
48.0,-129.3,0.55420947,-2430.0
48.05,-129.38,0.81750041,-2521.0
48.05,-129.38,0.81750041,-2521.0
48.01,-129.16,0.28132188,-2267.0
47.95,-129.1,0.02951305,-2190.0
47.95,-129.1,0.02951305,-2190.0
47.95,-129.1,0.02951305,-2190.0
47.95,-129.1,0.02951305,-2190.0
47.95,-129.1,0.02951305,-2190.0
47.95,-129.1,0.02951305,-2190.0
47.95,-129.1,0.02951305,-2190.0
47.95,-129.1,0.02951305,-2190.0
47.95,-129.09,0.02951305,-2131.0
47.95,-129.1,0.02951305,-2190.0
47.95,-129.09,0.02951305,-2131.0
47.95,-129.1,0.02951305,-2190.0
47.95,-129.1,0.02951305,-2190.0
47.95,-129.09,0.02951305,-2131.0
47.95,-129.09,0.02951305,-2131.0
47.95,-129.1,0.02951305,-2190.0
47.95,-129.08,0.02951305,-2267.0
47.95,-129.1,0.02951305,-2190.0
47.95,-129.1,0.02951305,-2190.0
47.95,-129.1,0.02951305,-2190.0
47.95,-129.1,0.02951305,-2190.0
47.95,-129.1,0.02951305,-2190.0
47.95,-129.1,0.02951305,-2190.0
47.95,-129.09,0.02951305,-2131.0
47.95,-129.09,0.02951305,-2131.0
47.95,-129.1,0.02951305,-2190.0
47.95,-129.1,0.02951305,-2190.0
47.95,-129.1,0.02951305,-2190.0
47.95,-129.1,0.02951305,-2190.0
47.95,-129.1,0.02951305,-2190.0
47.95,-129.1,0.02951305,-2190.0
47.95,-129.09,0.02951305,-2131.0
47.95,-129.09,0.02951305,-2131.0
47.95,-129.1,0.02951305,-2190.0
47.95,-129.1,0.02951305,-2190.0
47.95,-129.1,0.02951305,-2190.0
47.95,-129.1,0.02951305,-2190.0
47.95,-129.1,0.02951305,-2190.0
47.95,-129.09,0.02951305,-2131.0
47.95,-129.09,0.02951305,-2131.0
47.95,-129.1,0.02951305,-2190.0
47.95,-129.1,0.02951305,-2190.0
46.52,-129.58,0.30251956,-2499.0
46.52,-129.58,0.30251956,-2499.0
46.53,-129.58,0.30251956,-2468.0
46.53,-129.58,0.30251956,-2468.0
46.53,-129.57,0.30251956,-2538.0
46.53,-129.57,0.30251956,-2538.0
46.31,-129.72,0.39045012,-2250.0
46.31,-129.71,0.39045012,-2255.0
46.31,-129.71,0.39045012,-2255.0
46.31,-129.72,0.39045012,-2250.0
42.68,-126.78,0.10922085,-3094.0
42.68,-126.78,0.10922085,-3094.0
37.86,-119.08,16.19442,43.0
37.63,-119.08,16.19442,43.0
37.49,-119.3,16.19442,43.0
44.64,-125.07,9.5422888,-1043.0
44.65,-125.14,9.5422888,-836.0
44.62,-125.06,9.5422888,-1178.0
44.66,-125.14,9.5507097,-783.0
44.62,-125.06,9.5422888,-1178.0
44.66,-125.57,8.5858335,-2854.0
44.65,-125.57,8.6269598,-2860.0
44.64,-125.58,8.6269598,-2864.0
44.65,-125.58,8.6269598,-2864.0
44.65,-125.59,8.6269598,-2864.0
44.66,-125.6,8.5858335,-2859.0
44.66,-125.69,8.4469986,-2861.0
44.65,-125.72,8.4459772,-2868.0
44.65,-125.73,8.4459772,-2866.0
44.68,-125.66,8.4469986,-2855.0
44.51,-126.67,6.5422888,-2914.0
44.33,-127.43,5.4407101,-2888.0
45.33,-129.32,1.3617047,-2753.0
45.35,-129.18,1.5062964,-2764.0
45.36,-129.19,1.5062964,-2764.0
45.37,-129.19,1.5062964,-2765.0
45.37,-129.2,1.5062964,-2763.0
45.38,-129.15,1.5062964,-2773.0
45.38,-129.19,1.5062964,-2770.0
45.38,-129.19,1.5062964,-2770.0
45.38,-129.19,1.5062964,-2770.0
46.16,-129.2,0.92084652,-2704.0
44.67,-125.58,8.5858335,-2851.0
44.58,-127.3,5.4504809,-2922.0
44.81,-127.97,4.1015091,-2873.0
44.95,-128.39,3.2205846,-2833.0
45.1,-128.85,2.4179773,-2820.0
44.67,-125.58,8.5858335,-2851.0
44.84,-125.6,8.5421562,-2784.0
44.91,-124.61,9.8163719,-444.0
44.97,-125.1,9.5523081,-1358.0
45.01,-125.15,9.2965679,-1554.0
44.86,-125.13,9.5314922,-1835.0
44.87,-125.28,9.1318445,-2065.0
44.82,-125.59,8.5421562,-2794.0
44.65,-125.58,8.6269598,-2864.0
39.06,-123.15,18.00329,228.0
37.24,-122.07,16.352819,6.0
38.1,-122.89,17.370102,243.0
37.51,-122.21,16.524179,101.0
40.02,-124.07,16.881744,-17.0
41.21,-119.06,16.815744,1284.0
40.88,-119.1,16.676729,1384.0
40.87,-119.17,16.676729,1374.0
41.08,-119.02,16.815744,1531.0
41.05,-119.02,16.676729,1503.0
41.02,-119.06,16.676729,1554.0
40.94,-119.1,16.676729,1733.0
40.91,-119.14,16.676729,1424.0
40.39,-121.54,18.00329,1924.0
40.36,-121.5,18.00329,1544.0
40.41,-121.45,18.00329,1948.0
40.75,-119.02,16.524179,2002.0
40.68,-119.36,16.676729,1699.0
40.65,-119.39,16.676729,1753.0
40.65,-119.35,16.676729,1753.0
40.66,-119.38,16.676729,1719.0
40.69,-119.35,16.676729,1725.0
40.78,-119.34,16.815744,1761.0
40.65,-119.37,16.676729,1753.0
40.66,-119.37,16.676729,1719.0
40.66,-119.37,16.676729,1719.0
38.72,-123.35,17.939177,242.0
38.72,-123.35,17.939177,242.0
37.12,-122.15,16.845156,113.0
40.88,-123.98,8.9923286,45.0
38.99,-123.35,18.00329,170.0
38.99,-123.35,18.00329,170.0
38.77,-122.97,17.834578,107.0
38.77,-122.97,17.834578,107.0
38.88,-121.9,17.217102,5.0
39.84,-123.17,18.287436,485.0
37.8,-121.94,16.524179,192.0
37.8,-121.94,16.524179,192.0
37.51,-122.13,16.364212,25.0
37.51,-122.13,16.364212,25.0
40.73,-124.21,8.9923286,34.0
40.73,-124.21,8.9923286,34.0
40.14,-124.0,15.872827,245.0
38.58,-122.65,17.50819,231.0
38.58,-122.65,17.50819,231.0
40.22,-123.64,17.755274,109.0
40.09,-123.8,17.755274,105.0
38.8,-122.83,17.725136,612.0
38.8,-122.83,17.725136,612.0
40.55,-124.18,9.0263643,67.0
40.55,-124.18,9.0263643,67.0
38.84,-122.2,17.370102,115.0
40.24,-124.13,15.872827,118.0
40.24,-124.13,15.872827,118.0
40.14,-123.41,17.755274,824.0
40.74,-124.21,8.9923286,2.0
39.73,-123.5,18.371571,486.0
39.73,-123.5,18.371571,486.0
39.95,-123.35,18.371571,574.0
39.95,-123.35,18.371571,574.0
37.74,-121.75,16.215477,13.0
37.74,-121.75,16.215477,13.0
40.56,-124.35,9.0263643,59.0
38.09,-122.75,17.217102,55.0
38.09,-122.75,17.217102,55.0
39.41,-123.75,18.287436,138.0
37.05,-121.24,16.347124,12.0
37.06,-121.18,16.19442,17.0
37.03,-121.31,16.347124,6.0
37.03,-121.31,16.347124,6.0
37.03,-121.31,16.347124,6.0
37.03,-121.31,16.347124,6.0
37.05,-121.21,16.347124,14.0
37.05,-121.21,16.347124,14.0
37.05,-121.19,16.347124,16.0
37.05,-121.19,16.347124,16.0
37.04,-121.25,16.347124,10.0
37.04,-121.25,16.347124,10.0
37.25,-122.4,17.13776,-10.0
40.32,-124.28,15.739372,34.0
39.34,-123.1,18.00329,308.0
38.93,-123.71,18.242743,50.0
38.1,-122.89,17.370102,243.0
37.51,-122.21,16.524179,101.0
38.7,-123.42,18.027369,56.0
40.02,-124.07,16.881744,-17.0
39.06,-123.15,18.00329,228.0
37.24,-122.07,16.352819,6.0
44.68,-125.29,9.1196241,-2114.0
44.66,-125.27,9.1196241,-2269.0
44.66,-125.27,9.1196241,-2269.0
44.66,-125.26,9.1196241,-2280.0
44.66,-125.25,9.1196241,-2281.0
44.66,-125.36,8.9653473,-2846.0
44.66,-125.35,9.1196241,-2810.0
44.66,-125.35,9.1196241,-2810.0
44.66,-125.35,9.1196241,-2810.0
44.65,-125.35,9.1559649,-2839.0
45.0,-125.3,9.0883245,-2050.0
45.01,-125.3,9.0883245,-1966.0
45.0,-125.31,9.0883245,-2038.0
45.0,-125.32,9.0883245,-1887.0
44.99,-125.32,9.0883245,-1933.0
44.99,-125.33,9.0883245,-1979.0
44.94,-125.37,8.987608,-2463.0
44.94,-125.36,8.987608,-2424.0
44.93,-125.35,9.1318445,-2430.0
47.06,-125.89,7.6291208,-2075.0
47.06,-125.89,7.6291208,-2075.0
47.07,-125.9,7.6291208,-2103.0
47.07,-125.9,7.6291208,-2103.0
47.07,-125.91,7.6291208,-2098.0
47.08,-125.9,7.6291208,-2100.0
47.07,-125.91,7.6291208,-2098.0
47.08,-125.91,7.6291208,-2111.0
47.08,-125.92,7.6291208,-2105.0
47.08,-125.94,7.6291208,-1936.0
47.08,-125.94,7.6291208,-1936.0
46.97,-125.93,7.6286254,-2314.0
46.98,-125.94,7.6286254,-2330.0
46.97,-125.99,7.3567901,-2523.0
46.97,-125.98,7.3567901,-2473.0
46.97,-125.98,7.3567901,-2473.0
46.98,-125.97,7.3567901,-2389.0
46.98,-125.96,7.3567901,-2339.0
46.98,-125.95,7.3567901,-2281.0
46.98,-125.94,7.6286254,-2330.0
46.98,-125.94,7.6286254,-2330.0
46.99,-125.97,7.3567901,-2405.0
47.0,-125.96,7.3567901,-2390.0
46.99,-125.96,7.3567901,-2366.0
46.99,-125.94,7.6286254,-2347.0
46.99,-125.95,7.3567901,-2315.0
50.55,-131.62,4.6901741,-2851.0
47.9,-127.2,4.359262,-2587.0
47.15,-130.12,2.7302463,-2708.0
47.9,-127.65,3.1907601,-2652.0
44.65,-125.14,9.5422888,-836.0
44.65,-125.07,9.5422888,-982.0
44.65,-125.06,9.5422888,-1046.0
44.65,-125.02,9.8048306,-1002.0
44.65,-124.97,9.8048306,-781.0
47.23,-126.15,6.8040028,-2420.0
47.23,-126.15,6.8040028,-2420.0
47.24,-126.14,7.0875106,-2438.0
47.29,-126.08,7.1277666,-2077.0
47.3,-126.09,7.1277666,-2074.0
47.3,-126.09,7.1277666,-2074.0
47.3,-126.09,7.1277666,-2074.0
47.29,-126.11,7.1277666,-2020.0
47.28,-126.12,7.1277666,-2197.0
47.28,-126.12,7.1277666,-2197.0
47.28,-126.13,7.1277666,-2316.0
47.27,-126.14,7.1277666,-2421.0
47.27,-126.14,7.1277666,-2421.0
47.27,-126.15,6.8401093,-2462.0
47.27,-126.15,6.8401093,-2462.0
47.25,-126.17,6.8040028,-2462.0
47.44,-126.38,6.4628758,-2386.0
47.44,-126.38,6.4628758,-2386.0
47.44,-126.38,6.4628758,-2386.0
47.45,-126.36,6.5422029,-2377.0
47.45,-126.36,6.5422029,-2377.0
47.46,-126.33,6.8071642,-2413.0
47.46,-126.29,6.8071642,-2349.0
47.46,-126.29,6.8071642,-2349.0
47.46,-126.26,6.8071642,-2260.0
47.46,-126.22,7.0861001,-2359.0
47.46,-126.22,7.0861001,-2359.0
47.46,-126.22,7.0861001,-2359.0
47.46,-126.19,7.0861001,-2294.0
47.46,-126.18,7.0861001,-2275.0
47.46,-126.16,7.0861001,-2005.0
44.95,-125.2,9.2965679,-1334.0
44.95,-125.22,9.2965679,-1205.0
44.95,-125.23,9.2965679,-1250.0
44.95,-125.25,9.0883245,-1218.0
44.95,-125.41,8.9141588,-2663.0
44.95,-125.37,8.9141588,-2471.0
44.95,-125.37,8.9141588,-2471.0
44.95,-125.37,8.9141588,-2471.0
44.95,-125.37,8.9141588,-2471.0
44.95,-125.38,8.9141588,-2475.0
44.95,-125.4,8.9141588,-2600.0
44.95,-125.42,8.9141588,-2726.0
44.93,-125.27,9.1318445,-1550.0
44.93,-125.27,9.1318445,-1550.0
44.95,-125.47,8.6826057,-2772.0
44.95,-125.52,8.6826057,-2753.0
44.95,-125.52,8.6826057,-2753.0
44.95,-125.58,8.4492979,-2747.0
44.95,-125.64,8.4492979,-2777.0
44.65,-125.27,9.1559649,-2251.0
44.65,-125.3,9.1559649,-2041.0
44.65,-125.3,9.1559649,-2041.0
44.65,-125.32,9.1559649,-2387.0
44.65,-125.32,9.1559649,-2387.0
44.65,-125.34,9.1559649,-2697.0
44.65,-125.37,8.9884195,-2864.0
44.65,-125.4,8.9884195,-2873.0
44.65,-125.47,8.7853642,-2860.0
49.33,-119.63,9.2849312,1579.0
49.36,-119.69,9.2849312,1515.0
49.37,-119.77,9.2849312,1702.0
49.37,-119.76,9.2849312,1702.0
49.37,-119.65,9.2849312,1702.0
50.58,-123.46,7.6288118,608.0
50.57,-123.47,7.6288118,670.0
50.57,-123.49,7.6288118,823.0
50.57,-123.5,7.6288118,799.0
50.57,-123.51,7.6288118,808.0
50.66,-120.51,8.9942894,1456.0
50.77,-122.8,8.4487114,1096.0
49.61,-123.15,8.9942894,1381.0
49.61,-123.16,8.9942894,1261.0
49.61,-123.17,8.9942894,1136.0
49.61,-123.17,8.9942894,1136.0
49.61,-123.16,8.9942894,1261.0
49.61,-123.16,8.9942894,1261.0
50.47,-120.97,8.9942894,1291.0
50.48,-120.97,8.9942894,1214.0
50.48,-120.97,8.9942894,1214.0
50.48,-120.97,8.9942894,1214.0
51.52,-119.81,8.9942894,1180.0
51.52,-119.81,8.9942894,1180.0
51.52,-119.81,8.9942894,1180.0
49.51,-121.29,9.2849312,1110.0
49.51,-123.37,8.9942894,232.0
50.65,-120.48,8.9942894,1333.0
50.61,-127.48,4.6360407,91.0
50.69,-123.51,7.6288118,698.0
50.67,-123.54,7.3612161,1179.0
50.68,-123.52,7.6288118,888.0
50.66,-123.53,7.6288118,1638.0
50.68,-123.48,7.6288118,692.0
50.63,-123.42,7.6288118,463.0
50.65,-123.56,7.3612161,1823.0
50.68,-123.56,7.3612161,784.0
50.64,-120.46,8.9942894,1323.0
50.57,-123.48,7.6288118,750.0
50.54,-123.48,7.6288118,869.0
50.56,-123.46,7.6288118,869.0
50.57,-123.5,7.6288118,799.0
50.57,-123.52,7.6288118,878.0
50.57,-123.54,7.6288118,871.0
50.52,-123.5,7.6288118,1197.0
50.9,-121.41,8.9942894,526.0
50.91,-121.41,8.9942894,517.0
50.91,-121.41,8.9942894,517.0
52.64,-121.56,7.6288118,971.0
52.63,-121.56,7.6288118,990.0
52.63,-121.56,7.6288118,990.0
49.58,-125.61,7.2806315,654.0
49.57,-125.59,7.2806315,521.0
49.58,-125.61,7.2806315,654.0
50.43,-122.84,8.725028,1215.0
49.32,-121.93,9.2849312,625.0
50.08,-123.21,8.725028,1114.0
49.81,-125.15,7.2320395,85.0
50.09,-124.81,7.2320395,-509.0
50.16,-123.4,8.4487114,302.0
50.13,-123.45,8.4487114,483.0
50.2,-123.54,8.1750021,300.0
50.19,-123.53,8.1750021,322.0
50.18,-123.53,8.1750021,291.0
50.29,-124.66,7.2320395,-708.0
50.27,-124.64,7.2320395,-723.0
50.2,-124.64,7.2320395,-711.0
50.24,-124.63,7.2320395,-726.0
50.02,-123.9,7.9011574,-401.0
50.08,-123.78,7.9011574,-404.0
50.18,-123.94,7.6288118,-285.0
50.16,-123.89,7.6288118,-325.0
50.14,-123.84,7.9011574,-354.0
49.85,-123.9,8.1750021,-668.0
49.85,-123.9,8.1750021,-668.0
49.81,-123.93,8.1750021,-644.0
49.79,-124.04,7.9011574,-671.0
49.79,-124.04,7.9011574,-671.0
50.06,-123.82,7.9011574,-528.0
50.04,-123.85,7.9011574,-531.0
50.04,-123.86,7.9011574,-525.0
50.01,-123.94,7.9011574,-483.0
49.97,-123.99,7.9011574,-555.0
50.0,-123.98,7.9011574,-546.0
50.63,-123.4,7.6288118,503.0
50.58,-123.28,7.9011574,349.0
50.09,-123.32,8.4487114,656.0
50.07,-123.33,8.4487114,195.0
48.87,-123.79,8.9942894,478.0
48.88,-123.79,8.9942894,232.0
48.88,-123.78,8.9942894,336.0
48.88,-123.78,8.9942894,336.0
48.88,-123.79,8.9942894,232.0
49.1,-123.86,8.9942894,20.0
49.1,-123.86,8.9942894,20.0
49.39,-124.95,7.3612161,135.0
50.46,-123.13,8.4487114,731.0
50.46,-123.17,8.1750021,742.0
50.45,-123.2,8.1750021,963.0
48.65,-123.45,8.9942894,22.0
48.64,-123.5,8.9942894,-194.0
50.11,-123.27,8.725028,1628.0
50.72,-123.67,7.3612161,801.0
50.12,-123.39,8.4487114,214.0
50.11,-123.37,8.4487114,303.0
49.15,-124.66,7.9011574,920.0
49.16,-124.67,7.9011574,454.0
49.17,-124.67,7.9011574,521.0
49.78,-125.3,7.2806315,1088.0
49.76,-124.54,7.3612161,-175.0
49.71,-124.53,7.3612161,176.0
49.75,-124.55,7.3612161,62.0
49.76,-124.55,7.3612161,-60.0
49.71,-124.54,7.3612161,233.0
49.71,-124.54,7.3612161,233.0
49.71,-124.53,7.3612161,176.0
50.58,-123.28,7.9011574,349.0
50.63,-123.37,7.6288118,1138.0
50.12,-123.39,8.4487114,214.0
50.11,-123.37,8.4487114,303.0
51.97,-121.17,8.9942894,992.0
51.96,-121.16,8.9942894,989.0
51.83,-121.15,8.9942894,957.0
51.82,-121.15,8.9942894,877.0
51.82,-121.14,8.9942894,871.0
52.0,-120.95,8.9942894,1234.0
52.0,-120.96,8.9942894,1234.0
52.0,-120.8,8.9942894,1234.0
52.0,-120.81,8.9942894,1234.0
52.01,-120.83,8.9942894,1316.0
49.76,-124.55,7.3612161,-60.0
49.76,-124.55,7.3612161,-60.0
49.75,-124.54,7.3612161,76.0
49.71,-124.53,7.3612161,176.0
49.75,-124.54,7.3612161,76.0
47.14,-132.33,8.9937639,-3178.0
46.99,-131.81,7.3728185,-3320.0
46.97,-131.96,8.1711226,-2829.0
46.93,-131.95,7.766191,-3147.0
47.08,-131.89,7.8322406,-3054.0
47.15,-131.2,5.7230005,-3029.0
47.05,-131.5,6.5393829,-3096.0
46.92,-129.35,0.17201395,-2589.0
47.99,-129.45,0.81750041,-2611.0
46.97,-129.77,1.6545141,-2793.0
47.0,-130.1,2.691802,-2663.0
47.03,-131.17,5.7240138,-2933.0
47.17,-131.73,7.114819,-3296.0
47.08,-131.88,7.8322406,-3062.0
47.99,-129.45,0.81750041,-2611.0
47.08,-131.88,7.8322406,-3062.0
50.25,-130.3,0.28004923,-2433.0
50.35,-130.11,0.14511749,-2558.0
50.77,-130.61,0.047441658,-2417.0
50.66,-130.55,0.28813139,-2455.0
49.98,-129.54,1.449568,-2081.0
50.03,-129.72,1.1147752,-2389.0
50.07,-129.77,0.81750208,-3272.0
50.13,-129.83,0.81750208,-2820.0
50.13,-130.03,0.43329665,-2096.0
50.22,-130.15,0.035759509,-2347.0
47.14,-132.33,8.9937639,-3178.0
46.99,-131.81,7.3728185,-3320.0
46.97,-131.96,8.1711226,-2829.0
46.93,-131.95,7.766191,-3147.0
47.08,-131.89,7.8322406,-3054.0
47.15,-131.2,5.7230005,-3029.0
47.05,-131.5,6.5393829,-3096.0
46.92,-129.35,0.17201395,-2589.0
47.99,-129.45,0.81750041,-2611.0
46.97,-129.77,1.6545141,-2793.0
47.0,-130.1,2.691802,-2663.0
47.03,-131.17,5.7240138,-2933.0
47.17,-131.73,7.114819,-3296.0
47.08,-131.88,7.8322406,-3062.0
47.03,-130.78,4.5752077,-2886.0
47.03,-130.36,3.4780302,-2884.0
47.02,-130.29,3.2211773,-2764.0
47.02,-130.08,2.691802,-2633.0
47.02,-129.75,1.6545141,-2765.0
47.05,-129.92,1.9294288,-2679.0
46.98,-129.1,0.10327651,-2620.0
46.98,-129.01,0.27250028,-2668.0
46.98,-128.91,0.52644795,-2657.0
47.02,-128.77,0.80191773,-2682.0
47.0,-128.62,1.2944659,-2727.0
47.0,-128.5,1.4704922,-2724.0
54.94,-121.54,7.2214351,1141.0
54.94,-121.1,7.2214351,1416.0
54.67,-121.1,7.2214351,1416.0
54.94,-120.66,7.2214351,758.0
54.94,-120.22,7.2806315,758.0
54.9,-119.9,7.1962852,758.0
54.63,-119.88,7.1700683,758.0
54.37,-119.87,7.3612161,758.0
54.9,-119.6,7.1700683,758.0
54.63,-119.58,7.3612161,758.0
54.37,-119.57,7.9011574,758.0
54.9,-119.14,7.6288118,758.0
54.63,-119.13,8.1750021,758.0
54.37,-119.12,8.4487114,758.0
40.92,-119.08,16.676729,1479.0
40.79,-119.34,16.815744,1758.0
40.85,-119.33,16.815744,1481.0
40.87,-119.31,16.815744,1374.0
41.74,-121.87,8.7112598,1329.0
41.73,-121.67,8.7112598,1423.0
41.0,-120.89,18.00329,1678.0
40.21,-120.25,16.951086,1626.0
41.2,-121.14,18.00329,1264.0
41.27,-122.61,15.872827,1219.0
41.81,-122.01,8.7181835,1297.0
41.83,-121.25,8.7181835,1460.0
40.73,-120.31,17.370102,1942.0
41.58,-122.88,8.7299252,1029.0
41.57,-122.89,8.7299252,919.0
41.57,-122.88,8.7299252,858.0
41.61,-122.53,8.7299252,799.0
41.56,-122.53,8.7299252,827.0
41.43,-122.5,8.7199984,1118.0
41.89,-122.4,8.7200031,792.0
41.9,-122.48,8.7200031,663.0
41.73,-120.38,18.00329,1438.0
41.64,-120.4,18.00329,1554.0
40.75,-119.02,16.524179,2002.0
41.55,-122.26,8.7135773,1211.0
40.7,-119.35,16.676729,1749.0
40.68,-119.36,16.676729,1699.0
40.88,-119.34,16.815744,1384.0
40.87,-119.33,16.815744,1374.0
40.65,-119.39,16.676729,1753.0
40.65,-119.35,16.676729,1753.0
40.65,-119.37,16.676729,1753.0
40.66,-119.38,16.676729,1719.0
40.65,-119.39,16.676729,1753.0
40.64,-119.41,16.676729,1838.0
40.69,-119.35,16.676729,1725.0
40.78,-119.34,16.815744,1761.0
40.65,-119.37,16.676729,1753.0
40.67,-119.37,16.676729,1698.0
40.66,-119.37,16.676729,1719.0
40.66,-119.36,16.676729,1719.0
40.66,-119.37,16.676729,1719.0
41.21,-119.06,16.815744,1284.0
40.88,-119.1,16.676729,1384.0
40.87,-119.17,16.676729,1374.0
41.13,-119.0,16.815744,1293.0
41.08,-119.02,16.815744,1531.0
41.05,-119.02,16.676729,1503.0
41.05,-119.02,16.676729,1503.0
41.05,-119.02,16.676729,1503.0
41.05,-119.02,16.676729,1503.0
40.99,-119.1,16.676729,1686.0
41.02,-119.06,16.676729,1554.0
40.94,-119.1,16.676729,1733.0
40.91,-119.14,16.676729,1424.0
40.39,-121.54,18.00329,1924.0
40.35,-121.55,18.00329,1691.0
40.34,-121.45,18.00329,1649.0
40.36,-121.5,18.00329,1544.0
40.41,-121.45,18.00329,1948.0
40.17,-121.51,18.00329,1678.0
40.37,-120.95,17.580811,1628.0
42.02,-123.84,8.7200031,1078.0
39.85,-120.47,16.951086,1463.0
42.49,-123.38,8.1746902,358.0
41.86,-123.37,8.7200031,896.0
40.51,-122.61,17.755274,518.0
40.51,-122.61,17.755274,518.0
40.51,-122.61,17.755274,518.0
41.47,-121.42,17.755274,1342.0
41.68,-121.12,17.755274,1436.0
41.65,-121.12,18.100437,1416.0
41.65,-121.18,17.755274,1341.0
41.61,-121.21,17.755274,1350.0
41.7,-121.34,17.755274,1279.0
41.57,-121.35,17.755274,1341.0
41.65,-121.06,18.100437,1488.0
41.56,-121.12,18.100437,1445.0
41.81,-122.01,8.7181835,1297.0
41.69,-121.88,8.7112598,1399.0
41.74,-121.87,8.7112598,1329.0
41.73,-121.67,8.7112598,1423.0
41.59,-121.96,8.7299252,1483.0
41.0,-120.89,18.00329,1678.0
40.21,-120.25,16.951086,1626.0
41.47,-120.18,18.00329,1464.0
41.2,-121.14,18.00329,1264.0
41.15,-121.06,18.00329,1266.0
41.27,-122.61,15.872827,1219.0
41.81,-122.01,8.7181835,1297.0
41.83,-121.25,8.7181835,1460.0
40.73,-120.31,17.370102,1942.0
41.58,-122.88,8.7299252,1029.0
41.57,-122.89,8.7299252,919.0
41.57,-122.88,8.7299252,858.0
41.61,-122.53,8.7299252,799.0
41.56,-122.53,8.7299252,827.0
41.43,-122.5,8.7199984,1118.0
41.82,-122.44,8.7181835,801.0
41.67,-122.43,8.7112598,849.0
41.89,-122.4,8.7200031,792.0
41.96,-122.33,8.7200031,975.0
41.98,-122.32,8.7200031,798.0
41.9,-122.48,8.7200031,663.0
41.9,-122.53,8.7200031,653.0
41.95,-122.0,8.7200031,1294.0
41.73,-120.38,18.00329,1438.0
41.64,-120.4,18.00329,1554.0
40.52,-120.68,17.50819,1782.0
41.55,-122.26,8.7135773,1211.0
42.14,-122.73,8.7200031,1174.0
44.67,-125.58,8.5858335,-2851.0
44.58,-127.3,5.4504809,-2922.0
44.81,-127.97,4.1015091,-2873.0
44.95,-128.39,3.2205846,-2833.0
45.1,-128.85,2.4179773,-2820.0
44.67,-125.58,8.5858335,-2851.0
44.84,-125.6,8.5421562,-2784.0
44.91,-124.61,9.8163719,-444.0
44.84,-124.72,9.8749847,-478.0
44.97,-125.1,9.5523081,-1358.0
45.01,-125.15,9.2965679,-1554.0
44.86,-125.13,9.5314922,-1835.0
44.87,-125.28,9.1318445,-2065.0
44.82,-125.59,8.5421562,-2794.0
44.65,-125.58,8.6269598,-2864.0
38.97,-119.27,16.215477,535.0
46.77,-128.36,1.8929226,-2716.0
46.77,-128.3,2.0580494,-2758.0
46.76,-128.29,2.0580494,-2754.0
46.76,-128.28,2.0580494,-2754.0
46.76,-128.26,2.0580494,-2752.0
46.75,-128.26,2.1742797,-2753.0
46.75,-128.25,2.1742797,-2752.0
46.73,-128.23,2.4284899,-2747.0
46.77,-128.35,2.0580494,-2723.0
46.77,-128.35,2.0580494,-2723.0
46.77,-128.34,2.0580494,-2730.0
46.62,-127.83,3.3197627,-2743.0
46.62,-127.83,3.3197627,-2743.0
46.62,-127.83,3.3197627,-2743.0
46.62,-127.78,3.3197627,-2729.0
46.62,-127.78,3.3197627,-2729.0
46.62,-127.78,3.3197627,-2729.0
46.62,-127.78,3.3197627,-2729.0
46.62,-127.78,3.3197627,-2729.0
46.48,-127.25,4.6397758,-2779.0
46.46,-127.2,4.6397758,-2771.0
46.46,-127.19,4.6397758,-2769.0
46.46,-127.19,4.6397758,-2769.0
46.45,-127.18,4.6397758,-2761.0
46.46,-127.18,4.6397758,-2766.0
46.46,-127.16,4.6397758,-2759.0
46.45,-127.16,4.6397758,-2754.0
46.45,-127.14,4.9049993,-2744.0
46.48,-127.25,4.6397758,-2779.0
46.45,-127.13,4.9049993,-2737.0
46.45,-127.13,4.9049993,-2737.0
46.45,-127.12,4.9049993,-2724.0
46.44,-127.1,4.9191098,-2699.0
46.47,-127.24,4.6397758,-2784.0
46.47,-127.23,4.6397758,-2781.0
46.47,-127.23,4.6397758,-2781.0
46.46,-127.22,4.6397758,-2774.0
46.46,-127.21,4.6397758,-2773.0
46.32,-126.62,5.9918666,-2706.0
46.32,-126.62,5.9918666,-2706.0
46.32,-126.62,5.9918666,-2706.0
46.32,-126.62,5.9918666,-2706.0
46.32,-126.62,5.9918666,-2706.0
46.32,-126.62,5.9918666,-2706.0
46.32,-126.62,5.9918666,-2706.0
46.32,-126.62,5.9918666,-2706.0
46.32,-126.62,5.9918666,-2706.0
46.32,-126.62,5.9918666,-2706.0
46.32,-126.62,5.9918666,-2706.0
46.32,-126.62,5.9918666,-2706.0
46.32,-126.62,5.9918666,-2706.0
46.32,-126.62,5.9918666,-2706.0
46.32,-126.62,5.9918666,-2706.0
46.32,-126.62,5.9918666,-2706.0
46.32,-126.62,5.9918666,-2706.0
46.32,-126.62,5.9918666,-2706.0
46.32,-126.62,5.9918666,-2706.0
46.32,-126.62,5.9918666,-2706.0
46.32,-126.62,5.9918666,-2706.0
46.32,-126.62,5.9918666,-2706.0
46.32,-126.62,5.9918666,-2706.0
46.32,-126.62,5.9918666,-2706.0
46.32,-126.62,5.9918666,-2706.0
46.32,-126.62,5.9918666,-2706.0
46.32,-126.62,5.9918666,-2706.0
46.32,-126.62,5.9918666,-2706.0
46.32,-126.62,5.9918666,-2706.0
46.32,-126.62,5.9918666,-2706.0
46.32,-126.62,5.9918666,-2706.0
46.32,-126.62,5.9918666,-2706.0
46.32,-126.62,5.9918666,-2706.0
46.32,-126.62,5.9918666,-2706.0
46.32,-126.62,5.9918666,-2706.0
46.32,-126.62,5.9918666,-2706.0
46.32,-126.62,5.9918666,-2706.0
46.32,-126.62,5.9918666,-2706.0
46.17,-125.95,7.3550162,-2607.0
46.17,-125.95,7.3550162,-2607.0
46.17,-125.95,7.3550162,-2607.0
46.18,-125.9,7.4997277,-2601.0
46.18,-125.9,7.4997277,-2601.0
46.08,-125.6,8.179697,-2305.0
46.08,-125.6,8.179697,-2305.0
46.08,-125.6,8.179697,-2305.0
46.08,-125.6,8.179697,-2305.0
46.08,-125.6,8.179697,-2305.0
46.08,-125.6,8.179697,-2305.0
46.08,-125.6,8.179697,-2305.0
46.08,-125.6,8.179697,-2305.0
46.08,-125.6,8.179697,-2305.0
46.08,-125.6,8.179697,-2305.0
46.08,-125.6,8.179697,-2305.0
46.08,-125.6,8.179697,-2305.0
46.08,-125.6,8.179697,-2305.0
46.08,-125.6,8.179697,-2305.0
46.08,-125.6,8.179697,-2305.0
46.08,-125.6,8.179697,-2305.0
46.08,-125.6,8.179697,-2305.0
46.87,-128.7,1.0900005,-2749.0
46.87,-128.7,1.0900005,-2749.0
46.87,-128.7,1.0900005,-2749.0
46.87,-128.7,1.0900005,-2749.0
46.87,-128.7,1.0900005,-2749.0
46.87,-128.7,1.0900005,-2749.0
46.87,-128.7,1.0900005,-2749.0
47.15,-129.73,1.6300219,-2760.0
47.15,-129.73,1.6300219,-2760.0
47.15,-129.73,1.6300219,-2760.0
47.15,-129.73,1.6300219,-2760.0
47.15,-129.73,1.6300219,-2760.0
47.15,-129.73,1.6300219,-2760.0
47.15,-129.73,1.6300219,-2760.0
47.15,-129.73,1.6300219,-2760.0
47.15,-129.73,1.6300219,-2760.0
47.15,-129.73,1.6300219,-2760.0
47.15,-129.73,1.6300219,-2760.0
47.15,-129.73,1.6300219,-2760.0
47.15,-129.73,1.6300219,-2760.0
47.15,-129.73,1.6300219,-2760.0
47.15,-129.73,1.6300219,-2760.0
46.82,-128.5,1.7001911,-2741.0
46.82,-128.5,1.7001911,-2741.0
46.82,-128.5,1.7001911,-2741.0
46.82,-128.5,1.7001911,-2741.0
46.82,-128.5,1.7001911,-2741.0
46.8,-128.4,1.8929226,-2711.0
46.8,-128.4,1.8929226,-2711.0
46.8,-128.4,1.8929226,-2711.0
46.8,-128.4,1.8929226,-2711.0
43.89,-122.21,9.5827484,1037.0
43.88,-122.37,9.5827484,632.0
43.88,-122.07,9.5827484,989.0
43.59,-122.23,9.5827484,1330.0
44.08,-122.23,9.8749847,535.0
43.8,-122.31,9.5827484,601.0
44.11,-122.23,9.8749847,498.0
46.77,-125.92,7.4773855,-2500.0
46.77,-125.92,7.4773855,-2500.0
46.76,-126.04,7.2581306,-2601.0
46.76,-126.04,7.2581306,-2601.0
46.76,-126.05,7.0691643,-2602.0
46.76,-126.05,7.0691643,-2602.0
46.77,-125.94,7.4773855,-2551.0
46.77,-125.94,7.4773855,-2551.0
46.77,-125.95,7.2581306,-2555.0
46.77,-125.95,7.2581306,-2555.0
46.76,-125.96,7.2581306,-2571.0
46.76,-125.96,7.2581306,-2571.0
46.76,-125.98,7.2581306,-2576.0
46.76,-125.98,7.2581306,-2576.0
46.76,-125.98,7.2581306,-2576.0
46.76,-125.98,7.2581306,-2576.0
46.76,-125.98,7.2581306,-2576.0
46.76,-125.98,7.2581306,-2576.0
46.76,-126.04,7.2581306,-2601.0
46.76,-126.04,7.2581306,-2601.0
46.74,-126.23,6.8100848,-2616.0
46.74,-126.23,6.8100848,-2616.0
46.74,-126.22,6.8100848,-2617.0
46.74,-126.22,6.8100848,-2617.0
46.74,-126.2,6.8100848,-2614.0
46.74,-126.2,6.8100848,-2614.0
46.74,-126.19,6.8100848,-2613.0
46.74,-126.19,6.8100848,-2613.0
46.74,-126.18,6.8100848,-2615.0
46.74,-126.18,6.8100848,-2615.0
46.75,-126.16,6.8100848,-2607.0
46.75,-126.16,6.8100848,-2607.0
46.74,-126.18,6.8100848,-2615.0
46.74,-126.18,6.8100848,-2615.0
46.74,-126.2,6.8100848,-2614.0
46.74,-126.2,6.8100848,-2614.0
46.74,-126.21,6.8100848,-2615.0
46.74,-126.21,6.8100848,-2615.0
46.74,-126.21,6.8100848,-2615.0
46.74,-126.21,6.8100848,-2615.0
46.74,-126.22,6.8100848,-2617.0
46.74,-126.22,6.8100848,-2617.0
46.74,-126.24,6.8100848,-2617.0
46.74,-126.24,6.8100848,-2617.0
46.74,-126.24,6.8100848,-2617.0
46.74,-126.24,6.8100848,-2617.0
46.74,-126.25,6.8100848,-2621.0
46.74,-126.25,6.8100848,-2621.0
45.43,-125.73,8.0344667,-2561.0
45.43,-125.73,8.0344667,-2561.0
45.43,-125.75,7.8805914,-2552.0
45.43,-125.75,7.8805914,-2552.0
45.43,-125.76,7.8805914,-2546.0
45.43,-125.76,7.8805914,-2546.0
45.43,-125.77,7.8805914,-2545.0
45.43,-125.77,7.8805914,-2545.0
45.43,-125.79,7.8805914,-2552.0
45.43,-125.79,7.8805914,-2552.0
45.42,-125.8,7.8805914,-2557.0
45.42,-125.8,7.8805914,-2557.0
45.42,-125.82,7.8805914,-2551.0
45.42,-125.82,7.8805914,-2551.0
45.43,-125.64,8.1844883,-2546.0
45.43,-125.64,8.1844883,-2546.0
45.43,-125.67,8.0344667,-2559.0
45.43,-125.67,8.0344667,-2559.0
45.43,-125.7,8.0344667,-2562.0
45.43,-125.7,8.0344667,-2562.0
45.43,-125.71,8.0344667,-2560.0
45.43,-125.71,8.0344667,-2560.0
45.43,-125.72,8.0344667,-2555.0
45.43,-125.72,8.0344667,-2555.0
45.36,-125.67,8.0344667,-2618.0
45.36,-125.67,8.0344667,-2618.0
45.48,-125.71,8.0390244,-2494.0
45.48,-125.71,8.0390244,-2494.0
45.5,-125.72,8.0390244,-2456.0
45.5,-125.72,8.0390244,-2456.0
45.37,-125.68,8.0344667,-2613.0
45.37,-125.68,8.0344667,-2613.0
45.45,-125.7,8.0390244,-2538.0
45.45,-125.7,8.0390244,-2538.0
45.47,-125.71,8.0390244,-2515.0
45.47,-125.71,8.0390244,-2515.0
46.68,-126.14,7.0371647,-2611.0
46.68,-126.14,7.0371647,-2611.0
46.68,-126.15,6.8100848,-2610.0
46.68,-126.15,6.8100848,-2610.0
46.68,-126.16,6.8100848,-2610.0
46.68,-126.16,6.8100848,-2610.0
46.67,-126.18,6.8100848,-2613.0
46.67,-126.18,6.8100848,-2613.0
46.67,-126.19,6.8100848,-2614.0
46.67,-126.19,6.8100848,-2614.0
46.67,-126.2,6.8100848,-2615.0
46.67,-126.2,6.8100848,-2615.0
41.68,-124.93,8.7112598,-956.0
41.0,-126.43,3.5363894,-3040.0
39.09,-127.78,26.078346,-4229.0
40.08,-125.34,16.723663,-1912.0
47.92,-128.8,0.66285837,-2595.0
47.91,-128.75,0.66285837,-2624.0
47.89,-128.65,0.91232389,-2617.0
47.77,-127.77,3.1612465,-2660.0
47.77,-127.77,3.1612465,-2660.0
47.76,-127.74,3.3711357,-2663.0
47.86,-128.51,1.414219,-2666.0
47.84,-128.38,1.6586365,-2660.0
47.89,-128.58,1.1679138,-2616.0
47.79,-128.13,2.4378891,-2650.0
48.43,-128.68,0.79336768,-2481.0
48.43,-128.68,0.79336768,-2481.0
48.46,-128.71,0.59159386,-2447.0
40.95,-127.52,0.021391379,-3322.0
41.0,-127.49,0.021391379,-3276.0
48.44,-128.6,1.033847,-2365.0
48.44,-128.7,0.79336768,-2465.0
48.44,-128.7,0.79336768,-2465.0
48.44,-128.7,0.79336768,-2465.0
48.44,-128.7,0.79336768,-2465.0
48.46,-128.7,0.59159386,-2455.0
48.46,-128.7,0.59159386,-2455.0
48.46,-128.7,0.59159386,-2455.0
48.17,-126.7,5.5965943,-2530.0
48.7,-126.9,5.5437579,-1322.0
48.66,-126.9,5.5437579,-1272.0
44.67,-125.1,9.5507097,-603.0
38.83,-121.17,16.676729,129.0
45.68,-120.12,9.5560369,508.0
38.98,-120.32,16.215477,588.0
38.55,-120.57,16.215477,174.0
39.7,-122.88,18.00329,1503.0
46.58,-119.52,9.7773581,1366.0
46.35,-119.27,9.5389538,1208.0
39.43,-123.73,18.287436,91.0
39.38,-119.63,16.215477,847.0
37.32,-122.12,16.215477,45.0
46.43,-119.78,9.543684,1139.0
46.43,-119.78,9.543684,1139.0
37.1,-119.73,16.19442,43.0
37.17,-120.07,16.19442,43.0
37.45,-122.03,16.215477,22.0
37.8,-121.58,16.215477,-3.0
42.1,-119.92,18.00329,1660.0
42.17,-119.86,18.00329,1564.0
39.47,-119.63,16.215477,1233.0
39.57,-123.12,18.100437,925.0
38.93,-119.07,16.215477,404.0
38.92,-119.07,16.215477,222.0
42.23,-121.76,8.7200031,1293.0
42.15,-121.68,8.7200031,1249.0
42.03,-121.59,8.7200031,1241.0
42.06,-121.62,8.7200031,1245.0
42.23,-121.76,8.7200031,1293.0
38.87,-120.65,16.364212,428.0
42.09,-121.7,8.7200031,1245.0
42.17,-121.65,8.7200031,1253.0
42.2,-121.74,8.7200031,1253.0
42.15,-121.7,8.7200031,1246.0
42.09,-121.9,8.7200031,1270.0
42.15,-121.68,8.7200031,1249.0
42.0,-121.7,8.7200031,1244.0
42.19,-121.8,8.7200031,1278.0
38.85,-119.75,16.215477,377.0
42.19,-121.71,8.7200031,1262.0
42.18,-121.7,8.7200031,1263.0
42.13,-121.74,8.7200031,1248.0
42.19,-121.77,8.7200031,1259.0
42.19,-121.78,8.7200031,1243.0
42.17,-121.68,8.7200031,1266.0
42.06,-121.76,8.7200031,1244.0
42.06,-121.6,8.7200031,1286.0
42.01,-121.82,8.7200031,1242.0
38.83,-121.17,16.676729,129.0
38.98,-120.32,16.215477,588.0
42.17,-121.62,8.7200031,1325.0
42.03,-121.75,8.7200031,1239.0
42.02,-121.69,8.7200031,1257.0
38.55,-120.57,16.215477,174.0
42.24,-121.78,8.7200031,1280.0
42.25,-121.78,8.7200031,1320.0
42.13,-121.8,8.7200031,1245.0
42.01,-121.63,8.7200031,1249.0
38.97,-119.27,16.215477,535.0
46.54,-122.82,9.6252508,162.0
46.54,-122.84,9.6252508,157.0
42.07,-121.8,8.7200031,1243.0
42.11,-121.69,8.7200031,1243.0
42.11,-121.87,8.7200031,1243.0
42.2,-121.73,8.7200031,1262.0
38.83,-120.25,16.215477,344.0
47.95,-129.1,0.02951305,-2190.0
47.95,-129.08,0.02951305,-2267.0
47.95,-129.1,0.02951305,-2190.0
47.95,-129.1,0.02951305,-2190.0
47.95,-129.1,0.02951305,-2190.0
47.95,-129.09,0.02951305,-2131.0
47.95,-129.1,0.02951305,-2190.0
47.95,-129.1,0.02951305,-2190.0
47.95,-129.1,0.02951305,-2190.0
47.95,-129.1,0.02951305,-2190.0
47.95,-129.1,0.02951305,-2190.0
47.95,-129.1,0.02951305,-2190.0
47.95,-129.1,0.02951305,-2190.0
47.95,-129.1,0.02951305,-2190.0
47.95,-129.1,0.02951305,-2190.0
47.95,-129.09,0.02951305,-2131.0
47.95,-129.09,0.02951305,-2131.0
47.95,-129.1,0.02951305,-2190.0
47.96,-129.1,0.02951305,-2174.0
47.96,-129.1,0.02951305,-2174.0
47.96,-129.1,0.02951305,-2174.0
47.96,-129.09,0.02951305,-2117.0
47.96,-129.09,0.02951305,-2117.0
47.95,-129.09,0.02951305,-2131.0
47.95,-129.1,0.02951305,-2190.0
47.96,-129.09,0.02951305,-2117.0
47.96,-129.1,0.02951305,-2174.0
47.96,-129.1,0.02951305,-2174.0
47.96,-129.1,0.02951305,-2174.0
47.96,-129.09,0.02951305,-2117.0
47.96,-129.09,0.02951305,-2117.0
47.96,-129.09,0.02951305,-2117.0
47.95,-129.09,0.02951305,-2131.0
47.95,-129.09,0.02951305,-2131.0
47.96,-129.1,0.02951305,-2174.0
47.96,-129.1,0.02951305,-2174.0
47.96,-129.1,0.02951305,-2174.0
47.96,-129.09,0.02951305,-2117.0
47.95,-129.1,0.02951305,-2190.0
47.95,-129.1,0.02951305,-2190.0
47.95,-129.09,0.02951305,-2131.0
47.95,-129.09,0.02951305,-2131.0
47.95,-129.09,0.02951305,-2131.0
47.95,-129.09,0.02951305,-2131.0
47.96,-129.1,0.02951305,-2174.0
47.95,-129.1,0.02951305,-2190.0
47.95,-129.09,0.02951305,-2131.0
47.95,-129.09,0.02951305,-2131.0
47.96,-129.09,0.02951305,-2117.0
47.96,-129.1,0.02951305,-2174.0
47.96,-129.09,0.02951305,-2117.0
47.95,-129.09,0.02951305,-2131.0
47.95,-129.09,0.02951305,-2131.0
47.95,-129.09,0.02951305,-2131.0
47.95,-129.1,0.02951305,-2190.0
47.95,-129.09,0.02951305,-2131.0
47.95,-129.09,0.02951305,-2131.0
47.95,-129.09,0.02951305,-2131.0
47.95,-129.1,0.02951305,-2190.0
47.95,-129.1,0.02951305,-2190.0
47.95,-129.1,0.02951305,-2190.0
47.95,-129.09,0.02951305,-2131.0
47.95,-129.09,0.02951305,-2131.0
47.95,-129.09,0.02951305,-2131.0
47.95,-129.09,0.02951305,-2131.0
47.96,-129.09,0.02951305,-2117.0
47.95,-129.09,0.02951305,-2131.0
47.95,-129.1,0.02951305,-2190.0
47.95,-129.09,0.02951305,-2131.0
47.96,-129.1,0.02951305,-2174.0
47.96,-129.1,0.02951305,-2174.0
47.96,-129.1,0.02951305,-2174.0
47.96,-129.09,0.02951305,-2117.0
47.96,-129.09,0.02951305,-2117.0
47.96,-129.09,0.02951305,-2117.0
47.95,-129.1,0.02951305,-2190.0
47.95,-129.1,0.02951305,-2190.0
47.95,-129.09,0.02951305,-2131.0
47.95,-129.09,0.02951305,-2131.0
47.95,-129.09,0.02951305,-2131.0
47.95,-129.09,0.02951305,-2131.0
47.96,-129.1,0.02951305,-2174.0
47.95,-129.1,0.02951305,-2190.0
47.96,-129.1,0.02951305,-2174.0
47.96,-129.1,0.02951305,-2174.0
47.95,-129.1,0.02951305,-2190.0
47.95,-129.09,0.02951305,-2131.0
47.96,-129.09,0.02951305,-2117.0
47.95,-129.1,0.02951305,-2190.0
47.95,-129.1,0.02951305,-2190.0
47.95,-129.09,0.02951305,-2131.0
47.96,-129.1,0.02951305,-2174.0
47.96,-129.09,0.02951305,-2117.0
47.95,-129.09,0.02951305,-2131.0
47.96,-129.1,0.02951305,-2174.0
47.96,-129.1,0.02951305,-2174.0
47.96,-129.09,0.02951305,-2117.0
47.96,-129.09,0.02951305,-2117.0
47.96,-129.1,0.02951305,-2174.0
47.96,-129.1,0.02951305,-2174.0
47.96,-129.1,0.02951305,-2174.0
47.95,-129.1,0.02951305,-2190.0
47.95,-129.09,0.02951305,-2131.0
47.95,-129.09,0.02951305,-2131.0
47.95,-129.09,0.02951305,-2131.0
47.95,-129.1,0.02951305,-2190.0
47.95,-129.1,0.02951305,-2190.0
47.95,-129.1,0.02951305,-2190.0
47.95,-129.09,0.02951305,-2131.0
47.95,-129.09,0.02951305,-2131.0
47.96,-129.09,0.02951305,-2117.0
47.95,-129.1,0.02951305,-2190.0
47.96,-129.1,0.02951305,-2174.0
47.96,-129.1,0.02951305,-2174.0
47.96,-129.1,0.02951305,-2174.0
47.96,-129.09,0.02951305,-2117.0
47.96,-129.09,0.02951305,-2117.0
47.96,-129.1,0.02951305,-2174.0
47.96,-129.1,0.02951305,-2174.0
47.96,-129.1,0.02951305,-2174.0
47.96,-129.09,0.02951305,-2117.0
42.2,-119.85,18.00329,1575.0
42.1,-119.92,18.00329,1660.0
42.17,-119.86,18.00329,1564.0
38.88,-121.05,16.676729,342.0
37.87,-122.25,16.815744,80.0
39.7,-122.88,18.00329,1503.0
46.58,-119.52,9.7773581,1366.0
46.35,-119.27,9.5389538,1208.0
46.35,-119.27,9.5389538,1208.0
46.35,-119.27,9.5389538,1208.0
39.7,-122.8,18.00329,1520.0
39.43,-123.73,18.287436,91.0
37.1,-119.38,16.19442,43.0
39.38,-119.63,16.215477,847.0
37.45,-122.17,16.364212,158.0
40.23,-120.8,17.370102,2091.0
37.32,-122.12,16.215477,45.0
38.88,-119.58,16.215477,467.0
46.54,-122.84,9.6252508,157.0
46.43,-119.78,9.543684,1139.0
46.43,-119.78,9.543684,1139.0
37.1,-119.73,16.19442,43.0
39.4,-120.88,16.815744,873.0
37.48,-122.13,16.364212,25.0
37.17,-120.07,16.19442,43.0
39.25,-119.67,16.215477,857.0
46.53,-122.81,9.6252508,181.0
46.54,-122.82,9.6252508,162.0
46.53,-122.81,9.6252508,181.0
37.45,-122.03,16.215477,22.0
37.8,-121.58,16.215477,-3.0
39.3,-119.65,16.215477,858.0
46.42,-119.59,9.543684,1177.0
39.47,-119.63,16.215477,1233.0
39.57,-123.12,18.100437,925.0
38.93,-119.07,16.215477,404.0
38.93,-119.07,16.215477,404.0
45.98,-121.62,9.5455904,907.0
46.1,-121.7,9.5399418,998.0
46.0,-121.89,9.5455904,922.0
45.41,-121.82,9.5483627,971.0
45.37,-121.82,9.5483627,870.0
45.39,-121.81,9.5483627,902.0
45.39,-121.86,9.5483627,660.0
45.34,-121.92,9.5414743,503.0
45.5,-121.56,9.5407829,610.0
45.28,-121.84,9.5414743,1095.0
45.33,-121.71,9.5414743,1804.0
45.3,-121.77,9.5414743,1176.0
38.84,-121.84,17.088528,6.0
39.46,-121.99,17.580811,27.0
45.46,-121.65,9.5407829,900.0
45.42,-121.77,9.5483627,952.0
45.33,-121.66,9.5414743,1640.0
42.97,-119.25,8.5979795,1772.0
42.56,-119.04,18.00329,1688.0
42.56,-119.07,18.00329,1688.0
42.64,-119.09,8.7200031,1796.0
42.7,-119.06,8.7200031,1658.0
42.7,-119.12,8.7200031,1658.0
43.38,-119.0,9.5350513,1322.0
40.65,-119.36,16.676729,1753.0
40.85,-119.3,16.815744,1481.0
40.43,-119.23,16.364212,1735.0
39.82,-119.81,16.364212,1288.0
39.08,-119.63,16.215477,639.0
39.84,-119.48,16.215477,1459.0
39.82,-119.91,16.524179,1288.0
41.58,-119.83,18.00329,1526.0
41.58,-119.75,17.580811,1526.0
41.66,-119.81,18.00329,1521.0
39.3,-119.77,16.215477,858.0
40.93,-119.01,16.676729,1637.0
40.91,-119.09,16.676729,1424.0
40.73,-119.27,16.676729,1942.0
40.75,-119.24,16.676729,2002.0
40.83,-119.2,16.676729,1591.0
40.79,-119.19,16.676729,1758.0
40.85,-119.05,16.524179,1481.0
40.65,-119.35,16.676729,1753.0
40.71,-119.29,16.676729,1765.0
40.77,-119.25,16.676729,1842.0
40.77,-119.22,16.676729,1842.0
40.77,-119.18,16.676729,1842.0
40.82,-119.17,16.676729,1638.0
40.84,-119.14,16.676729,1556.0
40.8,-119.13,16.676729,1683.0
54.91,-132.13,9.9456406,65.0
54.91,-132.13,9.9456406,65.0
54.91,-132.13,9.9456406,65.0
54.78,-132.05,9.9456406,87.0
37.74,-122.1,16.524179,31.0
37.54,-122.1,16.364212,31.0
37.61,-121.97,16.364212,204.0
37.62,-121.98,16.364212,113.0
42.02,-123.84,8.7200031,1078.0
42.49,-123.38,8.1746902,358.0
40.51,-122.61,17.755274,518.0
41.68,-121.12,17.755274,1436.0
41.65,-121.12,18.100437,1416.0
41.7,-121.34,17.755274,1279.0
41.65,-121.06,18.100437,1488.0
41.56,-121.12,18.100437,1445.0
37.17,-127.6,33.400661,-4658.0
39.42,-127.55,25.494421,-4269.0
41.05,-130.12,5.4735184,-3314.0
45.36,-121.94,9.5483627,575.0
45.4,-121.81,9.5483627,941.0
45.4,-121.81,9.5483627,941.0
45.4,-121.81,9.5483627,941.0
45.32,-121.8,9.5414743,1046.0
45.41,-121.82,9.5483627,971.0
45.37,-121.82,9.5483627,870.0
45.39,-121.81,9.5483627,902.0
45.39,-121.81,9.5483627,902.0
45.39,-121.81,9.5483627,902.0
45.39,-121.81,9.5483627,902.0
45.39,-121.86,9.5483627,660.0
45.28,-121.74,9.5414743,1144.0
45.31,-121.83,9.5414743,831.0
45.34,-121.92,9.5414743,503.0
45.5,-121.56,9.5407829,610.0
45.28,-121.84,9.5414743,1095.0
45.33,-121.71,9.5414743,1804.0
45.39,-122.32,9.5483627,226.0
45.3,-121.77,9.5414743,1176.0
45.3,-121.77,9.5414743,1176.0
45.44,-121.72,9.5483627,1333.0
45.44,-121.72,9.5483627,1333.0
45.46,-121.65,9.5407829,900.0
45.46,-121.65,9.5407829,900.0
45.29,-121.71,9.5414743,1189.0
45.42,-121.77,9.5483627,952.0
45.42,-121.77,9.5483627,952.0
45.42,-121.77,9.5483627,952.0
45.33,-121.66,9.5414743,1640.0
45.33,-121.66,9.5414743,1640.0
45.33,-121.66,9.5414743,1640.0
45.32,-121.72,9.5414743,1577.0
45.32,-121.72,9.5414743,1577.0
45.31,-121.68,9.5414743,1390.0
45.31,-121.68,9.5414743,1390.0
48.46,-128.71,0.59159386,-2447.0
48.46,-128.71,0.59159386,-2447.0
48.46,-128.71,0.59159386,-2447.0
48.46,-128.71,0.59159386,-2447.0
48.46,-128.71,0.59159386,-2447.0
48.46,-128.71,0.59159386,-2447.0
48.46,-128.71,0.59159386,-2447.0
48.46,-128.71,0.59159386,-2447.0
48.46,-128.71,0.59159386,-2447.0
48.46,-128.71,0.59159386,-2447.0
48.45,-128.71,0.59159386,-2455.0
48.46,-128.71,0.59159386,-2447.0
48.43,-128.68,0.79336768,-2481.0
48.43,-128.68,0.79336768,-2481.0
48.43,-128.68,0.79336768,-2481.0
48.43,-128.68,0.79336768,-2481.0
48.43,-128.68,0.79336768,-2481.0
48.46,-128.71,0.59159386,-2447.0
48.46,-128.71,0.59159386,-2447.0
48.46,-128.71,0.59159386,-2447.0
48.46,-128.71,0.59159386,-2447.0
48.49,-128.71,0.59159386,-2463.0
48.46,-128.71,0.59159386,-2447.0
48.43,-128.68,0.79336768,-2481.0
48.43,-128.68,0.79336768,-2481.0
48.43,-128.68,0.79336768,-2481.0
48.46,-128.7,0.59159386,-2455.0
48.46,-128.71,0.59159386,-2447.0
48.46,-128.71,0.59159386,-2447.0
48.46,-128.71,0.59159386,-2447.0
48.46,-128.71,0.59159386,-2447.0
48.46,-128.71,0.59159386,-2447.0
48.46,-128.71,0.59159386,-2447.0
48.46,-128.71,0.59159386,-2447.0
48.46,-128.71,0.59159386,-2447.0
48.46,-128.71,0.59159386,-2447.0
48.46,-128.71,0.59159386,-2447.0
48.45,-128.71,0.59159386,-2455.0
48.45,-128.71,0.59159386,-2455.0
48.45,-128.71,0.59159386,-2455.0
48.45,-128.71,0.59159386,-2455.0
48.45,-128.71,0.59159386,-2455.0
48.45,-128.71,0.59159386,-2455.0
48.45,-128.71,0.59159386,-2455.0
48.45,-128.71,0.59159386,-2455.0
48.45,-128.71,0.59159386,-2455.0
48.45,-128.71,0.59159386,-2455.0
48.46,-128.71,0.59159386,-2447.0
48.46,-128.71,0.59159386,-2447.0
48.45,-128.71,0.59159386,-2455.0
48.45,-128.71,0.59159386,-2455.0
48.45,-128.71,0.59159386,-2455.0
48.45,-128.71,0.59159386,-2455.0
48.45,-128.71,0.59159386,-2455.0
48.46,-128.71,0.59159386,-2447.0
48.46,-128.71,0.59159386,-2447.0
48.46,-128.71,0.59159386,-2447.0
48.46,-128.71,0.59159386,-2447.0
48.46,-128.71,0.59159386,-2447.0
48.46,-128.71,0.59159386,-2447.0
48.46,-128.71,0.59159386,-2447.0
48.46,-128.7,0.59159386,-2455.0
48.46,-128.7,0.59159386,-2455.0
48.46,-128.7,0.59159386,-2455.0
48.45,-128.72,0.59159386,-2447.0
48.45,-128.71,0.59159386,-2455.0
48.46,-128.71,0.59159386,-2447.0
48.46,-128.71,0.59159386,-2447.0
48.45,-128.71,0.59159386,-2455.0
48.46,-128.71,0.59159386,-2447.0
48.45,-128.71,0.59159386,-2455.0
48.46,-128.71,0.59159386,-2447.0
48.46,-128.71,0.59159386,-2447.0
48.45,-128.7,0.59159386,-2461.0
48.46,-128.71,0.59159386,-2447.0
48.45,-128.7,0.59159386,-2461.0
48.46,-128.71,0.59159386,-2447.0
48.46,-128.71,0.59159386,-2447.0
48.46,-128.71,0.59159386,-2447.0
48.46,-128.71,0.59159386,-2447.0
48.46,-128.71,0.59159386,-2447.0
48.46,-128.71,0.59159386,-2447.0
48.46,-128.71,0.59159386,-2447.0
48.46,-128.71,0.59159386,-2447.0
48.46,-128.71,0.59159386,-2447.0
48.46,-128.71,0.59159386,-2447.0
48.46,-128.71,0.59159386,-2447.0
48.46,-128.71,0.59159386,-2447.0
48.46,-128.71,0.59159386,-2447.0
48.46,-128.71,0.59159386,-2447.0
48.45,-128.71,0.59159386,-2455.0
48.45,-128.71,0.59159386,-2455.0
48.45,-128.71,0.59159386,-2455.0
48.45,-128.71,0.59159386,-2455.0
48.45,-128.71,0.59159386,-2455.0
48.45,-128.71,0.59159386,-2455.0
48.45,-128.71,0.59159386,-2455.0
48.45,-128.71,0.59159386,-2455.0
48.45,-128.71,0.59159386,-2455.0
48.45,-128.71,0.59159386,-2455.0
48.45,-128.71,0.59159386,-2455.0
48.45,-128.7,0.59159386,-2461.0
48.45,-128.71,0.59159386,-2455.0
48.46,-128.71,0.59159386,-2447.0
48.46,-128.71,0.59159386,-2447.0
48.46,-128.71,0.59159386,-2447.0
48.46,-128.71,0.59159386,-2447.0
48.46,-128.71,0.59159386,-2447.0
48.46,-128.71,0.59159386,-2447.0
48.46,-128.71,0.59159386,-2447.0
48.46,-128.71,0.59159386,-2447.0
48.46,-128.71,0.59159386,-2447.0
48.46,-128.71,0.59159386,-2447.0
48.46,-128.7,0.59159386,-2455.0
48.46,-128.71,0.59159386,-2447.0
48.46,-128.7,0.59159386,-2455.0
48.46,-128.71,0.59159386,-2447.0
48.46,-128.71,0.59159386,-2447.0
48.46,-128.71,0.59159386,-2447.0
48.46,-128.71,0.59159386,-2447.0
48.46,-128.71,0.59159386,-2447.0
48.46,-128.71,0.59159386,-2447.0
48.46,-128.71,0.59159386,-2447.0
48.46,-128.71,0.59159386,-2447.0
48.46,-128.71,0.59159386,-2447.0
48.46,-128.71,0.59159386,-2447.0
48.46,-128.71,0.59159386,-2447.0
48.46,-128.72,0.59159386,-2447.0
48.46,-128.71,0.59159386,-2447.0
48.46,-128.72,0.59159386,-2447.0
48.46,-128.71,0.59159386,-2447.0
48.46,-128.71,0.59159386,-2447.0
48.46,-128.71,0.59159386,-2447.0
48.46,-128.72,0.59159386,-2447.0
48.46,-128.71,0.59159386,-2447.0
48.46,-128.71,0.59159386,-2447.0
48.46,-128.71,0.59159386,-2447.0
48.46,-128.71,0.59159386,-2447.0
48.46,-128.71,0.59159386,-2447.0
48.46,-128.71,0.59159386,-2447.0
48.46,-128.71,0.59159386,-2447.0
48.45,-128.71,0.59159386,-2455.0
48.46,-128.71,0.59159386,-2447.0
48.45,-128.71,0.59159386,-2455.0
48.46,-128.7,0.59159386,-2455.0
48.45,-128.71,0.59159386,-2455.0
48.46,-128.7,0.59159386,-2455.0
48.45,-128.71,0.59159386,-2455.0
48.46,-128.7,0.59159386,-2455.0
48.45,-128.71,0.59159386,-2455.0
48.46,-128.7,0.59159386,-2455.0
48.45,-128.71,0.59159386,-2455.0
48.46,-128.7,0.59159386,-2455.0
48.46,-128.71,0.59159386,-2447.0
48.46,-128.7,0.59159386,-2455.0
48.46,-128.71,0.59159386,-2447.0
48.46,-128.7,0.59159386,-2455.0
48.46,-128.71,0.59159386,-2447.0
48.46,-128.71,0.59159386,-2447.0
48.46,-128.71,0.59159386,-2447.0
48.46,-128.71,0.59159386,-2447.0
48.46,-128.7,0.59159386,-2455.0
48.46,-128.71,0.59159386,-2447.0
48.46,-128.7,0.59159386,-2455.0
48.46,-128.71,0.59159386,-2447.0
48.46,-128.7,0.59159386,-2455.0
48.46,-128.7,0.59159386,-2455.0
48.46,-128.71,0.59159386,-2447.0
48.45,-128.71,0.59159386,-2455.0
48.45,-128.71,0.59159386,-2455.0
48.46,-128.71,0.59159386,-2447.0
48.46,-128.71,0.59159386,-2447.0
48.46,-128.71,0.59159386,-2447.0
48.46,-128.71,0.59159386,-2447.0
48.46,-128.71,0.59159386,-2447.0
48.46,-128.71,0.59159386,-2447.0
48.46,-128.71,0.59159386,-2447.0
48.45,-128.71,0.59159386,-2455.0
48.46,-128.71,0.59159386,-2447.0
48.45,-128.71,0.59159386,-2455.0
48.46,-128.71,0.59159386,-2447.0
48.45,-128.71,0.59159386,-2455.0
48.46,-128.71,0.59159386,-2447.0
48.45,-128.71,0.59159386,-2455.0
48.46,-128.71,0.59159386,-2447.0
48.46,-128.71,0.59159386,-2447.0
48.46,-128.71,0.59159386,-2447.0
48.46,-128.71,0.59159386,-2447.0
48.46,-128.71,0.59159386,-2447.0
48.46,-128.71,0.59159386,-2447.0
48.45,-128.71,0.59159386,-2455.0
48.45,-128.71,0.59159386,-2455.0
48.45,-128.71,0.59159386,-2455.0
48.45,-128.71,0.59159386,-2455.0
48.45,-128.71,0.59159386,-2455.0
48.46,-128.71,0.59159386,-2447.0
48.46,-128.71,0.59159386,-2447.0
48.45,-128.71,0.59159386,-2455.0
48.45,-128.71,0.59159386,-2455.0
48.45,-128.71,0.59159386,-2455.0
48.45,-128.71,0.59159386,-2455.0
48.45,-128.71,0.59159386,-2455.0
48.45,-128.71,0.59159386,-2455.0
48.46,-128.71,0.59159386,-2447.0
48.45,-128.71,0.59159386,-2455.0
48.46,-128.71,0.59159386,-2447.0
48.46,-128.71,0.59159386,-2447.0
48.44,-128.68,0.79336768,-2473.0
48.43,-128.68,0.79336768,-2481.0
48.44,-128.69,0.79336768,-2476.0
48.43,-128.68,0.79336768,-2481.0
48.44,-128.69,0.79336768,-2476.0
48.43,-128.68,0.79336768,-2481.0
48.44,-128.69,0.79336768,-2476.0
48.43,-128.68,0.79336768,-2481.0
48.44,-128.69,0.79336768,-2476.0
48.43,-128.68,0.79336768,-2481.0
48.43,-128.69,0.79336768,-2484.0
48.43,-128.68,0.79336768,-2481.0
48.43,-128.69,0.79336768,-2484.0
48.43,-128.68,0.79336768,-2481.0
48.43,-128.69,0.79336768,-2484.0
48.44,-128.68,0.79336768,-2473.0
48.43,-128.69,0.79336768,-2484.0
48.43,-128.68,0.79336768,-2481.0
48.44,-128.68,0.79336768,-2473.0
48.43,-128.68,0.79336768,-2481.0
48.44,-128.68,0.79336768,-2473.0
48.43,-128.69,0.79336768,-2484.0
48.44,-128.68,0.79336768,-2473.0
48.43,-128.68,0.79336768,-2481.0
48.44,-128.68,0.79336768,-2473.0
48.43,-128.69,0.79336768,-2484.0
48.44,-128.68,0.79336768,-2473.0
48.44,-128.69,0.79336768,-2476.0
48.44,-128.68,0.79336768,-2473.0
48.44,-128.68,0.79336768,-2473.0
48.44,-128.68,0.79336768,-2473.0
48.44,-128.68,0.79336768,-2473.0
48.44,-128.68,0.79336768,-2473.0
48.43,-128.68,0.79336768,-2481.0
48.44,-128.68,0.79336768,-2473.0
48.43,-128.68,0.79336768,-2481.0
48.44,-128.68,0.79336768,-2473.0
48.43,-128.68,0.79336768,-2481.0
48.44,-128.68,0.79336768,-2473.0
48.43,-128.68,0.79336768,-2481.0
48.44,-128.68,0.79336768,-2473.0
48.43,-128.68,0.79336768,-2481.0
48.44,-128.68,0.79336768,-2473.0
48.43,-128.68,0.79336768,-2481.0
48.43,-128.68,0.79336768,-2481.0
48.43,-128.68,0.79336768,-2481.0
48.43,-128.68,0.79336768,-2481.0
48.43,-128.68,0.79336768,-2481.0
48.43,-128.68,0.79336768,-2481.0
48.43,-128.68,0.79336768,-2481.0
48.43,-128.68,0.79336768,-2481.0
48.43,-128.68,0.79336768,-2481.0
48.43,-128.68,0.79336768,-2481.0
48.43,-128.68,0.79336768,-2481.0
48.43,-128.68,0.79336768,-2481.0
48.44,-128.68,0.79336768,-2473.0
48.43,-128.68,0.79336768,-2481.0
48.44,-128.68,0.79336768,-2473.0
48.43,-128.68,0.79336768,-2481.0
48.44,-128.68,0.79336768,-2473.0
48.44,-128.68,0.79336768,-2473.0
48.43,-128.68,0.79336768,-2481.0
48.43,-128.68,0.79336768,-2481.0
48.43,-128.68,0.79336768,-2481.0
48.43,-128.68,0.79336768,-2481.0
48.43,-128.68,0.79336768,-2481.0
48.44,-128.68,0.79336768,-2473.0
48.44,-128.68,0.79336768,-2473.0
48.44,-128.68,0.79336768,-2473.0
48.44,-128.68,0.79336768,-2473.0
48.43,-128.68,0.79336768,-2481.0
48.43,-128.68,0.79336768,-2481.0
48.43,-128.68,0.79336768,-2481.0
48.43,-128.68,0.79336768,-2481.0
48.43,-128.68,0.79336768,-2481.0
48.43,-128.68,0.79336768,-2481.0
48.43,-128.68,0.79336768,-2481.0
48.43,-128.68,0.79336768,-2481.0
48.42,-128.68,0.79336768,-2473.0
48.44,-128.68,0.79336768,-2473.0
48.42,-128.68,0.79336768,-2473.0
48.44,-128.68,0.79336768,-2473.0
48.42,-128.68,0.79336768,-2473.0
48.44,-128.68,0.79336768,-2473.0
48.42,-128.68,0.79336768,-2473.0
48.44,-128.68,0.79336768,-2473.0
48.43,-128.68,0.79336768,-2481.0
48.44,-128.68,0.79336768,-2473.0
48.43,-128.68,0.79336768,-2481.0
48.44,-128.69,0.79336768,-2476.0
48.43,-128.68,0.79336768,-2481.0
48.44,-128.68,0.79336768,-2473.0
48.43,-128.68,0.79336768,-2481.0
48.44,-128.68,0.79336768,-2473.0
48.43,-128.68,0.79336768,-2481.0
48.44,-128.68,0.79336768,-2473.0
48.43,-128.68,0.79336768,-2481.0
48.44,-128.68,0.79336768,-2473.0
48.43,-128.68,0.79336768,-2481.0
48.44,-128.68,0.79336768,-2473.0
48.43,-128.68,0.79336768,-2481.0
48.43,-128.68,0.79336768,-2481.0
48.43,-128.68,0.79336768,-2481.0
48.43,-128.68,0.79336768,-2481.0
48.44,-128.68,0.79336768,-2473.0
48.43,-128.68,0.79336768,-2481.0
48.43,-128.68,0.79336768,-2481.0
48.43,-128.68,0.79336768,-2481.0
48.43,-128.68,0.79336768,-2481.0
48.43,-128.68,0.79336768,-2481.0
48.44,-128.68,0.79336768,-2473.0
48.44,-128.68,0.79336768,-2473.0
48.44,-128.68,0.79336768,-2473.0
48.43,-128.68,0.79336768,-2481.0
48.43,-128.68,0.79336768,-2481.0
48.43,-128.68,0.79336768,-2481.0
48.43,-128.68,0.79336768,-2481.0
48.43,-128.68,0.79336768,-2481.0
48.43,-128.68,0.79336768,-2481.0
48.44,-128.68,0.79336768,-2473.0
48.45,-128.71,0.59159386,-2455.0
48.45,-128.71,0.59159386,-2455.0
48.45,-128.71,0.59159386,-2455.0
48.45,-128.71,0.59159386,-2455.0
48.45,-128.71,0.59159386,-2455.0
48.45,-128.71,0.59159386,-2455.0
48.45,-128.71,0.59159386,-2455.0
48.45,-128.71,0.59159386,-2455.0
48.45,-128.71,0.59159386,-2455.0
48.46,-128.71,0.59159386,-2447.0
48.45,-128.71,0.59159386,-2455.0
48.45,-128.71,0.59159386,-2455.0
48.45,-128.71,0.59159386,-2455.0
48.43,-128.73,0.79336768,-2446.0
48.45,-128.71,0.59159386,-2455.0
48.45,-128.71,0.59159386,-2455.0
48.46,-128.71,0.59159386,-2447.0
48.46,-128.71,0.59159386,-2447.0
48.46,-128.71,0.59159386,-2447.0
48.46,-128.71,0.59159386,-2447.0
48.46,-128.71,0.59159386,-2447.0
48.46,-128.71,0.59159386,-2447.0
48.46,-128.71,0.59159386,-2447.0
48.46,-128.71,0.59159386,-2447.0
48.46,-128.71,0.59159386,-2447.0
48.46,-128.71,0.59159386,-2447.0
48.46,-128.71,0.59159386,-2447.0
48.46,-128.71,0.59159386,-2447.0
48.46,-128.71,0.59159386,-2447.0
48.46,-128.71,0.59159386,-2447.0
48.46,-128.71,0.59159386,-2447.0
48.46,-128.71,0.59159386,-2447.0
48.46,-128.71,0.59159386,-2447.0
48.46,-128.71,0.59159386,-2447.0
48.46,-128.71,0.59159386,-2447.0
48.46,-128.71,0.59159386,-2447.0
48.45,-128.71,0.59159386,-2455.0
48.46,-128.71,0.59159386,-2447.0
48.46,-128.71,0.59159386,-2447.0
48.45,-128.71,0.59159386,-2455.0
48.46,-128.71,0.59159386,-2447.0
48.45,-128.71,0.59159386,-2455.0
48.46,-128.71,0.59159386,-2447.0
48.46,-128.71,0.59159386,-2447.0
48.46,-128.71,0.59159386,-2447.0
48.46,-128.71,0.59159386,-2447.0
48.45,-128.71,0.59159386,-2455.0
48.45,-128.71,0.59159386,-2455.0
48.45,-128.71,0.59159386,-2455.0
48.45,-128.71,0.59159386,-2455.0
48.46,-128.71,0.59159386,-2447.0
48.46,-128.71,0.59159386,-2447.0
48.46,-128.71,0.59159386,-2447.0
48.46,-128.71,0.59159386,-2447.0
48.46,-128.71,0.59159386,-2447.0
48.46,-128.71,0.59159386,-2447.0
48.46,-128.71,0.59159386,-2447.0
48.46,-128.71,0.59159386,-2447.0
48.46,-128.71,0.59159386,-2447.0
48.46,-128.71,0.59159386,-2447.0
48.46,-128.71,0.59159386,-2447.0
48.46,-128.7,0.59159386,-2455.0
48.46,-128.71,0.59159386,-2447.0
48.45,-128.71,0.59159386,-2455.0
48.46,-128.71,0.59159386,-2447.0
48.45,-128.71,0.59159386,-2455.0
48.46,-128.71,0.59159386,-2447.0
41.5,-126.53,2.9937565,-2892.0
40.6,-127.42,0.174211,-3256.0
40.12,-128.17,26.052788,-4485.0
40.67,-129.22,3.8123386,-3238.0
40.0,-131.0,29.489016,-4528.0
39.5,-131.78,33.939312,-4506.0
40.73,-131.75,9.1340437,-3678.0
39.6,-129.52,28.932394,-4513.0
38.02,-128.77,35.199921,-4764.0
38.42,-126.15,27.678125,-4271.0
39.78,-126.35,22.17004,-4120.0
40.52,-126.52,3.8898129,-3126.0
40.93,-126.52,3.269613,-3123.0
43.8,-122.42,9.5827484,720.0
38.84,-121.84,17.088528,6.0
39.46,-121.99,17.580811,27.0
38.92,-121.61,17.088528,8.0
38.69,-121.76,16.951086,14.0
47.71,-127.79,3.251128,-2666.0
47.71,-127.79,3.251128,-2666.0
47.71,-127.79,3.251128,-2666.0
47.71,-127.79,3.251128,-2666.0
47.71,-127.78,3.251128,-2671.0
47.71,-127.79,3.251128,-2666.0
47.71,-127.79,3.251128,-2666.0
47.71,-127.79,3.251128,-2666.0
47.71,-127.79,3.251128,-2666.0
47.71,-127.79,3.251128,-2666.0
47.71,-127.79,3.251128,-2666.0
47.71,-127.79,3.251128,-2666.0
47.71,-127.78,3.251128,-2671.0
47.71,-127.79,3.251128,-2666.0
47.71,-127.79,3.251128,-2666.0
47.71,-127.79,3.251128,-2666.0
47.71,-127.79,3.251128,-2666.0
47.71,-127.79,3.251128,-2666.0
47.71,-127.79,3.251128,-2666.0
47.71,-127.79,3.251128,-2666.0
47.71,-127.79,3.251128,-2666.0
47.71,-127.79,3.251128,-2666.0
47.71,-127.79,3.251128,-2666.0
47.71,-127.79,3.251128,-2666.0
47.71,-127.79,3.251128,-2666.0
47.71,-127.79,3.251128,-2666.0
47.71,-127.79,3.251128,-2666.0
47.71,-127.79,3.251128,-2666.0
47.71,-127.79,3.251128,-2666.0
47.71,-127.79,3.251128,-2666.0
47.71,-127.79,3.251128,-2666.0
47.71,-127.79,3.251128,-2666.0
47.71,-127.79,3.251128,-2666.0
47.71,-127.79,3.251128,-2666.0
47.71,-127.79,3.251128,-2666.0
47.71,-127.79,3.251128,-2666.0
47.71,-127.79,3.251128,-2666.0
47.71,-127.78,3.251128,-2671.0
47.71,-127.78,3.251128,-2671.0
47.71,-127.79,3.251128,-2666.0
47.71,-127.79,3.251128,-2666.0
47.71,-127.79,3.251128,-2666.0
47.71,-127.78,3.251128,-2671.0
47.71,-127.78,3.251128,-2671.0
47.71,-127.79,3.251128,-2666.0
47.71,-127.79,3.251128,-2666.0
47.71,-127.79,3.251128,-2666.0
47.71,-127.79,3.251128,-2666.0
47.71,-127.79,3.251128,-2666.0
47.71,-127.79,3.251128,-2666.0
47.71,-127.79,3.251128,-2666.0
47.71,-127.79,3.251128,-2666.0
47.71,-127.79,3.251128,-2666.0
47.71,-127.79,3.251128,-2666.0
47.71,-127.79,3.251128,-2666.0
47.71,-127.79,3.251128,-2666.0
47.71,-127.79,3.251128,-2666.0
47.71,-127.79,3.251128,-2666.0
47.71,-127.79,3.251128,-2666.0
47.71,-127.79,3.251128,-2666.0
47.71,-127.79,3.251128,-2666.0
47.71,-127.79,3.251128,-2666.0
47.71,-127.79,3.251128,-2666.0
47.71,-127.79,3.251128,-2666.0
47.71,-127.79,3.251128,-2666.0
47.71,-127.79,3.251128,-2666.0
47.71,-127.79,3.251128,-2666.0
47.71,-127.79,3.251128,-2666.0
47.71,-127.79,3.251128,-2666.0
47.71,-127.79,3.251128,-2666.0
47.71,-127.79,3.251128,-2666.0
47.71,-127.79,3.251128,-2666.0
47.71,-127.79,3.251128,-2666.0
47.71,-127.79,3.251128,-2666.0
47.71,-127.79,3.251128,-2666.0
47.71,-127.79,3.251128,-2666.0
47.71,-127.79,3.251128,-2666.0
47.71,-127.79,3.251128,-2666.0
47.71,-127.79,3.251128,-2666.0
47.71,-127.79,3.251128,-2666.0
47.71,-127.79,3.251128,-2666.0
47.71,-127.79,3.251128,-2666.0
48.96,-122.13,9.2849312,179.0
48.96,-122.1,9.2849312,577.0
48.95,-122.1,9.2849312,632.0
48.95,-122.11,9.2849312,597.0
48.95,-122.11,9.2849312,597.0
48.95,-122.11,9.2849312,597.0
48.94,-122.12,9.2849312,616.0
48.95,-122.1,9.2849312,632.0
48.95,-122.1,9.2849312,632.0
48.95,-122.12,9.2849312,571.0
48.95,-122.09,9.2849312,513.0
48.95,-122.09,9.2849312,513.0
48.96,-122.09,9.2849312,519.0
48.96,-122.08,9.2849312,335.0
48.96,-122.07,9.2849312,248.0
48.95,-122.08,9.2849312,358.0
48.95,-122.08,9.2849312,358.0
48.95,-122.08,9.2849312,358.0
48.94,-122.09,9.2849312,346.0
48.94,-122.08,9.2849312,373.0
48.96,-122.12,9.2849312,529.0
48.94,-122.09,9.2849312,346.0
48.94,-122.09,9.2849312,346.0
48.93,-122.1,9.2849312,427.0
48.94,-122.1,9.2849312,519.0
48.94,-122.08,9.2849312,373.0
48.93,-122.08,9.2849312,270.0
48.93,-122.09,9.2849312,283.0
48.93,-122.09,9.2849312,283.0
48.93,-122.09,9.2849312,283.0
48.93,-122.1,9.2849312,427.0
48.96,-122.11,9.2849312,564.0
48.93,-122.1,9.2849312,427.0
48.92,-122.11,9.2849312,183.0
48.92,-122.12,9.2849312,181.0
48.93,-122.12,9.2849312,573.0
48.93,-122.13,9.2849312,305.0
48.92,-122.13,9.2849312,143.0
48.93,-122.11,9.2849312,554.0
48.96,-122.11,9.2849312,564.0
48.93,-122.11,9.2849312,554.0
48.93,-122.11,9.2849312,554.0
48.93,-122.11,9.2849312,554.0
48.93,-122.11,9.2849312,554.0
48.93,-122.11,9.2849312,554.0
48.93,-122.11,9.2849312,554.0
48.93,-122.11,9.2849312,554.0
48.93,-122.11,9.2849312,554.0
48.93,-122.11,9.2849312,554.0
48.93,-122.11,9.2849312,554.0
48.96,-122.1,9.2849312,577.0
48.97,-122.1,9.2849312,586.0
48.97,-122.1,9.2849312,586.0
48.96,-122.09,9.2849312,519.0
51.92,-129.97,0.54942942,-137.0
53.56,-131.43,7.0473046,-22.0
