lat	long	q	age	q(t)	sqrt age	d(t)	q(t)
49.62	-129.98	366	0.81696123	8.7474	0.903859076	2642.968215	12.50194892
44.68	-125.29	79	9.1196241	1.8881	3.019871537	4095.934218	3.741881024
44.66	-125.27	81	9.1196241	1.9359	3.019871537	4095.934218	3.741881024
44.66	-125.27	93	9.1196241	2.2227	3.019871537	4095.934218	3.741881024
44.66	-125.26	77	9.1196241	1.8403	3.019871537	4095.934218	3.741881024
44.66	-125.25	81	9.1196241	1.9359	3.019871537	4095.934218	3.741881024
44.66	-125.36	70	8.9653473	1.673	2.99421898	4068.935778	3.773939072
44.66	-125.35	30	9.1196241	0.717	3.019871537	4095.934218	3.741881024
44.66	-125.35	32	9.1196241	0.7648	3.019871537	4095.934218	3.741881024
44.66	-125.35	33	9.1196241	0.7887	3.019871537	4095.934218	3.741881024
44.65	-125.35	42	9.1559649	1.0038	3.025882499	4102.293858	3.73444772
45	-125.3	60	9.0883245	1.434	3.014684809	4090.456788	3.748318884
45.01	-125.3	60	9.0883245	1.434	3.014684809	4090.456788	3.748318884
45	-125.31	102	9.0883245	2.4378	3.014684809	4090.456788	3.748318884
45	-125.32	84	9.0883245	2.0076	3.014684809	4090.456788	3.748318884
44.99	-125.32	85	9.0883245	2.0315	3.014684809	4090.456788	3.748318884
44.99	-125.33	88	9.0883245	2.1032	3.014684809	4090.456788	3.748318884
44.94	-125.37	72	8.987608	1.7208	2.997933955	4072.8314	3.769262488
44.94	-125.36	124	8.987608	2.9636	2.997933955	4072.8314	3.769262488
44.93	-125.35	72	9.1318445	1.7208	3.021894191	4098.072788	3.73937646
47.06	-125.89	100	7.6291208	2.39	2.762086313	3835.09614	4.091110385
47.06	-125.89	99	7.6291208	2.3661	2.762086313	3835.09614	4.091110385
47.07	-125.9	93	7.6291208	2.2227	2.762086313	3835.09614	4.091110385
47.07	-125.9	88	7.6291208	2.1032	2.762086313	3835.09614	4.091110385
47.07	-125.91	88	7.6291208	2.1032	2.762086313	3835.09614	4.091110385
47.08	-125.9	89	7.6291208	2.1271	2.762086313	3835.09614	4.091110385
47.07	-125.91	83	7.6291208	1.9837	2.762086313	3835.09614	4.091110385
47.08	-125.91	75	7.6291208	1.7925	2.762086313	3835.09614	4.091110385
47.08	-125.92	83	7.6291208	1.9837	2.762086313	3835.09614	4.091110385
47.08	-125.94	109	7.6291208	2.6051	2.762086313	3835.09614	4.091110385
47.08	-125.94	67	7.6291208	1.6013	2.762086313	3835.09614	4.091110385
46.97	-125.93	104	7.6286254	2.4856	2.761996633	3835.009445	4.091243221
46.98	-125.94	90	7.6286254	2.151	2.761996633	3835.009445	4.091243221
46.97	-125.99	100	7.3567901	2.39	2.712340336	3787.438268	4.166143846
46.97	-125.98	111	7.3567901	2.6529	2.712340336	3787.438268	4.166143846
46.97	-125.98	96	7.3567901	2.2944	2.712340336	3787.438268	4.166143846
46.98	-125.97	89	7.3567901	2.1271	2.712340336	3787.438268	4.166143846
46.98	-125.96	75	7.3567901	1.7925	2.712340336	3787.438268	4.166143846
46.98	-125.95	81	7.3567901	1.9359	2.712340336	3787.438268	4.166143846
46.98	-125.94	78	7.6286254	1.8642	2.761996633	3835.009445	4.091243221
46.98	-125.94	82	7.6286254	1.9598	2.761996633	3835.009445	4.091243221
46.99	-125.97	87	7.3567901	2.0793	2.712340336	3787.438268	4.166143846
47	-125.96	89	7.3567901	2.1271	2.712340336	3787.438268	4.166143846
46.99	-125.96	82	7.3567901	1.9598	2.712340336	3787.438268	4.166143846
46.99	-125.94	83	7.6286254	1.9837	2.761996633	3835.009445	4.091243221
46.99	-125.95	97	7.3567901	2.3183	2.712340336	3787.438268	4.166143846
50.55	-131.62	91.4	4.6901741	2.18446	2.165680978	3320.780468	5.217758346
48.75	-127.75	200	2.9062791	4.78	1.704781247	3008.598843	6.628416414
47.45	-127.27	57.8	4.3656092	1.38142	2.08940403	3263.98161	5.408240742
46.3	-128	50.7	3.1420634	1.21173	1.772586641	3049.861095	6.374864697
47.9	-127.2	161	4.359262	3.8479	2.087884575	3262.87085	5.41217658
47.15	-130.12	189	2.7302463	4.5171	1.652345696	2977.793103	6.83876263
46.73	-131.58	22.8	6.8137112	0.54492	2.610308641	3692.39946	4.328989999
41.07	-132.37	40.2	10.360166	0.96078	3.218721175	4313.02905	3.510711052
47.9	-127.65	304	3.1907601	7.2656	1.786269884	3058.383018	6.326031748
47.25	-131.03	110	5.1738672	2.629	2.274613638	3405.42676	4.96787666
44.65	-125.14	94	9.5422888	2.2466	3.089059533	4169.90054	3.658071293
44.65	-125.07	41	9.5422888	0.9799	3.089059533	4169.90054	3.658071293
44.65	-125.06	42	9.5422888	1.0038	3.089059533	4169.90054	3.658071293
44.65	-125.02	79	9.8048306	1.8881	3.131266613	4215.845355	3.608763289
44.65	-124.97	77	9.8048306	1.8403	3.131266613	4215.845355	3.608763289
47.23	-126.15	26	6.8040028	0.6214	2.608448351	3690.70049	4.332077342
47.23	-126.15	27	6.8040028	0.6453	2.608448351	3690.70049	4.332077342
47.24	-126.14	21	7.0875106	0.5019	2.662237893	3740.314355	4.244549305
47.29	-126.08	104	7.1277666	2.4856	2.669787744	3747.359155	4.23254621
47.29	-126.08	99	7.1277666	2.3661	2.669787744	3747.359155	4.23254621
47.3	-126.09	101	7.1277666	2.4139	2.669787744	3747.359155	4.23254621
47.3	-126.09	108	7.1277666	2.5812	2.669787744	3747.359155	4.23254621
47.3	-126.09	77	7.1277666	1.8403	2.669787744	3747.359155	4.23254621
47.29	-126.11	93	7.1277666	2.2227	2.669787744	3747.359155	4.23254621
47.28	-126.12	96	7.1277666	2.2944	2.669787744	3747.359155	4.23254621
47.28	-126.12	99	7.1277666	2.3661	2.669787744	3747.359155	4.23254621
47.28	-126.13	104	7.1277666	2.4856	2.669787744	3747.359155	4.23254621
47.27	-126.14	159	7.1277666	3.8001	2.669787744	3747.359155	4.23254621
47.27	-126.14	142	7.1277666	3.3938	2.669787744	3747.359155	4.23254621
47.27	-126.15	137	6.8401093	3.2743	2.615360262	3697.019128	4.320628467
47.27	-126.15	141	6.8401093	3.3699	2.615360262	3697.019128	4.320628467
47.27	-126.15	156	6.8401093	3.7284	2.615360262	3697.019128	4.320628467
47.25	-126.17	138	6.8040028	3.2982	2.608448351	3690.70049	4.332077342
47.44	-126.38	106	6.4628758	2.5334	2.542218677	3631.003265	4.444936269
47.44	-126.38	108	6.4628758	2.5812	2.542218677	3631.003265	4.444936269
47.44	-126.38	112	6.4628758	2.6768	2.542218677	3631.003265	4.444936269
47.45	-126.36	109	6.5422029	2.6051	2.557773035	3644.885508	4.417905672
47.45	-126.36	118	6.5422029	2.8202	2.557773035	3644.885508	4.417905672
47.46	-126.33	102	6.8071642	2.4378	2.609054273	3691.253735	4.331071268
47.46	-126.29	124	6.8071642	2.9636	2.609054273	3691.253735	4.331071268
47.46	-126.29	108	6.8071642	2.5812	2.609054273	3691.253735	4.331071268
47.46	-126.26	114	6.8071642	2.7246	2.609054273	3691.253735	4.331071268
47.46	-126.22	122	7.0861001	2.9158	2.661972971	3740.067518	4.244971727
47.46	-126.22	117	7.0861001	2.7963	2.661972971	3740.067518	4.244971727
47.46	-126.22	89	7.0861001	2.1271	2.661972971	3740.067518	4.244971727
47.46	-126.19	118	7.0861001	2.8202	2.661972971	3740.067518	4.244971727
47.46	-126.18	139	7.0861001	3.3221	2.661972971	3740.067518	4.244971727
47.46	-126.16	57	7.0861001	1.3623	2.661972971	3740.067518	4.244971727
44.95	-125.2	71	9.2965679	1.6969	3.04902737	4126.899383	3.70609989
44.95	-125.22	61	9.2965679	1.4579	3.04902737	4126.899383	3.70609989
44.95	-125.23	55	9.2965679	1.3145	3.04902737	4126.899383	3.70609989
44.95	-125.25	28	9.0883245	0.6692	3.014684809	4090.456788	3.748318884
44.95	-125.41	89	8.9141588	2.1271	2.985658855	4059.97779	3.78475926
44.95	-125.37	95	8.9141588	2.2705	2.985658855	4059.97779	3.78475926
44.95	-125.37	99	8.9141588	2.3661	2.985658855	4059.97779	3.78475926
44.95	-125.37	102	8.9141588	2.4378	2.985658855	4059.97779	3.78475926
44.95	-125.37	104	8.9141588	2.4856	2.985658855	4059.97779	3.78475926
44.95	-125.38	113	8.9141588	2.7007	2.985658855	4059.97779	3.78475926
44.95	-125.4	110	8.9141588	2.629	2.985658855	4059.97779	3.78475926
44.95	-125.42	125	8.9141588	2.9875	2.985658855	4059.97779	3.78475926
44.93	-125.27	125	9.1318445	2.9875	3.021894191	4098.072788	3.73937646
44.93	-125.27	202	9.1318445	4.8278	3.021894191	4098.072788	3.73937646
44.95	-125.47	122	8.6826057	2.9158	2.946626155	4019.455998	3.834894352
44.95	-125.52	152	8.6826057	3.6328	2.946626155	4019.455998	3.834894352
44.95	-125.52	139	8.6826057	3.3221	2.946626155	4019.455998	3.834894352
44.95	-125.58	165	8.4492979	3.9435	2.906767603	3978.627133	3.887479683
44.95	-125.64	113	8.4492979	2.7007	2.906767603	3978.627133	3.887479683
44.65	-125.27	65	9.1559649	1.5535	3.025882499	4102.293858	3.73444772
44.65	-125.3	70	9.1559649	1.673	3.025882499	4102.293858	3.73444772
44.65	-125.3	73	9.1559649	1.7447	3.025882499	4102.293858	3.73444772
44.65	-125.32	62	9.1559649	1.4818	3.025882499	4102.293858	3.73444772
44.65	-125.32	52	9.1559649	1.2428	3.025882499	4102.293858	3.73444772
44.65	-125.34	105	9.1559649	2.5095	3.025882499	4102.293858	3.73444772
44.65	-125.37	32	8.9884195	0.7648	2.998069295	4072.973413	3.769092335
44.65	-125.4	101	8.9884195	2.4139	2.998069295	4072.973413	3.769092335
44.65	-125.47	94	8.7853642	2.2466	2.964011505	4037.438735	3.812400857
40.75	-127.4	225	0.14659698	5.3775	0.382879851	2525.654472	29.51317491
40.74	-127.55	1656	0.22720698	39.5784	0.476662333	2539.761222	23.70650922
40.74	-127.57	576	0.22720698	13.7664	0.476662333	2539.761222	23.70650922
40.75	-127.4	240	0.14659698	5.736	0.382879851	2525.654472	29.51317491
40.75	-127.42	316	0.14659698	7.5524	0.382879851	2525.654472	29.51317491
40.75	-127.43	371	0.14659698	8.8669	0.382879851	2525.654472	29.51317491
40.74	-127.58	832	0.22720698	19.8848	0.476662333	2539.761222	23.70650922
40.75	-127.6	907	0.22720698	21.6773	0.476662333	2539.761222	23.70650922
40.75	-127.62	341	0.22720698	8.1499	0.476662333	2539.761222	23.70650922
40.76	-127.66	329	0.53983307	7.8631	0.734733333	2594.470787	15.37972962
40.75	-127.66	386	0.52487373	9.2254	0.724481697	2591.852903	15.59735745
40.76	-127.67	302	0.53983307	7.2178	0.734733333	2594.470787	15.37972962
40.76	-127.69	313	0.53983307	7.4807	0.734733333	2594.470787	15.37972962
40.98	-127.54	352	0.021391379	8.4128	0.146257919	2503.743491	77.26077359
41	-127.54	302	0.021391379	7.2178	0.146257919	2503.743491	77.26077359
41	-127.53	472	0.021391379	11.2808	0.146257919	2503.743491	77.26077359
41	-127.52	192	0.021391379	4.5888	0.146257919	2503.743491	77.26077359
41.01	-127.51	1586	0.021391379	37.9054	0.146257919	2503.743491	77.26077359
41.02	-127.47	463	0.021391379	11.0657	0.146257919	2503.743491	77.26077359
41	-127.47	235	0.021391379	5.6165	0.146257919	2503.743491	77.26077359
41.01	-127.47	274	0.021391379	6.5486	0.146257919	2503.743491	77.26077359
41.01	-127.47	1804	0.021391379	43.1156	0.146257919	2503.743491	77.26077359
41.02	-127.47	280	0.021391379	6.692	0.146257919	2503.743491	77.26077359
40.94	-127.51	176	0.047450688	4.2064	0.217831788	2508.30387	51.87488974
40.93	-127.52	299	0.047450688	7.1461	0.217831788	2508.30387	51.87488974
40.91	-127.52	219	0.047450688	5.2341	0.217831788	2508.30387	51.87488974
40.91	-127.49	511	0.047450688	12.2129	0.217831788	2508.30387	51.87488974
40.91	-127.48	213	0.047450688	5.0907	0.217831788	2508.30387	51.87488974
50.15	-123.38	58	8.4487114	1.3862	2.906666716	3978.524495	3.887614612
50.12	-123.45	71	8.4487114	1.6969	2.906666716	3978.524495	3.887614612
50.2	-123.53	63	8.1750021	1.5057	2.859196058	3930.625368	3.952159897
50.18	-123.52	56	8.1750021	1.3384	2.859196058	3930.625368	3.952159897
50.17	-123.52	39	8.1750021	0.9321	2.859196058	3930.625368	3.952159897
50.45	-123.12	53	8.4487114	1.2667	2.906666716	3978.524495	3.887614612
50.45	-123.17	56	8.1750021	1.3384	2.859196058	3930.625368	3.952159897
50.45	-123.2	69	8.1750021	1.6491	2.859196058	3930.625368	3.952159897
51.97	-121.17	63	8.9942894	1.5057	2.999048082	4074.000645	3.767862232
51.83	-121.15	63	8.9942894	1.5057	2.999048082	4074.000645	3.767862232
52	-120.95	58	8.9942894	1.3862	2.999048082	4074.000645	3.767862232
52	-120.82	61	8.9942894	1.4579	2.999048082	4074.000645	3.767862232
51.78	-120.37	113	8.9942894	2.7007	2.999048082	4074.000645	3.767862232
51.82	-120.47	100	8.9942894	2.39	2.999048082	4074.000645	3.767862232
51.73	-120.15	92	8.9942894	2.1988	2.999048082	4074.000645	3.767862232
51.75	-120.07	107	8.9942894	2.5573	2.999048082	4074.000645	3.767862232
51.15	-119.82	56	8.9942894	1.3384	2.999048082	4074.000645	3.767862232
51.15	-119.8	67	8.9942894	1.6013	2.999048082	4074.000645	3.767862232
51.15	-119.82	83	8.9942894	1.9837	2.999048082	4074.000645	3.767862232
53.37	-130.15	75	2.2681541	1.7925	1.506039209	2896.926968	7.503124706
53.35	-130.13	75	2.2681541	1.7925	1.506039209	2896.926968	7.503124706
53.35	-130.13	75	2.2681541	1.7925	1.506039209	2896.926968	7.503124706
53.36	-130.13	117	2.2681541	2.7963	1.506039209	2896.926968	7.503124706
53.37	-130.16	71	2.2681541	1.6969	1.506039209	2896.926968	7.503124706
53.37	-130.16	64	2.2681541	1.5296	1.506039209	2896.926968	7.503124706
53.37	-130.12	76	2.2681541	1.8164	1.506039209	2896.926968	7.503124706
53.37	-130.16	51	2.2681541	1.2189	1.506039209	2896.926968	7.503124706
53.37	-130.16	87	2.2681541	2.0793	1.506039209	2896.926968	7.503124706
53.37	-130.16	88	2.2681541	2.1032	1.506039209	2896.926968	7.503124706
53.37	-130.16	81	2.2681541	1.9359	1.506039209	2896.926968	7.503124706
51.38	-120.07	70	8.9942894	1.673	2.999048082	4074.000645	3.767862232
51.38	-120.07	72	8.9942894	1.7208	2.999048082	4074.000645	3.767862232
51.38	-120.07	71	8.9942894	1.6969	2.999048082	4074.000645	3.767862232
53.53	-132.22	66	9.16572	1.5774	3.027494013	4104.001	3.732459899
53.53	-132.22	46	9.16572	1.0994	3.027494013	4104.001	3.732459899
53.53	-132.22	69	9.16572	1.6491	3.027494013	4104.001	3.732459899
53.53	-132.22	59	9.16572	1.4101	3.027494013	4104.001	3.732459899
53.53	-132.22	107	9.16572	2.5573	3.027494013	4104.001	3.732459899
53.53	-132.22	69	9.16572	1.6491	3.027494013	4104.001	3.732459899
53.53	-132.22	76	9.16572	1.8164	3.027494013	4104.001	3.732459899
53.53	-132.22	49	9.16572	1.1711	3.027494013	4104.001	3.732459899
53.53	-132.22	66	9.16572	1.5774	3.027494013	4104.001	3.732459899
52.14	-128.05	91	1.3816251	2.1749	1.175425497	2741.784393	9.613539969
52.15	-128.1	74	1.3816251	1.7686	1.175425497	2741.784393	9.613539969
54.74	-126.62	68	1.238132	1.6252	1.1127138	2716.6731	10.15535172
54.74	-126.62	69	1.238132	1.6491	1.1127138	2716.6731	10.15535172
54.74	-126.62	75	1.238132	1.7925	1.1127138	2716.6731	10.15535172
54.74	-126.62	91	1.238132	2.1749	1.1127138	2716.6731	10.15535172
54.74	-126.62	74	1.238132	1.7686	1.1127138	2716.6731	10.15535172
54.2	-126.26	60	4.2815824	1.434	2.069198492	3249.27692	5.461051727
54.18	-126.27	66	4.2815824	1.5774	2.069198492	3249.27692	5.461051727
54.17	-126.28	119	4.2815824	2.8441	2.069198492	3249.27692	5.461051727
52.3	-120.57	46	8.9942894	1.0994	2.999048082	4074.000645	3.767862232
52.3	-120.57	61	8.9942894	1.4579	2.999048082	4074.000645	3.767862232
54.23	-126.23	83	4.2815824	1.9837	2.069198492	3249.27692	5.461051727
54.23	-126.24	79	4.2815824	1.8881	2.069198492	3249.27692	5.461051727
52.72	-131.72	60	5.7069907	1.434	2.38893087	3498.723373	4.730149434
52.72	-131.71	48	5.7069907	1.1472	2.38893087	3498.723373	4.730149434
48.89	-123.87	20	8.9942894	0.478	2.999048082	4074.000645	3.767862232
48.89	-123.87	19	8.9942894	0.4541	2.999048082	4074.000645	3.767862232
48.89	-123.85	25	8.9942894	0.5975	2.999048082	4074.000645	3.767862232
48.88	-123.82	29	8.9942894	0.6931	2.999048082	4074.000645	3.767862232
52.92	-123.62	74	7.2214351	1.7686	2.6872728	3763.751143	4.205006653
52.92	-123.63	71	7.2214351	1.6969	2.6872728	3763.751143	4.205006653
52.9	-123.62	56	7.2214351	1.3384	2.6872728	3763.751143	4.205006653
49.05	-123.91	30	8.9942894	0.717	2.999048082	4074.000645	3.767862232
49.05	-124	20	8.9942894	0.478	2.999048082	4074.000645	3.767862232
49.59	-119.68	61	9.2849312	1.4579	3.047118508	4124.86296	3.70842157
51.73	-124.62	67	7.2214351	1.6013	2.6872728	3763.751143	4.205006653
51.73	-124.63	91.1	7.2214351	2.17729	2.6872728	3763.751143	4.205006653
51.45	-123.62	101.2	7.2806315	2.41868	2.698264535	3774.110513	4.187877005
51.45	-123.62	107.7	7.2806315	2.57403	2.698264535	3774.110513	4.187877005
50.62	-127.5	67.9	4.6360407	1.62281	2.153146697	3311.307123	5.24813289
49.77	-125.3	39.4	7.2806315	0.94166	2.698264535	3774.110513	4.187877005
54.02	-130.58	72.2	5.7069907	1.72558	2.38893087	3498.723373	4.730149434
54.02	-130.58	132.8	5.7069907	3.17392	2.38893087	3498.723373	4.730149434
54.02	-130.58	112.4	5.7069907	2.68636	2.38893087	3498.723373	4.730149434
54.02	-130.58	78.1	5.7069907	1.86659	2.38893087	3498.723373	4.730149434
54.02	-130.58	62.4	5.7069907	1.49136	2.38893087	3498.723373	4.730149434
49.15	-124.65	47.9	8.1750021	1.14481	2.859196058	3930.625368	3.952159897
49.15	-124.67	54.4	7.9011574	1.30016	2.810899749	3882.702545	4.020065107
49.15	-124.67	48.3	7.9011574	1.15437	2.810899749	3882.702545	4.020065107
49.33	-121.97	143.4	9.2849312	3.42726	3.047118508	4124.86296	3.70842157
49.33	-121.97	86.7	9.2849312	2.07213	3.047118508	4124.86296	3.70842157
49.33	-121.97	132.4	9.2849312	3.16436	3.047118508	4124.86296	3.70842157
49.33	-121.97	99.7	9.2849312	2.38283	3.047118508	4124.86296	3.70842157
49.33	-121.97	38.8	9.2849312	0.92732	3.047118508	4124.86296	3.70842157
49.33	-121.97	103.3	9.2849312	2.46887	3.047118508	4124.86296	3.70842157
49.33	-121.95	95.5	9.2849312	2.28245	3.047118508	4124.86296	3.70842157
49.33	-121.97	90.6	9.2849312	2.16534	3.047118508	4124.86296	3.70842157
49.3	-121.93	105.1	9.2849312	2.51189	3.047118508	4124.86296	3.70842157
49.75	-124.53	41.5	7.3612161	0.99185	2.713156114	3788.212818	4.164891191
49.7	-124.52	18.1	7.3612161	0.43259	2.713156114	3788.212818	4.164891191
49.75	-124.53	36.2	7.3612161	0.86518	2.713156114	3788.212818	4.164891191
49.75	-124.53	33.2	7.3612161	0.79348	2.713156114	3788.212818	4.164891191
49.75	-124.53	32.8	7.3612161	0.78392	2.713156114	3788.212818	4.164891191
49.75	-124.53	34.7	7.3612161	0.82933	2.713156114	3788.212818	4.164891191
49.75	-124.53	32.6	7.3612161	0.77914	2.713156114	3788.212818	4.164891191
49.75	-124.53	20.7	7.3612161	0.49473	2.713156114	3788.212818	4.164891191
49.7	-124.53	26.8	7.3612161	0.64052	2.713156114	3788.212818	4.164891191
49.7	-124.53	22.5	7.3612161	0.53775	2.713156114	3788.212818	4.164891191
49.7	-124.53	8	7.3612161	0.1912	2.713156114	3788.212818	4.164891191
49.7	-124.53	34.9	7.3612161	0.83411	2.713156114	3788.212818	4.164891191
50.02	-126.78	53	6.2185445	1.2667	2.493700964	3588.245288	4.531417424
50	-126.8	42.1	6.2185445	1.00619	2.493700964	3588.245288	4.531417424
50	-126.8	43.6	6.2185445	1.04204	2.493700964	3588.245288	4.531417424
50	-126.8	39.2	6.2185445	0.93688	2.493700964	3588.245288	4.531417424
50.02	-126.78	39.3	6.2185445	0.93927	2.493700964	3588.245288	4.531417424
47.51	-121.35	57	9.7773581	1.3623	3.126876732	4211.037668	3.613829699
47.51	-121.35	57	9.7773581	1.3623	3.126876732	4211.037668	3.613829699
47.68	-121.65	60	9.7773581	1.434	3.126876732	4211.037668	3.613829699
47.68	-121.65	60	9.7773581	1.434	3.126876732	4211.037668	3.613829699
47.49	-121.4	56	9.7773581	1.3384	3.126876732	4211.037668	3.613829699
42.2	-121.83	67	8.7200031	1.6013	2.952965137	4026.000543	3.826662177
48.46	-122.63	37	9.2849312	0.8843	3.047118508	4124.86296	3.70842157
48.72	-119.59	75	9.57864	1.7925	3.094937802	4176.262	3.651123454
46.35	-122.11	69	9.543684	1.6491	3.089285354	4170.1447	3.657803894
46.36	-122.07	68	9.543684	1.6252	3.089285354	4170.1447	3.657803894
49	-119.49	70	9.57864	1.673	3.094937802	4176.262	3.651123454
48.61	-120.38	76	9.57864	1.8164	3.094937802	4176.262	3.651123454
48.61	-120.39	73	9.57864	1.7447	3.094937802	4176.262	3.651123454
46.85	-124.1	38	9.7773581	0.9082	3.126876732	4211.037668	3.613829699
47.24	-124.19	35	9.8133631	0.8365	3.132628784	4217.338543	3.607194078
42.16	-120.34	742	8.7200031	17.7338	2.952965137	4026.000543	3.826662177
42.19	-120.33	180	8.7200031	4.302	2.952965137	4026.000543	3.826662177
42.19	-120.34	140	8.7200031	3.346	2.952965137	4026.000543	3.826662177
42.2	-120.35	98	8.7200031	2.3422	2.952965137	4026.000543	3.826662177
42.22	-120.35	2861	8.7200031	68.3779	2.952965137	4026.000543	3.826662177
42.22	-120.34	309	8.7200031	7.3851	2.952965137	4026.000543	3.826662177
42.17	-120.34	110	8.7200031	2.629	2.952965137	4026.000543	3.826662177
42.22	-120.36	991	8.7200031	23.6849	2.952965137	4026.000543	3.826662177
42.22	-120.36	117	8.7200031	2.7963	2.952965137	4026.000543	3.826662177
42.19	-120.34	150	8.7200031	3.585	2.952965137	4026.000543	3.826662177
42.19	-120.35	124	8.7200031	2.9636	2.952965137	4026.000543	3.826662177
42.18	-120.35	124	8.7200031	2.9636	2.952965137	4026.000543	3.826662177
42.18	-120.34	189	8.7200031	4.5171	2.952965137	4026.000543	3.826662177
42.22	-120.36	2882	8.7200031	68.8798	2.952965137	4026.000543	3.826662177
42.21	-120.36	158	8.7200031	3.7762	2.952965137	4026.000543	3.826662177
44.27	-120.81	66	9.8749847	1.5774	3.142448838	4228.122323	3.59592171
42.04	-120.3	571	18.00329	13.6469	4.2430284	5650.57575	2.663192167
42.21	-120.36	1895	8.7200031	45.2905	2.952965137	4026.000543	3.826662177
42.24	-120.36	840	8.7200031	20.076	2.952965137	4026.000543	3.826662177
42.23	-120.37	531	8.7200031	12.6909	2.952965137	4026.000543	3.826662177
42.02	-120.3	90	18.00329	2.151	4.2430284	5650.57575	2.663192167
42.19	-120.38	76	8.7200031	1.8164	2.952965137	4026.000543	3.826662177
45.43	-121.46	48	9.5483627	1.1472	3.090042508	4170.963473	3.656907622
45.61	-122	71	9.5370016	1.6969	3.08820362	4168.97528	3.659085148
45.34	-121.36	62	9.5414743	1.4818	3.088927694	4169.758003	3.658227423
43.96	-123.11	50	9.5827484	1.195	3.09560146	4176.98097	3.6503407
45.12	-120.85	59	9.68153	1.4101	3.111515708	4194.26775	3.631670562
44.6	-122.06	76	9.8749847	1.8164	3.142448838	4228.122323	3.59592171
44.6	-122.06	110	9.8749847	2.629	3.142448838	4228.122323	3.59592171
45.44	-121.16	41	9.5483627	0.9799	3.090042508	4170.963473	3.656907622
45.54	-122.58	47	9.5407829	1.1233	3.088815776	4169.637008	3.658359973
45.66	-121.33	55	9.5560369	1.3145	3.091284021	4172.306458	3.655438945
45.25	-121.12	90	9.5008411	2.151	3.082343443	4162.647193	3.666041831
42.41	-120.48	58	8.7200031	1.3862	2.952965137	4026.000543	3.826662177
45.69	-121.35	33	9.5560369	0.7887	3.091284021	4172.306458	3.655438945
45.18	-121.07	95	9.5008411	2.2705	3.082343443	4162.647193	3.666041831
45.84	-119.67	112	9.544672	2.6768	3.089445258	4170.3176	3.657614574
45.32	-122.87	47	9.5414743	1.1233	3.088927694	4169.758003	3.658227423
45.63	-121.36	65	9.5370016	1.5535	3.08820362	4168.97528	3.659085148
44.78	-121.03	69	9.8749847	1.6491	3.142448838	4228.122323	3.59592171
45.43	-120.93	60	9.5483627	1.434	3.090042508	4170.963473	3.656907622
42.06	-122.65	52	8.7200031	1.2428	2.952965137	4026.000543	3.826662177
45.9	-119.22	41	9.5405912	0.9799	3.088784745	4169.60346	3.658396727
45.6	-121.14	46	9.5370016	1.0994	3.08820362	4168.97528	3.659085148
45.36	-121.28	94	9.5483627	2.2466	3.090042508	4170.963473	3.656907622
45.38	-122.59	33	9.5483627	0.7887	3.090042508	4170.963473	3.656907622
45.6	-119.6	58	9.5370016	1.3862	3.08820362	4168.97528	3.659085148
45.65	-121.47	41	9.5370016	0.9799	3.08820362	4168.97528	3.659085148
45.7	-123.13	41	9.5560369	0.9799	3.091284021	4172.306458	3.655438945
42.19	-122.64	31	8.7200031	0.7409	2.952965137	4026.000543	3.826662177
45.7	-121.35	77	9.5560369	1.8403	3.091284021	4172.306458	3.655438945
42.48	-123.4	33	8.1746902	0.7887	2.859141515	3930.570785	3.952235293
45.61	-121.23	71	9.5370016	1.6969	3.08820362	4168.97528	3.659085148
45.91	-119.44	100	9.5405912	2.39	3.088784745	4169.60346	3.658396727
45.18	-121.2	62	9.5008411	1.4818	3.082343443	4162.647193	3.666041831
42.32	-122.81	46	8.7200031	1.0994	2.952965137	4026.000543	3.826662177
45.6	-121.64	83	9.5370016	1.9837	3.08820362	4168.97528	3.659085148
45.53	-122.43	48	9.5407829	1.1472	3.088815776	4169.637008	3.658359973
42.53	-122.64	49	8.7200031	1.1711	2.952965137	4026.000543	3.826662177
42.8	-123.85	29	8.0320463	0.6931	2.834086502	3905.608103	3.987175406
45.38	-122.02	77	9.5483627	1.8403	3.090042508	4170.963473	3.656907622
45.72	-119.02	66	9.5560369	1.5774	3.091284021	4172.306458	3.655438945
45.68	-121.31	41	9.5560369	0.9799	3.091284021	4172.306458	3.655438945
42.49	-122.95	33	8.7200031	0.7887	2.952965137	4026.000543	3.826662177
42.5	-122.98	33	8.7200031	0.7887	2.952965137	4026.000543	3.826662177
45.39	-122.36	41	9.5483627	0.9799	3.090042508	4170.963473	3.656907622
42.86	-123.38	33	8.5052891	0.7887	2.91638288	3988.425593	3.874662713
44.87	-122.71	43	9.8163719	1.0277	3.133108983	4217.865083	3.606641218
45.77	-119.12	71	9.544672	1.6969	3.089445258	4170.3176	3.657614574
45.43	-121.29	65	9.5483627	1.5535	3.090042508	4170.963473	3.656907622
45.54	-122.76	35	9.5407829	0.8365	3.088815776	4169.637008	3.658359973
45.35	-121.13	54	9.5483627	1.2906	3.090042508	4170.963473	3.656907622
45.35	-121.13	54	9.5483627	1.2906	3.090042508	4170.963473	3.656907622
45.32	-121.1	41	9.5414743	0.9799	3.088927694	4169.758003	3.658227423
45.69	-121.38	47	9.5560369	1.1233	3.091284021	4172.306458	3.655438945
42.39	-122.98	39	8.7200031	0.9321	2.952965137	4026.000543	3.826662177
45.36	-120.15	54	9.5483627	1.2906	3.090042508	4170.963473	3.656907622
44.05	-122.88	31	9.8100004	0.7409	3.132092017	4216.75007	3.607812267
43.8	-122.42	40	9.5827484	0.956	3.09560146	4176.98097	3.6503407
44.78	-121.98	763	9.8749847	18.2357	3.142448838	4228.122323	3.59592171
44.78	-121.97	430	9.8749847	10.277	3.142448838	4228.122323	3.59592171
44.78	-121.97	1393	9.8749847	33.2927	3.142448838	4228.122323	3.59592171
44.78	-121.97	404	9.8749847	9.6556	3.142448838	4228.122323	3.59592171
43.92	-120.82	75	9.8749847	1.7925	3.142448838	4228.122323	3.59592171
43.69	-120.48	75	9.5827484	1.7925	3.09560146	4176.98097	3.6503407
43.69	-120.48	83	9.5827484	1.9837	3.09560146	4176.98097	3.6503407
43.69	-120.48	96	9.5827484	2.2944	3.09560146	4176.98097	3.6503407
43.63	-120.46	79	9.5827484	1.8881	3.09560146	4176.98097	3.6503407
43.62	-120.47	79	9.5827484	1.8881	3.09560146	4176.98097	3.6503407
43.63	-120.46	66	9.5827484	1.5774	3.09560146	4176.98097	3.6503407
43.63	-120.46	96	9.5827484	2.2944	3.09560146	4176.98097	3.6503407
43.63	-120.46	75	9.5827484	1.7925	3.09560146	4176.98097	3.6503407
43.78	-120.62	79	9.5827484	1.8881	3.09560146	4176.98097	3.6503407
43.78	-120.62	83	9.5827484	1.9837	3.09560146	4176.98097	3.6503407
43.62	-120.47	83	9.5827484	1.9837	3.09560146	4176.98097	3.6503407
43.62	-120.47	87	9.5827484	2.0793	3.09560146	4176.98097	3.6503407
43.62	-120.47	75	9.5827484	1.7925	3.09560146	4176.98097	3.6503407
43.62	-120.47	83	9.5827484	1.9837	3.09560146	4176.98097	3.6503407
43.62	-120.47	83	9.5827484	1.9837	3.09560146	4176.98097	3.6503407
43.73	-121.36	100	9.5827484	2.39	3.09560146	4176.98097	3.6503407
43.73	-121.36	100	9.5827484	2.39	3.09560146	4176.98097	3.6503407
43.75	-120.94	58	9.5827484	1.3862	3.09560146	4176.98097	3.6503407
43.75	-120.94	96	9.5827484	2.2944	3.09560146	4176.98097	3.6503407
43.81	-120.99	96	9.5827484	2.2944	3.09560146	4176.98097	3.6503407
44.17	-122.29	63	9.8749847	1.5057	3.142448838	4228.122323	3.59592171
44.45	-122.8	30	9.8749847	0.717	3.142448838	4228.122323	3.59592171
44.61	-122.77	49	9.8749847	1.1711	3.142448838	4228.122323	3.59592171
44.54	-123.29	33	9.8749847	0.7887	3.142448838	4228.122323	3.59592171
44.83	-122.25	51	9.8749847	1.2189	3.142448838	4228.122323	3.59592171
44.95	-122.17	97	9.831625	2.3183	3.135542218	4220.534375	3.603842403
44.95	-122.17	97	9.831625	2.3183	3.135542218	4220.534375	3.603842403
45.04	-121	71	9.831625	1.6969	3.135542218	4220.534375	3.603842403
43.8	-122.42	45	9.5827484	1.0755	3.09560146	4176.98097	3.6503407
43.8	-122.42	39	9.5827484	0.9321	3.09560146	4176.98097	3.6503407
44.86	-122.88	39	9.8163719	0.9321	3.133108983	4217.865083	3.606641218
44.06	-122.79	40	9.8100004	0.956	3.132092017	4216.75007	3.607812267
44.15	-122.25	68	9.8749847	1.6252	3.142448838	4228.122323	3.59592171
44.15	-122.25	68	9.8749847	1.6252	3.142448838	4228.122323	3.59592171
44.8	-124.06	32	9.8749847	0.7648	3.142448838	4228.122323	3.59592171
44.8	-124.07	29	9.8749847	0.6931	3.142448838	4228.122323	3.59592171
44.04	-122.84	44	9.8100004	1.0516	3.132092017	4216.75007	3.607812267
43.93	-122.91	36	9.5827484	0.8604	3.09560146	4176.98097	3.6503407
44.8	-122.41	31	9.8749847	0.7409	3.142448838	4228.122323	3.59592171
44.81	-122.41	32	9.8749847	0.7648	3.142448838	4228.122323	3.59592171
44.39	-121.99	33	9.8749847	0.7887	3.142448838	4228.122323	3.59592171
44.39	-121.99	148	9.8749847	3.5372	3.142448838	4228.122323	3.59592171
44.54	-121.96	94	9.8749847	2.2466	3.142448838	4228.122323	3.59592171
43.76	-122.43	41	9.5827484	0.9799	3.09560146	4176.98097	3.6503407
44.22	-120.99	176	9.8749847	4.2064	3.142448838	4228.122323	3.59592171
44.73	-122.18	50	9.8749847	1.195	3.142448838	4228.122323	3.59592171
44.77	-122.56	59	9.8749847	1.4101	3.142448838	4228.122323	3.59592171
44.89	-122.71	47	9.8163719	1.1233	3.133108983	4217.865083	3.606641218
44.89	-122.71	47	9.8163719	1.1233	3.133108983	4217.865083	3.606641218
44.61	-123.3	48	9.8749847	1.1472	3.142448838	4228.122323	3.59592171
44.59	-120.92	84	9.8749847	2.0076	3.142448838	4228.122323	3.59592171
44.04	-122.93	42	9.8100004	1.0038	3.132092017	4216.75007	3.607812267
43.95	-122.9	43	9.5827484	1.0277	3.09560146	4176.98097	3.6503407
43.91	-121.36	25	9.8749847	0.5975	3.142448838	4228.122323	3.59592171
44.49	-122.85	45	9.8749847	1.0755	3.142448838	4228.122323	3.59592171
44.24	-120.97	103	9.8749847	2.4617	3.142448838	4228.122323	3.59592171
44.24	-120.97	103	9.8749847	2.4617	3.142448838	4228.122323	3.59592171
44.19	-121.05	207	9.8749847	4.9473	3.142448838	4228.122323	3.59592171
45.08	-120.96	70	9.68153	1.673	3.111515708	4194.26775	3.631670562
44.49	-122.86	54	9.8749847	1.2906	3.142448838	4228.122323	3.59592171
45.01	-122.66	40	9.831625	0.956	3.135542218	4220.534375	3.603842403
45.01	-122.66	40	9.831625	0.956	3.135542218	4220.534375	3.603842403
44.81	-120.73	61	9.8749847	1.4579	3.142448838	4228.122323	3.59592171
44.43	-122.72	53	9.8749847	1.2667	3.142448838	4228.122323	3.59592171
44.4	-122.65	50	9.8749847	1.195	3.142448838	4228.122323	3.59592171
44.33	-122.99	39	9.8749847	0.9321	3.142448838	4228.122323	3.59592171
45.01	-123.51	30	9.831625	0.717	3.135542218	4220.534375	3.603842403
43.8	-123.88	25	9.5827484	0.5975	3.09560146	4176.98097	3.6503407
44.58	-122.84	30	9.8749847	0.717	3.142448838	4228.122323	3.59592171
44.98	-122.65	41	9.831625	0.9799	3.135542218	4220.534375	3.603842403
44.19	-123.83	29	9.8100004	0.6931	3.132092017	4216.75007	3.607812267
44.71	-123.03	41	9.8749847	0.9799	3.142448838	4228.122323	3.59592171
44.71	-123.03	41	9.8749847	0.9799	3.142448838	4228.122323	3.59592171
43.67	-122.45	53	9.5827484	1.2667	3.09560146	4176.98097	3.6503407
43.96	-122.84	45	9.5827484	1.0755	3.09560146	4176.98097	3.6503407
45.03	-121.96	239	9.831625	5.7121	3.135542218	4220.534375	3.603842403
44.78	-121.95	114	9.8749847	2.7246	3.142448838	4228.122323	3.59592171
44.78	-121.95	135	9.8749847	3.2265	3.142448838	4228.122323	3.59592171
44.78	-122.04	89	9.8749847	2.1271	3.142448838	4228.122323	3.59592171
44.83	-121.88	50	9.8749847	1.195	3.142448838	4228.122323	3.59592171
45.02	-122.01	279	9.831625	6.6681	3.135542218	4220.534375	3.603842403
45	-122.06	106	9.831625	2.5334	3.135542218	4220.534375	3.603842403
44.2	-122.05	153	9.8749847	3.6567	3.142448838	4228.122323	3.59592171
44.15	-122.08	111	9.8749847	2.6529	3.142448838	4228.122323	3.59592171
44.72	-121.91	101	9.8749847	2.4139	3.142448838	4228.122323	3.59592171
43.95	-122.03	41	9.5827484	0.9799	3.09560146	4176.98097	3.6503407
43.72	-122.33	99	9.5827484	2.3661	3.09560146	4176.98097	3.6503407
43.64	-122.19	102	9.5827484	2.4378	3.09560146	4176.98097	3.6503407
44.07	-122.02	139	9.8749847	3.3221	3.142448838	4228.122323	3.59592171
44.63	-121.94	105	9.8749847	2.5095	3.142448838	4228.122323	3.59592171
44.02	-122.16	92	9.8749847	2.1988	3.142448838	4228.122323	3.59592171
44.02	-122.16	92	9.8749847	2.1988	3.142448838	4228.122323	3.59592171
44.45	-122.83	31	9.8749847	0.7409	3.142448838	4228.122323	3.59592171
44.62	-122.72	35	9.8749847	0.8365	3.142448838	4228.122323	3.59592171
44.62	-122.72	35	9.8749847	0.8365	3.142448838	4228.122323	3.59592171
44.61	-121.11	69	9.8749847	1.6491	3.142448838	4228.122323	3.59592171
44.16	-122.24	69	9.8749847	1.6491	3.142448838	4228.122323	3.59592171
44.47	-122.91	39	9.8749847	0.9321	3.142448838	4228.122323	3.59592171
45.05	-122.62	44	9.831625	1.0516	3.135542218	4220.534375	3.603842403
45.05	-122.62	45	9.831625	1.0755	3.135542218	4220.534375	3.603842403
44.44	-122.99	37	9.8749847	0.8843	3.142448838	4228.122323	3.59592171
44.3	-122.12	110	9.8749847	2.629	3.142448838	4228.122323	3.59592171
46.85	-122.26	20	9.7773581	0.478	3.126876732	4211.037668	3.613829699
46.31	-119.76	53	9.5389538	1.2667	3.088519678	4169.316915	3.658710703
46.31	-119.76	98	9.5389538	2.3422	3.088519678	4169.316915	3.658710703
46.63	-123.23	41	9.7773581	0.9799	3.126876732	4211.037668	3.613829699
46.52	-122.46	34	9.6252508	0.8126	3.102458831	4184.41889	3.642272344
46.89	-120.39	45	9.7773581	1.0755	3.126876732	4211.037668	3.613829699
46.61	-119.12	76	9.7773581	1.8164	3.126876732	4211.037668	3.613829699
46.37	-119.29	54	9.543684	1.2906	3.089285354	4170.1447	3.657803894
46.36	-119.27	63	9.543684	1.5057	3.089285354	4170.1447	3.657803894
46.36	-119.27	66	9.543684	1.5774	3.089285354	4170.1447	3.657803894
46.43	-119.28	59	9.543684	1.4101	3.089285354	4170.1447	3.657803894
46.44	-119.4	65	9.543684	1.5535	3.089285354	4170.1447	3.657803894
45.86	-120.67	48	9.5405912	1.1472	3.088784745	4169.60346	3.658396727
47.07	-122.22	17	9.7773581	0.4063	3.126876732	4211.037668	3.613829699
46.55	-122.31	26	9.6252508	0.6214	3.102458831	4184.41889	3.642272344
46.78	-122.26	33	9.7773581	0.7887	3.126876732	4211.037668	3.613829699
45.71	-121.46	56	9.5560369	1.3384	3.091284021	4172.306458	3.655438945
45.71	-121.31	53	9.5560369	1.2667	3.091284021	4172.306458	3.655438945
46.6	-120.35	76	9.7773581	1.8164	3.126876732	4211.037668	3.613829699
46.52	-120.01	52	9.6252508	1.2428	3.102458831	4184.41889	3.642272344
46.42	-120.12	69	9.543684	1.6491	3.089285354	4170.1447	3.657803894
46.42	-120.12	78	9.543684	1.8642	3.089285354	4170.1447	3.657803894
46.48	-120.26	51	9.6252508	1.2189	3.102458831	4184.41889	3.642272344
48.43	-119.52	53	9.7773581	1.2667	3.126876732	4211.037668	3.613829699
46.78	-120.67	58	9.7773581	1.3862	3.126876732	4211.037668	3.613829699
46.55	-120.67	50	9.6252508	1.195	3.102458831	4184.41889	3.642272344
46.55	-120.67	94	9.6252508	2.2466	3.102458831	4184.41889	3.642272344
46.53	-120.2	65	9.6252508	1.5535	3.102458831	4184.41889	3.642272344
46.27	-119.45	293	9.5389538	7.0027	3.088519678	4169.316915	3.658710703
45.73	-121.8	265	9.5560369	6.3335	3.091284021	4172.306458	3.655438945
46.53	-120.33	66	9.6252508	1.5774	3.102458831	4184.41889	3.642272344
46.14	-119.63	55	9.5399418	1.3145	3.088679621	4169.489815	3.658521241
46.25	-119.4	68	9.546627	1.6252	3.089761641	4170.659725	3.657240044
45.82	-121.13	51	9.544672	1.2189	3.089445258	4170.3176	3.657614574
45.96	-119.88	77	9.5455904	1.8403	3.089593889	4170.47832	3.657438617
47.71	-121.14	99	9.7773581	2.3661	3.126876732	4211.037668	3.613829699
47.71	-121.14	114	9.7773581	2.7246	3.126876732	4211.037668	3.613829699
47.43	-121.41	43	9.7773581	1.0277	3.126876732	4211.037668	3.613829699
46.65	-121.28	107	9.7773581	2.5573	3.126876732	4211.037668	3.613829699
45.81	-121.95	91	9.544672	2.1749	3.089445258	4170.3176	3.657614574
46.67	-121.03	87	9.7773581	2.0793	3.126876732	4211.037668	3.613829699
46.75	-120.64	46	9.7773581	1.0994	3.126876732	4211.037668	3.613829699
47.01	-121.7	46	9.7773581	1.0994	3.126876732	4211.037668	3.613829699
46.04	-119.64	38	9.5455904	0.9082	3.089593889	4170.47832	3.657438617
46.04	-119.64	51	9.5455904	1.2189	3.089593889	4170.47832	3.657438617
45.92	-120.19	43	9.5405912	1.0277	3.088784745	4169.60346	3.658396727
45.92	-120.19	78	9.5405912	1.8642	3.088784745	4169.60346	3.658396727
45.88	-122.45	41	9.5405912	0.9799	3.088784745	4169.60346	3.658396727
45.84	-122.53	40	9.544672	0.956	3.089445258	4170.3176	3.657614574
45.94	-122.71	37	9.5405912	0.8843	3.088784745	4169.60346	3.658396727
47	-119.53	79	9.7773581	1.8881	3.126876732	4211.037668	3.613829699
45.99	-120.38	59	9.5455904	1.4101	3.089593889	4170.47832	3.657438617
45.99	-120.38	65	9.5455904	1.5535	3.089593889	4170.47832	3.657438617
45.99	-120.38	104	9.5455904	2.4856	3.089593889	4170.47832	3.657438617
47.45	-120.36	46	9.7773581	1.0994	3.126876732	4211.037668	3.613829699
46.46	-120.23	52	9.6252508	1.2428	3.102458831	4184.41889	3.642272344
46.6	-120.38	41	9.7773581	0.9799	3.126876732	4211.037668	3.613829699
45.83	-120.82	55	9.544672	1.3145	3.089445258	4170.3176	3.657614574
45.83	-120.82	71	9.544672	1.6969	3.089445258	4170.3176	3.657614574
45.76	-120.53	52	9.544672	1.2428	3.089445258	4170.3176	3.657614574
46.54	-122.48	31	9.6252508	0.7409	3.102458831	4184.41889	3.642272344
45.9	-122.66	41	9.5405912	0.9799	3.088784745	4169.60346	3.658396727
45.61	-122.13	56	9.5370016	1.3384	3.08820362	4168.97528	3.659085148
45.61	-122.13	72	9.5370016	1.7208	3.08820362	4168.97528	3.659085148
45.88	-120.93	39	9.5405912	0.9321	3.088784745	4169.60346	3.658396727
45.89	-122.5	51	9.5405912	1.2189	3.088784745	4169.60346	3.658396727
45.7	-121.41	58	9.5560369	1.3862	3.091284021	4172.306458	3.655438945
45.74	-121.18	53	9.5560369	1.2667	3.091284021	4172.306458	3.655438945
45.7	-120.92	44	9.5560369	1.0516	3.091284021	4172.306458	3.655438945
45.61	-122.18	37	9.5370016	0.8843	3.08820362	4168.97528	3.659085148
45.61	-122.18	38	9.5370016	0.9082	3.08820362	4168.97528	3.659085148
46.33	-120.78	73	9.5389538	1.7447	3.088519678	4169.316915	3.658710703
46.53	-122.55	38	9.6252508	0.9082	3.102458831	4184.41889	3.642272344
45.7	-121.24	41	9.5560369	0.9799	3.091284021	4172.306458	3.655438945
47.11	-120.68	35	9.7773581	0.8365	3.126876732	4211.037668	3.613829699
46.53	-122.56	30	9.6252508	0.717	3.102458831	4184.41889	3.642272344
46.28	-120	92	9.5389538	2.1988	3.088519678	4169.316915	3.658710703
46.73	-120.76	35	9.7773581	0.8365	3.126876732	4211.037668	3.613829699
45.7	-121.42	51	9.5560369	1.2189	3.091284021	4172.306458	3.655438945
46.67	-120.6	57	9.7773581	1.3623	3.126876732	4211.037668	3.613829699
45.88	-120.69	75	9.5405912	1.7925	3.088784745	4169.60346	3.658396727
45.88	-120.69	76	9.5405912	1.8164	3.088784745	4169.60346	3.658396727
46.68	-120.75	108	9.7773581	2.5812	3.126876732	4211.037668	3.613829699
46.3	-122.87	22	9.5389538	0.5258	3.088519678	4169.316915	3.658710703
46.57	-123.03	46	9.7773581	1.0994	3.126876732	4211.037668	3.613829699
47.16	-119.32	59	9.7773581	1.4101	3.126876732	4211.037668	3.613829699
47.16	-119.32	80	9.7773581	1.912	3.126876732	4211.037668	3.613829699
46.51	-122.49	45	9.6252508	1.0755	3.102458831	4184.41889	3.642272344
45.71	-121.87	47	9.5560369	1.1233	3.091284021	4172.306458	3.655438945
45.82	-120.82	30	9.544672	0.717	3.089445258	4170.3176	3.657614574
45.74	-121.12	61	9.5560369	1.4579	3.091284021	4172.306458	3.655438945
45.73	-121.11	58	9.5560369	1.3862	3.091284021	4172.306458	3.655438945
45.61	-122.13	66	9.5370016	1.5774	3.08820362	4168.97528	3.659085148
45.61	-122.13	58	9.5370016	1.3862	3.08820362	4168.97528	3.659085148
46.82	-120.66	33	9.7773581	0.7887	3.126876732	4211.037668	3.613829699
46.55	-122.58	38	9.6252508	0.9082	3.102458831	4184.41889	3.642272344
45.73	-122.41	43	9.5560369	1.0277	3.091284021	4172.306458	3.655438945
45.94	-120.97	49	9.5405912	1.1711	3.088784745	4169.60346	3.658396727
46.44	-120.2	65	9.543684	1.5535	3.089285354	4170.1447	3.657803894
45.74	-120.23	85	9.5560369	2.0315	3.091284021	4172.306458	3.655438945
48.69	-119.5	73	9.57864	1.7447	3.094937802	4176.262	3.651123454
45.6	-122.4	50	9.5370016	1.195	3.08820362	4168.97528	3.659085148
45.64	-122.44	49	9.5370016	1.1711	3.08820362	4168.97528	3.659085148
46.55	-121.79	9	9.6252508	0.2151	3.102458831	4184.41889	3.642272344
46.73	-121.85	43	9.7773581	1.0277	3.126876732	4211.037668	3.613829699
45.64	-121.98	69	9.5370016	1.6491	3.08820362	4168.97528	3.659085148
45.65	-121.95	189	9.5370016	4.5171	3.08820362	4168.97528	3.659085148
45.65	-121.96	120	9.5370016	2.868	3.08820362	4168.97528	3.659085148
46.71	-121.58	73	9.7773581	1.7447	3.126876732	4211.037668	3.613829699
46.62	-121.69	69	9.7773581	1.6491	3.126876732	4211.037668	3.613829699
46.52	-121.94	72	9.6252508	1.7208	3.102458831	4184.41889	3.642272344
46.27	-122.24	36	9.5389538	0.8604	3.088519678	4169.316915	3.658710703
46.17	-122.27	44	9.546627	1.0516	3.089761641	4170.659725	3.657240044
46.53	-122.84	36	9.6252508	0.8604	3.102458831	4184.41889	3.642272344
46.54	-122.85	36	9.6252508	0.8604	3.102458831	4184.41889	3.642272344
47.57	-120.16	24	9.7773581	0.5736	3.126876732	4211.037668	3.613829699
46.62	-122.23	29	9.7773581	0.6931	3.126876732	4211.037668	3.613829699
46.43	-120.18	43	9.543684	1.0277	3.089285354	4170.1447	3.657803894
46.73	-120.78	52	9.7773581	1.2428	3.126876732	4211.037668	3.613829699
45.71	-121.88	33	9.5560369	0.7887	3.091284021	4172.306458	3.655438945
46.41	-120.08	63	9.543684	1.5057	3.089285354	4170.1447	3.657803894
46.41	-120.08	67	9.543684	1.6013	3.089285354	4170.1447	3.657803894
45.77	-122.2	56	9.544672	1.3384	3.089445258	4170.3176	3.657614574
45.77	-122.2	68	9.544672	1.6252	3.089445258	4170.3176	3.657614574
45.77	-122.19	65	9.544672	1.5535	3.089445258	4170.3176	3.657614574
45.77	-122.22	64	9.544672	1.5296	3.089445258	4170.3176	3.657614574
45.77	-122.2	46	9.544672	1.0994	3.089445258	4170.3176	3.657614574
45.77	-122.2	69	9.544672	1.6491	3.089445258	4170.3176	3.657614574
45.77	-122.2	68	9.544672	1.6252	3.089445258	4170.3176	3.657614574
45.77	-122.2	43	9.544672	1.0277	3.089445258	4170.3176	3.657614574
45.77	-122.2	81	9.544672	1.9359	3.089445258	4170.3176	3.657614574
45.77	-122.2	64	9.544672	1.5296	3.089445258	4170.3176	3.657614574
45.78	-122.2	42	9.544672	1.0038	3.089445258	4170.3176	3.657614574
46.53	-122.82	37	9.6252508	0.8843	3.102458831	4184.41889	3.642272344
46.54	-122.82	29	9.6252508	0.6931	3.102458831	4184.41889	3.642272344
46.54	-122.82	31	9.6252508	0.7409	3.102458831	4184.41889	3.642272344
46.53	-122.83	36	9.6252508	0.8604	3.102458831	4184.41889	3.642272344
46.53	-122.83	39	9.6252508	0.9321	3.102458831	4184.41889	3.642272344
46.54	-122.62	20	9.6252508	0.478	3.102458831	4184.41889	3.642272344
45.76	-121.54	27	9.544672	0.6453	3.089445258	4170.3176	3.657614574
45.76	-121.54	34	9.544672	0.8126	3.089445258	4170.3176	3.657614574
46.63	-120.41	52	9.7773581	1.2428	3.126876732	4211.037668	3.613829699
45.71	-121.89	49	9.5560369	1.1711	3.091284021	4172.306458	3.655438945
47.12	-120.68	40	9.7773581	0.956	3.126876732	4211.037668	3.613829699
45.91	-121.05	49	9.5405912	1.1711	3.088784745	4169.60346	3.658396727
45.67	-122.38	36	9.5560369	0.8604	3.091284021	4172.306458	3.655438945
45.77	-121.12	43	9.544672	1.0277	3.089445258	4170.3176	3.657614574
46.62	-120.41	38	9.7773581	0.9082	3.126876732	4211.037668	3.613829699
47.24	-120.01	41	9.7773581	0.9799	3.126876732	4211.037668	3.613829699
47.24	-120.01	51	9.7773581	1.2189	3.126876732	4211.037668	3.613829699
45.82	-122.46	60	9.544672	1.434	3.089445258	4170.3176	3.657614574
46.83	-120.21	61	9.7773581	1.4579	3.126876732	4211.037668	3.613829699
46.83	-120.21	51	9.7773581	1.2189	3.126876732	4211.037668	3.613829699
39.51	-119.75	89.1	16.215477	2.12949	4.026844546	5337.708475	2.806167427
43.33	-119.57	276.1	9.4671307	6.59879	3.076870277	4156.747873	3.672563021
43.31	-119.54	100.4	9.4671307	2.39956	3.076870277	4156.747873	3.672563021
43.35	-119.67	338.9	9.4671307	8.09971	3.076870277	4156.747873	3.672563021
43.49	-119.54	133.9	9.5357075	3.20021	3.08799409	4168.748813	3.659333428
43.15	-119.72	92	9.2272873	2.1988	3.037645025	4114.775278	3.719986998
43.11	-119.73	113	8.97577	2.7007	2.995958945	4070.75975	3.771747279
40.42	-119.41	622.4	16.524179	14.87536	4.064994342	5391.731325	2.779831668
40.42	-119.4	254.8	16.524179	6.08972	4.064994342	5391.731325	2.779831668
40.37	-119.4	366.8	16.524179	8.76652	4.064994342	5391.731325	2.779831668
40.36	-119.4	311.5	16.524179	7.44485	4.064994342	5391.731325	2.779831668
40.36	-119.41	401.9	16.524179	9.60541	4.064994342	5391.731325	2.779831668
40.35	-119.36	462.8	16.524179	11.06092	4.064994342	5391.731325	2.779831668
40.35	-119.4	180.5	16.524179	4.31395	4.064994342	5391.731325	2.779831668
40.4	-119.4	5832	16.524179	139.3848	4.064994342	5391.731325	2.779831668
40.4	-119.4	1901.8	16.524179	45.45302	4.064994342	5391.731325	2.779831668
40.4	-119.41	1575	16.524179	37.6425	4.064994342	5391.731325	2.779831668
40.4	-119.4	262.1	16.524179	6.26419	4.064994342	5391.731325	2.779831668
40.41	-119.4	5374.8	16.524179	128.45772	4.064994342	5391.731325	2.779831668
39.86	-119.01	127.4	16.215477	3.04486	4.026844546	5337.708475	2.806167427
44.79	-122.57	56.96	9.8749847	1.361344	3.142448838	4228.122323	3.59592171
44.4	-122.51	49.96	9.8749847	1.194044	3.142448838	4228.122323	3.59592171
44.75	-122.39	40.89	9.8749847	0.977271	3.142448838	4228.122323	3.59592171
44.4	-122.49	43.96	9.8749847	1.050644	3.142448838	4228.122323	3.59592171
44.12	-122.41	51.96	9.8749847	1.241844	3.142448838	4228.122323	3.59592171
44.75	-122.62	50.02	9.8749847	1.195478	3.142448838	4228.122323	3.59592171
44.59	-122.37	47.96	9.8749847	1.146244	3.142448838	4228.122323	3.59592171
44.12	-122.45	43.96	9.8749847	1.050644	3.142448838	4228.122323	3.59592171
44.11	-122.43	53.96	9.8749847	1.289644	3.142448838	4228.122323	3.59592171
39.91	-119.22	380.4	16.215477	9.09156	4.026844546	5337.708475	2.806167427
39.95	-119.2	58.2	16.215477	1.39098	4.026844546	5337.708475	2.806167427
39.95	-119	81.9	16.215477	1.95741	4.026844546	5337.708475	2.806167427
39.95	-119.02	122.9	16.215477	2.93731	4.026844546	5337.708475	2.806167427
39.96	-119.1	191.1	16.215477	4.56729	4.026844546	5337.708475	2.806167427
39.96	-119.07	254.8	16.215477	6.08972	4.026844546	5337.708475	2.806167427
39.96	-119.06	116.5	16.215477	2.78435	4.026844546	5337.708475	2.806167427
39.96	-119.04	218.4	16.215477	5.21976	4.026844546	5337.708475	2.806167427
39.96	-119.25	327.6	16.215477	7.82964	4.026844546	5337.708475	2.806167427
39.97	-119.01	196.6	16.215477	4.69874	4.026844546	5337.708475	2.806167427
39.97	-119.05	318.5	16.215477	7.61215	4.026844546	5337.708475	2.806167427
39.98	-119.02	262.1	16.215477	6.26419	4.026844546	5337.708475	2.806167427
39.98	-119.02	262.1	16.215477	6.26419	4.026844546	5337.708475	2.806167427
39.98	-119.11	122.9	16.215477	2.93731	4.026844546	5337.708475	2.806167427
39.99	-119.03	294.8	16.215477	7.04572	4.026844546	5337.708475	2.806167427
39.99	-119.05	318.5	16.215477	7.61215	4.026844546	5337.708475	2.806167427
39.99	-119.29	72.8	16.215477	1.73992	4.026844546	5337.708475	2.806167427
39.99	-119.03	294.8	16.215477	7.04572	4.026844546	5337.708475	2.806167427
39.99	-119.02	294.8	16.215477	7.04572	4.026844546	5337.708475	2.806167427
39.99	-119.01	262.1	16.215477	6.26419	4.026844546	5337.708475	2.806167427
40	-119.17	136.5	16.215477	3.26235	4.026844546	5337.708475	2.806167427
40	-119.05	318.5	16.215477	7.61215	4.026844546	5337.708475	2.806167427
44.31	-122.12	108.8	9.8749847	2.60032	3.142448838	4228.122323	3.59592171
46.74	-121.51	118.8	9.7773581	2.83932	3.126876732	4211.037668	3.613829699
46.71	-121.48	42.3	9.7773581	1.01097	3.126876732	4211.037668	3.613829699
46.71	-121.55	45.2	9.7773581	1.08028	3.126876732	4211.037668	3.613829699
44.16	-122.25	66.9	9.8749847	1.59891	3.142448838	4228.122323	3.59592171
46.68	-121.45	156.9	9.7773581	3.74991	3.126876732	4211.037668	3.613829699
46.66	-121.51	66.9	9.7773581	1.59891	3.126876732	4211.037668	3.613829699
46.67	-121.57	41.4	9.7773581	0.98946	3.126876732	4211.037668	3.613829699
38.76	-119.15	351.6	16.215477	8.40324	4.026844546	5337.708475	2.806167427
40.41	-119.4	356.7	16.524179	8.52513	4.064994342	5391.731325	2.779831668
40.39	-119.4	2918	16.524179	69.7402	4.064994342	5391.731325	2.779831668
45.45	-121.16	42	9.5407829	1.0038	3.088815776	4169.637008	3.658359973
40.39	-119.4	1397.6	16.524179	33.40264	4.064994342	5391.731325	2.779831668
40.4	-119.4	5446.4	16.524179	130.16896	4.064994342	5391.731325	2.779831668
40.41	-119.41	8420.4	16.524179	201.24756	4.064994342	5391.731325	2.779831668
40.41	-119.4	3670.4	16.524179	87.72256	4.064994342	5391.731325	2.779831668
40.41	-119.39	1563.7	16.524179	37.37243	4.064994342	5391.731325	2.779831668
40.46	-119.42	131	16.524179	3.1309	4.064994342	5391.731325	2.779831668
40.45	-119.42	127.4	16.524179	3.04486	4.064994342	5391.731325	2.779831668
43.55	-119.95	203.8	9.5357075	4.87082	3.08799409	4168.748813	3.659333428
43.55	-119.95	171	9.5357075	4.0869	3.08799409	4168.748813	3.659333428
43.74	-121.29	120.4	9.5827484	2.87756	3.09560146	4176.98097	3.6503407
43.74	-121.29	208.6	9.5827484	4.98554	3.09560146	4176.98097	3.6503407
38.94	-122.97	92	17.939177	2.1988	4.235466562	5639.355975	2.667946927
38.78	-122.7	502	17.580811	11.9978	4.19294777	5576.641925	2.695001374
38.78	-122.7	658	17.580811	15.7262	4.19294777	5576.641925	2.695001374
38.79	-122.7	402	17.580811	9.6078	4.19294777	5576.641925	2.695001374
38.79	-122.7	367	17.580811	8.7713	4.19294777	5576.641925	2.695001374
38.78	-122.69	372	17.580811	8.8908	4.19294777	5576.641925	2.695001374
38.78	-122.69	367.1	17.580811	8.77369	4.19294777	5576.641925	2.695001374
38.86	-122.89	155	17.834578	3.7045	4.22310052	5621.05115	2.675759184
38.87	-122.87	84	17.834578	2.0076	4.22310052	5621.05115	2.675759184
38.89	-122.92	156	17.834578	3.7284	4.22310052	5621.05115	2.675759184
38.88	-122.95	156	17.834578	3.7284	4.22310052	5621.05115	2.675759184
38.87	-122.9	151	17.834578	3.6089	4.22310052	5621.05115	2.675759184
38.87	-122.9	145	17.834578	3.4655	4.22310052	5621.05115	2.675759184
38.85	-122.92	163	17.834578	3.8957	4.22310052	5621.05115	2.675759184
38.85	-122.92	172.5	17.834578	4.12275	4.22310052	5621.05115	2.675759184
38.86	-122.9	234	17.834578	5.5926	4.22310052	5621.05115	2.675759184
38.87	-122.92	133	17.834578	3.1787	4.22310052	5621.05115	2.675759184
38.92	-122.95	117	17.834578	2.7963	4.22310052	5621.05115	2.675759184
38.9	-122.91	92	17.834578	2.1988	4.22310052	5621.05115	2.675759184
38.92	-122.8	42	17.834578	1.0038	4.22310052	5621.05115	2.675759184
38.9	-122.8	96	17.834578	2.2944	4.22310052	5621.05115	2.675759184
38.8	-122.68	113	17.580811	2.7007	4.19294777	5576.641925	2.695001374
40.44	-119.41	149.2	16.524179	3.56588	4.064994342	5391.731325	2.779831668
40.44	-119.41	262	16.524179	6.2618	4.064994342	5391.731325	2.779831668
40.44	-119.41	152.8	16.524179	3.65192	4.064994342	5391.731325	2.779831668
40.44	-119.41	152.8	16.524179	3.65192	4.064994342	5391.731325	2.779831668
40.44	-119.42	127.4	16.524179	3.04486	4.064994342	5391.731325	2.779831668
40.36	-119.39	211	16.524179	5.0429	4.064994342	5391.731325	2.779831668
40.43	-119.41	127.4	16.524179	3.04486	4.064994342	5391.731325	2.779831668
40.43	-119.4	229.2	16.524179	5.47788	4.064994342	5391.731325	2.779831668
40.44	-119.39	116.4	16.524179	2.78196	4.064994342	5391.731325	2.779831668
40.45	-119.4	102	16.524179	2.4378	4.064994342	5391.731325	2.779831668
40.44	-119.4	206.3	16.524179	4.93057	4.064994342	5391.731325	2.779831668
40.45	-119.4	150.7	16.524179	3.60173	4.064994342	5391.731325	2.779831668
40.46	-119.41	222	16.524179	5.3058	4.064994342	5391.731325	2.779831668
40.34	-119.39	178.4	16.524179	4.26376	4.064994342	5391.731325	2.779831668
39.72	-119.02	76.4	16.215477	1.82596	4.026844546	5337.708475	2.806167427
40.34	-119.43	189.2	16.524179	4.52188	4.064994342	5391.731325	2.779831668
40.38	-119.4	1674.4	16.524179	40.01816	4.064994342	5391.731325	2.779831668
40.41	-119.43	75.7	16.524179	1.80923	4.064994342	5391.731325	2.779831668
40.42	-119.43	98.2	16.524179	2.34698	4.064994342	5391.731325	2.779831668
40.42	-119.41	258.4	16.524179	6.17576	4.064994342	5391.731325	2.779831668
40.44	-119.43	100	16.524179	2.39	4.064994342	5391.731325	2.779831668
40.35	-119.42	203.8	16.524179	4.87082	4.064994342	5391.731325	2.779831668
40.39	-119.41	1820	16.524179	43.498	4.064994342	5391.731325	2.779831668
40.36	-119.42	455	16.524179	10.8745	4.064994342	5391.731325	2.779831668
40.36	-119.43	167	16.524179	3.9913	4.064994342	5391.731325	2.779831668
40.38	-119.44	1528.8	16.524179	36.53832	4.064994342	5391.731325	2.779831668
40.39	-119.44	1019.2	16.524179	24.35888	4.064994342	5391.731325	2.779831668
40.39	-119.44	1820	16.524179	43.498	4.064994342	5391.731325	2.779831668
40.34	-119.42	145.6	16.524179	3.47984	4.064994342	5391.731325	2.779831668
40.34	-119.4	225.6	16.524179	5.39184	4.064994342	5391.731325	2.779831668
40.37	-119.39	200.2	16.524179	4.78478	4.064994342	5391.731325	2.779831668
39.54	-119.74	115.5	16.215477	2.76045	4.026844546	5337.708475	2.806167427
40.36	-119.39	189.2	16.524179	4.52188	4.064994342	5391.731325	2.779831668
40.33	-119.41	216.9	16.524179	5.18391	4.064994342	5391.731325	2.779831668
40.39	-119.4	491.4	16.524179	11.74446	4.064994342	5391.731325	2.779831668
40.38	-119.39	143.3	16.524179	3.42487	4.064994342	5391.731325	2.779831668
40.38	-119.39	446.4	16.524179	10.66896	4.064994342	5391.731325	2.779831668
40.38	-119.39	204.8	16.524179	4.89472	4.064994342	5391.731325	2.779831668
40.38	-119.4	632.2	16.524179	15.10958	4.064994342	5391.731325	2.779831668
40.38	-119.39	229.3	16.524179	5.48027	4.064994342	5391.731325	2.779831668
40.37	-119.38	134.3	16.524179	3.20977	4.064994342	5391.731325	2.779831668
40.39	-119.39	176.9	16.524179	4.22791	4.064994342	5391.731325	2.779831668
40.4	-119.39	159.5	16.524179	3.81205	4.064994342	5391.731325	2.779831668
40.38	-119.4	1870.2	16.524179	44.69778	4.064994342	5391.731325	2.779831668
40.41	-119.39	345.8	16.524179	8.26462	4.064994342	5391.731325	2.779831668
40.41	-119.39	98.7	16.524179	2.35893	4.064994342	5391.731325	2.779831668
40.38	-119.39	150.7	16.524179	3.60173	4.064994342	5391.731325	2.779831668
40.38	-119.39	235.8	16.524179	5.63562	4.064994342	5391.731325	2.779831668
45.66	-121.33	54	9.5560369	1.2906	3.091284021	4172.306458	3.655438945
43.75	-121.27	262.4	9.5827484	6.27136	3.09560146	4176.98097	3.6503407
45.03	-121.97	287	9.831625	6.8593	3.135542218	4220.534375	3.603842403
43.74	-121.29	137.2	9.5827484	3.27908	3.09560146	4176.98097	3.6503407
43.74	-121.29	191.8	9.5827484	4.58402	3.09560146	4176.98097	3.6503407
43.74	-121.29	238.4	9.5827484	5.69776	3.09560146	4176.98097	3.6503407
40.37	-119.4	277.6	16.524179	6.63464	4.064994342	5391.731325	2.779831668
41.74	-121.31	79	8.7112598	1.8881	2.951484338	4024.470465	3.828582064
41.72	-121.3	13.7	17.755274	0.32743	4.213700749	5607.17295	2.681728171
41.72	-121.3	544	17.755274	13.0016	4.213700749	5607.17295	2.681728171
38.78	-122.72	765	17.580811	18.2835	4.19294777	5576.641925	2.695001374
38.78	-122.7	437.9	17.580811	10.46581	4.19294777	5576.641925	2.695001374
38.77	-122.73	139	17.580811	3.3221	4.19294777	5576.641925	2.695001374
38.77	-122.72	1507	17.580811	36.0173	4.19294777	5576.641925	2.695001374
38.78	-122.69	418.6	17.580811	10.00454	4.19294777	5576.641925	2.695001374
42.23	-121.76	3526.4	8.7200031	84.28096	2.952965137	4026.000543	3.826662177
38.76	-122.67	232	17.580811	5.5448	4.19294777	5576.641925	2.695001374
38.76	-122.67	267	17.580811	6.3813	4.19294777	5576.641925	2.695001374
38.76	-122.68	438	17.580811	10.4682	4.19294777	5576.641925	2.695001374
38.77	-122.69	319	17.580811	7.6241	4.19294777	5576.641925	2.695001374
38.77	-122.66	207	17.580811	4.9473	4.19294777	5576.641925	2.695001374
43.8	-122.42	43	9.5827484	1.0277	3.09560146	4176.98097	3.6503407
38.77	-122.85	219	17.725136	5.2341	4.210123039	5601.8988	2.68400707
38.82	-122.87	270	17.725136	6.453	4.210123039	5601.8988	2.68400707
38.8	-122.89	248	17.725136	5.9272	4.210123039	5601.8988	2.68400707
38.8	-122.87	132	17.725136	3.1548	4.210123039	5601.8988	2.68400707
38.79	-122.84	177	17.725136	4.2303	4.210123039	5601.8988	2.68400707
38.78	-122.86	232	17.725136	5.5448	4.210123039	5601.8988	2.68400707
38.78	-122.8	154.7	17.725136	3.69733	4.210123039	5601.8988	2.68400707
38.78	-122.79	357	17.725136	8.5323	4.210123039	5601.8988	2.68400707
38.77	-122.79	198	17.725136	4.7322	4.210123039	5601.8988	2.68400707
38.77	-122.77	211.8	17.725136	5.06202	4.210123039	5601.8988	2.68400707
38.82	-122.89	193	17.834578	4.6127	4.22310052	5621.05115	2.675759184
42.23	-121.76	540	8.7200031	12.906	2.952965137	4026.000543	3.826662177
40.68	-119.36	222	16.676729	5.3058	4.083715098	5418.427575	2.767088234
39.79	-119.02	6023.6	16.215477	143.96404	4.026844546	5337.708475	2.806167427
40.88	-119.34	326	16.815744	7.7914	4.100700428	5442.7552	2.7556268
40.87	-119.33	502	16.815744	11.9978	4.100700428	5442.7552	2.7556268
40.7	-119.35	29	16.676729	0.6931	4.083715098	5418.427575	2.767088234
39.76	-119.01	1209.1	16.215477	28.89749	4.026844546	5337.708475	2.806167427
39.8	-119.01	5693.6	16.215477	136.07704	4.026844546	5337.708475	2.806167427
39.81	-119	7609.8	16.215477	181.87422	4.026844546	5337.708475	2.806167427
40.65	-119.39	565	16.676729	13.5035	4.083715098	5418.427575	2.767088234
39.78	-119.02	2763.2	16.215477	66.04048	4.026844546	5337.708475	2.806167427
39.78	-119.01	7730.8	16.215477	184.76612	4.026844546	5337.708475	2.806167427
40.65	-119.35	59	16.676729	1.4101	4.083715098	5418.427575	2.767088234
40.65	-119.37	318	16.676729	7.6002	4.083715098	5418.427575	2.767088234
40.66	-119.38	218	16.676729	5.2102	4.083715098	5418.427575	2.767088234
39.81	-119.02	568	16.215477	13.5752	4.026844546	5337.708475	2.806167427
40.65	-119.39	418	16.676729	9.9902	4.083715098	5418.427575	2.767088234
40.64	-119.41	79	16.676729	1.8881	4.083715098	5418.427575	2.767088234
39.78	-119.02	612.9	16.215477	14.64831	4.026844546	5337.708475	2.806167427
40.78	-119.34	502	16.815744	11.9978	4.100700428	5442.7552	2.7556268
38.78	-122.67	305	17.580811	7.2895	4.19294777	5576.641925	2.695001374
38.78	-122.66	196	17.580811	4.6844	4.19294777	5576.641925	2.695001374
38.77	-122.64	322	17.580811	7.6958	4.19294777	5576.641925	2.695001374
45.02	-122.01	119	9.831625	2.8441	3.135542218	4220.534375	3.603842403
45.02	-122.01	119	9.831625	2.8441	3.135542218	4220.534375	3.603842403
38.74	-122.69	231.6	17.580811	5.53524	4.19294777	5576.641925	2.695001374
38.74	-122.69	386.4	17.580811	9.23496	4.19294777	5576.641925	2.695001374
38.68	-122.55	213.2	17.50819	5.09548	4.18427891	5563.93325	2.700584794
38.68	-122.55	121.3	17.50819	2.89907	4.18427891	5563.93325	2.700584794
38.69	-122.61	94	17.50819	2.2466	4.18427891	5563.93325	2.700584794
38.69	-122.52	180	17.50819	4.302	4.18427891	5563.93325	2.700584794
38.69	-122.54	209	17.50819	4.9951	4.18427891	5563.93325	2.700584794
38.67	-122.58	130	17.50819	3.107	4.18427891	5563.93325	2.700584794
38.67	-122.56	130	17.50819	3.107	4.18427891	5563.93325	2.700584794
38.68	-122.55	192	17.50819	4.5888	4.18427891	5563.93325	2.700584794
38.68	-122.53	176	17.50819	4.2064	4.18427891	5563.93325	2.700584794
38.68	-122.53	151	17.50819	3.6089	4.18427891	5563.93325	2.700584794
38.69	-122.51	142	17.50819	3.3938	4.18427891	5563.93325	2.700584794
38.69	-122.51	176	17.50819	4.2064	4.18427891	5563.93325	2.700584794
38.68	-122.47	159	17.50819	3.8001	4.18427891	5563.93325	2.700584794
38.68	-122.5	113	17.50819	2.7007	4.18427891	5563.93325	2.700584794
38.67	-122.55	146	17.50819	3.4894	4.18427891	5563.93325	2.700584794
38.67	-122.5	418	17.50819	9.9902	4.18427891	5563.93325	2.700584794
38.67	-122.52	322	17.50819	7.6958	4.18427891	5563.93325	2.700584794
38.67	-122.54	117	17.50819	2.7963	4.18427891	5563.93325	2.700584794
38.66	-122.54	142	17.50819	3.3938	4.18427891	5563.93325	2.700584794
38.66	-122.55	109	17.50819	2.6051	4.18427891	5563.93325	2.700584794
38.65	-122.53	117	17.50819	2.7963	4.18427891	5563.93325	2.700584794
38.65	-122.52	109	17.50819	2.6051	4.18427891	5563.93325	2.700584794
38.65	-122.5	138	17.50819	3.2982	4.18427891	5563.93325	2.700584794
38.66	-122.49	172	17.50819	4.1108	4.18427891	5563.93325	2.700584794
38.66	-122.51	285	17.50819	6.8115	4.18427891	5563.93325	2.700584794
38.67	-122.47	188	17.50819	4.4932	4.18427891	5563.93325	2.700584794
38.64	-122.47	151	17.50819	3.6089	4.18427891	5563.93325	2.700584794
38.6	-122.47	105	17.370102	2.5095	4.167745434	5539.76785	2.711298034
38.56	-122.52	1565	17.370102	37.4035	4.167745434	5539.76785	2.711298034
38.55	-122.5	184	17.370102	4.3976	4.167745434	5539.76785	2.711298034
38.65	-122.51	146	17.50819	3.4894	4.18427891	5563.93325	2.700584794
38.66	-122.56	100	17.50819	2.39	4.18427891	5563.93325	2.700584794
38.66	-122.57	144.8	17.50819	3.46072	4.18427891	5563.93325	2.700584794
38.66	-122.58	84	17.50819	2.0076	4.18427891	5563.93325	2.700584794
38.67	-122.6	142	17.50819	3.3938	4.18427891	5563.93325	2.700584794
38.74	-122.56	100	17.580811	2.39	4.19294777	5576.641925	2.695001374
38.67	-122.57	138	17.50819	3.2982	4.18427891	5563.93325	2.700584794
38.62	-122.59	335	17.50819	8.0065	4.18427891	5563.93325	2.700584794
46.85	-122.26	18	9.7773581	0.4302	3.126876732	4211.037668	3.613829699
46.31	-119.76	54	9.5389538	1.2906	3.088519678	4169.316915	3.658710703
38.9	-122.86	245	17.834578	5.8555	4.22310052	5621.05115	2.675759184
38.86	-122.85	290	17.834578	6.931	4.22310052	5621.05115	2.675759184
38.86	-122.86	74	17.834578	1.7686	4.22310052	5621.05115	2.675759184
38.86	-122.88	270	17.834578	6.453	4.22310052	5621.05115	2.675759184
38.85	-122.9	225	17.834578	5.3775	4.22310052	5621.05115	2.675759184
38.85	-122.9	251	17.834578	5.9989	4.22310052	5621.05115	2.675759184
38.84	-122.88	194	17.834578	4.6366	4.22310052	5621.05115	2.675759184
38.85	-122.87	145	17.834578	3.4655	4.22310052	5621.05115	2.675759184
38.84	-122.86	509	17.834578	12.1651	4.22310052	5621.05115	2.675759184
38.87	-122.9	184	17.834578	4.3976	4.22310052	5621.05115	2.675759184
38.85	-122.84	390	17.725136	9.321	4.210123039	5601.8988	2.68400707
38.84	-122.83	315	17.725136	7.5285	4.210123039	5601.8988	2.68400707
38.9	-122.86	245	17.834578	5.8555	4.22310052	5621.05115	2.675759184
38.83	-122.84	300	17.725136	7.17	4.210123039	5601.8988	2.68400707
38.83	-122.85	392	17.725136	9.3688	4.210123039	5601.8988	2.68400707
38.83	-122.88	386.4	17.834578	9.23496	4.22310052	5621.05115	2.675759184
38.82	-122.86	412	17.725136	9.8468	4.210123039	5601.8988	2.68400707
38.84	-122.88	261	17.834578	6.2379	4.22310052	5621.05115	2.675759184
38.85	-122.81	277	17.725136	6.6203	4.210123039	5601.8988	2.68400707
38.86	-122.9	261	17.834578	6.2379	4.22310052	5621.05115	2.675759184
38.87	-122.86	200	17.834578	4.78	4.22310052	5621.05115	2.675759184
38.88	-122.85	196	17.834578	4.6844	4.22310052	5621.05115	2.675759184
38.87	-122.89	193	17.834578	4.6127	4.22310052	5621.05115	2.675759184
38.87	-122.88	216	17.834578	5.1624	4.22310052	5621.05115	2.675759184
38.87	-122.86	138	17.834578	3.2982	4.22310052	5621.05115	2.675759184
38.86	-122.83	116	17.725136	2.7724	4.210123039	5601.8988	2.68400707
41.84	-121.33	96	8.7181835	2.2944	2.952657024	4025.682113	3.827061494
42.21	-122.71	92	8.7200031	2.1988	2.952965137	4026.000543	3.826662177
42.21	-122.71	93	8.7200031	2.2227	2.952965137	4026.000543	3.826662177
45.25	-121.12	91	9.5008411	2.1749	3.082343443	4162.647193	3.666041831
38.75	-122.68	386	17.580811	9.2254	4.19294777	5576.641925	2.695001374
39	-122.65	375	17.725136	8.9625	4.210123039	5601.8988	2.68400707
45.86	-120.67	49	9.5405912	1.1711	3.088784745	4169.60346	3.658396727
46.78	-122.26	25	9.7773581	0.5975	3.126876732	4211.037668	3.613829699
40.6	-119.45	16	16.676729	0.3824	4.083715098	5418.427575	2.767088234
40.6	-119.45	21	16.676729	0.5019	4.083715098	5418.427575	2.767088234
39.79	-119.01	316.8	16.215477	7.57152	4.026844546	5337.708475	2.806167427
40.64	-119.41	59	16.676729	1.4101	4.083715098	5418.427575	2.767088234
39.79	-119.02	4206.4	16.215477	100.53296	4.026844546	5337.708475	2.806167427
40.66	-119.35	36	16.676729	0.8604	4.083715098	5418.427575	2.767088234
39.79	-119.02	1578.1	16.215477	37.71659	4.026844546	5337.708475	2.806167427
39.79	-119.02	3271.4	16.215477	78.18646	4.026844546	5337.708475	2.806167427
39.79	-119.01	1124.2	16.215477	26.86838	4.026844546	5337.708475	2.806167427
39.79	-119.01	2741.2	16.215477	65.51468	4.026844546	5337.708475	2.806167427
40.37	-119.4	1927.8	16.524179	46.07442	4.064994342	5391.731325	2.779831668
39.79	-119.01	237.6	16.215477	5.67864	4.026844546	5337.708475	2.806167427
46.89	-120.39	46	9.7773581	1.0994	3.126876732	4211.037668	3.613829699
46.61	-119.12	77	9.7773581	1.8403	3.126876732	4211.037668	3.613829699
43.16	-124.22	42	9.2272873	1.0038	3.037645025	4114.775278	3.719986998
43.15	-124.22	42	8.97577	1.0038	2.995958945	4070.75975	3.771747279
46.36	-119.27	64	9.543684	1.5296	3.089285354	4170.1447	3.657803894
46.43	-119.28	60	9.543684	1.434	3.089285354	4170.1447	3.657803894
46.44	-119.4	66	9.543684	1.5774	3.089285354	4170.1447	3.657803894
42.15	-121.68	59	8.7200031	1.4101	2.952965137	4026.000543	3.826662177
44.78	-121.98	879	9.8749847	21.0081	3.142448838	4228.122323	3.59592171
47.07	-122.22	23	9.7773581	0.5497	3.126876732	4211.037668	3.613829699
43.47	-119.86	117.6	9.5357075	2.81064	3.08799409	4168.748813	3.659333428
43.52	-119.72	105	9.5357075	2.5095	3.08799409	4168.748813	3.659333428
43.22	-119.25	88	9.2272873	2.1032	3.037645025	4114.775278	3.719986998
43.44	-119.02	42	9.5350513	1.0038	3.087887838	4168.633978	3.659459343
43.19	-119.89	84	9.2272873	2.0076	3.037645025	4114.775278	3.719986998
43.71	-119.93	63	9.5827484	1.5057	3.09560146	4176.98097	3.6503407
43.66	-119.94	63	9.5827484	1.5057	3.09560146	4176.98097	3.6503407
43.62	-120.47	83	9.5827484	1.9837	3.09560146	4176.98097	3.6503407
42.06	-121.62	42	8.7200031	1.0038	2.952965137	4026.000543	3.826662177
38.8	-122.71	146	17.725136	3.4894	4.210123039	5601.8988	2.68400707
44.45	-122.8	31	9.8749847	0.7409	3.142448838	4228.122323	3.59592171
40.91	-119.09	63	16.676729	1.5057	4.083715098	5418.427575	2.767088234
45.18	-121.07	97	9.5008411	2.3183	3.082343443	4162.647193	3.666041831
48.68	-126.87	60.8	5.5437579	1.45312	2.354518613	3470.157633	4.79928251
48.69	-126.87	63.7	5.5437579	1.52243	2.354518613	3470.157633	4.79928251
48.69	-126.87	59.6	5.5437579	1.42444	2.354518613	3470.157633	4.79928251
48.69	-126.87	53.9	5.5437579	1.28821	2.354518613	3470.157633	4.79928251
48.69	-126.88	68.9	5.5437579	1.64671	2.354518613	3470.157633	4.79928251
48.69	-126.86	53.3	5.5437579	1.27387	2.354518613	3470.157633	4.79928251
48.69	-126.87	57.6	5.5437579	1.37664	2.354518613	3470.157633	4.79928251
48.69	-126.88	61.5	5.5437579	1.46985	2.354518613	3470.157633	4.79928251
44.14	-122.02	126	9.8749847	3.0114	3.142448838	4228.122323	3.59592171
44.14	-122.02	126	9.8749847	3.0114	3.142448838	4228.122323	3.59592171
43.66	-119.08	74.6	9.5827484	1.78294	3.09560146	4176.98097	3.6503407
43.66	-119.08	75	9.5827484	1.7925	3.09560146	4176.98097	3.6503407
43.66	-119.08	74.3	9.5827484	1.77577	3.09560146	4176.98097	3.6503407
43.72	-119.09	84	9.8749847	2.0076	3.142448838	4228.122323	3.59592171
43.72	-119.09	83.9	9.8749847	2.00521	3.142448838	4228.122323	3.59592171
44.22	-122.05	78	9.8749847	1.8642	3.142448838	4228.122323	3.59592171
44.22	-122.05	78	9.8749847	1.8642	3.142448838	4228.122323	3.59592171
44.2	-122.03	117	9.8749847	2.7963	3.142448838	4228.122323	3.59592171
44.16	-122.09	109	9.8749847	2.6051	3.142448838	4228.122323	3.59592171
44.16	-122.09	109	9.8749847	2.6051	3.142448838	4228.122323	3.59592171
45.84	-119.67	113	9.544672	2.7007	3.089445258	4170.3176	3.657614574
38.91	-122.77	246	17.725136	5.8794	4.210123039	5601.8988	2.68400707
38.81	-122.68	81	17.580811	1.9359	4.19294777	5576.641925	2.695001374
39	-122.67	256	17.725136	6.1184	4.210123039	5601.8988	2.68400707
45.73	-122.44	46	9.5560369	1.0994	3.091284021	4172.306458	3.655438945
38.75	-122.65	246	17.580811	5.8794	4.19294777	5576.641925	2.695001374
41.19	-120.95	96	18.00329	2.2944	4.2430284	5650.57575	2.663192167
41.21	-119.06	157	16.815744	3.7523	4.100700428	5442.7552	2.7556268
40.88	-119.1	70	16.676729	1.673	4.083715098	5418.427575	2.767088234
40.87	-119.17	86	16.676729	2.0554	4.083715098	5418.427575	2.767088234
41.12	-120.95	289	18.00329	6.9071	4.2430284	5650.57575	2.663192167
41.09	-121	63	18.00329	1.5057	4.2430284	5650.57575	2.663192167
41.09	-121	88	18.00329	2.1032	4.2430284	5650.57575	2.663192167
41.11	-121.09	92	18.00329	2.1988	4.2430284	5650.57575	2.663192167
41.08	-119.02	95	16.815744	2.2705	4.100700428	5442.7552	2.7556268
41.11	-121.09	67	18.00329	1.6013	4.2430284	5650.57575	2.663192167
41.1	-121.19	44	18.00329	1.0516	4.2430284	5650.57575	2.663192167
41.1	-121.19	44	18.00329	1.0516	4.2430284	5650.57575	2.663192167
41.1	-121.19	88	18.00329	2.1032	4.2430284	5650.57575	2.663192167
41.09	-121.16	59	18.00329	1.4101	4.2430284	5650.57575	2.663192167
41.02	-119.06	81	16.676729	1.9359	4.083715098	5418.427575	2.767088234
41.17	-121.05	63	18.00329	1.5057	4.2430284	5650.57575	2.663192167
43.58	-120.01	136.8	9.5827484	3.26952	3.09560146	4176.98097	3.6503407
43.52	-120.03	170.7	9.5357075	4.07973	3.08799409	4168.748813	3.659333428
43.48	-120.1	99.4	9.5357075	2.37566	3.08799409	4168.748813	3.659333428
41.11	-121.11	92	18.00329	2.1988	4.2430284	5650.57575	2.663192167
40.91	-119.14	90	16.676729	2.151	4.083715098	5418.427575	2.767088234
45.71	-121.31	52	9.5560369	1.2428	3.091284021	4172.306458	3.655438945
39.03	-122.66	116	17.725136	2.7724	4.210123039	5601.8988	2.68400707
39.03	-122.66	370	17.725136	8.843	4.210123039	5601.8988	2.68400707
40.78	-119.34	294.8	16.815744	7.04572	4.100700428	5442.7552	2.7556268
40.87	-119.34	979.5	16.815744	23.41005	4.100700428	5442.7552	2.7556268
40.71	-119.33	25.5	16.676729	0.60945	4.083715098	5418.427575	2.767088234
40.76	-119.32	25.5	16.676729	0.60945	4.083715098	5418.427575	2.767088234
40.78	-119.36	866.3	16.815744	20.70457	4.100700428	5442.7552	2.7556268
40.9	-119.36	216.6	16.815744	5.17674	4.100700428	5442.7552	2.7556268
40.87	-119.27	124.9	16.815744	2.98511	4.100700428	5442.7552	2.7556268
40.81	-119.22	79	16.676729	1.8881	4.083715098	5418.427575	2.767088234
40.84	-119.24	221.7	16.676729	5.29863	4.083715098	5418.427575	2.767088234
40.92	-119.37	51	16.815744	1.2189	4.100700428	5442.7552	2.7556268
40.93	-119.4	51	16.951086	1.2189	4.117169659	5466.44005	2.744603924
40.69	-119.3	51	16.676729	1.2189	4.083715098	5418.427575	2.767088234
40.87	-119.23	114.7	16.815744	2.74133	4.100700428	5442.7552	2.7556268
40.73	-119.25	33.1	16.676729	0.79109	4.083715098	5418.427575	2.767088234
40.77	-119.25	56.1	16.676729	1.34079	4.083715098	5418.427575	2.767088234
40.8	-119.29	30.6	16.676729	0.73134	4.083715098	5418.427575	2.767088234
40.78	-119.3	25.5	16.676729	0.60945	4.083715098	5418.427575	2.767088234
40.81	-119.34	53.5	16.815744	1.27865	4.100700428	5442.7552	2.7556268
44.8	-121.91	181	9.8749847	4.3259	3.142448838	4228.122323	3.59592171
44.8	-121.91	181	9.8749847	4.3259	3.142448838	4228.122323	3.59592171
42.02	-123.84	46	8.7200031	1.0994	2.952965137	4026.000543	3.826662177
44.6	-122.06	96	9.8749847	2.2944	3.142448838	4228.122323	3.59592171
42.19	-120.34	141	8.7200031	3.3699	2.952965137	4026.000543	3.826662177
48.67	-126.85	59.5	5.752306	1.42205	2.398396548	3506.65355	4.711481098
48.67	-126.85	60.7	5.752306	1.45073	2.398396548	3506.65355	4.711481098
48.67	-126.85	58	5.752306	1.3862	2.398396548	3506.65355	4.711481098
48.67	-126.85	57.6	5.752306	1.37664	2.398396548	3506.65355	4.711481098
48.67	-126.85	57.4	5.752306	1.37186	2.398396548	3506.65355	4.711481098
48.67	-126.85	55.6	5.752306	1.32884	2.398396548	3506.65355	4.711481098
48.67	-126.85	56.5	5.752306	1.35035	2.398396548	3506.65355	4.711481098
48.67	-126.85	58	5.752306	1.3862	2.398396548	3506.65355	4.711481098
48.67	-126.85	55.8	5.752306	1.33362	2.398396548	3506.65355	4.711481098
48.67	-126.85	61.5	5.752306	1.46985	2.398396548	3506.65355	4.711481098
48.67	-126.85	57.4	5.752306	1.37186	2.398396548	3506.65355	4.711481098
48.67	-126.85	61.4	5.752306	1.46746	2.398396548	3506.65355	4.711481098
48.67	-126.85	37.5	5.752306	0.89625	2.398396548	3506.65355	4.711481098
48.67	-126.85	60.4	5.752306	1.44356	2.398396548	3506.65355	4.711481098
42.23	-121.76	1162	8.7200031	27.7718	2.952965137	4026.000543	3.826662177
42.64	-119.09	45	8.7200031	1.0755	2.952965137	4026.000543	3.826662177
39.16	-119.77	100	16.215477	2.39	4.026844546	5337.708475	2.806167427
45.36	-121.94	100	9.5483627	2.39	3.090042508	4170.963473	3.656907622
42.9	-121.99	481	8.5052891	11.4959	2.91638288	3988.425593	3.874662713
42.9	-121.99	481	8.5052891	11.4959	2.91638288	3988.425593	3.874662713
45.63	-121.36	49	9.5370016	1.1711	3.08820362	4168.97528	3.659085148
46.15	-123.88	40	9.5399418	0.956	3.088679621	4169.489815	3.658521241
46.6	-120.35	80	9.7773581	1.912	3.126876732	4211.037668	3.613829699
46.52	-120.01	54	9.6252508	1.2906	3.102458831	4184.41889	3.642272344
40.36	-119.4	309.4	16.524179	7.39466	4.064994342	5391.731325	2.779831668
40.38	-119.4	1510.6	16.524179	36.10334	4.064994342	5391.731325	2.779831668
40.42	-119.44	83.7	16.524179	2.00043	4.064994342	5391.731325	2.779831668
40.36	-119.42	498.7	16.524179	11.91893	4.064994342	5391.731325	2.779831668
40.38	-119.44	149.2	16.524179	3.56588	4.064994342	5391.731325	2.779831668
39.39	-119.71	217.9	16.215477	5.20781	4.026844546	5337.708475	2.806167427
38.76	-122.65	268	17.580811	6.4052	4.19294777	5576.641925	2.695001374
38.74	-122.66	277	17.580811	6.6203	4.19294777	5576.641925	2.695001374
38.73	-122.65	241	17.580811	5.7599	4.19294777	5576.641925	2.695001374
38.73	-122.66	209	17.580811	4.9951	4.19294777	5576.641925	2.695001374
38.73	-122.66	236	17.580811	5.6404	4.19294777	5576.641925	2.695001374
38.73	-122.65	161	17.580811	3.8479	4.19294777	5576.641925	2.695001374
38.99	-122.62	146	17.725136	3.4894	4.210123039	5601.8988	2.68400707
38.98	-122.62	136	17.725136	3.2504	4.210123039	5601.8988	2.68400707
39.01	-122.6	154	17.725136	3.6806	4.210123039	5601.8988	2.68400707
38.99	-122.65	146	17.725136	3.4894	4.210123039	5601.8988	2.68400707
39.03	-122.65	186	17.725136	4.4454	4.210123039	5601.8988	2.68400707
39.01	-122.64	241	17.725136	5.7599	4.210123039	5601.8988	2.68400707
38.99	-122.65	276	17.725136	6.5964	4.210123039	5601.8988	2.68400707
38.99	-122.63	607	17.725136	14.5073	4.210123039	5601.8988	2.68400707
38.99	-122.64	217	17.725136	5.1863	4.210123039	5601.8988	2.68400707
43.88	-122.37	112	9.5827484	2.6768	3.09560146	4176.98097	3.6503407
45.65	-123.17	18	9.5370016	0.4302	3.08820362	4168.97528	3.659085148
42.66	-119.74	28.8	8.7200031	0.68832	2.952965137	4026.000543	3.826662177
45.09	-122.09	41.8	9.68153	0.99902	3.111515708	4194.26775	3.631670562
44.8	-121.88	55.4	9.8749847	1.32406	3.142448838	4228.122323	3.59592171
44.45	-121.99	51.6	9.8749847	1.23324	3.142448838	4228.122323	3.59592171
44.46	-121.98	69	9.8749847	1.6491	3.142448838	4228.122323	3.59592171
44.41	-122.04	206	9.8749847	4.9234	3.142448838	4228.122323	3.59592171
39.03	-122.57	146	17.725136	3.4894	4.210123039	5601.8988	2.68400707
45.09	-122.25	88.7	9.68153	2.11993	3.111515708	4194.26775	3.631670562
45.03	-122.16	70.1	9.831625	1.67539	3.135542218	4220.534375	3.603842403
44.93	-122.15	20.9	9.8163719	0.49951	3.133108983	4217.865083	3.606641218
44.97	-122.14	34.2	9.831625	0.81738	3.135542218	4220.534375	3.603842403
45	-122.13	72.2	9.831625	1.72558	3.135542218	4220.534375	3.603842403
38.77	-122.97	204	17.834578	4.8756	4.22310052	5621.05115	2.675759184
42.09	-121.7	59	8.7200031	1.4101	2.952965137	4026.000543	3.826662177
39.7	-122.88	88	18.00329	2.1032	4.2430284	5650.57575	2.663192167
42.7	-120.57	515	8.7200031	12.3085	2.952965137	4026.000543	3.826662177
42.69	-120.57	515	8.7200031	12.3085	2.952965137	4026.000543	3.826662177
44.44	-122.12	113	9.8749847	2.7007	3.142448838	4228.122323	3.59592171
39.39	-119.78	397.7	16.215477	9.50503	4.026844546	5337.708475	2.806167427
45.9	-119.22	42	9.5405912	1.0038	3.088784745	4169.60346	3.658396727
39.6	-119.05	134	16.215477	3.2026	4.026844546	5337.708475	2.806167427
39.7	-119.1	31	16.215477	0.7409	4.026844546	5337.708475	2.806167427
39.53	-119	76	16.215477	1.8164	4.026844546	5337.708475	2.806167427
39.6	-119.1	130.5	16.215477	3.11895	4.026844546	5337.708475	2.806167427
43.8	-122.42	46	9.5827484	1.0994	3.09560146	4176.98097	3.6503407
44.06	-122.79	42	9.8100004	1.0038	3.132092017	4216.75007	3.607812267
42.2	-121.74	130	8.7200031	3.107	2.952965137	4026.000543	3.826662177
42.24	-120.36	1222	8.7200031	29.2058	2.952965137	4026.000543	3.826662177
40.38	-120.64	1400	17.370102	33.46	4.167745434	5539.76785	2.711298034
47.51	-121.35	64	9.7773581	1.5296	3.126876732	4211.037668	3.613829699
47.68	-121.65	32	9.7773581	0.7648	3.126876732	4211.037668	3.613829699
48.61	-120.38	73	9.57864	1.7447	3.094937802	4176.262	3.651123454
44.8	-124.06	34	9.8749847	0.8126	3.142448838	4228.122323	3.59592171
45.47	-121.2	63	9.5407829	1.5057	3.088815776	4169.637008	3.658359973
45.98	-121.62	77	9.5455904	1.8403	3.089593889	4170.47832	3.657438617
46.13	-121.77	61	9.5399418	1.4579	3.088679621	4169.489815	3.658521241
46.05	-121.75	84	9.5455904	2.0076	3.089593889	4170.47832	3.657438617
46.58	-119.52	64	9.7773581	1.5296	3.126876732	4211.037668	3.613829699
39.79	-119.01	1069.3	16.215477	25.55627	4.026844546	5337.708475	2.806167427
39.82	-119	923.3	16.215477	22.06687	4.026844546	5337.708475	2.806167427
40.65	-119.37	335	16.676729	8.0065	4.083715098	5418.427575	2.767088234
40.67	-119.37	2720	16.676729	65.008	4.083715098	5418.427575	2.767088234
39.8	-119.01	10234.4	16.215477	244.60216	4.026844546	5337.708475	2.806167427
39.78	-119.01	3088.8	16.215477	73.82232	4.026844546	5337.708475	2.806167427
39.79	-119.02	1184.8	16.215477	28.31672	4.026844546	5337.708475	2.806167427
41.75	-121.3	172	8.7112598	4.1108	2.951484338	4024.470465	3.828582064
40.32	-119.04	68.8	16.215477	1.64432	4.026844546	5337.708475	2.806167427
40.41	-119.02	63.7	16.215477	1.52243	4.026844546	5337.708475	2.806167427
40.17	-119.17	147.8	16.215477	3.53242	4.026844546	5337.708475	2.806167427
40.22	-119.2	203.8	16.215477	4.87082	4.026844546	5337.708475	2.806167427
40.5	-119.02	107	16.364212	2.5573	4.045270325	5363.7371	2.793385631
40.6	-119.09	73.9	16.364212	1.76621	4.045270325	5363.7371	2.793385631
40.26	-119.09	45.9	16.215477	1.09701	4.026844546	5337.708475	2.806167427
40.31	-119.13	71.3	16.215477	1.70407	4.026844546	5337.708475	2.806167427
40.38	-119.24	56.1	16.364212	1.34079	4.045270325	5363.7371	2.793385631
40.3	-119.23	81.5	16.364212	1.94785	4.045270325	5363.7371	2.793385631
40.4	-119.12	79	16.364212	1.8881	4.045270325	5363.7371	2.793385631
40.47	-119.12	91.7	16.364212	2.19163	4.045270325	5363.7371	2.793385631
40.49	-119.21	73.9	16.524179	1.76621	4.064994342	5391.731325	2.779831668
40.57	-119.18	40.8	16.524179	0.97512	4.064994342	5391.731325	2.779831668
37.51	-122.13	85	16.364212	2.0315	4.045270325	5363.7371	2.793385631
43.78	-121.46	13	9.5827484	0.3107	3.09560146	4176.98097	3.6503407
43.67	-120.02	8.8	9.5827484	0.21032	3.09560146	4176.98097	3.6503407
46.35	-121.59	115	9.543684	2.7485	3.089285354	4170.1447	3.657803894
46.34	-121.7	125	9.5389538	2.9875	3.088519678	4169.316915	3.658710703
46.35	-121.55	54	9.543684	1.2906	3.089285354	4170.1447	3.657803894
46.11	-121.32	64	9.5399418	1.5296	3.088679621	4169.489815	3.658521241
46.02	-121.6	26	9.5455904	0.6214	3.089593889	4170.47832	3.657438617
45.81	-121.95	156	9.544672	3.7284	3.089445258	4170.3176	3.657614574
46.72	-121.51	149	9.7773581	3.5611	3.126876732	4211.037668	3.613829699
46.39	-121.54	145	9.543684	3.4655	3.089285354	4170.1447	3.657803894
46.3	-121.71	75	9.5389538	1.7925	3.088519678	4169.316915	3.658710703
46.23	-121.66	85	9.546627	2.0315	3.089761641	4170.659725	3.657240044
46.2	-121.83	60	9.546627	1.434	3.089761641	4170.659725	3.657240044
45.8	-121.67	50	9.544672	1.195	3.089445258	4170.3176	3.657614574
48.77	-121.81	628	9.2849312	15.0092	3.047118508	4124.86296	3.70842157
48.77	-121.81	2990	9.2849312	71.461	3.047118508	4124.86296	3.70842157
46.65	-121.33	132	9.7773581	3.1548	3.126876732	4211.037668	3.613829699
46.14	-119.63	56	9.5399418	1.3384	3.088679621	4169.489815	3.658521241
46.25	-119.4	69	9.546627	1.6491	3.089761641	4170.659725	3.657240044
45.96	-119.88	78	9.5455904	1.8642	3.089593889	4170.47832	3.657438617
47.71	-121.14	138	9.7773581	3.2982	3.126876732	4211.037668	3.613829699
47.72	-121.12	98	9.7773581	2.3422	3.126876732	4211.037668	3.613829699
47.43	-121.41	49	9.7773581	1.1711	3.126876732	4211.037668	3.613829699
46.65	-121.28	111	9.7773581	2.6529	3.126876732	4211.037668	3.613829699
45.81	-121.95	106	9.544672	2.5334	3.089445258	4170.3176	3.657614574
47.03	-121.7	58	9.7773581	1.3862	3.126876732	4211.037668	3.613829699
45.92	-120.19	44	9.5405912	1.0516	3.088784745	4169.60346	3.658396727
42.22	-122.74	105	8.7200031	2.5095	2.952965137	4026.000543	3.826662177
42.2	-122.71	108	8.7200031	2.5812	2.952965137	4026.000543	3.826662177
42.22	-122.74	105	8.7200031	2.5095	2.952965137	4026.000543	3.826662177
42.22	-122.74	105	8.7200031	2.5095	2.952965137	4026.000543	3.826662177
42.12	-122.38	50	8.7200031	1.195	2.952965137	4026.000543	3.826662177
42.12	-122.38	50	8.7200031	1.195	2.952965137	4026.000543	3.826662177
42.2	-122.7	55	8.7200031	1.3145	2.952965137	4026.000543	3.826662177
42.2	-122.7	55	8.7200031	1.3145	2.952965137	4026.000543	3.826662177
42.19	-122.69	45	8.7200031	1.0755	2.952965137	4026.000543	3.826662177
42.19	-122.69	45	8.7200031	1.0755	2.952965137	4026.000543	3.826662177
42.18	-122.67	47	8.7200031	1.1233	2.952965137	4026.000543	3.826662177
37.63	-119.08	174	16.19442	4.1586	4.024229119	5334.0235	2.807991212
39.41	-119.75	5904.8	16.215477	141.12472	4.026844546	5337.708475	2.806167427
45.84	-122.53	41	9.544672	0.9799	3.089445258	4170.3176	3.657614574
42.16	-121.7	67	8.7200031	1.6013	2.952965137	4026.000543	3.826662177
39.79	-119.01	280.9	16.215477	6.71351	4.026844546	5337.708475	2.806167427
42.1	-121.9	13	8.7200031	0.3107	2.952965137	4026.000543	3.826662177
42.15	-121.68	63	8.7200031	1.5057	2.952965137	4026.000543	3.826662177
40.73	-124.21	52.77	8.9923286	1.261203	2.998721161	4073.657505	3.768273005
43.93	-122.91	41	9.5827484	0.9799	3.09560146	4176.98097	3.6503407
42.09	-120.06	89.5	18.00329	2.13905	4.2430284	5650.57575	2.663192167
44.55	-121.96	97	9.8749847	2.3183	3.142448838	4228.122323	3.59592171
44.98	-121.85	7	9.831625	0.1673	3.135542218	4220.534375	3.603842403
44.91	-121.88	107	9.8163719	2.5573	3.133108983	4217.865083	3.606641218
40.65	-119.38	289	16.676729	6.9071	4.083715098	5418.427575	2.767088234
40.9	-119.31	113	16.815744	2.7007	4.100700428	5442.7552	2.7556268
40.93	-119.32	46	16.815744	1.0994	4.100700428	5442.7552	2.7556268
40.98	-119.33	54	16.951086	1.2906	4.117169659	5466.44005	2.744603924
40.66	-119.35	79	16.676729	1.8881	4.083715098	5418.427575	2.767088234
40.67	-119.36	305	16.676729	7.2895	4.083715098	5418.427575	2.767088234
40.8	-119.33	37	16.815744	0.8843	4.100700428	5442.7552	2.7556268
40.83	-119.33	71	16.815744	1.6969	4.100700428	5442.7552	2.7556268
40.88	-119.33	268	16.815744	6.4052	4.100700428	5442.7552	2.7556268
40.89	-119.32	134	16.815744	3.2026	4.100700428	5442.7552	2.7556268
40.89	-119.31	75	16.815744	1.7925	4.100700428	5442.7552	2.7556268
40.91	-119.32	92	16.815744	2.1988	4.100700428	5442.7552	2.7556268
43.76	-122.43	47	9.5827484	1.1233	3.09560146	4176.98097	3.6503407
45.12	-122.16	95	9.68153	2.2705	3.111515708	4194.26775	3.631670562
40.85	-119.34	300.7	16.815744	7.18673	4.100700428	5442.7552	2.7556268
40.85	-119.33	130	16.815744	3.107	4.100700428	5442.7552	2.7556268
40.87	-119.31	255	16.815744	6.0945	4.100700428	5442.7552	2.7556268
40.79	-119.34	920	16.815744	21.988	4.100700428	5442.7552	2.7556268
39.89	-119.13	104.5	16.215477	2.49755	4.026844546	5337.708475	2.806167427
39.84	-119.12	112.1	16.215477	2.67919	4.026844546	5337.708475	2.806167427
39.9	-119.11	175.8	16.215477	4.20162	4.026844546	5337.708475	2.806167427
39.89	-119.09	135	16.215477	3.2265	4.026844546	5337.708475	2.806167427
39.98	-119.05	155.4	16.215477	3.71406	4.026844546	5337.708475	2.806167427
39.92	-119.09	206.4	16.215477	4.93296	4.026844546	5337.708475	2.806167427
39.94	-119.05	117.2	16.215477	2.80108	4.026844546	5337.708475	2.806167427
39.96	-119.01	81.5	16.215477	1.94785	4.026844546	5337.708475	2.806167427
39.96	-119.02	28	16.215477	0.6692	4.026844546	5337.708475	2.806167427
39.94	-119.02	81.5	16.215477	1.94785	4.026844546	5337.708475	2.806167427
45.63	-121.48	65.3	9.5370016	1.56067	3.08820362	4168.97528	3.659085148
44.73	-122.18	61	9.8749847	1.4579	3.142448838	4228.122323	3.59592171
39.43	-123.73	84	18.287436	2.0076	4.27638118	5700.3013	2.642421132
37.65	-122.01	140	16.364212	3.346	4.045270325	5363.7371	2.793385631
43.58	-119.93	328.7	9.5827484	7.85593	3.09560146	4176.98097	3.6503407
43.54	-119.91	132.5	9.5357075	3.16675	3.08799409	4168.748813	3.659333428
43.51	-119.91	219.1	9.5357075	5.23649	3.08799409	4168.748813	3.659333428
43.51	-119.96	122.3	9.5357075	2.92297	3.08799409	4168.748813	3.659333428
43.5	-119.01	257.3	9.5357075	6.14947	3.08799409	4168.748813	3.659333428
43.51	-120.09	186	9.5357075	4.4454	3.08799409	4168.748813	3.659333428
43.54	-120.13	262.4	9.5357075	6.27136	3.08799409	4168.748813	3.659333428
43.58	-120.1	265	9.5827484	6.3335	3.09560146	4176.98097	3.6503407
43.6	-120.01	272.6	9.5827484	6.51514	3.09560146	4176.98097	3.6503407
43.54	-120.01	104.6	9.5357075	2.49994	3.08799409	4168.748813	3.659333428
43.59	-120.14	142.7	9.5827484	3.41053	3.09560146	4176.98097	3.6503407
43.62	-120.07	188.6	9.5827484	4.50754	3.09560146	4176.98097	3.6503407
43.6	-119.93	122.3	9.5827484	2.92297	3.09560146	4176.98097	3.6503407
43.57	-119.88	126.8	9.5827484	3.03052	3.09560146	4176.98097	3.6503407
43.57	-119.97	331.2	9.5827484	7.91568	3.09560146	4176.98097	3.6503407
43.56	-120	107	9.5827484	2.5573	3.09560146	4176.98097	3.6503407
43.55	-119.99	66.2	9.5357075	1.58218	3.08799409	4168.748813	3.659333428
43.58	-120.05	137.6	9.5827484	3.28864	3.09560146	4176.98097	3.6503407
43.64	-119.98	122.3	9.5827484	2.92297	3.09560146	4176.98097	3.6503407
43.55	-119.98	366.1	9.5357075	8.74979	3.08799409	4168.748813	3.659333428
43.57	-120.18	234.4	9.5827484	5.60216	3.09560146	4176.98097	3.6503407
43.5	-119.82	108.8	9.5357075	2.60032	3.08799409	4168.748813	3.659333428
43.55	-119.91	186.6	9.5357075	4.45974	3.08799409	4168.748813	3.659333428
43.52	-120.15	63.7	9.5357075	1.52243	3.08799409	4168.748813	3.659333428
43.5	-119.91	127.4	9.5357075	3.04486	3.08799409	4168.748813	3.659333428
43.56	-119.97	160.5	9.5827484	3.83595	3.09560146	4176.98097	3.6503407
43.56	-119.96	313.4	9.5827484	7.49026	3.09560146	4176.98097	3.6503407
43.47	-119.89	145	9.5357075	3.4655	3.08799409	4168.748813	3.659333428
43.47	-119.89	128.9	9.5357075	3.08071	3.08799409	4168.748813	3.659333428
43.51	-119.9	163.2	9.5357075	3.90048	3.08799409	4168.748813	3.659333428
43.51	-119.9	120.3	9.5357075	2.87517	3.08799409	4168.748813	3.659333428
43.52	-120	103.6	9.5357075	2.47604	3.08799409	4168.748813	3.659333428
43.55	-119.84	69.5	9.5357075	1.66105	3.08799409	4168.748813	3.659333428
43.57	-119.88	115.5	9.5827484	2.76045	3.09560146	4176.98097	3.6503407
43.65	-119.92	77.4	9.5827484	1.84986	3.09560146	4176.98097	3.6503407
43.48	-120.1	81.2	9.5357075	1.94068	3.08799409	4168.748813	3.659333428
43.52	-120.03	123	9.5357075	2.9397	3.08799409	4168.748813	3.659333428
43.52	-119.7	130.1	9.5357075	3.10939	3.08799409	4168.748813	3.659333428
43.53	-119.97	229.3	9.5357075	5.48027	3.08799409	4168.748813	3.659333428
43.56	-119.95	127.4	9.5827484	3.04486	3.09560146	4176.98097	3.6503407
43.51	-119.96	89.2	9.5357075	2.13188	3.08799409	4168.748813	3.659333428
43.55	-120.01	89.2	9.5357075	2.13188	3.08799409	4168.748813	3.659333428
43.54	-119.96	188.6	9.5357075	4.50754	3.08799409	4168.748813	3.659333428
43.56	-119.93	145.2	9.5827484	3.47028	3.09560146	4176.98097	3.6503407
43.54	-119.92	86.6	9.5357075	2.06974	3.08799409	4168.748813	3.659333428
43.51	-119.95	86.6	9.5357075	2.06974	3.08799409	4168.748813	3.659333428
38.82	-122.89	204	17.834578	4.8756	4.22310052	5621.05115	2.675759184
38.78	-122.87	194	17.725136	4.6366	4.210123039	5601.8988	2.68400707
38.79	-122.86	181	17.725136	4.3259	4.210123039	5601.8988	2.68400707
38.78	-122.85	195	17.725136	4.6605	4.210123039	5601.8988	2.68400707
38.81	-122.62	179	17.580811	4.2781	4.19294777	5576.641925	2.695001374
38.78	-122.62	177	17.580811	4.2303	4.19294777	5576.641925	2.695001374
38.79	-122.62	183	17.580811	4.3737	4.19294777	5576.641925	2.695001374
38.77	-122.63	187	17.580811	4.4693	4.19294777	5576.641925	2.695001374
38.76	-122.61	160	17.580811	3.824	4.19294777	5576.641925	2.695001374
38.77	-122.63	177	17.580811	4.2303	4.19294777	5576.641925	2.695001374
38.8	-122.62	157	17.580811	3.7523	4.19294777	5576.641925	2.695001374
38.79	-122.62	160	17.580811	3.824	4.19294777	5576.641925	2.695001374
38.75	-122.64	191	17.580811	4.5649	4.19294777	5576.641925	2.695001374
43.64	-121.24	151	9.5827484	3.6089	3.09560146	4176.98097	3.6503407
43.64	-121.24	151	9.5827484	3.6089	3.09560146	4176.98097	3.6503407
43.83	-121.25	96	9.5827484	2.2944	3.09560146	4176.98097	3.6503407
43.83	-121.25	96	9.5827484	2.2944	3.09560146	4176.98097	3.6503407
38.92	-122.88	146	17.834578	3.4894	4.22310052	5621.05115	2.675759184
38.9	-122.87	181	17.834578	4.3259	4.22310052	5621.05115	2.675759184
38.75	-122.59	154	17.580811	3.6806	4.19294777	5576.641925	2.695001374
38.73	-122.61	157	17.580811	3.7523	4.19294777	5576.641925	2.695001374
38.87	-122.91	202	17.834578	4.8278	4.22310052	5621.05115	2.675759184
38.89	-122.9	239	17.834578	5.7121	4.22310052	5621.05115	2.675759184
40.61	-119.4	98	16.676729	2.3422	4.083715098	5418.427575	2.767088234
40.62	-119.37	76.4	16.676729	1.82596	4.083715098	5418.427575	2.767088234
38.89	-122.9	164	17.834578	3.9196	4.22310052	5621.05115	2.675759184
38.9	-122.91	153	17.834578	3.6567	4.22310052	5621.05115	2.675759184
38.8	-122.89	153	17.725136	3.6567	4.210123039	5601.8988	2.68400707
38.8	-122.59	144	17.580811	3.4416	4.19294777	5576.641925	2.695001374
38.9	-122.57	161	17.580811	3.8479	4.19294777	5576.641925	2.695001374
38.9	-122.56	164	17.580811	3.9196	4.19294777	5576.641925	2.695001374
38.71	-122.68	160	17.580811	3.824	4.19294777	5576.641925	2.695001374
42.19	-121.71	105	8.7200031	2.5095	2.952965137	4026.000543	3.826662177
42.03	-120.3	97	18.00329	2.3183	4.2430284	5650.57575	2.663192167
44.77	-122.56	67	9.8749847	1.6013	3.142448838	4228.122323	3.59592171
46.61	-120.38	42	9.7773581	1.0038	3.126876732	4211.037668	3.613829699
43.8	-123.88	36.8	9.5827484	0.87952	3.09560146	4176.98097	3.6503407
43.21	-123.25	25	9.2272873	0.5975	3.037645025	4114.775278	3.719986998
43.21	-123.25	25	9.2272873	0.5975	3.037645025	4114.775278	3.719986998
46.54	-122.48	32	9.6252508	0.7648	3.102458831	4184.41889	3.642272344
40.77	-119.13	242.2	16.524179	5.78858	4.064994342	5391.731325	2.779831668
40.77	-119.17	21	16.676729	0.5019	4.083715098	5418.427575	2.767088234
40.77	-119.15	406	16.676729	9.7034	4.083715098	5418.427575	2.767088234
40.77	-119.15	1302	16.676729	31.1178	4.083715098	5418.427575	2.767088234
40.77	-119.15	924	16.676729	22.0836	4.083715098	5418.427575	2.767088234
40.77	-119.15	84	16.676729	2.0076	4.083715098	5418.427575	2.767088234
40.71	-119.29	71	16.676729	1.6969	4.083715098	5418.427575	2.767088234
40.77	-119.22	59	16.676729	1.4101	4.083715098	5418.427575	2.767088234
39.52	-119.75	127.7	16.215477	3.05203	4.026844546	5337.708475	2.806167427
40.82	-119.17	92	16.676729	2.1988	4.083715098	5418.427575	2.767088234
40.84	-119.14	109	16.676729	2.6051	4.083715098	5418.427575	2.767088234
40.8	-119.13	67	16.676729	1.6013	4.083715098	5418.427575	2.767088234
40.77	-119.18	88	16.676729	2.1032	4.083715098	5418.427575	2.767088234
45.6	-119.6	59	9.5370016	1.4101	3.08820362	4168.97528	3.659085148
45.9	-122.66	42	9.5405912	1.0038	3.088784745	4169.60346	3.658396727
40.55	-124.18	77.51	9.0263643	1.852489	3.004390837	4079.613753	3.761161784
40.77	-119.25	67	16.676729	1.6013	4.083715098	5418.427575	2.767088234
42.49	-123.38	40	8.1746902	0.956	2.859141515	3930.570785	3.952235293
40.65	-119.35	210	16.676729	5.019	4.083715098	5418.427575	2.767088234
39.97	-119.03	188.6	16.215477	4.50754	4.026844546	5337.708475	2.806167427
39.99	-119.35	180.9	16.215477	4.32351	4.026844546	5337.708475	2.806167427
40	-119.07	191.1	16.215477	4.56729	4.026844546	5337.708475	2.806167427
39.98	-119.04	145.2	16.215477	3.47028	4.026844546	5337.708475	2.806167427
39.98	-119.01	173.3	16.215477	4.14187	4.026844546	5337.708475	2.806167427
39.96	-119.07	81.5	16.215477	1.94785	4.026844546	5337.708475	2.806167427
39.96	-119.06	81.5	16.215477	1.94785	4.026844546	5337.708475	2.806167427
39.38	-119.73	4252.5	16.215477	101.63475	4.026844546	5337.708475	2.806167427
39.4	-119.75	3950	16.215477	94.405	4.026844546	5337.708475	2.806167427
39.39	-119.75	2780	16.215477	66.442	4.026844546	5337.708475	2.806167427
39.39	-119.75	3584	16.215477	85.6576	4.026844546	5337.708475	2.806167427
39.39	-119.75	3088	16.215477	73.8032	4.026844546	5337.708475	2.806167427
39.4	-119.75	4585	16.215477	109.5815	4.026844546	5337.708475	2.806167427
39.39	-119.77	3296	16.215477	78.7744	4.026844546	5337.708475	2.806167427
39.39	-119.75	8052.5	16.215477	192.45475	4.026844546	5337.708475	2.806167427
39.39	-119.75	231	16.215477	5.5209	4.026844546	5337.708475	2.806167427
39.39	-119.75	1688.4	16.215477	40.35276	4.026844546	5337.708475	2.806167427
39.59	-119.11	139.2	16.215477	3.32688	4.026844546	5337.708475	2.806167427
38.87	-122.73	278	17.725136	6.6442	4.210123039	5601.8988	2.68400707
38.92	-122.8	334	17.834578	7.9826	4.22310052	5621.05115	2.675759184
41.86	-123.37	36	8.7200031	0.8604	2.952965137	4026.000543	3.826662177
44.61	-123.3	44	9.8749847	1.0516	3.142448838	4228.122323	3.59592171
45.65	-121.47	41	9.5370016	0.9799	3.08820362	4168.97528	3.659085148
44.59	-120.92	85	9.8749847	2.0315	3.142448838	4228.122323	3.59592171
39.41	-119.75	2262.3	16.215477	54.06897	4.026844546	5337.708475	2.806167427
42.46	-121.37	48.3	8.7200031	1.15437	2.952965137	4026.000543	3.826662177
42.46	-121.37	64	8.7200031	1.5296	2.952965137	4026.000543	3.826662177
39.5	-119.75	97.9	16.215477	2.33981	4.026844546	5337.708475	2.806167427
42.22	-120.35	1426	8.7200031	34.0814	2.952965137	4026.000543	3.826662177
42.22	-120.35	2862	8.7200031	68.4018	2.952965137	4026.000543	3.826662177
40.71	-119.43	83.7	16.815744	2.00043	4.100700428	5442.7552	2.7556268
44.25	-120.97	109	9.8749847	2.6051	3.142448838	4228.122323	3.59592171
44.24	-120.97	109	9.8749847	2.6051	3.142448838	4228.122323	3.59592171
43.21	-119.04	126	9.2272873	3.0114	3.037645025	4114.775278	3.719986998
43.21	-119	128	9.2272873	3.0592	3.037645025	4114.775278	3.719986998
38.85	-122.8	282.4	17.725136	6.74936	4.210123039	5601.8988	2.68400707
42.18	-121.7	38	8.7200031	0.9082	2.952965137	4026.000543	3.826662177
42.22	-120.36	895	8.7200031	21.3905	2.952965137	4026.000543	3.826662177
38.77	-122.82	219.1	17.725136	5.23649	4.210123039	5601.8988	2.68400707
37.49	-119.3	54	16.19442	1.2906	4.024229119	5334.0235	2.807991212
43.95	-122.9	45	9.5827484	1.0755	3.09560146	4176.98097	3.6503407
42.13	-121.74	63	8.7200031	1.5057	2.952965137	4026.000543	3.826662177
39.05	-122.74	172	17.834578	4.1108	4.22310052	5621.05115	2.675759184
38.94	-122.69	214	17.725136	5.1146	4.210123039	5601.8988	2.68400707
43.69	-122.37	156	9.5827484	3.7284	3.09560146	4176.98097	3.6503407
42.19	-121.77	92	8.7200031	2.1988	2.952965137	4026.000543	3.826662177
40.39	-119.42	20.4	16.524179	0.48756	4.064994342	5391.731325	2.779831668
40.39	-119.41	0.6	16.524179	0.01434	4.064994342	5391.731325	2.779831668
40.39	-119.42	134.7	16.524179	3.21933	4.064994342	5391.731325	2.779831668
42.17	-121.68	21	8.7200031	0.5019	2.952965137	4026.000543	3.826662177
45.7	-121.24	42	9.5560369	1.0038	3.091284021	4172.306458	3.655438945
41.73	-121.67	17	8.7112598	0.4063	2.951484338	4024.470465	3.828582064
43.9	-121.36	59	9.5827484	1.4101	3.09560146	4176.98097	3.6503407
43.91	-121.36	60.9	9.8749847	1.45551	3.142448838	4228.122323	3.59592171
46.33	-120.78	74	9.5389538	1.7686	3.088519678	4169.316915	3.658710703
41.83	-121.55	100	8.7181835	2.39	2.952657024	4025.682113	3.827061494
42.7	-122.6	105	8.0918245	2.5095	2.844613243	3916.069288	3.972420514
42.7	-122.6	105	8.0918245	2.5095	2.844613243	3916.069288	3.972420514
42.7	-122.6	93	8.0918245	2.2227	2.844613243	3916.069288	3.972420514
42.7	-122.6	93	8.0918245	2.2227	2.844613243	3916.069288	3.972420514
42.22	-120.36	992	8.7200031	23.7088	2.952965137	4026.000543	3.826662177
42.22	-120.36	118	8.7200031	2.8202	2.952965137	4026.000543	3.826662177
47.94	-128.9	84	0.43398958	2.0076	0.658778855	2575.948177	17.15294884
47.92	-128.85	136	0.66285837	3.2504	0.814161145	2616.000215	13.87931624
47.9	-128.74	440	0.91232389	10.516	0.955156474	2659.656681	11.83052233
47.74	-127.91	345	2.9722376	8.2455	1.724017865	3020.14158	6.55445644
47.73	-127.88	129	2.9722376	3.0831	1.724017865	3020.14158	6.55445644
47.87	-128.59	439	1.1679138	10.4921	1.080700606	2704.384915	10.45617994
47.85	-128.47	334	1.414219	7.9826	1.189209401	2747.488325	9.502111225
47.89	-128.66	900	0.91232389	21.51	0.955156474	2659.656681	11.83052233
47.79	-128.21	267	2.1661963	6.3813	1.47180036	2879.084353	7.677671718
42.01	-121.82	13	8.7200031	0.3107	2.952965137	4026.000543	3.826662177
46.53	-122.56	31	9.6252508	0.7409	3.102458831	4184.41889	3.642272344
42.19	-120.35	146	8.7200031	3.4894	2.952965137	4026.000543	3.826662177
39.51	-119.65	295.6	16.215477	7.06484	4.026844546	5337.708475	2.806167427
38.83	-121.17	26	16.676729	0.6214	4.083715098	5418.427575	2.767088234
39.39	-119.72	425.5	16.215477	10.16945	4.026844546	5337.708475	2.806167427
40.39	-121.54	132	18.00329	3.1548	4.2430284	5650.57575	2.663192167
40.36	-121.5	231	18.00329	5.5209	4.2430284	5650.57575	2.663192167
40.41	-121.45	85	18.00329	2.0315	4.2430284	5650.57575	2.663192167
40.37	-120.95	97	17.580811	2.3183	4.19294777	5576.641925	2.695001374
44.55	-122.03	82	9.8749847	1.9598	3.142448838	4228.122323	3.59592171
39.03	-122.43	109	17.580811	2.6051	4.19294777	5576.641925	2.695001374
46.57	-120.17	53	9.7773581	1.2667	3.126876732	4211.037668	3.613829699
42.64	-122.82	42	8.1765585	1.0038	2.85946822	3930.897738	3.951783734
42.64	-122.82	42	8.1765585	1.0038	2.85946822	3930.897738	3.951783734
45.7	-121.42	52	9.5560369	1.2428	3.091284021	4172.306458	3.655438945
39.39	-119.76	8295	16.215477	198.2505	4.026844546	5337.708475	2.806167427
42.37	-120.57	126	8.7200031	3.0114	2.952965137	4026.000543	3.826662177
41.63	-121.37	29	17.755274	0.6931	4.213700749	5607.17295	2.681728171
41.7	-121.35	144.6	17.755274	3.45594	4.213700749	5607.17295	2.681728171
41.7	-121.35	243	17.755274	5.8077	4.213700749	5607.17295	2.681728171
46.3	-122.87	21	9.5389538	0.5019	3.088519678	4169.316915	3.658710703
42.22	-121.78	377	8.7200031	9.0103	2.952965137	4026.000543	3.826662177
46.58	-123.03	47	9.7773581	1.1233	3.126876732	4211.037668	3.613829699
42.24	-121.77	1488.2	8.7200031	35.56798	2.952965137	4026.000543	3.826662177
45.61	-121.23	69	9.5370016	1.6491	3.08820362	4168.97528	3.659085148
42.38	-122.53	49	8.7200031	1.1711	2.952965137	4026.000543	3.826662177
47.17	-119.32	81	9.7773581	1.9359	3.126876732	4211.037668	3.613829699
41.65	-121.18	78	17.755274	1.8642	4.213700749	5607.17295	2.681728171
41.56	-121.12	147	18.100437	3.5133	4.254460835	5667.576475	2.656035732
41.74	-121.87	8	8.7112598	0.1912	2.951484338	4024.470465	3.828582064
41.59	-121.96	13	8.7299252	0.3107	2.954644683	4027.73691	3.82448694
41	-120.89	98	18.00329	2.3422	4.2430284	5650.57575	2.663192167
41.27	-122.61	37	15.872827	0.8843	3.984071661	5277.744725	2.836294365
41.83	-121.25	67	8.7181835	1.6013	2.952657024	4025.682113	3.827061494
41.57	-122.88	18	8.7299252	0.4302	2.954644683	4027.73691	3.82448694
41.56	-122.53	29	8.7299252	0.6931	2.954644683	4027.73691	3.82448694
41.43	-122.5	39	8.7199984	0.9321	2.952964341	4025.99972	3.826663208
41.89	-122.4	11	8.7200031	0.2629	2.952965137	4026.000543	3.826662177
41.98	-122.32	72	8.7200031	1.7208	2.952965137	4026.000543	3.826662177
41.9	-122.53	11	8.7200031	0.2629	2.952965137	4026.000543	3.826662177
41.95	-122	142	8.7200031	3.3938	2.952965137	4026.000543	3.826662177
41.73	-120.38	8	18.00329	0.1912	4.2430284	5650.57575	2.663192167
44.43	-122.72	45	9.8749847	1.0755	3.142448838	4228.122323	3.59592171
42.18	-120.36	125	8.7200031	2.9875	2.952965137	4026.000543	3.826662177
42.18	-120.34	190	8.7200031	4.541	2.952965137	4026.000543	3.826662177
42.22	-120.36	2883	8.7200031	68.9037	2.952965137	4026.000543	3.826662177
43.53	-120.09	277.7	9.5357075	6.63703	3.08799409	4168.748813	3.659333428
40.41	-120.65	700	17.370102	16.73	4.167745434	5539.76785	2.711298034
39.9	-119.16	172.9	16.215477	4.13231	4.026844546	5337.708475	2.806167427
39.9	-119.19	276.6	16.215477	6.61074	4.026844546	5337.708475	2.806167427
39.88	-119.22	380.4	16.215477	9.09156	4.026844546	5337.708475	2.806167427
39.91	-119.22	380.4	16.215477	9.09156	4.026844546	5337.708475	2.806167427
39.8	-119.3	69.2	16.215477	1.65388	4.026844546	5337.708475	2.806167427
39.94	-119.29	69.2	16.215477	1.65388	4.026844546	5337.708475	2.806167427
39.99	-119.23	172.9	16.215477	4.13231	4.026844546	5337.708475	2.806167427
39.85	-119.23	276.6	16.215477	6.61074	4.026844546	5337.708475	2.806167427
39.88	-119.24	380.4	16.215477	9.09156	4.026844546	5337.708475	2.806167427
39.9	-119.23	380.4	16.215477	9.09156	4.026844546	5337.708475	2.806167427
39.92	-119.21	276.6	16.215477	6.61074	4.026844546	5337.708475	2.806167427
39.91	-119.22	380.4	16.215477	9.09156	4.026844546	5337.708475	2.806167427
39.96	-119.28	103.7	16.215477	2.47843	4.026844546	5337.708475	2.806167427
39.95	-119.26	103.7	16.215477	2.47843	4.026844546	5337.708475	2.806167427
39.96	-119.26	242.1	16.215477	5.78619	4.026844546	5337.708475	2.806167427
39.96	-119.24	103.7	16.215477	2.47843	4.026844546	5337.708475	2.806167427
39.97	-119.25	242.1	16.215477	5.78619	4.026844546	5337.708475	2.806167427
39.92	-119.25	207.5	16.215477	4.95925	4.026844546	5337.708475	2.806167427
39.89	-119.29	276.6	16.215477	6.61074	4.026844546	5337.708475	2.806167427
39.89	-119.26	380.4	16.215477	9.09156	4.026844546	5337.708475	2.806167427
39.84	-119.26	242.1	16.215477	5.78619	4.026844546	5337.708475	2.806167427
39.86	-119.25	311.2	16.215477	7.43768	4.026844546	5337.708475	2.806167427
39.92	-119.2	345.8	16.215477	8.26462	4.026844546	5337.708475	2.806167427
39.88	-119.21	380.4	16.215477	9.09156	4.026844546	5337.708475	2.806167427
39.89	-119.21	380.4	16.215477	9.09156	4.026844546	5337.708475	2.806167427
39.92	-119.18	242.1	16.215477	5.78619	4.026844546	5337.708475	2.806167427
39.88	-119.18	172.9	16.215477	4.13231	4.026844546	5337.708475	2.806167427
39.93	-119.19	138.3	16.215477	3.30537	4.026844546	5337.708475	2.806167427
39.82	-119.26	179.1	16.215477	4.28049	4.026844546	5337.708475	2.806167427
39.85	-119.31	138.3	16.215477	3.30537	4.026844546	5337.708475	2.806167427
39.88	-119.28	242.1	16.215477	5.78619	4.026844546	5337.708475	2.806167427
39.88	-119.31	138.3	16.215477	3.30537	4.026844546	5337.708475	2.806167427
39.83	-119.31	69.2	16.215477	1.65388	4.026844546	5337.708475	2.806167427
38.85	-122.76	351	17.725136	8.3889	4.210123039	5601.8988	2.68400707
38.85	-122.76	389	17.725136	9.2971	4.210123039	5601.8988	2.68400707
38.86	-122.77	322	17.725136	7.6958	4.210123039	5601.8988	2.68400707
38.86	-122.78	293	17.725136	7.0027	4.210123039	5601.8988	2.68400707
38.87	-122.77	285	17.725136	6.8115	4.210123039	5601.8988	2.68400707
38.86	-122.75	305	17.725136	7.2895	4.210123039	5601.8988	2.68400707
38.86	-122.75	305	17.725136	7.2895	4.210123039	5601.8988	2.68400707
38.94	-122.76	232	17.834578	5.5448	4.22310052	5621.05115	2.675759184
42.21	-122.68	49	8.7200031	1.1711	2.952965137	4026.000543	3.826662177
40.21	-119.15	84.1	16.215477	2.00999	4.026844546	5337.708475	2.806167427
40.23	-119.14	33.1	16.215477	0.79109	4.026844546	5337.708475	2.806167427
40.19	-119.18	84.1	16.215477	2.00999	4.026844546	5337.708475	2.806167427
40.21	-119.23	61.2	16.215477	1.46268	4.026844546	5337.708475	2.806167427
40.22	-119.22	150.3	16.215477	3.59217	4.026844546	5337.708475	2.806167427
40.25	-119.21	63.7	16.215477	1.52243	4.026844546	5337.708475	2.806167427
45.71	-121.87	46	9.5560369	1.0994	3.091284021	4172.306458	3.655438945
45.32	-121.8	41	9.5414743	0.9799	3.088927694	4169.758003	3.658227423
45.41	-121.82	110	9.5483627	2.629	3.090042508	4170.963473	3.656907622
45.37	-121.82	110	9.5483627	2.629	3.090042508	4170.963473	3.656907622
45.28	-121.74	95	9.5414743	2.2705	3.088927694	4169.758003	3.658227423
43.32	-119.7	83.7	9.4671307	2.00043	3.076870277	4156.747873	3.672563021
43.31	-119.77	83.7	9.4671307	2.00043	3.076870277	4156.747873	3.672563021
43.32	-119.71	175.7	9.4671307	4.19923	3.076870277	4156.747873	3.672563021
43.21	-119.52	142.3	9.2272873	3.40097	3.037645025	4114.775278	3.719986998
43.2	-119.57	347.3	9.2272873	8.30047	3.037645025	4114.775278	3.719986998
43.1	-119.73	46	8.97577	1.0994	2.995958945	4070.75975	3.771747279
47.37	-120.3	58	9.7773581	1.3862	3.126876732	4211.037668	3.613829699
39.39	-119.75	2659.7	16.215477	63.56683	4.026844546	5337.708475	2.806167427
39.39	-119.75	748	16.215477	17.8772	4.026844546	5337.708475	2.806167427
39.39	-119.76	2722.3	16.215477	65.06297	4.026844546	5337.708475	2.806167427
39.91	-119.22	380.4	16.215477	9.09156	4.026844546	5337.708475	2.806167427
44.33	-122.99	39	9.8749847	0.9321	3.142448838	4228.122323	3.59592171
45.75	-121.12	56	9.5560369	1.3384	3.091284021	4172.306458	3.655438945
43.75	-122.47	78	9.5827484	1.8642	3.09560146	4176.98097	3.6503407
43.75	-122.47	87	9.5827484	2.0793	3.09560146	4176.98097	3.6503407
44.15	-122.54	55.89	9.8749847	1.335771	3.142448838	4228.122323	3.59592171
39.49	-119.8	122.4	16.215477	2.92536	4.026844546	5337.708475	2.806167427
44.19	-123.83	30	9.8100004	0.717	3.132092017	4216.75007	3.607812267
44.71	-123.03	42	9.8749847	1.0038	3.142448838	4228.122323	3.59592171
38.89	-122.61	75.3	17.580811	1.79967	4.19294777	5576.641925	2.695001374
38.89	-122.64	242.7	17.725136	5.80053	4.210123039	5601.8988	2.68400707
38.9	-122.65	192	17.725136	4.5888	4.210123039	5601.8988	2.68400707
38.91	-122.63	157.8	17.725136	3.77142	4.210123039	5601.8988	2.68400707
38.88	-122.72	117.2	17.725136	2.80108	4.210123039	5601.8988	2.68400707
38.95	-122.85	62	17.834578	1.4818	4.22310052	5621.05115	2.675759184
38.76	-122.64	125	17.580811	2.9875	4.19294777	5576.641925	2.695001374
38.99	-122.82	8.4	17.834578	0.20076	4.22310052	5621.05115	2.675759184
38.76	-122.64	130	17.580811	3.107	4.19294777	5576.641925	2.695001374
38.8	-122.56	192.4	17.580811	4.59836	4.19294777	5576.641925	2.695001374
38.88	-122.62	71.1	17.580811	1.69929	4.19294777	5576.641925	2.695001374
38.88	-122.62	58.6	17.580811	1.40054	4.19294777	5576.641925	2.695001374
46.15	-124.41	39.5	9.5399418	0.94405	3.088679621	4169.489815	3.658521241
44.22	-124.47	39.9	9.8100004	0.95361	3.132092017	4216.75007	3.607812267
44.5	-124.42	44.7	9.8749847	1.06833	3.142448838	4228.122323	3.59592171
44.86	-124.28	46.2	9.8163719	1.10418	3.133108983	4217.865083	3.606641218
43.26	-124.59	43.2	9.4671307	1.03248	3.076870277	4156.747873	3.672563021
44.06	-124.65	48.8	9.5543547	1.16632	3.091011922	4172.012073	3.65576073
45.44	-119.78	46	9.5483627	1.0994	3.090042508	4170.963473	3.656907622
42.23	-121.77	746.2	8.7200031	17.83418	2.952965137	4026.000543	3.826662177
42.23	-121.77	1150	8.7200031	27.485	2.952965137	4026.000543	3.826662177
45.61	-122.13	80	9.5370016	1.912	3.08820362	4168.97528	3.659085148
37.25	-122.4	116.3	17.13776	2.77957	4.139777772	5499.108	2.72961512
42.24	-121.78	975	8.7200031	23.3025	2.952965137	4026.000543	3.826662177
38.9	-122.86	283	17.834578	6.7637	4.22310052	5621.05115	2.675759184
38.86	-122.87	274	17.834578	6.5486	4.22310052	5621.05115	2.675759184
38.98	-122.89	94	17.834578	2.2466	4.22310052	5621.05115	2.675759184
38.97	-122.89	96	17.834578	2.2944	4.22310052	5621.05115	2.675759184
38.96	-122.81	105	17.834578	2.5095	4.22310052	5621.05115	2.675759184
38.88	-122.78	217	17.725136	5.1863	4.210123039	5601.8988	2.68400707
46.82	-120.66	37	9.7773581	0.8843	3.126876732	4211.037668	3.613829699
45.73	-122.41	36	9.5560369	0.8604	3.091284021	4172.306458	3.655438945
43.59	-122.23	127	9.5827484	3.0353	3.09560146	4176.98097	3.6503407
39.53	-119.76	162.1	16.215477	3.87419	4.026844546	5337.708475	2.806167427
39.53	-119.76	124.5	16.215477	2.97555	4.026844546	5337.708475	2.806167427
43.84	-119.9	67	9.8749847	1.6013	3.142448838	4228.122323	3.59592171
43.84	-119.9	105	9.8749847	2.5095	3.142448838	4228.122323	3.59592171
42.21	-120.36	171	8.7200031	4.0869	2.952965137	4026.000543	3.826662177
45.94	-120.97	50	9.5405912	1.195	3.088784745	4169.60346	3.658396727
44.27	-120.81	79	9.8749847	1.8881	3.142448838	4228.122323	3.59592171
45.69	-120.13	114	9.5560369	2.7246	3.091284021	4172.306458	3.655438945
38.1	-122.89	88.67	17.370102	2.119213	4.167745434	5539.76785	2.711298034
38.85	-122.85	344.1	17.834578	8.22399	4.22310052	5621.05115	2.675759184
38.84	-122.84	379.3	17.725136	9.06527	4.210123039	5601.8988	2.68400707
39.74	-119.57	131	16.215477	3.1309	4.026844546	5337.708475	2.806167427
39.74	-119.59	147.4	16.215477	3.52286	4.026844546	5337.708475	2.806167427
39.74	-119.59	212.9	16.215477	5.08831	4.026844546	5337.708475	2.806167427
39.74	-119.58	264.8	16.215477	6.32872	4.026844546	5337.708475	2.806167427
39.81	-119.65	10.9	16.215477	0.26051	4.026844546	5337.708475	2.806167427
48.69	-119.5	77	9.57864	1.8403	3.094937802	4176.262	3.651123454
44.84	-120.46	70	9.8749847	1.673	3.142448838	4228.122323	3.59592171
44.82	-120.56	85.5	9.8749847	2.04345	3.142448838	4228.122323	3.59592171
44.84	-120.48	67.5	9.8749847	1.61325	3.142448838	4228.122323	3.59592171
44.83	-120.49	70.6	9.8749847	1.68734	3.142448838	4228.122323	3.59592171
44.82	-120.48	96.8	9.8749847	2.31352	3.142448838	4228.122323	3.59592171
44.82	-120.54	198	9.8749847	4.7322	3.142448838	4228.122323	3.59592171
44.86	-120.55	44.8	9.8163719	1.07072	3.133108983	4217.865083	3.606641218
44.87	-120.55	69	9.8163719	1.6491	3.133108983	4217.865083	3.606641218
45.03	-121.96	341	9.831625	8.1499	3.135542218	4220.534375	3.603842403
44.78	-122.04	109	9.8749847	2.6051	3.142448838	4228.122323	3.59592171
45.5	-122.31	218	9.5407829	5.2102	3.088815776	4169.637008	3.658359973
45.02	-122.01	398	9.831625	9.5122	3.135542218	4220.534375	3.603842403
44.2	-122.05	154	9.8749847	3.6806	3.142448838	4228.122323	3.59592171
45.07	-121.96	341	9.68153	8.1499	3.111515708	4194.26775	3.631670562
44.72	-121.91	117	9.8749847	2.7963	3.142448838	4228.122323	3.59592171
44.56	-121.61	123	9.8749847	2.9397	3.142448838	4228.122323	3.59592171
44.56	-121.61	123	9.8749847	2.9397	3.142448838	4228.122323	3.59592171
43.72	-122.42	57	9.5827484	1.3623	3.09560146	4176.98097	3.6503407
43.72	-122.42	57	9.5827484	1.3623	3.09560146	4176.98097	3.6503407
45.52	-122.27	54	9.5407829	1.2906	3.088815776	4169.637008	3.658359973
45.51	-122.27	54	9.5407829	1.2906	3.088815776	4169.637008	3.658359973
45.61	-122	81	9.5370016	1.9359	3.08820362	4168.97528	3.659085148
43.72	-122.33	137	9.5827484	3.2743	3.09560146	4176.98097	3.6503407
45.65	-121.95	209	9.5370016	4.9951	3.08820362	4168.97528	3.659085148
45.34	-121.36	60	9.5414743	1.434	3.088927694	4169.758003	3.658227423
46.72	-121.58	98	9.7773581	2.3422	3.126876732	4211.037668	3.613829699
46.52	-121.94	73	9.6252508	1.7447	3.102458831	4184.41889	3.642272344
45.34	-121.92	70	9.5414743	1.673	3.088927694	4169.758003	3.658227423
45.28	-121.84	90	9.5414743	2.151	3.088927694	4169.758003	3.658227423
45.5	-122.28	55	9.5407829	1.3145	3.088815776	4169.637008	3.658359973
45.5	-122.28	55	9.5407829	1.3145	3.088815776	4169.637008	3.658359973
46.17	-122.27	45	9.546627	1.0755	3.089761641	4170.659725	3.657240044
46.55	-122.85	37	9.6252508	0.8843	3.102458831	4184.41889	3.642272344
45.63	-121.95	105	9.5370016	2.5095	3.08820362	4168.97528	3.659085148
45.63	-121.95	105	9.5370016	2.5095	3.08820362	4168.97528	3.659085148
46.64	-121.39	96	9.7773581	2.2944	3.126876732	4211.037668	3.613829699
42.13	-121.8	38	8.7200031	0.9082	2.952965137	4026.000543	3.826662177
45.72	-119.02	67	9.5560369	1.6013	3.091284021	4172.306458	3.655438945
38.84	-122.63	196	17.580811	4.6844	4.19294777	5576.641925	2.695001374
38.86	-122.67	231	17.725136	5.5209	4.210123039	5601.8988	2.68400707
38.85	-122.66	231	17.725136	5.5209	4.210123039	5601.8988	2.68400707
38.85	-122.66	219	17.725136	5.2341	4.210123039	5601.8988	2.68400707
44.45	-122.83	30	9.8749847	0.717	3.142448838	4228.122323	3.59592171
42.01	-121.63	84	8.7200031	2.0076	2.952965137	4026.000543	3.826662177
44.63	-122.72	38	9.8749847	0.9082	3.142448838	4228.122323	3.59592171
38.7	-122.72	225	17.580811	5.3775	4.19294777	5576.641925	2.695001374
39.48	-119.81	2998.8	16.215477	71.67132	4.026844546	5337.708475	2.806167427
39.48	-119.79	358.2	16.215477	8.56098	4.026844546	5337.708475	2.806167427
39.48	-119.79	81.9	16.215477	1.95741	4.026844546	5337.708475	2.806167427
39.48	-119.81	1166.4	16.215477	27.87696	4.026844546	5337.708475	2.806167427
39.48	-119.81	1380.6	16.215477	32.99634	4.026844546	5337.708475	2.806167427
39.48	-119.81	1488.6	16.215477	35.57754	4.026844546	5337.708475	2.806167427
39.48	-119.81	1657.8	16.215477	39.62142	4.026844546	5337.708475	2.806167427
39.48	-119.83	830	16.215477	19.837	4.026844546	5337.708475	2.806167427
39.48	-119.81	132	16.215477	3.1548	4.026844546	5337.708475	2.806167427
39.48	-119.81	754	16.215477	18.0206	4.026844546	5337.708475	2.806167427
39.48	-119.81	3123	16.215477	74.6397	4.026844546	5337.708475	2.806167427
39.5	-119.83	120.5	16.215477	2.87995	4.026844546	5337.708475	2.806167427
39.48	-119.81	676	16.215477	16.1564	4.026844546	5337.708475	2.806167427
39.48	-119.81	1090.8	16.215477	26.07012	4.026844546	5337.708475	2.806167427
39.58	-119.81	334	16.215477	7.9826	4.026844546	5337.708475	2.806167427
39.48	-119.79	698.4	16.215477	16.69176	4.026844546	5337.708475	2.806167427
39.48	-119.79	880.2	16.215477	21.03678	4.026844546	5337.708475	2.806167427
45.16	-122.11	88.43	9.5008411	2.113477	3.082343443	4162.647193	3.666041831
42.04	-120.31	175	18.00329	4.1825	4.2430284	5650.57575	2.663192167
42.04	-120.31	572	18.00329	13.6708	4.2430284	5650.57575	2.663192167
39.39	-119.75	4727.5	16.215477	112.98725	4.026844546	5337.708475	2.806167427
45.68	-121.31	46	9.5560369	1.0994	3.091284021	4172.306458	3.655438945
42.13	-121.92	42	8.7200031	1.0038	2.952965137	4026.000543	3.826662177
46.43	-119.78	56	9.543684	1.3384	3.089285354	4170.1447	3.657803894
42.45	-121.36	155.7	8.7200031	3.72123	2.952965137	4026.000543	3.826662177
39.54	-122.08	28	17.725136	0.6692	4.210123039	5601.8988	2.68400707
39.54	-122.08	28	17.725136	0.6692	4.210123039	5601.8988	2.68400707
39.62	-119.31	62.8	16.215477	1.50092	4.026844546	5337.708475	2.806167427
37.1	-119.73	26	16.19442	0.6214	4.024229119	5334.0235	2.807991212
39.4	-120.88	30	16.815744	0.717	4.100700428	5442.7552	2.7556268
46.43	-120.18	44	9.543684	1.0516	3.089285354	4170.1447	3.657803894
39.45	-119.76	45	16.215477	1.0755	4.026844546	5337.708475	2.806167427
39.34	-119.74	131.4	16.215477	3.14046	4.026844546	5337.708475	2.806167427
39.34	-119.73	66.2	16.215477	1.58218	4.026844546	5337.708475	2.806167427
39.37	-119.75	321.6	16.215477	7.68624	4.026844546	5337.708475	2.806167427
39.34	-119.78	221.3	16.215477	5.28907	4.026844546	5337.708475	2.806167427
39.45	-119.72	20.7	16.215477	0.49473	4.026844546	5337.708475	2.806167427
39.39	-119.81	65.7	16.215477	1.57023	4.026844546	5337.708475	2.806167427
39.43	-119.71	415	16.215477	9.9185	4.026844546	5337.708475	2.806167427
39.33	-119.76	79	16.215477	1.8881	4.026844546	5337.708475	2.806167427
39.42	-119.76	491	16.215477	11.7349	4.026844546	5337.708475	2.806167427
39.37	-119.79	141.8	16.215477	3.38902	4.026844546	5337.708475	2.806167427
39.43	-119.77	100.3	16.215477	2.39717	4.026844546	5337.708475	2.806167427
39.4	-119.75	2188.9	16.215477	52.31471	4.026844546	5337.708475	2.806167427
39.37	-119.77	536	16.215477	12.8104	4.026844546	5337.708475	2.806167427
39.42	-119.74	397.7	16.215477	9.50503	4.026844546	5337.708475	2.806167427
39.44	-119.73	255.9	16.215477	6.11601	4.026844546	5337.708475	2.806167427
39.4	-119.74	1628.7	16.215477	38.92593	4.026844546	5337.708475	2.806167427
39.32	-119.75	58.6	16.215477	1.40054	4.026844546	5337.708475	2.806167427
39.4	-119.77	110.7	16.215477	2.64573	4.026844546	5337.708475	2.806167427
39.31	-119.7	51	16.215477	1.2189	4.026844546	5337.708475	2.806167427
39.31	-119.77	35.7	16.215477	0.85323	4.026844546	5337.708475	2.806167427
39.29	-119.74	38.2	16.215477	0.91298	4.026844546	5337.708475	2.806167427
39.36	-119.82	110.7	16.215477	2.64573	4.026844546	5337.708475	2.806167427
39.38	-119.84	3.5	16.215477	0.08365	4.026844546	5337.708475	2.806167427
39.41	-119.8	51.9	16.215477	1.24041	4.026844546	5337.708475	2.806167427
39.37	-119.73	162.5	16.215477	3.88375	4.026844546	5337.708475	2.806167427
45.39	-122.36	41	9.5483627	0.9799	3.090042508	4170.963473	3.656907622
40.38	-119.4	546	16.524179	13.0494	4.064994342	5391.731325	2.779831668
40.46	-119.4	200.2	16.524179	4.78478	4.064994342	5391.731325	2.779831668
40.37	-119.4	157.1	16.524179	3.75469	4.064994342	5391.731325	2.779831668
40.42	-119.41	2380	16.524179	56.882	4.064994342	5391.731325	2.779831668
40.43	-119.39	109.2	16.524179	2.60988	4.064994342	5391.731325	2.779831668
40.36	-119.43	176.2	16.524179	4.21118	4.064994342	5391.731325	2.779831668
40.39	-119.37	152.9	16.524179	3.65431	4.064994342	5391.731325	2.779831668
40.38	-119.37	152.9	16.524179	3.65431	4.064994342	5391.731325	2.779831668
40.44	-119.43	120.1	16.524179	2.87039	4.064994342	5391.731325	2.779831668
40.44	-119.42	127.4	16.524179	3.04486	4.064994342	5391.731325	2.779831668
40.43	-119.47	72.8	16.524179	1.73992	4.064994342	5391.731325	2.779831668
40.41	-119.48	98.3	16.524179	2.34937	4.064994342	5391.731325	2.779831668
40.39	-119.45	134.7	16.524179	3.21933	4.064994342	5391.731325	2.779831668
40.37	-119.47	269.4	16.524179	6.43866	4.064994342	5391.731325	2.779831668
40.34	-119.47	61.9	16.524179	1.47941	4.064994342	5391.731325	2.779831668
40.32	-119.46	305.8	16.524179	7.30862	4.064994342	5391.731325	2.779831668
40.34	-119.41	240.2	16.524179	5.74078	4.064994342	5391.731325	2.779831668
48.67	-126.86	62.2	5.5437579	1.48658	2.354518613	3470.157633	4.79928251
48.69	-126.9	7.5	5.5437579	0.17925	2.354518613	3470.157633	4.79928251
48.68	-126.88	58	5.5437579	1.3862	2.354518613	3470.157633	4.79928251
48.68	-126.88	58.7	5.5437579	1.40293	2.354518613	3470.157633	4.79928251
48.68	-126.88	59.5	5.5437579	1.42205	2.354518613	3470.157633	4.79928251
48.67	-126.88	59.4	5.5437579	1.41966	2.354518613	3470.157633	4.79928251
48.67	-126.88	59.6	5.5437579	1.42444	2.354518613	3470.157633	4.79928251
48.67	-126.88	59.3	5.5437579	1.41727	2.354518613	3470.157633	4.79928251
48.67	-126.88	61.4	5.5437579	1.46746	2.354518613	3470.157633	4.79928251
48.67	-126.87	58.8	5.5437579	1.40532	2.354518613	3470.157633	4.79928251
48.67	-126.87	62.3	5.5437579	1.48897	2.354518613	3470.157633	4.79928251
48.67	-126.86	59.4	5.5437579	1.41966	2.354518613	3470.157633	4.79928251
48.67	-126.87	66	5.5437579	1.5774	2.354518613	3470.157633	4.79928251
48.66	-126.87	63.8	5.5437579	1.52482	2.354518613	3470.157633	4.79928251
48.67	-126.86	62	5.5437579	1.4818	2.354518613	3470.157633	4.79928251
48.68	-126.86	60.7	5.5437579	1.45073	2.354518613	3470.157633	4.79928251
48.68	-126.86	62.3	5.5437579	1.48897	2.354518613	3470.157633	4.79928251
48.68	-126.86	60.3	5.5437579	1.44117	2.354518613	3470.157633	4.79928251
48.68	-126.87	60.4	5.5437579	1.44356	2.354518613	3470.157633	4.79928251
48.68	-126.87	60.4	5.5437579	1.44356	2.354518613	3470.157633	4.79928251
48.68	-126.87	57.7	5.5437579	1.37903	2.354518613	3470.157633	4.79928251
48.65	-126.91	74.2	5.0980859	1.77338	2.257894129	3392.165033	5.004663351
48.66	-126.89	66.6	5.5437579	1.59174	2.354518613	3470.157633	4.79928251
48.67	-126.88	75.7	5.5437579	1.80923	2.354518613	3470.157633	4.79928251
48.67	-126.88	65	5.5437579	1.5535	2.354518613	3470.157633	4.79928251
48.67	-126.88	65.9	5.5437579	1.57501	2.354518613	3470.157633	4.79928251
48.67	-126.88	64.2	5.5437579	1.53438	2.354518613	3470.157633	4.79928251
48.67	-126.87	67.9	5.5437579	1.62281	2.354518613	3470.157633	4.79928251
48.67	-126.87	58.4	5.5437579	1.39576	2.354518613	3470.157633	4.79928251
48.67	-126.87	59.4	5.5437579	1.41966	2.354518613	3470.157633	4.79928251
48.67	-126.87	61.8	5.5437579	1.47702	2.354518613	3470.157633	4.79928251
48.68	-126.86	61.9	5.5437579	1.47941	2.354518613	3470.157633	4.79928251
48.65	-126.91	70	5.0980859	1.673	2.257894129	3392.165033	5.004663351
48.68	-126.86	61.4	5.5437579	1.46746	2.354518613	3470.157633	4.79928251
48.68	-126.86	62.3	5.5437579	1.48897	2.354518613	3470.157633	4.79928251
48.67	-126.88	64	5.5437579	1.5296	2.354518613	3470.157633	4.79928251
48.67	-126.88	62.8	5.5437579	1.50092	2.354518613	3470.157633	4.79928251
48.67	-126.87	64.2	5.5437579	1.53438	2.354518613	3470.157633	4.79928251
48.67	-126.87	66.3	5.5437579	1.58457	2.354518613	3470.157633	4.79928251
48.67	-126.87	66.6	5.5437579	1.59174	2.354518613	3470.157633	4.79928251
48.67	-126.87	59.4	5.5437579	1.41966	2.354518613	3470.157633	4.79928251
48.67	-126.86	59	5.5437579	1.4101	2.354518613	3470.157633	4.79928251
48.68	-126.86	56.3	5.5437579	1.34557	2.354518613	3470.157633	4.79928251
48.65	-126.91	66.2	5.0980859	1.58218	2.257894129	3392.165033	5.004663351
48.68	-126.86	59	5.5437579	1.4101	2.354518613	3470.157633	4.79928251
48.68	-126.86	60	5.5437579	1.434	2.354518613	3470.157633	4.79928251
48.68	-126.86	60.6	5.5437579	1.44834	2.354518613	3470.157633	4.79928251
48.68	-126.85	60.4	5.752306	1.44356	2.398396548	3506.65355	4.711481098
48.68	-126.85	56.4	5.752306	1.34796	2.398396548	3506.65355	4.711481098
48.68	-126.85	52	5.752306	1.2428	2.398396548	3506.65355	4.711481098
48.68	-126.85	42.3	5.752306	1.01097	2.398396548	3506.65355	4.711481098
48.68	-126.84	42.4	5.752306	1.01336	2.398396548	3506.65355	4.711481098
48.68	-126.84	38.4	5.752306	0.91776	2.398396548	3506.65355	4.711481098
48.69	-126.84	41.8	5.752306	0.99902	2.398396548	3506.65355	4.711481098
48.65	-126.9	67.1	5.0980859	1.60369	2.257894129	3392.165033	5.004663351
48.69	-126.84	56.3	5.752306	1.34557	2.398396548	3506.65355	4.711481098
48.69	-126.84	36.5	5.752306	0.87235	2.398396548	3506.65355	4.711481098
48.69	-126.83	54.2	5.752306	1.29538	2.398396548	3506.65355	4.711481098
48.69	-126.83	70.9	5.752306	1.69451	2.398396548	3506.65355	4.711481098
48.69	-126.82	69.9	5.752306	1.67061	2.398396548	3506.65355	4.711481098
48.69	-126.82	71.3	5.752306	1.70407	2.398396548	3506.65355	4.711481098
48.69	-126.82	76.2	5.752306	1.82118	2.398396548	3506.65355	4.711481098
48.7	-126.82	77.7	5.752306	1.85703	2.398396548	3506.65355	4.711481098
48.7	-126.82	78.2	5.752306	1.86898	2.398396548	3506.65355	4.711481098
48.66	-126.9	65.2	5.5437579	1.55828	2.354518613	3470.157633	4.79928251
48.7	-126.81	63.5	5.752306	1.51765	2.398396548	3506.65355	4.711481098
48.7	-126.81	65.8	5.752306	1.57262	2.398396548	3506.65355	4.711481098
48.71	-126.79	61.1	5.752306	1.46029	2.398396548	3506.65355	4.711481098
48.71	-126.79	43.5	5.752306	1.03965	2.398396548	3506.65355	4.711481098
48.66	-126.9	71.3	5.5437579	1.70407	2.354518613	3470.157633	4.79928251
48.66	-126.9	67.9	5.5437579	1.62281	2.354518613	3470.157633	4.79928251
48.66	-126.9	68.8	5.5437579	1.64432	2.354518613	3470.157633	4.79928251
48.66	-126.89	67.4	5.5437579	1.61086	2.354518613	3470.157633	4.79928251
39.4	-119.75	5563.8	16.215477	132.97482	4.026844546	5337.708475	2.806167427
44.19	-123.83	35	9.8100004	0.8365	3.132092017	4216.75007	3.607812267
43.72	-121.29	221.4	9.5827484	5.29146	3.09560146	4176.98097	3.6503407
41.55	-122.26	62	8.7135773	1.4818	2.951876911	4024.876028	3.828072897
37.17	-120.07	19	16.19442	0.4541	4.024229119	5334.0235	2.807991212
38.72	-122.69	140	17.580811	3.346	4.19294777	5576.641925	2.695001374
38.72	-122.69	167	17.580811	3.9913	4.19294777	5576.641925	2.695001374
38.71	-122.72	154	17.580811	3.6806	4.19294777	5576.641925	2.695001374
38.71	-122.73	270	17.580811	6.453	4.19294777	5576.641925	2.695001374
38.71	-122.76	280	17.580811	6.692	4.19294777	5576.641925	2.695001374
38.74	-122.73	328	17.580811	7.8392	4.19294777	5576.641925	2.695001374
38.78	-122.68	283	17.580811	6.7637	4.19294777	5576.641925	2.695001374
38.75	-122.78	319	17.725136	7.6241	4.210123039	5601.8988	2.68400707
38.82	-122.9	111	17.834578	2.6529	4.22310052	5621.05115	2.675759184
38.82	-122.91	164	17.834578	3.9196	4.22310052	5621.05115	2.675759184
38.83	-122.9	156	17.834578	3.7284	4.22310052	5621.05115	2.675759184
38.83	-122.9	219	17.834578	5.2341	4.22310052	5621.05115	2.675759184
38.83	-122.92	290	17.834578	6.931	4.22310052	5621.05115	2.675759184
38.85	-122.91	58	17.834578	1.3862	4.22310052	5621.05115	2.675759184
43.9	-121.03	46	9.8749847	1.0994	3.142448838	4228.122323	3.59592171
43.87	-121.01	79	9.5827484	1.8881	3.09560146	4176.98097	3.6503407
43.85	-120.99	54	9.5827484	1.2906	3.09560146	4176.98097	3.6503407
46.73	-120.78	53	9.7773581	1.2667	3.126876732	4211.037668	3.613829699
42.21	-121.72	148.4	8.7200031	3.54676	2.952965137	4026.000543	3.826662177
43.54	-121.6	46	9.5357075	1.0994	3.08799409	4168.748813	3.659333428
39.38	-119.73	2058.5	16.215477	49.19815	4.026844546	5337.708475	2.806167427
39.9	-119.1	341.4	16.215477	8.15946	4.026844546	5337.708475	2.806167427
39.6	-119.42	124.5	16.215477	2.97555	4.026844546	5337.708475	2.806167427
40.4	-119.41	478.4	16.524179	11.43376	4.064994342	5391.731325	2.779831668
39.63	-119.35	100.3	16.215477	2.39717	4.026844546	5337.708475	2.806167427
39.66	-119.17	580	16.215477	13.862	4.026844546	5337.708475	2.806167427
39.67	-119.34	105	16.215477	2.5095	4.026844546	5337.708475	2.806167427
39.67	-119.17	277.9	16.215477	6.64181	4.026844546	5337.708475	2.806167427
39.87	-119.13	119.8	16.215477	2.86322	4.026844546	5337.708475	2.806167427
39.93	-119.07	155.4	16.215477	3.71406	4.026844546	5337.708475	2.806167427
39.9	-119.06	91.7	16.215477	2.19163	4.026844546	5337.708475	2.806167427
39.64	-119.4	65.7	16.215477	1.57023	4.026844546	5337.708475	2.806167427
39.89	-119.06	132.5	16.215477	3.16675	4.026844546	5337.708475	2.806167427
39.91	-119.14	124.9	16.215477	2.98511	4.026844546	5337.708475	2.806167427
39.91	-119.06	114.7	16.215477	2.74133	4.026844546	5337.708475	2.806167427
39.93	-119.07	140.1	16.215477	3.34839	4.026844546	5337.708475	2.806167427
39.65	-119.26	51.9	16.215477	1.24041	4.026844546	5337.708475	2.806167427
39.82	-119.22	235.1	16.215477	5.61889	4.026844546	5337.708475	2.806167427
39.82	-119.92	241.1	16.524179	5.76229	4.064994342	5391.731325	2.779831668
39.84	-119.92	96.8	16.524179	2.31352	4.064994342	5391.731325	2.779831668
39.96	-119.16	141.8	16.215477	3.38902	4.026844546	5337.708475	2.806167427
39.95	-119.16	104.5	16.215477	2.49755	4.026844546	5337.708475	2.806167427
40.02	-119.22	56.1	16.215477	1.34079	4.026844546	5337.708475	2.806167427
39.67	-119.37	96.8	16.215477	2.31352	4.026844546	5337.708475	2.806167427
40.03	-119.15	183.3	16.215477	4.38087	4.026844546	5337.708475	2.806167427
40.06	-119.06	55.3	16.215477	1.32167	4.026844546	5337.708475	2.806167427
39.8	-119.01	99	16.215477	2.3661	4.026844546	5337.708475	2.806167427
39.8	-119.01	121	16.215477	2.8919	4.026844546	5337.708475	2.806167427
39.8	-119.01	247.6	16.215477	5.91764	4.026844546	5337.708475	2.806167427
45.78	-122.2	57	9.544672	1.3623	3.089445258	4170.3176	3.657614574
45.77	-122.19	66	9.544672	1.5774	3.089445258	4170.3176	3.657614574
45.77	-122.22	65	9.544672	1.5535	3.089445258	4170.3176	3.657614574
45.78	-122.2	44	9.544672	1.0516	3.089445258	4170.3176	3.657614574
45.77	-122.2	82	9.544672	1.9598	3.089445258	4170.3176	3.657614574
44.16	-122.24	71	9.8749847	1.6969	3.142448838	4228.122323	3.59592171
42.23	-121.77	4854.6	8.7200031	116.02494	2.952965137	4026.000543	3.826662177
42.8	-120.1	47.9	8.7200031	1.14481	2.952965137	4026.000543	3.826662177
39.37	-119.77	25.5	16.215477	0.60945	4.026844546	5337.708475	2.806167427
42.24	-120.36	841	8.7200031	20.0999	2.952965137	4026.000543	3.826662177
39.38	-119.73	6487.5	16.215477	155.05125	4.026844546	5337.708475	2.806167427
39.38	-119.78	127.4	16.215477	3.04486	4.026844546	5337.708475	2.806167427
39.76	-119	127.4	16.215477	3.04486	4.026844546	5337.708475	2.806167427
42.17	-122.69	54	8.7200031	1.2906	2.952965137	4026.000543	3.826662177
42.17	-122.69	54	8.7200031	1.2906	2.952965137	4026.000543	3.826662177
46.53	-122.82	38	9.6252508	0.9082	3.102458831	4184.41889	3.642272344
38.89	-122.79	737	17.725136	17.6143	4.210123039	5601.8988	2.68400707
44.76	-121.96	105	9.8749847	2.5095	3.142448838	4228.122323	3.59592171
44.77	-121.93	130	9.8749847	3.107	3.142448838	4228.122323	3.59592171
44.77	-121.93	130	9.8749847	3.107	3.142448838	4228.122323	3.59592171
44.76	-121.96	259	9.8749847	6.1901	3.142448838	4228.122323	3.59592171
44.76	-121.96	259	9.8749847	6.1901	3.142448838	4228.122323	3.59592171
44.75	-121.89	121	9.8749847	2.8919	3.142448838	4228.122323	3.59592171
44.75	-121.89	121	9.8749847	2.8919	3.142448838	4228.122323	3.59592171
44.76	-121.99	117	9.8749847	2.7963	3.142448838	4228.122323	3.59592171
44.8	-121.99	75	9.8749847	1.7925	3.142448838	4228.122323	3.59592171
44.8	-121.99	75	9.8749847	1.7925	3.142448838	4228.122323	3.59592171
44.82	-121.94	88	9.8749847	2.1032	3.142448838	4228.122323	3.59592171
44.82	-121.94	88	9.8749847	2.1032	3.142448838	4228.122323	3.59592171
44.69	-121.93	159	9.8749847	3.8001	3.142448838	4228.122323	3.59592171
44.69	-121.93	159	9.8749847	3.8001	3.142448838	4228.122323	3.59592171
44.69	-121.89	121	9.8749847	2.8919	3.142448838	4228.122323	3.59592171
44.69	-121.89	121	9.8749847	2.8919	3.142448838	4228.122323	3.59592171
44.67	-121.93	117	9.8749847	2.7963	3.142448838	4228.122323	3.59592171
44.67	-121.93	117	9.8749847	2.7963	3.142448838	4228.122323	3.59592171
44.75	-121.94	142	9.8749847	3.3938	3.142448838	4228.122323	3.59592171
44.73	-121.97	96	9.8749847	2.2944	3.142448838	4228.122323	3.59592171
44.73	-121.97	96	9.8749847	2.2944	3.142448838	4228.122323	3.59592171
44.69	-121.99	151	9.8749847	3.6089	3.142448838	4228.122323	3.59592171
37.45	-122.03	85	16.215477	2.0315	4.026844546	5337.708475	2.806167427
44.15	-122.12	120	9.8749847	2.868	3.142448838	4228.122323	3.59592171
44.15	-122.12	120	9.8749847	2.868	3.142448838	4228.122323	3.59592171
44.35	-122.07	101	9.8749847	2.4139	3.142448838	4228.122323	3.59592171
44.35	-122.07	159	9.8749847	3.8001	3.142448838	4228.122323	3.59592171
44.31	-122.01	67	9.8749847	1.6013	3.142448838	4228.122323	3.59592171
44.3	-122.01	67	9.8749847	1.6013	3.142448838	4228.122323	3.59592171
44.27	-121.97	78.7	9.8749847	1.88093	3.142448838	4228.122323	3.59592171
44.15	-122.04	40.6	9.8749847	0.97034	3.142448838	4228.122323	3.59592171
44.16	-122	80	9.8749847	1.912	3.142448838	4228.122323	3.59592171
44.46	-122.05	20.9	9.8749847	0.49951	3.142448838	4228.122323	3.59592171
44.44	-122.01	37.7	9.8749847	0.90103	3.142448838	4228.122323	3.59592171
44.42	-122.06	85	9.8749847	2.0315	3.142448838	4228.122323	3.59592171
44.42	-122.06	85	9.8749847	2.0315	3.142448838	4228.122323	3.59592171
43.3	-122.89	53	9.4671307	1.2667	3.076870277	4156.747873	3.672563021
43.3	-122.89	53	9.4671307	1.2667	3.076870277	4156.747873	3.672563021
40.39	-120.62	700	17.370102	16.73	4.167745434	5539.76785	2.711298034
40.51	-120.66	77	17.50819	1.8403	4.18427891	5563.93325	2.700584794
40.45	-120.68	364	17.50819	8.6996	4.18427891	5563.93325	2.700584794
40.4	-120.63	406	17.370102	9.7034	4.167745434	5539.76785	2.711298034
40.41	-120.66	343	17.370102	8.1977	4.167745434	5539.76785	2.711298034
40.4	-120.64	525	17.370102	12.5475	4.167745434	5539.76785	2.711298034
40.39	-120.6	182	17.370102	4.3498	4.167745434	5539.76785	2.711298034
40.38	-120.61	700	17.370102	16.73	4.167745434	5539.76785	2.711298034
40.37	-120.63	341.6	17.370102	8.16424	4.167745434	5539.76785	2.711298034
40.44	-120.64	609	17.370102	14.5551	4.167745434	5539.76785	2.711298034
40.43	-120.67	453.6	17.50819	10.84104	4.18427891	5563.93325	2.700584794
40.43	-120.67	700	17.50819	16.73	4.18427891	5563.93325	2.700584794
41.62	-120.04	318	18.00329	7.6002	4.2430284	5650.57575	2.663192167
38.84	-121.84	27	17.088528	0.6453	4.133827282	5490.4924	2.733544299
41.74	-120.08	113	18.00329	2.7007	4.2430284	5650.57575	2.663192167
39.46	-121.99	33	17.580811	0.7887	4.19294777	5576.641925	2.695001374
41.66	-119.81	166.3	18.00329	3.97457	4.2430284	5650.57575	2.663192167
38.92	-121.61	29	17.088528	0.6931	4.133827282	5490.4924	2.733544299
42.02	-120.3	91	18.00329	2.1749	4.2430284	5650.57575	2.663192167
44.84	-122.84	55	9.8749847	1.3145	3.142448838	4228.122323	3.59592171
41.39	-119.79	2094.4	17.50819	50.05616	4.18427891	5563.93325	2.700584794
40.06	-119.16	103.7	16.215477	2.47843	4.026844546	5337.708475	2.806167427
39.99	-119.03	203.8	16.215477	4.87082	4.026844546	5337.708475	2.806167427
40	-119.19	138.3	16.215477	3.30537	4.026844546	5337.708475	2.806167427
41.38	-119.79	6132	17.50819	146.5548	4.18427891	5563.93325	2.700584794
40.08	-119.02	107.2	16.215477	2.56208	4.026844546	5337.708475	2.806167427
41.38	-119.78	128.8	17.50819	3.07832	4.18427891	5563.93325	2.700584794
41.39	-119.79	1785	17.50819	42.6615	4.18427891	5563.93325	2.700584794
39.96	-119.03	79	16.215477	1.8881	4.026844546	5337.708475	2.806167427
39.95	-119.09	176.4	16.215477	4.21596	4.026844546	5337.708475	2.806167427
40	-119.19	139.2	16.215477	3.32688	4.026844546	5337.708475	2.806167427
41.38	-119.79	6521.2	17.50819	155.85668	4.18427891	5563.93325	2.700584794
39.86	-119.16	169.4	16.215477	4.04866	4.026844546	5337.708475	2.806167427
41.39	-119.78	508.2	17.50819	12.14598	4.18427891	5563.93325	2.700584794
41.39	-119.78	128.8	17.50819	3.07832	4.18427891	5563.93325	2.700584794
41.39	-119.79	1520.4	17.50819	36.33756	4.18427891	5563.93325	2.700584794
41.47	-119.79	870.8	17.50819	20.81212	4.18427891	5563.93325	2.700584794
41.37	-119.8	6132	17.50819	146.5548	4.18427891	5563.93325	2.700584794
40.23	-119	152.2	16.215477	3.63758	4.026844546	5337.708475	2.806167427
41.38	-119.79	1940.4	17.50819	46.37556	4.18427891	5563.93325	2.700584794
39.98	-119.11	89.9	16.215477	2.14861	4.026844546	5337.708475	2.806167427
40.04	-119.2	54.6	16.215477	1.30494	4.026844546	5337.708475	2.806167427
40.01	-119.16	76.4	16.215477	1.82596	4.026844546	5337.708475	2.806167427
40.03	-119.04	124.5	16.215477	2.97555	4.026844546	5337.708475	2.806167427
41.39	-119.79	193.2	17.50819	4.61748	4.18427891	5563.93325	2.700584794
40.14	-119.04	106.5	16.215477	2.54535	4.026844546	5337.708475	2.806167427
39.95	-119.2	86.5	16.215477	2.06735	4.026844546	5337.708475	2.806167427
39.99	-119.29	56.1	16.215477	1.34079	4.026844546	5337.708475	2.806167427
39.92	-119.33	190.2	16.215477	4.54578	4.026844546	5337.708475	2.806167427
40.09	-119.1	34.6	16.215477	0.82694	4.026844546	5337.708475	2.806167427
40.06	-119.16	81.9	16.215477	1.95741	4.026844546	5337.708475	2.806167427
40.1	-119.04	71	16.215477	1.6969	4.026844546	5337.708475	2.806167427
41.38	-119.79	128.8	17.50819	3.07832	4.18427891	5563.93325	2.700584794
42	-123.76	25	8.7200031	0.5975	2.952965137	4026.000543	3.826662177
39.16	-119.19	57	16.215477	1.3623	4.026844546	5337.708475	2.806167427
39.17	-120	73	16.215477	1.7447	4.026844546	5337.708475	2.806167427
39.2	-119.98	59	16.215477	1.4101	4.026844546	5337.708475	2.806167427
39.15	-120.02	76	16.215477	1.8164	4.026844546	5337.708475	2.806167427
39.07	-120.03	67	16.215477	1.6013	4.026844546	5337.708475	2.806167427
39.1	-120.07	75	16.215477	1.7925	4.026844546	5337.708475	2.806167427
46.54	-122.62	21	9.6252508	0.5019	3.102458831	4184.41889	3.642272344
39.51	-119.77	109.8	16.215477	2.62422	4.026844546	5337.708475	2.806167427
40.42	-120.62	239.4	17.370102	5.72166	4.167745434	5539.76785	2.711298034
40.37	-120.6	2195.2	17.370102	52.46528	4.167745434	5539.76785	2.711298034
40.41	-120.49	449.1	17.217102	10.73349	4.149349588	5512.99285	2.723318381
40.4	-120.47	66.4	17.217102	1.58696	4.149349588	5512.99285	2.723318381
40.41	-120.46	92	17.217102	2.1988	4.149349588	5512.99285	2.723318381
40.4	-120.44	58.7	17.217102	1.40293	4.149349588	5512.99285	2.723318381
38.8	-122.84	183.5	17.725136	4.38565	4.210123039	5601.8988	2.68400707
40.33	-120.41	53.6	17.217102	1.28104	4.149349588	5512.99285	2.723318381
38.78	-122.82	306	17.725136	7.3134	4.210123039	5601.8988	2.68400707
38.79	-122.81	354	17.725136	8.4606	4.210123039	5601.8988	2.68400707
38.8	-122.84	403	17.725136	9.6317	4.210123039	5601.8988	2.68400707
38.74	-122.7	412	17.580811	9.8468	4.19294777	5576.641925	2.695001374
40.38	-120.63	61.3	17.370102	1.46507	4.167745434	5539.76785	2.711298034
38.73	-122.69	367	17.580811	8.7713	4.19294777	5576.641925	2.695001374
40.41	-120.67	293.4	17.370102	7.01226	4.167745434	5539.76785	2.711298034
38.73	-122.7	167	17.580811	3.9913	4.19294777	5576.641925	2.695001374
40.46	-120.62	170.9	17.370102	4.08451	4.167745434	5539.76785	2.711298034
38.73	-122.71	248	17.580811	5.9272	4.19294777	5576.641925	2.695001374
38.73	-122.71	184	17.580811	4.3976	4.19294777	5576.641925	2.695001374
38.79	-122.83	283	17.725136	6.7637	4.210123039	5601.8988	2.68400707
40.41	-120.46	97	17.217102	2.3183	4.149349588	5512.99285	2.723318381
38.81	-122.86	370	17.725136	8.843	4.210123039	5601.8988	2.68400707
38.81	-122.84	74	17.725136	1.7686	4.210123039	5601.8988	2.68400707
38.81	-122.84	599	17.725136	14.3161	4.210123039	5601.8988	2.68400707
38.8	-122.86	290	17.725136	6.931	4.210123039	5601.8988	2.68400707
38.8	-122.85	184	17.725136	4.3976	4.210123039	5601.8988	2.68400707
38.89	-122.67	257	17.725136	6.1423	4.210123039	5601.8988	2.68400707
38.88	-122.6	154	17.580811	3.6806	4.19294777	5576.641925	2.695001374
38.75	-122.8	223	17.725136	5.3297	4.210123039	5601.8988	2.68400707
38.75	-122.8	256.2	17.725136	6.12318	4.210123039	5601.8988	2.68400707
38.75	-122.8	192	17.725136	4.5888	4.210123039	5601.8988	2.68400707
38.75	-122.8	251.2	17.725136	6.00368	4.210123039	5601.8988	2.68400707
38.75	-122.78	314.7	17.725136	7.52133	4.210123039	5601.8988	2.68400707
38.76	-122.78	268.5	17.725136	6.41715	4.210123039	5601.8988	2.68400707
38.74	-122.78	424.6	17.725136	10.14794	4.210123039	5601.8988	2.68400707
38.74	-122.77	166	17.725136	3.9674	4.210123039	5601.8988	2.68400707
38.74	-122.77	265.4	17.725136	6.34306	4.210123039	5601.8988	2.68400707
38.79	-122.82	242	17.725136	5.7838	4.210123039	5601.8988	2.68400707
38.73	-122.76	207	17.580811	4.9473	4.19294777	5576.641925	2.695001374
38.73	-122.76	238	17.580811	5.6882	4.19294777	5576.641925	2.695001374
38.74	-122.76	227.6	17.580811	5.43964	4.19294777	5576.641925	2.695001374
38.74	-122.76	316	17.580811	7.5524	4.19294777	5576.641925	2.695001374
38.74	-122.75	354	17.580811	8.4606	4.19294777	5576.641925	2.695001374
38.75	-122.75	412	17.580811	9.8468	4.19294777	5576.641925	2.695001374
38.73	-122.75	280	17.580811	6.692	4.19294777	5576.641925	2.695001374
38.74	-122.79	196	17.725136	4.6844	4.210123039	5601.8988	2.68400707
38.74	-122.79	207	17.725136	4.9473	4.210123039	5601.8988	2.68400707
38.73	-122.77	165	17.580811	3.9435	4.19294777	5576.641925	2.695001374
38.73	-122.77	229	17.580811	5.4731	4.19294777	5576.641925	2.695001374
38.73	-122.73	199	17.580811	4.7561	4.19294777	5576.641925	2.695001374
38.73	-122.73	196	17.580811	4.6844	4.19294777	5576.641925	2.695001374
38.78	-122.81	250	17.725136	5.975	4.210123039	5601.8988	2.68400707
38.79	-122.69	237	17.580811	5.6643	4.19294777	5576.641925	2.695001374
38.8	-122.69	249	17.580811	5.9511	4.19294777	5576.641925	2.695001374
38.78	-122.83	203	17.725136	4.8517	4.210123039	5601.8988	2.68400707
38.9	-122.63	177	17.725136	4.2303	4.210123039	5601.8988	2.68400707
38.92	-122.85	209	17.834578	4.9951	4.22310052	5621.05115	2.675759184
38.79	-122.69	408	17.580811	9.7512	4.19294777	5576.641925	2.695001374
38.73	-122.69	224	17.580811	5.3536	4.19294777	5576.641925	2.695001374
38.77	-122.84	201	17.725136	4.8039	4.210123039	5601.8988	2.68400707
38.77	-122.84	245	17.725136	5.8555	4.210123039	5601.8988	2.68400707
38.77	-122.81	183	17.725136	4.3737	4.210123039	5601.8988	2.68400707
38.77	-122.81	305	17.725136	7.2895	4.210123039	5601.8988	2.68400707
45.3	-121.77	112	9.5414743	2.6768	3.088927694	4169.758003	3.658227423
47.12	-120.68	41	9.7773581	0.9799	3.126876732	4211.037668	3.613829699
42	-121.71	75	8.7200031	1.7925	2.952965137	4026.000543	3.826662177
40.03	-119.01	193.6	16.215477	4.62704	4.026844546	5337.708475	2.806167427
40.02	-119.02	183.3	16.215477	4.38087	4.026844546	5337.708475	2.806167427
40.02	-119.02	183.3	16.215477	4.38087	4.026844546	5337.708475	2.806167427
40.03	-119.02	186	16.215477	4.4454	4.026844546	5337.708475	2.806167427
40.02	-119	200.6	16.215477	4.79434	4.026844546	5337.708475	2.806167427
40.03	-119.01	140.1	16.215477	3.34839	4.026844546	5337.708475	2.806167427
39.99	-119.04	214	16.215477	5.1146	4.026844546	5337.708475	2.806167427
39.99	-119.04	226.8	16.215477	5.42052	4.026844546	5337.708475	2.806167427
39.99	-119.01	180.9	16.215477	4.32351	4.026844546	5337.708475	2.806167427
39.9	-119.22	527.4	16.215477	12.60486	4.026844546	5337.708475	2.806167427
39.97	-119.25	244.6	16.215477	5.84594	4.026844546	5337.708475	2.806167427
39.9	-119.13	168.2	16.215477	4.01998	4.026844546	5337.708475	2.806167427
40.03	-119.09	38	16.215477	0.9082	4.026844546	5337.708475	2.806167427
39.98	-119.03	175.8	16.215477	4.20162	4.026844546	5337.708475	2.806167427
39.98	-119.02	165.6	16.215477	3.95784	4.026844546	5337.708475	2.806167427
39.37	-119.71	107	16.215477	2.5573	4.026844546	5337.708475	2.806167427
39.58	-119.52	363.1	16.215477	8.67809	4.026844546	5337.708475	2.806167427
39.57	-119.52	127.9	16.215477	3.05681	4.026844546	5337.708475	2.806167427
39.57	-119.54	622.4	16.215477	14.87536	4.026844546	5337.708475	2.806167427
39.57	-119.54	1279.5	16.215477	30.58005	4.026844546	5337.708475	2.806167427
39.57	-119.51	103.7	16.215477	2.47843	4.026844546	5337.708475	2.806167427
39.53	-119.62	121	16.215477	2.8919	4.026844546	5337.708475	2.806167427
39.57	-119.55	204	16.215477	4.8756	4.026844546	5337.708475	2.806167427
39.58	-119.51	138.3	16.215477	3.30537	4.026844546	5337.708475	2.806167427
39.58	-119.53	210.9	16.215477	5.04051	4.026844546	5337.708475	2.806167427
39.59	-119.53	138.3	16.215477	3.30537	4.026844546	5337.708475	2.806167427
39.59	-119.49	169.4	16.215477	4.04866	4.026844546	5337.708475	2.806167427
39.58	-119.51	176.4	16.215477	4.21596	4.026844546	5337.708475	2.806167427
42.45	-121.47	83	8.7200031	1.9837	2.952965137	4026.000543	3.826662177
38.86	-122.89	272	17.834578	6.5008	4.22310052	5621.05115	2.675759184
40.6	-119.42	33	16.676729	0.7887	4.083715098	5418.427575	2.767088234
40.63	-119.4	100	16.676729	2.39	4.083715098	5418.427575	2.767088234
40.64	-119.37	100	16.676729	2.39	4.083715098	5418.427575	2.767088234
40.64	-119.36	71	16.676729	1.6969	4.083715098	5418.427575	2.767088234
40.84	-119.31	46	16.815744	1.0994	4.100700428	5442.7552	2.7556268
38.82	-122.8	583	17.725136	13.9337	4.210123039	5601.8988	2.68400707
38.85	-122.8	84	17.725136	2.0076	4.210123039	5601.8988	2.68400707
38.83	-122.74	475	17.725136	11.3525	4.210123039	5601.8988	2.68400707
38.83	-122.8	580	17.725136	13.862	4.210123039	5601.8988	2.68400707
38.84	-122.8	396	17.725136	9.4644	4.210123039	5601.8988	2.68400707
38.83	-122.81	689	17.725136	16.4671	4.210123039	5601.8988	2.68400707
38.83	-122.79	575	17.725136	13.7425	4.210123039	5601.8988	2.68400707
38.83	-122.91	363.9	17.834578	8.69721	4.22310052	5621.05115	2.675759184
38.81	-122.8	660	17.725136	15.774	4.210123039	5601.8988	2.68400707
38.75	-122.83	177	17.725136	4.2303	4.210123039	5601.8988	2.68400707
38.75	-122.83	162	17.725136	3.8718	4.210123039	5601.8988	2.68400707
38.79	-122.81	235	17.725136	5.6165	4.210123039	5601.8988	2.68400707
38.77	-122.77	361	17.725136	8.6279	4.210123039	5601.8988	2.68400707
38.84	-122.76	580	17.725136	13.862	4.210123039	5601.8988	2.68400707
38.81	-122.77	283	17.725136	6.7637	4.210123039	5601.8988	2.68400707
38.78	-122.67	201	17.580811	4.8039	4.19294777	5576.641925	2.695001374
38.86	-122.75	243	17.725136	5.8077	4.210123039	5601.8988	2.68400707
38.86	-122.67	208	17.725136	4.9712	4.210123039	5601.8988	2.68400707
38.88	-122.72	126	17.725136	3.0114	4.210123039	5601.8988	2.68400707
38.91	-122.68	117	17.725136	2.7963	4.210123039	5601.8988	2.68400707
38.82	-122.79	457.2	17.725136	10.92708	4.210123039	5601.8988	2.68400707
38.79	-122.8	445	17.725136	10.6355	4.210123039	5601.8988	2.68400707
38.78	-122.75	1938	17.725136	46.3182	4.210123039	5601.8988	2.68400707
38.85	-122.78	280	17.725136	6.692	4.210123039	5601.8988	2.68400707
38.76	-122.82	185	17.725136	4.4215	4.210123039	5601.8988	2.68400707
38.76	-122.82	261	17.725136	6.2379	4.210123039	5601.8988	2.68400707
38.79	-122.76	307	17.725136	7.3373	4.210123039	5601.8988	2.68400707
38.8	-122.77	258	17.725136	6.1662	4.210123039	5601.8988	2.68400707
38.87	-122.81	126	17.725136	3.0114	4.210123039	5601.8988	2.68400707
38.93	-122.69	402	17.725136	9.6078	4.210123039	5601.8988	2.68400707
38.77	-122.9	145	17.725136	3.4655	4.210123039	5601.8988	2.68400707
38.78	-122.77	404	17.725136	9.6556	4.210123039	5601.8988	2.68400707
38.8	-122.77	353	17.725136	8.4367	4.210123039	5601.8988	2.68400707
38.8	-122.76	235	17.725136	5.6165	4.210123039	5601.8988	2.68400707
38.82	-122.76	493	17.725136	11.7827	4.210123039	5601.8988	2.68400707
38.84	-122.81	319	17.725136	7.6241	4.210123039	5601.8988	2.68400707
38.84	-122.78	325	17.725136	7.7675	4.210123039	5601.8988	2.68400707
38.86	-122.79	138	17.725136	3.2982	4.210123039	5601.8988	2.68400707
38.87	-122.84	167	17.834578	3.9913	4.22310052	5621.05115	2.675759184
38.92	-122.67	435	17.725136	10.3965	4.210123039	5601.8988	2.68400707
38.91	-122.63	178	17.725136	4.2542	4.210123039	5601.8988	2.68400707
38.93	-122.71	305	17.725136	7.2895	4.210123039	5601.8988	2.68400707
38.93	-122.71	418	17.725136	9.9902	4.210123039	5601.8988	2.68400707
38.86	-122.67	224	17.725136	5.3536	4.210123039	5601.8988	2.68400707
38.89	-122.69	690	17.725136	16.491	4.210123039	5601.8988	2.68400707
38.83	-122.63	224	17.580811	5.3536	4.19294777	5576.641925	2.695001374
38.89	-122.79	276	17.725136	6.5964	4.210123039	5601.8988	2.68400707
38.74	-122.72	394	17.580811	9.4166	4.19294777	5576.641925	2.695001374
38.76	-122.75	367.1	17.725136	8.77369	4.210123039	5601.8988	2.68400707
38.83	-122.87	241.5	17.834578	5.77185	4.22310052	5621.05115	2.675759184
38.7	-122.74	141	17.580811	3.3699	4.19294777	5576.641925	2.695001374
38.7	-122.74	225.4	17.580811	5.38706	4.19294777	5576.641925	2.695001374
38.68	-122.74	147.6	17.580811	3.52764	4.19294777	5576.641925	2.695001374
38.89	-122.64	183	17.725136	4.3737	4.210123039	5601.8988	2.68400707
38.99	-122.82	368	17.834578	8.7952	4.22310052	5621.05115	2.675759184
38.99	-122.81	163	17.834578	3.8957	4.22310052	5621.05115	2.675759184
38.97	-122.74	397.6	17.834578	9.50264	4.22310052	5621.05115	2.675759184
38.77	-122.63	188	17.580811	4.4932	4.19294777	5576.641925	2.695001374
38.94	-122.78	368	17.834578	8.7952	4.22310052	5621.05115	2.675759184
38.86	-122.74	366	17.725136	8.7474	4.210123039	5601.8988	2.68400707
38.8	-122.61	73	17.580811	1.7447	4.19294777	5576.641925	2.695001374
38.91	-122.64	276	17.725136	6.5964	4.210123039	5601.8988	2.68400707
38.87	-122.68	324	17.725136	7.7436	4.210123039	5601.8988	2.68400707
39.06	-122.63	67	17.725136	1.6013	4.210123039	5601.8988	2.68400707
38.75	-122.59	192	17.580811	4.5888	4.19294777	5576.641925	2.695001374
38.77	-122.95	126	17.834578	3.0114	4.22310052	5621.05115	2.675759184
38.91	-122.85	366	17.834578	8.7474	4.22310052	5621.05115	2.675759184
38.94	-122.82	368	17.834578	8.7952	4.22310052	5621.05115	2.675759184
38.91	-122.68	335	17.725136	8.0065	4.210123039	5601.8988	2.68400707
38.94	-122.86	251	17.834578	5.9989	4.22310052	5621.05115	2.675759184
38.93	-122.81	167	17.834578	3.9913	4.22310052	5621.05115	2.675759184
44.56	-122.03	109	9.8749847	2.6051	3.142448838	4228.122323	3.59592171
38.99	-122.64	54	17.725136	1.2906	4.210123039	5601.8988	2.68400707
45.91	-121.05	47	9.5405912	1.1233	3.088784745	4169.60346	3.658396727
44.23	-122.18	66	9.8749847	1.5774	3.142448838	4228.122323	3.59592171
40.7	-119.35	43.7	16.676729	1.04443	4.083715098	5418.427575	2.767088234
39.78	-119	1305.3	16.215477	31.19667	4.026844546	5337.708475	2.806167427
39.76	-119.01	614.3	16.215477	14.68177	4.026844546	5337.708475	2.806167427
45.44	-121.72	38	9.5483627	0.9082	3.090042508	4170.963473	3.656907622
40.65	-119.37	1841	16.676729	43.9999	4.083715098	5418.427575	2.767088234
40.65	-119.36	105	16.676729	2.5095	4.083715098	5418.427575	2.767088234
40.65	-119.36	209	16.676729	4.9951	4.083715098	5418.427575	2.767088234
40.65	-119.37	682	16.676729	16.2998	4.083715098	5418.427575	2.767088234
40.65	-119.37	4180	16.676729	99.902	4.083715098	5418.427575	2.767088234
45.29	-121.71	73	9.5414743	1.7447	3.088927694	4169.758003	3.658227423
42.1	-119.92	105	18.00329	2.5095	4.2430284	5650.57575	2.663192167
45.42	-121.77	148	9.5483627	3.5372	3.090042508	4170.963473	3.656907622
43.71	-121.23	1594	9.5827484	38.0966	3.09560146	4176.98097	3.6503407
43.71	-121.23	1594	9.5827484	38.0966	3.09560146	4176.98097	3.6503407
42.19	-120.38	77	8.7200031	1.8403	2.952965137	4026.000543	3.826662177
45.67	-122.38	37	9.5560369	0.8843	3.091284021	4172.306458	3.655438945
37.24	-122.07	97.5	16.352819	2.33025	4.043861892	5361.743325	2.794358537
42.43	-121.37	87	8.7200031	2.0793	2.952965137	4026.000543	3.826662177
42.43	-121.37	205.8	8.7200031	4.91862	2.952965137	4026.000543	3.826662177
39.54	-119.78	143.6	16.215477	3.43204	4.026844546	5337.708475	2.806167427
47.24	-124.19	36	9.8133631	0.8604	3.132628784	4217.338543	3.607194078
39.34	-119.6	207.5	16.215477	4.95925	4.026844546	5337.708475	2.806167427
39.43	-119.69	121	16.215477	2.8919	4.026844546	5337.708475	2.806167427
39.43	-119.68	179.8	16.215477	4.29722	4.026844546	5337.708475	2.806167427
39.42	-119.67	145.2	16.215477	3.47028	4.026844546	5337.708475	2.806167427
39.4	-119.65	100.3	16.215477	2.39717	4.026844546	5337.708475	2.806167427
39.4	-119.67	1549.2	16.215477	37.02588	4.026844546	5337.708475	2.806167427
39.53	-119.69	86.5	16.215477	2.06735	4.026844546	5337.708475	2.806167427
42.11	-121.87	109	8.7200031	2.6051	2.952965137	4026.000543	3.826662177
39.41	-119.75	4978.6	16.215477	118.98854	4.026844546	5337.708475	2.806167427
40.4	-120.62	910	17.370102	21.749	4.167745434	5539.76785	2.711298034
38.78	-119.17	731.3	16.215477	17.47807	4.026844546	5337.708475	2.806167427
38.77	-119.15	109.6	16.215477	2.61944	4.026844546	5337.708475	2.806167427
38.78	-119.17	282.8	16.215477	6.75892	4.026844546	5337.708475	2.806167427
38.77	-119.16	193.6	16.215477	4.62704	4.026844546	5337.708475	2.806167427
38.78	-119.14	76.4	16.215477	1.82596	4.026844546	5337.708475	2.806167427
38.77	-119.13	122.3	16.215477	2.92297	4.026844546	5337.708475	2.806167427
38.77	-119.15	224.2	16.215477	5.35838	4.026844546	5337.708475	2.806167427
38.76	-119.16	405.1	16.215477	9.68189	4.026844546	5337.708475	2.806167427
38.77	-119.18	733.8	16.215477	17.53782	4.026844546	5337.708475	2.806167427
38.77	-119.17	519.8	16.215477	12.42322	4.026844546	5337.708475	2.806167427
38.75	-119.18	463.7	16.215477	11.08243	4.026844546	5337.708475	2.806167427
38.76	-119.15	392.4	16.215477	9.37836	4.026844546	5337.708475	2.806167427
38.77	-119.14	183.5	16.215477	4.38565	4.026844546	5337.708475	2.806167427
38.78	-119.13	147.8	16.215477	3.53242	4.026844546	5337.708475	2.806167427
38.78	-119.13	155.4	16.215477	3.71406	4.026844546	5337.708475	2.806167427
38.77	-119.12	81.5	16.215477	1.94785	4.026844546	5337.708475	2.806167427
38.79	-119.17	466.3	16.215477	11.14457	4.026844546	5337.708475	2.806167427
38.77	-119.16	244.6	16.215477	5.84594	4.026844546	5337.708475	2.806167427
38.79	-119.17	468.8	16.215477	11.20432	4.026844546	5337.708475	2.806167427
38.8	-119.17	237	16.215477	5.6643	4.026844546	5337.708475	2.806167427
38.8	-119.16	152.9	16.215477	3.65431	4.026844546	5337.708475	2.806167427
38.81	-119.17	188.6	16.215477	4.50754	4.026844546	5337.708475	2.806167427
38.81	-119.17	84.1	16.215477	2.00999	4.026844546	5337.708475	2.806167427
38.81	-119.17	196.2	16.215477	4.68918	4.026844546	5337.708475	2.806167427
38.82	-119.18	175.8	16.215477	4.20162	4.026844546	5337.708475	2.806167427
38.75	-119.19	127.4	16.215477	3.04486	4.026844546	5337.708475	2.806167427
38.74	-119.19	53.5	16.215477	1.27865	4.026844546	5337.708475	2.806167427
38.75	-119.17	158	16.215477	3.7762	4.026844546	5337.708475	2.806167427
38.74	-119.17	63.7	16.215477	1.52243	4.026844546	5337.708475	2.806167427
38.75	-119.14	275.2	16.215477	6.57728	4.026844546	5337.708475	2.806167427
38.76	-119.15	252.3	16.215477	6.02997	4.026844546	5337.708475	2.806167427
38.8	-119.16	122.3	16.215477	2.92297	4.026844546	5337.708475	2.806167427
38.82	-119.18	331.2	16.215477	7.91568	4.026844546	5337.708475	2.806167427
38.82	-119.19	555.5	16.215477	13.27645	4.026844546	5337.708475	2.806167427
45.77	-121.12	44	9.544672	1.0516	3.089445258	4170.3176	3.657614574
43.8	-122.31	82	9.5827484	1.9598	3.09560146	4176.98097	3.6503407
45.12	-120.85	60	9.68153	1.434	3.111515708	4194.26775	3.631670562
39.47	-119.63	94	16.215477	2.2466	4.026844546	5337.708475	2.806167427
46.62	-120.41	40	9.7773581	0.956	3.126876732	4211.037668	3.613829699
44.44	-122.99	25	9.8749847	0.5975	3.142448838	4228.122323	3.59592171
42.14	-122.73	50	8.7200031	1.195	2.952965137	4026.000543	3.826662177
42.36	-121.98	42	8.7200031	1.0038	2.952965137	4026.000543	3.826662177
39.04	-122.43	107	17.580811	2.5573	4.19294777	5576.641925	2.695001374
39.39	-119.72	198.7	16.215477	4.74893	4.026844546	5337.708475	2.806167427
38.91	-122.78	232	17.725136	5.5448	4.210123039	5601.8988	2.68400707
42.33	-120.52	69	8.7200031	1.6491	2.952965137	4026.000543	3.826662177
42.34	-120.52	113	8.7200031	2.7007	2.952965137	4026.000543	3.826662177
42.34	-120.52	78	8.7200031	1.8642	2.952965137	4026.000543	3.826662177
44.89	-122.69	48	9.8163719	1.1472	3.133108983	4217.865083	3.606641218
44.89	-122.69	48	9.8163719	1.1472	3.133108983	4217.865083	3.606641218
42.2	-121.73	126	8.7200031	3.0114	2.952965137	4026.000543	3.826662177
41.02	-119.56	106.9	17.088528	2.55491	4.133827282	5490.4924	2.733544299
46.83	-120.21	47	9.7773581	1.1233	3.126876732	4211.037668	3.613829699
38.93	-119.07	78	16.215477	1.8642	4.026844546	5337.708475	2.806167427
45.73	-122.44	42	9.5560369	1.0038	3.091284021	4172.306458	3.655438945
44.85	-121.83	110	9.8163719	2.629	3.133108983	4217.865083	3.606641218
42.24	-120.36	794	8.7200031	18.9766	2.952965137	4026.000543	3.826662177
42.24	-120.36	1221	8.7200031	29.1819	2.952965137	4026.000543	3.826662177
42.01	-120.3	96	18.00329	2.2944	4.2430284	5650.57575	2.663192167
44.21	-121.03	148	9.8749847	3.5372	3.142448838	4228.122323	3.59592171
42.22	-120.35	3309	8.7200031	79.0851	2.952965137	4026.000543	3.826662177
42.22	-120.35	1425	8.7200031	34.0575	2.952965137	4026.000543	3.826662177
42.22	-120.34	309	8.7200031	7.3851	2.952965137	4026.000543	3.826662177
44.23	-120.97	99	9.8749847	2.3661	3.142448838	4228.122323	3.59592171
42.22	-120.36	991	8.7200031	23.6849	2.952965137	4026.000543	3.826662177
42.21	-120.36	158	8.7200031	3.7762	2.952965137	4026.000543	3.826662177
42.04	-120.31	51	18.00329	1.2189	4.2430284	5650.57575	2.663192167
42.04	-120.31	174	18.00329	4.1586	4.2430284	5650.57575	2.663192167
42.21	-120.36	1895	8.7200031	45.2905	2.952965137	4026.000543	3.826662177
42.02	-120.3	90	18.00329	2.151	4.2430284	5650.57575	2.663192167
44.85	-121.83	110	9.8163719	2.629	3.133108983	4217.865083	3.606641218
42.37	-120.45	134	8.7200031	3.2026	2.952965137	4026.000543	3.826662177
45.68	-119.84	58	9.5560369	1.3862	3.091284021	4172.306458	3.655438945
45.7	-120.14	54	9.5560369	1.2906	3.091284021	4172.306458	3.655438945
45.7	-120.14	54	9.5560369	1.2906	3.091284021	4172.306458	3.655438945
45.7	-120.14	54	9.5560369	1.2906	3.091284021	4172.306458	3.655438945
44.55	-122.81	50	9.8749847	1.195	3.142448838	4228.122323	3.59592171
42.82	-122.94	61	8.0320463	1.4579	2.834086502	3905.608103	3.987175406
45.47	-121.2	58	9.5407829	1.3862	3.088815776	4169.637008	3.658359973
42.34	-120.54	71	8.7200031	1.6969	2.952965137	4026.000543	3.826662177
42.37	-120.57	125	8.7200031	2.9875	2.952965137	4026.000543	3.826662177
45.69	-120.13	87	9.5560369	2.0793	3.091284021	4172.306458	3.655438945
42.33	-120.57	100	8.7200031	2.39	2.952965137	4026.000543	3.826662177
42.36	-121.98	41	8.7200031	0.9799	2.952965137	4026.000543	3.826662177
42.33	-120.52	66	8.7200031	1.5774	2.952965137	4026.000543	3.826662177
43.54	-119.95	192	9.5357075	4.5888	3.08799409	4168.748813	3.659333428
42.33	-120.57	100	8.7200031	2.39	2.952965137	4026.000543	3.826662177
40.84	-127.52	54	0.009965586	1.2906	0.099827782	2501.743978	113.1949424
38.59	-127.27	32	31.536203	0.7648	5.615710374	8018.835525	2.012212035
38.32	-124.03	73	19.94416	1.7447	4.465888489	5990.228	2.530291571
38.5	-124.26	70	20.470812	1.673	4.524468146	6082.3921	2.497531121
37.93	-123.83	79	20.19767	1.8881	4.494181794	6034.59225	2.514362017
37.79	-124.28	84	22.031677	2.0076	4.693791325	6355.543475	2.407435529
38.42	-126.14	117	27.247425	2.7963	5.219906608	7268.299375	2.164789688
38.43	-126.33	86	28.011539	2.0554	5.292592843	7402.019325	2.135059381
38.49	-126.79	108	29.741478	2.5812	5.453574791	7704.75865	2.072035396
38.53	-127.06	28	30.950256	0.6692	5.563295426	7916.2948	2.031170221
38.57	-127.21	36	31.244743	0.8604	5.589699724	7967.830025	2.021575498
39.03	-130	24	30.501097	0.5736	5.522779825	7837.691975	2.046071065
38.49	-126.72	59	29.393053	1.4101	5.421536037	7643.784275	2.08428016
38.59	-127.52	13	32.307262	0.3107	5.683947748	8153.77085	1.98805487
38.75	-128.98	20	30.290819	0.478	5.503709567	7800.893325	2.053160666
38.52	-127.14	53	30.950256	1.2667	5.563295426	7916.2948	2.031170221
38.49	-126.72	59	29.393053	1.4101	5.421536037	7643.784275	2.08428016
38.46	-126.48	75	28.539879	1.7925	5.342272831	7494.478825	2.115204588
37.47	-123.84	82	21.01218	1.9598	4.583904449	6177.1315	2.465147371
38	-124.89	70	23.57716	1.673	4.855631782	6626.003	2.327194587
38.17	-125.47	74	25.24065	1.7686	5.024007365	6917.11375	2.249200525
38.4	-126.04	76	26.842258	1.8164	5.180951457	7197.39515	2.181066565
39.2	-121.06	29	16.815744	0.6931	4.100700428	5442.7552	2.7556268
40.91	-127.45	217	0.047450688	5.1863	0.217831788	2508.30387	51.87488974
40.91	-127.5	219	0.047450688	5.2341	0.217831788	2508.30387	51.87488974
40.9	-127.51	317	0.047450688	7.5763	0.217831788	2508.30387	51.87488974
40.9	-127.52	707	0.047450688	16.8973	0.217831788	2508.30387	51.87488974
40.91	-127.54	160	0.047450688	3.824	0.217831788	2508.30387	51.87488974
40.91	-127.45	201	0.047450688	4.8039	0.217831788	2508.30387	51.87488974
40.91	-127.55	137	0.27203998	3.2743	0.52157452	2547.606997	21.66516876
40.91	-127.56	409	0.27203998	9.7751	0.52157452	2547.606997	21.66516876
40.91	-127.46	176	0.047450688	4.2064	0.217831788	2508.30387	51.87488974
40.91	-127.47	155	0.047450688	3.7045	0.217831788	2508.30387	51.87488974
40.91	-127.49	229	0.047450688	5.4731	0.217831788	2508.30387	51.87488974
41	-127.51	2495	0.021391379	59.6305	0.146257919	2503.743491	77.26077359
41	-127.51	1117	0.021391379	26.6963	0.146257919	2503.743491	77.26077359
41	-127.5	3176	0.021391379	75.9064	0.146257919	2503.743491	77.26077359
41	-127.55	851	0.27136731	20.3389	0.520929275	2547.489279	21.69200414
41	-127.55	670	0.27136731	16.013	0.520929275	2547.489279	21.69200414
41	-127.54	482	0.021391379	11.5198	0.146257919	2503.743491	77.26077359
41	-127.52	410	0.021391379	9.799	0.146257919	2503.743491	77.26077359
41	-127.52	726	0.021391379	17.3514	0.146257919	2503.743491	77.26077359
40.96	-127.48	416	0.021391379	9.9424	0.146257919	2503.743491	77.26077359
40.96	-127.49	396	0.021391379	9.4644	0.146257919	2503.743491	77.26077359
40.96	-127.5	207	0.021391379	4.9473	0.146257919	2503.743491	77.26077359
40.96	-127.52	160	0.021391379	3.824	0.146257919	2503.743491	77.26077359
40.96	-127.53	219	0.021391379	5.2341	0.146257919	2503.743491	77.26077359
40.96	-127.42	693	0.23963241	16.5627	0.489522635	2541.935672	23.08371298
40.96	-127.42	444	0.23963241	10.6116	0.489522635	2541.935672	23.08371298
40.93	-127.5	192	0.047450688	4.5888	0.217831788	2508.30387	51.87488974
40.94	-127.52	133	0.047450688	3.1787	0.217831788	2508.30387	51.87488974
40.93	-127.54	179	0.047450688	4.2781	0.217831788	2508.30387	51.87488974
40.93	-127.55	204	0.27203998	4.8756	0.52157452	2547.606997	21.66516876
40.93	-127.56	247	0.27203998	5.9033	0.52157452	2547.606997	21.66516876
40.94	-127.46	174	0.047450688	4.1586	0.217831788	2508.30387	51.87488974
40.93	-127.47	152	0.047450688	3.6328	0.217831788	2508.30387	51.87488974
40.93	-127.49	160	0.047450688	3.824	0.217831788	2508.30387	51.87488974
48.44	-128.47	338	1.1955065	8.0782	1.093392199	2709.213638	10.33480943
48.44	-128.47	493	1.1955065	11.7827	1.093392199	2709.213638	10.33480943
48.44	-128.46	295	1.1955065	7.0505	1.093392199	2709.213638	10.33480943
48.44	-128.45	293	1.3642263	7.0027	1.168000985	2738.739603	9.674649379
48.44	-128.45	293	1.3642263	7.0027	1.168000985	2738.739603	9.674649379
48.44	-128.44	292	1.3642263	6.9788	1.168000985	2738.739603	9.674649379
48.44	-128.43	303	1.3642263	7.2417	1.168000985	2738.739603	9.674649379
48.44	-128.42	330	1.3642263	7.887	1.168000985	2738.739603	9.674649379
48.44	-128.42	326	1.3642263	7.7914	1.168000985	2738.739603	9.674649379
48.44	-128.41	310	1.3642263	7.409	1.168000985	2738.739603	9.674649379
48.44	-128.4	368	1.3642263	8.7952	1.168000985	2738.739603	9.674649379
48.43	-128.4	369	1.3642263	8.8191	1.168000985	2738.739603	9.674649379
48.43	-128.39	389	1.3642263	9.2971	1.168000985	2738.739603	9.674649379
50.14	-130.45	441	0.64635819	10.5399	0.803964048	2613.112683	14.05535488
49.17	-128.25	200	3.9386008	4.78	1.984590839	3189.25514	5.69386887
49.12	-128.97	181	2.3481965	4.3259	1.532382622	2910.934388	7.374137398
50.57	-130.82	19	1.5733372	0.4541	1.254327389	2775.33401	9.008812288
48.46	-128.67	170	0.59159386	4.063	0.76915139	2603.528926	14.69151607
49.17	-128.25	202	3.9386008	4.8278	1.984590839	3189.25514	5.69386887
49.11	-128.96	177	2.3481965	4.2303	1.532382622	2910.934388	7.374137398
50.47	-130.27	145	0.06584172	3.4655	0.256596415	2511.522301	44.03802764
50.57	-130.83	16	1.5733372	0.3824	1.254327389	2775.33401	9.008812288
49.11	-128.96	194	2.3481965	4.6366	1.532382622	2910.934388	7.374137398
50.56	-130.84	13	1.5733372	0.3107	1.254327389	2775.33401	9.008812288
50.13	-130.43	739	0.64635819	17.6621	0.803964048	2613.112683	14.05535488
49.11	-128.96	200	2.3481965	4.78	1.532382622	2910.934388	7.374137398
50.56	-130.85	15	1.5733372	0.3585	1.254327389	2775.33401	9.008812288
49.66	-130.09	156	0.59459901	3.7284	0.771102464	2604.054827	14.65434301
49.18	-128.25	198	3.9386008	4.7322	1.984590839	3189.25514	5.69386887
49.1	-128.95	225	2.6050727	5.3775	1.614023761	2955.887723	7.001136089
50.55	-130.87	33	2.2212367	0.7887	1.490381394	2888.716423	7.581951871
49.1	-128.95	188	2.6050727	4.4932	1.614023761	2955.887723	7.001136089
50.55	-130.88	20	2.2212367	0.478	1.490381394	2888.716423	7.581951871
50.12	-130.42	382	0.64635819	9.1298	0.803964048	2613.112683	14.05535488
48.46	-128.64	512	0.8665905	12.2368	0.930908427	2651.653338	12.13868053
49.1	-128.94	204	2.6050727	4.8756	1.614023761	2955.887723	7.001136089
50.54	-130.89	12	2.2212367	0.2868	1.490381394	2888.716423	7.581951871
50.12	-130.41	258	0.64635819	6.1662	0.803964048	2613.112683	14.05535488
49.66	-130.07	534	0.59459901	12.7626	0.771102464	2604.054827	14.65434301
49.09	-128.94	187	2.6050727	4.4693	1.614023761	2955.887723	7.001136089
49.65	-130.06	285	0.68830746	6.8115	0.829642971	2620.453806	13.62031668
49.09	-128.93	175	2.6050727	4.1825	1.614023761	2955.887723	7.001136089
48.46	-128.62	458	0.8665905	10.9462	0.930908427	2651.653338	12.13868053
49.09	-128.93	187	2.6050727	4.4693	1.614023761	2955.887723	7.001136089
48.46	-128.61	1360	0.8665905	32.504	0.930908427	2651.653338	12.13868053
50.14	-130.45	441	0.64635819	10.5399	0.803964048	2613.112683	14.05535488
50.13	-130.44	723	0.64635819	17.2797	0.803964048	2613.112683	14.05535488
50.13	-130.44	386	0.64635819	9.2254	0.803964048	2613.112683	14.05535488
50.13	-130.43	739	0.64635819	17.6621	0.803964048	2613.112683	14.05535488
50.12	-130.43	704	0.64635819	16.8256	0.803964048	2613.112683	14.05535488
50.12	-130.42	382	0.64635819	9.1298	0.803964048	2613.112683	14.05535488
50.12	-130.41	258	0.64635819	6.1662	0.803964048	2613.112683	14.05535488
50.11	-130.41	218	0.64635819	5.2102	0.803964048	2613.112683	14.05535488
50.11	-130.4	269	0.64635819	6.4291	0.803964048	2613.112683	14.05535488
49.68	-130.11	96	0.59459901	2.2944	0.771102464	2604.054827	14.65434301
49.67	-130.1	49	0.59459901	1.1711	0.771102464	2604.054827	14.65434301
49.67	-130.1	152	0.59459901	3.6328	0.771102464	2604.054827	14.65434301
49.66	-130.09	156	0.59459901	3.7284	0.771102464	2604.054827	14.65434301
49.66	-130.08	106	0.59459901	2.5334	0.771102464	2604.054827	14.65434301
49.66	-130.07	534	0.59459901	12.7626	0.771102464	2604.054827	14.65434301
49.65	-130.06	285	0.68830746	6.8115	0.829642971	2620.453806	13.62031668
49.65	-130.06	327	0.68830746	7.8153	0.829642971	2620.453806	13.62031668
49.65	-130.05	342	0.68830746	8.1738	0.829642971	2620.453806	13.62031668
49.64	-130.04	393	0.81696123	9.3927	0.903859076	2642.968215	12.50194892
49.64	-130.04	274	0.81696123	6.5486	0.903859076	2642.968215	12.50194892
49.64	-130.03	292	0.81696123	6.9788	0.903859076	2642.968215	12.50194892
49.64	-130.03	344	0.81696123	8.2216	0.903859076	2642.968215	12.50194892
49.63	-130.02	320	0.81696123	7.648	0.903859076	2642.968215	12.50194892
49.63	-130.01	268	0.81696123	6.4052	0.903859076	2642.968215	12.50194892
49.62	-130	188	0.81696123	4.4932	0.903859076	2642.968215	12.50194892
49.62	-130	81	0.81696123	1.9359	0.903859076	2642.968215	12.50194892
49.62	-129.99	236	0.81696123	5.6404	0.903859076	2642.968215	12.50194892
49.62	-129.98	366	0.81696123	8.7474	0.903859076	2642.968215	12.50194892
49.61	-129.98	194	0.81696123	4.6366	0.903859076	2642.968215	12.50194892
49.61	-129.97	100	0.81696123	2.39	0.903859076	2642.968215	12.50194892
49.61	-129.97	124	0.81696123	2.9636	0.903859076	2642.968215	12.50194892
49.6	-129.96	272	0.81696123	6.5008	0.903859076	2642.968215	12.50194892
49.6	-129.96	382	0.81696123	9.1298	0.903859076	2642.968215	12.50194892
49.6	-129.95	390	1.0505846	9.321	1.024980292	2683.852305	11.02460221
48.46	-128.68	348	0.59159386	8.3172	0.76915139	2603.528926	14.69151607
48.46	-128.67	170	0.59159386	4.063	0.76915139	2603.528926	14.69151607
48.46	-128.67	185	0.59159386	4.4215	0.76915139	2603.528926	14.69151607
48.46	-128.66	376	0.59159386	8.9864	0.76915139	2603.528926	14.69151607
48.46	-128.65	229	0.59159386	5.4731	0.76915139	2603.528926	14.69151607
48.46	-128.65	526	0.59159386	12.5714	0.76915139	2603.528926	14.69151607
48.46	-128.64	512	0.8665905	12.2368	0.930908427	2651.653338	12.13868053
48.46	-128.63	209	0.8665905	4.9951	0.930908427	2651.653338	12.13868053
48.46	-128.62	303	0.8665905	7.2417	0.930908427	2651.653338	12.13868053
48.46	-128.62	458	0.8665905	10.9462	0.930908427	2651.653338	12.13868053
48.46	-128.61	1360	0.8665905	32.504	0.930908427	2651.653338	12.13868053
48.46	-128.6	396	0.8665905	9.4644	0.930908427	2651.653338	12.13868053
48.45	-128.59	155	0.8665905	3.7045	0.930908427	2651.653338	12.13868053
48.45	-128.58	333	0.8665905	7.9587	0.930908427	2651.653338	12.13868053
48.45	-128.57	145	0.8665905	3.4655	0.930908427	2651.653338	12.13868053
48.45	-128.57	155	0.8665905	3.7045	0.930908427	2651.653338	12.13868053
48.45	-128.56	134	0.8665905	3.2026	0.930908427	2651.653338	12.13868053
48.45	-128.55	233	0.8665905	5.5687	0.930908427	2651.653338	12.13868053
48.45	-128.53	173	1.1157724	4.1347	1.056301283	2695.26017	10.69770546
48.45	-128.52	335	1.1157724	8.0065	1.056301283	2695.26017	10.69770546
48.45	-128.52	389	1.1157724	9.2971	1.056301283	2695.26017	10.69770546
48.45	-128.51	137	1.1157724	3.2743	1.056301283	2695.26017	10.69770546
48.45	-128.5	145	1.1157724	3.4655	1.056301283	2695.26017	10.69770546
48.45	-128.5	154	1.1157724	3.6806	1.056301283	2695.26017	10.69770546
48.44	-128.49	171	1.1955065	4.0869	1.093392199	2709.213638	10.33480943
48.44	-128.48	184	1.1955065	4.3976	1.093392199	2709.213638	10.33480943
48.44	-128.47	338	1.1955065	8.0782	1.093392199	2709.213638	10.33480943
48.44	-128.47	493	1.1955065	11.7827	1.093392199	2709.213638	10.33480943
49.17	-128.25	200	3.9386008	4.78	1.984590839	3189.25514	5.69386887
49.17	-128.25	202	3.9386008	4.8278	1.984590839	3189.25514	5.69386887
49.18	-128.25	192	3.9386008	4.5888	1.984590839	3189.25514	5.69386887
49.18	-128.25	194	3.9386008	4.6366	1.984590839	3189.25514	5.69386887
49.18	-128.25	198	3.9386008	4.7322	1.984590839	3189.25514	5.69386887
49.12	-128.97	181	2.3481965	4.3259	1.532382622	2910.934388	7.374137398
49.11	-128.96	177	2.3481965	4.2303	1.532382622	2910.934388	7.374137398
49.11	-128.96	194	2.3481965	4.6366	1.532382622	2910.934388	7.374137398
49.11	-128.96	200	2.3481965	4.78	1.532382622	2910.934388	7.374137398
49.1	-128.95	225	2.6050727	5.3775	1.614023761	2955.887723	7.001136089
49.1	-128.95	188	2.6050727	4.4932	1.614023761	2955.887723	7.001136089
49.1	-128.94	204	2.6050727	4.8756	1.614023761	2955.887723	7.001136089
49.09	-128.94	187	2.6050727	4.4693	1.614023761	2955.887723	7.001136089
49.09	-128.93	175	2.6050727	4.1825	1.614023761	2955.887723	7.001136089
49.09	-128.93	187	2.6050727	4.4693	1.614023761	2955.887723	7.001136089
50.73	-131.12	25	2.265857	0.5975	1.505276387	2896.524975	7.506927034
50.73	-131.1	23	2.265857	0.5497	1.505276387	2896.524975	7.506927034
50.73	-131.09	41	2.265857	0.9799	1.505276387	2896.524975	7.506927034
50.73	-131.08	65	2.265857	1.5535	1.505276387	2896.524975	7.506927034
50.47	-130.28	243	0.06584172	5.8077	0.256596415	2511.522301	44.03802764
50.47	-130.27	145	0.06584172	3.4655	0.256596415	2511.522301	44.03802764
50.48	-130.26	153	0.06584172	3.6567	0.256596415	2511.522301	44.03802764
50.57	-130.82	19	1.5733372	0.4541	1.254327389	2775.33401	9.008812288
50.57	-130.83	16	1.5733372	0.3824	1.254327389	2775.33401	9.008812288
50.56	-130.84	13	1.5733372	0.3107	1.254327389	2775.33401	9.008812288
50.56	-130.85	15	1.5733372	0.3585	1.254327389	2775.33401	9.008812288
50.55	-130.87	33	2.2212367	0.7887	1.490381394	2888.716423	7.581951871
50.55	-130.88	20	2.2212367	0.478	1.490381394	2888.716423	7.581951871
50.54	-130.89	12	2.2212367	0.2868	1.490381394	2888.716423	7.581951871
49.64	-130.04	274	0.81696123	6.5486	0.903859076	2642.968215	12.50194892
48.46	-128.6	396	0.8665905	9.4644	0.930908427	2651.653338	12.13868053
48.45	-128.59	155	0.8665905	3.7045	0.930908427	2651.653338	12.13868053
48.45	-128.58	333	0.8665905	7.9587	0.930908427	2651.653338	12.13868053
49.63	-130.02	320	0.81696123	7.648	0.903859076	2642.968215	12.50194892
48.45	-128.57	145	0.8665905	3.4655	0.930908427	2651.653338	12.13868053
48.45	-128.57	155	0.8665905	3.7045	0.930908427	2651.653338	12.13868053
48.45	-128.56	134	0.8665905	3.2026	0.930908427	2651.653338	12.13868053
48.45	-128.55	233	0.8665905	5.5687	0.930908427	2651.653338	12.13868053
49.62	-130	81	0.81696123	1.9359	0.903859076	2642.968215	12.50194892
49.62	-129.98	366	0.81696123	8.7474	0.903859076	2642.968215	12.50194892
48.45	-128.53	173	1.1157724	4.1347	1.056301283	2695.26017	10.69770546
48.45	-128.52	335	1.1157724	8.0065	1.056301283	2695.26017	10.69770546
48.45	-128.52	389	1.1157724	9.2971	1.056301283	2695.26017	10.69770546
48.45	-128.51	137	1.1157724	3.2743	1.056301283	2695.26017	10.69770546
48.45	-128.5	145	1.1157724	3.4655	1.056301283	2695.26017	10.69770546
48.45	-128.5	154	1.1157724	3.6806	1.056301283	2695.26017	10.69770546
48.44	-128.49	171	1.1955065	4.0869	1.093392199	2709.213638	10.33480943
48.44	-128.48	184	1.1955065	4.3976	1.093392199	2709.213638	10.33480943
49.65	-130.06	327	0.68830746	7.8153	0.829642971	2620.453806	13.62031668
49.65	-130.05	342	0.68830746	8.1738	0.829642971	2620.453806	13.62031668
49.64	-130.04	393	0.81696123	9.3927	0.903859076	2642.968215	12.50194892
49.64	-130.03	292	0.81696123	6.9788	0.903859076	2642.968215	12.50194892
49.64	-130.03	344	0.81696123	8.2216	0.903859076	2642.968215	12.50194892
49.63	-130.01	268	0.81696123	6.4052	0.903859076	2642.968215	12.50194892
49.62	-130	188	0.81696123	4.4932	0.903859076	2642.968215	12.50194892
49.62	-129.99	236	0.81696123	5.6404	0.903859076	2642.968215	12.50194892
49.61	-129.98	194	0.81696123	4.6366	0.903859076	2642.968215	12.50194892
49.6	-129.95	390	1.0505846	9.321	1.024980292	2683.852305	11.02460221
50.13	-130.44	723	0.64635819	17.2797	0.803964048	2613.112683	14.05535488
49.18	-128.25	192	3.9386008	4.5888	1.984590839	3189.25514	5.69386887
50.13	-130.44	386	0.64635819	9.2254	0.803964048	2613.112683	14.05535488
49.18	-128.25	194	3.9386008	4.6366	1.984590839	3189.25514	5.69386887
50.12	-130.43	704	0.64635819	16.8256	0.803964048	2613.112683	14.05535488
49.66	-130.08	106	0.59459901	2.5334	0.771102464	2604.054827	14.65434301
50.11	-130.41	218	0.64635819	5.2102	0.803964048	2613.112683	14.05535488
48.36	-126.23	87	6.6210885	2.0793	2.573147586	3658.690488	4.391508696
48.35	-126.24	92	6.6210885	2.1988	2.573147586	3658.690488	4.391508696
48.35	-126.24	82	6.6210885	1.9598	2.573147586	3658.690488	4.391508696
48.35	-126.25	83	6.40137	1.9837	2.530092884	3620.23975	4.466239193
48.35	-126.25	81	6.40137	1.9359	2.530092884	3620.23975	4.466239193
48.34	-126.26	90	6.5365396	2.151	2.556665719	3643.89443	4.419819109
48.32	-126.31	103	6.5365396	2.4617	2.556665719	3643.89443	4.419819109
48.32	-126.33	66	6.5365396	1.5774	2.556665719	3643.89443	4.419819109
48.31	-126.35	76	6.5365396	1.8164	2.556665719	3643.89443	4.419819109
48.31	-126.37	91	6.2660885	2.1749	2.503215632	3596.565488	4.514193606
48.3	-126.39	79	6.2660885	1.8881	2.503215632	3596.565488	4.514193606
48.3	-126.42	95	6.2660885	2.2705	2.503215632	3596.565488	4.514193606
48.29	-126.44	93	6.2660885	2.2227	2.503215632	3596.565488	4.514193606
48.29	-126.46	89	5.9780002	2.1271	2.444994928	3546.150035	4.621686478
48.28	-126.48	124	5.9780002	2.9636	2.444994928	3546.150035	4.621686478
48.27	-126.5	119	5.9780002	2.8441	2.444994928	3546.150035	4.621686478
48.27	-126.52	118	5.9780002	2.8202	2.444994928	3546.150035	4.621686478
48.26	-126.55	103	5.7164354	2.4617	2.390906815	3500.376195	4.72624024
48.26	-126.57	91	5.7164354	2.1749	2.390906815	3500.376195	4.72624024
48.16	-126.61	106	5.7203693	2.5334	2.391729353	3501.064628	4.724614841
48.15	-126.63	112	5.9089842	2.6768	2.430840225	3534.072235	4.648598408
48.14	-126.64	115	5.9089842	2.7485	2.430840225	3534.072235	4.648598408
48.14	-126.65	116	5.7152658	2.7724	2.39066221	3500.171515	4.726723815
48.13	-126.66	114	5.7152658	2.7246	2.39066221	3500.171515	4.726723815
48.13	-126.67	122	5.7152658	2.9158	2.39066221	3500.171515	4.726723815
48.12	-126.68	127	5.7152658	3.0353	2.39066221	3500.171515	4.726723815
48.12	-126.69	120	5.7152658	2.868	2.39066221	3500.171515	4.726723815
48.11	-126.7	118	5.7152658	2.8202	2.39066221	3500.171515	4.726723815
48.11	-126.71	124	5.7152658	2.9636	2.39066221	3500.171515	4.726723815
48.1	-126.72	123	5.7152658	2.9397	2.39066221	3500.171515	4.726723815
48.09	-126.73	141	5.7152658	3.3699	2.39066221	3500.171515	4.726723815
48.09	-126.74	142	5.7152658	3.3938	2.39066221	3500.171515	4.726723815
48.08	-126.75	136	5.4567189	3.2504	2.335962093	3454.925808	4.837407265
48.08	-126.76	121	5.4567189	2.8919	2.335962093	3454.925808	4.837407265
48.07	-126.77	78	5.4567189	1.8642	2.335962093	3454.925808	4.837407265
48.07	-126.78	135	5.4567189	3.2265	2.335962093	3454.925808	4.837407265
48.56	-127.08	109	4.5077429	2.6051	2.123144578	3288.855008	5.322294165
48.55	-127.09	108	4.3637662	2.5812	2.088962948	3263.659085	5.409382684
48.55	-127.09	112	4.3637662	2.6768	2.088962948	3263.659085	5.409382684
48.55	-127.1	118	4.3637662	2.8202	2.088962948	3263.659085	5.409382684
48.55	-127.1	118	4.3637662	2.8202	2.088962948	3263.659085	5.409382684
48.68	-126.84	89	5.752306	2.1271	2.398396548	3506.65355	4.711481098
48.67	-126.86	96	5.5437579	2.2944	2.354518613	3470.157633	4.79928251
48.67	-126.86	88	5.5437579	2.1032	2.354518613	3470.157633	4.79928251
48.66	-126.87	92	5.5437579	2.1988	2.354518613	3470.157633	4.79928251
48.66	-126.88	97	5.5437579	2.3183	2.354518613	3470.157633	4.79928251
48.66	-126.89	96	5.5437579	2.2944	2.354518613	3470.157633	4.79928251
48.65	-126.89	107	5.0980859	2.5573	2.257894129	3392.165033	5.004663351
48.65	-126.9	107	5.0980859	2.5573	2.257894129	3392.165033	5.004663351
48.64	-126.91	96	5.0980859	2.2944	2.257894129	3392.165033	5.004663351
48.64	-126.92	103	5.0980859	2.4617	2.257894129	3392.165033	5.004663351
48.64	-126.92	93	5.0980859	2.2227	2.257894129	3392.165033	5.004663351
48.63	-126.93	84	5.0980859	2.0076	2.257894129	3392.165033	5.004663351
48.63	-126.94	84	5.0980859	2.0076	2.257894129	3392.165033	5.004663351
48.63	-126.95	109	4.8090472	2.6051	2.192953989	3341.58326	5.152866888
48.62	-126.96	102	4.8090472	2.4378	2.192953989	3341.58326	5.152866888
48.62	-126.96	110	4.8090472	2.629	2.192953989	3341.58326	5.152866888
48.61	-126.97	109	4.8090472	2.6051	2.192953989	3341.58326	5.152866888
48.61	-126.98	110	4.8090472	2.629	2.192953989	3341.58326	5.152866888
48.76	-126.67	82	6.336699	1.9598	2.51728008	3608.922325	4.488972082
48.74	-126.7	81	5.9347811	1.9359	2.436140616	3538.586693	4.6384843
48.74	-126.72	75	5.9347811	1.7925	2.436140616	3538.586693	4.6384843
48.73	-126.73	67	5.9347811	1.6013	2.436140616	3538.586693	4.6384843
48.72	-126.75	82	5.752306	1.9598	2.398396548	3506.65355	4.711481098
48.71	-126.76	72	5.752306	1.7208	2.398396548	3506.65355	4.711481098
48.71	-126.78	92	5.752306	2.1988	2.398396548	3506.65355	4.711481098
48.26	-126.37	95	6.2660885	2.2705	2.503215632	3596.565488	4.514193606
48.26	-126.38	92	6.2660885	2.1988	2.503215632	3596.565488	4.514193606
48.26	-126.39	95	6.2660885	2.2705	2.503215632	3596.565488	4.514193606
48.25	-126.39	103	6.2521348	2.4617	2.500426924	3594.12359	4.519228254
48.25	-126.4	94	6.2521348	2.2466	2.500426924	3594.12359	4.519228254
48.25	-126.41	105	6.2521348	2.5095	2.500426924	3594.12359	4.519228254
48.24	-126.41	106	6.2521348	2.5334	2.500426924	3594.12359	4.519228254
48.24	-126.42	100	6.2521348	2.39	2.500426924	3594.12359	4.519228254
48.24	-126.42	95	6.2521348	2.2705	2.500426924	3594.12359	4.519228254
48.24	-126.43	97	6.2521348	2.3183	2.500426924	3594.12359	4.519228254
48.23	-126.44	99	6.2521348	2.3661	2.500426924	3594.12359	4.519228254
48.23	-126.44	103	6.2521348	2.4617	2.500426924	3594.12359	4.519228254
48.23	-126.45	109	6.2521348	2.6051	2.500426924	3594.12359	4.519228254
48.23	-126.45	127	6.2521348	3.0353	2.500426924	3594.12359	4.519228254
48.22	-126.46	101	5.9770608	2.4139	2.444802814	3545.98564	4.622049654
48.22	-126.47	91	5.9770608	2.1749	2.444802814	3545.98564	4.622049654
48.22	-126.47	94	5.9770608	2.2466	2.444802814	3545.98564	4.622049654
48.21	-126.48	100	5.9770608	2.39	2.444802814	3545.98564	4.622049654
48.21	-126.48	93	5.9770608	2.2227	2.444802814	3545.98564	4.622049654
48.21	-126.49	89	5.9770608	2.1271	2.444802814	3545.98564	4.622049654
48.21	-126.5	66	5.9770608	1.5774	2.444802814	3545.98564	4.622049654
48.2	-126.5	129	5.9770608	3.0831	2.444802814	3545.98564	4.622049654
48.2	-126.51	46	5.9770608	1.0994	2.444802814	3545.98564	4.622049654
48.2	-126.51	69	5.9770608	1.6491	2.444802814	3545.98564	4.622049654
48.2	-126.52	67	5.9770608	1.6013	2.444802814	3545.98564	4.622049654
48.19	-126.53	94	5.9770608	2.2466	2.444802814	3545.98564	4.622049654
48.19	-126.53	115	5.9770608	2.7485	2.444802814	3545.98564	4.622049654
48.19	-126.54	121	5.9770608	2.8919	2.444802814	3545.98564	4.622049654
48.18	-126.54	97	5.9770608	2.3183	2.444802814	3545.98564	4.622049654
48.18	-126.55	120	5.7203693	2.868	2.391729353	3501.064628	4.724614841
48.18	-126.56	110	5.7203693	2.629	2.391729353	3501.064628	4.724614841
48.18	-126.56	114	5.7203693	2.7246	2.391729353	3501.064628	4.724614841
48.17	-126.57	112	5.7203693	2.6768	2.391729353	3501.064628	4.724614841
48.17	-126.57	111	5.7203693	2.6529	2.391729353	3501.064628	4.724614841
48.17	-126.58	114	5.7203693	2.7246	2.391729353	3501.064628	4.724614841
48.17	-126.59	130	5.7203693	3.107	2.391729353	3501.064628	4.724614841
48.42	-126.97	147	4.6329985	3.5133	2.152440127	3310.774738	5.249855668
48.43	-126.98	147	4.6329985	3.5133	2.152440127	3310.774738	5.249855668
48.43	-126.98	142	4.6329985	3.3938	2.152440127	3310.774738	5.249855668
48.44	-126.99	145	4.6329985	3.4655	2.152440127	3310.774738	5.249855668
48.44	-127	145	4.6329985	3.4655	2.152440127	3310.774738	5.249855668
48.45	-127	139	4.6428313	3.3221	2.154723022	3312.495478	5.244293529
48.45	-127.01	117	4.6428313	2.7963	2.154723022	3312.495478	5.244293529
48.36	-126.22	89	6.6210885	2.1271	2.573147586	3658.690488	4.391508696
48.56	-127.08	109	4.5077429	2.6051	2.123144578	3288.855008	5.322294165
48.56	-127.08	108	4.5077429	2.5812	2.123144578	3288.855008	5.322294165
48.55	-127.09	112	4.3637662	2.6768	2.088962948	3263.659085	5.409382684
48.55	-127.1	118	4.3637662	2.8202	2.088962948	3263.659085	5.409382684
48.68	-126.84	89	5.752306	2.1271	2.398396548	3506.65355	4.711481098
48.67	-126.85	96	5.752306	2.2944	2.398396548	3506.65355	4.711481098
48.67	-126.86	88	5.5437579	2.1032	2.354518613	3470.157633	4.79928251
48.67	-126.86	92	5.5437579	2.1988	2.354518613	3470.157633	4.79928251
48.66	-126.87	97	5.5437579	2.3183	2.354518613	3470.157633	4.79928251
48.66	-126.88	96	5.5437579	2.2944	2.354518613	3470.157633	4.79928251
48.65	-126.89	107	5.0980859	2.5573	2.257894129	3392.165033	5.004663351
48.65	-126.91	96	5.0980859	2.2944	2.257894129	3392.165033	5.004663351
48.64	-126.91	103	5.0980859	2.4617	2.257894129	3392.165033	5.004663351
48.64	-126.92	93	5.0980859	2.2227	2.257894129	3392.165033	5.004663351
48.63	-126.93	84	5.0980859	2.0076	2.257894129	3392.165033	5.004663351
48.63	-126.95	109	4.8090472	2.6051	2.192953989	3341.58326	5.152866888
48.62	-126.95	102	4.8090472	2.4378	2.192953989	3341.58326	5.152866888
48.62	-126.96	110	4.8090472	2.629	2.192953989	3341.58326	5.152866888
48.61	-126.97	109	4.8090472	2.6051	2.192953989	3341.58326	5.152866888
48.61	-126.98	110	4.8090472	2.629	2.192953989	3341.58326	5.152866888
48.76	-126.67	82	6.336699	1.9598	2.51728008	3608.922325	4.488972082
48.75	-126.69	81	5.9347811	1.9359	2.436140616	3538.586693	4.6384843
48.74	-126.71	75	5.9347811	1.7925	2.436140616	3538.586693	4.6384843
48.73	-126.73	67	5.9347811	1.6013	2.436140616	3538.586693	4.6384843
48.72	-126.74	82	5.9347811	1.9598	2.436140616	3538.586693	4.6384843
48.72	-126.76	72	5.752306	1.7208	2.398396548	3506.65355	4.711481098
48.71	-126.78	92	5.752306	2.1988	2.398396548	3506.65355	4.711481098
48.26	-126.37	95	6.2660885	2.2705	2.503215632	3596.565488	4.514193606
48.26	-126.38	92	6.2660885	2.1988	2.503215632	3596.565488	4.514193606
48.26	-126.38	95	6.2660885	2.2705	2.503215632	3596.565488	4.514193606
48.25	-126.39	103	6.2521348	2.4617	2.500426924	3594.12359	4.519228254
48.25	-126.39	94	6.2521348	2.2466	2.500426924	3594.12359	4.519228254
48.25	-126.4	105	6.2521348	2.5095	2.500426924	3594.12359	4.519228254
48.25	-126.41	106	6.2521348	2.5334	2.500426924	3594.12359	4.519228254
48.24	-126.41	100	6.2521348	2.39	2.500426924	3594.12359	4.519228254
48.24	-126.42	95	6.2521348	2.2705	2.500426924	3594.12359	4.519228254
48.24	-126.43	97	6.2521348	2.3183	2.500426924	3594.12359	4.519228254
48.24	-126.43	99	6.2521348	2.3661	2.500426924	3594.12359	4.519228254
48.23	-126.44	103	6.2521348	2.4617	2.500426924	3594.12359	4.519228254
48.23	-126.44	109	6.2521348	2.6051	2.500426924	3594.12359	4.519228254
48.23	-126.45	127	6.2521348	3.0353	2.500426924	3594.12359	4.519228254
48.22	-126.46	101	5.9770608	2.4139	2.444802814	3545.98564	4.622049654
48.22	-126.46	91	5.9770608	2.1749	2.444802814	3545.98564	4.622049654
48.22	-126.47	94	5.9770608	2.2466	2.444802814	3545.98564	4.622049654
48.22	-126.48	100	5.9770608	2.39	2.444802814	3545.98564	4.622049654
48.21	-126.48	93	5.9770608	2.2227	2.444802814	3545.98564	4.622049654
48.21	-126.49	89	5.9770608	2.1271	2.444802814	3545.98564	4.622049654
48.21	-126.49	66	5.9770608	1.5774	2.444802814	3545.98564	4.622049654
48.2	-126.5	129	5.9770608	3.0831	2.444802814	3545.98564	4.622049654
48.2	-126.51	46	5.9770608	1.0994	2.444802814	3545.98564	4.622049654
48.2	-126.51	69	5.9770608	1.6491	2.444802814	3545.98564	4.622049654
48.2	-126.52	67	5.9770608	1.6013	2.444802814	3545.98564	4.622049654
48.19	-126.52	94	5.9770608	2.2466	2.444802814	3545.98564	4.622049654
48.19	-126.53	115	5.9770608	2.7485	2.444802814	3545.98564	4.622049654
48.19	-126.54	121	5.9770608	2.8919	2.444802814	3545.98564	4.622049654
48.18	-126.54	97	5.9770608	2.3183	2.444802814	3545.98564	4.622049654
48.18	-126.55	120	5.7203693	2.868	2.391729353	3501.064628	4.724614841
48.18	-126.56	110	5.7203693	2.629	2.391729353	3501.064628	4.724614841
48.18	-126.56	114	5.7203693	2.7246	2.391729353	3501.064628	4.724614841
48.17	-126.57	112	5.7203693	2.6768	2.391729353	3501.064628	4.724614841
48.17	-126.57	111	5.7203693	2.6529	2.391729353	3501.064628	4.724614841
48.17	-126.58	114	5.7203693	2.7246	2.391729353	3501.064628	4.724614841
48.17	-126.59	130	5.7203693	3.107	2.391729353	3501.064628	4.724614841
48.41	-126.97	147	4.6329985	3.5133	2.152440127	3310.774738	5.249855668
48.42	-126.98	142	4.6329985	3.3938	2.152440127	3310.774738	5.249855668
48.43	-126.99	145	4.6329985	3.4655	2.152440127	3310.774738	5.249855668
48.44	-127	139	4.6329985	3.3221	2.152440127	3310.774738	5.249855668
48.45	-127.01	117	4.6428313	2.7963	2.154723022	3312.495478	5.244293529
48.36	-126.22	89	6.6210885	2.1271	2.573147586	3658.690488	4.391508696
48.36	-126.23	87	6.6210885	2.0793	2.573147586	3658.690488	4.391508696
48.36	-126.23	92	6.6210885	2.1988	2.573147586	3658.690488	4.391508696
48.35	-126.24	82	6.6210885	1.9598	2.573147586	3658.690488	4.391508696
48.35	-126.24	83	6.6210885	1.9837	2.573147586	3658.690488	4.391508696
48.35	-126.25	81	6.40137	1.9359	2.530092884	3620.23975	4.466239193
48.34	-126.26	90	6.5365396	2.151	2.556665719	3643.89443	4.419819109
48.33	-126.27	103	6.5365396	2.4617	2.556665719	3643.89443	4.419819109
48.33	-126.28	66	6.5365396	1.5774	2.556665719	3643.89443	4.419819109
48.32	-126.29	76	6.5365396	1.8164	2.556665719	3643.89443	4.419819109
48.32	-126.3	91	6.5365396	2.1749	2.556665719	3643.89443	4.419819109
48.31	-126.31	79	6.5365396	1.8881	2.556665719	3643.89443	4.419819109
48.29	-126.51	95	5.9780002	2.2705	2.444994928	3546.150035	4.621686478
48.28	-126.52	93	5.9780002	2.2227	2.444994928	3546.150035	4.621686478
48.28	-126.52	89	5.9780002	2.1271	2.444994928	3546.150035	4.621686478
48.27	-126.53	124	5.9780002	2.9636	2.444994928	3546.150035	4.621686478
48.27	-126.54	119	5.9780002	2.8441	2.444994928	3546.150035	4.621686478
48.27	-126.55	118	5.7164354	2.8202	2.390906815	3500.376195	4.72624024
48.26	-126.56	103	5.7164354	2.4617	2.390906815	3500.376195	4.72624024
48.26	-126.57	91	5.7164354	2.1749	2.390906815	3500.376195	4.72624024
48.16	-126.61	106	5.7203693	2.5334	2.391729353	3501.064628	4.724614841
48.15	-126.62	112	5.9089842	2.6768	2.430840225	3534.072235	4.648598408
48.15	-126.63	115	5.9089842	2.7485	2.430840225	3534.072235	4.648598408
48.14	-126.64	116	5.9089842	2.7724	2.430840225	3534.072235	4.648598408
48.14	-126.65	114	5.7152658	2.7246	2.39066221	3500.171515	4.726723815
48.13	-126.66	122	5.7152658	2.9158	2.39066221	3500.171515	4.726723815
48.12	-126.67	127	5.7152658	3.0353	2.39066221	3500.171515	4.726723815
48.12	-126.68	120	5.7152658	2.868	2.39066221	3500.171515	4.726723815
48.11	-126.69	118	5.7152658	2.8202	2.39066221	3500.171515	4.726723815
48.11	-126.7	124	5.7152658	2.9636	2.39066221	3500.171515	4.726723815
48.1	-126.72	123	5.7152658	2.9397	2.39066221	3500.171515	4.726723815
48.1	-126.73	141	5.7152658	3.3699	2.39066221	3500.171515	4.726723815
48.09	-126.74	142	5.7152658	3.3938	2.39066221	3500.171515	4.726723815
48.09	-126.75	136	5.4567189	3.2504	2.335962093	3454.925808	4.837407265
48.07	-126.77	78	5.4567189	1.8642	2.335962093	3454.925808	4.837407265
48.07	-126.78	135	5.4567189	3.2265	2.335962093	3454.925808	4.837407265
47.93	-128.85	166	0.66285837	3.9674	0.814161145	2616.000215	13.87931624
47.92	-128.84	149	0.66285837	3.5611	0.814161145	2616.000215	13.87931624
47.92	-128.84	94	0.66285837	2.2466	0.814161145	2616.000215	13.87931624
47.92	-128.83	113	0.66285837	2.7007	0.814161145	2616.000215	13.87931624
47.92	-128.82	111	0.66285837	2.6529	0.814161145	2616.000215	13.87931624
47.92	-128.82	115	0.66285837	2.7485	0.814161145	2616.000215	13.87931624
47.92	-128.81	98	0.66285837	2.3422	0.814161145	2616.000215	13.87931624
47.91	-128.81	88	0.66285837	2.1032	0.814161145	2616.000215	13.87931624
47.91	-128.8	96	0.66285837	2.2944	0.814161145	2616.000215	13.87931624
47.91	-128.8	115	0.66285837	2.7485	0.814161145	2616.000215	13.87931624
47.91	-128.79	131	0.66285837	3.1309	0.814161145	2616.000215	13.87931624
47.9	-128.78	166	0.66285837	3.9674	0.814161145	2616.000215	13.87931624
47.88	-128.73	247	0.91232389	5.9033	0.955156474	2659.656681	11.83052233
47.88	-128.72	228	0.91232389	5.4492	0.955156474	2659.656681	11.83052233
47.88	-128.71	249	0.91232389	5.9511	0.955156474	2659.656681	11.83052233
47.87	-128.71	260	0.91232389	6.214	0.955156474	2659.656681	11.83052233
47.87	-128.7	290	0.91232389	6.931	0.955156474	2659.656681	11.83052233
47.87	-128.7	282	0.91232389	6.7398	0.955156474	2659.656681	11.83052233
47.87	-128.69	357	0.91232389	8.5323	0.955156474	2659.656681	11.83052233
47.86	-128.68	273	0.91232389	6.5247	0.955156474	2659.656681	11.83052233
47.86	-128.67	290	0.91232389	6.931	0.955156474	2659.656681	11.83052233
47.86	-128.67	273	0.91232389	6.5247	0.955156474	2659.656681	11.83052233
47.86	-128.66	333	0.91232389	7.9587	0.955156474	2659.656681	11.83052233
47.86	-128.66	456	0.91232389	10.8984	0.955156474	2659.656681	11.83052233
47.85	-128.64	334	1.1679138	7.9826	1.080700606	2704.384915	10.45617994
47.85	-128.64	245	1.1679138	5.8555	1.080700606	2704.384915	10.45617994
47.85	-128.63	275	1.1679138	6.5725	1.080700606	2704.384915	10.45617994
47.96	-128.81	358	0.50150979	8.5562	0.708173559	2587.764213	15.95654039
47.96	-128.81	478	0.50150979	11.4242	0.708173559	2587.764213	15.95654039
47.95	-128.81	390	0.50150979	9.321	0.708173559	2587.764213	15.95654039
47.95	-128.81	386	0.50150979	9.2254	0.708173559	2587.764213	15.95654039
47.94	-128.81	364	0.66285837	8.6996	0.814161145	2616.000215	13.87931624
47.93	-128.83	304	0.66285837	7.2656	0.814161145	2616.000215	13.87931624
47.93	-128.82	112	0.66285837	2.6768	0.814161145	2616.000215	13.87931624
47.93	-128.82	153	0.66285837	3.6567	0.814161145	2616.000215	13.87931624
47.92	-128.82	73	0.66285837	1.7447	0.814161145	2616.000215	13.87931624
47.92	-128.83	175	0.66285837	4.1825	0.814161145	2616.000215	13.87931624
47.91	-128.82	113	0.66285837	2.7007	0.814161145	2616.000215	13.87931624
47.9	-128.83	110	0.66285837	2.629	0.814161145	2616.000215	13.87931624
47.9	-128.83	180	0.66285837	4.302	0.814161145	2616.000215	13.87931624
47.89	-128.83	139	0.66285837	3.3221	0.814161145	2616.000215	13.87931624
47.89	-128.83	123	0.66285837	2.9397	0.814161145	2616.000215	13.87931624
47.88	-128.83	114	0.66285837	2.7246	0.814161145	2616.000215	13.87931624
47.87	-128.83	119	0.66285837	2.8441	0.814161145	2616.000215	13.87931624
47.87	-128.84	125	0.66285837	2.9875	0.814161145	2616.000215	13.87931624
47.86	-128.84	265	0.66285837	6.3335	0.814161145	2616.000215	13.87931624
47.99	-128.79	208	0.50150979	4.9712	0.708173559	2587.764213	15.95654039
47.99	-128.8	170	0.50150979	4.063	0.708173559	2587.764213	15.95654039
47.98	-128.8	172	0.50150979	4.1108	0.708173559	2587.764213	15.95654039
47.98	-128.8	148	0.50150979	3.5372	0.708173559	2587.764213	15.95654039
47.97	-128.81	177	0.50150979	4.2303	0.708173559	2587.764213	15.95654039
47.97	-128.81	161	0.50150979	3.8479	0.708173559	2587.764213	15.95654039
47.97	-128.83	131	0.50150979	3.1309	0.708173559	2587.764213	15.95654039
47.96	-128.82	139	0.50150979	3.3221	0.708173559	2587.764213	15.95654039
47.94	-128.76	91	0.66285837	2.1749	0.814161145	2616.000215	13.87931624
47.94	-128.77	106	0.66285837	2.5334	0.814161145	2616.000215	13.87931624
47.95	-128.78	111	0.50150979	2.6529	0.708173559	2587.764213	15.95654039
47.95	-128.79	85	0.50150979	2.0315	0.708173559	2587.764213	15.95654039
47.95	-128.8	85	0.50150979	2.0315	0.708173559	2587.764213	15.95654039
47.95	-128.81	157	0.50150979	3.7523	0.708173559	2587.764213	15.95654039
47.96	-128.83	92	0.50150979	2.1988	0.708173559	2587.764213	15.95654039
47.82	-128.67	571	1.1115648	13.6469	1.054307735	2694.52384	10.71793332
47.83	-128.67	542	1.1115648	12.9538	1.054307735	2694.52384	10.71793332
47.84	-128.68	409	1.1115648	9.7751	1.054307735	2694.52384	10.71793332
47.84	-128.68	427	1.1115648	10.2053	1.054307735	2694.52384	10.71793332
47.85	-128.68	312	0.91232389	7.4568	0.955156474	2659.656681	11.83052233
47.86	-128.68	298	0.91232389	7.1222	0.955156474	2659.656681	11.83052233
47.87	-128.69	360	0.91232389	8.604	0.955156474	2659.656681	11.83052233
47.87	-128.69	274	0.91232389	6.5486	0.955156474	2659.656681	11.83052233
47.88	-128.69	251	0.91232389	5.9989	0.955156474	2659.656681	11.83052233
47.88	-128.7	291	0.91232389	6.9549	0.955156474	2659.656681	11.83052233
47.88	-128.7	304	0.91232389	7.2656	0.955156474	2659.656681	11.83052233
47.89	-128.7	266	0.91232389	6.3574	0.955156474	2659.656681	11.83052233
47.86	-128.64	271	1.1679138	6.4769	1.080700606	2704.384915	10.45617994
47.87	-128.64	274	1.1679138	6.5486	1.080700606	2704.384915	10.45617994
47.87	-128.64	358	1.1679138	8.5562	1.080700606	2704.384915	10.45617994
47.88	-128.65	245	0.91232389	5.8555	0.955156474	2659.656681	11.83052233
47.88	-128.65	309	0.91232389	7.3851	0.955156474	2659.656681	11.83052233
47.89	-128.65	298	0.91232389	7.1222	0.955156474	2659.656681	11.83052233
47.89	-128.66	207	0.91232389	4.9473	0.955156474	2659.656681	11.83052233
47.89	-128.66	384	0.91232389	9.1776	0.955156474	2659.656681	11.83052233
47.89	-128.66	364	0.91232389	8.6996	0.955156474	2659.656681	11.83052233
47.9	-128.66	398	0.91232389	9.5122	0.955156474	2659.656681	11.83052233
47.9	-128.67	387	0.91232389	9.2493	0.955156474	2659.656681	11.83052233
47.75	-127.22	146	4.6330013	3.4894	2.152440777	3310.775228	5.249854081
47.75	-127.23	140	4.6330013	3.346	2.152440777	3310.775228	5.249854081
47.75	-127.24	146	4.6330013	3.4894	2.152440777	3310.775228	5.249854081
47.76	-127.25	142	4.2658925	3.3938	2.065403714	3246.531188	5.47108535
47.76	-127.26	143	4.2658925	3.4177	2.065403714	3246.531188	5.47108535
47.76	-127.27	147	4.2658925	3.5133	2.065403714	3246.531188	5.47108535
47.77	-127.33	161	4.2658925	3.8479	2.065403714	3246.531188	5.47108535
47.78	-127.35	154	4.2658925	3.6806	2.065403714	3246.531188	5.47108535
47.78	-127.35	166	4.2658925	3.9674	2.065403714	3246.531188	5.47108535
47.78	-127.36	158	4.1103892	3.7762	2.02740948	3219.31811	5.573615055
47.78	-127.37	181	4.1103892	4.3259	2.02740948	3219.31811	5.573615055
47.79	-127.39	155	4.1103892	3.7045	2.02740948	3219.31811	5.573615055
47.79	-127.4	145	4.1103892	3.4655	2.02740948	3219.31811	5.573615055
47.84	-127.72	1164	3.3711357	27.8196	1.836065277	3089.948748	6.154465282
47.84	-127.74	759	3.3711357	18.1401	1.836065277	3089.948748	6.154465282
47.84	-127.75	310	3.1612465	7.409	1.777989454	3053.218138	6.355493263
47.84	-127.77	253	3.1612465	6.0467	1.777989454	3053.218138	6.355493263
47.84	-127.77	223	3.1612465	5.3297	1.777989454	3053.218138	6.355493263
47.85	-127.78	194	2.9645884	4.6366	1.721798014	3018.80297	6.562906863
47.85	-127.79	213	2.9645884	5.0907	1.721798014	3018.80297	6.562906863
47.85	-127.8	209	2.9645884	4.9951	1.721798014	3018.80297	6.562906863
47.85	-127.81	237	2.9645884	5.6643	1.721798014	3018.80297	6.562906863
47.85	-127.82	255	2.9645884	6.0945	1.721798014	3018.80297	6.562906863
47.85	-127.82	277	2.9645884	6.6203	1.721798014	3018.80297	6.562906863
47.85	-127.83	258	2.9645884	6.1662	1.721798014	3018.80297	6.562906863
47.86	-127.84	269	2.9645884	6.4291	1.721798014	3018.80297	6.562906863
47.86	-127.87	213	2.6994836	5.0907	1.643010529	2972.40963	6.877618735
47.86	-127.91	221	2.6994836	5.2819	1.643010529	2972.40963	6.877618735
47.85	-127.63	1741	3.4528952	41.6099	1.85819676	3104.25666	6.081164407
47.85	-127.64	366	3.4528952	8.7474	1.85819676	3104.25666	6.081164407
47.85	-127.65	460	3.1907601	10.994	1.786269884	3058.383018	6.326031748
47.86	-127.67	215	3.1907601	5.1385	1.786269884	3058.383018	6.326031748
47.86	-127.67	200	3.1907601	4.78	1.786269884	3058.383018	6.326031748
47.86	-127.68	171	3.1907601	4.0869	1.786269884	3058.383018	6.326031748
47.86	-127.7	202	3.1907601	4.8278	1.786269884	3058.383018	6.326031748
47.86	-127.7	244	3.1907601	5.8316	1.786269884	3058.383018	6.326031748
47.86	-127.71	326	3.1907601	7.7914	1.786269884	3058.383018	6.326031748
47.86	-127.71	440	3.1907601	10.516	1.786269884	3058.383018	6.326031748
47.87	-127.72	1004	3.1907601	23.9956	1.786269884	3058.383018	6.326031748
47.87	-127.72	1169	3.1907601	27.9391	1.786269884	3058.383018	6.326031748
47.87	-127.72	353	3.1907601	8.4367	1.786269884	3058.383018	6.326031748
47.87	-127.73	253	3.1907601	6.0467	1.786269884	3058.383018	6.326031748
47.87	-127.74	300	3.1907601	7.17	1.786269884	3058.383018	6.326031748
47.87	-127.74	297	3.1907601	7.0983	1.786269884	3058.383018	6.326031748
47.87	-127.62	720	3.4528952	17.208	1.85819676	3104.25666	6.081164407
47.9	-127.64	262	3.4528952	6.2618	1.85819676	3104.25666	6.081164407
47.91	-127.64	225	3.4528952	5.3775	1.85819676	3104.25666	6.081164407
47.92	-127.65	197	3.1907601	4.7083	1.786269884	3058.383018	6.326031748
47.92	-127.65	170	3.1907601	4.063	1.786269884	3058.383018	6.326031748
47.93	-127.65	157	3.1907601	3.7523	1.786269884	3058.383018	6.326031748
47.94	-127.66	153	3.1907601	3.6567	1.786269884	3058.383018	6.326031748
47.86	-127.68	154	3.1907601	3.6806	1.786269884	3058.383018	6.326031748
47.86	-127.68	177	3.1907601	4.2303	1.786269884	3058.383018	6.326031748
47.87	-127.69	196	3.1907601	4.6844	1.786269884	3058.383018	6.326031748
47.87	-127.69	244	3.1907601	5.8316	1.786269884	3058.383018	6.326031748
47.88	-127.69	246	3.1907601	5.8794	1.786269884	3058.383018	6.326031748
47.89	-127.7	223	3.1907601	5.3297	1.786269884	3058.383018	6.326031748
47.89	-127.7	283	3.1907601	6.7637	1.786269884	3058.383018	6.326031748
47.89	-127.7	338	3.1907601	8.0782	1.786269884	3058.383018	6.326031748
47.9	-127.71	512	3.1907601	12.2368	1.786269884	3058.383018	6.326031748
47.9	-127.71	988	3.1907601	23.6132	1.786269884	3058.383018	6.326031748
47.91	-127.71	429	3.1907601	10.2531	1.786269884	3058.383018	6.326031748
47.92	-127.71	277	3.1907601	6.6203	1.786269884	3058.383018	6.326031748
47.92	-127.72	340	3.1907601	8.126	1.786269884	3058.383018	6.326031748
47.93	-127.72	273	3.1907601	6.5247	1.786269884	3058.383018	6.326031748
47.94	-127.73	277	3.1907601	6.6203	1.786269884	3058.383018	6.326031748
47.94	-127.73	279	3.1907601	6.6681	1.786269884	3058.383018	6.326031748
47.95	-127.73	195	3.0129824	4.6605	1.735794458	3027.27192	6.509987371
47.96	-127.74	178	3.0129824	4.2542	1.735794458	3027.27192	6.509987371
47.96	-127.74	180	3.0129824	4.302	1.735794458	3027.27192	6.509987371
47.76	-127.63	159	3.5786738	3.8001	1.891738301	3126.267915	5.973342081
47.83	-127.66	222	3.3711357	5.3058	1.836065277	3089.948748	6.154465282
47.84	-127.67	196	3.3711357	4.6844	1.836065277	3089.948748	6.154465282
47.84	-127.67	210	3.3711357	5.019	1.836065277	3089.948748	6.154465282
47.85	-127.67	260	3.1907601	6.214	1.786269884	3058.383018	6.326031748
47.85	-127.67	211	3.1907601	5.0429	1.786269884	3058.383018	6.326031748
47.86	-127.68	199	3.1907601	4.7561	1.786269884	3058.383018	6.326031748
47.82	-127.49	208	3.8465323	4.9712	1.961257836	3173.143153	5.761608592
47.82	-127.49	185	3.8465323	4.4215	1.961257836	3173.143153	5.761608592
47.82	-127.51	216	3.8465323	5.1624	1.961257836	3173.143153	5.761608592
47.82	-127.52	146	3.8465323	3.4894	1.961257836	3173.143153	5.761608592
47.83	-127.53	132	3.8465323	3.1548	1.961257836	3173.143153	5.761608592
47.83	-127.54	132	3.8465323	3.1548	1.961257836	3173.143153	5.761608592
47.83	-127.55	160	3.5786738	3.824	1.891738301	3126.267915	5.973342081
47.83	-127.56	251	3.5786738	5.9989	1.891738301	3126.267915	5.973342081
47.84	-127.57	275	3.5786738	6.5725	1.891738301	3126.267915	5.973342081
47.84	-127.58	393	3.5786738	9.3927	1.891738301	3126.267915	5.973342081
47.84	-127.59	237	3.5786738	5.6643	1.891738301	3126.267915	5.973342081
47.84	-127.6	197	3.5786738	4.7083	1.891738301	3126.267915	5.973342081
47.84	-127.61	253	3.5786738	6.0467	1.891738301	3126.267915	5.973342081
47.89	-127.49	221	3.7126944	5.2819	1.926835333	3149.72152	5.864538504
47.91	-127.59	205	3.4528952	4.8995	1.85819676	3104.25666	6.081164407
47.91	-127.59	224	3.4528952	5.3536	1.85819676	3104.25666	6.081164407
47.72	-127.82	184	3.251128	4.3976	1.803088462	3068.9474	6.267024742
47.72	-127.82	181	3.251128	4.3259	1.803088462	3068.9474	6.267024742
47.72	-127.81	172	3.251128	4.1108	1.803088462	3068.9474	6.267024742
47.72	-127.8	218	3.251128	5.2102	1.803088462	3068.9474	6.267024742
47.71	-127.79	269	3.251128	6.4291	1.803088462	3068.9474	6.267024742
47.71	-127.79	302	3.251128	7.2178	1.803088462	3068.9474	6.267024742
47.71	-127.79	971	3.251128	23.2069	1.803088462	3068.9474	6.267024742
47.71	-127.78	1234	3.251128	29.4926	1.803088462	3068.9474	6.267024742
47.71	-127.78	465	3.251128	11.1135	1.803088462	3068.9474	6.267024742
47.71	-127.78	434	3.251128	10.3726	1.803088462	3068.9474	6.267024742
47.71	-127.78	311	3.251128	7.4329	1.803088462	3068.9474	6.267024742
47.71	-127.77	227	3.251128	5.4253	1.803088462	3068.9474	6.267024742
47.71	-127.77	210	3.251128	5.019	1.803088462	3068.9474	6.267024742
47.71	-127.76	197	3.251128	4.7083	1.803088462	3068.9474	6.267024742
47.76	-127.76	179	3.1612465	4.2781	1.777989454	3053.218138	6.355493263
47.7	-127.75	178	3.251128	4.2542	1.803088462	3068.9474	6.267024742
47.7	-127.75	162	3.251128	3.8718	1.803088462	3068.9474	6.267024742
47.86	-127.7	217	3.1907601	5.1863	1.786269884	3058.383018	6.326031748
47.86	-127.7	214	3.1907601	5.1146	1.786269884	3058.383018	6.326031748
47.86	-127.7	245	3.1907601	5.8555	1.786269884	3058.383018	6.326031748
47.86	-127.71	309	3.1907601	7.3851	1.786269884	3058.383018	6.326031748
47.86	-127.71	392	3.1907601	9.3688	1.786269884	3058.383018	6.326031748
47.87	-127.72	564	3.1907601	13.4796	1.786269884	3058.383018	6.326031748
47.87	-127.72	1066	3.1907601	25.4774	1.786269884	3058.383018	6.326031748
47.87	-127.72	1003	3.1907601	23.9717	1.786269884	3058.383018	6.326031748
47.87	-127.73	335	3.1907601	8.0065	1.786269884	3058.383018	6.326031748
47.87	-127.73	214	3.1907601	5.1146	1.786269884	3058.383018	6.326031748
47.87	-127.74	217	3.1907601	5.1863	1.786269884	3058.383018	6.326031748
47.85	-127.73	266	3.1907601	6.3574	1.786269884	3058.383018	6.326031748
47.85	-127.73	295	3.1907601	7.0505	1.786269884	3058.383018	6.326031748
47.85	-127.72	452	3.1907601	10.8028	1.786269884	3058.383018	6.326031748
47.85	-127.72	684	3.1907601	16.3476	1.786269884	3058.383018	6.326031748
47.85	-127.72	485	3.1907601	11.5915	1.786269884	3058.383018	6.326031748
47.85	-127.72	435	3.1907601	10.3965	1.786269884	3058.383018	6.326031748
47.85	-127.72	367	3.1907601	8.7713	1.786269884	3058.383018	6.326031748
47.85	-127.71	255	3.1907601	6.0945	1.786269884	3058.383018	6.326031748
47.85	-127.7	208	3.1907601	4.9712	1.786269884	3058.383018	6.326031748
47.79	-127.85	220	3.1612465	5.258	1.777989454	3053.218138	6.355493263
47.92	-128.72	171	0.91232389	4.0869	0.955156474	2659.656681	11.83052233
47.92	-128.72	164	0.91232389	3.9196	0.955156474	2659.656681	11.83052233
47.92	-128.71	170	0.91232389	4.063	0.955156474	2659.656681	11.83052233
47.92	-128.71	183	0.91232389	4.3737	0.955156474	2659.656681	11.83052233
47.92	-128.7	168	0.91232389	4.0152	0.955156474	2659.656681	11.83052233
47.92	-128.7	222	0.91232389	5.3058	0.955156474	2659.656681	11.83052233
47.92	-128.69	236	0.91232389	5.6404	0.955156474	2659.656681	11.83052233
47.92	-128.69	258	0.91232389	6.1662	0.955156474	2659.656681	11.83052233
47.92	-128.68	276	0.91232389	6.5964	0.955156474	2659.656681	11.83052233
47.91	-128.67	284	0.91232389	6.7876	0.955156474	2659.656681	11.83052233
47.91	-128.67	296	0.91232389	7.0744	0.955156474	2659.656681	11.83052233
47.91	-128.66	313	0.91232389	7.4807	0.955156474	2659.656681	11.83052233
47.91	-128.66	328	0.91232389	7.8392	0.955156474	2659.656681	11.83052233
47.91	-128.65	338	0.91232389	8.0782	0.955156474	2659.656681	11.83052233
47.91	-128.65	345	0.91232389	8.2455	0.955156474	2659.656681	11.83052233
47.91	-128.64	342	1.1679138	8.1738	1.080700606	2704.384915	10.45617994
47.9	-128.63	360	1.1679138	8.604	1.080700606	2704.384915	10.45617994
47.9	-128.63	351	1.1679138	8.3889	1.080700606	2704.384915	10.45617994
47.9	-128.62	327	1.1679138	7.8153	1.080700606	2704.384915	10.45617994
47.9	-128.62	305	1.1679138	7.2895	1.080700606	2704.384915	10.45617994
47.9	-128.61	336	1.1679138	8.0304	1.080700606	2704.384915	10.45617994
47.9	-128.61	283	1.1679138	6.7637	1.080700606	2704.384915	10.45617994
47.9	-128.61	308	1.1679138	7.3612	1.080700606	2704.384915	10.45617994
47.9	-128.6	346	1.1679138	8.2694	1.080700606	2704.384915	10.45617994
47.9	-128.59	311	1.1679138	7.4329	1.080700606	2704.384915	10.45617994
47.9	-128.59	325	1.1679138	7.7675	1.080700606	2704.384915	10.45617994
47.9	-128.58	330	1.1679138	7.887	1.080700606	2704.384915	10.45617994
47.89	-128.58	357	1.1679138	8.5323	1.080700606	2704.384915	10.45617994
47.89	-128.57	616	1.1679138	14.7224	1.080700606	2704.384915	10.45617994
47.89	-128.57	783	1.1679138	18.7137	1.080700606	2704.384915	10.45617994
47.89	-128.57	497	1.1679138	11.8783	1.080700606	2704.384915	10.45617994
47.89	-128.56	697	1.1679138	16.6583	1.080700606	2704.384915	10.45617994
47.89	-128.56	759	1.1679138	18.1401	1.080700606	2704.384915	10.45617994
47.89	-128.56	499	1.1679138	11.9261	1.080700606	2704.384915	10.45617994
47.89	-128.55	381	1.1679138	9.1059	1.080700606	2704.384915	10.45617994
47.89	-128.54	358	1.414219	8.5562	1.189209401	2747.488325	9.502111225
47.89	-128.54	324	1.414219	7.7436	1.189209401	2747.488325	9.502111225
47.89	-128.54	228	1.414219	5.4492	1.189209401	2747.488325	9.502111225
47.89	-128.53	175	1.414219	4.1825	1.189209401	2747.488325	9.502111225
47.89	-128.53	217	1.414219	5.1863	1.189209401	2747.488325	9.502111225
47.88	-128.52	262	1.414219	6.2618	1.189209401	2747.488325	9.502111225
47.92	-128.52	177	1.414219	4.2303	1.189209401	2747.488325	9.502111225
47.92	-128.52	173	1.414219	4.1347	1.189209401	2747.488325	9.502111225
47.92	-128.53	179	1.414219	4.2781	1.189209401	2747.488325	9.502111225
47.92	-128.53	180	1.414219	4.302	1.189209401	2747.488325	9.502111225
47.92	-128.53	202	1.414219	4.8278	1.189209401	2747.488325	9.502111225
47.92	-128.54	213	1.414219	5.0907	1.189209401	2747.488325	9.502111225
47.92	-128.54	233	1.414219	5.5687	1.189209401	2747.488325	9.502111225
47.92	-128.54	247	1.414219	5.9033	1.189209401	2747.488325	9.502111225
47.92	-128.55	267	1.1679138	6.3813	1.080700606	2704.384915	10.45617994
47.92	-128.55	278	1.1679138	6.6442	1.080700606	2704.384915	10.45617994
47.92	-128.55	282	1.1679138	6.7398	1.080700606	2704.384915	10.45617994
47.92	-128.55	374	1.1679138	8.9386	1.080700606	2704.384915	10.45617994
47.92	-128.55	539	1.1679138	12.8821	1.080700606	2704.384915	10.45617994
47.93	-128.56	453	1.1679138	10.8267	1.080700606	2704.384915	10.45617994
47.93	-128.56	450	1.1679138	10.755	1.080700606	2704.384915	10.45617994
47.93	-128.56	380	1.1679138	9.082	1.080700606	2704.384915	10.45617994
47.93	-128.57	290	1.1679138	6.931	1.080700606	2704.384915	10.45617994
47.93	-128.57	287	1.1679138	6.8593	1.080700606	2704.384915	10.45617994
47.93	-128.57	308	1.1679138	7.3612	1.080700606	2704.384915	10.45617994
47.93	-128.58	257	1.1679138	6.1423	1.080700606	2704.384915	10.45617994
47.93	-128.58	251	1.1679138	5.9989	1.080700606	2704.384915	10.45617994
47.93	-128.58	240	1.1679138	5.736	1.080700606	2704.384915	10.45617994
47.93	-128.58	238	1.1679138	5.6882	1.080700606	2704.384915	10.45617994
47.93	-128.59	245	1.1679138	5.8555	1.080700606	2704.384915	10.45617994
47.93	-128.59	242	1.1679138	5.7838	1.080700606	2704.384915	10.45617994
47.93	-128.59	248	1.1679138	5.9272	1.080700606	2704.384915	10.45617994
47.93	-128.59	256	1.1679138	6.1184	1.080700606	2704.384915	10.45617994
47.93	-128.59	274	1.1679138	6.5486	1.080700606	2704.384915	10.45617994
47.93	-128.59	280	1.1679138	6.692	1.080700606	2704.384915	10.45617994
47.93	-128.59	280	1.1679138	6.692	1.080700606	2704.384915	10.45617994
47.93	-128.6	265	1.1679138	6.3335	1.080700606	2704.384915	10.45617994
47.93	-128.6	259	1.1679138	6.1901	1.080700606	2704.384915	10.45617994
47.93	-128.6	255	1.1679138	6.0945	1.080700606	2704.384915	10.45617994
47.93	-128.6	249	1.1679138	5.9511	1.080700606	2704.384915	10.45617994
47.93	-128.6	245	1.1679138	5.8555	1.080700606	2704.384915	10.45617994
47.93	-128.6	252	1.1679138	6.0228	1.080700606	2704.384915	10.45617994
47.93	-128.6	258	1.1679138	6.1662	1.080700606	2704.384915	10.45617994
47.93	-128.6	266	1.1679138	6.3574	1.080700606	2704.384915	10.45617994
47.93	-128.61	268	1.1679138	6.4052	1.080700606	2704.384915	10.45617994
47.93	-128.61	274	1.1679138	6.5486	1.080700606	2704.384915	10.45617994
47.93	-128.61	281	1.1679138	6.7159	1.080700606	2704.384915	10.45617994
47.93	-128.61	285	1.1679138	6.8115	1.080700606	2704.384915	10.45617994
47.93	-128.61	294	1.1679138	7.0266	1.080700606	2704.384915	10.45617994
47.93	-128.61	289	1.1679138	6.9071	1.080700606	2704.384915	10.45617994
47.93	-128.61	290	1.1679138	6.931	1.080700606	2704.384915	10.45617994
47.93	-128.61	299	1.1679138	7.1461	1.080700606	2704.384915	10.45617994
47.93	-128.61	295	1.1679138	7.0505	1.080700606	2704.384915	10.45617994
47.94	-128.61	295	1.1679138	7.0505	1.080700606	2704.384915	10.45617994
47.94	-128.62	289	1.1679138	6.9071	1.080700606	2704.384915	10.45617994
47.94	-128.62	284	1.1679138	6.7876	1.080700606	2704.384915	10.45617994
47.94	-128.62	280	1.1679138	6.692	1.080700606	2704.384915	10.45617994
47.94	-128.62	277	1.1679138	6.6203	1.080700606	2704.384915	10.45617994
47.94	-128.62	273	1.1679138	6.5247	1.080700606	2704.384915	10.45617994
47.94	-128.62	275	1.1679138	6.5725	1.080700606	2704.384915	10.45617994
47.94	-128.63	293	1.1679138	7.0027	1.080700606	2704.384915	10.45617994
47.94	-128.63	293	1.1679138	7.0027	1.080700606	2704.384915	10.45617994
47.94	-128.63	295	1.1679138	7.0505	1.080700606	2704.384915	10.45617994
47.94	-128.63	291	1.1679138	6.9549	1.080700606	2704.384915	10.45617994
47.94	-128.63	289	1.1679138	6.9071	1.080700606	2704.384915	10.45617994
47.94	-128.63	272	1.1679138	6.5008	1.080700606	2704.384915	10.45617994
47.94	-128.63	269	1.1679138	6.4291	1.080700606	2704.384915	10.45617994
47.94	-128.63	264	1.1679138	6.3096	1.080700606	2704.384915	10.45617994
47.94	-128.63	267	1.1679138	6.3813	1.080700606	2704.384915	10.45617994
47.94	-128.64	265	1.1679138	6.3335	1.080700606	2704.384915	10.45617994
47.91	-128.55	239	1.1679138	5.7121	1.080700606	2704.384915	10.45617994
47.91	-128.55	273	1.1679138	6.5247	1.080700606	2704.384915	10.45617994
47.91	-128.55	386	1.1679138	9.2254	1.080700606	2704.384915	10.45617994
47.91	-128.55	421	1.1679138	10.0619	1.080700606	2704.384915	10.45617994
47.91	-128.56	439	1.1679138	10.4921	1.080700606	2704.384915	10.45617994
47.91	-128.56	368	1.1679138	8.7952	1.080700606	2704.384915	10.45617994
47.91	-128.56	453	1.1679138	10.8267	1.080700606	2704.384915	10.45617994
47.91	-128.56	654	1.1679138	15.6306	1.080700606	2704.384915	10.45617994
47.91	-128.57	395	1.1679138	9.4405	1.080700606	2704.384915	10.45617994
47.91	-128.57	296	1.1679138	7.0744	1.080700606	2704.384915	10.45617994
47.91	-128.57	291	1.1679138	6.9549	1.080700606	2704.384915	10.45617994
47.91	-128.57	287	1.1679138	6.8593	1.080700606	2704.384915	10.45617994
47.91	-128.58	305	1.1679138	7.2895	1.080700606	2704.384915	10.45617994
47.91	-128.58	305	1.1679138	7.2895	1.080700606	2704.384915	10.45617994
47.91	-128.58	330	1.1679138	7.887	1.080700606	2704.384915	10.45617994
47.91	-128.59	338	1.1679138	8.0782	1.080700606	2704.384915	10.45617994
47.91	-128.59	337	1.1679138	8.0543	1.080700606	2704.384915	10.45617994
47.91	-128.59	334	1.1679138	7.9826	1.080700606	2704.384915	10.45617994
47.91	-128.59	321	1.1679138	7.6719	1.080700606	2704.384915	10.45617994
47.92	-128.6	309	1.1679138	7.3851	1.080700606	2704.384915	10.45617994
47.92	-128.6	309	1.1679138	7.3851	1.080700606	2704.384915	10.45617994
47.92	-128.6	308	1.1679138	7.3612	1.080700606	2704.384915	10.45617994
47.92	-128.6	276	1.1679138	6.5964	1.080700606	2704.384915	10.45617994
47.72	-127.79	1354	3.251128	32.3606	1.803088462	3068.9474	6.267024742
47.71	-127.79	2350	3.251128	56.165	1.803088462	3068.9474	6.267024742
47.72	-127.79	3082	3.251128	73.6598	1.803088462	3068.9474	6.267024742
47.72	-127.79	1865	3.251128	44.5735	1.803088462	3068.9474	6.267024742
47.72	-127.78	598	3.251128	14.2922	1.803088462	3068.9474	6.267024742
47.72	-127.78	429	3.251128	10.2531	1.803088462	3068.9474	6.267024742
47.72	-127.78	389	3.251128	9.2971	1.803088462	3068.9474	6.267024742
47.72	-127.78	382	3.251128	9.1298	1.803088462	3068.9474	6.267024742
47.72	-127.78	346	3.251128	8.2694	1.803088462	3068.9474	6.267024742
47.72	-127.78	282	3.251128	6.7398	1.803088462	3068.9474	6.267024742
47.73	-127.78	274	3.251128	6.5486	1.803088462	3068.9474	6.267024742
47.73	-127.78	279	3.251128	6.6681	1.803088462	3068.9474	6.267024742
47.73	-127.78	269	3.251128	6.4291	1.803088462	3068.9474	6.267024742
47.73	-127.78	268	3.251128	6.4052	1.803088462	3068.9474	6.267024742
47.73	-127.77	268	3.251128	6.4052	1.803088462	3068.9474	6.267024742
47.73	-127.77	270	3.251128	6.453	1.803088462	3068.9474	6.267024742
47.74	-127.77	272	3.251128	6.5008	1.803088462	3068.9474	6.267024742
47.74	-127.77	291	3.251128	6.9549	1.803088462	3068.9474	6.267024742
47.69	-127.76	150	3.251128	3.585	1.803088462	3068.9474	6.267024742
47.69	-127.76	161	3.251128	3.8479	1.803088462	3068.9474	6.267024742
47.69	-127.76	160	3.251128	3.824	1.803088462	3068.9474	6.267024742
47.69	-127.77	162	3.251128	3.8718	1.803088462	3068.9474	6.267024742
47.69	-127.77	164	3.251128	3.9196	1.803088462	3068.9474	6.267024742
47.69	-127.77	167	3.251128	3.9913	1.803088462	3068.9474	6.267024742
47.69	-127.78	184	3.251128	4.3976	1.803088462	3068.9474	6.267024742
47.69	-127.78	199	3.251128	4.7561	1.803088462	3068.9474	6.267024742
47.69	-127.78	210	3.251128	5.019	1.803088462	3068.9474	6.267024742
47.69	-127.79	231	3.251128	5.5209	1.803088462	3068.9474	6.267024742
47.69	-127.79	284	3.251128	6.7876	1.803088462	3068.9474	6.267024742
47.69	-127.79	292	3.251128	6.9788	1.803088462	3068.9474	6.267024742
47.69	-127.8	288	3.251128	6.8832	1.803088462	3068.9474	6.267024742
47.7	-127.8	234	3.251128	5.5926	1.803088462	3068.9474	6.267024742
47.7	-127.8	253	3.251128	6.0467	1.803088462	3068.9474	6.267024742
47.7	-127.81	227	3.251128	5.4253	1.803088462	3068.9474	6.267024742
47.7	-127.81	182	3.251128	4.3498	1.803088462	3068.9474	6.267024742
47.72	-127.74	162	3.4946105	3.8718	1.869387734	3111.556838	6.044759894
47.72	-127.75	169	3.251128	4.0391	1.803088462	3068.9474	6.267024742
47.72	-127.75	173	3.251128	4.1347	1.803088462	3068.9474	6.267024742
47.72	-127.76	177	3.251128	4.2303	1.803088462	3068.9474	6.267024742
47.72	-127.76	183	3.251128	4.3737	1.803088462	3068.9474	6.267024742
47.72	-127.77	189	3.251128	4.5171	1.803088462	3068.9474	6.267024742
47.72	-127.77	208	3.251128	4.9712	1.803088462	3068.9474	6.267024742
47.72	-127.77	230	3.251128	5.497	1.803088462	3068.9474	6.267024742
47.72	-127.78	272	3.251128	6.5008	1.803088462	3068.9474	6.267024742
47.72	-127.78	273	3.251128	6.5247	1.803088462	3068.9474	6.267024742
47.73	-127.78	276	3.251128	6.5964	1.803088462	3068.9474	6.267024742
47.73	-127.78	278	3.251128	6.6442	1.803088462	3068.9474	6.267024742
47.73	-127.79	252	3.251128	6.0228	1.803088462	3068.9474	6.267024742
47.73	-127.79	232	3.251128	5.5448	1.803088462	3068.9474	6.267024742
47.73	-127.79	206	3.251128	4.9234	1.803088462	3068.9474	6.267024742
47.73	-127.8	186	3.251128	4.4454	1.803088462	3068.9474	6.267024742
47.73	-127.8	175	3.251128	4.1825	1.803088462	3068.9474	6.267024742
47.73	-127.8	188	3.251128	4.4932	1.803088462	3068.9474	6.267024742
47.73	-127.81	185	3.251128	4.4215	1.803088462	3068.9474	6.267024742
47.73	-127.81	186	3.251128	4.4454	1.803088462	3068.9474	6.267024742
47.73	-127.81	192	3.251128	4.5888	1.803088462	3068.9474	6.267024742
47.73	-127.82	180	3.251128	4.302	1.803088462	3068.9474	6.267024742
47.73	-127.82	172	3.251128	4.1108	1.803088462	3068.9474	6.267024742
47.73	-127.73	161	3.4946105	3.8479	1.869387734	3111.556838	6.044759894
47.73	-127.74	161	3.4946105	3.8479	1.869387734	3111.556838	6.044759894
47.74	-127.74	164	3.4946105	3.9196	1.869387734	3111.556838	6.044759894
47.74	-127.75	170	3.251128	4.063	1.803088462	3068.9474	6.267024742
47.74	-127.75	170	3.251128	4.063	1.803088462	3068.9474	6.267024742
47.74	-127.75	179	3.251128	4.2781	1.803088462	3068.9474	6.267024742
47.74	-127.76	200	3.251128	4.78	1.803088462	3068.9474	6.267024742
47.74	-127.76	220	3.251128	5.258	1.803088462	3068.9474	6.267024742
47.74	-127.77	234	3.251128	5.5926	1.803088462	3068.9474	6.267024742
47.74	-127.77	266	3.251128	6.3574	1.803088462	3068.9474	6.267024742
47.74	-127.77	272	3.251128	6.5008	1.803088462	3068.9474	6.267024742
47.74	-127.78	272	3.251128	6.5008	1.803088462	3068.9474	6.267024742
47.74	-127.78	263	3.251128	6.2857	1.803088462	3068.9474	6.267024742
47.74	-127.78	229	3.251128	5.4731	1.803088462	3068.9474	6.267024742
47.74	-127.78	204	3.251128	4.8756	1.803088462	3068.9474	6.267024742
47.75	-127.79	211	3.251128	5.0429	1.803088462	3068.9474	6.267024742
47.75	-127.79	221	3.251128	5.2819	1.803088462	3068.9474	6.267024742
47.75	-127.8	219	3.251128	5.2341	1.803088462	3068.9474	6.267024742
47.75	-127.8	214	3.251128	5.1146	1.803088462	3068.9474	6.267024742
47.75	-127.8	205	3.251128	4.8995	1.803088462	3068.9474	6.267024742
47.75	-127.81	205	3.251128	4.8995	1.803088462	3068.9474	6.267024742
47.75	-127.81	207	3.251128	4.9473	1.803088462	3068.9474	6.267024742
47.75	-127.81	200	3.251128	4.78	1.803088462	3068.9474	6.267024742
47.75	-127.82	192	3.251128	4.5888	1.803088462	3068.9474	6.267024742
47.75	-127.82	172	3.251128	4.1108	1.803088462	3068.9474	6.267024742
47.75	-127.82	169	3.251128	4.0391	1.803088462	3068.9474	6.267024742
47.75	-127.83	171	3.251128	4.0869	1.803088462	3068.9474	6.267024742
47.69	-127.78	200	3.251128	4.78	1.803088462	3068.9474	6.267024742
47.69	-127.78	212	3.251128	5.0668	1.803088462	3068.9474	6.267024742
47.69	-127.78	233	3.251128	5.5687	1.803088462	3068.9474	6.267024742
47.69	-127.78	239	3.251128	5.7121	1.803088462	3068.9474	6.267024742
47.69	-127.79	244	3.251128	5.8316	1.803088462	3068.9474	6.267024742
47.69	-127.79	268	3.251128	6.4052	1.803088462	3068.9474	6.267024742
47.69	-127.79	294	3.251128	7.0266	1.803088462	3068.9474	6.267024742
47.69	-127.79	306	3.251128	7.3134	1.803088462	3068.9474	6.267024742
47.69	-127.8	311	3.251128	7.4329	1.803088462	3068.9474	6.267024742
47.69	-127.8	261	3.251128	6.2379	1.803088462	3068.9474	6.267024742
47.69	-127.8	235	3.251128	5.6165	1.803088462	3068.9474	6.267024742
47.69	-127.8	233	3.251128	5.5687	1.803088462	3068.9474	6.267024742
47.69	-127.81	221	3.251128	5.2819	1.803088462	3068.9474	6.267024742
47.69	-127.81	202	3.251128	4.8278	1.803088462	3068.9474	6.267024742
47.69	-127.81	200	3.251128	4.78	1.803088462	3068.9474	6.267024742
47.69	-127.8	245	3.251128	5.8555	1.803088462	3068.9474	6.267024742
47.69	-127.8	271	3.251128	6.4769	1.803088462	3068.9474	6.267024742
47.7	-127.79	278	3.251128	6.6442	1.803088462	3068.9474	6.267024742
47.7	-127.79	265	3.251128	6.3335	1.803088462	3068.9474	6.267024742
47.7	-127.79	272	3.251128	6.5008	1.803088462	3068.9474	6.267024742
47.7	-127.75	144	3.251128	3.4416	1.803088462	3068.9474	6.267024742
47.7	-127.75	169	3.251128	4.0391	1.803088462	3068.9474	6.267024742
47.7	-127.75	159	3.251128	3.8001	1.803088462	3068.9474	6.267024742
47.7	-127.75	167	3.251128	3.9913	1.803088462	3068.9474	6.267024742
47.7	-127.76	178	3.251128	4.2542	1.803088462	3068.9474	6.267024742
47.7	-127.76	176	3.251128	4.2064	1.803088462	3068.9474	6.267024742
47.7	-127.76	188	3.251128	4.4932	1.803088462	3068.9474	6.267024742
47.7	-127.77	192	3.251128	4.5888	1.803088462	3068.9474	6.267024742
47.71	-127.77	203	3.251128	4.8517	1.803088462	3068.9474	6.267024742
47.71	-127.77	215	3.251128	5.1385	1.803088462	3068.9474	6.267024742
47.71	-127.77	222	3.251128	5.3058	1.803088462	3068.9474	6.267024742
47.71	-127.78	234	3.251128	5.5926	1.803088462	3068.9474	6.267024742
47.71	-127.78	339	3.251128	8.1021	1.803088462	3068.9474	6.267024742
47.71	-127.78	436	3.251128	10.4204	1.803088462	3068.9474	6.267024742
47.71	-127.78	989	3.251128	23.6371	1.803088462	3068.9474	6.267024742
47.71	-127.79	590	3.251128	14.101	1.803088462	3068.9474	6.267024742
47.71	-127.8	318	3.251128	7.6002	1.803088462	3068.9474	6.267024742
47.71	-127.8	252	3.251128	6.0228	1.803088462	3068.9474	6.267024742
47.71	-127.8	215	3.251128	5.1385	1.803088462	3068.9474	6.267024742
47.71	-127.8	212	3.251128	5.0668	1.803088462	3068.9474	6.267024742
47.71	-127.81	188	3.251128	4.4932	1.803088462	3068.9474	6.267024742
47.72	-127.81	192	3.251128	4.5888	1.803088462	3068.9474	6.267024742
47.72	-127.81	208	3.251128	4.9712	1.803088462	3068.9474	6.267024742
47.72	-127.81	167	3.251128	3.9913	1.803088462	3068.9474	6.267024742
47.72	-127.82	167	3.251128	3.9913	1.803088462	3068.9474	6.267024742
47.72	-127.82	179	3.251128	4.2781	1.803088462	3068.9474	6.267024742
47.71	-127.77	218	3.251128	5.2102	1.803088462	3068.9474	6.267024742
47.71	-127.77	218	3.251128	5.2102	1.803088462	3068.9474	6.267024742
47.71	-127.79	454	3.251128	10.8506	1.803088462	3068.9474	6.267024742
47.71	-127.79	932	3.251128	22.2748	1.803088462	3068.9474	6.267024742
47.71	-127.78	1108	3.251128	26.4812	1.803088462	3068.9474	6.267024742
47.71	-127.78	763	3.251128	18.2357	1.803088462	3068.9474	6.267024742
47.71	-127.78	468	3.251128	11.1852	1.803088462	3068.9474	6.267024742
47.71	-127.77	202	3.251128	4.8278	1.803088462	3068.9474	6.267024742
47.71	-127.76	212	3.251128	5.0668	1.803088462	3068.9474	6.267024742
47.71	-127.76	199	3.251128	4.7561	1.803088462	3068.9474	6.267024742
47.71	-127.76	195	3.251128	4.6605	1.803088462	3068.9474	6.267024742
47.71	-127.76	191	3.251128	4.5649	1.803088462	3068.9474	6.267024742
47.71	-127.76	192	3.251128	4.5888	1.803088462	3068.9474	6.267024742
47.72	-127.76	186	3.251128	4.4454	1.803088462	3068.9474	6.267024742
47.72	-127.76	184	3.251128	4.3976	1.803088462	3068.9474	6.267024742
47.72	-127.76	183	3.251128	4.3737	1.803088462	3068.9474	6.267024742
47.72	-127.76	179	3.251128	4.2781	1.803088462	3068.9474	6.267024742
47.72	-127.76	181	3.251128	4.3259	1.803088462	3068.9474	6.267024742
47.72	-127.76	178	3.251128	4.2542	1.803088462	3068.9474	6.267024742
47.73	-127.75	177	3.251128	4.2303	1.803088462	3068.9474	6.267024742
47.73	-127.75	178	3.251128	4.2542	1.803088462	3068.9474	6.267024742
47.73	-127.75	174	3.251128	4.1586	1.803088462	3068.9474	6.267024742
47.72	-127.64	138	3.5783212	3.2982	1.891645104	3126.20621	5.973636374
47.72	-127.64	140	3.5783212	3.346	1.891645104	3126.20621	5.973636374
47.72	-127.64	153	3.5783212	3.6567	1.891645104	3126.20621	5.973636374
47.72	-127.65	171	3.4946105	4.0869	1.869387734	3111.556838	6.044759894
47.72	-127.65	185	3.4946105	4.4215	1.869387734	3111.556838	6.044759894
47.72	-127.66	193	3.4946105	4.6127	1.869387734	3111.556838	6.044759894
47.72	-127.66	209	3.4946105	4.9951	1.869387734	3111.556838	6.044759894
47.72	-127.67	200	3.4946105	4.78	1.869387734	3111.556838	6.044759894
47.72	-127.68	189	3.4946105	4.5171	1.869387734	3111.556838	6.044759894
47.72	-127.68	209	3.4946105	4.9951	1.869387734	3111.556838	6.044759894
47.73	-127.69	255	3.4946105	6.0945	1.869387734	3111.556838	6.044759894
47.73	-127.69	232	3.4946105	5.5448	1.869387734	3111.556838	6.044759894
47.73	-127.7	189	3.4946105	4.5171	1.869387734	3111.556838	6.044759894
47.73	-127.7	177	3.4946105	4.2303	1.869387734	3111.556838	6.044759894
47.73	-127.7	182	3.4946105	4.3498	1.869387734	3111.556838	6.044759894
47.73	-127.71	177	3.4946105	4.2303	1.869387734	3111.556838	6.044759894
47.73	-127.71	186	3.4946105	4.4454	1.869387734	3111.556838	6.044759894
47.73	-127.71	179	3.4946105	4.2781	1.869387734	3111.556838	6.044759894
47.73	-127.72	170	3.4946105	4.063	1.869387734	3111.556838	6.044759894
47.73	-127.72	161	3.4946105	3.8479	1.869387734	3111.556838	6.044759894
47.73	-127.72	158	3.4946105	3.7762	1.869387734	3111.556838	6.044759894
47.71	-127.8	237	3.251128	5.6643	1.803088462	3068.9474	6.267024742
47.71	-127.8	234	3.251128	5.5926	1.803088462	3068.9474	6.267024742
47.71	-127.8	258	3.251128	6.1662	1.803088462	3068.9474	6.267024742
47.71	-127.8	286	3.251128	6.8354	1.803088462	3068.9474	6.267024742
47.71	-127.8	336	3.251128	8.0304	1.803088462	3068.9474	6.267024742
47.71	-127.79	403	3.251128	9.6317	1.803088462	3068.9474	6.267024742
47.71	-127.79	452	3.251128	10.8028	1.803088462	3068.9474	6.267024742
47.71	-127.79	712	3.251128	17.0168	1.803088462	3068.9474	6.267024742
47.71	-127.79	927	3.251128	22.1553	1.803088462	3068.9474	6.267024742
47.71	-127.79	1272	3.251128	30.4008	1.803088462	3068.9474	6.267024742
47.71	-127.79	1526	3.251128	36.4714	1.803088462	3068.9474	6.267024742
47.71	-127.79	1710	3.251128	40.869	1.803088462	3068.9474	6.267024742
47.71	-127.79	1957	3.251128	46.7723	1.803088462	3068.9474	6.267024742
47.71	-127.78	1219	3.251128	29.1341	1.803088462	3068.9474	6.267024742
47.71	-127.78	902	3.251128	21.5578	1.803088462	3068.9474	6.267024742
47.71	-127.78	920	3.251128	21.988	1.803088462	3068.9474	6.267024742
47.71	-127.78	706	3.251128	16.8734	1.803088462	3068.9474	6.267024742
47.71	-127.78	508	3.251128	12.1412	1.803088462	3068.9474	6.267024742
47.71	-127.78	402	3.251128	9.6078	1.803088462	3068.9474	6.267024742
47.71	-127.78	360	3.251128	8.604	1.803088462	3068.9474	6.267024742
47.71	-127.78	313	3.251128	7.4807	1.803088462	3068.9474	6.267024742
47.71	-127.78	270	3.251128	6.453	1.803088462	3068.9474	6.267024742
47.71	-127.77	253	3.251128	6.0467	1.803088462	3068.9474	6.267024742
47.71	-127.77	253	3.251128	6.0467	1.803088462	3068.9474	6.267024742
47.72	-127.78	299	3.251128	7.1461	1.803088462	3068.9474	6.267024742
47.72	-127.78	294	3.251128	7.0266	1.803088462	3068.9474	6.267024742
47.72	-127.78	325	3.251128	7.7675	1.803088462	3068.9474	6.267024742
47.72	-127.78	390	3.251128	9.321	1.803088462	3068.9474	6.267024742
47.72	-127.78	413	3.251128	9.8707	1.803088462	3068.9474	6.267024742
47.72	-127.78	451	3.251128	10.7789	1.803088462	3068.9474	6.267024742
47.72	-127.78	485	3.251128	11.5915	1.803088462	3068.9474	6.267024742
47.72	-127.78	531	3.251128	12.6909	1.803088462	3068.9474	6.267024742
47.72	-127.79	565	3.251128	13.5035	1.803088462	3068.9474	6.267024742
47.7	-127.78	252	3.251128	6.0228	1.803088462	3068.9474	6.267024742
47.7	-127.78	263	3.251128	6.2857	1.803088462	3068.9474	6.267024742
47.7	-127.78	268	3.251128	6.4052	1.803088462	3068.9474	6.267024742
47.7	-127.78	284	3.251128	6.7876	1.803088462	3068.9474	6.267024742
47.7	-127.78	284	3.251128	6.7876	1.803088462	3068.9474	6.267024742
47.7	-127.78	302	3.251128	7.2178	1.803088462	3068.9474	6.267024742
47.7	-127.78	291	3.251128	6.9549	1.803088462	3068.9474	6.267024742
47.7	-127.78	293	3.251128	7.0027	1.803088462	3068.9474	6.267024742
47.7	-127.78	304	3.251128	7.2656	1.803088462	3068.9474	6.267024742
47.71	-127.78	317	3.251128	7.5763	1.803088462	3068.9474	6.267024742
47.7	-127.79	328	3.251128	7.8392	1.803088462	3068.9474	6.267024742
47.71	-127.79	366	3.251128	8.7474	1.803088462	3068.9474	6.267024742
47.71	-127.79	455	3.251128	10.8745	1.803088462	3068.9474	6.267024742
47.71	-127.79	926	3.251128	22.1314	1.803088462	3068.9474	6.267024742
47.71	-127.79	1111	3.251128	26.5529	1.803088462	3068.9474	6.267024742
47.71	-127.79	700	3.251128	16.73	1.803088462	3068.9474	6.267024742
47.72	-127.79	504	3.251128	12.0456	1.803088462	3068.9474	6.267024742
47.72	-127.79	384	3.251128	9.1776	1.803088462	3068.9474	6.267024742
47.72	-127.79	323	3.251128	7.7197	1.803088462	3068.9474	6.267024742
47.72	-127.79	296	3.251128	7.0744	1.803088462	3068.9474	6.267024742
47.72	-127.79	264	3.251128	6.3096	1.803088462	3068.9474	6.267024742
47.72	-127.79	254	3.251128	6.0706	1.803088462	3068.9474	6.267024742
47.72	-127.79	236	3.251128	5.6404	1.803088462	3068.9474	6.267024742
47.72	-127.79	251	3.251128	5.9989	1.803088462	3068.9474	6.267024742
47.72	-127.79	257	3.251128	6.1423	1.803088462	3068.9474	6.267024742
47.72	-127.79	299	3.251128	7.1461	1.803088462	3068.9474	6.267024742
47.72	-127.79	332	3.251128	7.9348	1.803088462	3068.9474	6.267024742
47.72	-127.79	403	3.251128	9.6317	1.803088462	3068.9474	6.267024742
47.72	-127.79	487	3.251128	11.6393	1.803088462	3068.9474	6.267024742
47.72	-127.78	544	3.251128	13.0016	1.803088462	3068.9474	6.267024742
47.72	-127.78	480	3.251128	11.472	1.803088462	3068.9474	6.267024742
47.71	-127.77	234	3.251128	5.5926	1.803088462	3068.9474	6.267024742
47.71	-127.78	242	3.251128	5.7838	1.803088462	3068.9474	6.267024742
47.71	-127.78	256	3.251128	6.1184	1.803088462	3068.9474	6.267024742
47.71	-127.78	272	3.251128	6.5008	1.803088462	3068.9474	6.267024742
47.71	-127.78	292	3.251128	6.9788	1.803088462	3068.9474	6.267024742
47.71	-127.78	330	3.251128	7.887	1.803088462	3068.9474	6.267024742
47.71	-127.78	376	3.251128	8.9864	1.803088462	3068.9474	6.267024742
47.71	-127.78	390	3.251128	9.321	1.803088462	3068.9474	6.267024742
47.71	-127.78	441	3.251128	10.5399	1.803088462	3068.9474	6.267024742
47.71	-127.78	506	3.251128	12.0934	1.803088462	3068.9474	6.267024742
47.71	-127.78	625	3.251128	14.9375	1.803088462	3068.9474	6.267024742
47.71	-127.78	826	3.251128	19.7414	1.803088462	3068.9474	6.267024742
47.71	-127.78	1244	3.251128	29.7316	1.803088462	3068.9474	6.267024742
47.71	-127.79	1320	3.251128	31.548	1.803088462	3068.9474	6.267024742
47.71	-127.79	848	3.251128	20.2672	1.803088462	3068.9474	6.267024742
47.71	-127.79	1433	3.251128	34.2487	1.803088462	3068.9474	6.267024742
47.71	-127.79	704	3.251128	16.8256	1.803088462	3068.9474	6.267024742
47.71	-127.79	642	3.251128	15.3438	1.803088462	3068.9474	6.267024742
47.71	-127.79	433	3.251128	10.3487	1.803088462	3068.9474	6.267024742
47.71	-127.79	373	3.251128	8.9147	1.803088462	3068.9474	6.267024742
47.71	-127.79	323	3.251128	7.7197	1.803088462	3068.9474	6.267024742
47.71	-127.8	317	3.251128	7.5763	1.803088462	3068.9474	6.267024742
47.71	-127.8	280	3.251128	6.692	1.803088462	3068.9474	6.267024742
47.71	-127.8	254	3.251128	6.0706	1.803088462	3068.9474	6.267024742
47.71	-127.8	228	3.251128	5.4492	1.803088462	3068.9474	6.267024742
47.72	-127.8	224	3.251128	5.3536	1.803088462	3068.9474	6.267024742
47.71	-127.8	217	3.251128	5.1863	1.803088462	3068.9474	6.267024742
47.72	-127.79	335	3.251128	8.0065	1.803088462	3068.9474	6.267024742
47.71	-127.79	513	3.251128	12.2607	1.803088462	3068.9474	6.267024742
47.71	-127.79	731	3.251128	17.4709	1.803088462	3068.9474	6.267024742
47.71	-127.78	1797	3.251128	42.9483	1.803088462	3068.9474	6.267024742
47.71	-127.78	1001	3.251128	23.9239	1.803088462	3068.9474	6.267024742
47.71	-127.78	817	3.251128	19.5263	1.803088462	3068.9474	6.267024742
47.71	-127.78	1254	3.251128	29.9706	1.803088462	3068.9474	6.267024742
47.71	-127.78	1415	3.251128	33.8185	1.803088462	3068.9474	6.267024742
47.71	-127.78	1128	3.251128	26.9592	1.803088462	3068.9474	6.267024742
47.71	-127.79	2662	3.251128	63.6218	1.803088462	3068.9474	6.267024742
47.71	-127.79	1122	3.251128	26.8158	1.803088462	3068.9474	6.267024742
47.72	-127.78	213	3.251128	5.0907	1.803088462	3068.9474	6.267024742
47.72	-127.78	215	3.251128	5.1385	1.803088462	3068.9474	6.267024742
47.72	-127.78	210	3.251128	5.019	1.803088462	3068.9474	6.267024742
47.72	-127.78	213	3.251128	5.0907	1.803088462	3068.9474	6.267024742
47.72	-127.78	207	3.251128	4.9473	1.803088462	3068.9474	6.267024742
47.72	-127.78	205	3.251128	4.8995	1.803088462	3068.9474	6.267024742
47.72	-127.78	200	3.251128	4.78	1.803088462	3068.9474	6.267024742
47.72	-127.78	211	3.251128	5.0429	1.803088462	3068.9474	6.267024742
47.72	-127.79	201	3.251128	4.8039	1.803088462	3068.9474	6.267024742
47.72	-127.78	206	3.251128	4.9234	1.803088462	3068.9474	6.267024742
47.72	-127.78	205	3.251128	4.8995	1.803088462	3068.9474	6.267024742
47.72	-127.78	205	3.251128	4.8995	1.803088462	3068.9474	6.267024742
47.72	-127.78	201	3.251128	4.8039	1.803088462	3068.9474	6.267024742
47.72	-127.78	200	3.251128	4.78	1.803088462	3068.9474	6.267024742
47.72	-127.78	204	3.251128	4.8756	1.803088462	3068.9474	6.267024742
47.72	-127.78	233	3.251128	5.5687	1.803088462	3068.9474	6.267024742
47.72	-127.78	249	3.251128	5.9511	1.803088462	3068.9474	6.267024742
47.72	-127.78	252	3.251128	6.0228	1.803088462	3068.9474	6.267024742
47.72	-127.77	306	3.251128	7.3134	1.803088462	3068.9474	6.267024742
47.72	-127.79	355	3.251128	8.4845	1.803088462	3068.9474	6.267024742
47.72	-127.78	415	3.251128	9.9185	1.803088462	3068.9474	6.267024742
47.72	-127.79	441	3.251128	10.5399	1.803088462	3068.9474	6.267024742
47.72	-127.79	531	3.251128	12.6909	1.803088462	3068.9474	6.267024742
47.71	-127.79	698	3.251128	16.6822	1.803088462	3068.9474	6.267024742
47.71	-127.79	994	3.251128	23.7566	1.803088462	3068.9474	6.267024742
47.71	-127.79	1381	3.251128	33.0059	1.803088462	3068.9474	6.267024742
47.71	-127.79	4037	3.251128	96.4843	1.803088462	3068.9474	6.267024742
47.72	-127.79	1285	3.251128	30.7115	1.803088462	3068.9474	6.267024742
47.93	-128.59	252	1.1679138	6.0228	1.080700606	2704.384915	10.45617994
47.93	-128.6	252	1.1679138	6.0228	1.080700606	2704.384915	10.45617994
47.93	-128.6	246	1.1679138	5.8794	1.080700606	2704.384915	10.45617994
47.93	-128.6	243	1.1679138	5.8077	1.080700606	2704.384915	10.45617994
47.93	-128.6	250	1.1679138	5.975	1.080700606	2704.384915	10.45617994
47.93	-128.6	260	1.1679138	6.214	1.080700606	2704.384915	10.45617994
47.93	-128.6	261	1.1679138	6.2379	1.080700606	2704.384915	10.45617994
47.93	-128.6	266	1.1679138	6.3574	1.080700606	2704.384915	10.45617994
47.93	-128.6	271	1.1679138	6.4769	1.080700606	2704.384915	10.45617994
47.93	-128.61	274	1.1679138	6.5486	1.080700606	2704.384915	10.45617994
47.93	-128.61	278	1.1679138	6.6442	1.080700606	2704.384915	10.45617994
47.94	-128.61	275	1.1679138	6.5725	1.080700606	2704.384915	10.45617994
47.94	-128.61	284	1.1679138	6.7876	1.080700606	2704.384915	10.45617994
47.94	-128.61	281	1.1679138	6.7159	1.080700606	2704.384915	10.45617994
47.94	-128.61	297	1.1679138	7.0983	1.080700606	2704.384915	10.45617994
47.94	-128.61	295	1.1679138	7.0505	1.080700606	2704.384915	10.45617994
47.94	-128.62	293	1.1679138	7.0027	1.080700606	2704.384915	10.45617994
47.94	-128.62	288	1.1679138	6.8832	1.080700606	2704.384915	10.45617994
47.94	-128.62	282	1.1679138	6.7398	1.080700606	2704.384915	10.45617994
47.94	-128.62	279	1.1679138	6.6681	1.080700606	2704.384915	10.45617994
47.94	-128.62	277	1.1679138	6.6203	1.080700606	2704.384915	10.45617994
47.94	-128.62	278	1.1679138	6.6442	1.080700606	2704.384915	10.45617994
47.94	-128.62	284	1.1679138	6.7876	1.080700606	2704.384915	10.45617994
47.94	-128.62	284	1.1679138	6.7876	1.080700606	2704.384915	10.45617994
47.94	-128.63	288	1.1679138	6.8832	1.080700606	2704.384915	10.45617994
47.94	-128.63	288	1.1679138	6.8832	1.080700606	2704.384915	10.45617994
47.94	-128.63	280	1.1679138	6.692	1.080700606	2704.384915	10.45617994
47.94	-128.63	277	1.1679138	6.6203	1.080700606	2704.384915	10.45617994
47.94	-128.63	276	1.1679138	6.5964	1.080700606	2704.384915	10.45617994
47.94	-128.63	268	1.1679138	6.4052	1.080700606	2704.384915	10.45617994
47.94	-128.63	265	1.1679138	6.3335	1.080700606	2704.384915	10.45617994
47.94	-128.63	261	1.1679138	6.2379	1.080700606	2704.384915	10.45617994
47.94	-128.64	264	1.1679138	6.3096	1.080700606	2704.384915	10.45617994
47.94	-128.64	260	1.1679138	6.214	1.080700606	2704.384915	10.45617994
47.94	-128.64	256	1.1679138	6.1184	1.080700606	2704.384915	10.45617994
47.94	-128.64	259	1.1679138	6.1901	1.080700606	2704.384915	10.45617994
47.94	-128.59	228	1.1679138	5.4492	1.080700606	2704.384915	10.45617994
47.94	-128.59	221	1.1679138	5.2819	1.080700606	2704.384915	10.45617994
47.94	-128.59	214	1.1679138	5.1146	1.080700606	2704.384915	10.45617994
47.94	-128.59	213	1.1679138	5.0907	1.080700606	2704.384915	10.45617994
47.94	-128.59	213	1.1679138	5.0907	1.080700606	2704.384915	10.45617994
47.94	-128.59	215	1.1679138	5.1385	1.080700606	2704.384915	10.45617994
47.94	-128.59	223	1.1679138	5.3297	1.080700606	2704.384915	10.45617994
47.94	-128.6	219	1.1679138	5.2341	1.080700606	2704.384915	10.45617994
47.94	-128.6	230	1.1679138	5.497	1.080700606	2704.384915	10.45617994
47.94	-128.6	229	1.1679138	5.4731	1.080700606	2704.384915	10.45617994
47.94	-128.6	240	1.1679138	5.736	1.080700606	2704.384915	10.45617994
47.94	-128.6	250	1.1679138	5.975	1.080700606	2704.384915	10.45617994
47.94	-128.6	255	1.1679138	6.0945	1.080700606	2704.384915	10.45617994
47.94	-128.6	259	1.1679138	6.1901	1.080700606	2704.384915	10.45617994
47.94	-128.61	264	1.1679138	6.3096	1.080700606	2704.384915	10.45617994
47.94	-128.61	261	1.1679138	6.2379	1.080700606	2704.384915	10.45617994
47.95	-128.61	257	0.97481376	6.1423	0.987326572	2670.592408	11.44504799
47.95	-128.61	261	0.97481376	6.2379	0.987326572	2670.592408	11.44504799
47.95	-128.61	262	0.97481376	6.2618	0.987326572	2670.592408	11.44504799
47.95	-128.61	268	0.97481376	6.4052	0.987326572	2670.592408	11.44504799
47.95	-128.61	270	0.97481376	6.453	0.987326572	2670.592408	11.44504799
47.95	-128.62	277	0.97481376	6.6203	0.987326572	2670.592408	11.44504799
47.95	-128.62	276	0.97481376	6.5964	0.987326572	2670.592408	11.44504799
47.95	-128.62	261	0.97481376	6.2379	0.987326572	2670.592408	11.44504799
47.95	-128.62	264	0.97481376	6.3096	0.987326572	2670.592408	11.44504799
47.95	-128.62	256	0.97481376	6.1184	0.987326572	2670.592408	11.44504799
47.95	-128.62	252	0.97481376	6.0228	0.987326572	2670.592408	11.44504799
47.95	-128.62	251	0.97481376	5.9989	0.987326572	2670.592408	11.44504799
47.95	-128.62	244	0.97481376	5.8316	0.987326572	2670.592408	11.44504799
47.95	-128.63	234	0.97481376	5.5926	0.987326572	2670.592408	11.44504799
47.95	-128.63	234	0.97481376	5.5926	0.987326572	2670.592408	11.44504799
47.95	-128.63	235	0.97481376	5.6165	0.987326572	2670.592408	11.44504799
47.95	-128.63	233	0.97481376	5.5687	0.987326572	2670.592408	11.44504799
47.95	-128.63	232	0.97481376	5.5448	0.987326572	2670.592408	11.44504799
47.95	-128.63	230	0.97481376	5.497	0.987326572	2670.592408	11.44504799
47.95	-128.63	230	0.97481376	5.497	0.987326572	2670.592408	11.44504799
47.95	-128.64	226	0.97481376	5.4014	0.987326572	2670.592408	11.44504799
47.95	-128.64	219	0.97481376	5.2341	0.987326572	2670.592408	11.44504799
47.95	-128.64	215	0.97481376	5.1385	0.987326572	2670.592408	11.44504799
47.95	-128.64	217	0.97481376	5.1863	0.987326572	2670.592408	11.44504799
47.95	-128.64	207	0.97481376	4.9473	0.987326572	2670.592408	11.44504799
47.95	-128.64	199	0.97481376	4.7561	0.987326572	2670.592408	11.44504799
47.95	-128.64	194	0.97481376	4.6366	0.987326572	2670.592408	11.44504799
47.95	-128.64	197	0.97481376	4.7083	0.987326572	2670.592408	11.44504799
47.95	-128.65	192	0.74019408	4.5888	0.860345326	2629.533964	13.13426093
47.95	-128.65	188	0.74019408	4.4932	0.860345326	2629.533964	13.13426093
47.95	-128.58	201	0.97481376	4.8039	0.987326572	2670.592408	11.44504799
47.95	-128.58	198	0.97481376	4.7322	0.987326572	2670.592408	11.44504799
47.95	-128.58	202	0.97481376	4.8278	0.987326572	2670.592408	11.44504799
47.95	-128.59	206	0.97481376	4.9234	0.987326572	2670.592408	11.44504799
47.95	-128.59	203	0.97481376	4.8517	0.987326572	2670.592408	11.44504799
47.95	-128.59	209	0.97481376	4.9951	0.987326572	2670.592408	11.44504799
47.95	-128.59	215	0.97481376	5.1385	0.987326572	2670.592408	11.44504799
47.95	-128.59	221	0.97481376	5.2819	0.987326572	2670.592408	11.44504799
47.95	-128.59	231	0.97481376	5.5209	0.987326572	2670.592408	11.44504799
47.95	-128.59	227	0.97481376	5.4253	0.987326572	2670.592408	11.44504799
47.95	-128.6	236	0.97481376	5.6404	0.987326572	2670.592408	11.44504799
47.95	-128.6	240	0.97481376	5.736	0.987326572	2670.592408	11.44504799
47.95	-128.6	248	0.97481376	5.9272	0.987326572	2670.592408	11.44504799
47.95	-128.6	251	0.97481376	5.9989	0.987326572	2670.592408	11.44504799
47.95	-128.6	249	0.97481376	5.9511	0.987326572	2670.592408	11.44504799
47.95	-128.6	244	0.97481376	5.8316	0.987326572	2670.592408	11.44504799
47.95	-128.6	239	0.97481376	5.7121	0.987326572	2670.592408	11.44504799
47.95	-128.61	236	0.97481376	5.6404	0.987326572	2670.592408	11.44504799
47.96	-128.57	220	0.97481376	5.258	0.987326572	2670.592408	11.44504799
47.96	-128.57	216	0.97481376	5.1624	0.987326572	2670.592408	11.44504799
47.96	-128.57	209	0.97481376	4.9951	0.987326572	2670.592408	11.44504799
47.96	-128.58	204	0.97481376	4.8756	0.987326572	2670.592408	11.44504799
47.96	-128.58	199	0.97481376	4.7561	0.987326572	2670.592408	11.44504799
47.96	-128.58	201	0.97481376	4.8039	0.987326572	2670.592408	11.44504799
47.96	-128.58	220	0.97481376	5.258	0.987326572	2670.592408	11.44504799
47.96	-128.59	209	0.97481376	4.9951	0.987326572	2670.592408	11.44504799
47.96	-128.59	199	0.97481376	4.7561	0.987326572	2670.592408	11.44504799
47.89	-128.67	329	0.91232389	7.8631	0.955156474	2659.656681	11.83052233
47.89	-128.67	343	0.91232389	8.1977	0.955156474	2659.656681	11.83052233
47.89	-128.67	382	0.91232389	9.1298	0.955156474	2659.656681	11.83052233
47.89	-128.68	349	0.91232389	8.3411	0.955156474	2659.656681	11.83052233
47.89	-128.68	345	0.91232389	8.2455	0.955156474	2659.656681	11.83052233
47.9	-128.69	298	0.91232389	7.1222	0.955156474	2659.656681	11.83052233
47.9	-128.69	277	0.91232389	6.6203	0.955156474	2659.656681	11.83052233
47.9	-128.69	263	0.91232389	6.2857	0.955156474	2659.656681	11.83052233
47.9	-128.7	275	0.91232389	6.5725	0.955156474	2659.656681	11.83052233
47.9	-128.7	240	0.91232389	5.736	0.955156474	2659.656681	11.83052233
47.9	-128.71	214	0.91232389	5.1146	0.955156474	2659.656681	11.83052233
47.9	-128.71	204	0.91232389	4.8756	0.955156474	2659.656681	11.83052233
47.9	-128.71	243	0.91232389	5.8077	0.955156474	2659.656681	11.83052233
47.9	-128.72	236	0.91232389	5.6404	0.955156474	2659.656681	11.83052233
47.9	-128.72	226	0.91232389	5.4014	0.955156474	2659.656681	11.83052233
47.9	-128.72	200	0.91232389	4.78	0.955156474	2659.656681	11.83052233
47.9	-128.73	211	0.91232389	5.0429	0.955156474	2659.656681	11.83052233
47.9	-128.73	182	0.91232389	4.3498	0.955156474	2659.656681	11.83052233
47.91	-128.74	126	0.91232389	3.0114	0.955156474	2659.656681	11.83052233
47.91	-128.74	135	0.91232389	3.2265	0.955156474	2659.656681	11.83052233
47.91	-128.75	142	0.66285837	3.3938	0.814161145	2616.000215	13.87931624
47.91	-128.75	156	0.66285837	3.7284	0.814161145	2616.000215	13.87931624
47.91	-128.76	185	0.66285837	4.4215	0.814161145	2616.000215	13.87931624
47.91	-128.76	184	0.66285837	4.3976	0.814161145	2616.000215	13.87931624
47.91	-128.76	110	0.66285837	2.629	0.814161145	2616.000215	13.87931624
47.91	-128.77	114	0.66285837	2.7246	0.814161145	2616.000215	13.87931624
47.91	-128.77	133	0.66285837	3.1787	0.814161145	2616.000215	13.87931624
47.91	-128.78	141	0.66285837	3.3699	0.814161145	2616.000215	13.87931624
47.91	-128.78	140	0.66285837	3.346	0.814161145	2616.000215	13.87931624
47.92	-128.78	100	0.66285837	2.39	0.814161145	2616.000215	13.87931624
47.92	-128.79	83	0.66285837	1.9837	0.814161145	2616.000215	13.87931624
47.92	-128.79	73	0.66285837	1.7447	0.814161145	2616.000215	13.87931624
47.92	-128.79	79	0.66285837	1.8881	0.814161145	2616.000215	13.87931624
47.92	-128.8	79	0.66285837	1.8881	0.814161145	2616.000215	13.87931624
47.92	-128.81	102	0.66285837	2.4378	0.814161145	2616.000215	13.87931624
47.92	-128.82	106	0.66285837	2.5334	0.814161145	2616.000215	13.87931624
47.92	-128.82	107	0.66285837	2.5573	0.814161145	2616.000215	13.87931624
47.92	-128.82	106	0.66285837	2.5334	0.814161145	2616.000215	13.87931624
47.92	-128.82	106	0.66285837	2.5334	0.814161145	2616.000215	13.87931624
47.92	-128.82	115	0.66285837	2.7485	0.814161145	2616.000215	13.87931624
47.92	-128.82	119	0.66285837	2.8441	0.814161145	2616.000215	13.87931624
47.92	-128.82	111	0.66285837	2.6529	0.814161145	2616.000215	13.87931624
47.92	-128.83	85	0.66285837	2.0315	0.814161145	2616.000215	13.87931624
47.92	-128.83	71	0.66285837	1.6969	0.814161145	2616.000215	13.87931624
47.92	-128.83	69	0.66285837	1.6491	0.814161145	2616.000215	13.87931624
47.92	-128.83	73	0.66285837	1.7447	0.814161145	2616.000215	13.87931624
47.92	-128.83	83	0.66285837	1.9837	0.814161145	2616.000215	13.87931624
47.93	-128.83	99	0.66285837	2.3661	0.814161145	2616.000215	13.87931624
47.93	-128.83	112	0.66285837	2.6768	0.814161145	2616.000215	13.87931624
47.93	-128.84	130	0.66285837	3.107	0.814161145	2616.000215	13.87931624
47.94	-128.57	252	1.1679138	6.0228	1.080700606	2704.384915	10.45617994
47.94	-128.57	235	1.1679138	5.6165	1.080700606	2704.384915	10.45617994
47.94	-128.58	226	1.1679138	5.4014	1.080700606	2704.384915	10.45617994
47.94	-128.58	220	1.1679138	5.258	1.080700606	2704.384915	10.45617994
47.94	-128.58	216	1.1679138	5.1624	1.080700606	2704.384915	10.45617994
47.94	-128.58	219	1.1679138	5.2341	1.080700606	2704.384915	10.45617994
47.94	-128.58	221	1.1679138	5.2819	1.080700606	2704.384915	10.45617994
47.94	-128.58	231	1.1679138	5.5209	1.080700606	2704.384915	10.45617994
47.94	-128.58	238	1.1679138	5.6882	1.080700606	2704.384915	10.45617994
47.94	-128.58	238	1.1679138	5.6882	1.080700606	2704.384915	10.45617994
47.93	-128.57	234	1.1679138	5.5926	1.080700606	2704.384915	10.45617994
47.86	-128.49	418	1.414219	9.9902	1.189209401	2747.488325	9.502111225
47.86	-128.5	393	1.414219	9.3927	1.189209401	2747.488325	9.502111225
47.86	-128.5	389	1.414219	9.2971	1.189209401	2747.488325	9.502111225
47.86	-128.51	452	1.414219	10.8028	1.189209401	2747.488325	9.502111225
47.86	-128.51	455	1.414219	10.8745	1.189209401	2747.488325	9.502111225
47.86	-128.51	431	1.414219	10.3009	1.189209401	2747.488325	9.502111225
47.86	-128.51	363	1.414219	8.6757	1.189209401	2747.488325	9.502111225
47.86	-128.52	304	1.414219	7.2656	1.189209401	2747.488325	9.502111225
47.86	-128.52	302	1.414219	7.2178	1.189209401	2747.488325	9.502111225
47.86	-128.52	293	1.414219	7.0027	1.189209401	2747.488325	9.502111225
47.86	-128.52	279	1.414219	6.6681	1.189209401	2747.488325	9.502111225
47.86	-128.53	288	1.414219	6.8832	1.189209401	2747.488325	9.502111225
47.86	-128.53	324	1.414219	7.7436	1.189209401	2747.488325	9.502111225
47.86	-128.53	298	1.414219	7.1222	1.189209401	2747.488325	9.502111225
47.86	-128.53	334	1.414219	7.9826	1.189209401	2747.488325	9.502111225
47.86	-128.54	367	1.414219	8.7713	1.189209401	2747.488325	9.502111225
47.86	-128.54	318	1.414219	7.6002	1.189209401	2747.488325	9.502111225
47.87	-128.54	276	1.414219	6.5964	1.189209401	2747.488325	9.502111225
47.87	-128.54	267	1.414219	6.3813	1.189209401	2747.488325	9.502111225
47.87	-128.55	269	1.1679138	6.4291	1.080700606	2704.384915	10.45617994
47.87	-128.55	283	1.1679138	6.7637	1.080700606	2704.384915	10.45617994
47.87	-128.55	299	1.1679138	7.1461	1.080700606	2704.384915	10.45617994
47.87	-128.55	313	1.1679138	7.4807	1.080700606	2704.384915	10.45617994
47.87	-128.56	302	1.1679138	7.2178	1.080700606	2704.384915	10.45617994
47.87	-128.56	308	1.1679138	7.3612	1.080700606	2704.384915	10.45617994
47.87	-128.56	330	1.1679138	7.887	1.080700606	2704.384915	10.45617994
47.87	-128.56	299	1.1679138	7.1461	1.080700606	2704.384915	10.45617994
47.87	-128.57	394	1.1679138	9.4166	1.080700606	2704.384915	10.45617994
47.87	-128.57	552	1.1679138	13.1928	1.080700606	2704.384915	10.45617994
47.87	-128.57	606	1.1679138	14.4834	1.080700606	2704.384915	10.45617994
47.87	-128.57	483	1.1679138	11.5437	1.080700606	2704.384915	10.45617994
47.87	-128.58	448	1.1679138	10.7072	1.080700606	2704.384915	10.45617994
47.87	-128.58	532	1.1679138	12.7148	1.080700606	2704.384915	10.45617994
47.87	-128.58	503	1.1679138	12.0217	1.080700606	2704.384915	10.45617994
47.87	-128.59	463	1.1679138	11.0657	1.080700606	2704.384915	10.45617994
47.87	-128.59	450	1.1679138	10.755	1.080700606	2704.384915	10.45617994
47.88	-128.59	411	1.1679138	9.8229	1.080700606	2704.384915	10.45617994
47.88	-128.59	464	1.1679138	11.0896	1.080700606	2704.384915	10.45617994
47.88	-128.6	474	1.1679138	11.3286	1.080700606	2704.384915	10.45617994
47.88	-128.6	533	1.1679138	12.7387	1.080700606	2704.384915	10.45617994
47.88	-128.6	477	1.1679138	11.4003	1.080700606	2704.384915	10.45617994
47.88	-128.6	404	1.1679138	9.6556	1.080700606	2704.384915	10.45617994
47.88	-128.61	386	1.1679138	9.2254	1.080700606	2704.384915	10.45617994
47.88	-128.61	453	1.1679138	10.8267	1.080700606	2704.384915	10.45617994
47.88	-128.61	338	1.1679138	8.0782	1.080700606	2704.384915	10.45617994
47.88	-128.62	283	1.1679138	6.7637	1.080700606	2704.384915	10.45617994
47.88	-128.62	283	1.1679138	6.7637	1.080700606	2704.384915	10.45617994
47.88	-128.63	280	1.1679138	6.692	1.080700606	2704.384915	10.45617994
47.88	-128.63	303	1.1679138	7.2417	1.080700606	2704.384915	10.45617994
47.89	-128.64	349	1.1679138	8.3411	1.080700606	2704.384915	10.45617994
47.89	-128.64	415	1.1679138	9.9185	1.080700606	2704.384915	10.45617994
47.89	-128.64	368	1.1679138	8.7952	1.080700606	2704.384915	10.45617994
47.89	-128.65	462	0.91232389	11.0418	0.955156474	2659.656681	11.83052233
47.89	-128.65	401	0.91232389	9.5839	0.955156474	2659.656681	11.83052233
47.89	-128.66	311	0.91232389	7.4329	0.955156474	2659.656681	11.83052233
47.89	-128.66	313	0.91232389	7.4807	0.955156474	2659.656681	11.83052233
47.92	-128.79	85	0.66285837	2.0315	0.814161145	2616.000215	13.87931624
47.92	-128.79	85	0.66285837	2.0315	0.814161145	2616.000215	13.87931624
47.92	-128.8	84	0.66285837	2.0076	0.814161145	2616.000215	13.87931624
47.92	-128.8	82	0.66285837	1.9598	0.814161145	2616.000215	13.87931624
47.92	-128.81	82	0.66285837	1.9598	0.814161145	2616.000215	13.87931624
47.92	-128.81	92	0.66285837	2.1988	0.814161145	2616.000215	13.87931624
47.92	-128.81	103	0.66285837	2.4617	0.814161145	2616.000215	13.87931624
47.92	-128.81	98	0.66285837	2.3422	0.814161145	2616.000215	13.87931624
47.92	-128.81	113	0.66285837	2.7007	0.814161145	2616.000215	13.87931624
47.92	-128.81	114	0.66285837	2.7246	0.814161145	2616.000215	13.87931624
47.75	-127.71	164	3.4946105	3.9196	1.869387734	3111.556838	6.044759894
47.75	-127.72	158	3.4946105	3.7762	1.869387734	3111.556838	6.044759894
47.75	-127.72	150	3.4946105	3.585	1.869387734	3111.556838	6.044759894
47.75	-127.72	150	3.4946105	3.585	1.869387734	3111.556838	6.044759894
47.76	-127.72	155	3.3711357	3.7045	1.836065277	3089.948748	6.154465282
47.76	-127.73	157	3.3711357	3.7523	1.836065277	3089.948748	6.154465282
47.76	-127.73	158	3.3711357	3.7762	1.836065277	3089.948748	6.154465282
47.76	-127.73	160	3.3711357	3.824	1.836065277	3089.948748	6.154465282
47.76	-127.73	156	3.3711357	3.7284	1.836065277	3089.948748	6.154465282
47.76	-127.74	162	3.3711357	3.8718	1.836065277	3089.948748	6.154465282
47.76	-127.74	169	3.3711357	4.0391	1.836065277	3089.948748	6.154465282
47.76	-127.74	182	3.3711357	4.3498	1.836065277	3089.948748	6.154465282
47.76	-127.74	195	3.3711357	4.6605	1.836065277	3089.948748	6.154465282
47.76	-127.75	204	3.1612465	4.8756	1.777989454	3053.218138	6.355493263
47.76	-127.75	220	3.1612465	5.258	1.777989454	3053.218138	6.355493263
47.76	-127.75	255	3.1612465	6.0945	1.777989454	3053.218138	6.355493263
47.76	-127.75	283	3.1612465	6.7637	1.777989454	3053.218138	6.355493263
47.76	-127.76	326	3.1612465	7.7914	1.777989454	3053.218138	6.355493263
47.76	-127.76	343	3.1612465	8.1977	1.777989454	3053.218138	6.355493263
47.76	-127.76	320	3.1612465	7.648	1.777989454	3053.218138	6.355493263
47.76	-127.77	297	3.1612465	7.0983	1.777989454	3053.218138	6.355493263
47.76	-127.77	256	3.1612465	6.1184	1.777989454	3053.218138	6.355493263
47.76	-127.77	245	3.1612465	5.8555	1.777989454	3053.218138	6.355493263
47.77	-127.77	245	3.1612465	5.8555	1.777989454	3053.218138	6.355493263
47.77	-127.78	235	3.1612465	5.6165	1.777989454	3053.218138	6.355493263
47.77	-127.78	229	3.1612465	5.4731	1.777989454	3053.218138	6.355493263
47.77	-127.78	222	3.1612465	5.3058	1.777989454	3053.218138	6.355493263
47.77	-127.78	219	3.1612465	5.2341	1.777989454	3053.218138	6.355493263
47.77	-127.79	213	3.1612465	5.0907	1.777989454	3053.218138	6.355493263
47.77	-127.79	197	3.1612465	4.7083	1.777989454	3053.218138	6.355493263
47.77	-127.79	198	3.1612465	4.7322	1.777989454	3053.218138	6.355493263
47.77	-127.7	208	3.3711357	4.9712	1.836065277	3089.948748	6.154465282
47.77	-127.7	206	3.3711357	4.9234	1.836065277	3089.948748	6.154465282
47.77	-127.7	202	3.3711357	4.8278	1.836065277	3089.948748	6.154465282
47.77	-127.7	205	3.3711357	4.8995	1.836065277	3089.948748	6.154465282
47.77	-127.71	205	3.3711357	4.8995	1.836065277	3089.948748	6.154465282
47.77	-127.71	198	3.3711357	4.7322	1.836065277	3089.948748	6.154465282
47.77	-127.71	176	3.3711357	4.2064	1.836065277	3089.948748	6.154465282
47.77	-127.71	178	3.3711357	4.2542	1.836065277	3089.948748	6.154465282
47.77	-127.72	180	3.3711357	4.302	1.836065277	3089.948748	6.154465282
47.77	-127.72	182	3.3711357	4.3498	1.836065277	3089.948748	6.154465282
47.77	-127.72	191	3.3711357	4.5649	1.836065277	3089.948748	6.154465282
47.77	-127.72	190	3.3711357	4.541	1.836065277	3089.948748	6.154465282
47.78	-127.73	196	3.3711357	4.6844	1.836065277	3089.948748	6.154465282
47.78	-127.73	202	3.3711357	4.8278	1.836065277	3089.948748	6.154465282
47.78	-127.73	197	3.3711357	4.7083	1.836065277	3089.948748	6.154465282
47.78	-127.73	196	3.3711357	4.6844	1.836065277	3089.948748	6.154465282
47.78	-127.73	198	3.3711357	4.7322	1.836065277	3089.948748	6.154465282
47.78	-127.73	198	3.3711357	4.7322	1.836065277	3089.948748	6.154465282
47.78	-127.73	198	3.3711357	4.7322	1.836065277	3089.948748	6.154465282
47.78	-127.73	212	3.3711357	5.0668	1.836065277	3089.948748	6.154465282
47.78	-127.74	203	3.3711357	4.8517	1.836065277	3089.948748	6.154465282
47.78	-127.74	215	3.3711357	5.1385	1.836065277	3089.948748	6.154465282
47.78	-127.74	229	3.3711357	5.4731	1.836065277	3089.948748	6.154465282
47.78	-127.74	254	3.3711357	6.0706	1.836065277	3089.948748	6.154465282
47.78	-127.74	279	3.3711357	6.6681	1.836065277	3089.948748	6.154465282
47.78	-127.74	300	3.3711357	7.17	1.836065277	3089.948748	6.154465282
47.78	-127.74	315	3.3711357	7.5285	1.836065277	3089.948748	6.154465282
47.78	-127.75	334	3.1612465	7.9826	1.777989454	3053.218138	6.355493263
47.78	-127.75	341	3.1612465	8.1499	1.777989454	3053.218138	6.355493263
47.78	-127.75	342	3.1612465	8.1738	1.777989454	3053.218138	6.355493263
47.78	-127.75	359	3.1612465	8.5801	1.777989454	3053.218138	6.355493263
47.78	-127.75	365	3.1612465	8.7235	1.777989454	3053.218138	6.355493263
47.78	-127.75	362	3.1612465	8.6518	1.777989454	3053.218138	6.355493263
47.78	-127.75	361	3.1612465	8.6279	1.777989454	3053.218138	6.355493263
47.78	-127.76	361	3.1612465	8.6279	1.777989454	3053.218138	6.355493263
47.78	-127.76	345	3.1612465	8.2455	1.777989454	3053.218138	6.355493263
47.78	-127.76	325	3.1612465	7.7675	1.777989454	3053.218138	6.355493263
47.78	-127.76	319	3.1612465	7.6241	1.777989454	3053.218138	6.355493263
47.78	-127.76	330	3.1612465	7.887	1.777989454	3053.218138	6.355493263
47.78	-127.76	296	3.1612465	7.0744	1.777989454	3053.218138	6.355493263
47.78	-127.76	278	3.1612465	6.6442	1.777989454	3053.218138	6.355493263
47.78	-127.77	243	3.1612465	5.8077	1.777989454	3053.218138	6.355493263
47.78	-127.77	230	3.1612465	5.497	1.777989454	3053.218138	6.355493263
47.79	-127.77	229	3.1612465	5.4731	1.777989454	3053.218138	6.355493263
47.79	-127.77	226	3.1612465	5.4014	1.777989454	3053.218138	6.355493263
47.79	-127.78	215	3.1612465	5.1385	1.777989454	3053.218138	6.355493263
47.79	-127.78	207	3.1612465	4.9473	1.777989454	3053.218138	6.355493263
47.79	-127.78	201	3.1612465	4.8039	1.777989454	3053.218138	6.355493263
47.79	-127.78	193	3.1612465	4.6127	1.777989454	3053.218138	6.355493263
47.79	-127.79	193	3.1612465	4.6127	1.777989454	3053.218138	6.355493263
47.79	-127.79	191	3.1612465	4.5649	1.777989454	3053.218138	6.355493263
47.79	-127.79	194	3.1612465	4.6366	1.777989454	3053.218138	6.355493263
47.79	-127.79	202	3.1612465	4.8278	1.777989454	3053.218138	6.355493263
47.79	-127.8	207	3.1612465	4.9473	1.777989454	3053.218138	6.355493263
47.79	-127.8	195	3.1612465	4.6605	1.777989454	3053.218138	6.355493263
47.76	-127.75	199	3.1612465	4.7561	1.777989454	3053.218138	6.355493263
47.76	-127.75	217	3.1612465	5.1863	1.777989454	3053.218138	6.355493263
47.76	-127.75	248	3.1612465	5.9272	1.777989454	3053.218138	6.355493263
47.76	-127.75	256	3.1612465	6.1184	1.777989454	3053.218138	6.355493263
47.76	-127.75	273	3.1612465	6.5247	1.777989454	3053.218138	6.355493263
47.76	-127.76	308	3.1612465	7.3612	1.777989454	3053.218138	6.355493263
47.76	-127.76	320	3.1612465	7.648	1.777989454	3053.218138	6.355493263
47.76	-127.76	338	3.1612465	8.0782	1.777989454	3053.218138	6.355493263
47.76	-127.76	340	3.1612465	8.126	1.777989454	3053.218138	6.355493263
47.76	-127.76	353	3.1612465	8.4367	1.777989454	3053.218138	6.355493263
47.76	-127.76	349	3.1612465	8.3411	1.777989454	3053.218138	6.355493263
47.76	-127.76	327	3.1612465	7.8153	1.777989454	3053.218138	6.355493263
47.76	-127.76	316	3.1612465	7.5524	1.777989454	3053.218138	6.355493263
47.76	-127.77	294	3.1612465	7.0266	1.777989454	3053.218138	6.355493263
47.76	-127.77	278	3.1612465	6.6442	1.777989454	3053.218138	6.355493263
47.76	-127.77	257	3.1612465	6.1423	1.777989454	3053.218138	6.355493263
47.76	-127.77	238	3.1612465	5.6882	1.777989454	3053.218138	6.355493263
47.76	-127.77	235	3.1612465	5.6165	1.777989454	3053.218138	6.355493263
47.77	-127.77	250	3.1612465	5.975	1.777989454	3053.218138	6.355493263
47.77	-127.77	246	3.1612465	5.8794	1.777989454	3053.218138	6.355493263
47.77	-127.77	240	3.1612465	5.736	1.777989454	3053.218138	6.355493263
47.77	-127.79	218	3.1612465	5.2102	1.777989454	3053.218138	6.355493263
47.77	-127.79	207	3.1612465	4.9473	1.777989454	3053.218138	6.355493263
47.77	-127.79	192	3.1612465	4.5888	1.777989454	3053.218138	6.355493263
47.77	-127.8	193	3.1612465	4.6127	1.777989454	3053.218138	6.355493263
47.77	-127.8	181	3.1612465	4.3259	1.777989454	3053.218138	6.355493263
47.77	-127.8	181	3.1612465	4.3259	1.777989454	3053.218138	6.355493263
47.77	-127.8	199	3.1612465	4.7561	1.777989454	3053.218138	6.355493263
47.77	-127.81	180	3.1612465	4.302	1.777989454	3053.218138	6.355493263
47.77	-127.81	182	3.1612465	4.3498	1.777989454	3053.218138	6.355493263
47.77	-127.81	184	3.1612465	4.3976	1.777989454	3053.218138	6.355493263
47.77	-127.81	187	3.1612465	4.4693	1.777989454	3053.218138	6.355493263
49.83	-120.83	77	9.2849312	1.8403	3.047118508	4124.86296	3.70842157
49.83	-120.8	81	9.2849312	1.9359	3.047118508	4124.86296	3.70842157
49.82	-120.71	70	9.2849312	1.673	3.047118508	4124.86296	3.70842157
49.84	-120.61	76	9.2849312	1.8164	3.047118508	4124.86296	3.70842157
49.71	-120.44	79	9.2849312	1.8881	3.047118508	4124.86296	3.70842157
49.74	-120.41	68	9.2849312	1.6252	3.047118508	4124.86296	3.70842157
49.78	-120.49	68	9.2849312	1.6252	3.047118508	4124.86296	3.70842157
49.81	-120	80	9.2849312	1.912	3.047118508	4124.86296	3.70842157
49.67	-119.25	67	9.2849312	1.6013	3.047118508	4124.86296	3.70842157
49.7	-119.21	74	9.2849312	1.7686	3.047118508	4124.86296	3.70842157
49.73	-119.16	69	9.2849312	1.6491	3.047118508	4124.86296	3.70842157
49.79	-119.1	81	9.2849312	1.9359	3.047118508	4124.86296	3.70842157
49.96	-119.79	81	9.2849312	1.9359	3.047118508	4124.86296	3.70842157
49.57	-119.65	73	9.2849312	1.7447	3.047118508	4124.86296	3.70842157
49.01	-128.54	234.64	2.9651117	5.607896	1.72194997	3018.894548	6.562327707
49.01	-128.54	234.64	2.9651117	5.607896	1.72194997	3018.894548	6.562327707
48.33	-129.5	252.24	1.0923868	6.028536	1.045173096	2691.16769	10.81160627
48.71	-129.33	273.61	1.0676979	6.539279	1.033294682	2686.847133	10.93589292
48.81	-128.53	338.97	1.6490558	8.101383	1.284155676	2788.584765	8.799556169
48.7	-128.64	185.2	0.59841609	4.42628	0.773573584	2604.722816	14.60753086
48.82	-128.75	87.99	0.68546021	2.102961	0.827925244	2619.955537	13.64857525
48.82	-128.75	87.99	0.68546021	2.102961	0.827925244	2619.955537	13.64857525
48.82	-128.75	87.99	0.68546021	2.102961	0.827925244	2619.955537	13.64857525
48.33	-128.65	256.43	0.80387408	6.128677	0.896590252	2640.677964	12.60330455
48.36	-128.57	300	1.033847	7.17	1.016782671	2680.923225	11.11348602
48.39	-128.44	272.35	1.3642263	6.509165	1.168000985	2738.739603	9.674649379
48.36	-128.25	274.86	1.6470286	6.569154	1.283366121	2788.230005	8.80496985
48.48	-128.27	321.79	1.6329716	7.690781	1.277877772	2785.77003	8.842786257
48.46	-128.45	433.25	1.3784287	10.354675	1.174065032	2741.225023	9.6246798
48.46	-128.56	423.19	0.8665905	10.114241	0.930908427	2651.653338	12.13868053
48.46	-128.67	339.39	0.59159386	8.111421	0.76915139	2603.528926	14.69151607
48.46	-128.67	339.39	0.59159386	8.111421	0.76915139	2603.528926	14.69151607
48.46	-128.67	339.39	0.59159386	8.111421	0.76915139	2603.528926	14.69151607
48.45	-128.81	527.94	0.34311613	12.617766	0.585761154	2560.045323	19.29113926
48.45	-128.81	527.94	0.34311613	12.617766	0.585761154	2560.045323	19.29113926
48.45	-128.81	527.94	0.34311613	12.617766	0.585761154	2560.045323	19.29113926
48.47	-128.99	366.63	0.2075969	8.762457	0.455628028	2536.329458	24.80093257
48.47	-129.08	202.38	0.41323298	4.836882	0.642832	2572.315772	17.5784653
48.47	-129.22	319.28	0.6946314	7.630792	0.833445499	2621.560495	13.55817508
48.55	-129.45	237.57	1.1500742	5.677923	1.072415125	2701.262985	10.53696441
48.53	-129.34	234.64	0.93639433	5.607896	0.967674703	2663.869008	11.67747795
48.55	-129.23	193.16	0.6946314	4.616524	0.833445499	2621.560495	13.55817508
48.55	-128.93	419	0.15120271	10.0141	0.388847927	2526.460474	29.06020382
48.55	-128.67	104.75	0.59159386	2.503525	0.76915139	2603.528926	14.69151607
48.55	-128.67	104.75	0.59159386	2.503525	0.76915139	2603.528926	14.69151607
48.55	-128.67	104.75	0.59159386	2.503525	0.76915139	2603.528926	14.69151607
48.56	-128.69	360.34	0.44956386	8.612126	0.670495235	2578.673676	16.85321448
48.56	-128.69	360.34	0.44956386	8.612126	0.670495235	2578.673676	16.85321448
48.56	-128.69	360.34	0.44956386	8.612126	0.670495235	2578.673676	16.85321448
48.56	-128.54	190.23	0.96464723	4.546497	0.982164564	2668.813265	11.50520027
48.57	-128.39	351.96	1.2363625	8.411844	1.111918387	2716.363438	10.16261637
48.56	-128.28	295.4	1.5076998	7.06006	1.227884278	2763.847465	9.202821636
48.64	-128.26	199.03	1.5076998	4.756817	1.227884278	2763.847465	9.202821636
48.67	-128.43	162.99	1.2233963	3.895461	1.106072466	2714.094353	10.21632881
48.66	-128.5	227.1	0.88008928	5.42769	0.938130737	2654.015624	12.04522947
48.65	-128.68	217.88	0.44956386	5.207332	0.670495235	2578.673676	16.85321448
48.65	-128.68	217.88	0.44956386	5.207332	0.670495235	2578.673676	16.85321448
48.65	-128.68	217.88	0.44956386	5.207332	0.670495235	2578.673676	16.85321448
48.64	-129.47	224.17	1.3595402	5.357663	1.165993225	2737.919535	9.691308458
48.72	-129.49	171.37	1.4873363	4.095743	1.219563979	2760.283853	9.265606553
48.82	-129.51	307.55	1.4191555	7.350445	1.191283132	2748.352213	9.485570389
49.03	-129.49	414.39	0.30543268	9.903921	0.552659642	2553.450719	20.44658075
49.03	-129.36	134.92	0.60623562	3.224588	0.778611341	2606.091234	14.51301748
49.03	-129.21	155.03	1.1776359	3.705217	1.085189338	2706.086283	10.41292943
49	-129.12	134.92	1.4348531	3.224588	1.197853539	2751.099293	9.433540609
49.01	-128.83	122.77	2.2600608	2.934203	1.503349859	2895.51064	7.516547082
49.03	-128.69	165.92	2.5147243	3.965488	1.585788227	2940.076753	7.125793854
49.01	-128.41	163.41	3.2341127	3.905499	1.798363895	3065.969723	6.283489137
49.01	-128.41	163.41	3.2341127	3.905499	1.798363895	3065.969723	6.283489137
49.02	-128.27	234.64	3.4966569	5.607896	1.869934999	3111.914958	6.042990803
49.02	-128.27	234.64	3.4966569	5.607896	1.869934999	3111.914958	6.042990803
49.09	-128.26	175.98	3.8800023	4.205922	1.969772144	3179.000403	5.736704133
49.09	-128.26	175.98	3.8800023	4.205922	1.969772144	3179.000403	5.736704133
48.47	-129.4	597.49	1.1500742	14.280011	1.072415125	2701.262985	10.53696441
48.34	-128.97	114.39	0.12862568	2.733921	0.358644225	2522.509494	31.50754764
48.36	-128.81	328.08	0.53057241	7.841112	0.728404016	2592.850172	15.51336862
48.54	-129.08	423.19	0.41323298	10.114241	0.642832	2572.315772	17.5784653
48.65	-129.08	234.64	0.54729426	5.607896	0.73979339	2595.776496	15.27453496
48.63	-129	316.76	0.29284939	7.570564	0.541155606	2551.248643	20.88123984
48.69	-129.08	45.67	0.52265346	1.091513	0.722947757	2591.464356	15.63045169
48.8	-129.11	238.83	0.14601907	5.708037	0.382124417	2525.553337	29.57152043
48.91	-129.07	207.41	0.62740594	4.957099	0.792089604	2609.79604	14.26606277
48.83	-128.94	136.59	0.31936482	3.264501	0.565123721	2555.888844	19.99562146
48.71	-128.91	275.28	0.24071789	6.579192	0.490630095	2542.125631	23.03160796
48.7	-128.76	129.89	0.14280756	3.104371	0.377898875	2524.991323	29.90217949
48.7	-128.76	129.89	0.14280756	3.104371	0.377898875	2524.991323	29.90217949
48.7	-128.76	129.89	0.14280756	3.104371	0.377898875	2524.991323	29.90217949
48.82	-128.79	146.65	0.68546021	3.504935	0.827925244	2619.955537	13.64857525
48.82	-128.79	146.65	0.68546021	3.504935	0.827925244	2619.955537	13.64857525
48.82	-128.79	146.65	0.68546021	3.504935	0.827925244	2619.955537	13.64857525
49	-128.92	163.83	2.0014477	3.915537	1.414725309	2850.253348	7.987416305
49.07	-128.92	247.21	2.6050727	5.908319	1.614023761	2955.887723	7.001136089
49.07	-128.92	247.21	2.6050727	5.908319	1.614023761	2955.887723	7.001136089
48.89	-128.94	343.16	1.2405514	8.201524	1.113800431	2717.096495	10.14544409
48.89	-128.8	175.98	1.5536753	4.205922	1.246465122	2771.893178	9.065636737
48.89	-128.8	175.98	1.5536753	4.205922	1.246465122	2771.893178	9.065636737
48.89	-128.8	175.98	1.5536753	4.205922	1.246465122	2771.893178	9.065636737
48.9	-128.7	146.65	1.8434017	3.504935	1.357719301	2822.595298	8.322780705
48.9	-128.7	146.65	1.8434017	3.504935	1.357719301	2822.595298	8.322780705
48.9	-128.7	146.65	1.8434017	3.504935	1.357719301	2822.595298	8.322780705
48.72	-128.25	199.86	1.5736516	4.776654	1.254452709	2775.38903	9.007912308
48.71	-128.4	157.54	1.2233963	3.765206	1.106072466	2714.094353	10.21632881
48.71	-128.54	263.97	0.88008928	6.308883	0.938130737	2654.015624	12.04522947
48.7	-128.67	87.99	0.33493531	2.102961	0.578735959	2558.613679	19.52531172
48.7	-128.67	87.99	0.33493531	2.102961	0.578735959	2558.613679	19.52531172
48.7	-128.67	87.99	0.33493531	2.102961	0.578735959	2558.613679	19.52531172
48.65	-129.22	400.98	0.81750315	9.583422	0.904158808	2643.063051	12.49780448
48.64	-129.3	313.83	1.0900034	7.500537	1.044032279	2690.750595	10.82342014
48.71	-129.19	350.7	0.7853657	8.38173	0.88620861	2637.438998	12.75094811
48.8	-129.22	201.96	0.54567164	4.826844	0.738695905	2595.492537	15.29722843
48.9	-129.19	460.9	0.37818527	11.01551	0.614967698	2566.182422	18.37494885
48.82	-129.32	298.75	0.79428655	7.140125	0.891227552	2639.000146	12.67914123
48.91	-129.43	258.94	0.2667374	6.188666	0.516466262	2546.679045	21.87945434
48.91	-129.31	196.09	0.1802076	4.686551	0.424508657	2531.53633	26.61900955
49.08	-129.46	222.07	1.125061	5.307473	1.060688927	2696.885675	10.65345335
49.08	-129.46	222.07	1.125061	5.307473	1.060688927	2696.885675	10.65345335
49.08	-129.35	201.12	1.6374265	4.806768	1.27961967	2786.549638	8.830748905
49.08	-129.35	201.12	1.6374265	4.806768	1.27961967	2786.549638	8.830748905
49.18	-129.49	192.74	1.7575538	4.606486	1.325727649	2807.571915	8.523620976
49.18	-129.49	192.74	1.7575538	4.606486	1.325727649	2807.571915	8.523620976
49.17	-129.33	406.43	2.1800005	9.713677	1.476482475	2881.500088	7.653324837
49.17	-129.33	406.43	2.1800005	9.713677	1.476482475	2881.500088	7.653324837
49.19	-129.21	268.16	2.3781426	6.409024	1.542122758	2916.174955	7.327561923
49.19	-129.21	268.16	2.3781426	6.409024	1.542122758	2916.174955	7.327561923
49.09	-129.2	217.88	1.8879606	5.207332	1.374030786	2830.393105	8.223978762
49.09	-129.2	217.88	1.8879606	5.207332	1.374030786	2830.393105	8.223978762
49.08	-129.06	310.06	2.1360242	7.410434	1.461514352	2873.804235	7.731706492
49.08	-129.06	310.06	2.1360242	7.410434	1.461514352	2873.804235	7.731706492
49.19	-129.06	201.12	2.577539	4.806768	1.605471582	2951.069325	7.038430408
49.19	-129.06	201.12	2.577539	4.806768	1.605471582	2951.069325	7.038430408
49.2	-128.95	364.53	3.0559139	8.712267	1.748117244	3034.784933	6.464097323
49.2	-128.95	364.53	3.0559139	8.712267	1.748117244	3034.784933	6.464097323
49.19	-128.81	448.33	3.1512382	10.715087	1.775172724	3051.466685	6.365577753
49.19	-128.81	448.33	3.1512382	10.715087	1.775172724	3051.466685	6.365577753
49.1	-128.79	272.35	2.8598702	6.509165	1.691115076	3000.477285	6.681981706
49.1	-128.79	272.35	2.8598702	6.509165	1.691115076	3000.477285	6.681981706
48.82	-128.67	87.99	1.0121025	2.102961	1.006033051	2677.117938	11.23223535
48.82	-128.67	87.99	1.0121025	2.102961	1.006033051	2677.117938	11.23223535
48.82	-128.67	87.99	1.0121025	2.102961	1.006033051	2677.117938	11.23223535
48.9	-128.53	320.12	2.3829148	7.650868	1.543669265	2917.01009	7.320220889
48.92	-128.4	149.58	2.6493433	3.574962	1.627680343	2963.635078	6.942395076
48.91	-128.26	190.23	2.8614984	4.546497	1.691596406	3000.76222	6.680080403
48.81	-128.24	297.07	2.5568075	7.099973	1.599002033	2947.441313	7.06690784
48.81	-128.41	294.14	1.9969267	7.029946	1.413126569	2849.462173	7.996452864
48.65	-128.78	138.27	0.16636826	3.304653	0.407882655	2529.114446	27.70404642
48.65	-128.78	138.27	0.16636826	3.304653	0.407882655	2529.114446	27.70404642
48.65	-128.78	138.27	0.16636826	3.304653	0.407882655	2529.114446	27.70404642
49.08	-128.72	217.88	3.0358994	5.207332	1.742383253	3031.282395	6.485369956
49.08	-128.72	217.88	3.0358994	5.207332	1.742383253	3031.282395	6.485369956
49.08	-128.72	217.88	3.0358994	5.207332	1.742383253	3031.282395	6.485369956
49.19	-128.72	540.51	3.2810533	12.918189	1.811367798	3074.184328	6.238379644
49.19	-128.72	540.51	3.2810533	12.918189	1.811367798	3074.184328	6.238379644
49.19	-128.72	540.51	3.2810533	12.918189	1.811367798	3074.184328	6.238379644
49.18	-128.54	301.68	3.5768967	7.210152	1.891268543	3125.956923	5.974825756
49.18	-128.54	301.68	3.5768967	7.210152	1.891268543	3125.956923	5.974825756
49.18	-128.43	230.45	3.8025918	5.507755	1.950023538	3165.453565	5.794801846
49.18	-128.43	230.45	3.8025918	5.507755	1.950023538	3165.453565	5.794801846
49.18	-128.26	192.74	3.9386008	4.606486	1.984590839	3189.25514	5.69386887
49.18	-128.26	192.74	3.9386008	4.606486	1.984590839	3189.25514	5.69386887
49.07	-128.55	167.6	3.3163073	4.00564	1.821073118	3080.353778	6.205132507
49.07	-128.55	167.6	3.3163073	4.00564	1.821073118	3080.353778	6.205132507
49.07	-128.55	167.6	3.3163073	4.00564	1.821073118	3080.353778	6.205132507
49.09	-128.55	213.69	3.3163073	5.107191	1.821073118	3080.353778	6.205132507
49.09	-128.55	213.69	3.3163073	5.107191	1.821073118	3080.353778	6.205132507
48.72	-128.39	154.19	1.2233963	3.685141	1.106072466	2714.094353	10.21632881
48.7	-128.56	195.67	0.59841609	4.676513	0.773573584	2604.722816	14.60753086
48.71	-128.61	408.11	0.59841609	9.753829	0.773573584	2604.722816	14.60753086
48.71	-128.52	667.05	0.88008928	15.942495	0.938130737	2654.015624	12.04522947
48.89	-128.3	70	2.8614984	1.673	1.691596406	3000.76222	6.680080403
50.26	-128.82	59	2.7159307	1.4101	1.648008101	2975.287873	6.856762412
50.48	-129.53	77	1.2588239	1.8403	1.121973217	2720.294183	10.07154166
50.18	-129.38	90	1.5338509	2.151	1.238487343	2768.423908	9.124033491
50.45	-129.81	105	1.0826941	2.5095	1.040525877	2689.471468	10.8598933
50.32	-129.74	135	0.80569011	3.2265	0.897602423	2640.995769	12.58909257
50.33	-129.73	119	0.80569011	2.8441	0.897602423	2640.995769	12.58909257
50.33	-129.72	125	0.80569011	2.9875	0.897602423	2640.995769	12.58909257
50.33	-129.71	112	0.80569011	2.6768	0.897602423	2640.995769	12.58909257
50.33	-129.7	127	0.80569011	3.0353	0.897602423	2640.995769	12.58909257
50.34	-129.7	111	0.80569011	2.6529	0.897602423	2640.995769	12.58909257
50.34	-129.69	122	0.80569011	2.9158	0.897602423	2640.995769	12.58909257
50.33	-129.74	129	0.80569011	3.0831	0.897602423	2640.995769	12.58909257
50.35	-129.65	121	1.0622153	2.8919	1.030638297	2685.887678	10.96407928
50.31	-129.75	134	0.80569011	3.2026	0.897602423	2640.995769	12.58909257
50.3	-129.79	109	0.54671323	2.6051	0.739400588	2595.674815	15.28264946
50.29	-129.79	110	0.54671323	2.629	0.739400588	2595.674815	15.28264946
50.28	-129.8	118	0.54671323	2.8202	0.739400588	2595.674815	15.28264946
50.26	-129.83	111	0.54671323	2.6529	0.739400588	2595.674815	15.28264946
50.25	-129.85	105	0.72064608	2.5095	0.848908758	2626.113064	13.31120676
50.25	-129.86	101	0.57892931	2.4139	0.760874043	2601.312629	14.85134116
50.47	-129.69	95	1.2723374	2.2705	1.127979344	2722.659045	10.01791395
50.44	-129.73	117	1.0622153	2.7963	1.030638297	2685.887678	10.96407928
50.41	-129.8	130	0.7868275	3.107	0.887032976	2637.694813	12.73909799
50.4	-129.83	126	0.7868275	3.0114	0.887032976	2637.694813	12.73909799
50.52	-129.47	61	1.2588239	1.4579	1.121973217	2720.294183	10.07154166
50.53	-129.45	58	1.2588239	1.3862	1.121973217	2720.294183	10.07154166
50.59	-129.36	23	1.3816251	0.5497	1.175425497	2741.784393	9.613539969
50.34	-129.11	79	1.7557638	1.8881	1.325052376	2807.258665	8.527964782
50.39	-129.63	120	1.2588239	2.868	1.121973217	2720.294183	10.07154166
50.38	-129.65	77	1.0622153	1.8403	1.030638297	2685.887678	10.96407928
50.37	-129.66	111	1.0622153	2.6529	1.030638297	2685.887678	10.96407928
49.77	-128.82	147	2.8893144	3.5133	1.699798341	3005.63002	6.647847411
49.78	-128.81	125	2.8893144	2.9875	1.699798341	3005.63002	6.647847411
49.81	-128.78	133	2.8893144	3.1787	1.699798341	3005.63002	6.647847411
49.93	-128.63	38	3.2735121	0.9082	1.809284969	3072.864618	6.245561198
49.83	-128.76	113	2.8893144	2.7007	1.699798341	3005.63002	6.647847411
48.47	-128.78	404	0.34311613	9.6556	0.585761154	2560.045323	19.29113926
48.47	-128.8	397	0.34311613	9.4883	0.585761154	2560.045323	19.29113926
48.57	-128.69	371	0.44956386	8.8669	0.670495235	2578.673676	16.85321448
48.57	-128.69	262	0.44956386	6.2618	0.670495235	2578.673676	16.85321448
48.57	-128.69	267	0.44956386	6.3813	0.670495235	2578.673676	16.85321448
48.57	-128.7	338	0.44956386	8.0782	0.670495235	2578.673676	16.85321448
48.57	-128.7	388	0.44956386	9.2732	0.670495235	2578.673676	16.85321448
48.56	-128.7	359	0.44956386	8.5801	0.670495235	2578.673676	16.85321448
48.56	-128.7	474	0.44956386	11.3286	0.670495235	2578.673676	16.85321448
48.55	-128.71	587	0.59159386	14.0293	0.76915139	2603.528926	14.69151607
48.55	-128.71	494	0.59159386	11.8066	0.76915139	2603.528926	14.69151607
48.55	-128.72	413	0.59159386	9.8707	0.76915139	2603.528926	14.69151607
48.54	-128.72	335	0.59159386	8.0065	0.76915139	2603.528926	14.69151607
48.53	-128.72	302	0.59159386	7.2178	0.76915139	2603.528926	14.69151607
48.52	-128.73	278	0.59159386	6.6442	0.76915139	2603.528926	14.69151607
48.52	-128.73	305	0.59159386	7.2895	0.76915139	2603.528926	14.69151607
48.51	-128.74	306	0.59159386	7.3134	0.76915139	2603.528926	14.69151607
48.51	-128.74	217	0.59159386	5.1863	0.76915139	2603.528926	14.69151607
48.52	-128.82	165	0.34311613	3.9435	0.585761154	2560.045323	19.29113926
48.52	-128.8	159	0.34311613	3.8001	0.585761154	2560.045323	19.29113926
48.53	-128.79	161	0.34311613	3.8479	0.585761154	2560.045323	19.29113926
48.52	-128.78	150	0.34311613	3.585	0.585761154	2560.045323	19.29113926
48.52	-128.77	169	0.34311613	4.0391	0.585761154	2560.045323	19.29113926
48.51	-128.77	133	0.34311613	3.1787	0.585761154	2560.045323	19.29113926
48.5	-128.77	230	0.34311613	5.497	0.585761154	2560.045323	19.29113926
48.49	-128.76	263	0.34311613	6.2857	0.585761154	2560.045323	19.29113926
48.49	-128.76	268	0.34311613	6.4052	0.585761154	2560.045323	19.29113926
48.48	-128.76	272	0.34311613	6.5008	0.585761154	2560.045323	19.29113926
48.47	-128.75	309	0.34311613	7.3851	0.585761154	2560.045323	19.29113926
48.47	-128.75	348	0.34311613	8.3172	0.585761154	2560.045323	19.29113926
48.46	-128.74	424	0.59159386	10.1336	0.76915139	2603.528926	14.69151607
48.45	-128.74	412	0.59159386	9.8468	0.76915139	2603.528926	14.69151607
48.45	-128.74	1005	0.59159386	24.0195	0.76915139	2603.528926	14.69151607
48.51	-128.78	151	0.34311613	3.6089	0.585761154	2560.045323	19.29113926
48.51	-128.78	189	0.34311613	4.5171	0.585761154	2560.045323	19.29113926
48.51	-128.77	120	0.34311613	2.868	0.585761154	2560.045323	19.29113926
48.51	-128.77	203	0.34311613	4.8517	0.585761154	2560.045323	19.29113926
48.5	-128.76	299	0.34311613	7.1461	0.585761154	2560.045323	19.29113926
48.5	-128.76	320	0.34311613	7.648	0.585761154	2560.045323	19.29113926
48.5	-128.75	246	0.34311613	5.8794	0.585761154	2560.045323	19.29113926
48.49	-128.74	206	0.59159386	4.9234	0.76915139	2603.528926	14.69151607
48.49	-128.73	341	0.59159386	8.1499	0.76915139	2603.528926	14.69151607
48.49	-128.73	395	0.59159386	9.4405	0.76915139	2603.528926	14.69151607
48.49	-128.72	390	0.59159386	9.321	0.76915139	2603.528926	14.69151607
48.48	-128.72	570	0.59159386	13.623	0.76915139	2603.528926	14.69151607
48.48	-128.71	744	0.59159386	17.7816	0.76915139	2603.528926	14.69151607
48.45	-128.72	774	0.59159386	18.4986	0.76915139	2603.528926	14.69151607
48.45	-128.72	1073	0.59159386	25.6447	0.76915139	2603.528926	14.69151607
48.46	-128.71	2894	0.59159386	69.1666	0.76915139	2603.528926	14.69151607
48.46	-128.71	1528	0.59159386	36.5192	0.76915139	2603.528926	14.69151607
48.45	-128.7	1313	0.59159386	31.3807	0.76915139	2603.528926	14.69151607
48.45	-128.7	729	0.59159386	17.4231	0.76915139	2603.528926	14.69151607
48.44	-128.69	581	0.79336768	13.8859	0.890711895	2638.839344	12.68648152
48.44	-128.69	605	0.79336768	14.4595	0.890711895	2638.839344	12.68648152
48.44	-128.69	707	0.79336768	16.8973	0.890711895	2638.839344	12.68648152
48.44	-128.68	1507	0.79336768	36.0173	0.890711895	2638.839344	12.68648152
48.43	-128.68	3200	0.79336768	76.48	0.890711895	2638.839344	12.68648152
48.43	-128.68	2129	0.79336768	50.8831	0.890711895	2638.839344	12.68648152
48.43	-128.67	883	0.79336768	21.1037	0.890711895	2638.839344	12.68648152
48.43	-128.67	684	0.79336768	16.3476	0.890711895	2638.839344	12.68648152
48.43	-128.67	556	0.79336768	13.2884	0.890711895	2638.839344	12.68648152
48.43	-128.66	466	0.79336768	11.1374	0.890711895	2638.839344	12.68648152
48.4	-128.73	841	0.79336768	20.0999	0.890711895	2638.839344	12.68648152
48.4	-128.73	677	0.79336768	16.1803	0.890711895	2638.839344	12.68648152
48.4	-128.72	995	0.79336768	23.7805	0.890711895	2638.839344	12.68648152
48.4	-128.72	772	0.79336768	18.4508	0.890711895	2638.839344	12.68648152
48.4	-128.72	659	0.79336768	15.7501	0.890711895	2638.839344	12.68648152
48.4	-128.71	654	0.79336768	15.6306	0.890711895	2638.839344	12.68648152
48.4	-128.7	683	0.79336768	16.3237	0.890711895	2638.839344	12.68648152
48.4	-128.7	687	0.79336768	16.4193	0.890711895	2638.839344	12.68648152
48.4	-128.69	616	0.79336768	14.7224	0.890711895	2638.839344	12.68648152
48.4	-128.69	631	0.79336768	15.0809	0.890711895	2638.839344	12.68648152
48.39	-128.68	788	0.79336768	18.8332	0.890711895	2638.839344	12.68648152
48.39	-128.68	690	0.79336768	16.491	0.890711895	2638.839344	12.68648152
48.39	-128.67	589	0.79336768	14.0771	0.890711895	2638.839344	12.68648152
48.39	-128.66	648	0.79336768	15.4872	0.890711895	2638.839344	12.68648152
48.39	-128.66	686	0.79336768	16.3954	0.890711895	2638.839344	12.68648152
48.39	-128.65	548	0.79336768	13.0972	0.890711895	2638.839344	12.68648152
48.39	-128.64	699	1.033847	16.7061	1.016782671	2680.923225	11.11348602
48.39	-128.64	787	1.033847	18.8093	1.016782671	2680.923225	11.11348602
48.39	-128.63	902	1.033847	21.5578	1.016782671	2680.923225	11.11348602
48.39	-128.63	534	1.033847	12.7626	1.016782671	2680.923225	11.11348602
48.38	-128.62	465	1.033847	11.1135	1.016782671	2680.923225	11.11348602
48.38	-128.61	355	1.033847	8.4845	1.016782671	2680.923225	11.11348602
48.38	-128.61	304	1.033847	7.2656	1.016782671	2680.923225	11.11348602
48.4	-128.84	1319	0.53057241	31.5241	0.728404016	2592.850172	15.51336862
48.4	-128.83	1429	0.53057241	34.1531	0.728404016	2592.850172	15.51336862
48.39	-128.83	1497	0.53057241	35.7783	0.728404016	2592.850172	15.51336862
48.39	-128.82	952	0.53057241	22.7528	0.728404016	2592.850172	15.51336862
48.39	-128.82	865	0.53057241	20.6735	0.728404016	2592.850172	15.51336862
48.39	-128.81	763	0.53057241	18.2357	0.728404016	2592.850172	15.51336862
48.39	-128.79	602	0.53057241	14.3878	0.728404016	2592.850172	15.51336862
48.38	-128.79	598	0.53057241	14.2922	0.728404016	2592.850172	15.51336862
48.39	-128.78	586	0.53057241	14.0054	0.728404016	2592.850172	15.51336862
48.39	-128.77	539	0.53057241	12.8821	0.728404016	2592.850172	15.51336862
48.39	-128.77	510	0.53057241	12.189	0.728404016	2592.850172	15.51336862
48.39	-128.76	487	0.53057241	11.6393	0.728404016	2592.850172	15.51336862
48.39	-128.75	530	0.53057241	12.667	0.728404016	2592.850172	15.51336862
48.39	-128.73	914	0.79336768	21.8446	0.890711895	2638.839344	12.68648152
48.39	-128.72	758	0.79336768	18.1162	0.890711895	2638.839344	12.68648152
48.39	-128.72	666	0.79336768	15.9174	0.890711895	2638.839344	12.68648152
48.39	-128.71	620	0.79336768	14.818	0.890711895	2638.839344	12.68648152
48.39	-128.71	553	0.79336768	13.2167	0.890711895	2638.839344	12.68648152
48.44	-128.76	573	0.53057241	13.6947	0.728404016	2592.850172	15.51336862
48.44	-128.76	559	0.53057241	13.3601	0.728404016	2592.850172	15.51336862
48.44	-128.75	594	0.53057241	14.1966	0.728404016	2592.850172	15.51336862
48.44	-128.75	641	0.53057241	15.3199	0.728404016	2592.850172	15.51336862
48.44	-128.74	567	0.79336768	13.5513	0.890711895	2638.839344	12.68648152
48.44	-128.73	661	0.79336768	15.7979	0.890711895	2638.839344	12.68648152
48.44	-128.72	704	0.79336768	16.8256	0.890711895	2638.839344	12.68648152
48.44	-128.72	812	0.79336768	19.4068	0.890711895	2638.839344	12.68648152
48.44	-128.7	857	0.79336768	20.4823	0.890711895	2638.839344	12.68648152
48.44	-128.7	653	0.79336768	15.6067	0.890711895	2638.839344	12.68648152
48.44	-128.69	594	0.79336768	14.1966	0.890711895	2638.839344	12.68648152
48.44	-128.69	637	0.79336768	15.2243	0.890711895	2638.839344	12.68648152
48.44	-128.68	1665	0.79336768	39.7935	0.890711895	2638.839344	12.68648152
48.44	-128.68	2298	0.79336768	54.9222	0.890711895	2638.839344	12.68648152
48.44	-128.67	727	0.79336768	17.3753	0.890711895	2638.839344	12.68648152
48.44	-128.66	419	0.79336768	10.0141	0.890711895	2638.839344	12.68648152
48.44	-128.65	218	0.79336768	5.2102	0.890711895	2638.839344	12.68648152
48.44	-128.63	290	1.033847	6.931	1.016782671	2680.923225	11.11348602
48.29	-128.69	532	0.80387408	12.7148	0.896590252	2640.677964	12.60330455
48.3	-128.7	1101	0.80387408	26.3139	0.896590252	2640.677964	12.60330455
48.31	-128.7	387	0.80387408	9.2493	0.896590252	2640.677964	12.60330455
48.32	-128.71	278	0.80387408	6.6442	0.896590252	2640.677964	12.60330455
48.32	-128.71	325	0.80387408	7.7675	0.896590252	2640.677964	12.60330455
48.33	-128.72	322	0.80387408	7.6958	0.896590252	2640.677964	12.60330455
48.34	-128.72	395	0.80387408	9.4405	0.896590252	2640.677964	12.60330455
48.34	-128.73	422	0.80387408	10.0858	0.896590252	2640.677964	12.60330455
48.35	-128.73	502	0.79336768	11.9978	0.890711895	2638.839344	12.68648152
48.36	-128.74	550	0.79336768	13.145	0.890711895	2638.839344	12.68648152
48.37	-128.74	788	0.79336768	18.8332	0.890711895	2638.839344	12.68648152
48.37	-128.74	935	0.79336768	22.3465	0.890711895	2638.839344	12.68648152
48.38	-128.75	673	0.53057241	16.0847	0.728404016	2592.850172	15.51336862
48.39	-128.75	586	0.53057241	14.0054	0.728404016	2592.850172	15.51336862
48.4	-128.76	587	0.53057241	14.0293	0.728404016	2592.850172	15.51336862
48.29	-128.78	313	0.54432315	7.4807	0.73778259	2595.256551	15.31616516
48.29	-128.78	290	0.54432315	6.931	0.73778259	2595.256551	15.31616516
48.31	-128.78	292	0.54432315	6.9788	0.73778259	2595.256551	15.31616516
48.33	-128.78	322	0.54432315	7.6958	0.73778259	2595.256551	15.31616516
48.33	-128.78	361	0.54432315	8.6279	0.73778259	2595.256551	15.31616516
48.34	-128.78	353	0.54432315	8.4367	0.73778259	2595.256551	15.31616516
48.34	-128.78	365	0.54432315	8.7235	0.73778259	2595.256551	15.31616516
48.35	-128.78	354	0.53057241	8.4606	0.728404016	2592.850172	15.51336862
48.35	-128.78	335	0.53057241	8.0065	0.728404016	2592.850172	15.51336862
48.36	-128.8	303	0.53057241	7.2417	0.728404016	2592.850172	15.51336862
48.36	-128.81	385	0.53057241	9.2015	0.728404016	2592.850172	15.51336862
48.36	-128.83	469	0.53057241	11.2091	0.728404016	2592.850172	15.51336862
48.36	-128.83	627	0.53057241	14.9853	0.728404016	2592.850172	15.51336862
48.36	-128.83	807	0.53057241	19.2873	0.728404016	2592.850172	15.51336862
48.36	-128.84	1022	0.53057241	24.4258	0.728404016	2592.850172	15.51336862
48.36	-128.85	1289	0.53057241	30.8071	0.728404016	2592.850172	15.51336862
48.37	-128.86	1150	0.25480604	27.485	0.504783161	2544.591057	22.38584974
48.37	-128.87	1095	0.25480604	26.1705	0.504783161	2544.591057	22.38584974
48.38	-128.88	1158	0.25480604	27.6762	0.504783161	2544.591057	22.38584974
48.38	-128.9	1076	0.25480604	25.7164	0.504783161	2544.591057	22.38584974
48.35	-128.77	367	0.53057241	8.7713	0.728404016	2592.850172	15.51336862
48.36	-128.77	341	0.53057241	8.1499	0.728404016	2592.850172	15.51336862
48.39	-128.77	533	0.53057241	12.7387	0.728404016	2592.850172	15.51336862
48.41	-128.73	858	0.79336768	20.5062	0.890711895	2638.839344	12.68648152
48.42	-128.73	861	0.79336768	20.5779	0.890711895	2638.839344	12.68648152
48.41	-128.74	740	0.79336768	17.686	0.890711895	2638.839344	12.68648152
48.41	-128.75	624	0.53057241	14.9136	0.728404016	2592.850172	15.51336862
48.42	-128.75	679	0.53057241	16.2281	0.728404016	2592.850172	15.51336862
48.42	-128.77	763	0.53057241	18.2357	0.728404016	2592.850172	15.51336862
48.42	-128.77	698	0.53057241	16.6822	0.728404016	2592.850172	15.51336862
48.42	-128.78	706	0.53057241	16.8734	0.728404016	2592.850172	15.51336862
48.42	-128.78	743	0.53057241	17.7577	0.728404016	2592.850172	15.51336862
48.42	-128.79	788	0.53057241	18.8332	0.728404016	2592.850172	15.51336862
48.42	-128.79	881	0.53057241	21.0559	0.728404016	2592.850172	15.51336862
48.43	-128.8	959	0.53057241	22.9201	0.728404016	2592.850172	15.51336862
48.43	-128.8	1023	0.53057241	24.4497	0.728404016	2592.850172	15.51336862
48.43	-128.81	1153	0.53057241	27.5567	0.728404016	2592.850172	15.51336862
48.43	-128.82	1665	0.53057241	39.7935	0.728404016	2592.850172	15.51336862
48.43	-128.83	1124	0.53057241	26.8636	0.728404016	2592.850172	15.51336862
48.43	-128.84	888	0.53057241	21.2232	0.728404016	2592.850172	15.51336862
48.43	-128.85	1018	0.53057241	24.3302	0.728404016	2592.850172	15.51336862
48.43	-128.85	792	0.53057241	18.9288	0.728404016	2592.850172	15.51336862
48.43	-128.85	912	0.53057241	21.7968	0.728404016	2592.850172	15.51336862
48.43	-128.86	897	0.25480604	21.4383	0.504783161	2544.591057	22.38584974
48.44	-128.76	765	0.53057241	18.2835	0.728404016	2592.850172	15.51336862
48.44	-128.76	690	0.53057241	16.491	0.728404016	2592.850172	15.51336862
48.44	-128.77	546	0.53057241	13.0494	0.728404016	2592.850172	15.51336862
48.44	-128.78	550	0.53057241	13.145	0.728404016	2592.850172	15.51336862
48.45	-128.78	502	0.34311613	11.9978	0.585761154	2560.045323	19.29113926
48.45	-128.79	477	0.34311613	11.4003	0.585761154	2560.045323	19.29113926
48.45	-128.79	481	0.34311613	11.4959	0.585761154	2560.045323	19.29113926
48.46	-128.8	426	0.34311613	10.1814	0.585761154	2560.045323	19.29113926
48.46	-128.81	477	0.34311613	11.4003	0.585761154	2560.045323	19.29113926
48.46	-128.82	429	0.34311613	10.2531	0.585761154	2560.045323	19.29113926
48.46	-128.82	540	0.34311613	12.906	0.585761154	2560.045323	19.29113926
48.46	-128.83	840	0.34311613	20.076	0.585761154	2560.045323	19.29113926
48.46	-128.84	1246	0.34311613	29.7794	0.585761154	2560.045323	19.29113926
48.46	-128.85	1171	0.34311613	27.9869	0.585761154	2560.045323	19.29113926
48.47	-128.86	1531	0.15120271	36.5909	0.388847927	2526.460474	29.06020382
48.47	-128.57	416	0.8665905	9.9424	0.930908427	2651.653338	12.13868053
48.47	-128.58	421	0.8665905	10.0619	0.930908427	2651.653338	12.13868053
48.47	-128.58	481	0.8665905	11.4959	0.930908427	2651.653338	12.13868053
48.47	-128.59	461	0.8665905	11.0179	0.930908427	2651.653338	12.13868053
48.47	-128.59	444	0.8665905	10.6116	0.930908427	2651.653338	12.13868053
48.47	-128.6	518	0.8665905	12.3802	0.930908427	2651.653338	12.13868053
48.47	-128.6	221	0.8665905	5.2819	0.930908427	2651.653338	12.13868053
48.48	-128.61	619	0.8665905	14.7941	0.930908427	2651.653338	12.13868053
48.48	-128.62	358	0.8665905	8.5562	0.930908427	2651.653338	12.13868053
48.48	-128.62	368	0.8665905	8.7952	0.930908427	2651.653338	12.13868053
48.48	-128.63	363	0.8665905	8.6757	0.930908427	2651.653338	12.13868053
48.48	-128.63	639	0.8665905	15.2721	0.930908427	2651.653338	12.13868053
48.48	-128.63	526	0.8665905	12.5714	0.930908427	2651.653338	12.13868053
48.48	-128.64	549	0.8665905	13.1211	0.930908427	2651.653338	12.13868053
48.48	-128.65	411	0.59159386	9.8229	0.76915139	2603.528926	14.69151607
48.45	-128.61	924	0.8665905	22.0836	0.930908427	2651.653338	12.13868053
48.46	-128.61	1090	0.8665905	26.051	0.930908427	2651.653338	12.13868053
48.46	-128.62	425	0.8665905	10.1575	0.930908427	2651.653338	12.13868053
48.46	-128.62	355	0.8665905	8.4845	0.930908427	2651.653338	12.13868053
48.45	-128.63	387	0.8665905	9.2493	0.930908427	2651.653338	12.13868053
48.45	-128.63	325	0.8665905	7.7675	0.930908427	2651.653338	12.13868053
48.45	-128.63	250	0.8665905	5.975	0.930908427	2651.653338	12.13868053
48.45	-128.63	829	0.8665905	19.8131	0.930908427	2651.653338	12.13868053
48.45	-128.64	631	0.8665905	15.0809	0.930908427	2651.653338	12.13868053
48.45	-128.64	376	0.8665905	8.9864	0.930908427	2651.653338	12.13868053
48.45	-128.65	470	0.59159386	11.233	0.76915139	2603.528926	14.69151607
48.45	-128.65	440	0.59159386	10.516	0.76915139	2603.528926	14.69151607
48.45	-128.65	418	0.59159386	9.9902	0.76915139	2603.528926	14.69151607
48.45	-128.65	493	0.59159386	11.7827	0.76915139	2603.528926	14.69151607
48.45	-128.66	396	0.59159386	9.4644	0.76915139	2603.528926	14.69151607
48.43	-128.73	697	0.79336768	16.6583	0.890711895	2638.839344	12.68648152
48.44	-128.73	698	0.79336768	16.6822	0.890711895	2638.839344	12.68648152
48.44	-128.73	699	0.79336768	16.7061	0.890711895	2638.839344	12.68648152
48.45	-128.73	680	0.59159386	16.252	0.76915139	2603.528926	14.69151607
48.45	-128.72	777	0.59159386	18.5703	0.76915139	2603.528926	14.69151607
48.46	-128.72	1760	0.59159386	42.064	0.76915139	2603.528926	14.69151607
48.46	-128.71	1233	0.59159386	29.4687	0.76915139	2603.528926	14.69151607
48.47	-128.71	1488	0.59159386	35.5632	0.76915139	2603.528926	14.69151607
48.47	-128.71	1496	0.59159386	35.7544	0.76915139	2603.528926	14.69151607
48.47	-128.7	963	0.59159386	23.0157	0.76915139	2603.528926	14.69151607
48.47	-128.7	937	0.59159386	22.3943	0.76915139	2603.528926	14.69151607
48.48	-128.7	1062	0.59159386	25.3818	0.76915139	2603.528926	14.69151607
48.48	-128.7	1044	0.59159386	24.9516	0.76915139	2603.528926	14.69151607
48.48	-128.69	1088	0.59159386	26.0032	0.76915139	2603.528926	14.69151607
48.49	-128.69	896	0.59159386	21.4144	0.76915139	2603.528926	14.69151607
48.49	-128.69	742	0.59159386	17.7338	0.76915139	2603.528926	14.69151607
48.5	-128.69	637	0.59159386	15.2243	0.76915139	2603.528926	14.69151607
48.5	-128.69	636	0.59159386	15.2004	0.76915139	2603.528926	14.69151607
48.51	-128.69	519	0.59159386	12.4041	0.76915139	2603.528926	14.69151607
48.51	-128.68	418	0.59159386	9.9902	0.76915139	2603.528926	14.69151607
48.45	-128.65	453	0.59159386	10.8267	0.76915139	2603.528926	14.69151607
48.45	-128.66	362	0.59159386	8.6518	0.76915139	2603.528926	14.69151607
48.45	-128.66	399	0.59159386	9.5361	0.76915139	2603.528926	14.69151607
48.45	-128.66	386	0.59159386	9.2254	0.76915139	2603.528926	14.69151607
48.45	-128.67	176	0.59159386	4.2064	0.76915139	2603.528926	14.69151607
48.45	-128.67	153	0.59159386	3.6567	0.76915139	2603.528926	14.69151607
48.45	-128.68	411	0.59159386	9.8229	0.76915139	2603.528926	14.69151607
48.45	-128.68	426	0.59159386	10.1814	0.76915139	2603.528926	14.69151607
48.45	-128.69	466	0.59159386	11.1374	0.76915139	2603.528926	14.69151607
48.45	-128.69	524	0.59159386	12.5236	0.76915139	2603.528926	14.69151607
48.46	-128.7	729	0.59159386	17.4231	0.76915139	2603.528926	14.69151607
48.46	-128.7	994	0.59159386	23.7566	0.76915139	2603.528926	14.69151607
48.46	-128.7	1663	0.59159386	39.7457	0.76915139	2603.528926	14.69151607
48.46	-128.71	2653	0.59159386	63.4067	0.76915139	2603.528926	14.69151607
48.46	-128.71	4439	0.59159386	106.0921	0.76915139	2603.528926	14.69151607
48.46	-128.71	1898	0.59159386	45.3622	0.76915139	2603.528926	14.69151607
48.46	-128.71	1099	0.59159386	26.2661	0.76915139	2603.528926	14.69151607
48.46	-128.72	904	0.59159386	21.6056	0.76915139	2603.528926	14.69151607
48.47	-128.72	832	0.59159386	19.8848	0.76915139	2603.528926	14.69151607
48.47	-128.72	800	0.59159386	19.12	0.76915139	2603.528926	14.69151607
48.47	-128.71	862	0.59159386	20.6018	0.76915139	2603.528926	14.69151607
48.47	-128.71	923	0.59159386	22.0597	0.76915139	2603.528926	14.69151607
48.47	-128.71	1049	0.59159386	25.0711	0.76915139	2603.528926	14.69151607
48.47	-128.71	1181	0.59159386	28.2259	0.76915139	2603.528926	14.69151607
48.48	-128.7	1052	0.59159386	25.1428	0.76915139	2603.528926	14.69151607
48.48	-128.7	851	0.59159386	20.3389	0.76915139	2603.528926	14.69151607
48.48	-128.7	791	0.59159386	18.9049	0.76915139	2603.528926	14.69151607
48.48	-128.69	609	0.59159386	14.5551	0.76915139	2603.528926	14.69151607
48.48	-128.68	421	0.59159386	10.0619	0.76915139	2603.528926	14.69151607
48.48	-128.67	427	0.59159386	10.2053	0.76915139	2603.528926	14.69151607
48.48	-128.67	390	0.59159386	9.321	0.76915139	2603.528926	14.69151607
48.47	-128.73	618	0.59159386	14.7702	0.76915139	2603.528926	14.69151607
48.47	-128.73	606	0.59159386	14.4834	0.76915139	2603.528926	14.69151607
48.47	-128.73	679	0.59159386	16.2281	0.76915139	2603.528926	14.69151607
48.47	-128.73	872	0.59159386	20.8408	0.76915139	2603.528926	14.69151607
48.46	-128.72	918	0.59159386	21.9402	0.76915139	2603.528926	14.69151607
48.46	-128.72	1511	0.59159386	36.1129	0.76915139	2603.528926	14.69151607
48.46	-128.71	4559	0.59159386	108.9601	0.76915139	2603.528926	14.69151607
48.46	-128.71	3022	0.59159386	72.2258	0.76915139	2603.528926	14.69151607
48.46	-128.71	1926	0.59159386	46.0314	0.76915139	2603.528926	14.69151607
48.46	-128.71	1742	0.59159386	41.6338	0.76915139	2603.528926	14.69151607
48.46	-128.71	1813	0.59159386	43.3307	0.76915139	2603.528926	14.69151607
48.46	-128.71	2029	0.59159386	48.4931	0.76915139	2603.528926	14.69151607
48.46	-128.71	2031	0.59159386	48.5409	0.76915139	2603.528926	14.69151607
48.46	-128.71	1815	0.59159386	43.3785	0.76915139	2603.528926	14.69151607
48.46	-128.71	1644	0.59159386	39.2916	0.76915139	2603.528926	14.69151607
48.46	-128.71	1498	0.59159386	35.8022	0.76915139	2603.528926	14.69151607
48.47	-128.71	1317	0.59159386	31.4763	0.76915139	2603.528926	14.69151607
48.47	-128.71	1236	0.59159386	29.5404	0.76915139	2603.528926	14.69151607
48.47	-128.71	1076	0.59159386	25.7164	0.76915139	2603.528926	14.69151607
48.48	-128.68	418	0.59159386	9.9902	0.76915139	2603.528926	14.69151607
48.48	-128.67	413	0.59159386	9.8707	0.76915139	2603.528926	14.69151607
48.47	-128.68	406	0.59159386	9.7034	0.76915139	2603.528926	14.69151607
48.47	-128.68	409	0.59159386	9.7751	0.76915139	2603.528926	14.69151607
48.47	-128.68	412	0.59159386	9.8468	0.76915139	2603.528926	14.69151607
48.47	-128.68	418	0.59159386	9.9902	0.76915139	2603.528926	14.69151607
48.46	-128.68	420	0.59159386	10.038	0.76915139	2603.528926	14.69151607
48.46	-128.68	418	0.59159386	9.9902	0.76915139	2603.528926	14.69151607
48.45	-128.68	433	0.59159386	10.3487	0.76915139	2603.528926	14.69151607
48.45	-128.68	424	0.59159386	10.1336	0.76915139	2603.528926	14.69151607
48.45	-128.68	362	0.59159386	8.6518	0.76915139	2603.528926	14.69151607
48.44	-128.68	187	0.79336768	4.4693	0.890711895	2638.839344	12.68648152
48.44	-128.68	509	0.79336768	12.1651	0.890711895	2638.839344	12.68648152
48.44	-128.68	539	0.79336768	12.8821	0.890711895	2638.839344	12.68648152
48.44	-128.68	584	0.79336768	13.9576	0.890711895	2638.839344	12.68648152
48.44	-128.68	684	0.79336768	16.3476	0.890711895	2638.839344	12.68648152
48.44	-128.68	632	0.79336768	15.1048	0.890711895	2638.839344	12.68648152
48.44	-128.68	965	0.79336768	23.0635	0.890711895	2638.839344	12.68648152
48.44	-128.68	764	0.79336768	18.2596	0.890711895	2638.839344	12.68648152
48.43	-128.68	4907	0.79336768	117.2773	0.890711895	2638.839344	12.68648152
48.43	-128.68	3646	0.79336768	87.1394	0.890711895	2638.839344	12.68648152
48.43	-128.68	1484	0.79336768	35.4676	0.890711895	2638.839344	12.68648152
48.42	-128.68	842	0.79336768	20.1238	0.890711895	2638.839344	12.68648152
48.42	-128.68	600	0.79336768	14.34	0.890711895	2638.839344	12.68648152
48.41	-128.68	529	0.79336768	12.6431	0.890711895	2638.839344	12.68648152
48.41	-128.68	307	0.79336768	7.3373	0.890711895	2638.839344	12.68648152
48.4	-128.68	484	0.79336768	11.5676	0.890711895	2638.839344	12.68648152
48.4	-128.68	298	0.79336768	7.1222	0.890711895	2638.839344	12.68648152
48.4	-128.68	311	0.79336768	7.4329	0.890711895	2638.839344	12.68648152
48.38	-128.68	1405	0.79336768	33.5795	0.890711895	2638.839344	12.68648152
48.38	-128.68	851	0.79336768	20.3389	0.890711895	2638.839344	12.68648152
48.42	-128.72	901	0.79336768	21.5339	0.890711895	2638.839344	12.68648152
48.42	-128.71	757	0.79336768	18.0923	0.890711895	2638.839344	12.68648152
48.42	-128.71	658	0.79336768	15.7262	0.890711895	2638.839344	12.68648152
48.43	-128.7	641	0.79336768	15.3199	0.890711895	2638.839344	12.68648152
48.43	-128.69	663	0.79336768	15.8457	0.890711895	2638.839344	12.68648152
48.43	-128.69	885	0.79336768	21.1515	0.890711895	2638.839344	12.68648152
48.44	-128.69	1062	0.79336768	25.3818	0.890711895	2638.839344	12.68648152
48.44	-128.68	368	0.79336768	8.7952	0.890711895	2638.839344	12.68648152
48.45	-128.67	393	0.59159386	9.3927	0.76915139	2603.528926	14.69151607
48.46	-128.66	323	0.59159386	7.7197	0.76915139	2603.528926	14.69151607
48.44	-128.67	469	0.79336768	11.2091	0.890711895	2638.839344	12.68648152
48.44	-128.67	460	0.79336768	10.994	0.890711895	2638.839344	12.68648152
48.45	-128.67	433	0.59159386	10.3487	0.76915139	2603.528926	14.69151607
48.45	-128.66	404	0.59159386	9.6556	0.76915139	2603.528926	14.69151607
48.45	-128.66	391	0.59159386	9.3449	0.76915139	2603.528926	14.69151607
48.44	-128.66	407	0.79336768	9.7273	0.890711895	2638.839344	12.68648152
48.44	-128.66	409	0.79336768	9.7751	0.890711895	2638.839344	12.68648152
48.43	-128.66	432	0.79336768	10.3248	0.890711895	2638.839344	12.68648152
48.43	-128.66	462	0.79336768	11.0418	0.890711895	2638.839344	12.68648152
48.43	-128.66	276	0.79336768	6.5964	0.890711895	2638.839344	12.68648152
48.43	-128.66	505	0.79336768	12.0695	0.890711895	2638.839344	12.68648152
48.42	-128.66	491	0.79336768	11.7349	0.890711895	2638.839344	12.68648152
48.42	-128.67	485	0.79336768	11.5915	0.890711895	2638.839344	12.68648152
48.41	-128.67	454	0.79336768	10.8506	0.890711895	2638.839344	12.68648152
48.41	-128.67	248	0.79336768	5.9272	0.890711895	2638.839344	12.68648152
48.4	-128.67	451	0.79336768	10.7789	0.890711895	2638.839344	12.68648152
48.4	-128.66	321	0.79336768	7.6719	0.890711895	2638.839344	12.68648152
48.4	-128.66	526	0.79336768	12.5714	0.890711895	2638.839344	12.68648152
48.41	-128.65	414	0.79336768	9.8946	0.890711895	2638.839344	12.68648152
48.4	-128.64	433	1.033847	10.3487	1.016782671	2680.923225	11.11348602
48.4	-128.64	486	1.033847	11.6154	1.016782671	2680.923225	11.11348602
48.4	-128.64	583	1.033847	13.9337	1.016782671	2680.923225	11.11348602
48.49	-128.63	1239	0.8665905	29.6121	0.930908427	2651.653338	12.13868053
48.49	-128.63	1207	0.8665905	28.8473	0.930908427	2651.653338	12.13868053
48.49	-128.63	1262	0.8665905	30.1618	0.930908427	2651.653338	12.13868053
48.49	-128.64	507	0.8665905	12.1173	0.930908427	2651.653338	12.13868053
48.48	-128.64	508	0.8665905	12.1412	0.930908427	2651.653338	12.13868053
48.48	-128.64	494	0.8665905	11.8066	0.930908427	2651.653338	12.13868053
48.48	-128.64	478	0.8665905	11.4242	0.930908427	2651.653338	12.13868053
48.48	-128.64	449	0.8665905	10.7311	0.930908427	2651.653338	12.13868053
48.48	-128.64	535	0.8665905	12.7865	0.930908427	2651.653338	12.13868053
48.47	-128.64	493	0.8665905	11.7827	0.930908427	2651.653338	12.13868053
48.47	-128.64	552	0.8665905	13.1928	0.930908427	2651.653338	12.13868053
48.47	-128.64	685	0.8665905	16.3715	0.930908427	2651.653338	12.13868053
48.46	-128.64	962	0.8665905	22.9918	0.930908427	2651.653338	12.13868053
48.46	-128.64	6555	0.8665905	156.6645	0.930908427	2651.653338	12.13868053
48.46	-128.64	1294	0.8665905	30.9266	0.930908427	2651.653338	12.13868053
48.45	-128.64	542	0.8665905	12.9538	0.930908427	2651.653338	12.13868053
48.45	-128.64	503	0.8665905	12.0217	0.930908427	2651.653338	12.13868053
48.45	-128.64	480	0.8665905	11.472	0.930908427	2651.653338	12.13868053
48.44	-128.64	479	1.033847	11.4481	1.016782671	2680.923225	11.11348602
48.44	-128.64	504	1.033847	12.0456	1.016782671	2680.923225	11.11348602
48.44	-128.64	475	1.033847	11.3525	1.016782671	2680.923225	11.11348602
48.44	-128.65	467	0.79336768	11.1613	0.890711895	2638.839344	12.68648152
48.44	-128.65	480	0.79336768	11.472	0.890711895	2638.839344	12.68648152
48.43	-128.65	469	0.79336768	11.2091	0.890711895	2638.839344	12.68648152
48.43	-128.65	565	0.79336768	13.5035	0.890711895	2638.839344	12.68648152
48.43	-128.65	644	0.79336768	15.3916	0.890711895	2638.839344	12.68648152
48.42	-128.65	742	0.79336768	17.7338	0.890711895	2638.839344	12.68648152
48.42	-128.65	712	0.79336768	17.0168	0.890711895	2638.839344	12.68648152
48.42	-128.65	661	0.79336768	15.7979	0.890711895	2638.839344	12.68648152
48.42	-128.65	605	0.79336768	14.4595	0.890711895	2638.839344	12.68648152
48.41	-128.65	518	0.79336768	12.3802	0.890711895	2638.839344	12.68648152
48.41	-128.66	566	0.79336768	13.5274	0.890711895	2638.839344	12.68648152
48.41	-128.66	298	0.79336768	7.1222	0.890711895	2638.839344	12.68648152
48.41	-128.66	496	0.79336768	11.8544	0.890711895	2638.839344	12.68648152
48.43	-128.69	810	0.79336768	19.359	0.890711895	2638.839344	12.68648152
48.43	-128.69	907	0.79336768	21.6773	0.890711895	2638.839344	12.68648152
48.43	-128.69	1134	0.79336768	27.1026	0.890711895	2638.839344	12.68648152
48.43	-128.69	1648	0.79336768	39.3872	0.890711895	2638.839344	12.68648152
48.43	-128.68	3092	0.79336768	73.8988	0.890711895	2638.839344	12.68648152
48.43	-128.68	4714	0.79336768	112.6646	0.890711895	2638.839344	12.68648152
48.43	-128.68	1872	0.79336768	44.7408	0.890711895	2638.839344	12.68648152
48.43	-128.67	1072	0.79336768	25.6208	0.890711895	2638.839344	12.68648152
48.43	-128.66	551	0.79336768	13.1689	0.890711895	2638.839344	12.68648152
48.43	-128.66	502	0.79336768	11.9978	0.890711895	2638.839344	12.68648152
48.42	-128.65	420	0.79336768	10.038	0.890711895	2638.839344	12.68648152
48.42	-128.65	305	0.79336768	7.2895	0.890711895	2638.839344	12.68648152
48.42	-128.59	401	1.033847	9.5839	1.016782671	2680.923225	11.11348602
48.42	-128.6	407	1.033847	9.7273	1.016782671	2680.923225	11.11348602
48.42	-128.6	429	1.033847	10.2531	1.016782671	2680.923225	11.11348602
48.42	-128.6	460	1.033847	10.994	1.016782671	2680.923225	11.11348602
48.42	-128.61	463	1.033847	11.0657	1.016782671	2680.923225	11.11348602
48.42	-128.61	416	1.033847	9.9424	1.016782671	2680.923225	11.11348602
48.42	-128.62	432	1.033847	10.3248	1.016782671	2680.923225	11.11348602
48.42	-128.62	589	1.033847	14.0771	1.016782671	2680.923225	11.11348602
48.42	-128.63	458	1.033847	10.9462	1.016782671	2680.923225	11.11348602
48.42	-128.63	506	1.033847	12.0934	1.016782671	2680.923225	11.11348602
48.42	-128.63	461	1.033847	11.0179	1.016782671	2680.923225	11.11348602
48.42	-128.63	451	1.033847	10.7789	1.016782671	2680.923225	11.11348602
48.42	-128.64	450	1.033847	10.755	1.016782671	2680.923225	11.11348602
48.42	-128.64	411	1.033847	9.8229	1.016782671	2680.923225	11.11348602
48.42	-128.64	354	1.033847	8.4606	1.016782671	2680.923225	11.11348602
48.42	-128.64	365	1.033847	8.7235	1.016782671	2680.923225	11.11348602
48.42	-128.65	276	0.79336768	6.5964	0.890711895	2638.839344	12.68648152
48.42	-128.65	656	0.79336768	15.6784	0.890711895	2638.839344	12.68648152
48.42	-128.65	355	0.79336768	8.4845	0.890711895	2638.839344	12.68648152
48.42	-128.65	558	0.79336768	13.3362	0.890711895	2638.839344	12.68648152
48.42	-128.66	513	0.79336768	12.2607	0.890711895	2638.839344	12.68648152
48.42	-128.66	484	0.79336768	11.5676	0.890711895	2638.839344	12.68648152
48.42	-128.67	471	0.79336768	11.2569	0.890711895	2638.839344	12.68648152
48.42	-128.67	520	0.79336768	12.428	0.890711895	2638.839344	12.68648152
48.42	-128.67	585	0.79336768	13.9815	0.890711895	2638.839344	12.68648152
48.42	-128.68	309	0.79336768	7.3851	0.890711895	2638.839344	12.68648152
48.42	-128.68	926	0.79336768	22.1314	0.890711895	2638.839344	12.68648152
48.43	-128.68	1285	0.79336768	30.7115	0.890711895	2638.839344	12.68648152
48.43	-128.68	1677	0.79336768	40.0803	0.890711895	2638.839344	12.68648152
48.43	-128.68	1877	0.79336768	44.8603	0.890711895	2638.839344	12.68648152
48.43	-128.68	3484	0.79336768	83.2676	0.890711895	2638.839344	12.68648152
48.43	-128.68	4183	0.79336768	99.9737	0.890711895	2638.839344	12.68648152
48.43	-128.68	979	0.79336768	23.3981	0.890711895	2638.839344	12.68648152
48.44	-128.69	845	0.79336768	20.1955	0.890711895	2638.839344	12.68648152
48.44	-128.69	652	0.79336768	15.5828	0.890711895	2638.839344	12.68648152
48.44	-128.69	588	0.79336768	14.0532	0.890711895	2638.839344	12.68648152
48.44	-128.7	584	0.79336768	13.9576	0.890711895	2638.839344	12.68648152
48.44	-128.7	629	0.79336768	15.0331	0.890711895	2638.839344	12.68648152
48.44	-128.7	699	0.79336768	16.7061	0.890711895	2638.839344	12.68648152
48.44	-128.71	819	0.79336768	19.5741	0.890711895	2638.839344	12.68648152
48.44	-128.71	1037	0.79336768	24.7843	0.890711895	2638.839344	12.68648152
48.44	-128.71	999	0.79336768	23.8761	0.890711895	2638.839344	12.68648152
48.44	-128.72	934	0.79336768	22.3226	0.890711895	2638.839344	12.68648152
48.45	-128.71	882	0.59159386	21.0798	0.76915139	2603.528926	14.69151607
48.45	-128.71	1001	0.59159386	23.9239	0.76915139	2603.528926	14.69151607
48.45	-128.71	1113	0.59159386	26.6007	0.76915139	2603.528926	14.69151607
48.45	-128.71	1716	0.59159386	41.0124	0.76915139	2603.528926	14.69151607
48.46	-128.71	5393	0.59159386	128.8927	0.76915139	2603.528926	14.69151607
48.46	-128.71	1866	0.59159386	44.5974	0.76915139	2603.528926	14.69151607
48.46	-128.71	1292	0.59159386	30.8788	0.76915139	2603.528926	14.69151607
48.47	-128.71	1477	0.59159386	35.3003	0.76915139	2603.528926	14.69151607
48.47	-128.7	1708	0.59159386	40.8212	0.76915139	2603.528926	14.69151607
48.47	-128.7	1293	0.59159386	30.9027	0.76915139	2603.528926	14.69151607
48.48	-128.7	1088	0.59159386	26.0032	0.76915139	2603.528926	14.69151607
48.47	-128.66	160	0.59159386	3.824	0.76915139	2603.528926	14.69151607
48.47	-128.66	371	0.59159386	8.8669	0.76915139	2603.528926	14.69151607
48.47	-128.66	379	0.59159386	9.0581	0.76915139	2603.528926	14.69151607
48.46	-128.65	443	0.59159386	10.5877	0.76915139	2603.528926	14.69151607
48.46	-128.65	519	0.59159386	12.4041	0.76915139	2603.528926	14.69151607
48.46	-128.65	697	0.59159386	16.6583	0.76915139	2603.528926	14.69151607
48.46	-128.64	1127	0.8665905	26.9353	0.930908427	2651.653338	12.13868053
48.46	-128.64	2489	0.8665905	59.4871	0.930908427	2651.653338	12.13868053
48.46	-128.64	2421	0.8665905	57.8619	0.930908427	2651.653338	12.13868053
48.46	-128.63	402	0.8665905	9.6078	0.930908427	2651.653338	12.13868053
48.46	-128.63	371	0.8665905	8.8669	0.930908427	2651.653338	12.13868053
48.46	-128.62	421	0.8665905	10.0619	0.930908427	2651.653338	12.13868053
48.46	-128.62	472	0.8665905	11.2808	0.930908427	2651.653338	12.13868053
48.46	-128.62	653	0.8665905	15.6067	0.930908427	2651.653338	12.13868053
48.46	-128.61	1444	0.8665905	34.5116	0.930908427	2651.653338	12.13868053
48.46	-128.61	1460	0.8665905	34.894	0.930908427	2651.653338	12.13868053
48.45	-128.61	541	0.8665905	12.9299	0.930908427	2651.653338	12.13868053
48.45	-128.6	433	0.8665905	10.3487	0.930908427	2651.653338	12.13868053
48.45	-128.6	417	0.8665905	9.9663	0.930908427	2651.653338	12.13868053
48.45	-128.59	460	0.8665905	10.994	0.930908427	2651.653338	12.13868053
48.45	-128.59	433	0.8665905	10.3487	0.930908427	2651.653338	12.13868053
48.46	-128.63	536	0.8665905	12.8104	0.930908427	2651.653338	12.13868053
48.46	-128.63	617	0.8665905	14.7463	0.930908427	2651.653338	12.13868053
48.46	-128.63	1162	0.8665905	27.7718	0.930908427	2651.653338	12.13868053
48.46	-128.63	817	0.8665905	19.5263	0.930908427	2651.653338	12.13868053
48.46	-128.64	860	0.8665905	20.554	0.930908427	2651.653338	12.13868053
48.46	-128.64	706	0.8665905	16.8734	0.930908427	2651.653338	12.13868053
48.46	-128.64	806	0.8665905	19.2634	0.930908427	2651.653338	12.13868053
48.46	-128.64	650	0.8665905	15.535	0.930908427	2651.653338	12.13868053
48.46	-128.65	476	0.59159386	11.3764	0.76915139	2603.528926	14.69151607
48.46	-128.66	347	0.59159386	8.2933	0.76915139	2603.528926	14.69151607
48.46	-128.66	323	0.59159386	7.7197	0.76915139	2603.528926	14.69151607
48.46	-128.66	282	0.59159386	6.7398	0.76915139	2603.528926	14.69151607
48.46	-128.67	295	0.59159386	7.0505	0.76915139	2603.528926	14.69151607
48.46	-128.67	323	0.59159386	7.7197	0.76915139	2603.528926	14.69151607
48.46	-128.68	338	0.59159386	8.0782	0.76915139	2603.528926	14.69151607
48.46	-128.68	373	0.59159386	8.9147	0.76915139	2603.528926	14.69151607
48.46	-128.69	405	0.59159386	9.6795	0.76915139	2603.528926	14.69151607
48.46	-128.7	496	0.59159386	11.8544	0.76915139	2603.528926	14.69151607
48.46	-128.7	1247	0.59159386	29.8033	0.76915139	2603.528926	14.69151607
48.46	-128.71	113	0.59159386	2.7007	0.76915139	2603.528926	14.69151607
48.46	-128.71	2440	0.59159386	58.316	0.76915139	2603.528926	14.69151607
48.46	-128.71	6280	0.59159386	150.092	0.76915139	2603.528926	14.69151607
48.46	-128.71	3479	0.59159386	83.1481	0.76915139	2603.528926	14.69151607
48.46	-128.71	39	0.59159386	0.9321	0.76915139	2603.528926	14.69151607
48.46	-128.71	7932	0.59159386	189.5748	0.76915139	2603.528926	14.69151607
48.46	-128.71	2282	0.59159386	54.5398	0.76915139	2603.528926	14.69151607
48.46	-128.72	1228	0.59159386	29.3492	0.76915139	2603.528926	14.69151607
48.46	-128.72	1209	0.59159386	28.8951	0.76915139	2603.528926	14.69151607
48.46	-128.72	1318	0.59159386	31.5002	0.76915139	2603.528926	14.69151607
48.46	-128.72	1033	0.59159386	24.6887	0.76915139	2603.528926	14.69151607
48.46	-128.72	1155	0.59159386	27.6045	0.76915139	2603.528926	14.69151607
48.46	-128.72	1306	0.59159386	31.2134	0.76915139	2603.528926	14.69151607
48.46	-128.71	1538	0.59159386	36.7582	0.76915139	2603.528926	14.69151607
48.46	-128.71	6788	0.59159386	162.2332	0.76915139	2603.528926	14.69151607
48.46	-128.71	2142	0.59159386	51.1938	0.76915139	2603.528926	14.69151607
48.46	-128.71	1643	0.59159386	39.2677	0.76915139	2603.528926	14.69151607
48.46	-128.7	1029	0.59159386	24.5931	0.76915139	2603.528926	14.69151607
48.46	-128.71	1300	0.59159386	31.07	0.76915139	2603.528926	14.69151607
48.46	-128.71	4818	0.59159386	115.1502	0.76915139	2603.528926	14.69151607
48.46	-128.71	7599	0.59159386	181.6161	0.76915139	2603.528926	14.69151607
48.46	-128.71	4106	0.59159386	98.1334	0.76915139	2603.528926	14.69151607
48.46	-128.71	1505	0.59159386	35.9695	0.76915139	2603.528926	14.69151607
48.46	-128.72	1240	0.59159386	29.636	0.76915139	2603.528926	14.69151607
48.46	-128.71	1484	0.59159386	35.4676	0.76915139	2603.528926	14.69151607
48.46	-128.71	1916	0.59159386	45.7924	0.76915139	2603.528926	14.69151607
48.46	-128.71	4434	0.59159386	105.9726	0.76915139	2603.528926	14.69151607
48.46	-128.71	5963	0.59159386	142.5157	0.76915139	2603.528926	14.69151607
48.46	-128.71	2371	0.59159386	56.6669	0.76915139	2603.528926	14.69151607
48.46	-128.71	1615	0.59159386	38.5985	0.76915139	2603.528926	14.69151607
47.88	-128.73	243	0.91232389	5.8077	0.955156474	2659.656681	11.83052233
47.86	-128.67	269	0.91232389	6.4291	0.955156474	2659.656681	11.83052233
47.86	-128.66	328	0.91232389	7.8392	0.955156474	2659.656681	11.83052233
47.86	-128.66	449	0.91232389	10.7311	0.955156474	2659.656681	11.83052233
47.85	-128.64	329	1.1679138	7.8631	1.080700606	2704.384915	10.45617994
47.85	-128.64	241	1.1679138	5.7599	1.080700606	2704.384915	10.45617994
47.85	-128.63	271	1.1679138	6.4769	1.080700606	2704.384915	10.45617994
47.88	-128.72	225	0.91232389	5.3775	0.955156474	2659.656681	11.83052233
47.88	-128.71	245	0.91232389	5.8555	0.955156474	2659.656681	11.83052233
47.87	-128.71	256	0.91232389	6.1184	0.955156474	2659.656681	11.83052233
47.87	-128.7	286	0.91232389	6.8354	0.955156474	2659.656681	11.83052233
47.87	-128.7	278	0.91232389	6.6442	0.955156474	2659.656681	11.83052233
47.87	-128.69	352	0.91232389	8.4128	0.955156474	2659.656681	11.83052233
47.86	-128.68	269	0.91232389	6.4291	0.955156474	2659.656681	11.83052233
47.86	-128.67	286	0.91232389	6.8354	0.955156474	2659.656681	11.83052233
47.96	-128.81	353	0.50150979	8.4367	0.708173559	2587.764213	15.95654039
47.92	-128.83	172	0.66285837	4.1108	0.814161145	2616.000215	13.87931624
47.91	-128.82	111	0.66285837	2.6529	0.814161145	2616.000215	13.87931624
47.9	-128.83	108	0.66285837	2.5812	0.814161145	2616.000215	13.87931624
47.9	-128.83	177	0.66285837	4.2303	0.814161145	2616.000215	13.87931624
47.96	-128.81	471	0.50150979	11.2569	0.708173559	2587.764213	15.95654039
47.95	-128.81	384	0.50150979	9.1776	0.708173559	2587.764213	15.95654039
47.94	-128.81	380	0.66285837	9.082	0.814161145	2616.000215	13.87931624
47.94	-128.81	359	0.66285837	8.5801	0.814161145	2616.000215	13.87931624
47.93	-128.83	300	0.66285837	7.17	0.814161145	2616.000215	13.87931624
47.93	-128.82	110	0.66285837	2.629	0.814161145	2616.000215	13.87931624
47.93	-128.82	151	0.66285837	3.6089	0.814161145	2616.000215	13.87931624
47.92	-128.82	72	0.66285837	1.7208	0.814161145	2616.000215	13.87931624
47.89	-128.83	137	0.66285837	3.2743	0.814161145	2616.000215	13.87931624
47.89	-128.83	121	0.66285837	2.8919	0.814161145	2616.000215	13.87931624
47.88	-128.83	112	0.66285837	2.6768	0.814161145	2616.000215	13.87931624
47.87	-128.83	117	0.66285837	2.7963	0.814161145	2616.000215	13.87931624
47.87	-128.84	123	0.66285837	2.9397	0.814161145	2616.000215	13.87931624
47.86	-128.84	261	0.66285837	6.2379	0.814161145	2616.000215	13.87931624
47.99	-128.79	205	0.50150979	4.8995	0.708173559	2587.764213	15.95654039
47.99	-128.8	168	0.50150979	4.0152	0.708173559	2587.764213	15.95654039
47.98	-128.79	170	0.50150979	4.063	0.708173559	2587.764213	15.95654039
47.98	-128.8	146	0.50150979	3.4894	0.708173559	2587.764213	15.95654039
47.97	-128.8	174	0.50150979	4.1586	0.708173559	2587.764213	15.95654039
47.97	-128.81	159	0.50150979	3.8001	0.708173559	2587.764213	15.95654039
47.97	-128.83	129	0.50150979	3.0831	0.708173559	2587.764213	15.95654039
47.96	-128.82	137	0.50150979	3.2743	0.708173559	2587.764213	15.95654039
47.93	-128.85	164	0.66285837	3.9196	0.814161145	2616.000215	13.87931624
47.91	-128.8	95	0.66285837	2.2705	0.814161145	2616.000215	13.87931624
47.94	-128.76	90	0.66285837	2.151	0.814161145	2616.000215	13.87931624
47.94	-128.82	362	0.66285837	8.6518	0.814161145	2616.000215	13.87931624
47.96	-128.83	91	0.50150979	2.1749	0.708173559	2587.764213	15.95654039
47.94	-128.77	104	0.66285837	2.4856	0.814161145	2616.000215	13.87931624
47.91	-128.8	113	0.66285837	2.7007	0.814161145	2616.000215	13.87931624
47.94	-128.78	900	0.66285837	21.51	0.814161145	2616.000215	13.87931624
47.91	-128.79	129	0.66285837	3.0831	0.814161145	2616.000215	13.87931624
47.95	-128.78	109	0.50150979	2.6051	0.708173559	2587.764213	15.95654039
47.9	-128.78	164	0.66285837	3.9196	0.814161145	2616.000215	13.87931624
47.95	-128.79	84	0.50150979	2.0076	0.708173559	2587.764213	15.95654039
47.95	-128.81	155	0.50150979	3.7045	0.708173559	2587.764213	15.95654039
47.95	-128.81	171	0.50150979	4.0869	0.708173559	2587.764213	15.95654039
47.95	-128.82	233	0.50150979	5.5687	0.708173559	2587.764213	15.95654039
47.92	-128.84	147	0.66285837	3.5133	0.814161145	2616.000215	13.87931624
47.92	-128.84	93	0.66285837	2.2227	0.814161145	2616.000215	13.87931624
47.82	-128.67	563	1.1115648	13.4557	1.054307735	2694.52384	10.71793332
47.88	-128.7	287	0.91232389	6.8593	0.955156474	2659.656681	11.83052233
47.88	-128.7	300	0.91232389	7.17	0.955156474	2659.656681	11.83052233
47.89	-128.7	262	0.91232389	6.2618	0.955156474	2659.656681	11.83052233
47.83	-128.67	534	1.1115648	12.7626	1.054307735	2694.52384	10.71793332
47.84	-128.67	403	1.1115648	9.6317	1.054307735	2694.52384	10.71793332
47.84	-128.68	421	1.1115648	10.0619	1.054307735	2694.52384	10.71793332
47.85	-128.68	307	0.91232389	7.3373	0.955156474	2659.656681	11.83052233
47.86	-128.68	294	0.91232389	7.0266	0.955156474	2659.656681	11.83052233
47.87	-128.69	355	0.91232389	8.4845	0.955156474	2659.656681	11.83052233
47.87	-128.69	270	0.91232389	6.453	0.955156474	2659.656681	11.83052233
47.88	-128.69	247	0.91232389	5.9033	0.955156474	2659.656681	11.83052233
47.86	-128.64	267	1.1679138	6.3813	1.080700606	2704.384915	10.45617994
47.9	-128.66	392	0.91232389	9.3688	0.955156474	2659.656681	11.83052233
47.9	-128.67	381	0.91232389	9.1059	0.955156474	2659.656681	11.83052233
47.87	-128.64	270	1.1679138	6.453	1.080700606	2704.384915	10.45617994
47.87	-128.64	353	1.1679138	8.4367	1.080700606	2704.384915	10.45617994
47.88	-128.65	241	0.91232389	5.7599	0.955156474	2659.656681	11.83052233
47.88	-128.65	305	0.91232389	7.2895	0.955156474	2659.656681	11.83052233
47.89	-128.65	294	0.91232389	7.0266	0.955156474	2659.656681	11.83052233
47.89	-128.66	204	0.91232389	4.8756	0.955156474	2659.656681	11.83052233
47.89	-128.66	378	0.91232389	9.0342	0.955156474	2659.656681	11.83052233
47.89	-128.66	359	0.91232389	8.5801	0.955156474	2659.656681	11.83052233
47.92	-128.83	111	0.66285837	2.6529	0.814161145	2616.000215	13.87931624
47.92	-128.82	109	0.66285837	2.6051	0.814161145	2616.000215	13.87931624
47.92	-128.82	113	0.66285837	2.7007	0.814161145	2616.000215	13.87931624
47.92	-128.81	97	0.66285837	2.3183	0.814161145	2616.000215	13.87931624
47.91	-128.81	87	0.66285837	2.0793	0.814161145	2616.000215	13.87931624
47.87	-127.62	556	3.4528952	13.2884	1.85819676	3104.25666	6.081164407
47.92	-127.65	184	3.1907601	4.3976	1.786269884	3058.383018	6.326031748
47.92	-127.65	164	3.1907601	3.9196	1.786269884	3058.383018	6.326031748
47.93	-127.65	150	3.1907601	3.585	1.786269884	3058.383018	6.326031748
47.93	-127.66	123	3.1907601	2.9397	1.786269884	3058.383018	6.326031748
47.94	-127.66	144	3.1907601	3.4416	1.786269884	3058.383018	6.326031748
47.94	-127.66	155	3.1907601	3.7045	1.786269884	3058.383018	6.326031748
47.95	-127.66	150	3.0129824	3.585	1.735794458	3027.27192	6.509987371
47.87	-127.62	688	3.4528952	16.4432	1.85819676	3104.25666	6.081164407
47.88	-127.62	184	3.4528952	4.3976	1.85819676	3104.25666	6.081164407
47.88	-127.63	114	3.4528952	2.7246	1.85819676	3104.25666	6.081164407
47.89	-127.63	120	3.4528952	2.868	1.85819676	3104.25666	6.081164407
47.89	-127.64	187	3.4528952	4.4693	1.85819676	3104.25666	6.081164407
47.9	-127.64	247	3.4528952	5.9033	1.85819676	3104.25666	6.081164407
47.9	-127.64	148	3.4528952	3.5372	1.85819676	3104.25666	6.081164407
47.91	-127.64	251	3.4528952	5.9989	1.85819676	3104.25666	6.081164407
47.86	-127.68	143	3.1907601	3.4177	1.786269884	3058.383018	6.326031748
47.9	-127.71	959	3.1907601	22.9201	1.786269884	3058.383018	6.326031748
47.91	-127.71	412	3.1907601	9.8468	1.786269884	3058.383018	6.326031748
47.91	-127.71	216	3.1907601	5.1624	1.786269884	3058.383018	6.326031748
47.92	-127.71	265	3.1907601	6.3335	1.786269884	3058.383018	6.326031748
47.92	-127.72	327	3.1907601	7.8153	1.786269884	3058.383018	6.326031748
47.93	-127.72	262	3.1907601	6.2618	1.786269884	3058.383018	6.326031748
47.93	-127.72	237	3.1907601	5.6643	1.786269884	3058.383018	6.326031748
47.94	-127.73	267	3.1907601	6.3813	1.786269884	3058.383018	6.326031748
47.95	-127.73	186	3.0129824	4.4454	1.735794458	3027.27192	6.509987371
47.86	-127.68	162	3.1907601	3.8718	1.786269884	3058.383018	6.326031748
47.96	-127.74	171	3.0129824	4.0869	1.735794458	3027.27192	6.509987371
47.96	-127.74	174	3.0129824	4.1586	1.735794458	3027.27192	6.509987371
47.87	-127.68	184	3.1907601	4.3976	1.786269884	3058.383018	6.326031748
47.87	-127.69	205	3.1907601	4.8995	1.786269884	3058.383018	6.326031748
47.88	-127.69	231	3.1907601	5.5209	1.786269884	3058.383018	6.326031748
47.89	-127.7	214	3.1907601	5.1146	1.786269884	3058.383018	6.326031748
47.89	-127.7	258	3.1907601	6.1662	1.786269884	3058.383018	6.326031748
47.89	-127.7	324	3.1907601	7.7436	1.786269884	3058.383018	6.326031748
47.9	-127.7	489	3.1907601	11.6871	1.786269884	3058.383018	6.326031748
47.75	-127.62	74	3.5783212	1.7686	1.891645104	3126.20621	5.973636374
47.79	-127.64	159	3.5786738	3.8001	1.891738301	3126.267915	5.973342081
47.8	-127.64	260	3.5786738	6.214	1.891738301	3126.267915	5.973342081
47.8	-127.65	179	3.3711357	4.2781	1.836065277	3089.948748	6.154465282
47.81	-127.65	128	3.3711357	3.0592	1.836065277	3089.948748	6.154465282
47.81	-127.65	145	3.3711357	3.4655	1.836065277	3089.948748	6.154465282
47.82	-127.65	117	3.3711357	2.7963	1.836065277	3089.948748	6.154465282
47.82	-127.66	236	3.3711357	5.6404	1.836065277	3089.948748	6.154465282
47.83	-127.66	180	3.3711357	4.302	1.836065277	3089.948748	6.154465282
47.83	-127.66	220	3.3711357	5.258	1.836065277	3089.948748	6.154465282
47.84	-127.67	186	3.3711357	4.4454	1.836065277	3089.948748	6.154465282
47.75	-127.62	148	3.5783212	3.5372	1.891645104	3126.20621	5.973636374
47.84	-127.67	199	3.3711357	4.7561	1.836065277	3089.948748	6.154465282
47.85	-127.67	228	3.1907601	5.4492	1.786269884	3058.383018	6.326031748
47.85	-127.67	197	3.1907601	4.7083	1.786269884	3058.383018	6.326031748
47.86	-127.68	188	3.1907601	4.4932	1.786269884	3058.383018	6.326031748
47.76	-127.62	69	3.5786738	1.6491	1.891738301	3126.267915	5.973342081
47.76	-127.62	155	3.5786738	3.7045	1.891738301	3126.267915	5.973342081
47.76	-127.63	91	3.5786738	2.1749	1.891738301	3126.267915	5.973342081
47.77	-127.63	63	3.5786738	1.5057	1.891738301	3126.267915	5.973342081
47.78	-127.63	74	3.5786738	1.7686	1.891738301	3126.267915	5.973342081
47.78	-127.64	87	3.5786738	2.0793	1.891738301	3126.267915	5.973342081
47.78	-127.64	156	3.5786738	3.7284	1.891738301	3126.267915	5.973342081
47.82	-127.49	214	3.8465323	5.1146	1.961257836	3173.143153	5.761608592
47.83	-127.55	139	3.5786738	3.3221	1.891738301	3126.267915	5.973342081
47.83	-127.55	72	3.5786738	1.7208	1.891738301	3126.267915	5.973342081
47.83	-127.56	231	3.5786738	5.5209	1.891738301	3126.267915	5.973342081
47.84	-127.57	261	3.5786738	6.2379	1.891738301	3126.267915	5.973342081
47.84	-127.58	362	3.5786738	8.6518	1.891738301	3126.267915	5.973342081
47.84	-127.58	189	3.5786738	4.5171	1.891738301	3126.267915	5.973342081
47.84	-127.59	212	3.5786738	5.0668	1.891738301	3126.267915	5.973342081
47.84	-127.6	181	3.5786738	4.3259	1.891738301	3126.267915	5.973342081
47.84	-127.6	187	3.5786738	4.4693	1.891738301	3126.267915	5.973342081
47.84	-127.61	232	3.5786738	5.5448	1.891738301	3126.267915	5.973342081
47.82	-127.49	172	3.8465323	4.1108	1.961257836	3173.143153	5.761608592
47.82	-127.5	89	3.8465323	2.1271	1.961257836	3173.143153	5.761608592
47.82	-127.5	206	3.8465323	4.9234	1.961257836	3173.143153	5.761608592
47.82	-127.51	199	3.8465323	4.7561	1.961257836	3173.143153	5.761608592
47.82	-127.51	37	3.8465323	0.8843	1.961257836	3173.143153	5.761608592
47.82	-127.52	145	3.8465323	3.4655	1.961257836	3173.143153	5.761608592
47.83	-127.53	123	3.8465323	2.9397	1.961257836	3173.143153	5.761608592
47.83	-127.54	122	3.8465323	2.9158	1.961257836	3173.143153	5.761608592
47.75	-127.22	154	4.6330013	3.6806	2.152440777	3310.775228	5.249854081
47.76	-127.29	131	4.2658925	3.1309	2.065403714	3246.531188	5.47108535
47.77	-127.3	101	4.2658925	2.4139	2.065403714	3246.531188	5.47108535
47.77	-127.31	111	4.2658925	2.6529	2.065403714	3246.531188	5.47108535
47.77	-127.33	200	4.2658925	4.78	2.065403714	3246.531188	5.47108535
47.75	-127.23	141	4.6330013	3.3699	2.152440777	3310.775228	5.249854081
47.75	-127.24	145	4.6330013	3.4655	2.152440777	3310.775228	5.249854081
47.75	-127.24	150	4.6330013	3.585	2.152440777	3310.775228	5.249854081
47.76	-127.25	151	4.2658925	3.6089	2.065403714	3246.531188	5.47108535
47.76	-127.26	162	4.2658925	3.8718	2.065403714	3246.531188	5.47108535
47.76	-127.27	157	4.2658925	3.7523	2.065403714	3246.531188	5.47108535
47.76	-127.27	106	4.2658925	2.5334	2.065403714	3246.531188	5.47108535
47.76	-127.28	164	4.2658925	3.9196	2.065403714	3246.531188	5.47108535
47.77	-127.33	145	4.2658925	3.4655	2.065403714	3246.531188	5.47108535
47.79	-127.4	135	4.1103892	3.2265	2.02740948	3219.31811	5.573615055
47.79	-127.4	188	4.1103892	4.4932	2.02740948	3219.31811	5.573615055
47.79	-127.41	108	4.1103892	2.5812	2.02740948	3219.31811	5.573615055
47.78	-127.34	106	4.2658925	2.5334	2.065403714	3246.531188	5.47108535
47.78	-127.35	141	4.2658925	3.3699	2.065403714	3246.531188	5.47108535
47.78	-127.35	163	4.2658925	3.8957	2.065403714	3246.531188	5.47108535
47.78	-127.36	150	4.1103892	3.585	2.02740948	3219.31811	5.573615055
47.78	-127.37	105	4.1103892	2.5095	2.02740948	3219.31811	5.573615055
47.78	-127.37	171	4.1103892	4.0869	2.02740948	3219.31811	5.573615055
47.78	-127.38	133	4.1103892	3.1787	2.02740948	3219.31811	5.573615055
47.79	-127.39	142	4.1103892	3.3938	2.02740948	3219.31811	5.573615055
47.84	-127.72	1091	3.3711357	26.0749	1.836065277	3089.948748	6.154465282
47.85	-127.81	224	2.9645884	5.3536	1.721798014	3018.80297	6.562906863
47.85	-127.82	239	2.9645884	5.7121	1.721798014	3018.80297	6.562906863
47.85	-127.82	233	2.9645884	5.5687	1.721798014	3018.80297	6.562906863
47.85	-127.83	241	2.9645884	5.7599	1.721798014	3018.80297	6.562906863
47.86	-127.84	252	2.9645884	6.0228	1.721798014	3018.80297	6.562906863
47.86	-127.85	102	2.9645884	2.4378	1.721798014	3018.80297	6.562906863
47.86	-127.86	97	2.6994836	2.3183	1.643010529	2972.40963	6.877618735
47.86	-127.87	210	2.6994836	5.019	1.643010529	2972.40963	6.877618735
47.86	-127.88	95	2.6994836	2.2705	1.643010529	2972.40963	6.877618735
47.86	-127.89	257	2.6994836	6.1423	1.643010529	2972.40963	6.877618735
47.84	-127.74	710	3.3711357	16.969	1.836065277	3089.948748	6.154465282
47.86	-127.9	217	2.6994836	5.1863	1.643010529	2972.40963	6.877618735
47.86	-127.91	182	2.6994836	4.3498	1.643010529	2972.40963	6.877618735
47.84	-127.75	292	3.1612465	6.9788	1.777989454	3053.218138	6.355493263
47.84	-127.76	137	3.1612465	3.2743	1.777989454	3053.218138	6.355493263
47.84	-127.76	234	3.1612465	5.5926	1.777989454	3053.218138	6.355493263
47.84	-127.77	209	3.1612465	4.9951	1.777989454	3053.218138	6.355493263
47.85	-127.78	201	2.9645884	4.8039	1.721798014	3018.80297	6.562906863
47.85	-127.79	200	2.9645884	4.78	1.721798014	3018.80297	6.562906863
47.85	-127.8	197	2.9645884	4.7083	1.721798014	3018.80297	6.562906863
47.85	-127.63	1659	3.4528952	39.6501	1.85819676	3104.25666	6.081164407
47.86	-127.71	309	3.1907601	7.3851	1.786269884	3058.383018	6.326031748
47.86	-127.71	410	3.1907601	9.799	1.786269884	3058.383018	6.326031748
47.87	-127.72	935	3.1907601	22.3465	1.786269884	3058.383018	6.326031748
47.87	-127.72	1109	3.1907601	26.5051	1.786269884	3058.383018	6.326031748
47.87	-127.72	311	3.1907601	7.4329	1.786269884	3058.383018	6.326031748
47.87	-127.73	226	3.1907601	5.4014	1.786269884	3058.383018	6.326031748
47.87	-127.74	283	3.1907601	6.7637	1.786269884	3058.383018	6.326031748
47.87	-127.74	281	3.1907601	6.7159	1.786269884	3058.383018	6.326031748
47.85	-127.64	346	3.4528952	8.2694	1.85819676	3104.25666	6.081164407
47.85	-127.65	425	3.1907601	10.1575	1.786269884	3058.383018	6.326031748
47.85	-127.66	216	3.1907601	5.1624	1.786269884	3058.383018	6.326031748
47.86	-127.67	200	3.1907601	4.78	1.786269884	3058.383018	6.326031748
47.86	-127.67	191	3.1907601	4.5649	1.786269884	3058.383018	6.326031748
47.86	-127.68	162	3.1907601	3.8718	1.786269884	3058.383018	6.326031748
47.86	-127.7	191	3.1907601	4.5649	1.786269884	3058.383018	6.326031748
47.86	-127.7	227	3.1907601	5.4253	1.786269884	3058.383018	6.326031748
47.86	-127.7	217	3.1907601	5.1863	1.786269884	3058.383018	6.326031748
47.87	-127.73	211	3.1907601	5.0429	1.786269884	3058.383018	6.326031748
47.87	-127.73	225	3.1907601	5.3775	1.786269884	3058.383018	6.326031748
47.85	-127.74	233	3.1907601	5.5687	1.786269884	3058.383018	6.326031748
47.85	-127.73	285	3.1907601	6.8115	1.786269884	3058.383018	6.326031748
47.85	-127.73	283	3.1907601	6.7637	1.786269884	3058.383018	6.326031748
47.85	-127.72	451	3.1907601	10.7789	1.786269884	3058.383018	6.326031748
47.85	-127.72	712	3.1907601	17.0168	1.786269884	3058.383018	6.326031748
47.85	-127.72	487	3.1907601	11.6393	1.786269884	3058.383018	6.326031748
47.85	-127.72	433	3.1907601	10.3487	1.786269884	3058.383018	6.326031748
47.85	-127.71	364	3.1907601	8.6996	1.786269884	3058.383018	6.326031748
47.86	-127.7	214	3.1907601	5.1146	1.786269884	3058.383018	6.326031748
47.85	-127.71	253	3.1907601	6.0467	1.786269884	3058.383018	6.326031748
47.85	-127.7	206	3.1907601	4.9234	1.786269884	3058.383018	6.326031748
47.86	-127.7	244	3.1907601	5.8316	1.786269884	3058.383018	6.326031748
47.86	-127.71	308	3.1907601	7.3612	1.786269884	3058.383018	6.326031748
47.86	-127.71	382	3.1907601	9.1298	1.786269884	3058.383018	6.326031748
47.87	-127.72	562	3.1907601	13.4318	1.786269884	3058.383018	6.326031748
47.87	-127.72	1043	3.1907601	24.9277	1.786269884	3058.383018	6.326031748
47.87	-127.72	1020	3.1907601	24.378	1.786269884	3058.383018	6.326031748
47.87	-127.73	319	3.1907601	7.6241	1.786269884	3058.383018	6.326031748
47.79	-127.85	228	3.1612465	5.4492	1.777989454	3053.218138	6.355493263
47.92	-128.72	165	0.91232389	3.9435	0.955156474	2659.656681	11.83052233
47.92	-128.68	263	0.91232389	6.2857	0.955156474	2659.656681	11.83052233
47.91	-128.67	275	0.91232389	6.5725	0.955156474	2659.656681	11.83052233
47.91	-128.67	286	0.91232389	6.8354	0.955156474	2659.656681	11.83052233
47.91	-128.66	302	0.91232389	7.2178	0.955156474	2659.656681	11.83052233
47.91	-128.66	319	0.91232389	7.6241	0.955156474	2659.656681	11.83052233
47.91	-128.65	327	0.91232389	7.8153	0.955156474	2659.656681	11.83052233
47.91	-128.65	334	0.91232389	7.9826	0.955156474	2659.656681	11.83052233
47.91	-128.64	329	1.1679138	7.8631	1.080700606	2704.384915	10.45617994
47.91	-128.64	266	1.1679138	6.3574	1.080700606	2704.384915	10.45617994
47.9	-128.63	339	1.1679138	8.1021	1.080700606	2704.384915	10.45617994
47.92	-128.72	158	0.91232389	3.7762	0.955156474	2659.656681	11.83052233
47.9	-128.63	337	1.1679138	8.0543	1.080700606	2704.384915	10.45617994
47.9	-128.62	315	1.1679138	7.5285	1.080700606	2704.384915	10.45617994
47.92	-128.71	163	0.91232389	3.8957	0.955156474	2659.656681	11.83052233
47.92	-128.71	178	0.91232389	4.2542	0.955156474	2659.656681	11.83052233
47.92	-128.7	162	0.91232389	3.8718	0.955156474	2659.656681	11.83052233
47.92	-128.7	212	0.91232389	5.0668	0.955156474	2659.656681	11.83052233
47.92	-128.69	230	0.91232389	5.497	0.955156474	2659.656681	11.83052233
47.92	-128.69	248	0.91232389	5.9272	0.955156474	2659.656681	11.83052233
47.92	-128.68	236	0.91232389	5.6404	0.955156474	2659.656681	11.83052233
47.9	-128.62	295	1.1679138	7.0505	1.080700606	2704.384915	10.45617994
47.89	-128.57	599	1.1679138	14.3161	1.080700606	2704.384915	10.45617994
47.89	-128.57	755	1.1679138	18.0445	1.080700606	2704.384915	10.45617994
47.89	-128.56	481	1.1679138	11.4959	1.080700606	2704.384915	10.45617994
47.89	-128.56	677	1.1679138	16.1803	1.080700606	2704.384915	10.45617994
47.89	-128.56	735	1.1679138	17.5665	1.080700606	2704.384915	10.45617994
47.89	-128.55	472	1.1679138	11.2808	1.080700606	2704.384915	10.45617994
47.89	-128.55	370	1.1679138	8.843	1.080700606	2704.384915	10.45617994
47.89	-128.54	346	1.414219	8.2694	1.189209401	2747.488325	9.502111225
47.89	-128.54	313	1.414219	7.4807	1.189209401	2747.488325	9.502111225
47.89	-128.54	237	1.414219	5.6643	1.189209401	2747.488325	9.502111225
47.9	-128.61	325	1.1679138	7.7675	1.080700606	2704.384915	10.45617994
47.89	-128.53	145	1.414219	3.4655	1.189209401	2747.488325	9.502111225
47.89	-128.53	168	1.414219	4.0152	1.189209401	2747.488325	9.502111225
47.89	-128.52	207	1.414219	4.9473	1.189209401	2747.488325	9.502111225
47.88	-128.52	253	1.414219	6.0467	1.189209401	2747.488325	9.502111225
47.9	-128.61	272	1.1679138	6.5008	1.080700606	2704.384915	10.45617994
47.9	-128.61	293	1.1679138	7.0027	1.080700606	2704.384915	10.45617994
47.9	-128.6	339	1.1679138	8.1021	1.080700606	2704.384915	10.45617994
47.9	-128.59	315	1.1679138	7.5285	1.080700606	2704.384915	10.45617994
47.9	-128.58	314	1.1679138	7.5046	1.080700606	2704.384915	10.45617994
47.89	-128.57	345	1.1679138	8.2455	1.080700606	2704.384915	10.45617994
47.92	-128.52	171	1.414219	4.0869	1.189209401	2747.488325	9.502111225
47.92	-128.55	269	1.1679138	6.4291	1.080700606	2704.384915	10.45617994
47.92	-128.55	273	1.1679138	6.5247	1.080700606	2704.384915	10.45617994
47.92	-128.55	356	1.1679138	8.5084	1.080700606	2704.384915	10.45617994
47.92	-128.55	523	1.1679138	12.4997	1.080700606	2704.384915	10.45617994
47.93	-128.56	436	1.1679138	10.4204	1.080700606	2704.384915	10.45617994
47.93	-128.56	434	1.1679138	10.3726	1.080700606	2704.384915	10.45617994
47.93	-128.56	369	1.1679138	8.8191	1.080700606	2704.384915	10.45617994
47.93	-128.56	280	1.1679138	6.692	1.080700606	2704.384915	10.45617994
47.93	-128.57	276	1.1679138	6.5964	1.080700606	2704.384915	10.45617994
47.93	-128.57	294	1.1679138	7.0266	1.080700606	2704.384915	10.45617994
47.92	-128.52	168	1.414219	4.0152	1.189209401	2747.488325	9.502111225
47.92	-128.53	174	1.414219	4.1586	1.189209401	2747.488325	9.502111225
47.92	-128.53	175	1.414219	4.1825	1.189209401	2747.488325	9.502111225
47.92	-128.54	206	1.414219	4.9234	1.189209401	2747.488325	9.502111225
47.92	-128.54	227	1.414219	5.4253	1.189209401	2747.488325	9.502111225
47.92	-128.54	239	1.414219	5.7121	1.189209401	2747.488325	9.502111225
47.92	-128.55	259	1.1679138	6.1901	1.080700606	2704.384915	10.45617994
47.93	-128.58	248	1.1679138	5.9272	1.080700606	2704.384915	10.45617994
47.93	-128.59	268	1.1679138	6.4052	1.080700606	2704.384915	10.45617994
47.93	-128.59	271	1.1679138	6.4769	1.080700606	2704.384915	10.45617994
47.93	-128.59	254	1.1679138	6.0706	1.080700606	2704.384915	10.45617994
47.93	-128.59	246	1.1679138	5.8794	1.080700606	2704.384915	10.45617994
47.93	-128.6	240	1.1679138	5.736	1.080700606	2704.384915	10.45617994
47.93	-128.6	235	1.1679138	5.6165	1.080700606	2704.384915	10.45617994
47.93	-128.6	239	1.1679138	5.7121	1.080700606	2704.384915	10.45617994
47.93	-128.6	248	1.1679138	5.9272	1.080700606	2704.384915	10.45617994
47.93	-128.6	254	1.1679138	6.0706	1.080700606	2704.384915	10.45617994
47.93	-128.58	243	1.1679138	5.8077	1.080700606	2704.384915	10.45617994
47.93	-128.61	254	1.1679138	6.0706	1.080700606	2704.384915	10.45617994
47.93	-128.61	264	1.1679138	6.3096	1.080700606	2704.384915	10.45617994
47.93	-128.61	270	1.1679138	6.453	1.080700606	2704.384915	10.45617994
47.93	-128.61	279	1.1679138	6.6681	1.080700606	2704.384915	10.45617994
47.93	-128.61	285	1.1679138	6.8115	1.080700606	2704.384915	10.45617994
47.93	-128.58	232	1.1679138	5.5448	1.080700606	2704.384915	10.45617994
47.93	-128.58	230	1.1679138	5.497	1.080700606	2704.384915	10.45617994
47.93	-128.59	231	1.1679138	5.5209	1.080700606	2704.384915	10.45617994
47.93	-128.59	233	1.1679138	5.5687	1.080700606	2704.384915	10.45617994
47.93	-128.59	236	1.1679138	5.6404	1.080700606	2704.384915	10.45617994
47.93	-128.59	242	1.1679138	5.7838	1.080700606	2704.384915	10.45617994
47.93	-128.59	255	1.1679138	6.0945	1.080700606	2704.384915	10.45617994
47.93	-128.61	276	1.1679138	6.5964	1.080700606	2704.384915	10.45617994
47.94	-128.62	264	1.1679138	6.3096	1.080700606	2704.384915	10.45617994
47.94	-128.62	266	1.1679138	6.3574	1.080700606	2704.384915	10.45617994
47.94	-128.63	280	1.1679138	6.692	1.080700606	2704.384915	10.45617994
47.94	-128.63	283	1.1679138	6.7637	1.080700606	2704.384915	10.45617994
47.94	-128.63	284	1.1679138	6.7876	1.080700606	2704.384915	10.45617994
47.94	-128.63	281	1.1679138	6.7159	1.080700606	2704.384915	10.45617994
47.94	-128.63	282	1.1679138	6.7398	1.080700606	2704.384915	10.45617994
47.94	-128.63	273	1.1679138	6.5247	1.080700606	2704.384915	10.45617994
47.94	-128.63	263	1.1679138	6.2857	1.080700606	2704.384915	10.45617994
47.94	-128.63	260	1.1679138	6.214	1.080700606	2704.384915	10.45617994
47.93	-128.61	280	1.1679138	6.692	1.080700606	2704.384915	10.45617994
47.94	-128.63	260	1.1679138	6.214	1.080700606	2704.384915	10.45617994
47.94	-128.63	257	1.1679138	6.1423	1.080700606	2704.384915	10.45617994
47.93	-128.61	281	1.1679138	6.7159	1.080700606	2704.384915	10.45617994
47.93	-128.61	283	1.1679138	6.7637	1.080700606	2704.384915	10.45617994
47.94	-128.61	287	1.1679138	6.8593	1.080700606	2704.384915	10.45617994
47.94	-128.62	280	1.1679138	6.692	1.080700606	2704.384915	10.45617994
47.94	-128.62	275	1.1679138	6.5725	1.080700606	2704.384915	10.45617994
47.94	-128.62	269	1.1679138	6.4291	1.080700606	2704.384915	10.45617994
47.94	-128.62	268	1.1679138	6.4052	1.080700606	2704.384915	10.45617994
47.91	-128.55	231	1.1679138	5.5209	1.080700606	2704.384915	10.45617994
47.91	-128.57	388	1.1679138	9.2732	1.080700606	2704.384915	10.45617994
47.91	-128.57	286	1.1679138	6.8354	1.080700606	2704.384915	10.45617994
47.91	-128.57	287	1.1679138	6.8593	1.080700606	2704.384915	10.45617994
47.91	-128.57	280	1.1679138	6.692	1.080700606	2704.384915	10.45617994
47.91	-128.58	296	1.1679138	7.0744	1.080700606	2704.384915	10.45617994
47.91	-128.58	297	1.1679138	7.0983	1.080700606	2704.384915	10.45617994
47.91	-128.58	316	1.1679138	7.5524	1.080700606	2704.384915	10.45617994
47.91	-128.59	328	1.1679138	7.8392	1.080700606	2704.384915	10.45617994
47.91	-128.59	326	1.1679138	7.7914	1.080700606	2704.384915	10.45617994
47.91	-128.59	324	1.1679138	7.7436	1.080700606	2704.384915	10.45617994
47.91	-128.55	264	1.1679138	6.3096	1.080700606	2704.384915	10.45617994
47.91	-128.59	313	1.1679138	7.4807	1.080700606	2704.384915	10.45617994
47.91	-128.6	299	1.1679138	7.1461	1.080700606	2704.384915	10.45617994
47.92	-128.6	290	1.1679138	6.931	1.080700606	2704.384915	10.45617994
47.92	-128.6	292	1.1679138	6.9788	1.080700606	2704.384915	10.45617994
47.92	-128.6	263	1.1679138	6.2857	1.080700606	2704.384915	10.45617994
47.91	-128.55	376	1.1679138	8.9864	1.080700606	2704.384915	10.45617994
47.91	-128.55	408	1.1679138	9.7512	1.080700606	2704.384915	10.45617994
47.91	-128.55	425	1.1679138	10.1575	1.080700606	2704.384915	10.45617994
47.91	-128.56	355	1.1679138	8.4845	1.080700606	2704.384915	10.45617994
47.91	-128.56	440	1.1679138	10.516	1.080700606	2704.384915	10.45617994
47.91	-128.56	632	1.1679138	15.1048	1.080700606	2704.384915	10.45617994
47.72	-127.79	1301	3.251128	31.0939	1.803088462	3068.9474	6.267024742
47.72	-127.78	340	3.251128	8.126	1.803088462	3068.9474	6.267024742
47.72	-127.78	370	3.251128	8.843	1.803088462	3068.9474	6.267024742
47.72	-127.78	274	3.251128	6.5486	1.803088462	3068.9474	6.267024742
47.73	-127.78	262	3.251128	6.2618	1.803088462	3068.9474	6.267024742
47.73	-127.78	267	3.251128	6.3813	1.803088462	3068.9474	6.267024742
47.73	-127.78	290	3.251128	6.931	1.803088462	3068.9474	6.267024742
47.73	-127.77	257	3.251128	6.1423	1.803088462	3068.9474	6.267024742
47.73	-127.77	252	3.251128	6.0228	1.803088462	3068.9474	6.267024742
47.73	-127.77	261	3.251128	6.2379	1.803088462	3068.9474	6.267024742
47.74	-127.77	278	3.251128	6.6442	1.803088462	3068.9474	6.267024742
47.74	-127.77	270	3.251128	6.453	1.803088462	3068.9474	6.267024742
47.72	-127.79	3144	3.251128	75.1416	1.803088462	3068.9474	6.267024742
47.72	-127.78	2022	3.251128	48.3258	1.803088462	3068.9474	6.267024742
47.72	-127.78	994	3.251128	23.7566	1.803088462	3068.9474	6.267024742
47.72	-127.78	604	3.251128	14.4356	1.803088462	3068.9474	6.267024742
47.72	-127.78	434	3.251128	10.3726	1.803088462	3068.9474	6.267024742
47.72	-127.78	403	3.251128	9.6317	1.803088462	3068.9474	6.267024742
47.72	-127.78	383	3.251128	9.1537	1.803088462	3068.9474	6.267024742
47.89	-127.49	250	3.7126944	5.975	1.926835333	3149.72152	5.864538504
47.91	-127.59	215	3.4528952	5.1385	1.85819676	3104.25666	6.081164407
47.91	-127.59	224	3.4528952	5.3536	1.85819676	3104.25666	6.081164407
47.72	-127.82	196	3.251128	4.6844	1.803088462	3068.9474	6.267024742
47.71	-127.78	1194	3.251128	28.5366	1.803088462	3068.9474	6.267024742
47.71	-127.78	452	3.251128	10.8028	1.803088462	3068.9474	6.267024742
47.71	-127.78	422	3.251128	10.0858	1.803088462	3068.9474	6.267024742
47.71	-127.78	301	3.251128	7.1939	1.803088462	3068.9474	6.267024742
47.71	-127.77	218	3.251128	5.2102	1.803088462	3068.9474	6.267024742
47.71	-127.77	205	3.251128	4.8995	1.803088462	3068.9474	6.267024742
47.71	-127.76	191	3.251128	4.5649	1.803088462	3068.9474	6.267024742
47.7	-127.75	171	3.251128	4.0869	1.803088462	3068.9474	6.267024742
47.7	-127.75	166	3.251128	3.9674	1.803088462	3068.9474	6.267024742
47.72	-127.8	211	3.251128	5.0429	1.803088462	3068.9474	6.267024742
47.71	-127.79	256	3.251128	6.1184	1.803088462	3068.9474	6.267024742
47.71	-127.79	291	3.251128	6.9549	1.803088462	3068.9474	6.267024742
47.71	-127.79	939	3.251128	22.4421	1.803088462	3068.9474	6.267024742
48.47	-128.78	404	0.34311613	9.6556	0.585761154	2560.045323	19.29113926
48.47	-128.8	397	0.34311613	9.4883	0.585761154	2560.045323	19.29113926
48.57	-128.69	371	0.44956386	8.8669	0.670495235	2578.673676	16.85321448
48.57	-128.69	262	0.44956386	6.2618	0.670495235	2578.673676	16.85321448
48.57	-128.69	267	0.44956386	6.3813	0.670495235	2578.673676	16.85321448
48.57	-128.7	338	0.44956386	8.0782	0.670495235	2578.673676	16.85321448
48.57	-128.7	388	0.44956386	9.2732	0.670495235	2578.673676	16.85321448
48.56	-128.7	359	0.44956386	8.5801	0.670495235	2578.673676	16.85321448
48.56	-128.7	474	0.44956386	11.3286	0.670495235	2578.673676	16.85321448
48.55	-128.71	587	0.59159386	14.0293	0.76915139	2603.528926	14.69151607
48.55	-128.71	494	0.59159386	11.8066	0.76915139	2603.528926	14.69151607
48.55	-128.72	413	0.59159386	9.8707	0.76915139	2603.528926	14.69151607
48.54	-128.72	335	0.59159386	8.0065	0.76915139	2603.528926	14.69151607
48.53	-128.72	302	0.59159386	7.2178	0.76915139	2603.528926	14.69151607
48.52	-128.73	278	0.59159386	6.6442	0.76915139	2603.528926	14.69151607
48.52	-128.73	305	0.59159386	7.2895	0.76915139	2603.528926	14.69151607
48.51	-128.74	306	0.59159386	7.3134	0.76915139	2603.528926	14.69151607
48.51	-128.74	217	0.59159386	5.1863	0.76915139	2603.528926	14.69151607
48.52	-128.82	165	0.34311613	3.9435	0.585761154	2560.045323	19.29113926
48.52	-128.8	159	0.34311613	3.8001	0.585761154	2560.045323	19.29113926
48.53	-128.79	161	0.34311613	3.8479	0.585761154	2560.045323	19.29113926
48.52	-128.78	150	0.34311613	3.585	0.585761154	2560.045323	19.29113926
48.52	-128.77	169	0.34311613	4.0391	0.585761154	2560.045323	19.29113926
48.51	-128.77	133	0.34311613	3.1787	0.585761154	2560.045323	19.29113926
48.5	-128.77	230	0.34311613	5.497	0.585761154	2560.045323	19.29113926
48.49	-128.76	263	0.34311613	6.2857	0.585761154	2560.045323	19.29113926
48.49	-128.76	268	0.34311613	6.4052	0.585761154	2560.045323	19.29113926
48.48	-128.76	272	0.34311613	6.5008	0.585761154	2560.045323	19.29113926
48.47	-128.75	309	0.34311613	7.3851	0.585761154	2560.045323	19.29113926
48.47	-128.75	348	0.34311613	8.3172	0.585761154	2560.045323	19.29113926
48.46	-128.74	424	0.59159386	10.1336	0.76915139	2603.528926	14.69151607
48.45	-128.74	412	0.59159386	9.8468	0.76915139	2603.528926	14.69151607
48.45	-128.74	1005	0.59159386	24.0195	0.76915139	2603.528926	14.69151607
48.51	-128.78	151	0.34311613	3.6089	0.585761154	2560.045323	19.29113926
48.51	-128.78	189	0.34311613	4.5171	0.585761154	2560.045323	19.29113926
48.51	-128.77	120	0.34311613	2.868	0.585761154	2560.045323	19.29113926
48.51	-128.77	203	0.34311613	4.8517	0.585761154	2560.045323	19.29113926
48.5	-128.76	299	0.34311613	7.1461	0.585761154	2560.045323	19.29113926
48.5	-128.76	320	0.34311613	7.648	0.585761154	2560.045323	19.29113926
48.5	-128.75	246	0.34311613	5.8794	0.585761154	2560.045323	19.29113926
48.49	-128.74	206	0.59159386	4.9234	0.76915139	2603.528926	14.69151607
48.49	-128.73	341	0.59159386	8.1499	0.76915139	2603.528926	14.69151607
48.49	-128.73	395	0.59159386	9.4405	0.76915139	2603.528926	14.69151607
48.49	-128.72	390	0.59159386	9.321	0.76915139	2603.528926	14.69151607
48.48	-128.72	570	0.59159386	13.623	0.76915139	2603.528926	14.69151607
48.48	-128.71	744	0.59159386	17.7816	0.76915139	2603.528926	14.69151607
48.45	-128.72	774	0.59159386	18.4986	0.76915139	2603.528926	14.69151607
48.45	-128.72	1073	0.59159386	25.6447	0.76915139	2603.528926	14.69151607
48.46	-128.71	2894	0.59159386	69.1666	0.76915139	2603.528926	14.69151607
48.46	-128.71	1528	0.59159386	36.5192	0.76915139	2603.528926	14.69151607
48.45	-128.7	1313	0.59159386	31.3807	0.76915139	2603.528926	14.69151607
48.45	-128.7	729	0.59159386	17.4231	0.76915139	2603.528926	14.69151607
48.44	-128.69	581	0.79336768	13.8859	0.890711895	2638.839344	12.68648152
48.44	-128.69	605	0.79336768	14.4595	0.890711895	2638.839344	12.68648152
48.44	-128.69	707	0.79336768	16.8973	0.890711895	2638.839344	12.68648152
48.44	-128.68	1507	0.79336768	36.0173	0.890711895	2638.839344	12.68648152
48.43	-128.68	3200	0.79336768	76.48	0.890711895	2638.839344	12.68648152
48.43	-128.68	2129	0.79336768	50.8831	0.890711895	2638.839344	12.68648152
48.43	-128.67	883	0.79336768	21.1037	0.890711895	2638.839344	12.68648152
48.43	-128.67	684	0.79336768	16.3476	0.890711895	2638.839344	12.68648152
48.43	-128.67	556	0.79336768	13.2884	0.890711895	2638.839344	12.68648152
48.43	-128.66	466	0.79336768	11.1374	0.890711895	2638.839344	12.68648152
48.4	-128.73	841	0.79336768	20.0999	0.890711895	2638.839344	12.68648152
48.4	-128.73	677	0.79336768	16.1803	0.890711895	2638.839344	12.68648152
48.4	-128.72	995	0.79336768	23.7805	0.890711895	2638.839344	12.68648152
48.4	-128.72	772	0.79336768	18.4508	0.890711895	2638.839344	12.68648152
48.4	-128.72	659	0.79336768	15.7501	0.890711895	2638.839344	12.68648152
48.4	-128.71	654	0.79336768	15.6306	0.890711895	2638.839344	12.68648152
48.4	-128.7	683	0.79336768	16.3237	0.890711895	2638.839344	12.68648152
48.4	-128.7	687	0.79336768	16.4193	0.890711895	2638.839344	12.68648152
48.4	-128.69	616	0.79336768	14.7224	0.890711895	2638.839344	12.68648152
48.4	-128.69	631	0.79336768	15.0809	0.890711895	2638.839344	12.68648152
48.39	-128.68	788	0.79336768	18.8332	0.890711895	2638.839344	12.68648152
48.39	-128.68	690	0.79336768	16.491	0.890711895	2638.839344	12.68648152
48.39	-128.67	589	0.79336768	14.0771	0.890711895	2638.839344	12.68648152
48.39	-128.67	589	0.79336768	14.0771	0.890711895	2638.839344	12.68648152
48.39	-128.66	648	0.79336768	15.4872	0.890711895	2638.839344	12.68648152
48.39	-128.66	686	0.79336768	16.3954	0.890711895	2638.839344	12.68648152
48.39	-128.65	548	0.79336768	13.0972	0.890711895	2638.839344	12.68648152
48.39	-128.64	699	1.033847	16.7061	1.016782671	2680.923225	11.11348602
48.39	-128.64	787	1.033847	18.8093	1.016782671	2680.923225	11.11348602
48.39	-128.63	902	1.033847	21.5578	1.016782671	2680.923225	11.11348602
48.39	-128.63	534	1.033847	12.7626	1.016782671	2680.923225	11.11348602
48.38	-128.62	465	1.033847	11.1135	1.016782671	2680.923225	11.11348602
48.38	-128.61	355	1.033847	8.4845	1.016782671	2680.923225	11.11348602
48.38	-128.61	304	1.033847	7.2656	1.016782671	2680.923225	11.11348602
48.4	-128.84	1319	0.53057241	31.5241	0.728404016	2592.850172	15.51336862
48.4	-128.83	1429	0.53057241	34.1531	0.728404016	2592.850172	15.51336862
48.39	-128.83	1497	0.53057241	35.7783	0.728404016	2592.850172	15.51336862
48.39	-128.82	952	0.53057241	22.7528	0.728404016	2592.850172	15.51336862
48.39	-128.82	865	0.53057241	20.6735	0.728404016	2592.850172	15.51336862
48.39	-128.81	763	0.53057241	18.2357	0.728404016	2592.850172	15.51336862
48.39	-128.79	602	0.53057241	14.3878	0.728404016	2592.850172	15.51336862
48.38	-128.79	598	0.53057241	14.2922	0.728404016	2592.850172	15.51336862
48.39	-128.78	586	0.53057241	14.0054	0.728404016	2592.850172	15.51336862
48.39	-128.77	539	0.53057241	12.8821	0.728404016	2592.850172	15.51336862
48.39	-128.77	510	0.53057241	12.189	0.728404016	2592.850172	15.51336862
48.39	-128.76	487	0.53057241	11.6393	0.728404016	2592.850172	15.51336862
48.39	-128.75	530	0.53057241	12.667	0.728404016	2592.850172	15.51336862
48.39	-128.73	914	0.79336768	21.8446	0.890711895	2638.839344	12.68648152
48.39	-128.72	758	0.79336768	18.1162	0.890711895	2638.839344	12.68648152
48.39	-128.72	666	0.79336768	15.9174	0.890711895	2638.839344	12.68648152
48.39	-128.71	620	0.79336768	14.818	0.890711895	2638.839344	12.68648152
48.39	-128.71	553	0.79336768	13.2167	0.890711895	2638.839344	12.68648152
48.44	-128.76	573	0.53057241	13.6947	0.728404016	2592.850172	15.51336862
48.44	-128.76	559	0.53057241	13.3601	0.728404016	2592.850172	15.51336862
48.44	-128.75	594	0.53057241	14.1966	0.728404016	2592.850172	15.51336862
48.44	-128.75	641	0.53057241	15.3199	0.728404016	2592.850172	15.51336862
48.44	-128.74	567	0.79336768	13.5513	0.890711895	2638.839344	12.68648152
48.44	-128.73	661	0.79336768	15.7979	0.890711895	2638.839344	12.68648152
48.44	-128.72	704	0.79336768	16.8256	0.890711895	2638.839344	12.68648152
48.44	-128.72	812	0.79336768	19.4068	0.890711895	2638.839344	12.68648152
48.44	-128.7	857	0.79336768	20.4823	0.890711895	2638.839344	12.68648152
48.44	-128.7	653	0.79336768	15.6067	0.890711895	2638.839344	12.68648152
48.44	-128.69	594	0.79336768	14.1966	0.890711895	2638.839344	12.68648152
48.44	-128.69	637	0.79336768	15.2243	0.890711895	2638.839344	12.68648152
48.44	-128.68	1665	0.79336768	39.7935	0.890711895	2638.839344	12.68648152
48.44	-128.68	2298	0.79336768	54.9222	0.890711895	2638.839344	12.68648152
48.44	-128.67	727	0.79336768	17.3753	0.890711895	2638.839344	12.68648152
48.44	-128.66	419	0.79336768	10.0141	0.890711895	2638.839344	12.68648152
48.44	-128.65	218	0.79336768	5.2102	0.890711895	2638.839344	12.68648152
48.44	-128.63	290	1.033847	6.931	1.016782671	2680.923225	11.11348602
48.29	-128.69	532	0.80387408	12.7148	0.896590252	2640.677964	12.60330455
48.3	-128.7	1101	0.80387408	26.3139	0.896590252	2640.677964	12.60330455
48.31	-128.7	387	0.80387408	9.2493	0.896590252	2640.677964	12.60330455
48.32	-128.71	278	0.80387408	6.6442	0.896590252	2640.677964	12.60330455
48.32	-128.71	325	0.80387408	7.7675	0.896590252	2640.677964	12.60330455
48.33	-128.72	322	0.80387408	7.6958	0.896590252	2640.677964	12.60330455
48.34	-128.72	395	0.80387408	9.4405	0.896590252	2640.677964	12.60330455
48.34	-128.73	422	0.80387408	10.0858	0.896590252	2640.677964	12.60330455
48.35	-128.73	502	0.79336768	11.9978	0.890711895	2638.839344	12.68648152
48.36	-128.74	550	0.79336768	13.145	0.890711895	2638.839344	12.68648152
48.37	-128.74	788	0.79336768	18.8332	0.890711895	2638.839344	12.68648152
48.37	-128.74	935	0.79336768	22.3465	0.890711895	2638.839344	12.68648152
48.38	-128.75	673	0.53057241	16.0847	0.728404016	2592.850172	15.51336862
48.39	-128.75	586	0.53057241	14.0054	0.728404016	2592.850172	15.51336862
48.4	-128.76	587	0.53057241	14.0293	0.728404016	2592.850172	15.51336862
48.29	-128.78	313	0.54432315	7.4807	0.73778259	2595.256551	15.31616516
48.29	-128.78	290	0.54432315	6.931	0.73778259	2595.256551	15.31616516
48.31	-128.78	292	0.54432315	6.9788	0.73778259	2595.256551	15.31616516
48.33	-128.78	322	0.54432315	7.6958	0.73778259	2595.256551	15.31616516
48.33	-128.78	361	0.54432315	8.6279	0.73778259	2595.256551	15.31616516
48.34	-128.78	353	0.54432315	8.4367	0.73778259	2595.256551	15.31616516
48.34	-128.78	365	0.54432315	8.7235	0.73778259	2595.256551	15.31616516
48.35	-128.78	354	0.53057241	8.4606	0.728404016	2592.850172	15.51336862
48.35	-128.78	335	0.53057241	8.0065	0.728404016	2592.850172	15.51336862
48.36	-128.8	303	0.53057241	7.2417	0.728404016	2592.850172	15.51336862
48.36	-128.81	385	0.53057241	9.2015	0.728404016	2592.850172	15.51336862
48.36	-128.83	469	0.53057241	11.2091	0.728404016	2592.850172	15.51336862
48.36	-128.83	627	0.53057241	14.9853	0.728404016	2592.850172	15.51336862
48.36	-128.83	807	0.53057241	19.2873	0.728404016	2592.850172	15.51336862
48.36	-128.84	1022	0.53057241	24.4258	0.728404016	2592.850172	15.51336862
48.36	-128.85	1289	0.53057241	30.8071	0.728404016	2592.850172	15.51336862
48.37	-128.86	1150	0.25480604	27.485	0.504783161	2544.591057	22.38584974
48.37	-128.87	1095	0.25480604	26.1705	0.504783161	2544.591057	22.38584974
48.38	-128.88	1158	0.25480604	27.6762	0.504783161	2544.591057	22.38584974
48.38	-128.9	1076	0.25480604	25.7164	0.504783161	2544.591057	22.38584974
48.35	-128.77	367	0.53057241	8.7713	0.728404016	2592.850172	15.51336862
48.36	-128.77	341	0.53057241	8.1499	0.728404016	2592.850172	15.51336862
48.39	-128.77	533	0.53057241	12.7387	0.728404016	2592.850172	15.51336862
48.41	-128.73	858	0.79336768	20.5062	0.890711895	2638.839344	12.68648152
48.42	-128.73	861	0.79336768	20.5779	0.890711895	2638.839344	12.68648152
48.41	-128.74	740	0.79336768	17.686	0.890711895	2638.839344	12.68648152
48.41	-128.75	624	0.53057241	14.9136	0.728404016	2592.850172	15.51336862
48.42	-128.75	679	0.53057241	16.2281	0.728404016	2592.850172	15.51336862
48.42	-128.77	763	0.53057241	18.2357	0.728404016	2592.850172	15.51336862
48.42	-128.77	698	0.53057241	16.6822	0.728404016	2592.850172	15.51336862
48.42	-128.78	706	0.53057241	16.8734	0.728404016	2592.850172	15.51336862
48.42	-128.78	743	0.53057241	17.7577	0.728404016	2592.850172	15.51336862
48.42	-128.79	788	0.53057241	18.8332	0.728404016	2592.850172	15.51336862
48.42	-128.79	881	0.53057241	21.0559	0.728404016	2592.850172	15.51336862
48.43	-128.8	959	0.53057241	22.9201	0.728404016	2592.850172	15.51336862
48.43	-128.8	1023	0.53057241	24.4497	0.728404016	2592.850172	15.51336862
48.43	-128.81	1153	0.53057241	27.5567	0.728404016	2592.850172	15.51336862
48.43	-128.82	1665	0.53057241	39.7935	0.728404016	2592.850172	15.51336862
48.43	-128.83	1124	0.53057241	26.8636	0.728404016	2592.850172	15.51336862
48.43	-128.84	888	0.53057241	21.2232	0.728404016	2592.850172	15.51336862
48.43	-128.85	1018	0.53057241	24.3302	0.728404016	2592.850172	15.51336862
48.43	-128.85	792	0.53057241	18.9288	0.728404016	2592.850172	15.51336862
48.43	-128.85	912	0.53057241	21.7968	0.728404016	2592.850172	15.51336862
48.43	-128.86	897	0.25480604	21.4383	0.504783161	2544.591057	22.38584974
48.44	-128.76	765	0.53057241	18.2835	0.728404016	2592.850172	15.51336862
48.44	-128.76	690	0.53057241	16.491	0.728404016	2592.850172	15.51336862
48.44	-128.77	546	0.53057241	13.0494	0.728404016	2592.850172	15.51336862
48.44	-128.78	550	0.53057241	13.145	0.728404016	2592.850172	15.51336862
48.45	-128.78	502	0.34311613	11.9978	0.585761154	2560.045323	19.29113926
48.45	-128.79	477	0.34311613	11.4003	0.585761154	2560.045323	19.29113926
48.45	-128.79	481	0.34311613	11.4959	0.585761154	2560.045323	19.29113926
48.46	-128.8	426	0.34311613	10.1814	0.585761154	2560.045323	19.29113926
48.46	-128.81	477	0.34311613	11.4003	0.585761154	2560.045323	19.29113926
48.46	-128.82	429	0.34311613	10.2531	0.585761154	2560.045323	19.29113926
48.46	-128.82	540	0.34311613	12.906	0.585761154	2560.045323	19.29113926
48.46	-128.83	840	0.34311613	20.076	0.585761154	2560.045323	19.29113926
48.46	-128.84	1246	0.34311613	29.7794	0.585761154	2560.045323	19.29113926
48.46	-128.85	1171	0.34311613	27.9869	0.585761154	2560.045323	19.29113926
48.47	-128.86	1531	0.15120271	36.5909	0.388847927	2526.460474	29.06020382
48.47	-128.57	416	0.8665905	9.9424	0.930908427	2651.653338	12.13868053
48.47	-128.58	421	0.8665905	10.0619	0.930908427	2651.653338	12.13868053
48.47	-128.58	481	0.8665905	11.4959	0.930908427	2651.653338	12.13868053
48.47	-128.59	461	0.8665905	11.0179	0.930908427	2651.653338	12.13868053
48.47	-128.59	444	0.8665905	10.6116	0.930908427	2651.653338	12.13868053
48.47	-128.6	518	0.8665905	12.3802	0.930908427	2651.653338	12.13868053
48.47	-128.6	221	0.8665905	5.2819	0.930908427	2651.653338	12.13868053
48.48	-128.61	619	0.8665905	14.7941	0.930908427	2651.653338	12.13868053
48.48	-128.62	358	0.8665905	8.5562	0.930908427	2651.653338	12.13868053
48.48	-128.62	368	0.8665905	8.7952	0.930908427	2651.653338	12.13868053
48.48	-128.63	363	0.8665905	8.6757	0.930908427	2651.653338	12.13868053
48.48	-128.63	639	0.8665905	15.2721	0.930908427	2651.653338	12.13868053
48.48	-128.63	526	0.8665905	12.5714	0.930908427	2651.653338	12.13868053
48.48	-128.64	549	0.8665905	13.1211	0.930908427	2651.653338	12.13868053
48.48	-128.65	411	0.59159386	9.8229	0.76915139	2603.528926	14.69151607
48.45	-128.61	924	0.8665905	22.0836	0.930908427	2651.653338	12.13868053
48.46	-128.61	1090	0.8665905	26.051	0.930908427	2651.653338	12.13868053
48.46	-128.62	425	0.8665905	10.1575	0.930908427	2651.653338	12.13868053
48.46	-128.62	355	0.8665905	8.4845	0.930908427	2651.653338	12.13868053
48.45	-128.63	387	0.8665905	9.2493	0.930908427	2651.653338	12.13868053
48.45	-128.63	325	0.8665905	7.7675	0.930908427	2651.653338	12.13868053
48.45	-128.63	250	0.8665905	5.975	0.930908427	2651.653338	12.13868053
48.45	-128.63	829	0.8665905	19.8131	0.930908427	2651.653338	12.13868053
48.45	-128.64	631	0.8665905	15.0809	0.930908427	2651.653338	12.13868053
48.45	-128.64	376	0.8665905	8.9864	0.930908427	2651.653338	12.13868053
48.45	-128.65	470	0.59159386	11.233	0.76915139	2603.528926	14.69151607
48.45	-128.65	440	0.59159386	10.516	0.76915139	2603.528926	14.69151607
48.45	-128.65	418	0.59159386	9.9902	0.76915139	2603.528926	14.69151607
48.45	-128.65	493	0.59159386	11.7827	0.76915139	2603.528926	14.69151607
48.45	-128.66	396	0.59159386	9.4644	0.76915139	2603.528926	14.69151607
48.43	-128.73	697	0.79336768	16.6583	0.890711895	2638.839344	12.68648152
48.44	-128.73	698	0.79336768	16.6822	0.890711895	2638.839344	12.68648152
48.44	-128.73	699	0.79336768	16.7061	0.890711895	2638.839344	12.68648152
48.45	-128.73	680	0.59159386	16.252	0.76915139	2603.528926	14.69151607
48.45	-128.72	777	0.59159386	18.5703	0.76915139	2603.528926	14.69151607
48.46	-128.72	1760	0.59159386	42.064	0.76915139	2603.528926	14.69151607
48.46	-128.71	1233	0.59159386	29.4687	0.76915139	2603.528926	14.69151607
48.47	-128.71	1488	0.59159386	35.5632	0.76915139	2603.528926	14.69151607
48.47	-128.71	1496	0.59159386	35.7544	0.76915139	2603.528926	14.69151607
48.47	-128.7	963	0.59159386	23.0157	0.76915139	2603.528926	14.69151607
48.47	-128.7	937	0.59159386	22.3943	0.76915139	2603.528926	14.69151607
48.48	-128.7	1062	0.59159386	25.3818	0.76915139	2603.528926	14.69151607
48.48	-128.7	1044	0.59159386	24.9516	0.76915139	2603.528926	14.69151607
48.48	-128.69	1088	0.59159386	26.0032	0.76915139	2603.528926	14.69151607
48.49	-128.69	896	0.59159386	21.4144	0.76915139	2603.528926	14.69151607
48.49	-128.69	742	0.59159386	17.7338	0.76915139	2603.528926	14.69151607
48.5	-128.69	637	0.59159386	15.2243	0.76915139	2603.528926	14.69151607
48.5	-128.69	636	0.59159386	15.2004	0.76915139	2603.528926	14.69151607
48.51	-128.69	519	0.59159386	12.4041	0.76915139	2603.528926	14.69151607
48.51	-128.68	418	0.59159386	9.9902	0.76915139	2603.528926	14.69151607
48.45	-128.65	453	0.59159386	10.8267	0.76915139	2603.528926	14.69151607
48.45	-128.65	453	0.59159386	10.8267	0.76915139	2603.528926	14.69151607
48.45	-128.66	362	0.59159386	8.6518	0.76915139	2603.528926	14.69151607
48.45	-128.66	399	0.59159386	9.5361	0.76915139	2603.528926	14.69151607
48.45	-128.66	386	0.59159386	9.2254	0.76915139	2603.528926	14.69151607
48.45	-128.67	176	0.59159386	4.2064	0.76915139	2603.528926	14.69151607
48.45	-128.67	153	0.59159386	3.6567	0.76915139	2603.528926	14.69151607
48.45	-128.68	411	0.59159386	9.8229	0.76915139	2603.528926	14.69151607
48.45	-128.68	426	0.59159386	10.1814	0.76915139	2603.528926	14.69151607
48.45	-128.69	466	0.59159386	11.1374	0.76915139	2603.528926	14.69151607
48.45	-128.69	524	0.59159386	12.5236	0.76915139	2603.528926	14.69151607
48.46	-128.7	729	0.59159386	17.4231	0.76915139	2603.528926	14.69151607
48.46	-128.7	994	0.59159386	23.7566	0.76915139	2603.528926	14.69151607
48.46	-128.7	1663	0.59159386	39.7457	0.76915139	2603.528926	14.69151607
48.46	-128.71	2653	0.59159386	63.4067	0.76915139	2603.528926	14.69151607
48.46	-128.71	4439	0.59159386	106.0921	0.76915139	2603.528926	14.69151607
48.46	-128.71	1898	0.59159386	45.3622	0.76915139	2603.528926	14.69151607
48.46	-128.71	1099	0.59159386	26.2661	0.76915139	2603.528926	14.69151607
48.46	-128.72	904	0.59159386	21.6056	0.76915139	2603.528926	14.69151607
48.47	-128.72	832	0.59159386	19.8848	0.76915139	2603.528926	14.69151607
48.47	-128.72	800	0.59159386	19.12	0.76915139	2603.528926	14.69151607
48.47	-128.71	862	0.59159386	20.6018	0.76915139	2603.528926	14.69151607
48.47	-128.71	923	0.59159386	22.0597	0.76915139	2603.528926	14.69151607
48.47	-128.71	1049	0.59159386	25.0711	0.76915139	2603.528926	14.69151607
48.47	-128.71	1181	0.59159386	28.2259	0.76915139	2603.528926	14.69151607
48.48	-128.7	1052	0.59159386	25.1428	0.76915139	2603.528926	14.69151607
48.48	-128.7	851	0.59159386	20.3389	0.76915139	2603.528926	14.69151607
48.48	-128.7	791	0.59159386	18.9049	0.76915139	2603.528926	14.69151607
48.48	-128.69	609	0.59159386	14.5551	0.76915139	2603.528926	14.69151607
48.48	-128.68	421	0.59159386	10.0619	0.76915139	2603.528926	14.69151607
48.48	-128.67	427	0.59159386	10.2053	0.76915139	2603.528926	14.69151607
48.48	-128.67	390	0.59159386	9.321	0.76915139	2603.528926	14.69151607
48.47	-128.73	618	0.59159386	14.7702	0.76915139	2603.528926	14.69151607
48.47	-128.73	606	0.59159386	14.4834	0.76915139	2603.528926	14.69151607
48.47	-128.73	679	0.59159386	16.2281	0.76915139	2603.528926	14.69151607
48.47	-128.73	872	0.59159386	20.8408	0.76915139	2603.528926	14.69151607
48.46	-128.72	918	0.59159386	21.9402	0.76915139	2603.528926	14.69151607
48.46	-128.72	1511	0.59159386	36.1129	0.76915139	2603.528926	14.69151607
48.46	-128.71	4559	0.59159386	108.9601	0.76915139	2603.528926	14.69151607
48.46	-128.71	3022	0.59159386	72.2258	0.76915139	2603.528926	14.69151607
48.46	-128.71	1926	0.59159386	46.0314	0.76915139	2603.528926	14.69151607
48.46	-128.71	1742	0.59159386	41.6338	0.76915139	2603.528926	14.69151607
48.46	-128.71	1813	0.59159386	43.3307	0.76915139	2603.528926	14.69151607
48.46	-128.71	2029	0.59159386	48.4931	0.76915139	2603.528926	14.69151607
48.46	-128.71	2031	0.59159386	48.5409	0.76915139	2603.528926	14.69151607
48.46	-128.71	1815	0.59159386	43.3785	0.76915139	2603.528926	14.69151607
48.46	-128.71	1644	0.59159386	39.2916	0.76915139	2603.528926	14.69151607
48.46	-128.71	1498	0.59159386	35.8022	0.76915139	2603.528926	14.69151607
48.47	-128.71	1317	0.59159386	31.4763	0.76915139	2603.528926	14.69151607
48.47	-128.71	1236	0.59159386	29.5404	0.76915139	2603.528926	14.69151607
48.47	-128.71	1076	0.59159386	25.7164	0.76915139	2603.528926	14.69151607
48.48	-128.68	418	0.59159386	9.9902	0.76915139	2603.528926	14.69151607
48.48	-128.67	413	0.59159386	9.8707	0.76915139	2603.528926	14.69151607
48.47	-128.68	406	0.59159386	9.7034	0.76915139	2603.528926	14.69151607
48.47	-128.68	409	0.59159386	9.7751	0.76915139	2603.528926	14.69151607
48.47	-128.68	412	0.59159386	9.8468	0.76915139	2603.528926	14.69151607
48.47	-128.68	418	0.59159386	9.9902	0.76915139	2603.528926	14.69151607
48.46	-128.68	420	0.59159386	10.038	0.76915139	2603.528926	14.69151607
48.46	-128.68	418	0.59159386	9.9902	0.76915139	2603.528926	14.69151607
48.45	-128.68	433	0.59159386	10.3487	0.76915139	2603.528926	14.69151607
48.45	-128.68	424	0.59159386	10.1336	0.76915139	2603.528926	14.69151607
48.45	-128.68	362	0.59159386	8.6518	0.76915139	2603.528926	14.69151607
48.44	-128.68	187	0.79336768	4.4693	0.890711895	2638.839344	12.68648152
48.44	-128.68	509	0.79336768	12.1651	0.890711895	2638.839344	12.68648152
48.44	-128.68	539	0.79336768	12.8821	0.890711895	2638.839344	12.68648152
48.44	-128.68	584	0.79336768	13.9576	0.890711895	2638.839344	12.68648152
48.44	-128.68	684	0.79336768	16.3476	0.890711895	2638.839344	12.68648152
48.44	-128.68	632	0.79336768	15.1048	0.890711895	2638.839344	12.68648152
48.44	-128.68	965	0.79336768	23.0635	0.890711895	2638.839344	12.68648152
48.44	-128.68	764	0.79336768	18.2596	0.890711895	2638.839344	12.68648152
48.43	-128.68	4907	0.79336768	117.2773	0.890711895	2638.839344	12.68648152
48.43	-128.68	3646	0.79336768	87.1394	0.890711895	2638.839344	12.68648152
48.43	-128.68	1484	0.79336768	35.4676	0.890711895	2638.839344	12.68648152
48.42	-128.68	842	0.79336768	20.1238	0.890711895	2638.839344	12.68648152
48.42	-128.68	600	0.79336768	14.34	0.890711895	2638.839344	12.68648152
48.41	-128.68	529	0.79336768	12.6431	0.890711895	2638.839344	12.68648152
48.41	-128.68	307	0.79336768	7.3373	0.890711895	2638.839344	12.68648152
48.4	-128.68	484	0.79336768	11.5676	0.890711895	2638.839344	12.68648152
48.4	-128.68	298	0.79336768	7.1222	0.890711895	2638.839344	12.68648152
48.4	-128.68	311	0.79336768	7.4329	0.890711895	2638.839344	12.68648152
48.39	-128.68	270	0.79336768	6.453	0.890711895	2638.839344	12.68648152
48.38	-128.68	1405	0.79336768	33.5795	0.890711895	2638.839344	12.68648152
48.38	-128.68	606	0.79336768	14.4834	0.890711895	2638.839344	12.68648152
48.42	-128.72	901	0.79336768	21.5339	0.890711895	2638.839344	12.68648152
48.42	-128.71	757	0.79336768	18.0923	0.890711895	2638.839344	12.68648152
48.42	-128.71	658	0.79336768	15.7262	0.890711895	2638.839344	12.68648152
48.43	-128.7	641	0.79336768	15.3199	0.890711895	2638.839344	12.68648152
48.43	-128.69	663	0.79336768	15.8457	0.890711895	2638.839344	12.68648152
48.43	-128.69	885	0.79336768	21.1515	0.890711895	2638.839344	12.68648152
48.44	-128.69	1062	0.79336768	25.3818	0.890711895	2638.839344	12.68648152
48.44	-128.68	368	0.79336768	8.7952	0.890711895	2638.839344	12.68648152
48.45	-128.67	393	0.59159386	9.3927	0.76915139	2603.528926	14.69151607
48.46	-128.66	323	0.59159386	7.7197	0.76915139	2603.528926	14.69151607
48.44	-128.67	469	0.79336768	11.2091	0.890711895	2638.839344	12.68648152
48.44	-128.67	460	0.79336768	10.994	0.890711895	2638.839344	12.68648152
48.45	-128.67	433	0.59159386	10.3487	0.76915139	2603.528926	14.69151607
48.45	-128.66	404	0.59159386	9.6556	0.76915139	2603.528926	14.69151607
48.45	-128.66	391	0.59159386	9.3449	0.76915139	2603.528926	14.69151607
48.44	-128.66	407	0.79336768	9.7273	0.890711895	2638.839344	12.68648152
48.44	-128.66	409	0.79336768	9.7751	0.890711895	2638.839344	12.68648152
48.43	-128.66	432	0.79336768	10.3248	0.890711895	2638.839344	12.68648152
48.43	-128.66	462	0.79336768	11.0418	0.890711895	2638.839344	12.68648152
48.43	-128.66	276	0.79336768	6.5964	0.890711895	2638.839344	12.68648152
48.43	-128.66	505	0.79336768	12.0695	0.890711895	2638.839344	12.68648152
48.42	-128.66	491	0.79336768	11.7349	0.890711895	2638.839344	12.68648152
48.42	-128.67	485	0.79336768	11.5915	0.890711895	2638.839344	12.68648152
48.41	-128.67	454	0.79336768	10.8506	0.890711895	2638.839344	12.68648152
48.41	-128.67	248	0.79336768	5.9272	0.890711895	2638.839344	12.68648152
48.4	-128.67	451	0.79336768	10.7789	0.890711895	2638.839344	12.68648152
48.4	-128.66	321	0.79336768	7.6719	0.890711895	2638.839344	12.68648152
48.4	-128.66	526	0.79336768	12.5714	0.890711895	2638.839344	12.68648152
48.41	-128.65	414	0.79336768	9.8946	0.890711895	2638.839344	12.68648152
48.4	-128.64	433	1.033847	10.3487	1.016782671	2680.923225	11.11348602
48.4	-128.64	486	1.033847	11.6154	1.016782671	2680.923225	11.11348602
48.4	-128.64	583	1.033847	13.9337	1.016782671	2680.923225	11.11348602
48.49	-128.63	1239	0.8665905	29.6121	0.930908427	2651.653338	12.13868053
48.49	-128.63	1207	0.8665905	28.8473	0.930908427	2651.653338	12.13868053
48.49	-128.63	1262	0.8665905	30.1618	0.930908427	2651.653338	12.13868053
48.49	-128.64	507	0.8665905	12.1173	0.930908427	2651.653338	12.13868053
48.48	-128.64	508	0.8665905	12.1412	0.930908427	2651.653338	12.13868053
48.48	-128.64	494	0.8665905	11.8066	0.930908427	2651.653338	12.13868053
48.48	-128.64	478	0.8665905	11.4242	0.930908427	2651.653338	12.13868053
48.48	-128.64	449	0.8665905	10.7311	0.930908427	2651.653338	12.13868053
48.48	-128.64	535	0.8665905	12.7865	0.930908427	2651.653338	12.13868053
48.47	-128.64	493	0.8665905	11.7827	0.930908427	2651.653338	12.13868053
48.47	-128.64	552	0.8665905	13.1928	0.930908427	2651.653338	12.13868053
48.47	-128.64	685	0.8665905	16.3715	0.930908427	2651.653338	12.13868053
48.46	-128.64	962	0.8665905	22.9918	0.930908427	2651.653338	12.13868053
48.46	-128.64	6555	0.8665905	156.6645	0.930908427	2651.653338	12.13868053
48.46	-128.64	1294	0.8665905	30.9266	0.930908427	2651.653338	12.13868053
48.45	-128.64	542	0.8665905	12.9538	0.930908427	2651.653338	12.13868053
48.45	-128.64	503	0.8665905	12.0217	0.930908427	2651.653338	12.13868053
48.45	-128.64	480	0.8665905	11.472	0.930908427	2651.653338	12.13868053
48.44	-128.64	479	1.033847	11.4481	1.016782671	2680.923225	11.11348602
48.44	-128.64	504	1.033847	12.0456	1.016782671	2680.923225	11.11348602
48.44	-128.64	475	1.033847	11.3525	1.016782671	2680.923225	11.11348602
48.44	-128.65	467	0.79336768	11.1613	0.890711895	2638.839344	12.68648152
48.44	-128.65	480	0.79336768	11.472	0.890711895	2638.839344	12.68648152
48.43	-128.65	469	0.79336768	11.2091	0.890711895	2638.839344	12.68648152
48.43	-128.65	469	0.79336768	11.2091	0.890711895	2638.839344	12.68648152
48.43	-128.65	565	0.79336768	13.5035	0.890711895	2638.839344	12.68648152
48.43	-128.65	644	0.79336768	15.3916	0.890711895	2638.839344	12.68648152
48.42	-128.65	742	0.79336768	17.7338	0.890711895	2638.839344	12.68648152
48.42	-128.65	712	0.79336768	17.0168	0.890711895	2638.839344	12.68648152
48.42	-128.65	661	0.79336768	15.7979	0.890711895	2638.839344	12.68648152
48.42	-128.65	605	0.79336768	14.4595	0.890711895	2638.839344	12.68648152
48.41	-128.65	518	0.79336768	12.3802	0.890711895	2638.839344	12.68648152
48.41	-128.66	566	0.79336768	13.5274	0.890711895	2638.839344	12.68648152
48.41	-128.66	298	0.79336768	7.1222	0.890711895	2638.839344	12.68648152
48.41	-128.66	496	0.79336768	11.8544	0.890711895	2638.839344	12.68648152
48.43	-128.69	810	0.79336768	19.359	0.890711895	2638.839344	12.68648152
48.43	-128.69	907	0.79336768	21.6773	0.890711895	2638.839344	12.68648152
48.43	-128.69	1134	0.79336768	27.1026	0.890711895	2638.839344	12.68648152
48.43	-128.69	1648	0.79336768	39.3872	0.890711895	2638.839344	12.68648152
48.43	-128.68	3092	0.79336768	73.8988	0.890711895	2638.839344	12.68648152
48.43	-128.68	4714	0.79336768	112.6646	0.890711895	2638.839344	12.68648152
48.43	-128.68	1872	0.79336768	44.7408	0.890711895	2638.839344	12.68648152
48.43	-128.67	1072	0.79336768	25.6208	0.890711895	2638.839344	12.68648152
48.43	-128.66	551	0.79336768	13.1689	0.890711895	2638.839344	12.68648152
48.43	-128.66	502	0.79336768	11.9978	0.890711895	2638.839344	12.68648152
48.42	-128.65	420	0.79336768	10.038	0.890711895	2638.839344	12.68648152
48.42	-128.65	305	0.79336768	7.2895	0.890711895	2638.839344	12.68648152
48.42	-128.59	401	1.033847	9.5839	1.016782671	2680.923225	11.11348602
48.42	-128.6	407	1.033847	9.7273	1.016782671	2680.923225	11.11348602
48.42	-128.6	429	1.033847	10.2531	1.016782671	2680.923225	11.11348602
48.42	-128.6	460	1.033847	10.994	1.016782671	2680.923225	11.11348602
48.42	-128.61	463	1.033847	11.0657	1.016782671	2680.923225	11.11348602
48.42	-128.61	416	1.033847	9.9424	1.016782671	2680.923225	11.11348602
48.42	-128.62	432	1.033847	10.3248	1.016782671	2680.923225	11.11348602
48.42	-128.62	589	1.033847	14.0771	1.016782671	2680.923225	11.11348602
48.42	-128.63	458	1.033847	10.9462	1.016782671	2680.923225	11.11348602
48.42	-128.63	506	1.033847	12.0934	1.016782671	2680.923225	11.11348602
48.42	-128.63	461	1.033847	11.0179	1.016782671	2680.923225	11.11348602
48.42	-128.63	451	1.033847	10.7789	1.016782671	2680.923225	11.11348602
48.42	-128.64	450	1.033847	10.755	1.016782671	2680.923225	11.11348602
48.42	-128.64	411	1.033847	9.8229	1.016782671	2680.923225	11.11348602
48.42	-128.64	354	1.033847	8.4606	1.016782671	2680.923225	11.11348602
48.42	-128.64	365	1.033847	8.7235	1.016782671	2680.923225	11.11348602
48.42	-128.65	276	0.79336768	6.5964	0.890711895	2638.839344	12.68648152
48.42	-128.65	656	0.79336768	15.6784	0.890711895	2638.839344	12.68648152
48.42	-128.65	355	0.79336768	8.4845	0.890711895	2638.839344	12.68648152
48.42	-128.65	558	0.79336768	13.3362	0.890711895	2638.839344	12.68648152
48.42	-128.66	513	0.79336768	12.2607	0.890711895	2638.839344	12.68648152
48.42	-128.66	484	0.79336768	11.5676	0.890711895	2638.839344	12.68648152
48.42	-128.67	471	0.79336768	11.2569	0.890711895	2638.839344	12.68648152
48.42	-128.67	520	0.79336768	12.428	0.890711895	2638.839344	12.68648152
48.42	-128.67	585	0.79336768	13.9815	0.890711895	2638.839344	12.68648152
48.42	-128.68	309	0.79336768	7.3851	0.890711895	2638.839344	12.68648152
48.42	-128.68	926	0.79336768	22.1314	0.890711895	2638.839344	12.68648152
48.43	-128.68	1285	0.79336768	30.7115	0.890711895	2638.839344	12.68648152
48.43	-128.68	1677	0.79336768	40.0803	0.890711895	2638.839344	12.68648152
48.43	-128.68	1877	0.79336768	44.8603	0.890711895	2638.839344	12.68648152
48.43	-128.68	3484	0.79336768	83.2676	0.890711895	2638.839344	12.68648152
48.43	-128.68	4183	0.79336768	99.9737	0.890711895	2638.839344	12.68648152
48.43	-128.68	979	0.79336768	23.3981	0.890711895	2638.839344	12.68648152
48.44	-128.69	845	0.79336768	20.1955	0.890711895	2638.839344	12.68648152
48.44	-128.69	652	0.79336768	15.5828	0.890711895	2638.839344	12.68648152
48.44	-128.69	588	0.79336768	14.0532	0.890711895	2638.839344	12.68648152
48.44	-128.7	584	0.79336768	13.9576	0.890711895	2638.839344	12.68648152
48.44	-128.7	629	0.79336768	15.0331	0.890711895	2638.839344	12.68648152
48.44	-128.7	699	0.79336768	16.7061	0.890711895	2638.839344	12.68648152
48.44	-128.71	819	0.79336768	19.5741	0.890711895	2638.839344	12.68648152
48.44	-128.71	1037	0.79336768	24.7843	0.890711895	2638.839344	12.68648152
48.44	-128.71	999	0.79336768	23.8761	0.890711895	2638.839344	12.68648152
48.44	-128.72	934	0.79336768	22.3226	0.890711895	2638.839344	12.68648152
48.45	-128.71	882	0.59159386	21.0798	0.76915139	2603.528926	14.69151607
48.45	-128.71	1001	0.59159386	23.9239	0.76915139	2603.528926	14.69151607
48.45	-128.71	1113	0.59159386	26.6007	0.76915139	2603.528926	14.69151607
48.45	-128.71	1716	0.59159386	41.0124	0.76915139	2603.528926	14.69151607
48.46	-128.71	5393	0.59159386	128.8927	0.76915139	2603.528926	14.69151607
48.46	-128.71	1866	0.59159386	44.5974	0.76915139	2603.528926	14.69151607
48.46	-128.71	1292	0.59159386	30.8788	0.76915139	2603.528926	14.69151607
48.47	-128.71	1477	0.59159386	35.3003	0.76915139	2603.528926	14.69151607
48.47	-128.7	1708	0.59159386	40.8212	0.76915139	2603.528926	14.69151607
48.47	-128.7	1293	0.59159386	30.9027	0.76915139	2603.528926	14.69151607
48.48	-128.7	1088	0.59159386	26.0032	0.76915139	2603.528926	14.69151607
48.47	-128.66	160	0.59159386	3.824	0.76915139	2603.528926	14.69151607
48.47	-128.66	371	0.59159386	8.8669	0.76915139	2603.528926	14.69151607
48.47	-128.66	379	0.59159386	9.0581	0.76915139	2603.528926	14.69151607
48.46	-128.65	443	0.59159386	10.5877	0.76915139	2603.528926	14.69151607
48.46	-128.65	519	0.59159386	12.4041	0.76915139	2603.528926	14.69151607
48.46	-128.65	697	0.59159386	16.6583	0.76915139	2603.528926	14.69151607
48.46	-128.64	1127	0.8665905	26.9353	0.930908427	2651.653338	12.13868053
48.46	-128.64	2489	0.8665905	59.4871	0.930908427	2651.653338	12.13868053
48.46	-128.64	2421	0.8665905	57.8619	0.930908427	2651.653338	12.13868053
48.46	-128.63	402	0.8665905	9.6078	0.930908427	2651.653338	12.13868053
48.46	-128.63	371	0.8665905	8.8669	0.930908427	2651.653338	12.13868053
48.46	-128.62	421	0.8665905	10.0619	0.930908427	2651.653338	12.13868053
48.46	-128.62	472	0.8665905	11.2808	0.930908427	2651.653338	12.13868053
48.46	-128.62	653	0.8665905	15.6067	0.930908427	2651.653338	12.13868053
48.46	-128.61	1444	0.8665905	34.5116	0.930908427	2651.653338	12.13868053
48.46	-128.61	1460	0.8665905	34.894	0.930908427	2651.653338	12.13868053
48.45	-128.61	541	0.8665905	12.9299	0.930908427	2651.653338	12.13868053
48.45	-128.6	433	0.8665905	10.3487	0.930908427	2651.653338	12.13868053
48.45	-128.6	417	0.8665905	9.9663	0.930908427	2651.653338	12.13868053
48.45	-128.59	460	0.8665905	10.994	0.930908427	2651.653338	12.13868053
48.45	-128.59	433	0.8665905	10.3487	0.930908427	2651.653338	12.13868053
48.46	-128.63	536	0.8665905	12.8104	0.930908427	2651.653338	12.13868053
48.46	-128.63	617	0.8665905	14.7463	0.930908427	2651.653338	12.13868053
48.46	-128.63	1162	0.8665905	27.7718	0.930908427	2651.653338	12.13868053
48.46	-128.63	817	0.8665905	19.5263	0.930908427	2651.653338	12.13868053
48.46	-128.64	860	0.8665905	20.554	0.930908427	2651.653338	12.13868053
48.46	-128.64	706	0.8665905	16.8734	0.930908427	2651.653338	12.13868053
48.46	-128.64	806	0.8665905	19.2634	0.930908427	2651.653338	12.13868053
48.46	-128.64	650	0.8665905	15.535	0.930908427	2651.653338	12.13868053
48.46	-128.65	476	0.59159386	11.3764	0.76915139	2603.528926	14.69151607
48.46	-128.66	323	0.59159386	7.7197	0.76915139	2603.528926	14.69151607
48.46	-128.66	282	0.59159386	6.7398	0.76915139	2603.528926	14.69151607
48.46	-128.67	295	0.59159386	7.0505	0.76915139	2603.528926	14.69151607
48.46	-128.67	323	0.59159386	7.7197	0.76915139	2603.528926	14.69151607
48.46	-128.68	338	0.59159386	8.0782	0.76915139	2603.528926	14.69151607
48.46	-128.68	373	0.59159386	8.9147	0.76915139	2603.528926	14.69151607
48.46	-128.69	405	0.59159386	9.6795	0.76915139	2603.528926	14.69151607
48.46	-128.7	496	0.59159386	11.8544	0.76915139	2603.528926	14.69151607
48.46	-128.7	1247	0.59159386	29.8033	0.76915139	2603.528926	14.69151607
48.46	-128.71	113	0.59159386	2.7007	0.76915139	2603.528926	14.69151607
48.46	-128.71	2440	0.59159386	58.316	0.76915139	2603.528926	14.69151607
48.46	-128.71	6280	0.59159386	150.092	0.76915139	2603.528926	14.69151607
48.46	-128.71	3479	0.59159386	83.1481	0.76915139	2603.528926	14.69151607
48.46	-128.71	39	0.59159386	0.9321	0.76915139	2603.528926	14.69151607
48.46	-128.71	7932	0.59159386	189.5748	0.76915139	2603.528926	14.69151607
48.46	-128.71	2282	0.59159386	54.5398	0.76915139	2603.528926	14.69151607
48.46	-128.72	1228	0.59159386	29.3492	0.76915139	2603.528926	14.69151607
48.46	-128.72	1209	0.59159386	28.8951	0.76915139	2603.528926	14.69151607
48.46	-128.72	1318	0.59159386	31.5002	0.76915139	2603.528926	14.69151607
48.46	-128.72	1033	0.59159386	24.6887	0.76915139	2603.528926	14.69151607
48.46	-128.72	1155	0.59159386	27.6045	0.76915139	2603.528926	14.69151607
48.46	-128.72	1306	0.59159386	31.2134	0.76915139	2603.528926	14.69151607
48.46	-128.71	1538	0.59159386	36.7582	0.76915139	2603.528926	14.69151607
48.46	-128.71	6788	0.59159386	162.2332	0.76915139	2603.528926	14.69151607
48.46	-128.71	2142	0.59159386	51.1938	0.76915139	2603.528926	14.69151607
48.46	-128.71	1643	0.59159386	39.2677	0.76915139	2603.528926	14.69151607
48.46	-128.7	1029	0.59159386	24.5931	0.76915139	2603.528926	14.69151607
48.46	-128.71	1300	0.59159386	31.07	0.76915139	2603.528926	14.69151607
48.46	-128.71	4818	0.59159386	115.1502	0.76915139	2603.528926	14.69151607
48.46	-128.71	7599	0.59159386	181.6161	0.76915139	2603.528926	14.69151607
48.46	-128.71	4106	0.59159386	98.1334	0.76915139	2603.528926	14.69151607
48.46	-128.71	1505	0.59159386	35.9695	0.76915139	2603.528926	14.69151607
48.46	-128.72	1240	0.59159386	29.636	0.76915139	2603.528926	14.69151607
48.46	-128.71	1484	0.59159386	35.4676	0.76915139	2603.528926	14.69151607
48.46	-128.71	1916	0.59159386	45.7924	0.76915139	2603.528926	14.69151607
48.46	-128.71	4434	0.59159386	105.9726	0.76915139	2603.528926	14.69151607
48.46	-128.71	5963	0.59159386	142.5157	0.76915139	2603.528926	14.69151607
48.46	-128.71	2371	0.59159386	56.6669	0.76915139	2603.528926	14.69151607
48.46	-128.71	1615	0.59159386	38.5985	0.76915139	2603.528926	14.69151607
44.65	-130.85	190	1.9146042	4.541	1.383692235	2835.055735	8.166555913
44.48	-129.88	40	0.78107381	0.956	0.883783803	2636.687917	12.78593245
44.63	-130.13	80	0.36031222	1.912	0.600260127	2563.054639	18.82517178
44.62	-130.52	560	0.67423803	13.384	0.821119985	2617.991655	13.7616916
44.65	-130.77	110	1.9146042	2.629	1.383692235	2835.055735	8.166555913
45.87	-130.57	210	2.5964611	5.019	1.61135381	2954.380693	7.012736701
45.8	-130.82	280	3.3465738	6.692	1.829364316	3085.650415	6.177009086
46.2	-130.02	140	1.1109359	3.346	1.05400944	2694.413783	10.7209666
50.07	-132.42	29	7.3883481	0.6931	2.718151596	3792.960918	4.157236857
48.32	-131.63	50	6.8122478	1.195	2.610028314	3692.143365	4.329454949
46.25	-131.98	33	7.888742	0.7887	2.808690442	3880.52985	4.023227277
43.85	-130.92	134	5.6550808	3.2026	2.378041379	3489.63914	4.751809662
42.32	-130.65	21	6.8167458	0.5019	2.610889848	3692.930515	4.328026327
40.6	-130.43	4	6.2645273	0.0956	2.502903774	3596.292278	4.514756068
40.58	-129.37	151	4.2579012	3.6089	2.063468245	3245.13271	5.476217056
38.58	-127.75	25	33.229568	0.5975	5.764509346	8315.1744	1.960270913
46.8	-125.53	85	8.4658957	2.0315	2.90962123	3981.531748	3.883667016
46.8	-125.55	84	8.262826	2.0076	2.874513176	3945.99455	3.931100436
46.8	-125.55	90	8.262826	2.151	2.874513176	3945.99455	3.931100436
46.8	-125.56	94	8.262826	2.2466	2.874513176	3945.99455	3.931100436
46.8	-125.57	102	8.262826	2.4378	2.874513176	3945.99455	3.931100436
46.8	-125.57	117	8.262826	2.7963	2.874513176	3945.99455	3.931100436
46.78	-125.76	84	7.7502818	2.0076	2.783932794	3856.299315	4.059006031
46.79	-125.69	103	8.0188046	2.4617	2.831749389	3903.290805	3.990466122
46.79	-125.71	91	8.0188046	2.1749	2.831749389	3903.290805	3.990466122
46.78	-125.77	86	7.7502818	2.0554	2.783932794	3856.299315	4.059006031
46.79	-125.72	89	8.0188046	2.1271	2.831749389	3903.290805	3.990466122
46.78	-125.78	114	7.7502818	2.7246	2.783932794	3856.299315	4.059006031
46.78	-125.73	86	8.0188046	2.0554	2.831749389	3903.290805	3.990466122
46.78	-125.75	87	7.7502818	2.0793	2.783932794	3856.299315	4.059006031
46.77	-125.92	111	7.4773855	2.6529	2.734480847	3808.542463	4.132411465
46.77	-125.94	113	7.4773855	2.7007	2.734480847	3808.542463	4.132411465
46.77	-125.95	110	7.2581306	2.629	2.694091795	3770.172855	4.194363392
46.76	-125.96	105	7.2581306	2.5095	2.694091795	3770.172855	4.194363392
46.76	-125.98	107	7.2581306	2.5573	2.694091795	3770.172855	4.194363392
46.76	-125.98	105	7.2581306	2.5095	2.694091795	3770.172855	4.194363392
46.76	-125.98	102	7.2581306	2.4378	2.694091795	3770.172855	4.194363392
46.76	-126.04	114	7.2581306	2.7246	2.694091795	3770.172855	4.194363392
46.76	-126.04	108	7.2581306	2.5812	2.694091795	3770.172855	4.194363392
46.76	-126.05	107	7.0691643	2.5573	2.658790007	3737.103753	4.250053585
46.74	-126.23	312	6.8100848	7.4568	2.609613918	3691.76484	4.330142449
46.74	-126.22	182	6.8100848	4.3498	2.609613918	3691.76484	4.330142449
46.74	-126.2	107	6.8100848	2.5573	2.609613918	3691.76484	4.330142449
46.74	-126.19	127	6.8100848	3.0353	2.609613918	3691.76484	4.330142449
46.74	-126.18	116	6.8100848	2.7724	2.609613918	3691.76484	4.330142449
46.75	-126.16	116	6.8100848	2.7724	2.609613918	3691.76484	4.330142449
46.74	-126.18	119	6.8100848	2.8441	2.609613918	3691.76484	4.330142449
46.74	-126.2	135	6.8100848	3.2265	2.609613918	3691.76484	4.330142449
46.74	-126.21	153	6.8100848	3.6567	2.609613918	3691.76484	4.330142449
46.74	-126.21	160	6.8100848	3.824	2.609613918	3691.76484	4.330142449
46.74	-126.22	255	6.8100848	6.0945	2.609613918	3691.76484	4.330142449
46.74	-126.24	424	6.8100848	10.1336	2.609613918	3691.76484	4.330142449
46.74	-126.24	438	6.8100848	10.4682	2.609613918	3691.76484	4.330142449
46.74	-126.25	401	6.8100848	9.5839	2.609613918	3691.76484	4.330142449
46.68	-126.14	109	7.0371647	2.6051	2.652765482	3731.503823	4.259705609
46.68	-126.15	111	6.8100848	2.6529	2.609613918	3691.76484	4.330142449
46.68	-126.16	122	6.8100848	2.9158	2.609613918	3691.76484	4.330142449
46.67	-126.18	115	6.8100848	2.7485	2.609613918	3691.76484	4.330142449
46.67	-126.19	124	6.8100848	2.9636	2.609613918	3691.76484	4.330142449
46.67	-126.2	126	6.8100848	3.0114	2.609613918	3691.76484	4.330142449
39.02	-120.07	41	16.215477	0.9799	4.026844546	5337.708475	2.806167427
39.05	-120	65	16.215477	1.5535	4.026844546	5337.708475	2.806167427
39.05	-120.03	93	16.215477	2.2227	4.026844546	5337.708475	2.806167427
39.12	-120.02	92	16.215477	2.1988	4.026844546	5337.708475	2.806167427
39.17	-120	67	16.215477	1.6013	4.026844546	5337.708475	2.806167427
39.2	-119.98	48	16.215477	1.1472	4.026844546	5337.708475	2.806167427
39.2	-119.98	48	16.215477	1.1472	4.026844546	5337.708475	2.806167427
39.15	-120.02	70	16.215477	1.673	4.026844546	5337.708475	2.806167427
39.07	-120.03	63	16.215477	1.5057	4.026844546	5337.708475	2.806167427
39.07	-120.03	63	16.215477	1.5057	4.026844546	5337.708475	2.806167427
39.1	-120.07	70	16.215477	1.673	4.026844546	5337.708475	2.806167427
43.52	-119.72	104	9.5357075	2.4856	3.08799409	4168.748813	3.659333428
43.48	-119.54	75	9.5357075	1.7925	3.08799409	4168.748813	3.659333428
43.48	-119.54	75	9.5357075	1.7925	3.08799409	4168.748813	3.659333428
43.3	-119.15	75	9.4671307	1.7925	3.076870277	4156.747873	3.672563021
43.22	-119.25	87	9.2272873	2.0793	3.037645025	4114.775278	3.719986998
43.35	-119.12	46	9.4671307	1.0994	3.076870277	4156.747873	3.672563021
43.44	-119.02	41	9.5350513	0.9799	3.087887838	4168.633978	3.659459343
43.58	-119.41	62	9.5827484	1.4818	3.09560146	4176.98097	3.6503407
43.48	-119.54	142	9.5357075	3.3938	3.08799409	4168.748813	3.659333428
43.48	-119.54	146	9.5357075	3.4894	3.08799409	4168.748813	3.659333428
43.43	-119.62	96	9.5350513	2.2944	3.087887838	4168.633978	3.659459343
43.31	-119.76	33	9.4671307	0.7887	3.076870277	4156.747873	3.672563021
43.19	-119.89	83	9.2272873	1.9837	3.037645025	4114.775278	3.719986998
43.31	-119.78	79	9.4671307	1.8881	3.076870277	4156.747873	3.672563021
43.66	-119.94	62	9.5827484	1.4818	3.09560146	4176.98097	3.6503407
43.51	-120.04	121	9.5357075	2.8919	3.08799409	4168.748813	3.659333428
43.49	-120.1	79	9.5357075	1.8881	3.08799409	4168.748813	3.659333428
43.77	-120.38	87	9.5827484	2.0793	3.09560146	4176.98097	3.6503407
43.77	-120.38	87	9.5827484	2.0793	3.09560146	4176.98097	3.6503407
43.86	-120.26	75	9.8749847	1.7925	3.142448838	4228.122323	3.59592171
45.21	-119.34	79	9.5008411	1.8881	3.082343443	4162.647193	3.666041831
43.21	-119.04	125	9.2272873	2.9875	3.037645025	4114.775278	3.719986998
52.22	-132.15	270	6.5335484	6.453	2.556080672	3643.37097	4.420830737
52.22	-132.14	265	6.103384	6.3335	2.470502783	3568.0922	4.573967728
52.27	-132.1	144	6.1315002	3.4416	2.476186625	3573.012535	4.563468637
52.27	-132.09	134	6.1315002	3.2026	2.476186625	3573.012535	4.563468637
52.27	-132.09	139	6.1315002	3.3221	2.476186625	3573.012535	4.563468637
52.54	-132.31	74	7.263514	1.7686	2.695090722	3771.11495	4.192808764
52.54	-132.31	69	7.263514	1.6491	2.695090722	3771.11495	4.192808764
52.55	-132.3	56	7.263514	1.3384	2.695090722	3771.11495	4.192808764
52.58	-132.27	67	7.263514	1.6013	2.695090722	3771.11495	4.192808764
52.61	-132.16	66	7.0473046	1.5774	2.654675988	3733.278305	4.256640001
52.41	-131.94	77	5.7069907	1.8403	2.38893087	3498.723373	4.730149434
52.17	-131.72	66	4.5949821	1.5774	2.143590936	3304.121868	5.271528169
52.16	-131.77	80	5.1155453	1.912	2.261757127	3395.220428	4.996115572
52.34	-131.99	77	5.8991323	1.8403	2.428812941	3532.348153	4.652478506
52.34	-131.99	84	5.8991323	2.0076	2.428812941	3532.348153	4.652478506
52.16	-132.03	247	5.6060786	5.9033	2.367715904	3481.063755	4.772532035
52.33	-131.99	111	5.8991323	2.6529	2.428812941	3532.348153	4.652478506
51.97	-131.53	104	3.7449136	2.4856	1.935177925	3155.35988	5.839256358
51.95	-131.55	128	3.8910007	3.0592	1.972561964	3180.925123	5.728590639
51.8	-131.25	98	2.4903505	2.3422	1.57808444	2935.811338	7.160580076
50.83	-124.89	46	7.2214351	1.0994	2.6872728	3763.751143	4.205006653
50.83	-124.89	46	7.2214351	1.0994	2.6872728	3763.751143	4.205006653
50.83	-124.89	46	7.2214351	1.0994	2.6872728	3763.751143	4.205006653
50.83	-124.89	46	7.2214351	1.0994	2.6872728	3763.751143	4.205006653
50.83	-124.89	46	7.2214351	1.0994	2.6872728	3763.751143	4.205006653
50.83	-124.89	46	7.2214351	1.0994	2.6872728	3763.751143	4.205006653
50.83	-124.89	46	7.2214351	1.0994	2.6872728	3763.751143	4.205006653
50.09	-124.81	38	7.2320395	0.9082	2.689245154	3765.606913	4.201922603
50.09	-124.81	38	7.2320395	0.9082	2.689245154	3765.606913	4.201922603
50.09	-124.81	38	7.2320395	0.9082	2.689245154	3765.606913	4.201922603
50.09	-124.81	38	7.2320395	0.9082	2.689245154	3765.606913	4.201922603
50.09	-124.81	38	7.2320395	0.9082	2.689245154	3765.606913	4.201922603
50.09	-124.81	38	7.2320395	0.9082	2.689245154	3765.606913	4.201922603
50.09	-124.81	38	7.2320395	0.9082	2.689245154	3765.606913	4.201922603
50.09	-124.81	38	7.2320395	0.9082	2.689245154	3765.606913	4.201922603
49.88	-124.06	33	7.9011574	0.7887	2.810899749	3882.702545	4.020065107
49.88	-124.06	33	7.9011574	0.7887	2.810899749	3882.702545	4.020065107
49.88	-124.06	33	7.9011574	0.7887	2.810899749	3882.702545	4.020065107
49.88	-124.06	33	7.9011574	0.7887	2.810899749	3882.702545	4.020065107
49.88	-124.06	33	7.9011574	0.7887	2.810899749	3882.702545	4.020065107
49.88	-124.06	33	7.9011574	0.7887	2.810899749	3882.702545	4.020065107
49.88	-124.06	33	7.9011574	0.7887	2.810899749	3882.702545	4.020065107
49.88	-124.06	33	7.9011574	0.7887	2.810899749	3882.702545	4.020065107
49.87	-124.05	33	7.9011574	0.7887	2.810899749	3882.702545	4.020065107
49.87	-124.05	33	7.9011574	0.7887	2.810899749	3882.702545	4.020065107
49.87	-124.05	33	7.9011574	0.7887	2.810899749	3882.702545	4.020065107
49.87	-124.05	33	7.9011574	0.7887	2.810899749	3882.702545	4.020065107
49.87	-124.05	33	7.9011574	0.7887	2.810899749	3882.702545	4.020065107
49.87	-124.05	33	7.9011574	0.7887	2.810899749	3882.702545	4.020065107
49.87	-124.05	33	7.9011574	0.7887	2.810899749	3882.702545	4.020065107
49.87	-124.05	33	7.9011574	0.7887	2.810899749	3882.702545	4.020065107
49.42	-123.4	38	8.9942894	0.9082	2.999048082	4074.000645	3.767862232
49.42	-123.4	38	8.9942894	0.9082	2.999048082	4074.000645	3.767862232
49.42	-123.4	38	8.9942894	0.9082	2.999048082	4074.000645	3.767862232
49.42	-123.4	38	8.9942894	0.9082	2.999048082	4074.000645	3.767862232
49.42	-123.4	38	8.9942894	0.9082	2.999048082	4074.000645	3.767862232
49.42	-123.4	38	8.9942894	0.9082	2.999048082	4074.000645	3.767862232
49.42	-123.4	38	8.9942894	0.9082	2.999048082	4074.000645	3.767862232
49.41	-122.87	63	8.9942894	1.5057	2.999048082	4074.000645	3.767862232
49.41	-122.87	63	8.9942894	1.5057	2.999048082	4074.000645	3.767862232
49.41	-122.87	63	8.9942894	1.5057	2.999048082	4074.000645	3.767862232
49.41	-122.87	63	8.9942894	1.5057	2.999048082	4074.000645	3.767862232
49.41	-122.87	63	8.9942894	1.5057	2.999048082	4074.000645	3.767862232
49.41	-122.87	63	8.9942894	1.5057	2.999048082	4074.000645	3.767862232
49.41	-122.87	63	8.9942894	1.5057	2.999048082	4074.000645	3.767862232
49.39	-122.88	42	8.9942894	1.0038	2.999048082	4074.000645	3.767862232
49.39	-122.88	42	8.9942894	1.0038	2.999048082	4074.000645	3.767862232
49.39	-122.88	42	8.9942894	1.0038	2.999048082	4074.000645	3.767862232
49.39	-122.88	42	8.9942894	1.0038	2.999048082	4074.000645	3.767862232
49.39	-122.88	42	8.9942894	1.0038	2.999048082	4074.000645	3.767862232
49.39	-122.88	42	8.9942894	1.0038	2.999048082	4074.000645	3.767862232
49.39	-122.88	42	8.9942894	1.0038	2.999048082	4074.000645	3.767862232
49.99	-123.99	42	7.9011574	1.0038	2.810899749	3882.702545	4.020065107
49.99	-123.99	42	7.9011574	1.0038	2.810899749	3882.702545	4.020065107
49.99	-123.99	42	7.9011574	1.0038	2.810899749	3882.702545	4.020065107
49.99	-123.99	42	7.9011574	1.0038	2.810899749	3882.702545	4.020065107
49.99	-123.99	42	7.9011574	1.0038	2.810899749	3882.702545	4.020065107
49.99	-123.99	42	7.9011574	1.0038	2.810899749	3882.702545	4.020065107
49.99	-123.99	42	7.9011574	1.0038	2.810899749	3882.702545	4.020065107
49.99	-123.99	42	7.9011574	1.0038	2.810899749	3882.702545	4.020065107
50.01	-123.94	38	7.9011574	0.9082	2.810899749	3882.702545	4.020065107
50.01	-123.94	38	7.9011574	0.9082	2.810899749	3882.702545	4.020065107
50.01	-123.94	38	7.9011574	0.9082	2.810899749	3882.702545	4.020065107
50.01	-123.94	38	7.9011574	0.9082	2.810899749	3882.702545	4.020065107
50.01	-123.94	38	7.9011574	0.9082	2.810899749	3882.702545	4.020065107
50.01	-123.94	38	7.9011574	0.9082	2.810899749	3882.702545	4.020065107
50.01	-123.94	38	7.9011574	0.9082	2.810899749	3882.702545	4.020065107
50.01	-123.94	38	7.9011574	0.9082	2.810899749	3882.702545	4.020065107
50.07	-123.8	42	7.9011574	1.0038	2.810899749	3882.702545	4.020065107
50.07	-123.8	42	7.9011574	1.0038	2.810899749	3882.702545	4.020065107
50.07	-123.8	42	7.9011574	1.0038	2.810899749	3882.702545	4.020065107
50.07	-123.8	42	7.9011574	1.0038	2.810899749	3882.702545	4.020065107
50.07	-123.8	42	7.9011574	1.0038	2.810899749	3882.702545	4.020065107
50.07	-123.8	42	7.9011574	1.0038	2.810899749	3882.702545	4.020065107
50.07	-123.8	42	7.9011574	1.0038	2.810899749	3882.702545	4.020065107
50.07	-123.8	42	7.9011574	1.0038	2.810899749	3882.702545	4.020065107
50.15	-123.85	63	7.9011574	1.5057	2.810899749	3882.702545	4.020065107
50.15	-123.85	63	7.9011574	1.5057	2.810899749	3882.702545	4.020065107
50.15	-123.85	63	7.9011574	1.5057	2.810899749	3882.702545	4.020065107
50.15	-123.85	63	7.9011574	1.5057	2.810899749	3882.702545	4.020065107
50.15	-123.85	63	7.9011574	1.5057	2.810899749	3882.702545	4.020065107
50.15	-123.85	63	7.9011574	1.5057	2.810899749	3882.702545	4.020065107
50.15	-123.85	63	7.9011574	1.5057	2.810899749	3882.702545	4.020065107
50.15	-123.85	63	7.9011574	1.5057	2.810899749	3882.702545	4.020065107
49.8	-124.04	46	7.9011574	1.0994	2.810899749	3882.702545	4.020065107
49.8	-124.04	46	7.9011574	1.0994	2.810899749	3882.702545	4.020065107
49.8	-124.04	46	7.9011574	1.0994	2.810899749	3882.702545	4.020065107
49.8	-124.04	46	7.9011574	1.0994	2.810899749	3882.702545	4.020065107
49.8	-124.04	46	7.9011574	1.0994	2.810899749	3882.702545	4.020065107
49.8	-124.04	46	7.9011574	1.0994	2.810899749	3882.702545	4.020065107
49.8	-124.04	46	7.9011574	1.0994	2.810899749	3882.702545	4.020065107
49.8	-124.04	46	7.9011574	1.0994	2.810899749	3882.702545	4.020065107
49.94	-124.53	29	7.1700683	0.6931	2.677698321	3754.761953	4.220042232
49.94	-124.53	29	7.1700683	0.6931	2.677698321	3754.761953	4.220042232
49.94	-124.53	29	7.1700683	0.6931	2.677698321	3754.761953	4.220042232
49.94	-124.53	29	7.1700683	0.6931	2.677698321	3754.761953	4.220042232
49.94	-124.53	29	7.1700683	0.6931	2.677698321	3754.761953	4.220042232
49.94	-124.53	29	7.1700683	0.6931	2.677698321	3754.761953	4.220042232
49.94	-124.53	29	7.1700683	0.6931	2.677698321	3754.761953	4.220042232
49.94	-124.53	29	7.1700683	0.6931	2.677698321	3754.761953	4.220042232
49.94	-124.53	25	7.1700683	0.5975	2.677698321	3754.761953	4.220042232
49.94	-124.53	25	7.1700683	0.5975	2.677698321	3754.761953	4.220042232
49.94	-124.53	25	7.1700683	0.5975	2.677698321	3754.761953	4.220042232
49.94	-124.53	25	7.1700683	0.5975	2.677698321	3754.761953	4.220042232
49.94	-124.53	25	7.1700683	0.5975	2.677698321	3754.761953	4.220042232
49.94	-124.53	25	7.1700683	0.5975	2.677698321	3754.761953	4.220042232
49.94	-124.53	25	7.1700683	0.5975	2.677698321	3754.761953	4.220042232
49.94	-124.53	25	7.1700683	0.5975	2.677698321	3754.761953	4.220042232
48.59	-123.5	21	8.9942894	0.5019	2.999048082	4074.000645	3.767862232
48.59	-123.5	21	8.9942894	0.5019	2.999048082	4074.000645	3.767862232
48.59	-123.5	21	8.9942894	0.5019	2.999048082	4074.000645	3.767862232
48.59	-123.5	21	8.9942894	0.5019	2.999048082	4074.000645	3.767862232
48.59	-123.5	21	8.9942894	0.5019	2.999048082	4074.000645	3.767862232
48.59	-123.5	21	8.9942894	0.5019	2.999048082	4074.000645	3.767862232
48.59	-123.5	21	8.9942894	0.5019	2.999048082	4074.000645	3.767862232
48.59	-123.5	21	8.9942894	0.5019	2.999048082	4074.000645	3.767862232
49.67	-130.11	96.37	0.59459901	2.303243	0.771102464	2604.054827	14.65434301
49.64	-130.04	326.82	0.81696123	7.810998	0.903859076	2642.968215	12.50194892
49.64	-130.04	342.74	0.81696123	8.191486	0.903859076	2642.968215	12.50194892
49.64	-130.03	392.6	0.81696123	9.38314	0.903859076	2642.968215	12.50194892
49.63	-130.02	274.03	0.81696123	6.549317	0.903859076	2642.968215	12.50194892
49.63	-130.02	291.62	0.81696123	6.969718	0.903859076	2642.968215	12.50194892
49.63	-130.01	343.58	0.81696123	8.211562	0.903859076	2642.968215	12.50194892
49.63	-130.01	320.54	0.81696123	7.660906	0.903859076	2642.968215	12.50194892
49.62	-129.99	267.74	0.81696123	6.398986	0.903859076	2642.968215	12.50194892
49.62	-129.99	188.13	0.81696123	4.496307	0.903859076	2642.968215	12.50194892
49.67	-130.1	49.44	0.59459901	1.181616	0.771102464	2604.054827	14.65434301
49.62	-129.98	81.29	0.81696123	1.942831	0.903859076	2642.968215	12.50194892
49.61	-129.98	236.32	0.81696123	5.648048	0.903859076	2642.968215	12.50194892
49.61	-129.98	366.63	0.81696123	8.762457	0.903859076	2642.968215	12.50194892
49.61	-129.97	193.58	0.81696123	4.626562	0.903859076	2642.968215	12.50194892
49.61	-129.97	100.14	0.81696123	2.393346	0.903859076	2642.968215	12.50194892
49.61	-129.96	124.02	0.81696123	2.964078	0.903859076	2642.968215	12.50194892
49.6	-129.96	272.35	0.81696123	6.509165	0.903859076	2642.968215	12.50194892
49.6	-129.95	382.55	1.0505846	9.142945	1.024980292	2683.852305	11.02460221
49.6	-129.95	389.67	1.0505846	9.313113	1.024980292	2683.852305	11.02460221
49.67	-130.09	151.68	0.59459901	3.625152	0.771102464	2604.054827	14.65434301
49.66	-130.08	160.06	0.59459901	3.825434	0.771102464	2604.054827	14.65434301
49.66	-130.07	105.59	0.59459901	2.523601	0.771102464	2604.054827	14.65434301
49.65	-130.06	533.39	0.68830746	12.748021	0.829642971	2620.453806	13.62031668
49.65	-130.05	280.73	0.68830746	6.709447	0.829642971	2620.453806	13.62031668
49.89	-128.3	71.23	3.5512867	1.702397	1.884485792	3121.475173	5.996330696
50.26	-128.82	58.66	2.7159307	1.401974	1.648008101	2975.287873	6.856762412
50.48	-129.53	79.61	1.2588239	1.902679	1.121973217	2720.294183	10.07154166
50.18	-129.38	87.99	1.5338509	2.102961	1.238487343	2768.423908	9.124033491
50.45	-129.81	104.75	1.0826941	2.503525	1.040525877	2689.471468	10.8598933
50.9	-130.87	129.89	0.62095869	3.104371	0.788009321	2608.667771	14.3399319
48.46	-128.68	347.77	0.59159386	8.311703	0.76915139	2603.528926	14.69151607
48.46	-128.62	457.55	0.8665905	10.935445	0.930908427	2651.653338	12.13868053
48.46	-128.61	1358.82	0.8665905	32.475798	0.930908427	2651.653338	12.13868053
48.46	-128.58	395.96	0.8665905	9.463444	0.930908427	2651.653338	12.13868053
48.46	-128.58	155.03	0.8665905	3.705217	0.930908427	2651.653338	12.13868053
48.46	-128.57	333.11	0.8665905	7.961329	0.930908427	2651.653338	12.13868053
48.46	-128.55	145.39	0.8665905	3.474821	0.930908427	2651.653338	12.13868053
48.46	-128.55	155.03	0.8665905	3.705217	0.930908427	2651.653338	12.13868053
48.46	-128.54	133.66	1.1157724	3.194474	1.056301283	2695.26017	10.69770546
48.46	-128.53	232.96	1.1157724	5.567744	1.056301283	2695.26017	10.69770546
48.46	-128.67	169.7	0.59159386	4.05583	0.76915139	2603.528926	14.69151607
48.46	-128.51	173.47	1.1157724	4.145933	1.056301283	2695.26017	10.69770546
48.46	-128.5	334.36	1.1157724	7.991204	1.056301283	2695.26017	10.69770546
48.46	-128.49	389.25	1.1157724	9.303075	1.056301283	2695.26017	10.69770546
48.46	-128.49	136.59	1.1157724	3.264501	1.056301283	2695.26017	10.69770546
48.46	-128.48	144.56	1.1157724	3.454984	1.056301283	2695.26017	10.69770546
48.46	-128.48	154.19	1.1157724	3.685141	1.056301283	2695.26017	10.69770546
48.46	-128.47	183.94	1.1157724	4.396166	1.056301283	2695.26017	10.69770546
48.47	-128.47	183.94	1.1157724	4.396166	1.056301283	2695.26017	10.69770546
48.46	-128.66	185.2	0.59159386	4.42628	0.76915139	2603.528926	14.69151607
48.47	-128.46	338.13	1.1157724	8.081307	1.056301283	2695.26017	10.69770546
48.46	-128.66	376.68	0.59159386	9.002652	0.76915139	2603.528926	14.69151607
48.46	-128.65	229.19	0.59159386	5.477641	0.76915139	2603.528926	14.69151607
48.46	-128.65	526.26	0.59159386	12.577614	0.76915139	2603.528926	14.69151607
48.46	-128.64	511.6	0.8665905	12.22724	0.930908427	2651.653338	12.13868053
48.46	-128.63	209.08	0.8665905	4.997012	0.930908427	2651.653338	12.13868053
48.46	-128.63	303.36	0.8665905	7.250304	0.930908427	2651.653338	12.13868053
50.68	-131.01	16.34	1.8958869	0.390526	1.376912089	2831.780208	8.206769403
50.73	-131.12	24.72	2.265857	0.590808	1.505276387	2896.524975	7.506927034
50.73	-131.11	23.46	2.265857	0.560694	1.505276387	2896.524975	7.506927034
50.73	-131.09	40.64	2.265857	0.971296	1.505276387	2896.524975	7.506927034
50.73	-131.08	64.95	2.265857	1.552305	1.505276387	2896.524975	7.506927034
50.47	-130.28	243.44	0.06584172	5.818216	0.256596415	2511.522301	44.03802764
50.47	-130.27	146.65	0.06584172	3.504935	0.256596415	2511.522301	44.03802764
50.48	-130.26	152.94	0.06584172	3.655266	0.256596415	2511.522301	44.03802764
50.14	-130.45	440.37	0.64635819	10.524843	0.803964048	2613.112683	14.05535488
50.11	-130.4	269.42	0.64635819	6.439138	0.803964048	2613.112683	14.05535488
50.13	-130.45	724.03	0.64635819	17.304317	0.803964048	2613.112683	14.05535488
50.13	-130.44	386.32	0.64635819	9.233048	0.803964048	2613.112683	14.05535488
50.13	-130.44	739.95	0.64635819	17.684805	0.803964048	2613.112683	14.05535488
50.13	-130.44	704.34	0.64635819	16.833726	0.803964048	2613.112683	14.05535488
50.12	-130.42	381.71	0.64635819	9.122869	0.803964048	2613.112683	14.05535488
50.12	-130.42	258.1	0.64635819	6.16859	0.803964048	2613.112683	14.05535488
50.11	-130.41	217.88	0.64635819	5.207332	0.803964048	2613.112683	14.05535488
51.27	-131.01	196.93	0.12469516	4.706627	0.353122019	2521.821653	32.00027018
51.61	-130.85	171.79	0.98918939	4.105781	0.994580007	2673.108143	11.36157968
51.38	-130.76	205.31	0.051265415	4.906909	0.226418672	2508.971448	49.90754474
51.5	-130.61	159.22	0.3799772	3.805358	0.616422907	2566.49601	18.33157054
51.23	-130.54	347.77	0.91700733	8.311703	0.957604997	2660.476283	11.80027259
53.5	-130.61	159	4.3941827	3.8001	2.096230593	3268.981973	5.390628319
52.34	-130.61	50	2.2681541	1.195	1.506039209	2896.926968	7.503124706
51.92	-129.97	45	0.54942942	1.0755	0.741235064	2596.150149	15.24482657
52.41	-130.79	59	2.2681541	1.4101	1.506039209	2896.926968	7.503124706
51.59	-129.35	47	1.3081136	1.1233	1.14372794	2728.91988	9.879971983
51.58	-130.29	84	0.54942942	2.0076	0.741235064	2596.150149	15.24482657
51.51	-130.34	95	0.54942942	2.2705	0.741235064	2596.150149	15.24482657
51.58	-130.35	75	0.54942942	1.7925	0.741235064	2596.150149	15.24482657
51.54	-130.29	91	0.54942942	2.1749	0.741235064	2596.150149	15.24482657
51.53	-130.27	85	0.54942942	2.0315	0.741235064	2596.150149	15.24482657
51.55	-130.19	84	0.89558804	2.0076	0.946355134	2656.727907	11.94054916
51.44	-130.43	71	0.54942942	1.6969	0.741235064	2596.150149	15.24482657
51.42	-130.22	108	0.89558804	2.5812	0.946355134	2656.727907	11.94054916
51.38	-130.12	83	1.238132	1.9837	1.1127138	2716.6731	10.15535172
53.56	-131.43	60	7.0473046	1.434	2.654675988	3733.278305	4.256640001
52.79	-130.97	78	4.3941827	1.8642	2.096230593	3268.981973	5.390628319
52.76	-132.05	47	7.0473046	1.1233	2.654675988	3733.278305	4.256640001
52.76	-132.05	43	7.0473046	1.0277	2.654675988	3733.278305	4.256640001
53.32	-131.34	69	5.7069907	1.6491	2.38893087	3498.723373	4.730149434
44.44	-122.12	113	9.8749847	2.7007	3.142448838	4228.122323	3.59592171
44.44	-122.12	113	9.8749847	2.7007	3.142448838	4228.122323	3.59592171
45.12	-122.16	95	9.68153	2.2705	3.111515708	4194.26775	3.631670562
44.55	-122.03	82	9.8749847	1.9598	3.142448838	4228.122323	3.59592171
44.56	-122.03	109	9.8749847	2.6051	3.142448838	4228.122323	3.59592171
44.9	-122.01	109	9.8163719	2.6051	3.133108983	4217.865083	3.606641218
49.33	-119.63	77.93	9.2849312	1.862527	3.047118508	4124.86296	3.70842157
49.33	-119.63	77.93	9.2849312	1.862527	3.047118508	4124.86296	3.70842157
49.33	-119.63	77.93	9.2849312	1.862527	3.047118508	4124.86296	3.70842157
48.02	-129.2	25	0.28132188	0.5975	0.530397851	2549.231329	21.30476205
48.02	-129.2	204	0.28132188	4.8756	0.530397851	2549.231329	21.30476205
48.02	-129.2	202	0.28132188	4.8278	0.530397851	2549.231329	21.30476205
48.02	-129.2	348	0.28132188	8.3172	0.530397851	2549.231329	21.30476205
48.02	-129.2	355	0.28132188	8.4845	0.530397851	2549.231329	21.30476205
48.01	-129.16	335	0.28132188	8.0065	0.530397851	2549.231329	21.30476205
48.01	-129.16	383	0.28132188	9.1537	0.530397851	2549.231329	21.30476205
48.01	-129.16	1675	0.28132188	40.0325	0.530397851	2549.231329	21.30476205
48	-129.15	302	0.28132188	7.2178	0.530397851	2549.231329	21.30476205
48	-129.15	354	0.28132188	8.4606	0.530397851	2549.231329	21.30476205
48	-129.15	314	0.28132188	7.5046	0.530397851	2549.231329	21.30476205
48	-129.15	177	0.28132188	4.2303	0.530397851	2549.231329	21.30476205
48	-129.15	115	0.28132188	2.7485	0.530397851	2549.231329	21.30476205
48	-129.15	225	0.28132188	5.3775	0.530397851	2549.231329	21.30476205
47.99	-129.26	252	0.55420947	6.0228	0.744452463	2596.986657	15.17894098
47.99	-129.26	797	0.55420947	19.0483	0.744452463	2596.986657	15.17894098
47.99	-129.26	363	0.55420947	8.6757	0.744452463	2596.986657	15.17894098
47.99	-129.26	239	0.55420947	5.7121	0.744452463	2596.986657	15.17894098
48	-129.3	270	0.55420947	6.453	0.744452463	2596.986657	15.17894098
48	-129.3	442	0.55420947	10.5638	0.744452463	2596.986657	15.17894098
48	-129.3	516	0.55420947	12.3324	0.744452463	2596.986657	15.17894098
48.05	-129.38	179	0.81750041	4.2781	0.904157293	2643.062572	12.49782542
48.05	-129.38	337	0.81750041	8.0543	0.904157293	2643.062572	12.49782542
48.01	-129.16	705	0.28132188	16.8495	0.530397851	2549.231329	21.30476205
47.95	-129.1	1789.8	0.02951305	42.77622	0.171793626	2505.164784	65.77659632
47.95	-129.1	42.4	0.02951305	1.01336	0.171793626	2505.164784	65.77659632
47.95	-129.1	53	0.02951305	1.2667	0.171793626	2505.164784	65.77659632
47.95	-129.1	95.3	0.02951305	2.27767	0.171793626	2505.164784	65.77659632
47.95	-129.1	275.4	0.02951305	6.58206	0.171793626	2505.164784	65.77659632
47.95	-129.1	16244.8	0.02951305	388.25072	0.171793626	2505.164784	65.77659632
47.95	-129.1	262.1	0.02951305	6.26419	0.171793626	2505.164784	65.77659632
47.95	-129.1	217.1	0.02951305	5.18869	0.171793626	2505.164784	65.77659632
47.95	-129.09	264.8	0.02951305	6.32872	0.171793626	2505.164784	65.77659632
47.95	-129.1	211.8	0.02951305	5.06202	0.171793626	2505.164784	65.77659632
47.95	-129.09	206.5	0.02951305	4.93535	0.171793626	2505.164784	65.77659632
47.95	-129.1	502	0.02951305	11.9978	0.171793626	2505.164784	65.77659632
47.95	-129.1	95.3	0.02951305	2.27767	0.171793626	2505.164784	65.77659632
47.95	-129.09	57.2	0.02951305	1.36708	0.171793626	2505.164784	65.77659632
47.95	-129.09	-38.1	0.02951305	-0.91059	0.171793626	2505.164784	65.77659632
47.95	-129.1	-6.4	0.02951305	-0.15296	0.171793626	2505.164784	65.77659632
47.95	-129.08	688.4	0.02951305	16.45276	0.171793626	2505.164784	65.77659632
47.95	-129.1	-31.8	0.02951305	-0.76002	0.171793626	2505.164784	65.77659632
47.95	-129.1	1563.2	0.02951305	37.36048	0.171793626	2505.164784	65.77659632
47.95	-129.1	-42.4	0.02951305	-1.01336	0.171793626	2505.164784	65.77659632
47.95	-129.1	180	0.02951305	4.302	0.171793626	2505.164784	65.77659632
47.95	-129.1	145.1	0.02951305	3.46789	0.171793626	2505.164784	65.77659632
47.95	-129.1	116.5	0.02951305	2.78435	0.171793626	2505.164784	65.77659632
47.95	-129.09	116.5	0.02951305	2.78435	0.171793626	2505.164784	65.77659632
47.95	-129.09	-63.5	0.02951305	-1.51765	0.171793626	2505.164784	65.77659632
47.95	-129.1	195.9	0.02951305	4.68201	0.171793626	2505.164784	65.77659632
47.95	-129.1	95.3	0.02951305	2.27767	0.171793626	2505.164784	65.77659632
47.95	-129.1	995.5	0.02951305	23.79245	0.171793626	2505.164784	65.77659632
47.95	-129.1	243.6	0.02951305	5.82204	0.171793626	2505.164784	65.77659632
47.95	-129.1	6576.7	0.02951305	157.18313	0.171793626	2505.164784	65.77659632
47.95	-129.1	95.3	0.02951305	2.27767	0.171793626	2505.164784	65.77659632
47.95	-129.09	-169.4	0.02951305	-4.04866	0.171793626	2505.164784	65.77659632
47.95	-129.09	201.2	0.02951305	4.80868	0.171793626	2505.164784	65.77659632
47.95	-129.1	699	0.02951305	16.7061	0.171793626	2505.164784	65.77659632
47.95	-129.1	243.6	0.02951305	5.82204	0.171793626	2505.164784	65.77659632
47.95	-129.1	148.3	0.02951305	3.54437	0.171793626	2505.164784	65.77659632
47.95	-129.1	5422.4	0.02951305	129.59536	0.171793626	2505.164784	65.77659632
47.95	-129.1	116.5	0.02951305	2.78435	0.171793626	2505.164784	65.77659632
47.95	-129.09	-10.6	0.02951305	-0.25334	0.171793626	2505.164784	65.77659632
47.95	-129.09	-182.2	0.02951305	-4.35458	0.171793626	2505.164784	65.77659632
47.95	-129.1	10.6	0.02951305	0.25334	0.171793626	2505.164784	65.77659632
47.95	-129.1	-53	0.02951305	-1.2667	0.171793626	2505.164784	65.77659632
46.52	-129.58	2250	0.30251956	53.775	0.550017782	2552.940923	20.54479033
46.52	-129.58	245	0.30251956	5.8555	0.550017782	2552.940923	20.54479033
46.53	-129.58	3	0.30251956	0.0717	0.550017782	2552.940923	20.54479033
46.53	-129.58	16	0.30251956	0.3824	0.550017782	2552.940923	20.54479033
46.53	-129.57	8	0.30251956	0.1912	0.550017782	2552.940923	20.54479033
46.53	-129.57	18	0.30251956	0.4302	0.550017782	2552.940923	20.54479033
46.31	-129.72	14	0.39045012	0.3346	0.62486008	2568.328771	18.0840485
46.31	-129.71	14	0.39045012	0.3346	0.62486008	2568.328771	18.0840485
46.31	-129.71	30	0.39045012	0.717	0.62486008	2568.328771	18.0840485
46.31	-129.72	22	0.39045012	0.5258	0.62486008	2568.328771	18.0840485
42.68	-126.78	4511	0.10922085	107.8129	0.330485779	2519.113649	34.19209153
42.68	-126.78	6950	0.10922085	166.105	0.330485779	2519.113649	34.19209153
37.86	-119.08	91	16.19442	2.1749	4.024229119	5334.0235	2.807991212
37.63	-119.08	156	16.19442	3.7284	4.024229119	5334.0235	2.807991212
37.49	-119.3	56	16.19442	1.3384	4.024229119	5334.0235	2.807991212
44.64	-125.07	140	9.5422888	3.346	3.089059533	4169.90054	3.658071293
44.65	-125.14	121	9.5422888	2.8919	3.089059533	4169.90054	3.658071293
44.62	-125.06	116	9.5422888	2.7724	3.089059533	4169.90054	3.658071293
44.66	-125.14	142	9.5507097	3.3938	3.090422253	4171.374198	3.656458269
44.62	-125.06	62	9.5422888	1.4818	3.089059533	4169.90054	3.658071293
44.66	-125.57	93	8.5858335	2.2227	2.930159296	4002.520863	3.856445626
44.65	-125.57	103	8.6269598	2.4617	2.937168671	4009.717965	3.847242453
44.64	-125.58	103	8.6269598	2.4617	2.937168671	4009.717965	3.847242453
44.65	-125.58	106	8.6269598	2.5334	2.937168671	4009.717965	3.847242453
44.65	-125.59	83	8.6269598	1.9837	2.937168671	4009.717965	3.847242453
44.66	-125.6	117	8.5858335	2.7963	2.930159296	4002.520863	3.856445626
44.66	-125.69	116	8.4469986	2.7724	2.906372068	3978.224755	3.888008739
44.65	-125.72	106	8.4459772	2.5334	2.906196346	3978.04601	3.888243827
44.65	-125.73	88	8.4459772	2.1032	2.906196346	3978.04601	3.888243827
44.68	-125.66	55	8.4469986	1.3145	2.906372068	3978.224755	3.888008739
44.51	-126.67	73	6.5422888	1.7447	2.557789827	3644.90054	4.417876668
44.33	-127.43	155	5.4407101	3.7045	2.332532979	3452.124268	4.844518856
45.33	-129.32	99	1.3617047	2.3661	1.166921034	2738.298323	9.683602977
45.35	-129.18	103	1.5062964	2.4617	1.227312674	2763.60187	9.207107723
45.36	-129.19	167	1.5062964	3.9913	1.227312674	2763.60187	9.207107723
45.37	-129.19	164	1.5062964	3.9196	1.227312674	2763.60187	9.207107723
45.37	-129.2	151	1.5062964	3.6089	1.227312674	2763.60187	9.207107723
45.38	-129.15	106	1.5062964	2.5334	1.227312674	2763.60187	9.207107723
45.38	-129.19	155	1.5062964	3.7045	1.227312674	2763.60187	9.207107723
45.38	-129.19	159	1.5062964	3.8001	1.227312674	2763.60187	9.207107723
45.38	-129.19	185	1.5062964	4.4215	1.227312674	2763.60187	9.207107723
46.16	-129.2	302	0.92084652	7.2178	0.959607482	2661.148141	11.77564807
44.67	-125.58	93.37	8.5858335	2.231543	2.930159296	4002.520863	3.856445626
44.58	-127.3	151.99	5.4504809	3.632561	2.334626501	3453.834158	4.840174646
44.81	-127.97	140.26	4.1015091	3.352214	2.025218285	3217.764093	5.579645457
44.95	-128.39	118.91	3.2205846	2.841949	1.79459873	3063.602305	6.296672239
45.1	-128.85	181.3	2.4179773	4.33307	1.554984662	2923.146028	7.266952706
44.67	-125.58	110.12	8.5858335	2.631868	2.930159296	4002.520863	3.856445626
44.84	-125.6	148.64	8.5421562	3.552496	2.922696734	3994.877335	3.866292342
44.91	-124.61	45.22	9.8163719	1.080758	3.133108983	4217.865083	3.606641218
44.97	-125.1	72.44	9.5523081	1.731316	3.090680847	4171.653918	3.656152336
45.01	-125.15	65.32	9.2965679	1.561148	3.04902737	4126.899383	3.70609989
44.86	-125.13	82.07	9.5314922	1.961473	3.087311484	4168.011135	3.660142508
44.87	-125.28	87.09	9.1318445	2.081451	3.021894191	4098.072788	3.73937646
44.82	-125.59	130.63	8.5421562	3.122057	2.922696734	3994.877335	3.866292342
44.65	-125.58	123.52	8.6269598	2.952128	2.937168671	4009.717965	3.847242453
39.06	-123.15	74	18.00329	1.7686	4.2430284	5650.57575	2.663192167
37.24	-122.07	89	16.352819	2.1271	4.043861892	5361.743325	2.794358537
38.1	-122.89	79	17.370102	1.8881	4.167745434	5539.76785	2.711298034
37.51	-122.21	77	16.524179	1.8403	4.064994342	5391.731325	2.779831668
40.02	-124.07	58	16.881744	1.3862	4.108739953	5454.3052	2.750234897
41.21	-119.06	107	16.815744	2.5573	4.100700428	5442.7552	2.7556268
40.88	-119.1	69	16.676729	1.6491	4.083715098	5418.427575	2.767088234
40.87	-119.17	85	16.676729	2.0315	4.083715098	5418.427575	2.767088234
41.08	-119.02	94	16.815744	2.2466	4.100700428	5442.7552	2.7556268
41.05	-119.02	422	16.676729	10.0858	4.083715098	5418.427575	2.767088234
41.02	-119.06	80	16.676729	1.912	4.083715098	5418.427575	2.767088234
40.94	-119.1	56	16.676729	1.3384	4.083715098	5418.427575	2.767088234
40.91	-119.14	89	16.676729	2.1271	4.083715098	5418.427575	2.767088234
40.39	-121.54	131	18.00329	3.1309	4.2430284	5650.57575	2.663192167
40.36	-121.5	230	18.00329	5.497	4.2430284	5650.57575	2.663192167
40.41	-121.45	84	18.00329	2.0076	4.2430284	5650.57575	2.663192167
40.75	-119.02	188	16.524179	4.4932	4.064994342	5391.731325	2.779831668
40.68	-119.36	370	16.676729	8.843	4.083715098	5418.427575	2.767088234
40.65	-119.39	560	16.676729	13.384	4.083715098	5418.427575	2.767088234
40.65	-119.35	58	16.676729	1.3862	4.083715098	5418.427575	2.767088234
40.66	-119.38	220	16.676729	5.258	4.083715098	5418.427575	2.767088234
40.69	-119.35	42	16.676729	1.0038	4.083715098	5418.427575	2.767088234
40.78	-119.34	500	16.815744	11.95	4.100700428	5442.7552	2.7556268
40.65	-119.37	334	16.676729	7.9826	4.083715098	5418.427575	2.767088234
40.66	-119.37	1842	16.676729	44.0238	4.083715098	5418.427575	2.767088234
40.66	-119.37	9999	16.676729	238.9761	4.083715098	5418.427575	2.767088234
38.72	-123.35	90	17.939177	2.151	4.235466562	5639.355975	2.667946927
38.72	-123.35	90	17.939177	2.151	4.235466562	5639.355975	2.667946927
37.12	-122.15	67	16.845156	1.6013	4.104285078	5447.9023	2.753220058
40.88	-123.98	49	8.9923286	1.1711	2.998721161	4073.657505	3.768273005
38.99	-123.35	53	18.00329	1.2667	4.2430284	5650.57575	2.663192167
38.99	-123.35	53	18.00329	1.2667	4.2430284	5650.57575	2.663192167
38.77	-122.97	146	17.834578	3.4894	4.22310052	5621.05115	2.675759184
38.77	-122.97	146	17.834578	3.4894	4.22310052	5621.05115	2.675759184
38.88	-121.9	33	17.217102	0.7887	4.149349588	5512.99285	2.723318381
39.84	-123.17	58	18.287436	1.3862	4.27638118	5700.3013	2.642421132
37.8	-121.94	53	16.524179	1.2667	4.064994342	5391.731325	2.779831668
37.8	-121.94	53	16.524179	1.2667	4.064994342	5391.731325	2.779831668
37.51	-122.13	84	16.364212	2.0076	4.045270325	5363.7371	2.793385631
37.51	-122.13	84	16.364212	2.0076	4.045270325	5363.7371	2.793385631
40.73	-124.21	34	8.9923286	0.8126	2.998721161	4073.657505	3.768273005
40.73	-124.21	34	8.9923286	0.8126	2.998721161	4073.657505	3.768273005
40.14	-124	43	15.872827	1.0277	3.984071661	5277.744725	2.836294365
38.58	-122.65	53	17.50819	1.2667	4.18427891	5563.93325	2.700584794
38.58	-122.65	53	17.50819	1.2667	4.18427891	5563.93325	2.700584794
40.22	-123.64	60	17.755274	1.434	4.213700749	5607.17295	2.681728171
40.09	-123.8	43	17.755274	1.0277	4.213700749	5607.17295	2.681728171
38.8	-122.83	418	17.725136	9.9902	4.210123039	5601.8988	2.68400707
38.8	-122.83	418	17.725136	9.9902	4.210123039	5601.8988	2.68400707
40.55	-124.18	54	9.0263643	1.2906	3.004390837	4079.613753	3.761161784
40.55	-124.18	54	9.0263643	1.2906	3.004390837	4079.613753	3.761161784
38.84	-122.2	37	17.370102	0.8843	4.167745434	5539.76785	2.711298034
40.24	-124.13	75	15.872827	1.7925	3.984071661	5277.744725	2.836294365
40.24	-124.13	75	15.872827	1.7925	3.984071661	5277.744725	2.836294365
40.14	-123.41	50	17.755274	1.195	4.213700749	5607.17295	2.681728171
40.74	-124.21	38	8.9923286	0.9082	2.998721161	4073.657505	3.768273005
39.73	-123.5	59	18.371571	1.4101	4.286207065	5715.024925	2.636363533
39.73	-123.5	59	18.371571	1.4101	4.286207065	5715.024925	2.636363533
39.95	-123.35	27	18.371571	0.6453	4.286207065	5715.024925	2.636363533
39.95	-123.35	27	18.371571	0.6453	4.286207065	5715.024925	2.636363533
37.74	-121.75	63	16.215477	1.5057	4.026844546	5337.708475	2.806167427
37.74	-121.75	63	16.215477	1.5057	4.026844546	5337.708475	2.806167427
40.56	-124.35	34	9.0263643	0.8126	3.004390837	4079.613753	3.761161784
38.09	-122.75	76	17.217102	1.8164	4.149349588	5512.99285	2.723318381
38.09	-122.75	76	17.217102	1.8164	4.149349588	5512.99285	2.723318381
39.41	-123.75	75	18.287436	1.7925	4.27638118	5700.3013	2.642421132
37.05	-121.24	79	16.347124	1.8881	4.043157677	5360.7467	2.794845243
37.06	-121.18	68	16.19442	1.6252	4.024229119	5334.0235	2.807991212
37.03	-121.31	84	16.347124	2.0076	4.043157677	5360.7467	2.794845243
37.03	-121.31	84	16.347124	2.0076	4.043157677	5360.7467	2.794845243
37.03	-121.31	88	16.347124	2.1032	4.043157677	5360.7467	2.794845243
37.03	-121.31	88	16.347124	2.1032	4.043157677	5360.7467	2.794845243
37.05	-121.21	87	16.347124	2.0793	4.043157677	5360.7467	2.794845243
37.05	-121.21	87	16.347124	2.0793	4.043157677	5360.7467	2.794845243
37.05	-121.19	66	16.347124	1.5774	4.043157677	5360.7467	2.794845243
37.05	-121.19	66	16.347124	1.5774	4.043157677	5360.7467	2.794845243
37.04	-121.25	89	16.347124	2.1271	4.043157677	5360.7467	2.794845243
37.04	-121.25	89	16.347124	2.1271	4.043157677	5360.7467	2.794845243
37.25	-122.4	105	17.13776	2.5095	4.139777772	5499.108	2.72961512
40.32	-124.28	76	15.739372	1.8164	3.967287738	5254.3901	2.848293531
39.34	-123.1	75	18.00329	1.7925	4.2430284	5650.57575	2.663192167
38.93	-123.71	60	18.242743	1.434	4.271152421	5692.480025	2.645655993
38.1	-122.89	79	17.370102	1.8881	4.167745434	5539.76785	2.711298034
37.51	-122.21	77	16.524179	1.8403	4.064994342	5391.731325	2.779831668
38.7	-123.42	92	18.027369	2.1988	4.24586493	5654.789575	2.661412972
40.02	-124.07	58	16.881744	1.3862	4.108739953	5454.3052	2.750234897
39.06	-123.15	74	18.00329	1.7686	4.2430284	5650.57575	2.663192167
37.24	-122.07	89	16.352819	2.1271	4.043861892	5361.743325	2.794358537
44.68	-125.29	79	9.1196241	1.8881	3.019871537	4095.934218	3.741881024
44.66	-125.27	81	9.1196241	1.9359	3.019871537	4095.934218	3.741881024
44.66	-125.27	93	9.1196241	2.2227	3.019871537	4095.934218	3.741881024
44.66	-125.26	77	9.1196241	1.8403	3.019871537	4095.934218	3.741881024
44.66	-125.25	81	9.1196241	1.9359	3.019871537	4095.934218	3.741881024
44.66	-125.36	70	8.9653473	1.673	2.99421898	4068.935778	3.773939072
44.66	-125.35	30	9.1196241	0.717	3.019871537	4095.934218	3.741881024
44.66	-125.35	32	9.1196241	0.7648	3.019871537	4095.934218	3.741881024
44.66	-125.35	33	9.1196241	0.7887	3.019871537	4095.934218	3.741881024
44.65	-125.35	42	9.1559649	1.0038	3.025882499	4102.293858	3.73444772
45	-125.3	60	9.0883245	1.434	3.014684809	4090.456788	3.748318884
45.01	-125.3	60	9.0883245	1.434	3.014684809	4090.456788	3.748318884
45	-125.31	102	9.0883245	2.4378	3.014684809	4090.456788	3.748318884
45	-125.32	84	9.0883245	2.0076	3.014684809	4090.456788	3.748318884
44.99	-125.32	85	9.0883245	2.0315	3.014684809	4090.456788	3.748318884
44.99	-125.33	88	9.0883245	2.1032	3.014684809	4090.456788	3.748318884
44.94	-125.37	72	8.987608	1.7208	2.997933955	4072.8314	3.769262488
44.94	-125.36	124	8.987608	2.9636	2.997933955	4072.8314	3.769262488
44.93	-125.35	72	9.1318445	1.7208	3.021894191	4098.072788	3.73937646
47.06	-125.89	100	7.6291208	2.39	2.762086313	3835.09614	4.091110385
47.06	-125.89	99	7.6291208	2.3661	2.762086313	3835.09614	4.091110385
47.07	-125.9	93	7.6291208	2.2227	2.762086313	3835.09614	4.091110385
47.07	-125.9	88	7.6291208	2.1032	2.762086313	3835.09614	4.091110385
47.07	-125.91	88	7.6291208	2.1032	2.762086313	3835.09614	4.091110385
47.08	-125.9	89	7.6291208	2.1271	2.762086313	3835.09614	4.091110385
47.07	-125.91	83	7.6291208	1.9837	2.762086313	3835.09614	4.091110385
47.08	-125.91	75	7.6291208	1.7925	2.762086313	3835.09614	4.091110385
47.08	-125.92	83	7.6291208	1.9837	2.762086313	3835.09614	4.091110385
47.08	-125.94	109	7.6291208	2.6051	2.762086313	3835.09614	4.091110385
47.08	-125.94	67	7.6291208	1.6013	2.762086313	3835.09614	4.091110385
46.97	-125.93	104	7.6286254	2.4856	2.761996633	3835.009445	4.091243221
46.98	-125.94	90	7.6286254	2.151	2.761996633	3835.009445	4.091243221
46.97	-125.99	100	7.3567901	2.39	2.712340336	3787.438268	4.166143846
46.97	-125.98	111	7.3567901	2.6529	2.712340336	3787.438268	4.166143846
46.97	-125.98	96	7.3567901	2.2944	2.712340336	3787.438268	4.166143846
46.98	-125.97	89	7.3567901	2.1271	2.712340336	3787.438268	4.166143846
46.98	-125.96	75	7.3567901	1.7925	2.712340336	3787.438268	4.166143846
46.98	-125.95	81	7.3567901	1.9359	2.712340336	3787.438268	4.166143846
46.98	-125.94	78	7.6286254	1.8642	2.761996633	3835.009445	4.091243221
46.98	-125.94	82	7.6286254	1.9598	2.761996633	3835.009445	4.091243221
46.99	-125.97	87	7.3567901	2.0793	2.712340336	3787.438268	4.166143846
47	-125.96	89	7.3567901	2.1271	2.712340336	3787.438268	4.166143846
46.99	-125.96	82	7.3567901	1.9598	2.712340336	3787.438268	4.166143846
46.99	-125.94	83	7.6286254	1.9837	2.761996633	3835.009445	4.091243221
46.99	-125.95	97	7.3567901	2.3183	2.712340336	3787.438268	4.166143846
50.55	-131.62	91	4.6901741	2.1749	2.165680978	3320.780468	5.217758346
47.9	-127.2	161	4.359262	3.8479	2.087884575	3262.87085	5.41217658
47.15	-130.12	189	2.7302463	4.5171	1.652345696	2977.793103	6.83876263
47.9	-127.65	304	3.1907601	7.2656	1.786269884	3058.383018	6.326031748
44.65	-125.14	94	9.5422888	2.2466	3.089059533	4169.90054	3.658071293
44.65	-125.07	41	9.5422888	0.9799	3.089059533	4169.90054	3.658071293
44.65	-125.06	42	9.5422888	1.0038	3.089059533	4169.90054	3.658071293
44.65	-125.02	79	9.8048306	1.8881	3.131266613	4215.845355	3.608763289
44.65	-124.97	77	9.8048306	1.8403	3.131266613	4215.845355	3.608763289
47.23	-126.15	26	6.8040028	0.6214	2.608448351	3690.70049	4.332077342
47.23	-126.15	27	6.8040028	0.6453	2.608448351	3690.70049	4.332077342
47.24	-126.14	21	7.0875106	0.5019	2.662237893	3740.314355	4.244549305
47.29	-126.08	99	7.1277666	2.3661	2.669787744	3747.359155	4.23254621
47.3	-126.09	101	7.1277666	2.4139	2.669787744	3747.359155	4.23254621
47.3	-126.09	108	7.1277666	2.5812	2.669787744	3747.359155	4.23254621
47.3	-126.09	77	7.1277666	1.8403	2.669787744	3747.359155	4.23254621
47.29	-126.11	93	7.1277666	2.2227	2.669787744	3747.359155	4.23254621
47.28	-126.12	96	7.1277666	2.2944	2.669787744	3747.359155	4.23254621
47.28	-126.12	99	7.1277666	2.3661	2.669787744	3747.359155	4.23254621
47.28	-126.13	104	7.1277666	2.4856	2.669787744	3747.359155	4.23254621
47.27	-126.14	159	7.1277666	3.8001	2.669787744	3747.359155	4.23254621
47.27	-126.14	142	7.1277666	3.3938	2.669787744	3747.359155	4.23254621
47.27	-126.15	141	6.8401093	3.3699	2.615360262	3697.019128	4.320628467
47.27	-126.15	156	6.8401093	3.7284	2.615360262	3697.019128	4.320628467
47.25	-126.17	138	6.8040028	3.2982	2.608448351	3690.70049	4.332077342
47.44	-126.38	106	6.4628758	2.5334	2.542218677	3631.003265	4.444936269
47.44	-126.38	108	6.4628758	2.5812	2.542218677	3631.003265	4.444936269
47.44	-126.38	112	6.4628758	2.6768	2.542218677	3631.003265	4.444936269
47.45	-126.36	109	6.5422029	2.6051	2.557773035	3644.885508	4.417905672
47.45	-126.36	118	6.5422029	2.8202	2.557773035	3644.885508	4.417905672
47.46	-126.33	102	6.8071642	2.4378	2.609054273	3691.253735	4.331071268
47.46	-126.29	124	6.8071642	2.9636	2.609054273	3691.253735	4.331071268
47.46	-126.29	108	6.8071642	2.5812	2.609054273	3691.253735	4.331071268
47.46	-126.26	114	6.8071642	2.7246	2.609054273	3691.253735	4.331071268
47.46	-126.22	122	7.0861001	2.9158	2.661972971	3740.067518	4.244971727
47.46	-126.22	117	7.0861001	2.7963	2.661972971	3740.067518	4.244971727
47.46	-126.22	89	7.0861001	2.1271	2.661972971	3740.067518	4.244971727
47.46	-126.19	118	7.0861001	2.8202	2.661972971	3740.067518	4.244971727
47.46	-126.18	139	7.0861001	3.3221	2.661972971	3740.067518	4.244971727
47.46	-126.16	57	7.0861001	1.3623	2.661972971	3740.067518	4.244971727
44.95	-125.2	71	9.2965679	1.6969	3.04902737	4126.899383	3.70609989
44.95	-125.22	61	9.2965679	1.4579	3.04902737	4126.899383	3.70609989
44.95	-125.23	55	9.2965679	1.3145	3.04902737	4126.899383	3.70609989
44.95	-125.25	28	9.0883245	0.6692	3.014684809	4090.456788	3.748318884
44.95	-125.41	89	8.9141588	2.1271	2.985658855	4059.97779	3.78475926
44.95	-125.37	95	8.9141588	2.2705	2.985658855	4059.97779	3.78475926
44.95	-125.37	99	8.9141588	2.3661	2.985658855	4059.97779	3.78475926
44.95	-125.37	102	8.9141588	2.4378	2.985658855	4059.97779	3.78475926
44.95	-125.37	104	8.9141588	2.4856	2.985658855	4059.97779	3.78475926
44.95	-125.38	113	8.9141588	2.7007	2.985658855	4059.97779	3.78475926
44.95	-125.4	110	8.9141588	2.629	2.985658855	4059.97779	3.78475926
44.95	-125.42	125	8.9141588	2.9875	2.985658855	4059.97779	3.78475926
44.93	-125.27	125	9.1318445	2.9875	3.021894191	4098.072788	3.73937646
44.93	-125.27	202	9.1318445	4.8278	3.021894191	4098.072788	3.73937646
44.95	-125.47	122	8.6826057	2.9158	2.946626155	4019.455998	3.834894352
44.95	-125.52	152	8.6826057	3.6328	2.946626155	4019.455998	3.834894352
44.95	-125.52	139	8.6826057	3.3221	2.946626155	4019.455998	3.834894352
44.95	-125.58	165	8.4492979	3.9435	2.906767603	3978.627133	3.887479683
44.95	-125.64	113	8.4492979	2.7007	2.906767603	3978.627133	3.887479683
44.65	-125.27	65	9.1559649	1.5535	3.025882499	4102.293858	3.73444772
44.65	-125.3	70	9.1559649	1.673	3.025882499	4102.293858	3.73444772
44.65	-125.3	73	9.1559649	1.7447	3.025882499	4102.293858	3.73444772
44.65	-125.32	62	9.1559649	1.4818	3.025882499	4102.293858	3.73444772
44.65	-125.32	52	9.1559649	1.2428	3.025882499	4102.293858	3.73444772
44.65	-125.34	105	9.1559649	2.5095	3.025882499	4102.293858	3.73444772
44.65	-125.37	32	8.9884195	0.7648	2.998069295	4072.973413	3.769092335
44.65	-125.4	101	8.9884195	2.4139	2.998069295	4072.973413	3.769092335
44.65	-125.47	94	8.7853642	2.2466	2.964011505	4037.438735	3.812400857
49.33	-119.63	67	9.2849312	1.6013	3.047118508	4124.86296	3.70842157
49.36	-119.69	74	9.2849312	1.7686	3.047118508	4124.86296	3.70842157
49.37	-119.77	109	9.2849312	2.6051	3.047118508	4124.86296	3.70842157
49.37	-119.76	76	9.2849312	1.8164	3.047118508	4124.86296	3.70842157
49.37	-119.65	69	9.2849312	1.6491	3.047118508	4124.86296	3.70842157
50.58	-123.46	120	7.6288118	2.868	2.762030376	3835.042065	4.091193238
50.57	-123.47	100	7.6288118	2.39	2.762030376	3835.042065	4.091193238
50.57	-123.49	290	7.6288118	6.931	2.762030376	3835.042065	4.091193238
50.57	-123.5	930	7.6288118	22.227	2.762030376	3835.042065	4.091193238
50.57	-123.51	450	7.6288118	10.755	2.762030376	3835.042065	4.091193238
50.66	-120.51	84	8.9942894	2.0076	2.999048082	4074.000645	3.767862232
50.77	-122.8	80	8.4487114	1.912	2.906666716	3978.524495	3.887614612
49.61	-123.15	84	8.9942894	2.0076	2.999048082	4074.000645	3.767862232
49.61	-123.16	56	8.9942894	1.3384	2.999048082	4074.000645	3.767862232
49.61	-123.17	73	8.9942894	1.7447	2.999048082	4074.000645	3.767862232
49.61	-123.17	74	8.9942894	1.7686	2.999048082	4074.000645	3.767862232
49.61	-123.16	68	8.9942894	1.6252	2.999048082	4074.000645	3.767862232
49.61	-123.16	71	8.9942894	1.6969	2.999048082	4074.000645	3.767862232
50.47	-120.97	72	8.9942894	1.7208	2.999048082	4074.000645	3.767862232
50.48	-120.97	72	8.9942894	1.7208	2.999048082	4074.000645	3.767862232
50.48	-120.97	72	8.9942894	1.7208	2.999048082	4074.000645	3.767862232
50.48	-120.97	72	8.9942894	1.7208	2.999048082	4074.000645	3.767862232
51.52	-119.81	101	8.9942894	2.4139	2.999048082	4074.000645	3.767862232
51.52	-119.81	119	8.9942894	2.8441	2.999048082	4074.000645	3.767862232
51.52	-119.81	110	8.9942894	2.629	2.999048082	4074.000645	3.767862232
49.51	-121.29	63	9.2849312	1.5057	3.047118508	4124.86296	3.70842157
49.51	-123.37	31	8.9942894	0.7409	2.999048082	4074.000645	3.767862232
50.65	-120.48	85	8.9942894	2.0315	2.999048082	4074.000645	3.767862232
50.61	-127.48	65	4.6360407	1.5535	2.153146697	3311.307123	5.24813289
50.69	-123.51	680	7.6288118	16.252	2.762030376	3835.042065	4.091193238
50.67	-123.54	262	7.3612161	6.2618	2.713156114	3788.212818	4.164891191
50.68	-123.52	322	7.6288118	7.6958	2.762030376	3835.042065	4.091193238
50.66	-123.53	307	7.6288118	7.3373	2.762030376	3835.042065	4.091193238
50.68	-123.48	272	7.6288118	6.5008	2.762030376	3835.042065	4.091193238
50.63	-123.42	284	7.6288118	6.7876	2.762030376	3835.042065	4.091193238
50.65	-123.56	227	7.3612161	5.4253	2.713156114	3788.212818	4.164891191
50.68	-123.56	176	7.3612161	4.2064	2.713156114	3788.212818	4.164891191
50.64	-120.46	55	8.9942894	1.3145	2.999048082	4074.000645	3.767862232
50.57	-123.48	185	7.6288118	4.4215	2.762030376	3835.042065	4.091193238
50.54	-123.48	148	7.6288118	3.5372	2.762030376	3835.042065	4.091193238
50.56	-123.46	146	7.6288118	3.4894	2.762030376	3835.042065	4.091193238
50.57	-123.5	1660	7.6288118	39.674	2.762030376	3835.042065	4.091193238
50.57	-123.52	2530	7.6288118	60.467	2.762030376	3835.042065	4.091193238
50.57	-123.54	309	7.6288118	7.3851	2.762030376	3835.042065	4.091193238
50.52	-123.5	120	7.6288118	2.868	2.762030376	3835.042065	4.091193238
50.9	-121.41	67	8.9942894	1.6013	2.999048082	4074.000645	3.767862232
50.91	-121.41	81	8.9942894	1.9359	2.999048082	4074.000645	3.767862232
50.91	-121.41	74	8.9942894	1.7686	2.999048082	4074.000645	3.767862232
52.64	-121.56	62	7.6288118	1.4818	2.762030376	3835.042065	4.091193238
52.63	-121.56	70	7.6288118	1.673	2.762030376	3835.042065	4.091193238
52.63	-121.56	66	7.6288118	1.5774	2.762030376	3835.042065	4.091193238
49.58	-125.61	36	7.2806315	0.8604	2.698264535	3774.110513	4.187877005
49.57	-125.59	41	7.2806315	0.9799	2.698264535	3774.110513	4.187877005
49.58	-125.61	38	7.2806315	0.9082	2.698264535	3774.110513	4.187877005
50.43	-122.84	41	8.725028	0.9799	2.953815837	4026.8799	3.825560097
49.32	-121.93	50	9.2849312	1.195	3.047118508	4124.86296	3.70842157
50.08	-123.21	114	8.725028	2.7246	2.953815837	4026.8799	3.825560097
49.81	-125.15	38	7.2320395	0.9082	2.689245154	3765.606913	4.201922603
50.09	-124.81	32	7.2320395	0.7648	2.689245154	3765.606913	4.201922603
50.16	-123.4	77	8.4487114	1.8403	2.906666716	3978.524495	3.887614612
50.13	-123.45	102	8.4487114	2.4378	2.906666716	3978.524495	3.887614612
50.2	-123.54	107	8.1750021	2.5573	2.859196058	3930.625368	3.952159897
50.19	-123.53	96	8.1750021	2.2944	2.859196058	3930.625368	3.952159897
50.18	-123.53	66	8.1750021	1.5774	2.859196058	3930.625368	3.952159897
50.29	-124.66	26	7.2320395	0.6214	2.689245154	3765.606913	4.201922603
50.27	-124.64	27	7.2320395	0.6453	2.689245154	3765.606913	4.201922603
50.2	-124.64	43	7.2320395	1.0277	2.689245154	3765.606913	4.201922603
50.24	-124.63	32	7.2320395	0.7648	2.689245154	3765.606913	4.201922603
50.02	-123.9	43	7.9011574	1.0277	2.810899749	3882.702545	4.020065107
50.08	-123.78	54	7.9011574	1.2906	2.810899749	3882.702545	4.020065107
50.18	-123.94	68	7.6288118	1.6252	2.762030376	3835.042065	4.091193238
50.16	-123.89	77	7.6288118	1.8403	2.762030376	3835.042065	4.091193238
50.14	-123.84	72	7.9011574	1.7208	2.810899749	3882.702545	4.020065107
49.85	-123.9	29	8.1750021	0.6931	2.859196058	3930.625368	3.952159897
49.85	-123.9	33	8.1750021	0.7887	2.859196058	3930.625368	3.952159897
49.81	-123.93	40	8.1750021	0.956	2.859196058	3930.625368	3.952159897
49.79	-124.04	27	7.9011574	0.6453	2.810899749	3882.702545	4.020065107
49.79	-124.04	24	7.9011574	0.5736	2.810899749	3882.702545	4.020065107
50.06	-123.82	75	7.9011574	1.7925	2.810899749	3882.702545	4.020065107
50.04	-123.85	53	7.9011574	1.2667	2.810899749	3882.702545	4.020065107
50.04	-123.86	40	7.9011574	0.956	2.810899749	3882.702545	4.020065107
50.01	-123.94	38	7.9011574	0.9082	2.810899749	3882.702545	4.020065107
49.97	-123.99	44	7.9011574	1.0516	2.810899749	3882.702545	4.020065107
50	-123.98	24	7.9011574	0.5736	2.810899749	3882.702545	4.020065107
50.63	-123.4	180	7.6288118	4.302	2.762030376	3835.042065	4.091193238
50.58	-123.28	139	7.9011574	3.3221	2.810899749	3882.702545	4.020065107
50.09	-123.32	182	8.4487114	4.3498	2.906666716	3978.524495	3.887614612
50.07	-123.33	148	8.4487114	3.5372	2.906666716	3978.524495	3.887614612
48.87	-123.79	31	8.9942894	0.7409	2.999048082	4074.000645	3.767862232
48.88	-123.79	29	8.9942894	0.6931	2.999048082	4074.000645	3.767862232
48.88	-123.78	41	8.9942894	0.9799	2.999048082	4074.000645	3.767862232
48.88	-123.78	32	8.9942894	0.7648	2.999048082	4074.000645	3.767862232
48.88	-123.79	42	8.9942894	1.0038	2.999048082	4074.000645	3.767862232
49.1	-123.86	38	8.9942894	0.9082	2.999048082	4074.000645	3.767862232
49.1	-123.86	52	8.9942894	1.2428	2.999048082	4074.000645	3.767862232
49.39	-124.95	43	7.3612161	1.0277	2.713156114	3788.212818	4.164891191
50.46	-123.13	79	8.4487114	1.8881	2.906666716	3978.524495	3.887614612
50.46	-123.17	77	8.1750021	1.8403	2.859196058	3930.625368	3.952159897
50.45	-123.2	97	8.1750021	2.3183	2.859196058	3930.625368	3.952159897
48.65	-123.45	34	8.9942894	0.8126	2.999048082	4074.000645	3.767862232
48.64	-123.5	19	8.9942894	0.4541	2.999048082	4074.000645	3.767862232
50.11	-123.27	329	8.725028	7.8631	2.953815837	4026.8799	3.825560097
50.72	-123.67	159	7.3612161	3.8001	2.713156114	3788.212818	4.164891191
50.12	-123.39	112	8.4487114	2.6768	2.906666716	3978.524495	3.887614612
50.11	-123.37	148	8.4487114	3.5372	2.906666716	3978.524495	3.887614612
49.15	-124.66	48	7.9011574	1.1472	2.810899749	3882.702545	4.020065107
49.16	-124.67	54	7.9011574	1.2906	2.810899749	3882.702545	4.020065107
49.17	-124.67	48	7.9011574	1.1472	2.810899749	3882.702545	4.020065107
49.78	-125.3	39	7.2806315	0.9321	2.698264535	3774.110513	4.187877005
49.76	-124.54	42	7.3612161	1.0038	2.713156114	3788.212818	4.164891191
49.71	-124.53	18	7.3612161	0.4302	2.713156114	3788.212818	4.164891191
49.75	-124.55	36	7.3612161	0.8604	2.713156114	3788.212818	4.164891191
49.76	-124.55	35	7.3612161	0.8365	2.713156114	3788.212818	4.164891191
49.71	-124.54	27	7.3612161	0.6453	2.713156114	3788.212818	4.164891191
49.71	-124.54	23	7.3612161	0.5497	2.713156114	3788.212818	4.164891191
49.71	-124.53	35	7.3612161	0.8365	2.713156114	3788.212818	4.164891191
50.58	-123.28	80	7.9011574	1.912	2.810899749	3882.702545	4.020065107
50.63	-123.37	132	7.6288118	3.1548	2.762030376	3835.042065	4.091193238
50.12	-123.39	69	8.4487114	1.6491	2.906666716	3978.524495	3.887614612
50.11	-123.37	89	8.4487114	2.1271	2.906666716	3978.524495	3.887614612
51.97	-121.17	63	8.9942894	1.5057	2.999048082	4074.000645	3.767862232
51.96	-121.16	64	8.9942894	1.5296	2.999048082	4074.000645	3.767862232
51.83	-121.15	71	8.9942894	1.6969	2.999048082	4074.000645	3.767862232
51.82	-121.15	58	8.9942894	1.3862	2.999048082	4074.000645	3.767862232
51.82	-121.14	60	8.9942894	1.434	2.999048082	4074.000645	3.767862232
52	-120.95	62	8.9942894	1.4818	2.999048082	4074.000645	3.767862232
52	-120.96	49	8.9942894	1.1711	2.999048082	4074.000645	3.767862232
52	-120.8	63	8.9942894	1.5057	2.999048082	4074.000645	3.767862232
52	-120.81	65	8.9942894	1.5535	2.999048082	4074.000645	3.767862232
52.01	-120.83	57	8.9942894	1.3623	2.999048082	4074.000645	3.767862232
49.76	-124.55	33	7.3612161	0.7887	2.713156114	3788.212818	4.164891191
49.76	-124.55	33	7.3612161	0.7887	2.713156114	3788.212818	4.164891191
49.75	-124.54	21	7.3612161	0.5019	2.713156114	3788.212818	4.164891191
49.71	-124.53	8	7.3612161	0.1912	2.713156114	3788.212818	4.164891191
49.75	-124.54	33	7.3612161	0.7887	2.713156114	3788.212818	4.164891191
47.14	-132.33	8	8.9937639	0.1912	2.99896047	4073.908683	3.767972307
46.99	-131.81	25	7.3728185	0.5975	2.715293446	3790.243238	4.161612814
46.97	-131.96	33	8.1711226	0.7887	2.858517553	3929.946455	3.953097993
46.93	-131.95	31	7.766191	0.7409	2.786788654	3859.083425	4.054846422
47.08	-131.89	28	7.8322406	0.6692	2.79861405	3870.642105	4.037712882
47.15	-131.2	37	5.7230005	0.8843	2.392279352	3501.525088	4.723528625
47.05	-131.5	24	6.5393829	0.5736	2.557221715	3644.392008	4.418858143
46.92	-129.35	169	0.17201395	4.0391	0.414745645	2530.102441	27.2456146
47.99	-129.45	89	0.81750041	2.1271	0.904157293	2643.062572	12.49782542
46.97	-129.77	36	1.6545141	0.8604	1.286279169	2789.539968	8.785029156
47	-130.1	456	2.691802	10.8984	1.640671204	2971.06535	6.88742508
47.03	-131.17	10	5.7240138	0.239	2.392491129	3501.702415	4.723110512
47.17	-131.73	22	7.114819	0.5258	2.667361805	3745.093325	4.236395669
47.08	-131.88	31	7.8322406	0.7409	2.79861405	3870.642105	4.037712882
47.99	-129.45	89	0.81750041	2.1271	0.904157293	2643.062572	12.49782542
47.08	-131.88	31	7.8322406	0.7409	2.79861405	3870.642105	4.037712882
50.25	-130.3	63	0.28004923	1.5057	0.529196778	2549.008615	21.35311564
50.35	-130.11	704	0.14511749	16.8256	0.380942896	2525.395561	29.66323856
50.77	-130.61	201	0.047441658	4.8039	0.21781106	2508.30229	51.87982641
50.66	-130.55	168	0.28813139	4.0152	0.536778716	2550.422993	21.05150533
49.98	-129.54	159	1.449568	3.8001	1.203980066	2753.6744	9.385537449
50.03	-129.72	352	1.1147752	8.4128	1.055829153	2695.08566	10.7024891
50.07	-129.77	54	0.81750208	1.2906	0.904158216	2643.062864	12.49781266
50.13	-129.83	80	0.81750208	1.912	0.904158216	2643.062864	12.49781266
50.13	-130.03	276	0.43329665	6.5964	0.658252725	2575.826914	17.1666589
50.22	-130.15	197	0.035759509	4.7083	0.189101848	2506.257914	59.75615842
47.14	-132.33	8	8.9937639	0.1912	2.99896047	4073.908683	3.767972307
46.99	-131.81	25	7.3728185	0.5975	2.715293446	3790.243238	4.161612814
46.97	-131.96	33	8.1711226	0.7887	2.858517553	3929.946455	3.953097993
46.93	-131.95	31	7.766191	0.7409	2.786788654	3859.083425	4.054846422
47.08	-131.89	28	7.8322406	0.6692	2.79861405	3870.642105	4.037712882
47.15	-131.2	37	5.7230005	0.8843	2.392279352	3501.525088	4.723528625
47.05	-131.5	24	6.5393829	0.5736	2.557221715	3644.392008	4.418858143
46.92	-129.35	169	0.17201395	4.0391	0.414745645	2530.102441	27.2456146
47.99	-129.45	89	0.81750041	2.1271	0.904157293	2643.062572	12.49782542
46.97	-129.77	36	1.6545141	0.8604	1.286279169	2789.539968	8.785029156
47	-130.1	456	2.691802	10.8984	1.640671204	2971.06535	6.88742508
47.03	-131.17	10	5.7240138	0.239	2.392491129	3501.702415	4.723110512
47.17	-131.73	22	7.114819	0.5258	2.667361805	3745.093325	4.236395669
47.08	-131.88	31	7.8322406	0.7409	2.79861405	3870.642105	4.037712882
47.03	-130.78	396	4.5752077	9.4644	2.138973515	3300.661348	5.282907861
47.03	-130.36	142	3.4780302	3.3938	1.864947774	3108.655285	6.059150909
47.02	-130.29	142	3.2211773	3.3938	1.794763856	3063.706028	6.296092915
47.02	-130.08	251	2.691802	5.9989	1.640671204	2971.06535	6.88742508
47.02	-129.75	109	1.6545141	2.6051	1.286279169	2789.539968	8.785029156
47.05	-129.92	209	1.9294288	4.9951	1.389038804	2837.65004	8.135121902
46.98	-129.1	440	0.10327651	10.516	0.321366629	2518.073389	35.16233172
46.98	-129.01	188	0.27250028	4.4932	0.522015594	2547.687549	21.64686292
46.98	-128.91	301	0.52644795	7.1939	0.72556733	2592.128391	15.57401986
47.02	-128.77	281	0.80191773	6.7159	0.895498593	2640.335603	12.61866863
47	-128.62	394	1.2944659	9.4166	1.137745973	2726.531533	9.931918253
47	-128.5	188	1.4704922	4.4932	1.212638528	2757.336135	9.318522987
54.94	-121.54	45	7.2214351	1.0755	2.6872728	3763.751143	4.205006653
54.94	-121.1	48	7.2214351	1.1472	2.6872728	3763.751143	4.205006653
54.67	-121.1	50	7.2214351	1.195	2.6872728	3763.751143	4.205006653
54.94	-120.66	44	7.2214351	1.0516	2.6872728	3763.751143	4.205006653
54.94	-120.22	49	7.2806315	1.1711	2.698264535	3774.110513	4.187877005
54.9	-119.9	68	7.1962852	1.6252	2.682589272	3759.34991	4.212348167
54.63	-119.88	60	7.1700683	1.434	2.677698321	3754.761953	4.220042232
54.37	-119.87	63	7.3612161	1.5057	2.713156114	3788.212818	4.164891191
54.9	-119.6	64	7.1700683	1.5296	2.677698321	3754.761953	4.220042232
54.63	-119.58	59	7.3612161	1.4101	2.713156114	3788.212818	4.164891191
54.37	-119.57	56	7.9011574	1.3384	2.810899749	3882.702545	4.020065107
54.9	-119.14	65	7.6288118	1.5535	2.762030376	3835.042065	4.091193238
54.63	-119.13	60	8.1750021	1.434	2.859196058	3930.625368	3.952159897
54.37	-119.12	55	8.4487114	1.3145	2.906666716	3978.524495	3.887614612
40.92	-119.08	64	16.676729	1.5296	4.083715098	5418.427575	2.767088234
40.79	-119.34	900	16.815744	21.51	4.100700428	5442.7552	2.7556268
40.85	-119.33	250	16.815744	5.975	4.100700428	5442.7552	2.7556268
40.87	-119.31	128	16.815744	3.0592	4.100700428	5442.7552	2.7556268
41.74	-121.87	7	8.7112598	0.1673	2.951484338	4024.470465	3.828582064
41.73	-121.67	14	8.7112598	0.3346	2.951484338	4024.470465	3.828582064
41	-120.89	97	18.00329	2.3183	4.2430284	5650.57575	2.663192167
40.21	-120.25	112	16.951086	2.6768	4.117169659	5466.44005	2.744603924
41.2	-121.14	20	18.00329	0.478	4.2430284	5650.57575	2.663192167
41.27	-122.61	36	15.872827	0.8604	3.984071661	5277.744725	2.836294365
41.81	-122.01	17	8.7181835	0.4063	2.952657024	4025.682113	3.827061494
41.83	-121.25	66	8.7181835	1.5774	2.952657024	4025.682113	3.827061494
40.73	-120.31	107	17.370102	2.5573	4.167745434	5539.76785	2.711298034
41.58	-122.88	38	8.7299252	0.9082	2.954644683	4027.73691	3.82448694
41.57	-122.89	14	8.7299252	0.3346	2.954644683	4027.73691	3.82448694
41.57	-122.88	17	8.7299252	0.4063	2.954644683	4027.73691	3.82448694
41.61	-122.53	76	8.7299252	1.8164	2.954644683	4027.73691	3.82448694
41.56	-122.53	28	8.7299252	0.6692	2.954644683	4027.73691	3.82448694
41.43	-122.5	38	8.7199984	0.9082	2.952964341	4025.99972	3.826663208
41.89	-122.4	10	8.7200031	0.239	2.952965137	4026.000543	3.826662177
41.9	-122.48	23	8.7200031	0.5497	2.952965137	4026.000543	3.826662177
41.73	-120.38	7	18.00329	0.1673	4.2430284	5650.57575	2.663192167
41.64	-120.4	97	18.00329	2.3183	4.2430284	5650.57575	2.663192167
40.75	-119.02	188	16.524179	4.4932	4.064994342	5391.731325	2.779831668
41.55	-122.26	59	8.7135773	1.4101	2.951876911	4024.876028	3.828072897
40.7	-119.35	25	16.676729	0.5975	4.083715098	5418.427575	2.767088234
40.68	-119.36	370	16.676729	8.843	4.083715098	5418.427575	2.767088234
40.88	-119.34	328	16.815744	7.8392	4.100700428	5442.7552	2.7556268
40.87	-119.33	500	16.815744	11.95	4.100700428	5442.7552	2.7556268
40.65	-119.39	560	16.676729	13.384	4.083715098	5418.427575	2.767088234
40.65	-119.35	58	16.676729	1.3862	4.083715098	5418.427575	2.767088234
40.65	-119.37	320	16.676729	7.648	4.083715098	5418.427575	2.767088234
40.66	-119.38	220	16.676729	5.258	4.083715098	5418.427575	2.767088234
40.65	-119.39	424	16.676729	10.1336	4.083715098	5418.427575	2.767088234
40.64	-119.41	77	16.676729	1.8403	4.083715098	5418.427575	2.767088234
40.69	-119.35	42	16.676729	1.0038	4.083715098	5418.427575	2.767088234
40.78	-119.34	500	16.815744	11.95	4.100700428	5442.7552	2.7556268
40.65	-119.37	334	16.676729	7.9826	4.083715098	5418.427575	2.767088234
40.67	-119.37	1272	16.676729	30.4008	4.083715098	5418.427575	2.767088234
40.66	-119.37	1842	16.676729	44.0238	4.083715098	5418.427575	2.767088234
40.66	-119.36	150	16.676729	3.585	4.083715098	5418.427575	2.767088234
40.66	-119.37	9999	16.676729	238.9761	4.083715098	5418.427575	2.767088234
41.21	-119.06	107	16.815744	2.5573	4.100700428	5442.7552	2.7556268
40.88	-119.1	69	16.676729	1.6491	4.083715098	5418.427575	2.767088234
40.87	-119.17	85	16.676729	2.0315	4.083715098	5418.427575	2.767088234
41.13	-119	516	16.815744	12.3324	4.100700428	5442.7552	2.7556268
41.08	-119.02	94	16.815744	2.2466	4.100700428	5442.7552	2.7556268
41.05	-119.02	422	16.676729	10.0858	4.083715098	5418.427575	2.767088234
41.05	-119.02	317	16.676729	7.5763	4.083715098	5418.427575	2.767088234
41.05	-119.02	330	16.676729	7.887	4.083715098	5418.427575	2.767088234
41.05	-119.02	249	16.676729	5.9511	4.083715098	5418.427575	2.767088234
40.99	-119.1	85	16.676729	2.0315	4.083715098	5418.427575	2.767088234
41.02	-119.06	80	16.676729	1.912	4.083715098	5418.427575	2.767088234
40.94	-119.1	56	16.676729	1.3384	4.083715098	5418.427575	2.767088234
40.91	-119.14	89	16.676729	2.1271	4.083715098	5418.427575	2.767088234
40.39	-121.54	131	18.00329	3.1309	4.2430284	5650.57575	2.663192167
40.35	-121.55	71	18.00329	1.6969	4.2430284	5650.57575	2.663192167
40.34	-121.45	64	18.00329	1.5296	4.2430284	5650.57575	2.663192167
40.36	-121.5	230	18.00329	5.497	4.2430284	5650.57575	2.663192167
40.41	-121.45	84	18.00329	2.0076	4.2430284	5650.57575	2.663192167
40.17	-121.51	46	18.00329	1.0994	4.2430284	5650.57575	2.663192167
40.37	-120.95	92	17.580811	2.1988	4.19294777	5576.641925	2.695001374
42.02	-123.84	46	8.7200031	1.0994	2.952965137	4026.000543	3.826662177
39.85	-120.47	63	16.951086	1.5057	4.117169659	5466.44005	2.744603924
42.49	-123.38	35	8.1746902	0.8365	2.859141515	3930.570785	3.952235293
41.86	-123.37	41	8.7200031	0.9799	2.952965137	4026.000543	3.826662177
40.51	-122.61	38	17.755274	0.9082	4.213700749	5607.17295	2.681728171
40.51	-122.61	41	17.755274	0.9799	4.213700749	5607.17295	2.681728171
40.51	-122.61	40	17.755274	0.956	4.213700749	5607.17295	2.681728171
41.47	-121.42	40	17.755274	0.956	4.213700749	5607.17295	2.681728171
41.68	-121.12	55	17.755274	1.3145	4.213700749	5607.17295	2.681728171
41.65	-121.12	82	18.100437	1.9598	4.254460835	5667.576475	2.656035732
41.65	-121.18	77	17.755274	1.8403	4.213700749	5607.17295	2.681728171
41.61	-121.21	32	17.755274	0.7648	4.213700749	5607.17295	2.681728171
41.7	-121.34	302	17.755274	7.2178	4.213700749	5607.17295	2.681728171
41.57	-121.35	81	17.755274	1.9359	4.213700749	5607.17295	2.681728171
41.65	-121.06	64	18.100437	1.5296	4.254460835	5667.576475	2.656035732
41.56	-121.12	146	18.100437	3.4894	4.254460835	5667.576475	2.656035732
41.81	-122.01	15	8.7181835	0.3585	2.952657024	4025.682113	3.827061494
41.69	-121.88	25	8.7112598	0.5975	2.951484338	4024.470465	3.828582064
41.74	-121.87	7	8.7112598	0.1673	2.951484338	4024.470465	3.828582064
41.73	-121.67	14	8.7112598	0.3346	2.951484338	4024.470465	3.828582064
41.59	-121.96	12	8.7299252	0.2868	2.954644683	4027.73691	3.82448694
41	-120.89	97	18.00329	2.3183	4.2430284	5650.57575	2.663192167
40.21	-120.25	112	16.951086	2.6768	4.117169659	5466.44005	2.744603924
41.47	-120.18	89	18.00329	2.1271	4.2430284	5650.57575	2.663192167
41.2	-121.14	20	18.00329	0.478	4.2430284	5650.57575	2.663192167
41.15	-121.06	184	18.00329	4.3976	4.2430284	5650.57575	2.663192167
41.27	-122.61	36	15.872827	0.8604	3.984071661	5277.744725	2.836294365
41.81	-122.01	17	8.7181835	0.4063	2.952657024	4025.682113	3.827061494
41.83	-121.25	66	8.7181835	1.5774	2.952657024	4025.682113	3.827061494
40.73	-120.31	107	17.370102	2.5573	4.167745434	5539.76785	2.711298034
41.58	-122.88	38	8.7299252	0.9082	2.954644683	4027.73691	3.82448694
41.57	-122.89	14	8.7299252	0.3346	2.954644683	4027.73691	3.82448694
41.57	-122.88	17	8.7299252	0.4063	2.954644683	4027.73691	3.82448694
41.61	-122.53	76	8.7299252	1.8164	2.954644683	4027.73691	3.82448694
41.56	-122.53	28	8.7299252	0.6692	2.954644683	4027.73691	3.82448694
41.43	-122.5	38	8.7199984	0.9082	2.952964341	4025.99972	3.826663208
41.82	-122.44	41	8.7181835	0.9799	2.952657024	4025.682113	3.827061494
41.67	-122.43	53	8.7112598	1.2667	2.951484338	4024.470465	3.828582064
41.89	-122.4	10	8.7200031	0.239	2.952965137	4026.000543	3.826662177
41.96	-122.33	74	8.7200031	1.7686	2.952965137	4026.000543	3.826662177
41.98	-122.32	71	8.7200031	1.6969	2.952965137	4026.000543	3.826662177
41.9	-122.48	23	8.7200031	0.5497	2.952965137	4026.000543	3.826662177
41.9	-122.53	10	8.7200031	0.239	2.952965137	4026.000543	3.826662177
41.95	-122	141	8.7200031	3.3699	2.952965137	4026.000543	3.826662177
41.73	-120.38	7	18.00329	0.1673	4.2430284	5650.57575	2.663192167
41.64	-120.4	97	18.00329	2.3183	4.2430284	5650.57575	2.663192167
40.52	-120.68	46	17.50819	1.0994	4.18427891	5563.93325	2.700584794
41.55	-122.26	59	8.7135773	1.4101	2.951876911	4024.876028	3.828072897
42.14	-122.73	41	8.7200031	0.9799	2.952965137	4026.000543	3.826662177
44.67	-125.58	93.37	8.5858335	2.231543	2.930159296	4002.520863	3.856445626
44.58	-127.3	151.99	5.4504809	3.632561	2.334626501	3453.834158	4.840174646
44.81	-127.97	140.26	4.1015091	3.352214	2.025218285	3217.764093	5.579645457
44.95	-128.39	118.91	3.2205846	2.841949	1.79459873	3063.602305	6.296672239
45.1	-128.85	181.3	2.4179773	4.33307	1.554984662	2923.146028	7.266952706
44.67	-125.58	110.12	8.5858335	2.631868	2.930159296	4002.520863	3.856445626
44.84	-125.6	148.64	8.5421562	3.552496	2.922696734	3994.877335	3.866292342
44.91	-124.61	45.22	9.8163719	1.080758	3.133108983	4217.865083	3.606641218
44.84	-124.72	0	9.8749847	0	3.142448838	4228.122323	3.59592171
44.97	-125.1	72.44	9.5523081	1.731316	3.090680847	4171.653918	3.656152336
45.01	-125.15	65.32	9.2965679	1.561148	3.04902737	4126.899383	3.70609989
44.86	-125.13	82.07	9.5314922	1.961473	3.087311484	4168.011135	3.660142508
44.87	-125.28	87.09	9.1318445	2.081451	3.021894191	4098.072788	3.73937646
44.82	-125.59	130.63	8.5421562	3.122057	2.922696734	3994.877335	3.866292342
44.65	-125.58	123.52	8.6269598	2.952128	2.937168671	4009.717965	3.847242453
38.97	-119.27	65	16.215477	1.5535	4.026844546	5337.708475	2.806167427
46.77	-128.36	68	1.8929226	1.6252	1.375835237	2831.261455	8.213192753
46.77	-128.3	113	2.0580494	2.7007	1.434590325	2860.158645	7.876813195
46.76	-128.29	88	2.0580494	2.1032	1.434590325	2860.158645	7.876813195
46.76	-128.28	97	2.0580494	2.3183	1.434590325	2860.158645	7.876813195
46.76	-128.26	50	2.0580494	1.195	1.434590325	2860.158645	7.876813195
46.75	-128.26	47	2.1742797	1.1233	1.474543896	2880.498948	7.663386647
46.75	-128.25	91	2.1742797	2.1749	1.474543896	2880.498948	7.663386647
46.73	-128.23	68	2.4284899	1.6252	1.558361287	2924.985733	7.251206826
46.77	-128.35	55	2.0580494	1.3145	1.434590325	2860.158645	7.876813195
46.77	-128.35	43	2.0580494	1.0277	1.434590325	2860.158645	7.876813195
46.77	-128.34	62	2.0580494	1.4818	1.434590325	2860.158645	7.876813195
46.62	-127.83	104	3.3197627	2.4856	1.822021597	3080.958473	6.201902337
46.62	-127.83	127	3.3197627	3.0353	1.822021597	3080.958473	6.201902337
46.62	-127.83	123	3.3197627	2.9397	1.822021597	3080.958473	6.201902337
46.62	-127.78	124	3.3197627	2.9636	1.822021597	3080.958473	6.201902337
46.62	-127.78	117	3.3197627	2.7963	1.822021597	3080.958473	6.201902337
46.62	-127.78	134	3.3197627	3.2026	1.822021597	3080.958473	6.201902337
46.62	-127.78	165	3.3197627	3.9435	1.822021597	3080.958473	6.201902337
46.62	-127.78	171	3.3197627	4.0869	1.822021597	3080.958473	6.201902337
46.48	-127.25	159	4.6397758	3.8001	2.154013881	3311.960765	5.246020046
46.46	-127.2	131	4.6397758	3.1309	2.154013881	3311.960765	5.246020046
46.46	-127.19	141	4.6397758	3.3699	2.154013881	3311.960765	5.246020046
46.46	-127.19	167	4.6397758	3.9913	2.154013881	3311.960765	5.246020046
46.45	-127.18	161	4.6397758	3.8479	2.154013881	3311.960765	5.246020046
46.46	-127.18	131	4.6397758	3.1309	2.154013881	3311.960765	5.246020046
46.46	-127.16	165	4.6397758	3.9435	2.154013881	3311.960765	5.246020046
46.45	-127.16	161	4.6397758	3.8479	2.154013881	3311.960765	5.246020046
46.45	-127.14	164	4.9049993	3.9196	2.214723301	3358.374878	5.102217507
46.48	-127.25	174	4.6397758	4.1586	2.154013881	3311.960765	5.246020046
46.45	-127.13	187	4.9049993	4.4693	2.214723301	3358.374878	5.102217507
46.45	-127.13	170	4.9049993	4.063	2.214723301	3358.374878	5.102217507
46.45	-127.12	189	4.9049993	4.5171	2.214723301	3358.374878	5.102217507
46.44	-127.1	174	4.9191098	4.1586	2.217906626	3360.844215	5.094894379
46.47	-127.24	143	4.6397758	3.4177	2.154013881	3311.960765	5.246020046
46.47	-127.23	142	4.6397758	3.3938	2.154013881	3311.960765	5.246020046
46.47	-127.23	153	4.6397758	3.6567	2.154013881	3311.960765	5.246020046
46.46	-127.22	158	4.6397758	3.7762	2.154013881	3311.960765	5.246020046
46.46	-127.21	167	4.6397758	3.9913	2.154013881	3311.960765	5.246020046
46.32	-126.62	119	5.9918666	2.8441	2.447828956	3548.576655	4.616335619
46.32	-126.62	106	5.9918666	2.5334	2.447828956	3548.576655	4.616335619
46.32	-126.62	130	5.9918666	3.107	2.447828956	3548.576655	4.616335619
46.32	-126.62	143	5.9918666	3.4177	2.447828956	3548.576655	4.616335619
46.32	-126.62	119	5.9918666	2.8441	2.447828956	3548.576655	4.616335619
46.32	-126.62	117	5.9918666	2.7963	2.447828956	3548.576655	4.616335619
46.32	-126.62	126	5.9918666	3.0114	2.447828956	3548.576655	4.616335619
46.32	-126.62	139	5.9918666	3.3221	2.447828956	3548.576655	4.616335619
46.32	-126.62	130	5.9918666	3.107	2.447828956	3548.576655	4.616335619
46.32	-126.62	133	5.9918666	3.1787	2.447828956	3548.576655	4.616335619
46.32	-126.62	124	5.9918666	2.9636	2.447828956	3548.576655	4.616335619
46.32	-126.62	144	5.9918666	3.4416	2.447828956	3548.576655	4.616335619
46.32	-126.62	149	5.9918666	3.5611	2.447828956	3548.576655	4.616335619
46.32	-126.62	146	5.9918666	3.4894	2.447828956	3548.576655	4.616335619
46.32	-126.62	139	5.9918666	3.3221	2.447828956	3548.576655	4.616335619
46.32	-126.62	156	5.9918666	3.7284	2.447828956	3548.576655	4.616335619
46.32	-126.62	165	5.9918666	3.9435	2.447828956	3548.576655	4.616335619
46.32	-126.62	144	5.9918666	3.4416	2.447828956	3548.576655	4.616335619
46.32	-126.62	158	5.9918666	3.7762	2.447828956	3548.576655	4.616335619
46.32	-126.62	135	5.9918666	3.2265	2.447828956	3548.576655	4.616335619
46.32	-126.62	129	5.9918666	3.0831	2.447828956	3548.576655	4.616335619
46.32	-126.62	167	5.9918666	3.9913	2.447828956	3548.576655	4.616335619
46.32	-126.62	162	5.9918666	3.8718	2.447828956	3548.576655	4.616335619
46.32	-126.62	144	5.9918666	3.4416	2.447828956	3548.576655	4.616335619
46.32	-126.62	143	5.9918666	3.4177	2.447828956	3548.576655	4.616335619
46.32	-126.62	146	5.9918666	3.4894	2.447828956	3548.576655	4.616335619
46.32	-126.62	137	5.9918666	3.2743	2.447828956	3548.576655	4.616335619
46.32	-126.62	116	5.9918666	2.7724	2.447828956	3548.576655	4.616335619
46.32	-126.62	126	5.9918666	3.0114	2.447828956	3548.576655	4.616335619
46.32	-126.62	113	5.9918666	2.7007	2.447828956	3548.576655	4.616335619
46.32	-126.62	119	5.9918666	2.8441	2.447828956	3548.576655	4.616335619
46.32	-126.62	124	5.9918666	2.9636	2.447828956	3548.576655	4.616335619
46.32	-126.62	149	5.9918666	3.5611	2.447828956	3548.576655	4.616335619
46.32	-126.62	128	5.9918666	3.0592	2.447828956	3548.576655	4.616335619
46.32	-126.62	125	5.9918666	2.9875	2.447828956	3548.576655	4.616335619
46.32	-126.62	145	5.9918666	3.4655	2.447828956	3548.576655	4.616335619
46.32	-126.62	126	5.9918666	3.0114	2.447828956	3548.576655	4.616335619
46.32	-126.62	130	5.9918666	3.107	2.447828956	3548.576655	4.616335619
46.17	-125.95	121	7.3550162	2.8919	2.712013311	3787.127835	4.166646216
46.17	-125.95	122	7.3550162	2.9158	2.712013311	3787.127835	4.166646216
46.17	-125.95	131	7.3550162	3.1309	2.712013311	3787.127835	4.166646216
46.18	-125.9	123	7.4997277	2.9397	2.738563072	3812.452348	4.126251506
46.18	-125.9	110	7.4997277	2.629	2.738563072	3812.452348	4.126251506
46.08	-125.6	56	8.179697	1.3384	2.860016958	3931.446975	3.951025524
46.08	-125.6	81	8.179697	1.9359	2.860016958	3931.446975	3.951025524
46.08	-125.6	79	8.179697	1.8881	2.860016958	3931.446975	3.951025524
46.08	-125.6	83	8.179697	1.9837	2.860016958	3931.446975	3.951025524
46.08	-125.6	82	8.179697	1.9598	2.860016958	3931.446975	3.951025524
46.08	-125.6	79	8.179697	1.8881	2.860016958	3931.446975	3.951025524
46.08	-125.6	85	8.179697	2.0315	2.860016958	3931.446975	3.951025524
46.08	-125.6	74	8.179697	1.7686	2.860016958	3931.446975	3.951025524
46.08	-125.6	77	8.179697	1.8403	2.860016958	3931.446975	3.951025524
46.08	-125.6	71	8.179697	1.6969	2.860016958	3931.446975	3.951025524
46.08	-125.6	74	8.179697	1.7686	2.860016958	3931.446975	3.951025524
46.08	-125.6	84	8.179697	2.0076	2.860016958	3931.446975	3.951025524
46.08	-125.6	79	8.179697	1.8881	2.860016958	3931.446975	3.951025524
46.08	-125.6	78	8.179697	1.8642	2.860016958	3931.446975	3.951025524
46.08	-125.6	79	8.179697	1.8881	2.860016958	3931.446975	3.951025524
46.08	-125.6	80	8.179697	1.912	2.860016958	3931.446975	3.951025524
46.08	-125.6	79	8.179697	1.8881	2.860016958	3931.446975	3.951025524
46.87	-128.7	214	1.0900005	5.1146	1.04403089	2690.750088	10.82343454
46.87	-128.7	118	1.0900005	2.8202	1.04403089	2690.750088	10.82343454
46.87	-128.7	284	1.0900005	6.7876	1.04403089	2690.750088	10.82343454
46.87	-128.7	243	1.0900005	5.8077	1.04403089	2690.750088	10.82343454
46.87	-128.7	252	1.0900005	6.0228	1.04403089	2690.750088	10.82343454
46.87	-128.7	267	1.0900005	6.3813	1.04403089	2690.750088	10.82343454
46.87	-128.7	156	1.0900005	3.7284	1.04403089	2690.750088	10.82343454
47.15	-129.73	149	1.6300219	3.5611	1.27672311	2785.253833	8.850783627
47.15	-129.73	213	1.6300219	5.0907	1.27672311	2785.253833	8.850783627
47.15	-129.73	99	1.6300219	2.3661	1.27672311	2785.253833	8.850783627
47.15	-129.73	65	1.6300219	1.5535	1.27672311	2785.253833	8.850783627
47.15	-129.73	78	1.6300219	1.8642	1.27672311	2785.253833	8.850783627
47.15	-129.73	189	1.6300219	4.5171	1.27672311	2785.253833	8.850783627
47.15	-129.73	178	1.6300219	4.2542	1.27672311	2785.253833	8.850783627
47.15	-129.73	131	1.6300219	3.1309	1.27672311	2785.253833	8.850783627
47.15	-129.73	88	1.6300219	2.1032	1.27672311	2785.253833	8.850783627
47.15	-129.73	181	1.6300219	4.3259	1.27672311	2785.253833	8.850783627
47.15	-129.73	180	1.6300219	4.302	1.27672311	2785.253833	8.850783627
47.15	-129.73	125	1.6300219	2.9875	1.27672311	2785.253833	8.850783627
47.15	-129.73	139	1.6300219	3.3221	1.27672311	2785.253833	8.850783627
47.15	-129.73	79	1.6300219	1.8881	1.27672311	2785.253833	8.850783627
47.15	-129.73	113	1.6300219	2.7007	1.27672311	2785.253833	8.850783627
46.82	-128.5	213	1.7001911	5.0907	1.303913762	2797.533443	8.666217295
46.82	-128.5	199	1.7001911	4.7561	1.303913762	2797.533443	8.666217295
46.82	-128.5	224	1.7001911	5.3536	1.303913762	2797.533443	8.666217295
46.82	-128.5	173	1.7001911	4.1347	1.303913762	2797.533443	8.666217295
46.82	-128.5	170	1.7001911	4.063	1.303913762	2797.533443	8.666217295
46.8	-128.4	95	1.8929226	2.2705	1.375835237	2831.261455	8.213192753
46.8	-128.4	112	1.8929226	2.6768	1.375835237	2831.261455	8.213192753
46.8	-128.4	88	1.8929226	2.1032	1.375835237	2831.261455	8.213192753
46.8	-128.4	90	1.8929226	2.151	1.375835237	2831.261455	8.213192753
43.89	-122.21	115	9.5827484	2.7485	3.09560146	4176.98097	3.6503407
43.88	-122.37	91	9.5827484	2.1749	3.09560146	4176.98097	3.6503407
43.88	-122.07	91	9.5827484	2.1749	3.09560146	4176.98097	3.6503407
43.59	-122.23	100	9.5827484	2.39	3.09560146	4176.98097	3.6503407
44.08	-122.23	159	9.8749847	3.8001	3.142448838	4228.122323	3.59592171
43.8	-122.31	68	9.5827484	1.6252	3.09560146	4176.98097	3.6503407
44.11	-122.23	83	9.8749847	1.9837	3.142448838	4228.122323	3.59592171
46.77	-125.92	125	7.4773855	2.9875	2.734480847	3808.542463	4.132411465
46.77	-125.92	125	7.4773855	2.9875	2.734480847	3808.542463	4.132411465
46.76	-126.04	119	7.2581306	2.8441	2.694091795	3770.172855	4.194363392
46.76	-126.04	119	7.2581306	2.8441	2.694091795	3770.172855	4.194363392
46.76	-126.05	115	7.0691643	2.7485	2.658790007	3737.103753	4.250053585
46.76	-126.05	115	7.0691643	2.7485	2.658790007	3737.103753	4.250053585
46.77	-125.94	125	7.4773855	2.9875	2.734480847	3808.542463	4.132411465
46.77	-125.94	125	7.4773855	2.9875	2.734480847	3808.542463	4.132411465
46.77	-125.95	122	7.2581306	2.9158	2.694091795	3770.172855	4.194363392
46.77	-125.95	122	7.2581306	2.9158	2.694091795	3770.172855	4.194363392
46.76	-125.96	115	7.2581306	2.7485	2.694091795	3770.172855	4.194363392
46.76	-125.96	115	7.2581306	2.7485	2.694091795	3770.172855	4.194363392
46.76	-125.98	116	7.2581306	2.7724	2.694091795	3770.172855	4.194363392
46.76	-125.98	116	7.2581306	2.7724	2.694091795	3770.172855	4.194363392
46.76	-125.98	115	7.2581306	2.7485	2.694091795	3770.172855	4.194363392
46.76	-125.98	115	7.2581306	2.7485	2.694091795	3770.172855	4.194363392
46.76	-125.98	111	7.2581306	2.6529	2.694091795	3770.172855	4.194363392
46.76	-125.98	111	7.2581306	2.6529	2.694091795	3770.172855	4.194363392
46.76	-126.04	122	7.2581306	2.9158	2.694091795	3770.172855	4.194363392
46.76	-126.04	122	7.2581306	2.9158	2.694091795	3770.172855	4.194363392
46.74	-126.23	327	6.8100848	7.8153	2.609613918	3691.76484	4.330142449
46.74	-126.23	327	6.8100848	7.8153	2.609613918	3691.76484	4.330142449
46.74	-126.22	189	6.8100848	4.5171	2.609613918	3691.76484	4.330142449
46.74	-126.22	189	6.8100848	4.5171	2.609613918	3691.76484	4.330142449
46.74	-126.2	112	6.8100848	2.6768	2.609613918	3691.76484	4.330142449
46.74	-126.2	112	6.8100848	2.6768	2.609613918	3691.76484	4.330142449
46.74	-126.19	132	6.8100848	3.1548	2.609613918	3691.76484	4.330142449
46.74	-126.19	132	6.8100848	3.1548	2.609613918	3691.76484	4.330142449
46.74	-126.18	122	6.8100848	2.9158	2.609613918	3691.76484	4.330142449
46.74	-126.18	122	6.8100848	2.9158	2.609613918	3691.76484	4.330142449
46.75	-126.16	134	6.8100848	3.2026	2.609613918	3691.76484	4.330142449
46.75	-126.16	134	6.8100848	3.2026	2.609613918	3691.76484	4.330142449
46.74	-126.18	125	6.8100848	2.9875	2.609613918	3691.76484	4.330142449
46.74	-126.18	125	6.8100848	2.9875	2.609613918	3691.76484	4.330142449
46.74	-126.2	141	6.8100848	3.3699	2.609613918	3691.76484	4.330142449
46.74	-126.2	141	6.8100848	3.3699	2.609613918	3691.76484	4.330142449
46.74	-126.21	159	6.8100848	3.8001	2.609613918	3691.76484	4.330142449
46.74	-126.21	159	6.8100848	3.8001	2.609613918	3691.76484	4.330142449
46.74	-126.21	166	6.8100848	3.9674	2.609613918	3691.76484	4.330142449
46.74	-126.21	166	6.8100848	3.9674	2.609613918	3691.76484	4.330142449
46.74	-126.22	265	6.8100848	6.3335	2.609613918	3691.76484	4.330142449
46.74	-126.22	265	6.8100848	6.3335	2.609613918	3691.76484	4.330142449
46.74	-126.24	443	6.8100848	10.5877	2.609613918	3691.76484	4.330142449
46.74	-126.24	443	6.8100848	10.5877	2.609613918	3691.76484	4.330142449
46.74	-126.24	457	6.8100848	10.9223	2.609613918	3691.76484	4.330142449
46.74	-126.24	457	6.8100848	10.9223	2.609613918	3691.76484	4.330142449
46.74	-126.25	418	6.8100848	9.9902	2.609613918	3691.76484	4.330142449
46.74	-126.25	418	6.8100848	9.9902	2.609613918	3691.76484	4.330142449
45.43	-125.73	622	8.0344667	14.8658	2.834513486	3906.031673	3.986574789
45.43	-125.73	622	8.0344667	14.8658	2.834513486	3906.031673	3.986574789
45.43	-125.75	961	7.8805914	22.9679	2.807239106	3879.103495	4.025307276
45.43	-125.75	961	7.8805914	22.9679	2.807239106	3879.103495	4.025307276
45.43	-125.76	815	7.8805914	19.4785	2.807239106	3879.103495	4.025307276
45.43	-125.76	815	7.8805914	19.4785	2.807239106	3879.103495	4.025307276
45.43	-125.77	335	7.8805914	8.0065	2.807239106	3879.103495	4.025307276
45.43	-125.77	335	7.8805914	8.0065	2.807239106	3879.103495	4.025307276
45.43	-125.79	316	7.8805914	7.5524	2.807239106	3879.103495	4.025307276
45.43	-125.79	316	7.8805914	7.5524	2.807239106	3879.103495	4.025307276
45.42	-125.8	244	7.8805914	5.8316	2.807239106	3879.103495	4.025307276
45.42	-125.8	244	7.8805914	5.8316	2.807239106	3879.103495	4.025307276
45.42	-125.82	161	7.8805914	3.8479	2.807239106	3879.103495	4.025307276
45.42	-125.82	161	7.8805914	3.8479	2.807239106	3879.103495	4.025307276
45.43	-125.64	107	8.1844883	2.5573	2.86085447	3932.285453	3.949868865
45.43	-125.64	107	8.1844883	2.5573	2.86085447	3932.285453	3.949868865
45.43	-125.67	161	8.0344667	3.8479	2.834513486	3906.031673	3.986574789
45.43	-125.67	161	8.0344667	3.8479	2.834513486	3906.031673	3.986574789
45.43	-125.7	190	8.0344667	4.541	2.834513486	3906.031673	3.986574789
45.43	-125.7	190	8.0344667	4.541	2.834513486	3906.031673	3.986574789
45.43	-125.71	104	8.0344667	2.4856	2.834513486	3906.031673	3.986574789
45.43	-125.71	104	8.0344667	2.4856	2.834513486	3906.031673	3.986574789
45.43	-125.72	332	8.0344667	7.9348	2.834513486	3906.031673	3.986574789
45.43	-125.72	332	8.0344667	7.9348	2.834513486	3906.031673	3.986574789
45.36	-125.67	149	8.0344667	3.5611	2.834513486	3906.031673	3.986574789
45.36	-125.67	149	8.0344667	3.5611	2.834513486	3906.031673	3.986574789
45.48	-125.71	132	8.0390244	3.1548	2.835317337	3906.82927	3.98544454
45.48	-125.71	132	8.0390244	3.1548	2.835317337	3906.82927	3.98544454
45.5	-125.72	119	8.0390244	2.8441	2.835317337	3906.82927	3.98544454
45.5	-125.72	119	8.0390244	2.8441	2.835317337	3906.82927	3.98544454
45.37	-125.68	122	8.0344667	2.9158	2.834513486	3906.031673	3.986574789
45.37	-125.68	122	8.0344667	2.9158	2.834513486	3906.031673	3.986574789
45.45	-125.7	206	8.0390244	4.9234	2.835317337	3906.82927	3.98544454
45.45	-125.7	206	8.0390244	4.9234	2.835317337	3906.82927	3.98544454
45.47	-125.71	165	8.0390244	3.9435	2.835317337	3906.82927	3.98544454
45.47	-125.71	165	8.0390244	3.9435	2.835317337	3906.82927	3.98544454
46.68	-126.14	119	7.0371647	2.8441	2.652765482	3731.503823	4.259705609
46.68	-126.14	119	7.0371647	2.8441	2.652765482	3731.503823	4.259705609
46.68	-126.15	121	6.8100848	2.8919	2.609613918	3691.76484	4.330142449
46.68	-126.15	121	6.8100848	2.8919	2.609613918	3691.76484	4.330142449
46.68	-126.16	133	6.8100848	3.1787	2.609613918	3691.76484	4.330142449
46.68	-126.16	133	6.8100848	3.1787	2.609613918	3691.76484	4.330142449
46.67	-126.18	124	6.8100848	2.9636	2.609613918	3691.76484	4.330142449
46.67	-126.18	124	6.8100848	2.9636	2.609613918	3691.76484	4.330142449
46.67	-126.19	133	6.8100848	3.1787	2.609613918	3691.76484	4.330142449
46.67	-126.19	133	6.8100848	3.1787	2.609613918	3691.76484	4.330142449
46.67	-126.2	135	6.8100848	3.2265	2.609613918	3691.76484	4.330142449
46.67	-126.2	135	6.8100848	3.2265	2.609613918	3691.76484	4.330142449
41.68	-124.93	56	8.7112598	1.3384	2.951484338	4024.470465	3.828582064
41	-126.43	167	3.5363894	3.9913	1.880529021	3118.868145	6.008947414
39.09	-127.78	46	26.078346	1.0994	5.106696192	7063.71055	2.21278094
40.08	-125.34	82	16.723663	1.9598	4.089457543	5426.641025	2.763202669
47.92	-128.8	75	0.66285837	1.7925	0.814161145	2616.000215	13.87931624
47.91	-128.75	129	0.66285837	3.0831	0.814161145	2616.000215	13.87931624
47.89	-128.65	434	0.91232389	10.3726	0.955156474	2659.656681	11.83052233
47.77	-127.77	298	3.1612465	7.1222	1.777989454	3053.218138	6.355493263
47.77	-127.77	382	3.1612465	9.1298	1.777989454	3053.218138	6.355493263
47.76	-127.74	109	3.3711357	2.6051	1.836065277	3089.948748	6.154465282
47.86	-128.51	464	1.414219	11.0896	1.189209401	2747.488325	9.502111225
47.84	-128.38	350	1.6586365	8.365	1.287880623	2790.261388	8.774105142
47.89	-128.58	889	1.1679138	21.2471	1.080700606	2704.384915	10.45617994
47.79	-128.13	296	2.4378891	7.0744	1.561374106	2926.630593	7.237214934
48.43	-128.68	1160	0.79336768	27.724	0.890711895	2638.839344	12.68648152
48.43	-128.68	1968	0.79336768	47.0352	0.890711895	2638.839344	12.68648152
48.46	-128.71	4268	0.59159386	102.0052	0.76915139	2603.528926	14.69151607
40.95	-127.52	180	0.021391379	4.302	0.146257919	2503.743491	77.26077359
41	-127.49	2726	0.021391379	65.1514	0.146257919	2503.743491	77.26077359
48.44	-128.6	418	1.033847	9.9902	1.016782671	2680.923225	11.11348602
48.44	-128.7	748	0.79336768	17.8772	0.890711895	2638.839344	12.68648152
48.44	-128.7	2061	0.79336768	49.2579	0.890711895	2638.839344	12.68648152
48.44	-128.7	746	0.79336768	17.8294	0.890711895	2638.839344	12.68648152
48.44	-128.7	879	0.79336768	21.0081	0.890711895	2638.839344	12.68648152
48.46	-128.7	1866	0.59159386	44.5974	0.76915139	2603.528926	14.69151607
48.46	-128.7	13161	0.59159386	314.5479	0.76915139	2603.528926	14.69151607
48.46	-128.7	4104	0.59159386	98.0856	0.76915139	2603.528926	14.69151607
48.17	-126.7	120	5.5965943	2.868	2.365712218	3479.404003	4.776574223
48.7	-126.9	75	5.5437579	1.7925	2.354518613	3470.157633	4.79928251
48.66	-126.9	26	5.5437579	0.6214	2.354518613	3470.157633	4.79928251
44.67	-125.1	78	9.5507097	1.8642	3.090422253	4171.374198	3.656458269
38.83	-121.17	25	16.676729	0.5975	4.083715098	5418.427575	2.767088234
45.68	-120.12	50	9.5560369	1.195	3.091284021	4172.306458	3.655438945
38.98	-120.32	52	16.215477	1.2428	4.026844546	5337.708475	2.806167427
38.55	-120.57	30	16.215477	0.717	4.026844546	5337.708475	2.806167427
39.7	-122.88	66	18.00329	1.5774	4.2430284	5650.57575	2.663192167
46.58	-119.52	63	9.7773581	1.5057	3.126876732	4211.037668	3.613829699
46.35	-119.27	52	9.5389538	1.2428	3.088519678	4169.316915	3.658710703
39.43	-123.73	83	18.287436	1.9837	4.27638118	5700.3013	2.642421132
39.38	-119.63	115	16.215477	2.7485	4.026844546	5337.708475	2.806167427
37.32	-122.12	92	16.215477	2.1988	4.026844546	5337.708475	2.806167427
46.43	-119.78	59	9.543684	1.4101	3.089285354	4170.1447	3.657803894
46.43	-119.78	57	9.543684	1.3623	3.089285354	4170.1447	3.657803894
37.1	-119.73	25	16.19442	0.5975	4.024229119	5334.0235	2.807991212
37.17	-120.07	18	16.19442	0.4302	4.024229119	5334.0235	2.807991212
37.45	-122.03	84	16.215477	2.0076	4.026844546	5337.708475	2.806167427
37.8	-121.58	40	16.215477	0.956	4.026844546	5337.708475	2.806167427
42.1	-119.92	104	18.00329	2.4856	4.2430284	5650.57575	2.663192167
42.17	-119.86	75	18.00329	1.7925	4.2430284	5650.57575	2.663192167
39.47	-119.63	87	16.215477	2.0793	4.026844546	5337.708475	2.806167427
39.57	-123.12	75	18.100437	1.7925	4.254460835	5667.576475	2.656035732
38.93	-119.07	77	16.215477	1.8403	4.026844546	5337.708475	2.806167427
38.92	-119.07	75	16.215477	1.7925	4.026844546	5337.708475	2.806167427
42.23	-121.76	53	8.7200031	1.2667	2.952965137	4026.000543	3.826662177
42.15	-121.68	58	8.7200031	1.3862	2.952965137	4026.000543	3.826662177
42.03	-121.59	54	8.7200031	1.2906	2.952965137	4026.000543	3.826662177
42.06	-121.62	41	8.7200031	0.9799	2.952965137	4026.000543	3.826662177
42.23	-121.76	715	8.7200031	17.0885	2.952965137	4026.000543	3.826662177
38.87	-120.65	44	16.364212	1.0516	4.045270325	5363.7371	2.793385631
42.09	-121.7	58	8.7200031	1.3862	2.952965137	4026.000543	3.826662177
42.17	-121.65	33	8.7200031	0.7887	2.952965137	4026.000543	3.826662177
42.2	-121.74	129	8.7200031	3.0831	2.952965137	4026.000543	3.826662177
42.15	-121.7	66	8.7200031	1.5774	2.952965137	4026.000543	3.826662177
42.09	-121.9	12	8.7200031	0.2868	2.952965137	4026.000543	3.826662177
42.15	-121.68	62	8.7200031	1.4818	2.952965137	4026.000543	3.826662177
42	-121.7	66	8.7200031	1.5774	2.952965137	4026.000543	3.826662177
42.19	-121.8	167	8.7200031	3.9913	2.952965137	4026.000543	3.826662177
38.85	-119.75	47	16.215477	1.1233	4.026844546	5337.708475	2.806167427
42.19	-121.71	104	8.7200031	2.4856	2.952965137	4026.000543	3.826662177
42.18	-121.7	37	8.7200031	0.8843	2.952965137	4026.000543	3.826662177
42.13	-121.74	62	8.7200031	1.4818	2.952965137	4026.000543	3.826662177
42.19	-121.77	8	8.7200031	0.1912	2.952965137	4026.000543	3.826662177
42.19	-121.78	121	8.7200031	2.8919	2.952965137	4026.000543	3.826662177
42.17	-121.68	20	8.7200031	0.478	2.952965137	4026.000543	3.826662177
42.06	-121.76	54	8.7200031	1.2906	2.952965137	4026.000543	3.826662177
42.06	-121.6	92	8.7200031	2.1988	2.952965137	4026.000543	3.826662177
42.01	-121.82	12	8.7200031	0.2868	2.952965137	4026.000543	3.826662177
38.83	-121.17	25	16.676729	0.5975	4.083715098	5418.427575	2.767088234
38.98	-120.32	52	16.215477	1.2428	4.026844546	5337.708475	2.806167427
42.17	-121.62	301	8.7200031	7.1939	2.952965137	4026.000543	3.826662177
42.03	-121.75	60	8.7200031	1.434	2.952965137	4026.000543	3.826662177
42.02	-121.69	96	8.7200031	2.2944	2.952965137	4026.000543	3.826662177
38.55	-120.57	30	16.215477	0.717	4.026844546	5337.708475	2.806167427
42.24	-121.78	97	8.7200031	2.3183	2.952965137	4026.000543	3.826662177
42.25	-121.78	121	8.7200031	2.8919	2.952965137	4026.000543	3.826662177
42.13	-121.8	37	8.7200031	0.8843	2.952965137	4026.000543	3.826662177
42.01	-121.63	83	8.7200031	1.9837	2.952965137	4026.000543	3.826662177
38.97	-119.27	65	16.215477	1.5535	4.026844546	5337.708475	2.806167427
46.54	-122.82	37	9.6252508	0.8843	3.102458831	4184.41889	3.642272344
46.54	-122.84	35	9.6252508	0.8365	3.102458831	4184.41889	3.642272344
42.07	-121.8	33	8.7200031	0.7887	2.952965137	4026.000543	3.826662177
42.11	-121.69	138	8.7200031	3.2982	2.952965137	4026.000543	3.826662177
42.11	-121.87	108	8.7200031	2.5812	2.952965137	4026.000543	3.826662177
42.2	-121.73	125	8.7200031	2.9875	2.952965137	4026.000543	3.826662177
38.83	-120.25	34	16.215477	0.8126	4.026844546	5337.708475	2.806167427
47.95	-129.1	26	0.02951305	0.6214	0.171793626	2505.164784	65.77659632
47.95	-129.08	438	0.02951305	10.4682	0.171793626	2505.164784	65.77659632
47.95	-129.1	1986	0.02951305	47.4654	0.171793626	2505.164784	65.77659632
47.95	-129.1	198	0.02951305	4.7322	0.171793626	2505.164784	65.77659632
47.95	-129.1	17	0.02951305	0.4063	0.171793626	2505.164784	65.77659632
47.95	-129.09	66	0.02951305	1.5774	0.171793626	2505.164784	65.77659632
47.95	-129.1	6102	0.02951305	145.8378	0.171793626	2505.164784	65.77659632
47.95	-129.1	646	0.02951305	15.4394	0.171793626	2505.164784	65.77659632
47.95	-129.1	28	0.02951305	0.6692	0.171793626	2505.164784	65.77659632
47.95	-129.1	235	0.02951305	5.6165	0.171793626	2505.164784	65.77659632
47.95	-129.1	2431	0.02951305	58.1009	0.171793626	2505.164784	65.77659632
47.95	-129.1	174	0.02951305	4.1586	0.171793626	2505.164784	65.77659632
47.95	-129.1	13216	0.02951305	315.8624	0.171793626	2505.164784	65.77659632
47.95	-129.1	11398	0.02951305	272.4122	0.171793626	2505.164784	65.77659632
47.95	-129.1	39	0.02951305	0.9321	0.171793626	2505.164784	65.77659632
47.95	-129.09	101	0.02951305	2.4139	0.171793626	2505.164784	65.77659632
47.95	-129.09	167	0.02951305	3.9913	0.171793626	2505.164784	65.77659632
47.95	-129.1	155	0.02951305	3.7045	0.171793626	2505.164784	65.77659632
47.96	-129.1	1471	0.02951305	35.1569	0.171793626	2505.164784	65.77659632
47.96	-129.1	131	0.02951305	3.1309	0.171793626	2505.164784	65.77659632
47.96	-129.1	77	0.02951305	1.8403	0.171793626	2505.164784	65.77659632
47.96	-129.09	39	0.02951305	0.9321	0.171793626	2505.164784	65.77659632
47.96	-129.09	33	0.02951305	0.7887	0.171793626	2505.164784	65.77659632
47.95	-129.09	198	0.02951305	4.7322	0.171793626	2505.164784	65.77659632
47.95	-129.1	1703	0.02951305	40.7017	0.171793626	2505.164784	65.77659632
47.96	-129.09	10061	0.02951305	240.4579	0.171793626	2505.164784	65.77659632
47.96	-129.1	72	0.02951305	1.7208	0.171793626	2505.164784	65.77659632
47.96	-129.1	137	0.02951305	3.2743	0.171793626	2505.164784	65.77659632
47.96	-129.1	12967	0.02951305	309.9113	0.171793626	2505.164784	65.77659632
47.96	-129.09	3894	0.02951305	93.0666	0.171793626	2505.164784	65.77659632
47.96	-129.09	66	0.02951305	1.5774	0.171793626	2505.164784	65.77659632
47.96	-129.09	22	0.02951305	0.5258	0.171793626	2505.164784	65.77659632
47.95	-129.09	904	0.02951305	21.6056	0.171793626	2505.164784	65.77659632
47.95	-129.09	2083	0.02951305	49.7837	0.171793626	2505.164784	65.77659632
47.96	-129.1	217	0.02951305	5.1863	0.171793626	2505.164784	65.77659632
47.96	-129.1	14417	0.02951305	344.5663	0.171793626	2505.164784	65.77659632
47.96	-129.1	55	0.02951305	1.3145	0.171793626	2505.164784	65.77659632
47.96	-129.09	6	0.02951305	0.1434	0.171793626	2505.164784	65.77659632
47.95	-129.1	28	0.02951305	0.6692	0.171793626	2505.164784	65.77659632
47.95	-129.1	89	0.02951305	2.1271	0.171793626	2505.164784	65.77659632
47.95	-129.09	490	0.02951305	11.711	0.171793626	2505.164784	65.77659632
47.95	-129.09	5629	0.02951305	134.5331	0.171793626	2505.164784	65.77659632
47.95	-129.09	149	0.02951305	3.5611	0.171793626	2505.164784	65.77659632
47.95	-129.09	66	0.02951305	1.5774	0.171793626	2505.164784	65.77659632
47.96	-129.1	7765	0.02951305	185.5835	0.171793626	2505.164784	65.77659632
47.95	-129.1	242	0.02951305	5.7838	0.171793626	2505.164784	65.77659632
47.95	-129.09	-6	0.02951305	-0.1434	0.171793626	2505.164784	65.77659632
47.95	-129.09	4841	0.02951305	115.6999	0.171793626	2505.164784	65.77659632
47.96	-129.09	137	0.02951305	3.2743	0.171793626	2505.164784	65.77659632
47.96	-129.1	4797	0.02951305	114.6483	0.171793626	2505.164784	65.77659632
47.96	-129.09	6	0.02951305	0.1434	0.171793626	2505.164784	65.77659632
47.95	-129.09	10882	0.02951305	260.0798	0.171793626	2505.164784	65.77659632
47.95	-129.09	137	0.02951305	3.2743	0.171793626	2505.164784	65.77659632
47.95	-129.09	17	0.02951305	0.4063	0.171793626	2505.164784	65.77659632
47.95	-129.1	161	0.02951305	3.8479	0.171793626	2505.164784	65.77659632
47.95	-129.09	425	0.02951305	10.1575	0.171793626	2505.164784	65.77659632
47.95	-129.09	745	0.02951305	17.8055	0.171793626	2505.164784	65.77659632
47.95	-129.09	2718	0.02951305	64.9602	0.171793626	2505.164784	65.77659632
47.95	-129.1	125	0.02951305	2.9875	0.171793626	2505.164784	65.77659632
47.95	-129.1	61	0.02951305	1.4579	0.171793626	2505.164784	65.77659632
47.95	-129.1	61	0.02951305	1.4579	0.171793626	2505.164784	65.77659632
47.95	-129.09	432	0.02951305	10.3248	0.171793626	2505.164784	65.77659632
47.95	-129.09	542	0.02951305	12.9538	0.171793626	2505.164784	65.77659632
47.95	-129.09	2000	0.02951305	47.8	0.171793626	2505.164784	65.77659632
47.95	-129.09	33	0.02951305	0.7887	0.171793626	2505.164784	65.77659632
47.96	-129.09	393	0.02951305	9.3927	0.171793626	2505.164784	65.77659632
47.95	-129.09	2543	0.02951305	60.7777	0.171793626	2505.164784	65.77659632
47.95	-129.1	66	0.02951305	1.5774	0.171793626	2505.164784	65.77659632
47.95	-129.09	167	0.02951305	3.9913	0.171793626	2505.164784	65.77659632
47.96	-129.1	101	0.02951305	2.4139	0.171793626	2505.164784	65.77659632
47.96	-129.1	1944	0.02951305	46.4616	0.171793626	2505.164784	65.77659632
47.96	-129.1	745	0.02951305	17.8055	0.171793626	2505.164784	65.77659632
47.96	-129.09	712	0.02951305	17.0168	0.171793626	2505.164784	65.77659632
47.96	-129.09	39	0.02951305	0.9321	0.171793626	2505.164784	65.77659632
47.96	-129.09	33	0.02951305	0.7887	0.171793626	2505.164784	65.77659632
47.95	-129.1	304	0.02951305	7.2656	0.171793626	2505.164784	65.77659632
47.95	-129.1	666	0.02951305	15.9174	0.171793626	2505.164784	65.77659632
47.95	-129.09	1745	0.02951305	41.7055	0.171793626	2505.164784	65.77659632
47.95	-129.09	4173	0.02951305	99.7347	0.171793626	2505.164784	65.77659632
47.95	-129.09	33	0.02951305	0.7887	0.171793626	2505.164784	65.77659632
47.95	-129.09	17	0.02951305	0.4063	0.171793626	2505.164784	65.77659632
47.96	-129.1	904	0.02951305	21.6056	0.171793626	2505.164784	65.77659632
47.95	-129.1	77	0.02951305	1.8403	0.171793626	2505.164784	65.77659632
47.96	-129.1	2922	0.02951305	69.8358	0.171793626	2505.164784	65.77659632
47.96	-129.1	12726	0.02951305	304.1514	0.171793626	2505.164784	65.77659632
47.95	-129.1	438	0.02951305	10.4682	0.171793626	2505.164784	65.77659632
47.95	-129.09	167	0.02951305	3.9913	0.171793626	2505.164784	65.77659632
47.96	-129.09	22	0.02951305	0.5258	0.171793626	2505.164784	65.77659632
47.95	-129.1	1334	0.02951305	31.8826	0.171793626	2505.164784	65.77659632
47.95	-129.1	180	0.02951305	4.302	0.171793626	2505.164784	65.77659632
47.95	-129.09	1498	0.02951305	35.8022	0.171793626	2505.164784	65.77659632
47.96	-129.1	4223	0.02951305	100.9297	0.171793626	2505.164784	65.77659632
47.96	-129.09	61	0.02951305	1.4579	0.171793626	2505.164784	65.77659632
47.95	-129.09	438	0.02951305	10.4682	0.171793626	2505.164784	65.77659632
47.96	-129.1	101	0.02951305	2.4139	0.171793626	2505.164784	65.77659632
47.96	-129.1	50	0.02951305	1.195	0.171793626	2505.164784	65.77659632
47.96	-129.09	125	0.02951305	2.9875	0.171793626	2505.164784	65.77659632
47.96	-129.09	490	0.02951305	11.711	0.171793626	2505.164784	65.77659632
47.96	-129.1	3758	0.02951305	89.8162	0.171793626	2505.164784	65.77659632
47.96	-129.1	11	0.02951305	0.2629	0.171793626	2505.164784	65.77659632
47.96	-129.1	613	0.02951305	14.6507	0.171793626	2505.164784	65.77659632
47.95	-129.1	3965	0.02951305	94.7635	0.171793626	2505.164784	65.77659632
47.95	-129.09	11	0.02951305	0.2629	0.171793626	2505.164784	65.77659632
47.95	-129.09	39	0.02951305	0.9321	0.171793626	2505.164784	65.77659632
47.95	-129.09	1827	0.02951305	43.6653	0.171793626	2505.164784	65.77659632
47.95	-129.1	13789	0.02951305	329.5571	0.171793626	2505.164784	65.77659632
47.95	-129.1	22	0.02951305	0.5258	0.171793626	2505.164784	65.77659632
47.95	-129.1	1145	0.02951305	27.3655	0.171793626	2505.164784	65.77659632
47.95	-129.09	12283	0.02951305	293.5637	0.171793626	2505.164784	65.77659632
47.95	-129.09	2034	0.02951305	48.6126	0.171793626	2505.164784	65.77659632
47.96	-129.09	11	0.02951305	0.2629	0.171793626	2505.164784	65.77659632
47.95	-129.1	336	0.02951305	8.0304	0.171793626	2505.164784	65.77659632
47.96	-129.1	66	0.02951305	1.5774	0.171793626	2505.164784	65.77659632
47.96	-129.1	406	0.02951305	9.7034	0.171793626	2505.164784	65.77659632
47.96	-129.1	72	0.02951305	1.7208	0.171793626	2505.164784	65.77659632
47.96	-129.09	39	0.02951305	0.9321	0.171793626	2505.164784	65.77659632
47.96	-129.09	77	0.02951305	1.8403	0.171793626	2505.164784	65.77659632
47.96	-129.1	10083	0.02951305	240.9837	0.171793626	2505.164784	65.77659632
47.96	-129.1	217	0.02951305	5.1863	0.171793626	2505.164784	65.77659632
47.96	-129.1	804	0.02951305	19.2156	0.171793626	2505.164784	65.77659632
47.96	-129.09	180	0.02951305	4.302	0.171793626	2505.164784	65.77659632
42.2	-119.85	75	18.00329	1.7925	4.2430284	5650.57575	2.663192167
42.1	-119.92	104	18.00329	2.4856	4.2430284	5650.57575	2.663192167
42.17	-119.86	75	18.00329	1.7925	4.2430284	5650.57575	2.663192167
38.88	-121.05	29	16.676729	0.6931	4.083715098	5418.427575	2.767088234
37.87	-122.25	83	16.815744	1.9837	4.100700428	5442.7552	2.7556268
39.7	-122.88	66	18.00329	1.5774	4.2430284	5650.57575	2.663192167
46.58	-119.52	63	9.7773581	1.5057	3.126876732	4211.037668	3.613829699
46.35	-119.27	52	9.5389538	1.2428	3.088519678	4169.316915	3.658710703
46.35	-119.27	41	9.5389538	0.9799	3.088519678	4169.316915	3.658710703
46.35	-119.27	47	9.5389538	1.1233	3.088519678	4169.316915	3.658710703
39.7	-122.8	48	18.00329	1.1472	4.2430284	5650.57575	2.663192167
39.43	-123.73	83	18.287436	1.9837	4.27638118	5700.3013	2.642421132
37.1	-119.38	32	16.19442	0.7648	4.024229119	5334.0235	2.807991212
39.38	-119.63	115	16.215477	2.7485	4.026844546	5337.708475	2.806167427
37.45	-122.17	91	16.364212	2.1749	4.045270325	5363.7371	2.793385631
40.23	-120.8	79	17.370102	1.8881	4.167745434	5539.76785	2.711298034
37.32	-122.12	92	16.215477	2.1988	4.026844546	5337.708475	2.806167427
38.88	-119.58	96	16.215477	2.2944	4.026844546	5337.708475	2.806167427
46.54	-122.84	35	9.6252508	0.8365	3.102458831	4184.41889	3.642272344
46.43	-119.78	59	9.543684	1.4101	3.089285354	4170.1447	3.657803894
46.43	-119.78	57	9.543684	1.3623	3.089285354	4170.1447	3.657803894
37.1	-119.73	25	16.19442	0.5975	4.024229119	5334.0235	2.807991212
39.4	-120.88	28	16.815744	0.6692	4.100700428	5442.7552	2.7556268
37.48	-122.13	94	16.364212	2.2466	4.045270325	5363.7371	2.793385631
37.17	-120.07	18	16.19442	0.4302	4.024229119	5334.0235	2.807991212
39.25	-119.67	82	16.215477	1.9598	4.026844546	5337.708475	2.806167427
46.53	-122.81	32	9.6252508	0.7648	3.102458831	4184.41889	3.642272344
46.54	-122.82	37	9.6252508	0.8843	3.102458831	4184.41889	3.642272344
46.53	-122.81	35	9.6252508	0.8365	3.102458831	4184.41889	3.642272344
37.45	-122.03	84	16.215477	2.0076	4.026844546	5337.708475	2.806167427
37.8	-121.58	40	16.215477	0.956	4.026844546	5337.708475	2.806167427
39.3	-119.65	292	16.215477	6.9788	4.026844546	5337.708475	2.806167427
46.42	-119.59	56	9.543684	1.3384	3.089285354	4170.1447	3.657803894
39.47	-119.63	87	16.215477	2.0793	4.026844546	5337.708475	2.806167427
39.57	-123.12	75	18.100437	1.7925	4.254460835	5667.576475	2.656035732
38.93	-119.07	77	16.215477	1.8403	4.026844546	5337.708475	2.806167427
38.93	-119.07	77	16.215477	1.8403	4.026844546	5337.708475	2.806167427
45.98	-121.62	74	9.5455904	1.7686	3.089593889	4170.47832	3.657438617
46.1	-121.7	66	9.5399418	1.5774	3.088679621	4169.489815	3.658521241
46	-121.89	61	9.5455904	1.4579	3.089593889	4170.47832	3.657438617
45.41	-121.82	100	9.5483627	2.39	3.090042508	4170.963473	3.656907622
45.37	-121.82	98	9.5483627	2.3422	3.090042508	4170.963473	3.656907622
45.39	-121.81	133	9.5483627	3.1787	3.090042508	4170.963473	3.656907622
45.39	-121.86	87	9.5483627	2.0793	3.090042508	4170.963473	3.656907622
45.34	-121.92	65	9.5414743	1.5535	3.088927694	4169.758003	3.658227423
45.5	-121.56	91	9.5407829	2.1749	3.088815776	4169.637008	3.658359973
45.28	-121.84	66	9.5414743	1.5774	3.088927694	4169.758003	3.658227423
45.33	-121.71	371	9.5414743	8.8669	3.088927694	4169.758003	3.658227423
45.3	-121.77	92	9.5414743	2.1988	3.088927694	4169.758003	3.658227423
38.84	-121.84	26	17.088528	0.6214	4.133827282	5490.4924	2.733544299
39.46	-121.99	32	17.580811	0.7648	4.19294777	5576.641925	2.695001374
45.46	-121.65	56	9.5407829	1.3384	3.088815776	4169.637008	3.658359973
45.42	-121.77	134	9.5483627	3.2026	3.090042508	4170.963473	3.656907622
45.33	-121.66	153	9.5414743	3.6567	3.088927694	4169.758003	3.658227423
42.97	-119.25	71	8.5979795	1.6969	2.932231147	4004.646413	3.853720745
42.56	-119.04	62	18.00329	1.4818	4.2430284	5650.57575	2.663192167
42.56	-119.07	53	18.00329	1.2667	4.2430284	5650.57575	2.663192167
42.64	-119.09	44	8.7200031	1.0516	2.952965137	4026.000543	3.826662177
42.7	-119.06	52	8.7200031	1.2428	2.952965137	4026.000543	3.826662177
42.7	-119.12	46	8.7200031	1.0994	2.952965137	4026.000543	3.826662177
43.38	-119	71	9.5350513	1.6969	3.087887838	4168.633978	3.659459343
40.65	-119.36	125	16.676729	2.9875	4.083715098	5418.427575	2.767088234
40.85	-119.3	125	16.815744	2.9875	4.100700428	5442.7552	2.7556268
40.43	-119.23	89	16.364212	2.1271	4.045270325	5363.7371	2.793385631
39.82	-119.81	104	16.364212	2.4856	4.045270325	5363.7371	2.793385631
39.08	-119.63	85	16.215477	2.0315	4.026844546	5337.708475	2.806167427
39.84	-119.48	90	16.215477	2.151	4.026844546	5337.708475	2.806167427
39.82	-119.91	23	16.524179	0.5497	4.064994342	5391.731325	2.779831668
41.58	-119.83	79	18.00329	1.8881	4.2430284	5650.57575	2.663192167
41.58	-119.75	71	17.580811	1.6969	4.19294777	5576.641925	2.695001374
41.66	-119.81	66	18.00329	1.5774	4.2430284	5650.57575	2.663192167
39.3	-119.77	104	16.215477	2.4856	4.026844546	5337.708475	2.806167427
40.93	-119.01	79	16.676729	1.8881	4.083715098	5418.427575	2.767088234
40.91	-119.09	62	16.676729	1.4818	4.083715098	5418.427575	2.767088234
40.73	-119.27	42	16.676729	1.0038	4.083715098	5418.427575	2.767088234
40.75	-119.24	42	16.676729	1.0038	4.083715098	5418.427575	2.767088234
40.83	-119.2	117	16.676729	2.7963	4.083715098	5418.427575	2.767088234
40.79	-119.19	75	16.676729	1.7925	4.083715098	5418.427575	2.767088234
40.85	-119.05	209	16.524179	4.9951	4.064994342	5391.731325	2.779831668
40.65	-119.35	650	16.676729	15.535	4.083715098	5418.427575	2.767088234
40.71	-119.29	70	16.676729	1.673	4.083715098	5418.427575	2.767088234
40.77	-119.25	65	16.676729	1.5535	4.083715098	5418.427575	2.767088234
40.77	-119.22	60	16.676729	1.434	4.083715098	5418.427575	2.767088234
40.77	-119.18	89	16.676729	2.1271	4.083715098	5418.427575	2.767088234
40.82	-119.17	93	16.676729	2.2227	4.083715098	5418.427575	2.767088234
40.84	-119.14	107	16.676729	2.5573	4.083715098	5418.427575	2.767088234
40.8	-119.13	66	16.676729	1.5774	4.083715098	5418.427575	2.767088234
54.91	-132.13	76	9.9456406	1.8164	3.153670972	4240.487105	3.583125856
54.91	-132.13	69	9.9456406	1.6491	3.153670972	4240.487105	3.583125856
54.91	-132.13	82	9.9456406	1.9598	3.153670972	4240.487105	3.583125856
54.78	-132.05	46	9.9456406	1.0994	3.153670972	4240.487105	3.583125856
37.74	-122.1	83	16.524179	1.9837	4.064994342	5391.731325	2.779831668
37.54	-122.1	96	16.364212	2.2944	4.045270325	5363.7371	2.793385631
37.61	-121.97	80	16.364212	1.912	4.045270325	5363.7371	2.793385631
37.62	-121.98	80	16.364212	1.912	4.045270325	5363.7371	2.793385631
42.02	-123.84	46	8.7200031	1.0994	2.952965137	4026.000543	3.826662177
42.49	-123.38	35	8.1746902	0.8365	2.859141515	3930.570785	3.952235293
40.51	-122.61	41	17.755274	0.9799	4.213700749	5607.17295	2.681728171
41.68	-121.12	55	17.755274	1.3145	4.213700749	5607.17295	2.681728171
41.65	-121.12	82	18.100437	1.9598	4.254460835	5667.576475	2.656035732
41.7	-121.34	302	17.755274	7.2178	4.213700749	5607.17295	2.681728171
41.65	-121.06	64	18.100437	1.5296	4.254460835	5667.576475	2.656035732
41.56	-121.12	146	18.100437	3.4894	4.254460835	5667.576475	2.656035732
37.17	-127.6	56	33.400661	1.3384	5.779330498	8345.115675	1.955243779
39.42	-127.55	57	25.494421	1.3623	5.049200036	6961.523675	2.237978278
41.05	-130.12	41	5.4735184	0.9799	2.339555171	3457.86572	4.829977997
45.36	-121.94	77	9.5483627	1.8403	3.090042508	4170.963473	3.656907622
45.4	-121.81	113	9.5483627	2.7007	3.090042508	4170.963473	3.656907622
45.4	-121.81	118	9.5483627	2.8202	3.090042508	4170.963473	3.656907622
45.4	-121.81	128	9.5483627	3.0592	3.090042508	4170.963473	3.656907622
45.32	-121.8	36	9.5414743	0.8604	3.088927694	4169.758003	3.658227423
45.41	-121.82	100	9.5483627	2.39	3.090042508	4170.963473	3.656907622
45.37	-121.82	98	9.5483627	2.3422	3.090042508	4170.963473	3.656907622
45.39	-121.81	100	9.5483627	2.39	3.090042508	4170.963473	3.656907622
45.39	-121.81	96	9.5483627	2.2944	3.090042508	4170.963473	3.656907622
45.39	-121.81	96	9.5483627	2.2944	3.090042508	4170.963473	3.656907622
45.39	-121.81	133	9.5483627	3.1787	3.090042508	4170.963473	3.656907622
45.39	-121.86	87	9.5483627	2.0793	3.090042508	4170.963473	3.656907622
45.28	-121.74	94	9.5414743	2.2466	3.088927694	4169.758003	3.658227423
45.31	-121.83	61	9.5414743	1.4579	3.088927694	4169.758003	3.658227423
45.34	-121.92	65	9.5414743	1.5535	3.088927694	4169.758003	3.658227423
45.5	-121.56	91	9.5407829	2.1749	3.088815776	4169.637008	3.658359973
45.28	-121.84	66	9.5414743	1.5774	3.088927694	4169.758003	3.658227423
45.33	-121.71	371	9.5414743	8.8669	3.088927694	4169.758003	3.658227423
45.39	-122.32	50	9.5483627	1.195	3.090042508	4170.963473	3.656907622
45.3	-121.77	92	9.5414743	2.1988	3.088927694	4169.758003	3.658227423
45.3	-121.77	51	9.5414743	1.2189	3.088927694	4169.758003	3.658227423
45.44	-121.72	41	9.5483627	0.9799	3.090042508	4170.963473	3.656907622
45.44	-121.72	46	9.5483627	1.0994	3.090042508	4170.963473	3.656907622
45.46	-121.65	38	9.5407829	0.9082	3.088815776	4169.637008	3.658359973
45.46	-121.65	56	9.5407829	1.3384	3.088815776	4169.637008	3.658359973
45.29	-121.71	72	9.5414743	1.7208	3.088927694	4169.758003	3.658227423
45.42	-121.77	105	9.5483627	2.5095	3.090042508	4170.963473	3.656907622
45.42	-121.77	133	9.5483627	3.1787	3.090042508	4170.963473	3.656907622
45.42	-121.77	134	9.5483627	3.2026	3.090042508	4170.963473	3.656907622
45.33	-121.66	153	9.5414743	3.6567	3.088927694	4169.758003	3.658227423
45.33	-121.66	91	9.5414743	2.1749	3.088927694	4169.758003	3.658227423
45.33	-121.66	138	9.5414743	3.2982	3.088927694	4169.758003	3.658227423
45.32	-121.72	111	9.5414743	2.6529	3.088927694	4169.758003	3.658227423
45.32	-121.72	120	9.5414743	2.868	3.088927694	4169.758003	3.658227423
45.31	-121.68	24	9.5414743	0.5736	3.088927694	4169.758003	3.658227423
45.31	-121.68	114	9.5414743	2.7246	3.088927694	4169.758003	3.658227423
48.46	-128.71	8210	0.59159386	196.219	0.76915139	2603.528926	14.69151607
48.46	-128.71	7660	0.59159386	183.074	0.76915139	2603.528926	14.69151607
48.46	-128.71	6040	0.59159386	144.356	0.76915139	2603.528926	14.69151607
48.46	-128.71	8840	0.59159386	211.276	0.76915139	2603.528926	14.69151607
48.46	-128.71	2770	0.59159386	66.203	0.76915139	2603.528926	14.69151607
48.46	-128.71	8020	0.59159386	191.678	0.76915139	2603.528926	14.69151607
48.46	-128.71	14070	0.59159386	336.273	0.76915139	2603.528926	14.69151607
48.46	-128.71	13540	0.59159386	323.606	0.76915139	2603.528926	14.69151607
48.46	-128.71	1500	0.59159386	35.85	0.76915139	2603.528926	14.69151607
48.46	-128.71	6170	0.59159386	147.463	0.76915139	2603.528926	14.69151607
48.45	-128.71	7000	0.59159386	167.3	0.76915139	2603.528926	14.69151607
48.46	-128.71	11780	0.59159386	281.542	0.76915139	2603.528926	14.69151607
48.43	-128.68	2090	0.79336768	49.951	0.890711895	2638.839344	12.68648152
48.43	-128.68	4080	0.79336768	97.512	0.890711895	2638.839344	12.68648152
48.43	-128.68	290	0.79336768	6.931	0.890711895	2638.839344	12.68648152
48.43	-128.68	2490	0.79336768	59.511	0.890711895	2638.839344	12.68648152
48.43	-128.68	2390	0.79336768	57.121	0.890711895	2638.839344	12.68648152
48.46	-128.71	6980	0.59159386	166.822	0.76915139	2603.528926	14.69151607
48.46	-128.71	14660	0.59159386	350.374	0.76915139	2603.528926	14.69151607
48.46	-128.71	8000	0.59159386	191.2	0.76915139	2603.528926	14.69151607
48.46	-128.71	9410	0.59159386	224.899	0.76915139	2603.528926	14.69151607
48.49	-128.71	10450	0.59159386	249.755	0.76915139	2603.528926	14.69151607
48.46	-128.71	5580	0.59159386	133.362	0.76915139	2603.528926	14.69151607
48.43	-128.68	3180	0.79336768	76.002	0.890711895	2638.839344	12.68648152
48.43	-128.68	1520	0.79336768	36.328	0.890711895	2638.839344	12.68648152
48.43	-128.68	2390	0.79336768	57.121	0.890711895	2638.839344	12.68648152
48.46	-128.7	1050	0.59159386	25.095	0.76915139	2603.528926	14.69151607
48.46	-128.71	920	0.59159386	21.988	0.76915139	2603.528926	14.69151607
48.46	-128.71	1090	0.59159386	26.051	0.76915139	2603.528926	14.69151607
48.46	-128.71	1370	0.59159386	32.743	0.76915139	2603.528926	14.69151607
48.46	-128.71	1570	0.59159386	37.523	0.76915139	2603.528926	14.69151607
48.46	-128.71	2260	0.59159386	54.014	0.76915139	2603.528926	14.69151607
48.46	-128.71	2910	0.59159386	69.549	0.76915139	2603.528926	14.69151607
48.46	-128.71	9310	0.59159386	222.509	0.76915139	2603.528926	14.69151607
48.46	-128.71	7750	0.59159386	185.225	0.76915139	2603.528926	14.69151607
48.46	-128.71	8320	0.59159386	198.848	0.76915139	2603.528926	14.69151607
48.46	-128.71	530	0.59159386	12.667	0.76915139	2603.528926	14.69151607
48.45	-128.71	4100	0.59159386	97.99	0.76915139	2603.528926	14.69151607
48.45	-128.71	1420	0.59159386	33.938	0.76915139	2603.528926	14.69151607
48.45	-128.71	1010	0.59159386	24.139	0.76915139	2603.528926	14.69151607
48.45	-128.71	890	0.59159386	21.271	0.76915139	2603.528926	14.69151607
48.45	-128.71	830	0.59159386	19.837	0.76915139	2603.528926	14.69151607
48.45	-128.71	940	0.59159386	22.466	0.76915139	2603.528926	14.69151607
48.45	-128.71	1150	0.59159386	27.485	0.76915139	2603.528926	14.69151607
48.45	-128.71	1310	0.59159386	31.309	0.76915139	2603.528926	14.69151607
48.45	-128.71	1910	0.59159386	45.649	0.76915139	2603.528926	14.69151607
48.45	-128.71	3130	0.59159386	74.807	0.76915139	2603.528926	14.69151607
48.46	-128.71	7530	0.59159386	179.967	0.76915139	2603.528926	14.69151607
48.46	-128.71	10310	0.59159386	246.409	0.76915139	2603.528926	14.69151607
48.45	-128.71	890	0.59159386	21.271	0.76915139	2603.528926	14.69151607
48.45	-128.71	950	0.59159386	22.705	0.76915139	2603.528926	14.69151607
48.45	-128.71	1050	0.59159386	25.095	0.76915139	2603.528926	14.69151607
48.45	-128.71	1320	0.59159386	31.548	0.76915139	2603.528926	14.69151607
48.45	-128.71	4310	0.59159386	103.009	0.76915139	2603.528926	14.69151607
48.46	-128.71	12950	0.59159386	309.505	0.76915139	2603.528926	14.69151607
48.46	-128.71	8750	0.59159386	209.125	0.76915139	2603.528926	14.69151607
48.46	-128.71	3800	0.59159386	90.82	0.76915139	2603.528926	14.69151607
48.46	-128.71	4240	0.59159386	101.336	0.76915139	2603.528926	14.69151607
48.46	-128.71	2770	0.59159386	66.203	0.76915139	2603.528926	14.69151607
48.46	-128.71	1630	0.59159386	38.957	0.76915139	2603.528926	14.69151607
48.46	-128.71	1620	0.59159386	38.718	0.76915139	2603.528926	14.69151607
48.46	-128.7	1080	0.59159386	25.812	0.76915139	2603.528926	14.69151607
48.46	-128.7	1030	0.59159386	24.617	0.76915139	2603.528926	14.69151607
48.46	-128.7	1020	0.59159386	24.378	0.76915139	2603.528926	14.69151607
48.45	-128.72	840	0.59159386	20.076	0.76915139	2603.528926	14.69151607
48.45	-128.71	930	0.59159386	22.227	0.76915139	2603.528926	14.69151607
48.46	-128.71	1530	0.59159386	36.567	0.76915139	2603.528926	14.69151607
48.46	-128.71	1230	0.59159386	29.397	0.76915139	2603.528926	14.69151607
48.45	-128.71	1390	0.59159386	33.221	0.76915139	2603.528926	14.69151607
48.46	-128.71	1310	0.59159386	31.309	0.76915139	2603.528926	14.69151607
48.45	-128.71	2520	0.59159386	60.228	0.76915139	2603.528926	14.69151607
48.46	-128.71	2060	0.59159386	49.234	0.76915139	2603.528926	14.69151607
48.46	-128.71	2060	0.59159386	49.234	0.76915139	2603.528926	14.69151607
48.45	-128.7	1420	0.59159386	33.938	0.76915139	2603.528926	14.69151607
48.46	-128.71	3210	0.59159386	76.719	0.76915139	2603.528926	14.69151607
48.45	-128.7	1540	0.59159386	36.806	0.76915139	2603.528926	14.69151607
48.46	-128.71	3240	0.59159386	77.436	0.76915139	2603.528926	14.69151607
48.46	-128.71	2330	0.59159386	55.687	0.76915139	2603.528926	14.69151607
48.46	-128.71	7400	0.59159386	176.86	0.76915139	2603.528926	14.69151607
48.46	-128.71	3070	0.59159386	73.373	0.76915139	2603.528926	14.69151607
48.46	-128.71	3480	0.59159386	83.172	0.76915139	2603.528926	14.69151607
48.46	-128.71	3070	0.59159386	73.373	0.76915139	2603.528926	14.69151607
48.46	-128.71	2640	0.59159386	63.096	0.76915139	2603.528926	14.69151607
48.46	-128.71	1710	0.59159386	40.869	0.76915139	2603.528926	14.69151607
48.46	-128.71	1980	0.59159386	47.322	0.76915139	2603.528926	14.69151607
48.46	-128.71	1570	0.59159386	37.523	0.76915139	2603.528926	14.69151607
48.46	-128.71	3600	0.59159386	86.04	0.76915139	2603.528926	14.69151607
48.46	-128.71	1930	0.59159386	46.127	0.76915139	2603.528926	14.69151607
48.46	-128.71	2150	0.59159386	51.385	0.76915139	2603.528926	14.69151607
48.46	-128.71	2210	0.59159386	52.819	0.76915139	2603.528926	14.69151607
48.45	-128.71	2850	0.59159386	68.115	0.76915139	2603.528926	14.69151607
48.45	-128.71	2390	0.59159386	57.121	0.76915139	2603.528926	14.69151607
48.45	-128.71	1100	0.59159386	26.29	0.76915139	2603.528926	14.69151607
48.45	-128.71	910	0.59159386	21.749	0.76915139	2603.528926	14.69151607
48.45	-128.71	940	0.59159386	22.466	0.76915139	2603.528926	14.69151607
48.45	-128.71	1140	0.59159386	27.246	0.76915139	2603.528926	14.69151607
48.45	-128.71	1230	0.59159386	29.397	0.76915139	2603.528926	14.69151607
48.45	-128.71	2750	0.59159386	65.725	0.76915139	2603.528926	14.69151607
48.45	-128.71	2660	0.59159386	63.574	0.76915139	2603.528926	14.69151607
48.45	-128.71	2460	0.59159386	58.794	0.76915139	2603.528926	14.69151607
48.45	-128.71	1510	0.59159386	36.089	0.76915139	2603.528926	14.69151607
48.45	-128.7	1140	0.59159386	27.246	0.76915139	2603.528926	14.69151607
48.45	-128.71	3090	0.59159386	73.851	0.76915139	2603.528926	14.69151607
48.46	-128.71	7560	0.59159386	180.684	0.76915139	2603.528926	14.69151607
48.46	-128.71	6870	0.59159386	164.193	0.76915139	2603.528926	14.69151607
48.46	-128.71	1420	0.59159386	33.938	0.76915139	2603.528926	14.69151607
48.46	-128.71	7150	0.59159386	170.885	0.76915139	2603.528926	14.69151607
48.46	-128.71	8780	0.59159386	209.842	0.76915139	2603.528926	14.69151607
48.46	-128.71	3260	0.59159386	77.914	0.76915139	2603.528926	14.69151607
48.46	-128.71	3130	0.59159386	74.807	0.76915139	2603.528926	14.69151607
48.46	-128.71	1390	0.59159386	33.221	0.76915139	2603.528926	14.69151607
48.46	-128.71	980	0.59159386	23.422	0.76915139	2603.528926	14.69151607
48.46	-128.71	1710	0.59159386	40.869	0.76915139	2603.528926	14.69151607
48.46	-128.7	1450	0.59159386	34.655	0.76915139	2603.528926	14.69151607
48.46	-128.71	1700	0.59159386	40.63	0.76915139	2603.528926	14.69151607
48.46	-128.7	1380	0.59159386	32.982	0.76915139	2603.528926	14.69151607
48.46	-128.71	3450	0.59159386	82.455	0.76915139	2603.528926	14.69151607
48.46	-128.71	1380	0.59159386	32.982	0.76915139	2603.528926	14.69151607
48.46	-128.71	4180	0.59159386	99.902	0.76915139	2603.528926	14.69151607
48.46	-128.71	9590	0.59159386	229.201	0.76915139	2603.528926	14.69151607
48.46	-128.71	1500	0.59159386	35.85	0.76915139	2603.528926	14.69151607
48.46	-128.71	7570	0.59159386	180.923	0.76915139	2603.528926	14.69151607
48.46	-128.71	2050	0.59159386	48.995	0.76915139	2603.528926	14.69151607
48.46	-128.71	2030	0.59159386	48.517	0.76915139	2603.528926	14.69151607
48.46	-128.71	5150	0.59159386	123.085	0.76915139	2603.528926	14.69151607
48.46	-128.71	1400	0.59159386	33.46	0.76915139	2603.528926	14.69151607
48.46	-128.71	6070	0.59159386	145.073	0.76915139	2603.528926	14.69151607
48.46	-128.72	1030	0.59159386	24.617	0.76915139	2603.528926	14.69151607
48.46	-128.71	3390	0.59159386	81.021	0.76915139	2603.528926	14.69151607
48.46	-128.72	710	0.59159386	16.969	0.76915139	2603.528926	14.69151607
48.46	-128.71	2300	0.59159386	54.97	0.76915139	2603.528926	14.69151607
48.46	-128.71	860	0.59159386	20.554	0.76915139	2603.528926	14.69151607
48.46	-128.71	2080	0.59159386	49.712	0.76915139	2603.528926	14.69151607
48.46	-128.72	960	0.59159386	22.944	0.76915139	2603.528926	14.69151607
48.46	-128.71	10360	0.59159386	247.604	0.76915139	2603.528926	14.69151607
48.46	-128.71	1240	0.59159386	29.636	0.76915139	2603.528926	14.69151607
48.46	-128.71	11540	0.59159386	275.806	0.76915139	2603.528926	14.69151607
48.46	-128.71	2240	0.59159386	53.536	0.76915139	2603.528926	14.69151607
48.46	-128.71	3660	0.59159386	87.474	0.76915139	2603.528926	14.69151607
48.46	-128.71	13340	0.59159386	318.826	0.76915139	2603.528926	14.69151607
48.46	-128.71	4920	0.59159386	117.588	0.76915139	2603.528926	14.69151607
48.45	-128.71	6690	0.59159386	159.891	0.76915139	2603.528926	14.69151607
48.46	-128.71	1690	0.59159386	40.391	0.76915139	2603.528926	14.69151607
48.45	-128.71	1800	0.59159386	43.02	0.76915139	2603.528926	14.69151607
48.46	-128.7	1160	0.59159386	27.724	0.76915139	2603.528926	14.69151607
48.45	-128.71	1280	0.59159386	30.592	0.76915139	2603.528926	14.69151607
48.46	-128.7	890	0.59159386	21.271	0.76915139	2603.528926	14.69151607
48.45	-128.71	1060	0.59159386	25.334	0.76915139	2603.528926	14.69151607
48.46	-128.7	740	0.59159386	17.686	0.76915139	2603.528926	14.69151607
48.45	-128.71	1310	0.59159386	31.309	0.76915139	2603.528926	14.69151607
48.46	-128.7	790	0.59159386	18.881	0.76915139	2603.528926	14.69151607
48.45	-128.71	3940	0.59159386	94.166	0.76915139	2603.528926	14.69151607
48.46	-128.7	840	0.59159386	20.076	0.76915139	2603.528926	14.69151607
48.46	-128.71	6920	0.59159386	165.388	0.76915139	2603.528926	14.69151607
48.46	-128.7	890	0.59159386	21.271	0.76915139	2603.528926	14.69151607
48.46	-128.71	9510	0.59159386	227.289	0.76915139	2603.528926	14.69151607
48.46	-128.7	1140	0.59159386	27.246	0.76915139	2603.528926	14.69151607
48.46	-128.71	8430	0.59159386	201.477	0.76915139	2603.528926	14.69151607
48.46	-128.71	1370	0.59159386	32.743	0.76915139	2603.528926	14.69151607
48.46	-128.71	12380	0.59159386	295.882	0.76915139	2603.528926	14.69151607
48.46	-128.71	2500	0.59159386	59.75	0.76915139	2603.528926	14.69151607
48.46	-128.7	1380	0.59159386	32.982	0.76915139	2603.528926	14.69151607
48.46	-128.71	2360	0.59159386	56.404	0.76915139	2603.528926	14.69151607
48.46	-128.7	1080	0.59159386	25.812	0.76915139	2603.528926	14.69151607
48.46	-128.71	3310	0.59159386	79.109	0.76915139	2603.528926	14.69151607
48.46	-128.7	1040	0.59159386	24.856	0.76915139	2603.528926	14.69151607
48.46	-128.7	1150	0.59159386	27.485	0.76915139	2603.528926	14.69151607
48.46	-128.71	1690	0.59159386	40.391	0.76915139	2603.528926	14.69151607
48.45	-128.71	1480	0.59159386	35.372	0.76915139	2603.528926	14.69151607
48.45	-128.71	1880	0.59159386	44.932	0.76915139	2603.528926	14.69151607
48.46	-128.71	13190	0.59159386	315.241	0.76915139	2603.528926	14.69151607
48.46	-128.71	14240	0.59159386	340.336	0.76915139	2603.528926	14.69151607
48.46	-128.71	1740	0.59159386	41.586	0.76915139	2603.528926	14.69151607
48.46	-128.71	1300	0.59159386	31.07	0.76915139	2603.528926	14.69151607
48.46	-128.71	1970	0.59159386	47.083	0.76915139	2603.528926	14.69151607
48.46	-128.71	2950	0.59159386	70.505	0.76915139	2603.528926	14.69151607
48.46	-128.71	2480	0.59159386	59.272	0.76915139	2603.528926	14.69151607
48.45	-128.71	2630	0.59159386	62.857	0.76915139	2603.528926	14.69151607
48.46	-128.71	9940	0.59159386	237.566	0.76915139	2603.528926	14.69151607
48.45	-128.71	1250	0.59159386	29.875	0.76915139	2603.528926	14.69151607
48.46	-128.71	3750	0.59159386	89.625	0.76915139	2603.528926	14.69151607
48.45	-128.71	990	0.59159386	23.661	0.76915139	2603.528926	14.69151607
48.46	-128.71	1930	0.59159386	46.127	0.76915139	2603.528926	14.69151607
48.45	-128.71	1050	0.59159386	25.095	0.76915139	2603.528926	14.69151607
48.46	-128.71	2210	0.59159386	52.819	0.76915139	2603.528926	14.69151607
48.46	-128.71	1340	0.59159386	32.026	0.76915139	2603.528926	14.69151607
48.46	-128.71	4550	0.59159386	108.745	0.76915139	2603.528926	14.69151607
48.46	-128.71	7590	0.59159386	181.401	0.76915139	2603.528926	14.69151607
48.46	-128.71	9960	0.59159386	238.044	0.76915139	2603.528926	14.69151607
48.46	-128.71	2510	0.59159386	59.989	0.76915139	2603.528926	14.69151607
48.45	-128.71	1780	0.59159386	42.542	0.76915139	2603.528926	14.69151607
48.45	-128.71	1300	0.59159386	31.07	0.76915139	2603.528926	14.69151607
48.45	-128.71	1190	0.59159386	28.441	0.76915139	2603.528926	14.69151607
48.45	-128.71	1600	0.59159386	38.24	0.76915139	2603.528926	14.69151607
48.45	-128.71	3540	0.59159386	84.606	0.76915139	2603.528926	14.69151607
48.46	-128.71	9950	0.59159386	237.805	0.76915139	2603.528926	14.69151607
48.46	-128.71	9130	0.59159386	218.207	0.76915139	2603.528926	14.69151607
48.45	-128.71	7750	0.59159386	185.225	0.76915139	2603.528926	14.69151607
48.45	-128.71	2070	0.59159386	49.473	0.76915139	2603.528926	14.69151607
48.45	-128.71	1400	0.59159386	33.46	0.76915139	2603.528926	14.69151607
48.45	-128.71	1300	0.59159386	31.07	0.76915139	2603.528926	14.69151607
48.45	-128.71	1150	0.59159386	27.485	0.76915139	2603.528926	14.69151607
48.45	-128.71	2500	0.59159386	59.75	0.76915139	2603.528926	14.69151607
48.46	-128.71	1680	0.59159386	40.152	0.76915139	2603.528926	14.69151607
48.45	-128.71	3040	0.59159386	72.656	0.76915139	2603.528926	14.69151607
48.46	-128.71	2050	0.59159386	48.995	0.76915139	2603.528926	14.69151607
48.46	-128.71	6980	0.59159386	166.822	0.76915139	2603.528926	14.69151607
48.44	-128.68	470	0.79336768	11.233	0.890711895	2638.839344	12.68648152
48.43	-128.68	2170	0.79336768	51.863	0.890711895	2638.839344	12.68648152
48.44	-128.69	460	0.79336768	10.994	0.890711895	2638.839344	12.68648152
48.43	-128.68	1730	0.79336768	41.347	0.890711895	2638.839344	12.68648152
48.44	-128.69	530	0.79336768	12.667	0.890711895	2638.839344	12.68648152
48.43	-128.68	1620	0.79336768	38.718	0.890711895	2638.839344	12.68648152
48.44	-128.69	60	0.79336768	1.434	0.890711895	2638.839344	12.68648152
48.43	-128.68	3580	0.79336768	85.562	0.890711895	2638.839344	12.68648152
48.44	-128.69	680	0.79336768	16.252	0.890711895	2638.839344	12.68648152
48.43	-128.68	2560	0.79336768	61.184	0.890711895	2638.839344	12.68648152
48.43	-128.69	840	0.79336768	20.076	0.890711895	2638.839344	12.68648152
48.43	-128.68	1680	0.79336768	40.152	0.890711895	2638.839344	12.68648152
48.43	-128.69	1050	0.79336768	25.095	0.890711895	2638.839344	12.68648152
48.43	-128.68	1610	0.79336768	38.479	0.890711895	2638.839344	12.68648152
48.43	-128.69	1300	0.79336768	31.07	0.890711895	2638.839344	12.68648152
48.44	-128.68	780	0.79336768	18.642	0.890711895	2638.839344	12.68648152
48.43	-128.69	1260	0.79336768	30.114	0.890711895	2638.839344	12.68648152
48.43	-128.68	1400	0.79336768	33.46	0.890711895	2638.839344	12.68648152
48.44	-128.68	550	0.79336768	13.145	0.890711895	2638.839344	12.68648152
48.43	-128.68	1670	0.79336768	39.913	0.890711895	2638.839344	12.68648152
48.44	-128.68	180	0.79336768	4.302	0.890711895	2638.839344	12.68648152
48.43	-128.69	1370	0.79336768	32.743	0.890711895	2638.839344	12.68648152
48.44	-128.68	530	0.79336768	12.667	0.890711895	2638.839344	12.68648152
48.43	-128.68	1100	0.79336768	26.29	0.890711895	2638.839344	12.68648152
48.44	-128.68	480	0.79336768	11.472	0.890711895	2638.839344	12.68648152
48.43	-128.69	820	0.79336768	19.598	0.890711895	2638.839344	12.68648152
48.44	-128.68	480	0.79336768	11.472	0.890711895	2638.839344	12.68648152
48.44	-128.69	690	0.79336768	16.491	0.890711895	2638.839344	12.68648152
48.44	-128.68	550	0.79336768	13.145	0.890711895	2638.839344	12.68648152
48.44	-128.68	590	0.79336768	14.101	0.890711895	2638.839344	12.68648152
48.44	-128.68	520	0.79336768	12.428	0.890711895	2638.839344	12.68648152
48.44	-128.68	740	0.79336768	17.686	0.890711895	2638.839344	12.68648152
48.44	-128.68	460	0.79336768	10.994	0.890711895	2638.839344	12.68648152
48.43	-128.68	1470	0.79336768	35.133	0.890711895	2638.839344	12.68648152
48.44	-128.68	470	0.79336768	11.233	0.890711895	2638.839344	12.68648152
48.43	-128.68	1840	0.79336768	43.976	0.890711895	2638.839344	12.68648152
48.44	-128.68	640	0.79336768	15.296	0.890711895	2638.839344	12.68648152
48.43	-128.68	2150	0.79336768	51.385	0.890711895	2638.839344	12.68648152
48.44	-128.68	910	0.79336768	21.749	0.890711895	2638.839344	12.68648152
48.43	-128.68	1630	0.79336768	38.957	0.890711895	2638.839344	12.68648152
48.44	-128.68	1070	0.79336768	25.573	0.890711895	2638.839344	12.68648152
48.43	-128.68	1410	0.79336768	33.699	0.890711895	2638.839344	12.68648152
48.44	-128.68	970	0.79336768	23.183	0.890711895	2638.839344	12.68648152
48.43	-128.68	1220	0.79336768	29.158	0.890711895	2638.839344	12.68648152
48.43	-128.68	1890	0.79336768	45.171	0.890711895	2638.839344	12.68648152
48.43	-128.68	2600	0.79336768	62.14	0.890711895	2638.839344	12.68648152
48.43	-128.68	1140	0.79336768	27.246	0.890711895	2638.839344	12.68648152
48.43	-128.68	10530	0.79336768	251.667	0.890711895	2638.839344	12.68648152
48.43	-128.68	1260	0.79336768	30.114	0.890711895	2638.839344	12.68648152
48.43	-128.68	25680	0.79336768	613.752	0.890711895	2638.839344	12.68648152
48.43	-128.68	1530	0.79336768	36.567	0.890711895	2638.839344	12.68648152
48.43	-128.68	1750	0.79336768	41.825	0.890711895	2638.839344	12.68648152
48.43	-128.68	4230	0.79336768	101.097	0.890711895	2638.839344	12.68648152
48.43	-128.68	1560	0.79336768	37.284	0.890711895	2638.839344	12.68648152
48.43	-128.68	3510	0.79336768	83.889	0.890711895	2638.839344	12.68648152
48.44	-128.68	790	0.79336768	18.881	0.890711895	2638.839344	12.68648152
48.43	-128.68	3920	0.79336768	93.688	0.890711895	2638.839344	12.68648152
48.44	-128.68	780	0.79336768	18.642	0.890711895	2638.839344	12.68648152
48.43	-128.68	7890	0.79336768	188.571	0.890711895	2638.839344	12.68648152
48.44	-128.68	560	0.79336768	13.384	0.890711895	2638.839344	12.68648152
48.44	-128.68	470	0.79336768	11.233	0.890711895	2638.839344	12.68648152
48.43	-128.68	900	0.79336768	21.51	0.890711895	2638.839344	12.68648152
48.43	-128.68	960	0.79336768	22.944	0.890711895	2638.839344	12.68648152
48.43	-128.68	1010	0.79336768	24.139	0.890711895	2638.839344	12.68648152
48.43	-128.68	1040	0.79336768	24.856	0.890711895	2638.839344	12.68648152
48.43	-128.68	1150	0.79336768	27.485	0.890711895	2638.839344	12.68648152
48.44	-128.68	2140	0.79336768	51.146	0.890711895	2638.839344	12.68648152
48.44	-128.68	560	0.79336768	13.384	0.890711895	2638.839344	12.68648152
48.44	-128.68	530	0.79336768	12.667	0.890711895	2638.839344	12.68648152
48.44	-128.68	460	0.79336768	10.994	0.890711895	2638.839344	12.68648152
48.43	-128.68	1590	0.79336768	38.001	0.890711895	2638.839344	12.68648152
48.43	-128.68	2540	0.79336768	60.706	0.890711895	2638.839344	12.68648152
48.43	-128.68	4910	0.79336768	117.349	0.890711895	2638.839344	12.68648152
48.43	-128.68	3000	0.79336768	71.7	0.890711895	2638.839344	12.68648152
48.43	-128.68	3850	0.79336768	92.015	0.890711895	2638.839344	12.68648152
48.43	-128.68	3400	0.79336768	81.26	0.890711895	2638.839344	12.68648152
48.43	-128.68	17550	0.79336768	419.445	0.890711895	2638.839344	12.68648152
48.43	-128.68	3550	0.79336768	84.845	0.890711895	2638.839344	12.68648152
48.42	-128.68	920	0.79336768	21.988	0.890711895	2638.839344	12.68648152
48.44	-128.68	920	0.79336768	21.988	0.890711895	2638.839344	12.68648152
48.42	-128.68	660	0.79336768	15.774	0.890711895	2638.839344	12.68648152
48.44	-128.68	270	0.79336768	6.453	0.890711895	2638.839344	12.68648152
48.42	-128.68	480	0.79336768	11.472	0.890711895	2638.839344	12.68648152
48.44	-128.68	800	0.79336768	19.12	0.890711895	2638.839344	12.68648152
48.42	-128.68	920	0.79336768	21.988	0.890711895	2638.839344	12.68648152
48.44	-128.68	310	0.79336768	7.409	0.890711895	2638.839344	12.68648152
48.43	-128.68	1160	0.79336768	27.724	0.890711895	2638.839344	12.68648152
48.44	-128.68	650	0.79336768	15.535	0.890711895	2638.839344	12.68648152
48.43	-128.68	2030	0.79336768	48.517	0.890711895	2638.839344	12.68648152
48.44	-128.69	560	0.79336768	13.384	0.890711895	2638.839344	12.68648152
48.43	-128.68	2030	0.79336768	48.517	0.890711895	2638.839344	12.68648152
48.44	-128.68	800	0.79336768	19.12	0.890711895	2638.839344	12.68648152
48.43	-128.68	1830	0.79336768	43.737	0.890711895	2638.839344	12.68648152
48.44	-128.68	970	0.79336768	23.183	0.890711895	2638.839344	12.68648152
48.43	-128.68	1690	0.79336768	40.391	0.890711895	2638.839344	12.68648152
48.44	-128.68	790	0.79336768	18.881	0.890711895	2638.839344	12.68648152
48.43	-128.68	1730	0.79336768	41.347	0.890711895	2638.839344	12.68648152
48.44	-128.68	790	0.79336768	18.881	0.890711895	2638.839344	12.68648152
48.43	-128.68	2950	0.79336768	70.505	0.890711895	2638.839344	12.68648152
48.44	-128.68	1920	0.79336768	45.888	0.890711895	2638.839344	12.68648152
48.43	-128.68	4340	0.79336768	103.726	0.890711895	2638.839344	12.68648152
48.43	-128.68	1340	0.79336768	32.026	0.890711895	2638.839344	12.68648152
48.43	-128.68	2210	0.79336768	52.819	0.890711895	2638.839344	12.68648152
48.43	-128.68	1830	0.79336768	43.737	0.890711895	2638.839344	12.68648152
48.44	-128.68	2190	0.79336768	52.341	0.890711895	2638.839344	12.68648152
48.43	-128.68	2130	0.79336768	50.907	0.890711895	2638.839344	12.68648152
48.43	-128.68	1740	0.79336768	41.586	0.890711895	2638.839344	12.68648152
48.43	-128.68	1830	0.79336768	43.737	0.890711895	2638.839344	12.68648152
48.43	-128.68	900	0.79336768	21.51	0.890711895	2638.839344	12.68648152
48.43	-128.68	1970	0.79336768	47.083	0.890711895	2638.839344	12.68648152
48.44	-128.68	750	0.79336768	17.925	0.890711895	2638.839344	12.68648152
48.44	-128.68	770	0.79336768	18.403	0.890711895	2638.839344	12.68648152
48.44	-128.68	810	0.79336768	19.359	0.890711895	2638.839344	12.68648152
48.43	-128.68	1070	0.79336768	25.573	0.890711895	2638.839344	12.68648152
48.43	-128.68	2810	0.79336768	67.159	0.890711895	2638.839344	12.68648152
48.43	-128.68	190	0.79336768	4.541	0.890711895	2638.839344	12.68648152
48.43	-128.68	1980	0.79336768	47.322	0.890711895	2638.839344	12.68648152
48.43	-128.68	2110	0.79336768	50.429	0.890711895	2638.839344	12.68648152
48.43	-128.68	800	0.79336768	19.12	0.890711895	2638.839344	12.68648152
48.44	-128.68	1160	0.79336768	27.724	0.890711895	2638.839344	12.68648152
48.45	-128.71	1130	0.59159386	27.007	0.76915139	2603.528926	14.69151607
48.45	-128.71	1460	0.59159386	34.894	0.76915139	2603.528926	14.69151607
48.45	-128.71	2160	0.59159386	51.624	0.76915139	2603.528926	14.69151607
48.45	-128.71	2190	0.59159386	52.341	0.76915139	2603.528926	14.69151607
48.45	-128.71	3080	0.59159386	73.612	0.76915139	2603.528926	14.69151607
48.45	-128.71	3210	0.59159386	76.719	0.76915139	2603.528926	14.69151607
48.45	-128.71	4930	0.59159386	117.827	0.76915139	2603.528926	14.69151607
48.45	-128.71	6290	0.59159386	150.331	0.76915139	2603.528926	14.69151607
48.45	-128.71	7580	0.59159386	181.162	0.76915139	2603.528926	14.69151607
48.46	-128.71	1460	0.59159386	34.894	0.76915139	2603.528926	14.69151607
48.45	-128.71	1320	0.59159386	31.548	0.76915139	2603.528926	14.69151607
48.45	-128.71	1310	0.59159386	31.309	0.76915139	2603.528926	14.69151607
48.45	-128.71	1370	0.59159386	32.743	0.76915139	2603.528926	14.69151607
48.43	-128.73	1400	0.79336768	33.46	0.890711895	2638.839344	12.68648152
48.45	-128.71	1310	0.59159386	31.309	0.76915139	2603.528926	14.69151607
48.45	-128.71	1740	0.59159386	41.586	0.76915139	2603.528926	14.69151607
48.46	-128.71	1390	0.59159386	33.221	0.76915139	2603.528926	14.69151607
48.46	-128.71	3340	0.59159386	79.826	0.76915139	2603.528926	14.69151607
48.46	-128.71	5780	0.59159386	138.142	0.76915139	2603.528926	14.69151607
48.46	-128.71	2780	0.59159386	66.442	0.76915139	2603.528926	14.69151607
48.46	-128.71	3540	0.59159386	84.606	0.76915139	2603.528926	14.69151607
48.46	-128.71	3280	0.59159386	78.392	0.76915139	2603.528926	14.69151607
48.46	-128.71	2290	0.59159386	54.731	0.76915139	2603.528926	14.69151607
48.46	-128.71	1970	0.59159386	47.083	0.76915139	2603.528926	14.69151607
48.46	-128.71	4600	0.59159386	109.94	0.76915139	2603.528926	14.69151607
48.46	-128.71	12080	0.59159386	288.712	0.76915139	2603.528926	14.69151607
48.46	-128.71	12150	0.59159386	290.385	0.76915139	2603.528926	14.69151607
48.46	-128.71	7980	0.59159386	190.722	0.76915139	2603.528926	14.69151607
48.46	-128.71	6660	0.59159386	159.174	0.76915139	2603.528926	14.69151607
48.46	-128.71	9300	0.59159386	222.27	0.76915139	2603.528926	14.69151607
48.46	-128.71	2140	0.59159386	51.146	0.76915139	2603.528926	14.69151607
48.46	-128.71	9090	0.59159386	217.251	0.76915139	2603.528926	14.69151607
48.46	-128.71	6770	0.59159386	161.803	0.76915139	2603.528926	14.69151607
48.46	-128.71	9050	0.59159386	216.295	0.76915139	2603.528926	14.69151607
48.46	-128.71	10260	0.59159386	245.214	0.76915139	2603.528926	14.69151607
48.46	-128.71	12670	0.59159386	302.813	0.76915139	2603.528926	14.69151607
48.45	-128.71	1590	0.59159386	38.001	0.76915139	2603.528926	14.69151607
48.46	-128.71	3150	0.59159386	75.285	0.76915139	2603.528926	14.69151607
48.46	-128.71	14740	0.59159386	352.286	0.76915139	2603.528926	14.69151607
48.45	-128.71	7920	0.59159386	189.288	0.76915139	2603.528926	14.69151607
48.46	-128.71	11680	0.59159386	279.152	0.76915139	2603.528926	14.69151607
48.45	-128.71	15570	0.59159386	372.123	0.76915139	2603.528926	14.69151607
48.46	-128.71	3750	0.59159386	89.625	0.76915139	2603.528926	14.69151607
48.46	-128.71	14170	0.59159386	338.663	0.76915139	2603.528926	14.69151607
48.46	-128.71	3310	0.59159386	79.109	0.76915139	2603.528926	14.69151607
48.46	-128.71	10680	0.59159386	255.252	0.76915139	2603.528926	14.69151607
48.45	-128.71	3480	0.59159386	83.172	0.76915139	2603.528926	14.69151607
48.45	-128.71	1980	0.59159386	47.322	0.76915139	2603.528926	14.69151607
48.45	-128.71	3770	0.59159386	90.103	0.76915139	2603.528926	14.69151607
48.45	-128.71	640	0.59159386	15.296	0.76915139	2603.528926	14.69151607
48.46	-128.71	12310	0.59159386	294.209	0.76915139	2603.528926	14.69151607
48.46	-128.71	1740	0.59159386	41.586	0.76915139	2603.528926	14.69151607
48.46	-128.71	10570	0.59159386	252.623	0.76915139	2603.528926	14.69151607
48.46	-128.71	13560	0.59159386	324.084	0.76915139	2603.528926	14.69151607
48.46	-128.71	9550	0.59159386	228.245	0.76915139	2603.528926	14.69151607
48.46	-128.71	7330	0.59159386	175.187	0.76915139	2603.528926	14.69151607
48.46	-128.71	10290	0.59159386	245.931	0.76915139	2603.528926	14.69151607
48.46	-128.71	9070	0.59159386	216.773	0.76915139	2603.528926	14.69151607
48.46	-128.71	9810	0.59159386	234.459	0.76915139	2603.528926	14.69151607
48.46	-128.71	10230	0.59159386	244.497	0.76915139	2603.528926	14.69151607
48.46	-128.71	14150	0.59159386	338.185	0.76915139	2603.528926	14.69151607
48.46	-128.7	1750	0.59159386	41.825	0.76915139	2603.528926	14.69151607
48.46	-128.71	1140	0.59159386	27.246	0.76915139	2603.528926	14.69151607
48.45	-128.71	4430	0.59159386	105.877	0.76915139	2603.528926	14.69151607
48.46	-128.71	8830	0.59159386	211.037	0.76915139	2603.528926	14.69151607
48.45	-128.71	4200	0.59159386	100.38	0.76915139	2603.528926	14.69151607
48.46	-128.71	9410	0.59159386	224.899	0.76915139	2603.528926	14.69151607
41.5	-126.53	242	2.9937565	5.7838	1.730247526	3023.907388	6.530857483
40.6	-127.42	233	0.174211	5.5687	0.417385913	2530.486925	27.07326639
40.12	-128.17	79	26.052788	1.8881	5.104193178	7059.2379	2.213866052
40.67	-129.22	173	3.8123386	4.1347	1.952521088	3167.159255	5.787389477
40	-131	48	29.489016	1.1472	5.430378992	7660.5778	2.08088607
39.5	-131.78	19	33.939312	0.4541	5.825745618	8439.3796	1.93966588
40.73	-131.75	40	9.1340437	0.956	3.022258047	4098.457648	3.738926268
39.6	-129.52	47	28.932394	1.1233	5.378884085	7563.16895	2.100807495
38.02	-128.77	70	35.199921	1.673	5.932952132	8659.986175	1.904616749
38.42	-126.15	144	27.678125	3.4416	5.26100038	7343.671875	2.147880476
39.78	-126.35	82	22.17004	1.9598	4.708507194	6379.757	2.39991138
40.52	-126.52	163	3.8898129	3.8957	1.97226086	3180.717258	5.729465219
40.93	-126.52	193	3.269613	4.6127	1.808207123	3072.182275	6.249284087
43.8	-122.42	42	9.5827484	1.0038	3.09560146	4176.98097	3.6503407
38.84	-121.84	26	17.088528	0.6214	4.133827282	5490.4924	2.733544299
39.46	-121.99	32	17.580811	0.7648	4.19294777	5576.641925	2.695001374
38.92	-121.61	28	17.088528	0.6692	4.133827282	5490.4924	2.733544299
38.69	-121.76	31	16.951086	0.7409	4.117169659	5466.44005	2.744603924
47.71	-127.79	1020	3.251128	24.378	1.803088462	3068.9474	6.267024742
47.71	-127.79	3800	3.251128	90.82	1.803088462	3068.9474	6.267024742
47.71	-127.79	8900	3.251128	212.71	1.803088462	3068.9474	6.267024742
47.71	-127.79	2490	3.251128	59.511	1.803088462	3068.9474	6.267024742
47.71	-127.78	1290	3.251128	30.831	1.803088462	3068.9474	6.267024742
47.71	-127.79	800	3.251128	19.12	1.803088462	3068.9474	6.267024742
47.71	-127.79	1230	3.251128	29.397	1.803088462	3068.9474	6.267024742
47.71	-127.79	4890	3.251128	116.871	1.803088462	3068.9474	6.267024742
47.71	-127.79	2160	3.251128	51.624	1.803088462	3068.9474	6.267024742
47.71	-127.79	2270	3.251128	54.253	1.803088462	3068.9474	6.267024742
47.71	-127.79	2990	3.251128	71.461	1.803088462	3068.9474	6.267024742
47.71	-127.79	17900	3.251128	427.81	1.803088462	3068.9474	6.267024742
47.71	-127.78	2260	3.251128	54.014	1.803088462	3068.9474	6.267024742
47.71	-127.79	4180	3.251128	99.902	1.803088462	3068.9474	6.267024742
47.71	-127.79	9210	3.251128	220.119	1.803088462	3068.9474	6.267024742
47.71	-127.79	14400	3.251128	344.16	1.803088462	3068.9474	6.267024742
47.71	-127.79	18900	3.251128	451.71	1.803088462	3068.9474	6.267024742
47.71	-127.79	1370	3.251128	32.743	1.803088462	3068.9474	6.267024742
47.71	-127.79	4570	3.251128	109.223	1.803088462	3068.9474	6.267024742
47.71	-127.79	550	3.251128	13.145	1.803088462	3068.9474	6.267024742
47.71	-127.79	390	3.251128	9.321	1.803088462	3068.9474	6.267024742
47.71	-127.79	1770	3.251128	42.303	1.803088462	3068.9474	6.267024742
47.71	-127.79	12200	3.251128	291.58	1.803088462	3068.9474	6.267024742
47.71	-127.79	3370	3.251128	80.543	1.803088462	3068.9474	6.267024742
47.71	-127.79	11200	3.251128	267.68	1.803088462	3068.9474	6.267024742
47.71	-127.79	14300	3.251128	341.77	1.803088462	3068.9474	6.267024742
47.71	-127.79	2670	3.251128	63.813	1.803088462	3068.9474	6.267024742
47.71	-127.79	1210	3.251128	28.919	1.803088462	3068.9474	6.267024742
47.71	-127.79	1080	3.251128	25.812	1.803088462	3068.9474	6.267024742
47.71	-127.79	6240	3.251128	149.136	1.803088462	3068.9474	6.267024742
47.71	-127.79	2000	3.251128	47.8	1.803088462	3068.9474	6.267024742
47.71	-127.79	650	3.251128	15.535	1.803088462	3068.9474	6.267024742
47.71	-127.79	1340	3.251128	32.026	1.803088462	3068.9474	6.267024742
47.71	-127.79	9400	3.251128	224.66	1.803088462	3068.9474	6.267024742
47.71	-127.79	26000	3.251128	621.4	1.803088462	3068.9474	6.267024742
47.71	-127.79	25400	3.251128	607.06	1.803088462	3068.9474	6.267024742
47.71	-127.79	3260	3.251128	77.914	1.803088462	3068.9474	6.267024742
47.71	-127.78	2400	3.251128	57.36	1.803088462	3068.9474	6.267024742
47.71	-127.78	2490	3.251128	59.511	1.803088462	3068.9474	6.267024742
47.71	-127.79	5330	3.251128	127.387	1.803088462	3068.9474	6.267024742
47.71	-127.79	13100	3.251128	313.09	1.803088462	3068.9474	6.267024742
47.71	-127.79	4980	3.251128	119.022	1.803088462	3068.9474	6.267024742
47.71	-127.78	4670	3.251128	111.613	1.803088462	3068.9474	6.267024742
47.71	-127.78	1940	3.251128	46.366	1.803088462	3068.9474	6.267024742
47.71	-127.79	5670	3.251128	135.513	1.803088462	3068.9474	6.267024742
47.71	-127.79	13500	3.251128	322.65	1.803088462	3068.9474	6.267024742
47.71	-127.79	4220	3.251128	100.858	1.803088462	3068.9474	6.267024742
47.71	-127.79	19800	3.251128	473.22	1.803088462	3068.9474	6.267024742
47.71	-127.79	21300	3.251128	509.07	1.803088462	3068.9474	6.267024742
47.71	-127.79	22100	3.251128	528.19	1.803088462	3068.9474	6.267024742
47.71	-127.79	7980	3.251128	190.722	1.803088462	3068.9474	6.267024742
47.71	-127.79	12200	3.251128	291.58	1.803088462	3068.9474	6.267024742
47.71	-127.79	7160	3.251128	171.124	1.803088462	3068.9474	6.267024742
47.71	-127.79	18300	3.251128	437.37	1.803088462	3068.9474	6.267024742
47.71	-127.79	6210	3.251128	148.419	1.803088462	3068.9474	6.267024742
47.71	-127.79	9600	3.251128	229.44	1.803088462	3068.9474	6.267024742
47.71	-127.79	780	3.251128	18.642	1.803088462	3068.9474	6.267024742
47.71	-127.79	1550	3.251128	37.045	1.803088462	3068.9474	6.267024742
47.71	-127.79	3460	3.251128	82.694	1.803088462	3068.9474	6.267024742
47.71	-127.79	2560	3.251128	61.184	1.803088462	3068.9474	6.267024742
47.71	-127.79	540	3.251128	12.906	1.803088462	3068.9474	6.267024742
47.71	-127.79	7760	3.251128	185.464	1.803088462	3068.9474	6.267024742
47.71	-127.79	11500	3.251128	274.85	1.803088462	3068.9474	6.267024742
47.71	-127.79	1660	3.251128	39.674	1.803088462	3068.9474	6.267024742
47.71	-127.79	2220	3.251128	53.058	1.803088462	3068.9474	6.267024742
47.71	-127.79	1360	3.251128	32.504	1.803088462	3068.9474	6.267024742
47.71	-127.79	2600	3.251128	62.14	1.803088462	3068.9474	6.267024742
47.71	-127.79	6720	3.251128	160.608	1.803088462	3068.9474	6.267024742
47.71	-127.79	8110	3.251128	193.829	1.803088462	3068.9474	6.267024742
47.71	-127.79	5790	3.251128	138.381	1.803088462	3068.9474	6.267024742
47.71	-127.79	580	3.251128	13.862	1.803088462	3068.9474	6.267024742
47.71	-127.79	750	3.251128	17.925	1.803088462	3068.9474	6.267024742
47.71	-127.79	2290	3.251128	54.731	1.803088462	3068.9474	6.267024742
47.71	-127.79	590	3.251128	14.101	1.803088462	3068.9474	6.267024742
47.71	-127.79	1300	3.251128	31.07	1.803088462	3068.9474	6.267024742
47.71	-127.79	1800	3.251128	43.02	1.803088462	3068.9474	6.267024742
47.71	-127.79	1190	3.251128	28.441	1.803088462	3068.9474	6.267024742
47.71	-127.79	910	3.251128	21.749	1.803088462	3068.9474	6.267024742
47.71	-127.79	1830	3.251128	43.737	1.803088462	3068.9474	6.267024742
47.71	-127.79	1330	3.251128	31.787	1.803088462	3068.9474	6.267024742
47.71	-127.79	18000	3.251128	430.2	1.803088462	3068.9474	6.267024742
47.71	-127.79	18700	3.251128	446.93	1.803088462	3068.9474	6.267024742
48.96	-122.13	96	9.2849312	2.2944	3.047118508	4124.86296	3.70842157
48.96	-122.1	8	9.2849312	0.1912	3.047118508	4124.86296	3.70842157
48.95	-122.1	46	9.2849312	1.0994	3.047118508	4124.86296	3.70842157
48.95	-122.11	46	9.2849312	1.0994	3.047118508	4124.86296	3.70842157
48.95	-122.11	63	9.2849312	1.5057	3.047118508	4124.86296	3.70842157
48.95	-122.11	126	9.2849312	3.0114	3.047118508	4124.86296	3.70842157
48.94	-122.12	138	9.2849312	3.2982	3.047118508	4124.86296	3.70842157
48.95	-122.1	121	9.2849312	2.8919	3.047118508	4124.86296	3.70842157
48.95	-122.1	67	9.2849312	1.6013	3.047118508	4124.86296	3.70842157
48.95	-122.12	67	9.2849312	1.6013	3.047118508	4124.86296	3.70842157
48.95	-122.09	151	9.2849312	3.6089	3.047118508	4124.86296	3.70842157
48.95	-122.09	247	9.2849312	5.9033	3.047118508	4124.86296	3.70842157
48.96	-122.09	477	9.2849312	11.4003	3.047118508	4124.86296	3.70842157
48.96	-122.08	167	9.2849312	3.9913	3.047118508	4124.86296	3.70842157
48.96	-122.07	272	9.2849312	6.5008	3.047118508	4124.86296	3.70842157
48.95	-122.08	117	9.2849312	2.7963	3.047118508	4124.86296	3.70842157
48.95	-122.08	67	9.2849312	1.6013	3.047118508	4124.86296	3.70842157
48.95	-122.08	50	9.2849312	1.195	3.047118508	4124.86296	3.70842157
48.94	-122.09	59	9.2849312	1.4101	3.047118508	4124.86296	3.70842157
48.94	-122.08	88	9.2849312	2.1032	3.047118508	4124.86296	3.70842157
48.96	-122.12	54	9.2849312	1.2906	3.047118508	4124.86296	3.70842157
48.94	-122.09	105	9.2849312	2.5095	3.047118508	4124.86296	3.70842157
48.94	-122.09	163	9.2849312	3.8957	3.047118508	4124.86296	3.70842157
48.93	-122.1	142	9.2849312	3.3938	3.047118508	4124.86296	3.70842157
48.94	-122.1	100	9.2849312	2.39	3.047118508	4124.86296	3.70842157
48.94	-122.08	38	9.2849312	0.9082	3.047118508	4124.86296	3.70842157
48.93	-122.08	180	9.2849312	4.302	3.047118508	4124.86296	3.70842157
48.93	-122.09	197	9.2849312	4.7083	3.047118508	4124.86296	3.70842157
48.93	-122.09	142	9.2849312	3.3938	3.047118508	4124.86296	3.70842157
48.93	-122.09	92	9.2849312	2.1988	3.047118508	4124.86296	3.70842157
48.93	-122.1	184	9.2849312	4.3976	3.047118508	4124.86296	3.70842157
48.96	-122.11	59	9.2849312	1.4101	3.047118508	4124.86296	3.70842157
48.93	-122.1	142	9.2849312	3.3938	3.047118508	4124.86296	3.70842157
48.92	-122.11	167	9.2849312	3.9913	3.047118508	4124.86296	3.70842157
48.92	-122.12	79	9.2849312	1.8881	3.047118508	4124.86296	3.70842157
48.93	-122.12	71	9.2849312	1.6969	3.047118508	4124.86296	3.70842157
48.93	-122.13	67	9.2849312	1.6013	3.047118508	4124.86296	3.70842157
48.92	-122.13	84	9.2849312	2.0076	3.047118508	4124.86296	3.70842157
48.93	-122.11	226	9.2849312	5.4014	3.047118508	4124.86296	3.70842157
48.96	-122.11	63	9.2849312	1.5057	3.047118508	4124.86296	3.70842157
48.93	-122.11	485	9.2849312	11.5915	3.047118508	4124.86296	3.70842157
48.93	-122.11	887	9.2849312	21.1993	3.047118508	4124.86296	3.70842157
48.93	-122.11	1883	9.2849312	45.0037	3.047118508	4124.86296	3.70842157
48.93	-122.11	5146	9.2849312	122.9894	3.047118508	4124.86296	3.70842157
48.93	-122.11	1117	9.2849312	26.6963	3.047118508	4124.86296	3.70842157
48.93	-122.11	502	9.2849312	11.9978	3.047118508	4124.86296	3.70842157
48.93	-122.11	364	9.2849312	8.6996	3.047118508	4124.86296	3.70842157
48.93	-122.11	431	9.2849312	10.3009	3.047118508	4124.86296	3.70842157
48.93	-122.11	1092	9.2849312	26.0988	3.047118508	4124.86296	3.70842157
48.93	-122.11	155	9.2849312	3.7045	3.047118508	4124.86296	3.70842157
48.96	-122.1	54	9.2849312	1.2906	3.047118508	4124.86296	3.70842157
48.97	-122.1	100	9.2849312	2.39	3.047118508	4124.86296	3.70842157
48.97	-122.1	54	9.2849312	1.2906	3.047118508	4124.86296	3.70842157
48.96	-122.09	113	9.2849312	2.7007	3.047118508	4124.86296	3.70842157
51.92	-129.97	45	0.54942942	1.0755	0.741235064	2596.150149	15.24482657
53.56	-131.43	60	7.0473046	1.434	2.654675988	3733.278305	4.256640001
