49.62,-129.98,366.00
44.68,-125.29,79.00
44.66,-125.27,81.00
44.66,-125.27,93.00
44.66,-125.26,77.00
44.66,-125.25,81.00
44.66,-125.36,70.00
44.66,-125.35,30.00
44.66,-125.35,32.00
44.66,-125.35,33.00
44.65,-125.35,42.00
45.00,-125.30,60.00
45.01,-125.30,60.00
45.00,-125.31,102.00
45.00,-125.32,84.00
44.99,-125.32,85.00
44.99,-125.33,88.00
44.94,-125.37,72.00
44.94,-125.36,124.00
44.93,-125.35,72.00
47.06,-125.89,100.00
47.06,-125.89,99.00
47.07,-125.90,93.00
47.07,-125.90,88.00
47.07,-125.91,88.00
47.08,-125.90,89.00
47.07,-125.91,83.00
47.08,-125.91,75.00
47.08,-125.92,83.00
47.08,-125.94,109.00
47.08,-125.94,67.00
46.97,-125.93,104.00
46.98,-125.94,90.00
46.97,-125.99,100.00
46.97,-125.98,111.00
46.97,-125.98,96.00
46.98,-125.97,89.00
46.98,-125.96,75.00
46.98,-125.95,81.00
46.98,-125.94,78.00
46.98,-125.94,82.00
46.99,-125.97,87.00
47.00,-125.96,89.00
46.99,-125.96,82.00
46.99,-125.94,83.00
46.99,-125.95,97.00
50.55,-131.62,91.40
48.75,-127.75,200.00
47.45,-127.27,57.80
46.30,-128.00,50.70
47.90,-127.20,161.00
47.15,-130.12,189.00
46.73,-131.58,22.80
41.07,-132.37,40.20
47.90,-127.65,304.00
47.25,-131.03,110.00
44.65,-125.14,94.00
44.65,-125.07,41.00
44.65,-125.06,42.00
44.65,-125.02,79.00
44.65,-124.97,77.00
47.23,-126.15,26.00
47.23,-126.15,27.00
47.24,-126.14,21.00
47.29,-126.08,104.00
47.29,-126.08,99.00
47.30,-126.09,101.00
47.30,-126.09,108.00
47.30,-126.09,77.00
47.29,-126.11,93.00
47.28,-126.12,96.00
47.28,-126.12,99.00
47.28,-126.13,104.00
47.27,-126.14,159.00
47.27,-126.14,142.00
47.27,-126.15,137.00
47.27,-126.15,141.00
47.27,-126.15,156.00
47.25,-126.17,138.00
47.44,-126.38,106.00
47.44,-126.38,108.00
47.44,-126.38,112.00
47.45,-126.36,109.00
47.45,-126.36,118.00
47.46,-126.33,102.00
47.46,-126.29,124.00
47.46,-126.29,108.00
47.46,-126.26,114.00
47.46,-126.22,122.00
47.46,-126.22,117.00
47.46,-126.22,89.00
47.46,-126.19,118.00
47.46,-126.18,139.00
47.46,-126.16,57.00
44.95,-125.20,71.00
44.95,-125.22,61.00
44.95,-125.23,55.00
44.95,-125.25,28.00
44.95,-125.41,89.00
44.95,-125.37,95.00
44.95,-125.37,99.00
44.95,-125.37,102.00
44.95,-125.37,104.00
44.95,-125.38,113.00
44.95,-125.40,110.00
44.95,-125.42,125.00
44.93,-125.27,125.00
44.93,-125.27,202.00
44.95,-125.47,122.00
44.95,-125.52,152.00
44.95,-125.52,139.00
44.95,-125.58,165.00
44.95,-125.64,113.00
44.65,-125.27,65.00
44.65,-125.30,70.00
44.65,-125.30,73.00
44.65,-125.32,62.00
44.65,-125.32,52.00
44.65,-125.34,105.00
44.65,-125.37,32.00
44.65,-125.40,101.00
44.65,-125.47,94.00
40.75,-127.40,225.00
40.74,-127.54,299.00
40.74,-127.55,1656.00
40.74,-127.57,576.00
40.75,-127.40,240.00
40.75,-127.42,316.00
40.75,-127.43,371.00
40.75,-127.45,389.00
40.74,-127.47,340.00
40.74,-127.49,250.00
40.74,-127.50,256.00
40.74,-127.53,236.00
40.74,-127.58,832.00
40.75,-127.60,907.00
40.75,-127.62,341.00
40.76,-127.66,329.00
40.75,-127.66,386.00
40.76,-127.67,302.00
40.76,-127.69,313.00
40.98,-127.54,352.00
41.00,-127.54,302.00
41.00,-127.53,472.00
41.00,-127.52,192.00
41.01,-127.51,1586.00
41.02,-127.47,463.00
41.00,-127.47,235.00
41.01,-127.47,274.00
41.01,-127.47,1804.00
41.02,-127.47,280.00
40.94,-127.51,176.00
40.93,-127.52,299.00
40.91,-127.52,219.00
40.91,-127.49,511.00
40.91,-127.48,213.00
50.15,-123.38,58.00
50.12,-123.45,71.00
50.20,-123.53,63.00
50.18,-123.52,56.00
50.17,-123.52,39.00
50.45,-123.12,53.00
50.45,-123.17,56.00
50.45,-123.20,69.00
51.97,-121.17,63.00
51.83,-121.15,63.00
52.00,-120.95,58.00
52.00,-120.82,61.00
51.78,-120.37,113.00
51.82,-120.47,100.00
51.73,-120.15,92.00
51.75,-120.07,107.00
51.15,-119.82,56.00
51.15,-119.80,67.00
51.15,-119.82,83.00
53.37,-130.15,75.00
53.35,-130.13,75.00
53.35,-130.13,75.00
53.36,-130.13,117.00
53.37,-130.16,71.00
53.37,-130.16,64.00
53.37,-130.12,76.00
53.37,-130.16,51.00
53.37,-130.16,87.00
53.37,-130.16,88.00
53.37,-130.16,81.00
51.38,-120.07,70.00
51.38,-120.07,72.00
51.38,-120.07,71.00
53.53,-132.22,66.00
53.53,-132.22,46.00
53.53,-132.22,69.00
53.53,-132.22,59.00
53.53,-132.22,107.00
53.53,-132.22,69.00
53.53,-132.22,76.00
53.53,-132.22,49.00
53.53,-132.22,66.00
52.14,-128.05,91.00
52.15,-128.10,74.00
54.74,-126.62,68.00
54.74,-126.62,69.00
54.74,-126.62,75.00
54.74,-126.62,91.00
54.74,-126.62,74.00
54.20,-126.26,60.00
54.18,-126.27,66.00
54.17,-126.28,119.00
52.30,-120.57,46.00
52.30,-120.57,61.00
54.23,-126.23,83.00
54.23,-126.24,79.00
52.72,-131.72,60.00
52.72,-131.71,48.00
48.89,-123.87,20.00
48.89,-123.87,19.00
48.89,-123.85,25.00
48.88,-123.82,29.00
52.92,-123.62,74.00
52.92,-123.63,71.00
52.90,-123.62,56.00
49.05,-123.91,30.00
49.05,-124.00,20.00
49.59,-119.68,61.00
51.73,-124.62,67.00
51.73,-124.63,91.10
51.45,-123.62,101.20
51.45,-123.62,107.70
50.62,-127.50,67.90
49.77,-125.30,39.40
54.02,-130.58,72.20
54.02,-130.58,132.80
54.02,-130.58,112.40
54.02,-130.58,78.10
54.02,-130.58,62.40
49.15,-124.65,47.90
49.15,-124.67,54.40
49.15,-124.67,48.30
49.33,-121.97,143.40
49.33,-121.97,86.70
49.33,-121.97,132.40
49.33,-121.97,99.70
49.33,-121.97,38.80
49.33,-121.97,103.30
49.33,-121.95,95.50
49.33,-121.97,90.60
49.30,-121.93,105.10
49.75,-124.53,41.50
49.70,-124.52,18.10
49.75,-124.53,36.20
49.75,-124.53,33.20
49.75,-124.53,32.80
49.75,-124.53,34.70
49.75,-124.53,32.60
49.75,-124.53,20.70
49.70,-124.53,26.80
49.70,-124.53,22.50
49.70,-124.53,8.00
49.70,-124.53,34.90
50.02,-126.78,53.00
50.00,-126.80,42.10
50.00,-126.80,43.60
50.00,-126.80,39.20
50.02,-126.78,39.30
47.51,-121.35,57.00
47.51,-121.35,57.00
47.68,-121.65,60.00
47.68,-121.65,60.00
47.49,-121.40,56.00
42.20,-121.83,67.00
48.46,-122.63,37.00
48.72,-119.59,75.00
46.35,-122.11,69.00
46.36,-122.07,68.00
49.00,-119.49,70.00
48.61,-120.38,76.00
48.61,-120.39,73.00
46.85,-124.10,38.00
47.24,-124.19,35.00
42.16,-120.34,742.00
42.19,-120.33,180.00
42.19,-120.34,140.00
42.20,-120.35,98.00
42.22,-120.35,2861.00
42.22,-120.34,309.00
42.17,-120.34,110.00
42.22,-120.36,991.00
42.22,-120.36,117.00
42.19,-120.34,150.00
42.19,-120.35,124.00
42.18,-120.35,124.00
42.18,-120.34,189.00
42.22,-120.36,2882.00
42.21,-120.36,158.00
44.27,-120.81,66.00
42.04,-120.30,571.00
42.21,-120.36,1895.00
42.24,-120.36,840.00
42.23,-120.37,531.00
42.02,-120.30,90.00
42.19,-120.38,76.00
45.43,-121.46,48.00
45.61,-122.00,71.00
45.34,-121.36,62.00
43.96,-123.11,50.00
45.12,-120.85,59.00
44.60,-122.06,76.00
44.60,-122.06,110.00
45.44,-121.16,41.00
45.54,-122.58,47.00
45.66,-121.33,55.00
45.25,-121.12,90.00
42.41,-120.48,58.00
45.69,-121.35,33.00
45.18,-121.07,95.00
45.84,-119.67,112.00
45.32,-122.87,47.00
45.63,-121.36,65.00
44.78,-121.03,69.00
45.43,-120.93,60.00
42.06,-122.65,52.00
45.90,-119.22,41.00
45.60,-121.14,46.00
45.36,-121.28,94.00
45.38,-122.59,33.00
45.60,-119.60,58.00
45.65,-121.47,41.00
45.70,-123.13,41.00
42.19,-122.64,31.00
45.70,-121.35,77.00
42.48,-123.40,33.00
45.61,-121.23,71.00
45.91,-119.44,100.00
45.18,-121.20,62.00
42.32,-122.81,46.00
45.60,-121.64,83.00
45.53,-122.43,48.00
42.53,-122.64,49.00
42.80,-123.85,29.00
45.38,-122.02,77.00
45.72,-119.02,66.00
45.68,-121.31,41.00
42.49,-122.95,33.00
42.50,-122.98,33.00
45.39,-122.36,41.00
42.86,-123.38,33.00
44.87,-122.71,43.00
45.77,-119.12,71.00
45.43,-121.29,65.00
45.54,-122.76,35.00
45.35,-121.13,54.00
45.35,-121.13,54.00
45.32,-121.10,41.00
45.69,-121.38,47.00
42.39,-122.98,39.00
45.36,-120.15,54.00
44.05,-122.88,31.00
43.80,-122.42,40.00
44.78,-121.98,763.00
44.78,-121.97,430.00
44.78,-121.97,1393.00
44.78,-121.97,404.00
43.92,-120.82,75.00
43.69,-120.48,75.00
43.69,-120.48,83.00
43.69,-120.48,96.00
43.63,-120.46,79.00
43.62,-120.47,79.00
43.63,-120.46,66.00
43.63,-120.46,96.00
43.63,-120.46,75.00
43.78,-120.62,79.00
43.78,-120.62,83.00
43.62,-120.47,83.00
43.62,-120.47,87.00
43.62,-120.47,75.00
43.62,-120.47,83.00
43.62,-120.47,83.00
43.73,-121.36,100.00
43.73,-121.36,100.00
43.75,-120.94,58.00
43.75,-120.94,96.00
43.81,-120.99,96.00
44.17,-122.29,63.00
44.45,-122.80,30.00
44.61,-122.77,49.00
44.54,-123.29,33.00
44.83,-122.25,51.00
44.95,-122.17,97.00
44.95,-122.17,97.00
45.04,-121.00,71.00
43.80,-122.42,45.00
43.80,-122.42,39.00
44.86,-122.88,39.00
44.06,-122.79,40.00
44.15,-122.25,68.00
44.15,-122.25,68.00
44.80,-124.06,32.00
44.80,-124.07,29.00
44.04,-122.84,44.00
43.93,-122.91,36.00
44.80,-122.41,31.00
44.81,-122.41,32.00
44.39,-121.99,33.00
44.39,-121.99,148.00
44.54,-121.96,94.00
43.76,-122.43,41.00
44.22,-120.99,176.00
44.73,-122.18,50.00
44.77,-122.56,59.00
44.89,-122.71,47.00
44.89,-122.71,47.00
44.61,-123.30,48.00
44.59,-120.92,84.00
44.04,-122.93,42.00
43.95,-122.90,43.00
43.91,-121.36,25.00
44.49,-122.85,45.00
44.24,-120.97,103.00
44.24,-120.97,103.00
44.19,-121.05,207.00
45.08,-120.96,70.00
44.49,-122.86,54.00
45.01,-122.66,40.00
45.01,-122.66,40.00
44.81,-120.73,61.00
44.43,-122.72,53.00
44.40,-122.65,50.00
44.33,-122.99,39.00
45.01,-123.51,30.00
43.80,-123.88,25.00
44.58,-122.84,30.00
44.98,-122.65,41.00
44.19,-123.83,29.00
44.71,-123.03,41.00
44.71,-123.03,41.00
43.67,-122.45,53.00
43.96,-122.84,45.00
45.03,-121.96,239.00
44.78,-121.95,114.00
44.78,-121.95,135.00
44.78,-122.04,89.00
44.83,-121.88,50.00
45.02,-122.01,279.00
45.00,-122.06,106.00
44.20,-122.05,153.00
44.15,-122.08,111.00
44.72,-121.91,101.00
43.95,-122.03,41.00
43.72,-122.33,99.00
43.64,-122.19,102.00
44.07,-122.02,139.00
44.63,-121.94,105.00
44.02,-122.16,92.00
44.02,-122.16,92.00
44.45,-122.83,31.00
44.62,-122.72,35.00
44.62,-122.72,35.00
44.61,-121.11,69.00
44.16,-122.24,69.00
44.47,-122.91,39.00
45.05,-122.62,44.00
45.05,-122.62,45.00
44.44,-122.99,37.00
44.30,-122.12,110.00
46.85,-122.26,20.00
46.31,-119.76,53.00
46.31,-119.76,98.00
46.63,-123.23,41.00
46.52,-122.46,34.00
46.89,-120.39,45.00
46.61,-119.12,76.00
46.37,-119.29,54.00
46.36,-119.27,63.00
46.36,-119.27,66.00
46.43,-119.28,59.00
46.44,-119.40,65.00
45.86,-120.67,48.00
47.07,-122.22,17.00
46.55,-122.31,26.00
46.78,-122.26,33.00
45.71,-121.46,56.00
45.71,-121.31,53.00
46.60,-120.35,76.00
46.52,-120.01,52.00
46.42,-120.12,69.00
46.42,-120.12,78.00
46.48,-120.26,51.00
48.43,-119.52,53.00
46.78,-120.67,58.00
46.55,-120.67,50.00
46.55,-120.67,94.00
46.53,-120.20,65.00
46.27,-119.45,293.00
45.73,-121.80,265.00
46.53,-120.33,66.00
46.14,-119.63,55.00
46.25,-119.40,68.00
45.82,-121.13,51.00
45.96,-119.88,77.00
47.71,-121.14,99.00
47.71,-121.14,114.00
47.43,-121.41,43.00
46.65,-121.28,107.00
45.81,-121.95,91.00
46.67,-121.03,87.00
46.75,-120.64,46.00
47.01,-121.70,46.00
46.04,-119.64,38.00
46.04,-119.64,51.00
45.92,-120.19,43.00
45.92,-120.19,78.00
45.88,-122.45,41.00
45.84,-122.53,40.00
45.94,-122.71,37.00
47.00,-119.53,79.00
45.99,-120.38,59.00
45.99,-120.38,65.00
45.99,-120.38,104.00
47.45,-120.36,46.00
46.46,-120.23,52.00
46.60,-120.38,41.00
45.83,-120.82,55.00
45.83,-120.82,71.00
45.76,-120.53,52.00
46.54,-122.48,31.00
45.90,-122.66,41.00
45.61,-122.13,56.00
45.61,-122.13,72.00
45.88,-120.93,39.00
45.89,-122.50,51.00
45.70,-121.41,58.00
45.74,-121.18,53.00
45.70,-120.92,44.00
45.61,-122.18,37.00
45.61,-122.18,38.00
46.33,-120.78,73.00
46.53,-122.55,38.00
45.70,-121.24,41.00
47.11,-120.68,35.00
46.53,-122.56,30.00
46.28,-120.00,92.00
46.73,-120.76,35.00
45.70,-121.42,51.00
46.67,-120.60,57.00
45.88,-120.69,75.00
45.88,-120.69,76.00
46.68,-120.75,108.00
46.30,-122.87,22.00
46.57,-123.03,46.00
47.16,-119.32,59.00
47.16,-119.32,80.00
46.51,-122.49,45.00
45.71,-121.87,47.00
45.82,-120.82,30.00
45.74,-121.12,61.00
45.73,-121.11,58.00
45.61,-122.13,66.00
45.61,-122.13,58.00
46.82,-120.66,33.00
46.55,-122.58,38.00
45.73,-122.41,43.00
45.94,-120.97,49.00
46.44,-120.20,65.00
45.74,-120.23,85.00
48.69,-119.50,73.00
45.60,-122.40,50.00
45.64,-122.44,49.00
46.55,-121.79,9.00
46.73,-121.85,43.00
45.64,-121.98,69.00
45.65,-121.95,189.00
45.65,-121.96,120.00
46.71,-121.58,73.00
46.62,-121.69,69.00
46.52,-121.94,72.00
46.27,-122.24,36.00
46.17,-122.27,44.00
46.53,-122.84,36.00
46.54,-122.85,36.00
47.57,-120.16,24.00
46.62,-122.23,29.00
46.43,-120.18,43.00
46.73,-120.78,52.00
45.71,-121.88,33.00
46.41,-120.08,63.00
46.41,-120.08,67.00
45.77,-122.20,56.00
45.77,-122.20,68.00
45.77,-122.19,65.00
45.77,-122.22,64.00
45.77,-122.20,46.00
45.77,-122.20,69.00
45.77,-122.20,68.00
45.77,-122.20,43.00
45.77,-122.20,81.00
45.77,-122.20,64.00
45.78,-122.20,42.00
46.53,-122.82,37.00
46.54,-122.82,29.00
46.54,-122.82,31.00
46.53,-122.83,36.00
46.53,-122.83,39.00
46.54,-122.62,20.00
45.76,-121.54,27.00
45.76,-121.54,34.00
46.63,-120.41,52.00
45.71,-121.89,49.00
47.12,-120.68,40.00
45.91,-121.05,49.00
45.67,-122.38,36.00
45.77,-121.12,43.00
46.62,-120.41,38.00
47.24,-120.01,41.00
47.24,-120.01,51.00
45.82,-122.46,60.00
46.83,-120.21,61.00
46.83,-120.21,51.00
39.51,-119.75,89.10
43.33,-119.57,276.10
43.31,-119.54,100.40
43.35,-119.67,338.90
43.49,-119.54,133.90
43.15,-119.72,92.00
43.11,-119.73,113.00
40.42,-119.41,622.40
40.42,-119.40,254.80
40.37,-119.40,366.80
40.36,-119.40,311.50
40.36,-119.41,401.90
40.35,-119.36,462.80
40.35,-119.40,180.50
40.40,-119.40,5832.00
40.40,-119.40,1901.80
40.40,-119.41,1575.00
40.40,-119.40,262.10
40.41,-119.40,5374.80
39.86,-119.01,127.40
44.79,-122.57,56.96
44.40,-122.51,49.96
44.75,-122.39,40.89
44.40,-122.49,43.96
44.12,-122.41,51.96
44.75,-122.62,50.02
44.59,-122.37,47.96
44.12,-122.45,43.96
44.11,-122.43,53.96
39.91,-119.22,380.40
39.95,-119.20,58.20
39.95,-119.00,81.90
39.95,-119.02,122.90
39.96,-119.10,191.10
39.96,-119.07,254.80
39.96,-119.06,116.50
39.96,-119.04,218.40
39.96,-119.25,327.60
39.97,-119.01,196.60
39.97,-119.05,318.50
39.98,-119.02,262.10
39.98,-119.02,262.10
39.98,-119.11,122.90
39.99,-119.03,294.80
39.99,-119.05,318.50
39.99,-119.29,72.80
39.99,-119.03,294.80
39.99,-119.02,294.80
39.99,-119.01,262.10
40.00,-119.17,136.50
40.00,-119.05,318.50
44.31,-122.12,108.80
46.74,-121.51,118.80
46.71,-121.48,42.30
46.71,-121.55,45.20
44.16,-122.25,66.90
46.68,-121.45,156.90
46.66,-121.51,66.90
46.67,-121.57,41.40
38.76,-119.15,351.60
40.41,-119.40,356.70
40.39,-119.40,2918.00
45.45,-121.16,42.00
40.39,-119.40,1397.60
40.40,-119.40,5446.40
40.41,-119.41,8420.40
40.41,-119.40,3670.40
40.41,-119.39,1563.70
40.46,-119.42,131.00
40.45,-119.42,127.40
43.55,-119.95,203.80
43.55,-119.95,171.00
43.74,-121.29,120.40
43.74,-121.29,208.60
38.94,-122.97,92.00
38.78,-122.70,502.00
38.78,-122.70,658.00
38.79,-122.70,402.00
38.79,-122.70,367.00
38.78,-122.69,372.00
38.78,-122.69,367.10
38.86,-122.89,155.00
38.87,-122.87,84.00
38.89,-122.92,156.00
38.88,-122.95,156.00
38.87,-122.90,151.00
38.87,-122.90,145.00
38.85,-122.92,163.00
38.85,-122.92,172.50
38.86,-122.90,234.00
38.87,-122.92,133.00
38.92,-122.95,117.00
38.90,-122.91,92.00
38.92,-122.80,42.00
38.90,-122.80,96.00
38.80,-122.68,113.00
40.44,-119.41,149.20
40.44,-119.41,262.00
40.44,-119.41,152.80
40.44,-119.41,152.80
40.44,-119.42,127.40
40.36,-119.39,211.00
40.43,-119.41,127.40
40.43,-119.40,229.20
40.44,-119.39,116.40
40.45,-119.40,102.00
40.44,-119.40,206.30
40.45,-119.40,150.70
40.46,-119.41,222.00
40.34,-119.39,178.40
39.72,-119.02,76.40
40.34,-119.43,189.20
40.38,-119.40,1674.40
40.41,-119.43,75.70
40.42,-119.43,98.20
40.42,-119.41,258.40
40.44,-119.43,100.00
40.35,-119.42,203.80
40.39,-119.41,1820.00
40.36,-119.42,455.00
40.36,-119.43,167.00
40.38,-119.44,1528.80
40.39,-119.44,1019.20
40.39,-119.44,1820.00
40.34,-119.42,145.60
40.34,-119.40,225.60
40.37,-119.39,200.20
39.54,-119.74,115.50
40.36,-119.39,189.20
40.33,-119.41,216.90
40.39,-119.40,491.40
40.38,-119.39,143.30
40.38,-119.39,446.40
40.38,-119.39,204.80
40.38,-119.40,632.20
40.38,-119.39,229.30
40.37,-119.38,134.30
40.39,-119.39,176.90
40.40,-119.39,159.50
40.38,-119.40,1870.20
40.41,-119.39,345.80
40.41,-119.39,98.70
40.38,-119.39,150.70
40.38,-119.39,235.80
45.66,-121.33,54.00
43.75,-121.27,262.40
45.03,-121.97,287.00
43.74,-121.29,137.20
43.74,-121.29,191.80
43.74,-121.29,238.40
40.37,-119.40,277.60
41.74,-121.31,79.00
41.72,-121.30,13.70
41.72,-121.30,544.00
38.78,-122.72,765.00
38.78,-122.70,437.90
38.77,-122.73,139.00
38.77,-122.72,1507.00
38.78,-122.69,418.60
42.23,-121.76,3526.40
38.76,-122.67,232.00
38.76,-122.67,267.00
38.76,-122.68,438.00
38.77,-122.69,319.00
38.77,-122.66,207.00
43.80,-122.42,43.00
38.77,-122.85,219.00
38.82,-122.87,270.00
38.80,-122.89,248.00
38.80,-122.87,132.00
38.79,-122.84,177.00
38.78,-122.86,232.00
38.78,-122.80,154.70
38.78,-122.79,357.00
38.77,-122.79,198.00
38.77,-122.77,211.80
38.82,-122.89,193.00
42.23,-121.76,540.00
40.68,-119.36,222.00
39.79,-119.02,6023.60
40.88,-119.34,326.00
40.87,-119.33,502.00
40.70,-119.35,29.00
39.76,-119.01,1209.10
39.80,-119.01,5693.60
39.81,-119.00,7609.80
40.65,-119.39,565.00
39.78,-119.02,2763.20
39.78,-119.01,7730.80
40.65,-119.35,59.00
40.65,-119.37,318.00
40.66,-119.38,218.00
39.81,-119.02,568.00
40.65,-119.39,418.00
40.64,-119.41,79.00
39.78,-119.02,612.90
40.78,-119.34,502.00
38.78,-122.67,305.00
38.78,-122.66,196.00
38.77,-122.64,322.00
45.02,-122.01,119.00
45.02,-122.01,119.00
38.74,-122.69,231.60
38.74,-122.69,386.40
38.68,-122.55,213.20
38.68,-122.55,121.30
38.69,-122.61,94.00
38.69,-122.52,180.00
38.69,-122.54,209.00
38.67,-122.58,130.00
38.67,-122.56,130.00
38.68,-122.55,192.00
38.68,-122.53,176.00
38.68,-122.53,151.00
38.69,-122.51,142.00
38.69,-122.51,176.00
38.68,-122.47,159.00
38.68,-122.50,113.00
38.67,-122.55,146.00
38.67,-122.50,418.00
38.67,-122.52,322.00
38.67,-122.54,117.00
38.66,-122.54,142.00
38.66,-122.55,109.00
38.65,-122.53,117.00
38.65,-122.52,109.00
38.65,-122.50,138.00
38.66,-122.49,172.00
38.66,-122.51,285.00
38.67,-122.47,188.00
38.64,-122.47,151.00
38.60,-122.47,105.00
38.56,-122.52,1565.00
38.55,-122.50,184.00
38.65,-122.51,146.00
38.66,-122.56,100.00
38.66,-122.57,144.80
38.66,-122.58,84.00
38.67,-122.60,142.00
38.74,-122.56,100.00
38.67,-122.57,138.00
38.62,-122.59,335.00
46.85,-122.26,18.00
46.31,-119.76,54.00
38.90,-122.86,245.00
38.86,-122.85,290.00
38.86,-122.86,74.00
38.86,-122.88,270.00
38.85,-122.90,225.00
38.85,-122.90,251.00
38.84,-122.88,194.00
38.85,-122.87,145.00
38.84,-122.86,509.00
38.87,-122.90,184.00
38.85,-122.84,390.00
38.84,-122.83,315.00
38.90,-122.86,245.00
38.83,-122.84,300.00
38.83,-122.85,392.00
38.83,-122.88,386.40
38.82,-122.86,412.00
38.84,-122.88,261.00
38.85,-122.81,277.00
38.86,-122.90,261.00
38.87,-122.86,200.00
38.88,-122.85,196.00
38.87,-122.89,193.00
38.87,-122.88,216.00
38.87,-122.86,138.00
38.86,-122.83,116.00
41.84,-121.33,96.00
42.21,-122.71,92.00
42.21,-122.71,93.00
45.25,-121.12,91.00
38.75,-122.68,386.00
39.00,-122.65,375.00
45.86,-120.67,49.00
46.78,-122.26,25.00
40.60,-119.45,16.00
40.60,-119.45,21.00
39.79,-119.01,316.80
40.64,-119.41,59.00
39.79,-119.02,4206.40
40.66,-119.35,36.00
39.79,-119.02,1578.10
39.79,-119.02,3271.40
39.79,-119.01,1124.20
39.79,-119.01,2741.20
40.37,-119.40,1927.80
39.79,-119.01,237.60
46.89,-120.39,46.00
46.61,-119.12,77.00
43.16,-124.22,42.00
43.15,-124.22,42.00
46.36,-119.27,64.00
46.43,-119.28,60.00
46.44,-119.40,66.00
42.15,-121.68,59.00
44.78,-121.98,879.00
47.07,-122.22,23.00
43.47,-119.86,117.60
43.52,-119.72,105.00
43.22,-119.25,88.00
43.44,-119.02,42.00
43.19,-119.89,84.00
43.71,-119.93,63.00
43.66,-119.94,63.00
43.62,-120.47,83.00
42.06,-121.62,42.00
38.80,-122.71,146.00
44.45,-122.80,31.00
40.91,-119.09,63.00
45.18,-121.07,97.00
48.68,-126.87,60.80
48.69,-126.87,63.70
48.69,-126.87,59.60
48.69,-126.87,53.90
48.69,-126.88,68.90
48.69,-126.86,53.30
48.69,-126.87,57.60
48.69,-126.88,61.50
44.14,-122.02,126.00
44.14,-122.02,126.00
43.66,-119.08,74.60
43.66,-119.08,75.00
43.66,-119.08,74.30
43.72,-119.09,84.00
43.72,-119.09,83.90
44.22,-122.05,78.00
44.22,-122.05,78.00
44.20,-122.03,117.00
44.16,-122.09,109.00
44.16,-122.09,109.00
45.84,-119.67,113.00
38.91,-122.77,246.00
38.81,-122.68,81.00
39.00,-122.67,256.00
45.73,-122.44,46.00
38.75,-122.65,246.00
41.19,-120.95,96.00
41.21,-119.06,157.00
40.88,-119.10,70.00
40.87,-119.17,86.00
41.12,-120.95,289.00
41.09,-121.00,63.00
41.09,-121.00,88.00
41.11,-121.09,92.00
41.08,-119.02,95.00
41.11,-121.09,67.00
41.10,-121.19,44.00
41.10,-121.19,44.00
41.10,-121.19,88.00
41.09,-121.16,59.00
41.02,-119.06,81.00
41.17,-121.05,63.00
43.58,-120.01,136.80
43.52,-120.03,170.70
43.48,-120.10,99.40
41.11,-121.11,92.00
40.91,-119.14,90.00
45.71,-121.31,52.00
39.03,-122.66,116.00
39.03,-122.66,370.00
40.78,-119.34,294.80
40.87,-119.34,979.50
40.71,-119.33,25.50
40.76,-119.32,25.50
40.78,-119.36,866.30
40.90,-119.36,216.60
40.87,-119.27,124.90
40.81,-119.22,79.00
40.84,-119.24,221.70
40.92,-119.37,51.00
40.93,-119.40,51.00
40.69,-119.30,51.00
40.87,-119.23,114.70
40.73,-119.25,33.10
40.77,-119.25,56.10
40.80,-119.29,30.60
40.78,-119.30,25.50
40.81,-119.34,53.50
44.80,-121.91,181.00
44.80,-121.91,181.00
42.02,-123.84,46.00
44.60,-122.06,96.00
42.19,-120.34,141.00
48.67,-126.85,59.50
48.67,-126.85,60.70
48.67,-126.85,58.00
48.67,-126.85,57.60
48.67,-126.85,57.40
48.67,-126.85,55.60
48.67,-126.85,56.50
48.67,-126.85,58.00
48.67,-126.85,55.80
48.67,-126.85,61.50
48.67,-126.85,57.40
48.67,-126.85,61.40
48.67,-126.85,37.50
48.67,-126.85,60.40
42.23,-121.76,1162.00
42.64,-119.09,45.00
39.16,-119.77,100.00
45.36,-121.94,100.00
42.90,-121.99,481.00
42.90,-121.99,481.00
45.63,-121.36,49.00
46.15,-123.88,40.00
46.60,-120.35,80.00
46.52,-120.01,54.00
40.36,-119.40,309.40
40.38,-119.40,1510.60
40.42,-119.44,83.70
40.36,-119.42,498.70
40.38,-119.44,149.20
39.39,-119.71,217.90
38.76,-122.65,268.00
38.74,-122.66,277.00
38.73,-122.65,241.00
38.73,-122.66,209.00
38.73,-122.66,236.00
38.73,-122.65,161.00
38.99,-122.62,146.00
38.98,-122.62,136.00
39.01,-122.60,154.00
38.99,-122.65,146.00
39.03,-122.65,186.00
39.01,-122.64,241.00
38.99,-122.65,276.00
38.99,-122.63,607.00
38.99,-122.64,217.00
43.88,-122.37,112.00
45.65,-123.17,18.00
42.66,-119.74,28.80
45.09,-122.09,41.80
44.80,-121.88,55.40
44.45,-121.99,51.60
44.46,-121.98,69.00
44.41,-122.04,206.00
39.03,-122.57,146.00
45.09,-122.25,88.70
45.03,-122.16,70.10
44.93,-122.15,20.90
44.97,-122.14,34.20
45.00,-122.13,72.20
38.77,-122.97,204.00
42.09,-121.70,59.00
39.70,-122.88,88.00
42.70,-120.57,515.00
42.69,-120.57,515.00
44.44,-122.12,113.00
39.39,-119.78,397.70
45.90,-119.22,42.00
39.60,-119.05,134.00
39.70,-119.10,31.00
39.53,-119.00,76.00
39.60,-119.10,130.50
43.80,-122.42,46.00
44.06,-122.79,42.00
42.20,-121.74,130.00
42.24,-120.36,1222.00
40.38,-120.64,1400.00
47.51,-121.35,64.00
47.68,-121.65,32.00
48.61,-120.38,73.00
44.80,-124.06,34.00
45.47,-121.20,63.00
45.98,-121.62,77.00
46.13,-121.77,61.00
46.05,-121.75,84.00
46.58,-119.52,64.00
39.79,-119.01,1069.30
39.82,-119.00,923.30
40.65,-119.37,335.00
40.67,-119.37,2720.00
39.80,-119.01,10234.40
39.78,-119.01,3088.80
39.79,-119.02,1184.80
41.75,-121.30,172.00
40.32,-119.04,68.80
40.41,-119.02,63.70
40.17,-119.17,147.80
40.22,-119.20,203.80
40.50,-119.02,107.00
40.60,-119.09,73.90
40.26,-119.09,45.90
40.31,-119.13,71.30
40.38,-119.24,56.10
40.30,-119.23,81.50
40.40,-119.12,79.00
40.47,-119.12,91.70
40.49,-119.21,73.90
40.57,-119.18,40.80
37.51,-122.13,85.00
43.78,-121.46,13.00
43.67,-120.02,8.80
46.35,-121.59,115.00
46.34,-121.70,125.00
46.35,-121.55,54.00
46.11,-121.32,64.00
46.02,-121.60,26.00
45.81,-121.95,156.00
46.72,-121.51,149.00
46.39,-121.54,145.00
46.30,-121.71,75.00
46.23,-121.66,85.00
46.20,-121.83,60.00
45.80,-121.67,50.00
48.77,-121.81,628.00
48.77,-121.81,2990.00
46.65,-121.33,132.00
46.14,-119.63,56.00
46.25,-119.40,69.00
45.96,-119.88,78.00
47.71,-121.14,138.00
47.72,-121.12,98.00
47.43,-121.41,49.00
46.65,-121.28,111.00
45.81,-121.95,106.00
47.03,-121.70,58.00
45.92,-120.19,44.00
42.22,-122.74,105.00
42.20,-122.71,108.00
42.22,-122.74,105.00
42.22,-122.74,105.00
42.12,-122.38,50.00
42.12,-122.38,50.00
42.20,-122.70,55.00
42.20,-122.70,55.00
42.19,-122.69,45.00
42.19,-122.69,45.00
42.18,-122.67,47.00
37.63,-119.08,174.00
39.41,-119.75,5904.80
45.84,-122.53,41.00
42.16,-121.70,67.00
39.79,-119.01,280.90
42.10,-121.90,13.00
42.15,-121.68,63.00
40.73,-124.21,52.77
43.93,-122.91,41.00
42.09,-120.06,89.50
44.55,-121.96,97.00
44.98,-121.85,7.00
44.91,-121.88,107.00
40.65,-119.38,289.00
40.90,-119.31,113.00
40.93,-119.32,46.00
40.98,-119.33,54.00
40.66,-119.35,79.00
40.67,-119.36,305.00
40.80,-119.33,37.00
40.83,-119.33,71.00
40.88,-119.33,268.00
40.89,-119.32,134.00
40.89,-119.31,75.00
40.91,-119.32,92.00
43.76,-122.43,47.00
45.12,-122.16,95.00
40.85,-119.34,300.70
40.85,-119.33,130.00
40.87,-119.31,255.00
40.79,-119.34,920.00
39.89,-119.13,104.50
39.84,-119.12,112.10
39.90,-119.11,175.80
39.89,-119.09,135.00
39.98,-119.05,155.40
39.92,-119.09,206.40
39.94,-119.05,117.20
39.96,-119.01,81.50
39.96,-119.02,28.00
39.94,-119.02,81.50
45.63,-121.48,65.30
44.73,-122.18,61.00
39.43,-123.73,84.00
37.65,-122.01,140.00
43.58,-119.93,328.70
43.54,-119.91,132.50
43.51,-119.91,219.10
43.51,-119.96,122.30
43.50,-119.01,257.30
43.51,-120.09,186.00
43.54,-120.13,262.40
43.58,-120.10,265.00
43.60,-120.01,272.60
43.54,-120.01,104.60
43.59,-120.14,142.70
43.62,-120.07,188.60
43.60,-119.93,122.30
43.57,-119.88,126.80
43.57,-119.97,331.20
43.56,-120.00,107.00
43.55,-119.99,66.20
43.58,-120.05,137.60
43.64,-119.98,122.30
43.55,-119.98,366.10
43.57,-120.18,234.40
43.50,-119.82,108.80
43.55,-119.91,186.60
43.52,-120.15,63.70
43.50,-119.91,127.40
43.56,-119.97,160.50
43.56,-119.96,313.40
43.47,-119.89,145.00
43.47,-119.89,128.90
43.51,-119.90,163.20
43.51,-119.90,120.30
43.52,-120.00,103.60
43.55,-119.84,69.50
43.57,-119.88,115.50
43.65,-119.92,77.40
43.48,-120.10,81.20
43.52,-120.03,123.00
43.52,-119.70,130.10
43.53,-119.97,229.30
43.56,-119.95,127.40
43.51,-119.96,89.20
43.55,-120.01,89.20
43.54,-119.96,188.60
43.56,-119.93,145.20
43.54,-119.92,86.60
43.51,-119.95,86.60
38.82,-122.89,204.00
38.78,-122.87,194.00
38.79,-122.86,181.00
38.78,-122.85,195.00
38.81,-122.62,179.00
38.78,-122.62,177.00
38.79,-122.62,183.00
38.77,-122.63,187.00
38.76,-122.61,160.00
38.77,-122.63,177.00
38.80,-122.62,157.00
38.79,-122.62,160.00
38.75,-122.64,191.00
43.64,-121.24,151.00
43.64,-121.24,151.00
43.83,-121.25,96.00
43.83,-121.25,96.00
38.92,-122.88,146.00
38.90,-122.87,181.00
38.75,-122.59,154.00
38.73,-122.61,157.00
38.87,-122.91,202.00
38.89,-122.90,239.00
40.61,-119.40,98.00
40.62,-119.37,76.40
38.89,-122.90,164.00
38.90,-122.91,153.00
38.80,-122.89,153.00
38.80,-122.59,144.00
38.90,-122.57,161.00
38.90,-122.56,164.00
38.71,-122.68,160.00
42.19,-121.71,105.00
42.03,-120.30,97.00
44.77,-122.56,67.00
46.61,-120.38,42.00
43.80,-123.88,36.80
43.21,-123.25,25.00
43.21,-123.25,25.00
46.54,-122.48,32.00
40.77,-119.13,242.20
40.77,-119.17,21.00
40.77,-119.15,406.00
40.77,-119.15,1302.00
40.77,-119.15,924.00
40.77,-119.15,84.00
40.71,-119.29,71.00
40.77,-119.22,59.00
39.52,-119.75,127.70
40.82,-119.17,92.00
40.84,-119.14,109.00
40.80,-119.13,67.00
40.77,-119.18,88.00
45.60,-119.60,59.00
45.90,-122.66,42.00
40.55,-124.18,77.51
40.77,-119.25,67.00
42.49,-123.38,40.00
40.65,-119.35,210.00
39.97,-119.03,188.60
39.99,-119.35,180.90
40.00,-119.07,191.10
39.98,-119.04,145.20
39.98,-119.01,173.30
39.96,-119.07,81.50
39.96,-119.06,81.50
39.38,-119.73,4252.50
39.40,-119.75,3950.00
39.39,-119.75,2780.00
39.39,-119.75,3584.00
39.39,-119.75,3088.00
39.40,-119.75,4585.00
39.39,-119.77,3296.00
39.39,-119.75,8052.50
39.39,-119.75,231.00
39.39,-119.75,1688.40
39.59,-119.11,139.20
38.87,-122.73,278.00
38.92,-122.80,334.00
41.86,-123.37,36.00
44.61,-123.30,44.00
45.65,-121.47,41.00
44.59,-120.92,85.00
39.41,-119.75,2262.30
42.46,-121.37,48.30
42.46,-121.37,64.00
39.50,-119.75,97.90
42.22,-120.35,1426.00
42.22,-120.35,2862.00
40.71,-119.43,83.70
44.25,-120.97,109.00
44.24,-120.97,109.00
43.21,-119.04,126.00
43.21,-119.00,128.00
38.85,-122.80,282.40
42.18,-121.70,38.00
42.22,-120.36,895.00
38.77,-122.82,219.10
37.49,-119.30,54.00
43.95,-122.90,45.00
42.13,-121.74,63.00
39.05,-122.74,172.00
38.94,-122.69,214.00
43.69,-122.37,156.00
42.19,-121.77,92.00
40.39,-119.42,20.40
40.39,-119.41,0.60
40.39,-119.42,134.70
42.17,-121.68,21.00
45.70,-121.24,42.00
41.73,-121.67,17.00
43.90,-121.36,59.00
43.91,-121.36,60.90
46.33,-120.78,74.00
41.83,-121.55,100.00
42.70,-122.60,105.00
42.70,-122.60,105.00
42.70,-122.60,93.00
42.70,-122.60,93.00
42.22,-120.36,992.00
42.22,-120.36,118.00
47.94,-128.90,84.00
47.92,-128.85,136.00
47.90,-128.74,440.00
47.74,-127.91,345.00
47.73,-127.88,129.00
47.87,-128.59,439.00
47.85,-128.47,334.00
47.89,-128.66,900.00
47.79,-128.21,267.00
42.01,-121.82,13.00
46.53,-122.56,31.00
42.19,-120.35,146.00
39.51,-119.65,295.60
38.83,-121.17,26.00
39.39,-119.72,425.50
40.39,-121.54,132.00
40.36,-121.50,231.00
40.41,-121.45,85.00
40.37,-120.95,97.00
44.55,-122.03,82.00
39.03,-122.43,109.00
46.57,-120.17,53.00
42.64,-122.82,42.00
42.64,-122.82,42.00
45.70,-121.42,52.00
39.39,-119.76,8295.00
42.37,-120.57,126.00
41.63,-121.37,29.00
41.70,-121.35,144.60
41.70,-121.35,243.00
46.30,-122.87,21.00
42.22,-121.78,377.00
46.58,-123.03,47.00
42.24,-121.77,1488.20
45.61,-121.23,69.00
42.38,-122.53,49.00
47.17,-119.32,81.00
41.65,-121.18,78.00
41.56,-121.12,147.00
41.74,-121.87,8.00
41.59,-121.96,13.00
41.00,-120.89,98.00
41.27,-122.61,37.00
41.83,-121.25,67.00
41.57,-122.88,18.00
41.56,-122.53,29.00
41.43,-122.50,39.00
41.89,-122.40,11.00
41.98,-122.32,72.00
41.90,-122.53,11.00
41.95,-122.00,142.00
41.73,-120.38,8.00
44.43,-122.72,45.00
42.18,-120.36,125.00
42.18,-120.34,190.00
42.22,-120.36,2883.00
43.53,-120.09,277.70
40.41,-120.65,700.00
39.90,-119.16,172.90
39.90,-119.19,276.60
39.88,-119.22,380.40
39.91,-119.22,380.40
39.80,-119.30,69.20
39.94,-119.29,69.20
39.99,-119.23,172.90
39.85,-119.23,276.60
39.88,-119.24,380.40
39.90,-119.23,380.40
39.92,-119.21,276.60
39.91,-119.22,380.40
39.96,-119.28,103.70
39.95,-119.26,103.70
39.96,-119.26,242.10
39.96,-119.24,103.70
39.97,-119.25,242.10
39.92,-119.25,207.50
39.89,-119.29,276.60
39.89,-119.26,380.40
39.84,-119.26,242.10
39.86,-119.25,311.20
39.92,-119.20,345.80
39.88,-119.21,380.40
39.89,-119.21,380.40
39.92,-119.18,242.10
39.88,-119.18,172.90
39.93,-119.19,138.30
39.82,-119.26,179.10
39.85,-119.31,138.30
39.88,-119.28,242.10
39.88,-119.31,138.30
39.83,-119.31,69.20
38.85,-122.76,351.00
38.85,-122.76,389.00
38.86,-122.77,322.00
38.86,-122.78,293.00
38.87,-122.77,285.00
38.86,-122.75,305.00
38.86,-122.75,305.00
38.94,-122.76,232.00
42.21,-122.68,49.00
40.21,-119.15,84.10
40.23,-119.14,33.10
40.19,-119.18,84.10
40.21,-119.23,61.20
40.22,-119.22,150.30
40.25,-119.21,63.70
45.71,-121.87,46.00
45.32,-121.80,41.00
45.41,-121.82,110.00
45.37,-121.82,110.00
45.28,-121.74,95.00
43.32,-119.70,83.70
43.31,-119.77,83.70
43.32,-119.71,175.70
43.21,-119.52,142.30
43.20,-119.57,347.30
43.10,-119.73,46.00
47.37,-120.30,58.00
39.39,-119.75,2659.70
39.39,-119.75,748.00
39.39,-119.76,2722.30
39.91,-119.22,380.40
44.33,-122.99,39.00
45.75,-121.12,56.00
43.75,-122.47,78.00
43.75,-122.47,87.00
44.15,-122.54,55.89
39.49,-119.80,122.40
44.19,-123.83,30.00
44.71,-123.03,42.00
38.89,-122.61,75.30
38.89,-122.64,242.70
38.90,-122.65,192.00
38.91,-122.63,157.80
38.88,-122.72,117.20
38.95,-122.85,62.00
38.76,-122.64,125.00
38.99,-122.82,8.40
38.76,-122.64,130.00
38.80,-122.56,192.40
38.88,-122.62,71.10
38.88,-122.62,58.60
46.15,-124.41,39.50
44.22,-124.47,39.90
44.50,-124.42,44.70
44.86,-124.28,46.20
43.26,-124.59,43.20
44.06,-124.65,48.80
45.44,-119.78,46.00
42.23,-121.77,746.20
42.23,-121.77,1150.00
45.61,-122.13,80.00
37.25,-122.40,116.30
42.24,-121.78,975.00
38.90,-122.86,283.00
38.86,-122.87,274.00
38.98,-122.89,94.00
38.97,-122.89,96.00
38.96,-122.81,105.00
38.88,-122.78,217.00
46.82,-120.66,37.00
45.73,-122.41,36.00
43.59,-122.23,127.00
39.53,-119.76,162.10
39.53,-119.76,124.50
43.84,-119.90,67.00
43.84,-119.90,105.00
42.21,-120.36,171.00
45.94,-120.97,50.00
44.27,-120.81,79.00
45.69,-120.13,114.00
38.10,-122.89,88.67
38.85,-122.85,344.10
38.84,-122.84,379.30
39.74,-119.57,131.00
39.74,-119.59,147.40
39.74,-119.59,212.90
39.74,-119.58,264.80
39.81,-119.65,10.90
48.69,-119.50,77.00
44.84,-120.46,70.00
44.82,-120.56,85.50
44.84,-120.48,67.50
44.83,-120.49,70.60
44.82,-120.48,96.80
44.82,-120.54,198.00
44.86,-120.55,44.80
44.87,-120.55,69.00
45.03,-121.96,341.00
44.78,-122.04,109.00
45.50,-122.31,218.00
45.02,-122.01,398.00
44.20,-122.05,154.00
45.07,-121.96,341.00
44.72,-121.91,117.00
44.56,-121.61,123.00
44.56,-121.61,123.00
43.72,-122.42,57.00
43.72,-122.42,57.00
45.52,-122.27,54.00
45.51,-122.27,54.00
45.61,-122.00,81.00
43.72,-122.33,137.00
45.65,-121.95,209.00
45.34,-121.36,60.00
46.72,-121.58,98.00
46.52,-121.94,73.00
45.34,-121.92,70.00
45.28,-121.84,90.00
45.50,-122.28,55.00
45.50,-122.28,55.00
46.17,-122.27,45.00
46.55,-122.85,37.00
45.63,-121.95,105.00
45.63,-121.95,105.00
46.64,-121.39,96.00
42.13,-121.80,38.00
45.72,-119.02,67.00
38.84,-122.63,196.00
38.86,-122.67,231.00
38.85,-122.66,231.00
38.85,-122.66,219.00
44.45,-122.83,30.00
42.01,-121.63,84.00
44.63,-122.72,38.00
38.70,-122.72,225.00
39.48,-119.81,2998.80
39.48,-119.79,358.20
39.48,-119.79,81.90
39.48,-119.81,1166.40
39.48,-119.81,1380.60
39.48,-119.81,1488.60
39.48,-119.81,1657.80
39.48,-119.83,830.00
39.48,-119.81,132.00
39.48,-119.81,754.00
39.48,-119.81,3123.00
39.50,-119.83,120.50
39.48,-119.81,676.00
39.48,-119.81,1090.80
39.58,-119.81,334.00
39.48,-119.79,698.40
39.48,-119.79,880.20
45.16,-122.11,88.43
42.04,-120.31,175.00
42.04,-120.31,572.00
39.39,-119.75,4727.50
45.68,-121.31,46.00
42.13,-121.92,42.00
46.43,-119.78,56.00
42.45,-121.36,155.70
39.54,-122.08,28.00
39.54,-122.08,28.00
39.62,-119.31,62.80
37.10,-119.73,26.00
39.40,-120.88,30.00
46.43,-120.18,44.00
39.45,-119.76,45.00
39.34,-119.74,131.40
39.34,-119.73,66.20
39.37,-119.75,321.60
39.34,-119.78,221.30
39.45,-119.72,20.70
39.39,-119.81,65.70
39.43,-119.71,415.00
39.33,-119.76,79.00
39.42,-119.76,491.00
39.37,-119.79,141.80
39.43,-119.77,100.30
39.40,-119.75,2188.90
39.37,-119.77,536.00
39.42,-119.74,397.70
39.44,-119.73,255.90
39.40,-119.74,1628.70
39.32,-119.75,58.60
39.40,-119.77,110.70
39.31,-119.70,51.00
39.31,-119.77,35.70
39.29,-119.74,38.20
39.36,-119.82,110.70
39.38,-119.84,3.50
39.41,-119.80,51.90
39.37,-119.73,162.50
45.39,-122.36,41.00
40.38,-119.40,546.00
40.46,-119.40,200.20
40.37,-119.40,157.10
40.42,-119.41,2380.00
40.43,-119.39,109.20
40.36,-119.43,176.20
40.39,-119.37,152.90
40.38,-119.37,152.90
40.44,-119.43,120.10
40.44,-119.42,127.40
40.43,-119.47,72.80
40.41,-119.48,98.30
40.39,-119.45,134.70
40.37,-119.47,269.40
40.34,-119.47,61.90
40.32,-119.46,305.80
40.34,-119.41,240.20
48.67,-126.86,62.20
48.69,-126.90,7.50
48.68,-126.88,58.00
48.68,-126.88,58.70
48.68,-126.88,59.50
48.67,-126.88,59.40
48.67,-126.88,59.60
48.67,-126.88,59.30
48.67,-126.88,61.40
48.67,-126.87,58.80
48.67,-126.87,62.30
48.67,-126.86,59.40
48.67,-126.87,66.00
48.66,-126.87,63.80
48.67,-126.86,62.00
48.68,-126.86,60.70
48.68,-126.86,62.30
48.68,-126.86,60.30
48.68,-126.87,60.40
48.68,-126.87,60.40
48.68,-126.87,57.70
48.65,-126.91,74.20
48.66,-126.89,66.60
48.67,-126.88,75.70
48.67,-126.88,65.00
48.67,-126.88,65.90
48.67,-126.88,64.20
48.67,-126.87,67.90
48.67,-126.87,58.40
48.67,-126.87,59.40
48.67,-126.87,61.80
48.68,-126.86,61.90
48.65,-126.91,70.00
48.68,-126.86,61.40
48.68,-126.86,62.30
48.67,-126.88,64.00
48.67,-126.88,62.80
48.67,-126.87,64.20
48.67,-126.87,66.30
48.67,-126.87,66.60
48.67,-126.87,59.40
48.67,-126.86,59.00
48.68,-126.86,56.30
48.65,-126.91,66.20
48.68,-126.86,59.00
48.68,-126.86,60.00
48.68,-126.86,60.60
48.68,-126.85,60.40
48.68,-126.85,56.40
48.68,-126.85,52.00
48.68,-126.85,42.30
48.68,-126.84,42.40
48.68,-126.84,38.40
48.69,-126.84,41.80
48.65,-126.90,67.10
48.69,-126.84,56.30
48.69,-126.84,36.50
48.69,-126.83,54.20
48.69,-126.83,70.90
48.69,-126.82,69.90
48.69,-126.82,71.30
48.69,-126.82,76.20
48.70,-126.82,77.70
48.70,-126.82,78.20
48.66,-126.90,65.20
48.70,-126.81,63.50
48.70,-126.81,65.80
48.71,-126.79,61.10
48.71,-126.79,43.50
48.66,-126.90,71.30
48.66,-126.90,67.90
48.66,-126.90,68.80
48.66,-126.89,67.40
39.40,-119.75,5563.80
44.19,-123.83,35.00
43.72,-121.29,221.40
41.55,-122.26,62.00
37.17,-120.07,19.00
38.72,-122.69,140.00
38.72,-122.69,167.00
38.71,-122.72,154.00
38.71,-122.73,270.00
38.71,-122.76,280.00
38.74,-122.73,328.00
38.78,-122.68,283.00
38.75,-122.78,319.00
38.82,-122.90,111.00
38.82,-122.91,164.00
38.83,-122.90,156.00
38.83,-122.90,219.00
38.83,-122.92,290.00
38.85,-122.91,58.00
43.90,-121.03,46.00
43.87,-121.01,79.00
43.85,-120.99,54.00
46.73,-120.78,53.00
42.21,-121.72,148.40
43.54,-121.60,46.00
39.38,-119.73,2058.50
39.90,-119.10,341.40
39.60,-119.42,124.50
40.40,-119.41,478.40
39.63,-119.35,100.30
39.66,-119.17,580.00
39.67,-119.34,105.00
39.67,-119.17,277.90
39.87,-119.13,119.80
39.93,-119.07,155.40
39.90,-119.06,91.70
39.64,-119.40,65.70
39.89,-119.06,132.50
39.91,-119.14,124.90
39.91,-119.06,114.70
39.93,-119.07,140.10
39.65,-119.26,51.90
39.82,-119.22,235.10
39.82,-119.92,241.10
39.84,-119.92,96.80
39.96,-119.16,141.80
39.95,-119.16,104.50
40.02,-119.22,56.10
39.67,-119.37,96.80
40.03,-119.15,183.30
40.06,-119.06,55.30
39.80,-119.01,99.00
39.80,-119.01,121.00
39.80,-119.01,247.60
45.78,-122.20,57.00
45.77,-122.19,66.00
45.77,-122.22,65.00
45.78,-122.20,44.00
45.77,-122.20,82.00
44.16,-122.24,71.00
42.23,-121.77,4854.60
42.80,-120.10,47.90
39.37,-119.77,25.50
42.24,-120.36,841.00
39.38,-119.73,6487.50
39.38,-119.78,127.40
39.76,-119.00,127.40
42.17,-122.69,54.00
42.17,-122.69,54.00
46.53,-122.82,38.00
38.89,-122.79,737.00
44.76,-121.96,105.00
44.77,-121.93,130.00
44.77,-121.93,130.00
44.76,-121.96,259.00
44.76,-121.96,259.00
44.75,-121.89,121.00
44.75,-121.89,121.00
44.76,-121.99,117.00
44.80,-121.99,75.00
44.80,-121.99,75.00
44.82,-121.94,88.00
44.82,-121.94,88.00
44.69,-121.93,159.00
44.69,-121.93,159.00
44.69,-121.89,121.00
44.69,-121.89,121.00
44.67,-121.93,117.00
44.67,-121.93,117.00
44.75,-121.94,142.00
44.73,-121.97,96.00
44.73,-121.97,96.00
44.69,-121.99,151.00
37.45,-122.03,85.00
44.15,-122.12,120.00
44.15,-122.12,120.00
44.35,-122.07,101.00
44.35,-122.07,159.00
44.31,-122.01,67.00
44.30,-122.01,67.00
44.27,-121.97,78.70
44.15,-122.04,40.60
44.16,-122.00,80.00
44.46,-122.05,20.90
44.44,-122.01,37.70
44.42,-122.06,85.00
44.42,-122.06,85.00
43.30,-122.89,53.00
43.30,-122.89,53.00
40.39,-120.62,700.00
40.51,-120.66,77.00
40.45,-120.68,364.00
40.40,-120.63,406.00
40.41,-120.66,343.00
40.40,-120.64,525.00
40.39,-120.60,182.00
40.38,-120.61,700.00
40.37,-120.63,341.60
40.44,-120.64,609.00
40.43,-120.67,453.60
40.43,-120.67,700.00
41.62,-120.04,318.00
38.84,-121.84,27.00
41.74,-120.08,113.00
39.46,-121.99,33.00
41.66,-119.81,166.30
38.92,-121.61,29.00
42.02,-120.30,91.00
44.84,-122.84,55.00
41.39,-119.79,2094.40
40.06,-119.16,103.70
39.99,-119.03,203.80
40.00,-119.19,138.30
41.38,-119.79,6132.00
40.08,-119.02,107.20
41.38,-119.78,128.80
41.39,-119.79,1785.00
39.96,-119.03,79.00
39.95,-119.09,176.40
40.00,-119.19,139.20
41.38,-119.79,6521.20
39.86,-119.16,169.40
41.39,-119.78,508.20
41.39,-119.78,128.80
41.39,-119.79,1520.40
41.47,-119.79,870.80
41.37,-119.80,6132.00
40.23,-119.00,152.20
41.38,-119.79,1940.40
39.98,-119.11,89.90
40.04,-119.20,54.60
40.01,-119.16,76.40
40.03,-119.04,124.50
41.39,-119.79,193.20
40.14,-119.04,106.50
39.95,-119.20,86.50
39.99,-119.29,56.10
39.92,-119.33,190.20
40.09,-119.10,34.60
40.06,-119.16,81.90
40.10,-119.04,71.00
41.38,-119.79,128.80
42.00,-123.76,25.00
39.16,-119.19,57.00
39.17,-120.00,73.00
39.20,-119.98,59.00
39.15,-120.02,76.00
39.07,-120.03,67.00
39.10,-120.07,75.00
46.54,-122.62,21.00
39.51,-119.77,109.80
40.42,-120.62,239.40
40.37,-120.60,2195.20
40.41,-120.49,449.10
40.40,-120.47,66.40
40.41,-120.46,92.00
40.40,-120.44,58.70
38.80,-122.84,183.50
40.33,-120.41,53.60
38.78,-122.82,306.00
38.79,-122.81,354.00
38.80,-122.84,403.00
38.74,-122.70,412.00
40.38,-120.63,61.30
38.73,-122.69,367.00
40.41,-120.67,293.40
38.73,-122.70,167.00
40.46,-120.62,170.90
38.73,-122.71,248.00
38.73,-122.71,184.00
38.79,-122.83,283.00
40.41,-120.46,97.00
38.81,-122.86,370.00
38.81,-122.84,74.00
38.81,-122.84,599.00
38.80,-122.86,290.00
38.80,-122.85,184.00
38.89,-122.67,257.00
38.88,-122.60,154.00
38.75,-122.80,223.00
38.75,-122.80,256.20
38.75,-122.80,192.00
38.75,-122.80,251.20
38.75,-122.78,314.70
38.76,-122.78,268.50
38.74,-122.78,424.60
38.74,-122.77,166.00
38.74,-122.77,265.40
38.79,-122.82,242.00
38.73,-122.76,207.00
38.73,-122.76,238.00
38.74,-122.76,227.60
38.74,-122.76,316.00
38.74,-122.75,354.00
38.75,-122.75,412.00
38.73,-122.75,280.00
38.74,-122.79,196.00
38.74,-122.79,207.00
38.73,-122.77,165.00
38.73,-122.77,229.00
38.73,-122.73,199.00
38.73,-122.73,196.00
38.78,-122.81,250.00
38.79,-122.69,237.00
38.80,-122.69,249.00
38.78,-122.83,203.00
38.90,-122.63,177.00
38.92,-122.85,209.00
38.79,-122.69,408.00
38.73,-122.69,224.00
38.77,-122.84,201.00
38.77,-122.84,245.00
38.77,-122.81,183.00
38.77,-122.81,305.00
45.30,-121.77,112.00
47.12,-120.68,41.00
42.00,-121.71,75.00
40.03,-119.01,193.60
40.02,-119.02,183.30
40.02,-119.02,183.30
40.03,-119.02,186.00
40.02,-119.00,200.60
40.03,-119.01,140.10
39.99,-119.04,214.00
39.99,-119.04,226.80
39.99,-119.01,180.90
39.90,-119.22,527.40
39.97,-119.25,244.60
39.90,-119.13,168.20
40.03,-119.09,38.00
39.98,-119.03,175.80
39.98,-119.02,165.60
39.37,-119.71,107.00
39.58,-119.52,363.10
39.57,-119.52,127.90
39.57,-119.54,622.40
39.57,-119.54,1279.50
39.57,-119.51,103.70
39.53,-119.62,121.00
39.57,-119.55,204.00
39.58,-119.51,138.30
39.58,-119.53,210.90
39.59,-119.53,138.30
39.59,-119.49,169.40
39.58,-119.51,176.40
42.45,-121.47,83.00
38.86,-122.89,272.00
40.60,-119.42,33.00
40.63,-119.40,100.00
40.64,-119.37,100.00
40.64,-119.36,71.00
40.84,-119.31,46.00
38.82,-122.80,583.00
38.85,-122.80,84.00
38.83,-122.74,475.00
38.83,-122.80,580.00
38.84,-122.80,396.00
38.83,-122.81,689.00
38.83,-122.79,575.00
38.83,-122.91,363.90
38.81,-122.80,660.00
38.75,-122.83,177.00
38.75,-122.83,162.00
38.79,-122.81,235.00
38.77,-122.77,361.00
38.84,-122.76,580.00
38.81,-122.77,283.00
38.78,-122.67,201.00
38.86,-122.75,243.00
38.86,-122.67,208.00
38.88,-122.72,126.00
38.91,-122.68,117.00
38.82,-122.79,457.20
38.79,-122.80,445.00
38.78,-122.75,1938.00
38.85,-122.78,280.00
38.76,-122.82,185.00
38.76,-122.82,261.00
38.79,-122.76,307.00
38.80,-122.77,258.00
38.87,-122.81,126.00
38.93,-122.69,402.00
38.77,-122.90,145.00
38.78,-122.77,404.00
38.80,-122.77,353.00
38.80,-122.76,235.00
38.82,-122.76,493.00
38.84,-122.81,319.00
38.84,-122.78,325.00
38.86,-122.79,138.00
38.87,-122.84,167.00
38.92,-122.67,435.00
38.91,-122.63,178.00
38.93,-122.71,305.00
38.93,-122.71,418.00
38.86,-122.67,224.00
38.89,-122.69,690.00
38.83,-122.63,224.00
38.89,-122.79,276.00
38.74,-122.72,394.00
38.76,-122.75,367.10
38.83,-122.87,241.50
38.70,-122.74,141.00
38.70,-122.74,225.40
38.68,-122.74,147.60
38.89,-122.64,183.00
38.99,-122.82,368.00
38.99,-122.81,163.00
38.97,-122.74,397.60
38.77,-122.63,188.00
38.94,-122.78,368.00
38.86,-122.74,366.00
38.80,-122.61,73.00
38.91,-122.64,276.00
38.87,-122.68,324.00
39.06,-122.63,67.00
38.75,-122.59,192.00
38.77,-122.95,126.00
38.91,-122.85,366.00
38.94,-122.82,368.00
38.91,-122.68,335.00
38.94,-122.86,251.00
38.93,-122.81,167.00
44.56,-122.03,109.00
38.99,-122.64,54.00
45.91,-121.05,47.00
44.23,-122.18,66.00
40.70,-119.35,43.70
39.78,-119.00,1305.30
39.76,-119.01,614.30
45.44,-121.72,38.00
40.65,-119.37,1841.00
40.65,-119.36,105.00
40.65,-119.36,209.00
40.65,-119.37,682.00
40.65,-119.37,4180.00
45.29,-121.71,73.00
42.10,-119.92,105.00
45.42,-121.77,148.00
43.71,-121.23,1594.00
43.71,-121.23,1594.00
42.19,-120.38,77.00
45.67,-122.38,37.00
37.24,-122.07,97.50
42.43,-121.37,87.00
42.43,-121.37,205.80
39.54,-119.78,143.60
47.24,-124.19,36.00
39.34,-119.60,207.50
39.43,-119.69,121.00
39.43,-119.68,179.80
39.42,-119.67,145.20
39.40,-119.65,100.30
39.40,-119.67,1549.20
39.53,-119.69,86.50
42.11,-121.87,109.00
39.41,-119.75,4978.60
40.40,-120.62,910.00
38.78,-119.17,731.30
38.77,-119.15,109.60
38.78,-119.17,282.80
38.77,-119.16,193.60
38.78,-119.14,76.40
38.77,-119.13,122.30
38.77,-119.15,224.20
38.76,-119.16,405.10
38.77,-119.18,733.80
38.77,-119.17,519.80
38.75,-119.18,463.70
38.76,-119.15,392.40
38.77,-119.14,183.50
38.78,-119.13,147.80
38.78,-119.13,155.40
38.77,-119.12,81.50
38.79,-119.17,466.30
38.77,-119.16,244.60
38.79,-119.17,468.80
38.80,-119.17,237.00
38.80,-119.16,152.90
38.81,-119.17,188.60
38.81,-119.17,84.10
38.81,-119.17,196.20
38.82,-119.18,175.80
38.75,-119.19,127.40
38.74,-119.19,53.50
38.75,-119.17,158.00
38.74,-119.17,63.70
38.75,-119.14,275.20
38.76,-119.15,252.30
38.80,-119.16,122.30
38.82,-119.18,331.20
38.82,-119.19,555.50
45.77,-121.12,44.00
43.80,-122.31,82.00
45.12,-120.85,60.00
39.47,-119.63,94.00
46.62,-120.41,40.00
44.44,-122.99,25.00
42.14,-122.73,50.00
42.36,-121.98,42.00
39.04,-122.43,107.00
39.39,-119.72,198.70
38.91,-122.78,232.00
42.33,-120.52,69.00
42.34,-120.52,113.00
42.34,-120.52,78.00
44.89,-122.69,48.00
44.89,-122.69,48.00
42.20,-121.73,126.00
41.02,-119.56,106.90
46.83,-120.21,47.00
38.93,-119.07,78.00
45.73,-122.44,42.00
44.85,-121.83,110.00
42.24,-120.36,794.00
42.24,-120.36,1221.00
42.01,-120.30,96.00
44.21,-121.03,148.00
42.22,-120.35,3309.00
42.22,-120.35,1425.00
42.22,-120.34,309.00
44.23,-120.97,99.00
42.22,-120.36,991.00
42.21,-120.36,158.00
42.04,-120.31,51.00
42.04,-120.31,174.00
42.21,-120.36,1895.00
42.02,-120.30,90.00
44.85,-121.83,110.00
42.37,-120.45,134.00
45.68,-119.84,58.00
45.70,-120.14,54.00
45.70,-120.14,54.00
45.70,-120.14,54.00
44.55,-122.81,50.00
42.82,-122.94,61.00
45.47,-121.20,58.00
42.34,-120.54,71.00
42.37,-120.57,125.00
45.69,-120.13,87.00
42.33,-120.57,100.00
42.36,-121.98,41.00
42.33,-120.52,66.00
43.54,-119.95,192.00
42.33,-120.57,100.00
40.84,-127.52,54.00
38.59,-127.27,32.00
38.32,-124.03,73.00
38.50,-124.26,70.00
37.93,-123.83,79.00
37.79,-124.28,84.00
38.42,-126.14,117.00
38.43,-126.33,86.00
38.49,-126.79,108.00
38.53,-127.06,28.00
38.57,-127.21,36.00
39.03,-130.00,24.00
38.49,-126.72,59.00
38.59,-127.52,13.00
38.75,-128.98,20.00
38.52,-127.14,53.00
38.49,-126.72,59.00
38.46,-126.48,75.00
37.47,-123.84,82.00
38.00,-124.89,70.00
38.17,-125.47,74.00
38.40,-126.04,76.00
39.20,-121.06,29.00
40.91,-127.45,217.00
40.91,-127.50,219.00
40.90,-127.51,317.00
40.90,-127.52,707.00
40.91,-127.54,160.00
40.91,-127.45,201.00
40.91,-127.55,137.00
40.91,-127.56,409.00
40.91,-127.46,176.00
40.91,-127.47,155.00
40.91,-127.49,229.00
41.00,-127.51,2495.00
41.00,-127.51,1117.00
41.00,-127.50,3176.00
41.00,-127.55,851.00
41.00,-127.55,670.00
41.00,-127.54,482.00
41.00,-127.52,410.00
41.00,-127.52,726.00
40.96,-127.48,416.00
40.96,-127.49,396.00
40.96,-127.50,207.00
40.96,-127.52,160.00
40.96,-127.53,219.00
40.96,-127.42,693.00
40.96,-127.42,444.00
40.93,-127.50,192.00
40.94,-127.52,133.00
40.93,-127.54,179.00
40.93,-127.55,204.00
40.93,-127.56,247.00
40.94,-127.46,174.00
40.93,-127.47,152.00
40.93,-127.49,160.00
48.44,-128.47,338.00
48.44,-128.47,493.00
48.44,-128.46,295.00
48.44,-128.45,293.00
48.44,-128.45,293.00
48.44,-128.44,292.00
48.44,-128.43,303.00
48.44,-128.42,330.00
48.44,-128.42,326.00
48.44,-128.41,310.00
48.44,-128.40,368.00
48.43,-128.40,369.00
48.43,-128.39,389.00
50.14,-130.45,441.00
49.17,-128.25,200.00
49.12,-128.97,181.00
50.57,-130.82,19.00
48.46,-128.67,170.00
49.17,-128.25,202.00
49.11,-128.96,177.00
50.47,-130.27,145.00
50.57,-130.83,16.00
49.11,-128.96,194.00
50.56,-130.84,13.00
50.13,-130.43,739.00
49.11,-128.96,200.00
50.56,-130.85,15.00
49.66,-130.09,156.00
49.18,-128.25,198.00
49.10,-128.95,225.00
50.55,-130.87,33.00
49.10,-128.95,188.00
50.55,-130.88,20.00
50.12,-130.42,382.00
48.46,-128.64,512.00
49.10,-128.94,204.00
50.54,-130.89,12.00
50.12,-130.41,258.00
49.66,-130.07,534.00
49.09,-128.94,187.00
49.65,-130.06,285.00
49.09,-128.93,175.00
48.46,-128.62,458.00
49.09,-128.93,187.00
48.46,-128.61,1360.00
50.14,-130.45,441.00
50.13,-130.44,723.00
50.13,-130.44,386.00
50.13,-130.43,739.00
50.12,-130.43,704.00
50.12,-130.42,382.00
50.12,-130.41,258.00
50.11,-130.41,218.00
50.11,-130.40,269.00
49.68,-130.11,96.00
49.67,-130.10,49.00
49.67,-130.10,152.00
49.66,-130.09,156.00
49.66,-130.08,106.00
49.66,-130.07,534.00
49.65,-130.06,285.00
49.65,-130.06,327.00
49.65,-130.05,342.00
49.64,-130.04,393.00
49.64,-130.04,274.00
49.64,-130.03,292.00
49.64,-130.03,344.00
49.63,-130.02,320.00
49.63,-130.01,268.00
49.62,-130.00,188.00
49.62,-130.00,81.00
49.62,-129.99,236.00
49.62,-129.98,366.00
49.61,-129.98,194.00
49.61,-129.97,100.00
49.61,-129.97,124.00
49.60,-129.96,272.00
49.60,-129.96,382.00
49.60,-129.95,390.00
48.46,-128.68,348.00
48.46,-128.67,170.00
48.46,-128.67,185.00
48.46,-128.66,376.00
48.46,-128.65,229.00
48.46,-128.65,526.00
48.46,-128.64,512.00
48.46,-128.63,209.00
48.46,-128.62,303.00
48.46,-128.62,458.00
48.46,-128.61,1360.00
48.46,-128.60,396.00
48.45,-128.59,155.00
48.45,-128.58,333.00
48.45,-128.57,145.00
48.45,-128.57,155.00
48.45,-128.56,134.00
48.45,-128.55,233.00
48.45,-128.53,173.00
48.45,-128.52,335.00
48.45,-128.52,389.00
48.45,-128.51,137.00
48.45,-128.50,145.00
48.45,-128.50,154.00
48.44,-128.49,171.00
48.44,-128.48,184.00
48.44,-128.47,338.00
48.44,-128.47,493.00
49.17,-128.25,200.00
49.17,-128.25,202.00
49.18,-128.25,192.00
49.18,-128.25,194.00
49.18,-128.25,198.00
49.12,-128.97,181.00
49.11,-128.96,177.00
49.11,-128.96,194.00
49.11,-128.96,200.00
49.10,-128.95,225.00
49.10,-128.95,188.00
49.10,-128.94,204.00
49.09,-128.94,187.00
49.09,-128.93,175.00
49.09,-128.93,187.00
50.73,-131.12,25.00
50.73,-131.10,23.00
50.73,-131.09,41.00
50.73,-131.08,65.00
50.47,-130.28,243.00
50.47,-130.27,145.00
50.48,-130.26,153.00
50.57,-130.82,19.00
50.57,-130.83,16.00
50.56,-130.84,13.00
50.56,-130.85,15.00
50.55,-130.87,33.00
50.55,-130.88,20.00
50.54,-130.89,12.00
49.64,-130.04,274.00
48.46,-128.60,396.00
48.45,-128.59,155.00
48.45,-128.58,333.00
49.63,-130.02,320.00
48.45,-128.57,145.00
48.45,-128.57,155.00
48.45,-128.56,134.00
48.45,-128.55,233.00
49.62,-130.00,81.00
49.62,-129.98,366.00
48.45,-128.53,173.00
48.45,-128.52,335.00
48.45,-128.52,389.00
48.45,-128.51,137.00
48.45,-128.50,145.00
48.45,-128.50,154.00
48.44,-128.49,171.00
48.44,-128.48,184.00
49.65,-130.06,327.00
49.65,-130.05,342.00
49.64,-130.04,393.00
49.64,-130.03,292.00
49.64,-130.03,344.00
49.63,-130.01,268.00
49.62,-130.00,188.00
49.62,-129.99,236.00
49.61,-129.98,194.00
49.60,-129.95,390.00
50.13,-130.44,723.00
49.18,-128.25,192.00
50.13,-130.44,386.00
49.18,-128.25,194.00
50.12,-130.43,704.00
49.66,-130.08,106.00
50.11,-130.41,218.00
48.36,-126.23,87.00
48.35,-126.24,92.00
48.35,-126.24,82.00
48.35,-126.25,83.00
48.35,-126.25,81.00
48.34,-126.26,90.00
48.32,-126.31,103.00
48.32,-126.33,66.00
48.31,-126.35,76.00
48.31,-126.37,91.00
48.30,-126.39,79.00
48.30,-126.42,95.00
48.29,-126.44,93.00
48.29,-126.46,89.00
48.28,-126.48,124.00
48.27,-126.50,119.00
48.27,-126.52,118.00
48.26,-126.55,103.00
48.26,-126.57,91.00
48.16,-126.61,106.00
48.15,-126.63,112.00
48.14,-126.64,115.00
48.14,-126.65,116.00
48.13,-126.66,114.00
48.13,-126.67,122.00
48.12,-126.68,127.00
48.12,-126.69,120.00
48.11,-126.70,118.00
48.11,-126.71,124.00
48.10,-126.72,123.00
48.09,-126.73,141.00
48.09,-126.74,142.00
48.08,-126.75,136.00
48.08,-126.76,121.00
48.07,-126.77,78.00
48.07,-126.78,135.00
48.56,-127.08,109.00
48.55,-127.09,108.00
48.55,-127.09,112.00
48.55,-127.10,118.00
48.55,-127.10,118.00
48.68,-126.84,89.00
48.67,-126.86,96.00
48.67,-126.86,88.00
48.66,-126.87,92.00
48.66,-126.88,97.00
48.66,-126.89,96.00
48.65,-126.89,107.00
48.65,-126.90,107.00
48.64,-126.91,96.00
48.64,-126.92,103.00
48.64,-126.92,93.00
48.63,-126.93,84.00
48.63,-126.94,84.00
48.63,-126.95,109.00
48.62,-126.96,102.00
48.62,-126.96,110.00
48.61,-126.97,109.00
48.61,-126.98,110.00
48.76,-126.67,82.00
48.74,-126.70,81.00
48.74,-126.72,75.00
48.73,-126.73,67.00
48.72,-126.75,82.00
48.71,-126.76,72.00
48.71,-126.78,92.00
48.26,-126.37,95.00
48.26,-126.38,92.00
48.26,-126.39,95.00
48.25,-126.39,103.00
48.25,-126.40,94.00
48.25,-126.41,105.00
48.24,-126.41,106.00
48.24,-126.42,100.00
48.24,-126.42,95.00
48.24,-126.43,97.00
48.23,-126.44,99.00
48.23,-126.44,103.00
48.23,-126.45,109.00
48.23,-126.45,127.00
48.22,-126.46,101.00
48.22,-126.47,91.00
48.22,-126.47,94.00
48.21,-126.48,100.00
48.21,-126.48,93.00
48.21,-126.49,89.00
48.21,-126.50,66.00
48.20,-126.50,129.00
48.20,-126.51,46.00
48.20,-126.51,69.00
48.20,-126.52,67.00
48.19,-126.53,94.00
48.19,-126.53,115.00
48.19,-126.54,121.00
48.18,-126.54,97.00
48.18,-126.55,120.00
48.18,-126.56,110.00
48.18,-126.56,114.00
48.17,-126.57,112.00
48.17,-126.57,111.00
48.17,-126.58,114.00
48.17,-126.59,130.00
48.42,-126.97,147.00
48.43,-126.98,147.00
48.43,-126.98,142.00
48.44,-126.99,145.00
48.44,-127.00,145.00
48.45,-127.00,139.00
48.45,-127.01,117.00
48.36,-126.22,89.00
48.56,-127.08,109.00
48.56,-127.08,108.00
48.55,-127.09,112.00
48.55,-127.10,118.00
48.68,-126.84,89.00
48.67,-126.85,96.00
48.67,-126.86,88.00
48.67,-126.86,92.00
48.66,-126.87,97.00
48.66,-126.88,96.00
48.65,-126.89,107.00
48.65,-126.91,96.00
48.64,-126.91,103.00
48.64,-126.92,93.00
48.63,-126.93,84.00
48.63,-126.95,109.00
48.62,-126.95,102.00
48.62,-126.96,110.00
48.61,-126.97,109.00
48.61,-126.98,110.00
48.76,-126.67,82.00
48.75,-126.69,81.00
48.74,-126.71,75.00
48.73,-126.73,67.00
48.72,-126.74,82.00
48.72,-126.76,72.00
48.71,-126.78,92.00
48.26,-126.37,95.00
48.26,-126.38,92.00
48.26,-126.38,95.00
48.25,-126.39,103.00
48.25,-126.39,94.00
48.25,-126.40,105.00
48.25,-126.41,106.00
48.24,-126.41,100.00
48.24,-126.42,95.00
48.24,-126.43,97.00
48.24,-126.43,99.00
48.23,-126.44,103.00
48.23,-126.44,109.00
48.23,-126.45,127.00
48.22,-126.46,101.00
48.22,-126.46,91.00
48.22,-126.47,94.00
48.22,-126.48,100.00
48.21,-126.48,93.00
48.21,-126.49,89.00
48.21,-126.49,66.00
48.20,-126.50,129.00
48.20,-126.51,46.00
48.20,-126.51,69.00
48.20,-126.52,67.00
48.19,-126.52,94.00
48.19,-126.53,115.00
48.19,-126.54,121.00
48.18,-126.54,97.00
48.18,-126.55,120.00
48.18,-126.56,110.00
48.18,-126.56,114.00
48.17,-126.57,112.00
48.17,-126.57,111.00
48.17,-126.58,114.00
48.17,-126.59,130.00
48.41,-126.97,147.00
48.42,-126.98,142.00
48.43,-126.99,145.00
48.44,-127.00,139.00
48.45,-127.01,117.00
48.36,-126.22,89.00
48.36,-126.23,87.00
48.36,-126.23,92.00
48.35,-126.24,82.00
48.35,-126.24,83.00
48.35,-126.25,81.00
48.34,-126.26,90.00
48.33,-126.27,103.00
48.33,-126.28,66.00
48.32,-126.29,76.00
48.32,-126.30,91.00
48.31,-126.31,79.00
48.29,-126.51,95.00
48.28,-126.52,93.00
48.28,-126.52,89.00
48.27,-126.53,124.00
48.27,-126.54,119.00
48.27,-126.55,118.00
48.26,-126.56,103.00
48.26,-126.57,91.00
48.16,-126.61,106.00
48.15,-126.62,112.00
48.15,-126.63,115.00
48.14,-126.64,116.00
48.14,-126.65,114.00
48.13,-126.66,122.00
48.12,-126.67,127.00
48.12,-126.68,120.00
48.11,-126.69,118.00
48.11,-126.70,124.00
48.10,-126.72,123.00
48.10,-126.73,141.00
48.09,-126.74,142.00
48.09,-126.75,136.00
48.07,-126.77,78.00
48.07,-126.78,135.00
47.93,-128.85,166.00
47.92,-128.84,149.00
47.92,-128.84,94.00
47.92,-128.83,113.00
47.92,-128.82,111.00
47.92,-128.82,115.00
47.92,-128.81,98.00
47.91,-128.81,88.00
47.91,-128.80,96.00
47.91,-128.80,115.00
47.91,-128.79,131.00
47.90,-128.78,166.00
47.88,-128.73,247.00
47.88,-128.72,228.00
47.88,-128.71,249.00
47.87,-128.71,260.00
47.87,-128.70,290.00
47.87,-128.70,282.00
47.87,-128.69,357.00
47.86,-128.68,273.00
47.86,-128.67,290.00
47.86,-128.67,273.00
47.86,-128.66,333.00
47.86,-128.66,456.00
47.85,-128.64,334.00
47.85,-128.64,245.00
47.85,-128.63,275.00
47.96,-128.81,358.00
47.96,-128.81,478.00
47.95,-128.81,390.00
47.95,-128.81,386.00
47.94,-128.81,364.00
47.93,-128.83,304.00
47.93,-128.82,112.00
47.93,-128.82,153.00
47.92,-128.82,73.00
47.92,-128.83,175.00
47.91,-128.82,113.00
47.90,-128.83,110.00
47.90,-128.83,180.00
47.89,-128.83,139.00
47.89,-128.83,123.00
47.88,-128.83,114.00
47.87,-128.83,119.00
47.87,-128.84,125.00
47.86,-128.84,265.00
47.99,-128.79,208.00
47.99,-128.80,170.00
47.98,-128.80,172.00
47.98,-128.80,148.00
47.97,-128.81,177.00
47.97,-128.81,161.00
47.97,-128.83,131.00
47.96,-128.82,139.00
47.94,-128.76,91.00
47.94,-128.77,106.00
47.95,-128.78,111.00
47.95,-128.79,85.00
47.95,-128.80,85.00
47.95,-128.81,157.00
47.96,-128.83,92.00
47.82,-128.67,571.00
47.83,-128.67,542.00
47.84,-128.68,409.00
47.84,-128.68,427.00
47.85,-128.68,312.00
47.86,-128.68,298.00
47.87,-128.69,360.00
47.87,-128.69,274.00
47.88,-128.69,251.00
47.88,-128.70,291.00
47.88,-128.70,304.00
47.89,-128.70,266.00
47.86,-128.64,271.00
47.87,-128.64,274.00
47.87,-128.64,358.00
47.88,-128.65,245.00
47.88,-128.65,309.00
47.89,-128.65,298.00
47.89,-128.66,207.00
47.89,-128.66,384.00
47.89,-128.66,364.00
47.90,-128.66,398.00
47.90,-128.67,387.00
47.75,-127.22,146.00
47.75,-127.23,140.00
47.75,-127.24,146.00
47.76,-127.25,142.00
47.76,-127.26,143.00
47.76,-127.27,147.00
47.77,-127.33,161.00
47.78,-127.35,154.00
47.78,-127.35,166.00
47.78,-127.36,158.00
47.78,-127.37,181.00
47.79,-127.39,155.00
47.79,-127.40,145.00
47.84,-127.72,1164.00
47.84,-127.74,759.00
47.84,-127.75,310.00
47.84,-127.77,253.00
47.84,-127.77,223.00
47.85,-127.78,194.00
47.85,-127.79,213.00
47.85,-127.80,209.00
47.85,-127.81,237.00
47.85,-127.82,255.00
47.85,-127.82,277.00
47.85,-127.83,258.00
47.86,-127.84,269.00
47.86,-127.87,213.00
47.86,-127.91,221.00
47.85,-127.63,1741.00
47.85,-127.64,366.00
47.85,-127.65,460.00
47.86,-127.67,215.00
47.86,-127.67,200.00
47.86,-127.68,171.00
47.86,-127.70,202.00
47.86,-127.70,244.00
47.86,-127.71,326.00
47.86,-127.71,440.00
47.87,-127.72,1004.00
47.87,-127.72,1169.00
47.87,-127.72,353.00
47.87,-127.73,253.00
47.87,-127.74,300.00
47.87,-127.74,297.00
47.87,-127.62,720.00
47.90,-127.64,262.00
47.91,-127.64,225.00
47.92,-127.65,197.00
47.92,-127.65,170.00
47.93,-127.65,157.00
47.94,-127.66,153.00
47.86,-127.68,154.00
47.86,-127.68,177.00
47.87,-127.69,196.00
47.87,-127.69,244.00
47.88,-127.69,246.00
47.89,-127.70,223.00
47.89,-127.70,283.00
47.89,-127.70,338.00
47.90,-127.71,512.00
47.90,-127.71,988.00
47.91,-127.71,429.00
47.92,-127.71,277.00
47.92,-127.72,340.00
47.93,-127.72,273.00
47.94,-127.73,277.00
47.94,-127.73,279.00
47.95,-127.73,195.00
47.96,-127.74,178.00
47.96,-127.74,180.00
47.76,-127.63,159.00
47.83,-127.66,222.00
47.84,-127.67,196.00
47.84,-127.67,210.00
47.85,-127.67,260.00
47.85,-127.67,211.00
47.86,-127.68,199.00
47.82,-127.49,208.00
47.82,-127.49,185.00
47.82,-127.51,216.00
47.82,-127.52,146.00
47.83,-127.53,132.00
47.83,-127.54,132.00
47.83,-127.55,160.00
47.83,-127.56,251.00
47.84,-127.57,275.00
47.84,-127.58,393.00
47.84,-127.59,237.00
47.84,-127.60,197.00
47.84,-127.61,253.00
47.89,-127.49,221.00
47.91,-127.59,205.00
47.91,-127.59,224.00
47.72,-127.82,184.00
47.72,-127.82,181.00
47.72,-127.81,172.00
47.72,-127.80,218.00
47.71,-127.79,269.00
47.71,-127.79,302.00
47.71,-127.79,971.00
47.71,-127.78,1234.00
47.71,-127.78,465.00
47.71,-127.78,434.00
47.71,-127.78,311.00
47.71,-127.77,227.00
47.71,-127.77,210.00
47.71,-127.76,197.00
47.76,-127.76,179.00
47.70,-127.75,178.00
47.70,-127.75,162.00
47.86,-127.70,217.00
47.86,-127.70,214.00
47.86,-127.70,245.00
47.86,-127.71,309.00
47.86,-127.71,392.00
47.87,-127.72,564.00
47.87,-127.72,1066.00
47.87,-127.72,1003.00
47.87,-127.73,335.00
47.87,-127.73,214.00
47.87,-127.74,217.00
47.85,-127.73,266.00
47.85,-127.73,295.00
47.85,-127.72,452.00
47.85,-127.72,684.00
47.85,-127.72,485.00
47.85,-127.72,435.00
47.85,-127.72,367.00
47.85,-127.71,255.00
47.85,-127.70,208.00
47.79,-127.85,220.00
47.92,-128.72,171.00
47.92,-128.72,164.00
47.92,-128.71,170.00
47.92,-128.71,183.00
47.92,-128.70,168.00
47.92,-128.70,222.00
47.92,-128.69,236.00
47.92,-128.69,258.00
47.92,-128.68,276.00
47.91,-128.67,284.00
47.91,-128.67,296.00
47.91,-128.66,313.00
47.91,-128.66,328.00
47.91,-128.65,338.00
47.91,-128.65,345.00
47.91,-128.64,342.00
47.90,-128.63,360.00
47.90,-128.63,351.00
47.90,-128.62,327.00
47.90,-128.62,305.00
47.90,-128.61,336.00
47.90,-128.61,283.00
47.90,-128.61,308.00
47.90,-128.60,346.00
47.90,-128.59,311.00
47.90,-128.59,325.00
47.90,-128.58,330.00
47.89,-128.58,357.00
47.89,-128.57,616.00
47.89,-128.57,783.00
47.89,-128.57,497.00
47.89,-128.56,697.00
47.89,-128.56,759.00
47.89,-128.56,499.00
47.89,-128.55,381.00
47.89,-128.54,358.00
47.89,-128.54,324.00
47.89,-128.54,228.00
47.89,-128.53,175.00
47.89,-128.53,217.00
47.88,-128.52,262.00
47.92,-128.52,177.00
47.92,-128.52,173.00
47.92,-128.53,179.00
47.92,-128.53,180.00
47.92,-128.53,202.00
47.92,-128.54,213.00
47.92,-128.54,233.00
47.92,-128.54,247.00
47.92,-128.55,267.00
47.92,-128.55,278.00
47.92,-128.55,282.00
47.92,-128.55,374.00
47.92,-128.55,539.00
47.93,-128.56,453.00
47.93,-128.56,450.00
47.93,-128.56,380.00
47.93,-128.57,290.00
47.93,-128.57,287.00
47.93,-128.57,308.00
47.93,-128.58,257.00
47.93,-128.58,251.00
47.93,-128.58,240.00
47.93,-128.58,238.00
47.93,-128.59,245.00
47.93,-128.59,242.00
47.93,-128.59,248.00
47.93,-128.59,256.00
47.93,-128.59,274.00
47.93,-128.59,280.00
47.93,-128.59,280.00
47.93,-128.60,265.00
47.93,-128.60,259.00
47.93,-128.60,255.00
47.93,-128.60,249.00
47.93,-128.60,245.00
47.93,-128.60,252.00
47.93,-128.60,258.00
47.93,-128.60,266.00
47.93,-128.61,268.00
47.93,-128.61,274.00
47.93,-128.61,281.00
47.93,-128.61,285.00
47.93,-128.61,294.00
47.93,-128.61,289.00
47.93,-128.61,290.00
47.93,-128.61,299.00
47.93,-128.61,295.00
47.94,-128.61,295.00
47.94,-128.62,289.00
47.94,-128.62,284.00
47.94,-128.62,280.00
47.94,-128.62,277.00
47.94,-128.62,273.00
47.94,-128.62,275.00
47.94,-128.63,293.00
47.94,-128.63,293.00
47.94,-128.63,295.00
47.94,-128.63,291.00
47.94,-128.63,289.00
47.94,-128.63,272.00
47.94,-128.63,269.00
47.94,-128.63,264.00
47.94,-128.63,267.00
47.94,-128.64,265.00
47.91,-128.55,239.00
47.91,-128.55,273.00
47.91,-128.55,386.00
47.91,-128.55,421.00
47.91,-128.56,439.00
47.91,-128.56,368.00
47.91,-128.56,453.00
47.91,-128.56,654.00
47.91,-128.57,395.00
47.91,-128.57,296.00
47.91,-128.57,291.00
47.91,-128.57,287.00
47.91,-128.58,305.00
47.91,-128.58,305.00
47.91,-128.58,330.00
47.91,-128.59,338.00
47.91,-128.59,337.00
47.91,-128.59,334.00
47.91,-128.59,321.00
47.92,-128.60,309.00
47.92,-128.60,309.00
47.92,-128.60,308.00
47.92,-128.60,276.00
47.72,-127.79,1354.00
47.71,-127.79,2350.00
47.72,-127.79,3082.00
47.72,-127.79,1865.00
47.72,-127.78,598.00
47.72,-127.78,429.00
47.72,-127.78,389.00
47.72,-127.78,382.00
47.72,-127.78,346.00
47.72,-127.78,282.00
47.73,-127.78,274.00
47.73,-127.78,279.00
47.73,-127.78,269.00
47.73,-127.78,268.00
47.73,-127.77,268.00
47.73,-127.77,270.00
47.74,-127.77,272.00
47.74,-127.77,291.00
47.69,-127.76,150.00
47.69,-127.76,161.00
47.69,-127.76,160.00
47.69,-127.77,162.00
47.69,-127.77,164.00
47.69,-127.77,167.00
47.69,-127.78,184.00
47.69,-127.78,199.00
47.69,-127.78,210.00
47.69,-127.79,231.00
47.69,-127.79,284.00
47.69,-127.79,292.00
47.69,-127.80,288.00
47.70,-127.80,234.00
47.70,-127.80,253.00
47.70,-127.81,227.00
47.70,-127.81,182.00
47.72,-127.74,162.00
47.72,-127.75,169.00
47.72,-127.75,173.00
47.72,-127.76,177.00
47.72,-127.76,183.00
47.72,-127.77,189.00
47.72,-127.77,208.00
47.72,-127.77,230.00
47.72,-127.78,272.00
47.72,-127.78,273.00
47.73,-127.78,276.00
47.73,-127.78,278.00
47.73,-127.79,252.00
47.73,-127.79,232.00
47.73,-127.79,206.00
47.73,-127.80,186.00
47.73,-127.80,175.00
47.73,-127.80,188.00
47.73,-127.81,185.00
47.73,-127.81,186.00
47.73,-127.81,192.00
47.73,-127.82,180.00
47.73,-127.82,172.00
47.73,-127.73,161.00
47.73,-127.74,161.00
47.74,-127.74,164.00
47.74,-127.75,170.00
47.74,-127.75,170.00
47.74,-127.75,179.00
47.74,-127.76,200.00
47.74,-127.76,220.00
47.74,-127.77,234.00
47.74,-127.77,266.00
47.74,-127.77,272.00
47.74,-127.78,272.00
47.74,-127.78,263.00
47.74,-127.78,229.00
47.74,-127.78,204.00
47.75,-127.79,211.00
47.75,-127.79,221.00
47.75,-127.80,219.00
47.75,-127.80,214.00
47.75,-127.80,205.00
47.75,-127.81,205.00
47.75,-127.81,207.00
47.75,-127.81,200.00
47.75,-127.82,192.00
47.75,-127.82,172.00
47.75,-127.82,169.00
47.75,-127.83,171.00
47.69,-127.78,200.00
47.69,-127.78,212.00
47.69,-127.78,233.00
47.69,-127.78,239.00
47.69,-127.79,244.00
47.69,-127.79,268.00
47.69,-127.79,294.00
47.69,-127.79,306.00
47.69,-127.80,311.00
47.69,-127.80,261.00
47.69,-127.80,235.00
47.69,-127.80,233.00
47.69,-127.81,221.00
47.69,-127.81,202.00
47.69,-127.81,200.00
47.69,-127.80,245.00
47.69,-127.80,271.00
47.70,-127.79,278.00
47.70,-127.79,265.00
47.70,-127.79,272.00
47.70,-127.75,144.00
47.70,-127.75,169.00
47.70,-127.75,159.00
47.70,-127.75,167.00
47.70,-127.76,178.00
47.70,-127.76,176.00
47.70,-127.76,188.00
47.70,-127.77,192.00
47.71,-127.77,203.00
47.71,-127.77,215.00
47.71,-127.77,222.00
47.71,-127.78,234.00
47.71,-127.78,339.00
47.71,-127.78,436.00
47.71,-127.78,989.00
47.71,-127.79,590.00
47.71,-127.80,318.00
47.71,-127.80,252.00
47.71,-127.80,215.00
47.71,-127.80,212.00
47.71,-127.81,188.00
47.72,-127.81,192.00
47.72,-127.81,208.00
47.72,-127.81,167.00
47.72,-127.82,167.00
47.72,-127.82,179.00
47.71,-127.77,218.00
47.71,-127.77,218.00
47.71,-127.79,454.00
47.71,-127.79,932.00
47.71,-127.78,1108.00
47.71,-127.78,763.00
47.71,-127.78,468.00
47.71,-127.77,202.00
47.71,-127.76,212.00
47.71,-127.76,199.00
47.71,-127.76,195.00
47.71,-127.76,191.00
47.71,-127.76,192.00
47.72,-127.76,186.00
47.72,-127.76,184.00
47.72,-127.76,183.00
47.72,-127.76,179.00
47.72,-127.76,181.00
47.72,-127.76,178.00
47.73,-127.75,177.00
47.73,-127.75,178.00
47.73,-127.75,174.00
47.72,-127.64,138.00
47.72,-127.64,140.00
47.72,-127.64,153.00
47.72,-127.65,171.00
47.72,-127.65,185.00
47.72,-127.66,193.00
47.72,-127.66,209.00
47.72,-127.67,200.00
47.72,-127.68,189.00
47.72,-127.68,209.00
47.73,-127.69,255.00
47.73,-127.69,232.00
47.73,-127.70,189.00
47.73,-127.70,177.00
47.73,-127.70,182.00
47.73,-127.71,177.00
47.73,-127.71,186.00
47.73,-127.71,179.00
47.73,-127.72,170.00
47.73,-127.72,161.00
47.73,-127.72,158.00
47.71,-127.80,237.00
47.71,-127.80,234.00
47.71,-127.80,258.00
47.71,-127.80,286.00
47.71,-127.80,336.00
47.71,-127.79,403.00
47.71,-127.79,452.00
47.71,-127.79,712.00
47.71,-127.79,927.00
47.71,-127.79,1272.00
47.71,-127.79,1526.00
47.71,-127.79,1710.00
47.71,-127.79,1957.00
47.71,-127.78,1219.00
47.71,-127.78,902.00
47.71,-127.78,920.00
47.71,-127.78,706.00
47.71,-127.78,508.00
47.71,-127.78,402.00
47.71,-127.78,360.00
47.71,-127.78,313.00
47.71,-127.78,270.00
47.71,-127.77,253.00
47.71,-127.77,253.00
47.72,-127.78,299.00
47.72,-127.78,294.00
47.72,-127.78,325.00
47.72,-127.78,390.00
47.72,-127.78,413.00
47.72,-127.78,451.00
47.72,-127.78,485.00
47.72,-127.78,531.00
47.72,-127.79,565.00
47.70,-127.78,252.00
47.70,-127.78,263.00
47.70,-127.78,268.00
47.70,-127.78,284.00
47.70,-127.78,284.00
47.70,-127.78,302.00
47.70,-127.78,291.00
47.70,-127.78,293.00
47.70,-127.78,304.00
47.71,-127.78,317.00
47.70,-127.79,328.00
47.71,-127.79,366.00
47.71,-127.79,455.00
47.71,-127.79,926.00
47.71,-127.79,1111.00
47.71,-127.79,700.00
47.72,-127.79,504.00
47.72,-127.79,384.00
47.72,-127.79,323.00
47.72,-127.79,296.00
47.72,-127.79,264.00
47.72,-127.79,254.00
47.72,-127.79,236.00
47.72,-127.79,251.00
47.72,-127.79,257.00
47.72,-127.79,299.00
47.72,-127.79,332.00
47.72,-127.79,403.00
47.72,-127.79,487.00
47.72,-127.78,544.00
47.72,-127.78,480.00
47.71,-127.77,234.00
47.71,-127.78,242.00
47.71,-127.78,256.00
47.71,-127.78,272.00
47.71,-127.78,292.00
47.71,-127.78,330.00
47.71,-127.78,376.00
47.71,-127.78,390.00
47.71,-127.78,441.00
47.71,-127.78,506.00
47.71,-127.78,625.00
47.71,-127.78,826.00
47.71,-127.78,1244.00
47.71,-127.79,1320.00
47.71,-127.79,848.00
47.71,-127.79,1433.00
47.71,-127.79,704.00
47.71,-127.79,642.00
47.71,-127.79,433.00
47.71,-127.79,373.00
47.71,-127.79,323.00
47.71,-127.80,317.00
47.71,-127.80,280.00
47.71,-127.80,254.00
47.71,-127.80,228.00
47.72,-127.80,224.00
47.71,-127.80,217.00
47.72,-127.79,335.00
47.71,-127.79,513.00
47.71,-127.79,731.00
47.71,-127.78,1797.00
47.71,-127.78,1001.00
47.71,-127.78,817.00
47.71,-127.78,1254.00
47.71,-127.78,1415.00
47.71,-127.78,1128.00
47.71,-127.79,2662.00
47.71,-127.79,1122.00
47.72,-127.78,213.00
47.72,-127.78,215.00
47.72,-127.78,210.00
47.72,-127.78,213.00
47.72,-127.78,207.00
47.72,-127.78,205.00
47.72,-127.78,200.00
47.72,-127.78,211.00
47.72,-127.79,201.00
47.72,-127.78,206.00
47.72,-127.78,205.00
47.72,-127.78,205.00
47.72,-127.78,201.00
47.72,-127.78,200.00
47.72,-127.78,204.00
47.72,-127.78,233.00
47.72,-127.78,249.00
47.72,-127.78,252.00
47.72,-127.77,306.00
47.72,-127.79,355.00
47.72,-127.78,415.00
47.72,-127.79,441.00
47.72,-127.79,531.00
47.71,-127.79,698.00
47.71,-127.79,994.00
47.71,-127.79,1381.00
47.71,-127.79,4037.00
47.72,-127.79,1285.00
47.93,-128.59,252.00
47.93,-128.60,252.00
47.93,-128.60,246.00
47.93,-128.60,243.00
47.93,-128.60,250.00
47.93,-128.60,260.00
47.93,-128.60,261.00
47.93,-128.60,266.00
47.93,-128.60,271.00
47.93,-128.61,274.00
47.93,-128.61,278.00
47.94,-128.61,275.00
47.94,-128.61,284.00
47.94,-128.61,281.00
47.94,-128.61,297.00
47.94,-128.61,295.00
47.94,-128.62,293.00
47.94,-128.62,288.00
47.94,-128.62,282.00
47.94,-128.62,279.00
47.94,-128.62,277.00
47.94,-128.62,278.00
47.94,-128.62,284.00
47.94,-128.62,284.00
47.94,-128.63,288.00
47.94,-128.63,288.00
47.94,-128.63,280.00
47.94,-128.63,277.00
47.94,-128.63,276.00
47.94,-128.63,268.00
47.94,-128.63,265.00
47.94,-128.63,261.00
47.94,-128.64,264.00
47.94,-128.64,260.00
47.94,-128.64,256.00
47.94,-128.64,259.00
47.94,-128.59,228.00
47.94,-128.59,221.00
47.94,-128.59,214.00
47.94,-128.59,213.00
47.94,-128.59,213.00
47.94,-128.59,215.00
47.94,-128.59,223.00
47.94,-128.60,219.00
47.94,-128.60,230.00
47.94,-128.60,229.00
47.94,-128.60,240.00
47.94,-128.60,250.00
47.94,-128.60,255.00
47.94,-128.60,259.00
47.94,-128.61,264.00
47.94,-128.61,261.00
47.95,-128.61,257.00
47.95,-128.61,261.00
47.95,-128.61,262.00
47.95,-128.61,268.00
47.95,-128.61,270.00
47.95,-128.62,277.00
47.95,-128.62,276.00
47.95,-128.62,261.00
47.95,-128.62,264.00
47.95,-128.62,256.00
47.95,-128.62,252.00
47.95,-128.62,251.00
47.95,-128.62,244.00
47.95,-128.63,234.00
47.95,-128.63,234.00
47.95,-128.63,235.00
47.95,-128.63,233.00
47.95,-128.63,232.00
47.95,-128.63,230.00
47.95,-128.63,230.00
47.95,-128.64,226.00
47.95,-128.64,219.00
47.95,-128.64,215.00
47.95,-128.64,217.00
47.95,-128.64,207.00
47.95,-128.64,199.00
47.95,-128.64,194.00
47.95,-128.64,197.00
47.95,-128.65,192.00
47.95,-128.65,188.00
47.95,-128.58,201.00
47.95,-128.58,198.00
47.95,-128.58,202.00
47.95,-128.59,206.00
47.95,-128.59,203.00
47.95,-128.59,209.00
47.95,-128.59,215.00
47.95,-128.59,221.00
47.95,-128.59,231.00
47.95,-128.59,227.00
47.95,-128.60,236.00
47.95,-128.60,240.00
47.95,-128.60,248.00
47.95,-128.60,251.00
47.95,-128.60,249.00
47.95,-128.60,244.00
47.95,-128.60,239.00
47.95,-128.61,236.00
47.96,-128.57,220.00
47.96,-128.57,216.00
47.96,-128.57,209.00
47.96,-128.58,204.00
47.96,-128.58,199.00
47.96,-128.58,201.00
47.96,-128.58,220.00
47.96,-128.59,209.00
47.96,-128.59,199.00
47.89,-128.67,329.00
47.89,-128.67,343.00
47.89,-128.67,382.00
47.89,-128.68,349.00
47.89,-128.68,345.00
47.90,-128.69,298.00
47.90,-128.69,277.00
47.90,-128.69,263.00
47.90,-128.70,275.00
47.90,-128.70,240.00
47.90,-128.71,214.00
47.90,-128.71,204.00
47.90,-128.71,243.00
47.90,-128.72,236.00
47.90,-128.72,226.00
47.90,-128.72,200.00
47.90,-128.73,211.00
47.90,-128.73,182.00
47.91,-128.74,126.00
47.91,-128.74,135.00
47.91,-128.75,142.00
47.91,-128.75,156.00
47.91,-128.76,185.00
47.91,-128.76,184.00
47.91,-128.76,110.00
47.91,-128.77,114.00
47.91,-128.77,133.00
47.91,-128.78,141.00
47.91,-128.78,140.00
47.92,-128.78,100.00
47.92,-128.79,83.00
47.92,-128.79,73.00
47.92,-128.79,79.00
47.92,-128.80,79.00
47.92,-128.81,102.00
47.92,-128.82,106.00
47.92,-128.82,107.00
47.92,-128.82,106.00
47.92,-128.82,106.00
47.92,-128.82,115.00
47.92,-128.82,119.00
47.92,-128.82,111.00
47.92,-128.83,85.00
47.92,-128.83,71.00
47.92,-128.83,69.00
47.92,-128.83,73.00
47.92,-128.83,83.00
47.93,-128.83,99.00
47.93,-128.83,112.00
47.93,-128.84,130.00
47.94,-128.57,252.00
47.94,-128.57,235.00
47.94,-128.58,226.00
47.94,-128.58,220.00
47.94,-128.58,216.00
47.94,-128.58,219.00
47.94,-128.58,221.00
47.94,-128.58,231.00
47.94,-128.58,238.00
47.94,-128.58,238.00
47.93,-128.57,234.00
47.86,-128.49,418.00
47.86,-128.50,393.00
47.86,-128.50,389.00
47.86,-128.51,452.00
47.86,-128.51,455.00
47.86,-128.51,431.00
47.86,-128.51,363.00
47.86,-128.52,304.00
47.86,-128.52,302.00
47.86,-128.52,293.00
47.86,-128.52,279.00
47.86,-128.53,288.00
47.86,-128.53,324.00
47.86,-128.53,298.00
47.86,-128.53,334.00
47.86,-128.54,367.00
47.86,-128.54,318.00
47.87,-128.54,276.00
47.87,-128.54,267.00
47.87,-128.55,269.00
47.87,-128.55,283.00
47.87,-128.55,299.00
47.87,-128.55,313.00
47.87,-128.56,302.00
47.87,-128.56,308.00
47.87,-128.56,330.00
47.87,-128.56,299.00
47.87,-128.57,394.00
47.87,-128.57,552.00
47.87,-128.57,606.00
47.87,-128.57,483.00
47.87,-128.58,448.00
47.87,-128.58,532.00
47.87,-128.58,503.00
47.87,-128.59,463.00
47.87,-128.59,450.00
47.88,-128.59,411.00
47.88,-128.59,464.00
47.88,-128.60,474.00
47.88,-128.60,533.00
47.88,-128.60,477.00
47.88,-128.60,404.00
47.88,-128.61,386.00
47.88,-128.61,453.00
47.88,-128.61,338.00
47.88,-128.62,283.00
47.88,-128.62,283.00
47.88,-128.63,280.00
47.88,-128.63,303.00
47.89,-128.64,349.00
47.89,-128.64,415.00
47.89,-128.64,368.00
47.89,-128.65,462.00
47.89,-128.65,401.00
47.89,-128.66,311.00
47.89,-128.66,313.00
47.92,-128.79,85.00
47.92,-128.79,85.00
47.92,-128.80,84.00
47.92,-128.80,82.00
47.92,-128.81,82.00
47.92,-128.81,92.00
47.92,-128.81,103.00
47.92,-128.81,98.00
47.92,-128.81,113.00
47.92,-128.81,114.00
47.75,-127.71,164.00
47.75,-127.72,158.00
47.75,-127.72,150.00
47.75,-127.72,150.00
47.76,-127.72,155.00
47.76,-127.73,157.00
47.76,-127.73,158.00
47.76,-127.73,160.00
47.76,-127.73,156.00
47.76,-127.74,162.00
47.76,-127.74,169.00
47.76,-127.74,182.00
47.76,-127.74,195.00
47.76,-127.75,204.00
47.76,-127.75,220.00
47.76,-127.75,255.00
47.76,-127.75,283.00
47.76,-127.76,326.00
47.76,-127.76,343.00
47.76,-127.76,320.00
47.76,-127.77,297.00
47.76,-127.77,256.00
47.76,-127.77,245.00
47.77,-127.77,245.00
47.77,-127.78,235.00
47.77,-127.78,229.00
47.77,-127.78,222.00
47.77,-127.78,219.00
47.77,-127.79,213.00
47.77,-127.79,197.00
47.77,-127.79,198.00
47.77,-127.70,208.00
47.77,-127.70,206.00
47.77,-127.70,202.00
47.77,-127.70,205.00
47.77,-127.71,205.00
47.77,-127.71,198.00
47.77,-127.71,176.00
47.77,-127.71,178.00
47.77,-127.72,180.00
47.77,-127.72,182.00
47.77,-127.72,191.00
47.77,-127.72,190.00
47.78,-127.73,196.00
47.78,-127.73,202.00
47.78,-127.73,197.00
47.78,-127.73,196.00
47.78,-127.73,198.00
47.78,-127.73,198.00
47.78,-127.73,198.00
47.78,-127.73,212.00
47.78,-127.74,203.00
47.78,-127.74,215.00
47.78,-127.74,229.00
47.78,-127.74,254.00
47.78,-127.74,279.00
47.78,-127.74,300.00
47.78,-127.74,315.00
47.78,-127.75,334.00
47.78,-127.75,341.00
47.78,-127.75,342.00
47.78,-127.75,359.00
47.78,-127.75,365.00
47.78,-127.75,362.00
47.78,-127.75,361.00
47.78,-127.76,361.00
47.78,-127.76,345.00
47.78,-127.76,325.00
47.78,-127.76,319.00
47.78,-127.76,330.00
47.78,-127.76,296.00
47.78,-127.76,278.00
47.78,-127.77,243.00
47.78,-127.77,230.00
47.79,-127.77,229.00
47.79,-127.77,226.00
47.79,-127.78,215.00
47.79,-127.78,207.00
47.79,-127.78,201.00
47.79,-127.78,193.00
47.79,-127.79,193.00
47.79,-127.79,191.00
47.79,-127.79,194.00
47.79,-127.79,202.00
47.79,-127.80,207.00
47.79,-127.80,195.00
47.76,-127.75,199.00
47.76,-127.75,217.00
47.76,-127.75,248.00
47.76,-127.75,256.00
47.76,-127.75,273.00
47.76,-127.76,308.00
47.76,-127.76,320.00
47.76,-127.76,338.00
47.76,-127.76,340.00
47.76,-127.76,353.00
47.76,-127.76,349.00
47.76,-127.76,327.00
47.76,-127.76,316.00
47.76,-127.77,294.00
47.76,-127.77,278.00
47.76,-127.77,257.00
47.76,-127.77,238.00
47.76,-127.77,235.00
47.77,-127.77,250.00
47.77,-127.77,246.00
47.77,-127.77,240.00
47.77,-127.79,218.00
47.77,-127.79,207.00
47.77,-127.79,192.00
47.77,-127.80,193.00
47.77,-127.80,181.00
47.77,-127.80,181.00
47.77,-127.80,199.00
47.77,-127.81,180.00
47.77,-127.81,182.00
47.77,-127.81,184.00
47.77,-127.81,187.00
49.83,-120.83,77.00
49.83,-120.80,81.00
49.82,-120.71,70.00
49.84,-120.61,76.00
49.71,-120.44,79.00
49.74,-120.41,68.00
49.78,-120.49,68.00
49.81,-120.00,80.00
49.67,-119.25,67.00
49.70,-119.21,74.00
49.73,-119.16,69.00
49.79,-119.10,81.00
49.96,-119.79,81.00
49.57,-119.65,73.00
49.01,-128.54,234.64
49.01,-128.54,234.64
48.33,-129.50,252.24
48.71,-129.33,273.61
48.81,-128.53,338.97
48.70,-128.64,185.20
48.82,-128.75,87.99
48.82,-128.75,87.99
48.82,-128.75,87.99
48.33,-128.65,256.43
48.36,-128.57,300.00
48.39,-128.44,272.35
48.36,-128.25,274.86
48.48,-128.27,321.79
48.46,-128.45,433.25
48.46,-128.56,423.19
48.46,-128.67,339.39
48.46,-128.67,339.39
48.46,-128.67,339.39
48.45,-128.81,527.94
48.45,-128.81,527.94
48.45,-128.81,527.94
48.47,-128.99,366.63
48.47,-129.08,202.38
48.47,-129.22,319.28
48.55,-129.45,237.57
48.53,-129.34,234.64
48.55,-129.23,193.16
48.55,-128.93,419.00
48.55,-128.67,104.75
48.55,-128.67,104.75
48.55,-128.67,104.75
48.56,-128.69,360.34
48.56,-128.69,360.34
48.56,-128.69,360.34
48.56,-128.54,190.23
48.57,-128.39,351.96
48.56,-128.28,295.40
48.64,-128.26,199.03
48.67,-128.43,162.99
48.66,-128.50,227.10
48.65,-128.68,217.88
48.65,-128.68,217.88
48.65,-128.68,217.88
48.64,-129.47,224.17
48.72,-129.49,171.37
48.82,-129.51,307.55
49.03,-129.49,414.39
49.03,-129.36,134.92
49.03,-129.21,155.03
49.00,-129.12,134.92
49.01,-128.83,122.77
49.03,-128.69,165.92
49.01,-128.41,163.41
49.01,-128.41,163.41
49.02,-128.27,234.64
49.02,-128.27,234.64
49.09,-128.26,175.98
49.09,-128.26,175.98
48.47,-129.40,597.49
48.34,-128.97,114.39
48.36,-128.81,328.08
48.54,-129.08,423.19
48.65,-129.08,234.64
48.63,-129.00,316.76
48.69,-129.08,45.67
48.80,-129.11,238.83
48.91,-129.07,207.41
48.83,-128.94,136.59
48.71,-128.91,275.28
48.70,-128.76,129.89
48.70,-128.76,129.89
48.70,-128.76,129.89
48.82,-128.79,146.65
48.82,-128.79,146.65
48.82,-128.79,146.65
49.00,-128.92,163.83
49.07,-128.92,247.21
49.07,-128.92,247.21
48.89,-128.94,343.16
48.89,-128.80,175.98
48.89,-128.80,175.98
48.89,-128.80,175.98
48.90,-128.70,146.65
48.90,-128.70,146.65
48.90,-128.70,146.65
48.72,-128.25,199.86
48.71,-128.40,157.54
48.71,-128.54,263.97
48.70,-128.67,87.99
48.70,-128.67,87.99
48.70,-128.67,87.99
48.65,-129.22,400.98
48.64,-129.30,313.83
48.71,-129.19,350.70
48.80,-129.22,201.96
48.90,-129.19,460.90
48.82,-129.32,298.75
48.91,-129.43,258.94
48.91,-129.31,196.09
49.08,-129.46,222.07
49.08,-129.46,222.07
49.08,-129.35,201.12
49.08,-129.35,201.12
49.18,-129.49,192.74
49.18,-129.49,192.74
49.17,-129.33,406.43
49.17,-129.33,406.43
49.19,-129.21,268.16
49.19,-129.21,268.16
49.09,-129.20,217.88
49.09,-129.20,217.88
49.08,-129.06,310.06
49.08,-129.06,310.06
49.19,-129.06,201.12
49.19,-129.06,201.12
49.20,-128.95,364.53
49.20,-128.95,364.53
49.19,-128.81,448.33
49.19,-128.81,448.33
49.10,-128.79,272.35
49.10,-128.79,272.35
48.82,-128.67,87.99
48.82,-128.67,87.99
48.82,-128.67,87.99
48.90,-128.53,320.12
48.92,-128.40,149.58
48.91,-128.26,190.23
48.81,-128.24,297.07
48.81,-128.41,294.14
48.65,-128.78,138.27
48.65,-128.78,138.27
48.65,-128.78,138.27
49.08,-128.72,217.88
49.08,-128.72,217.88
49.08,-128.72,217.88
49.19,-128.72,540.51
49.19,-128.72,540.51
49.19,-128.72,540.51
49.18,-128.54,301.68
49.18,-128.54,301.68
49.18,-128.43,230.45
49.18,-128.43,230.45
49.18,-128.26,192.74
49.18,-128.26,192.74
49.07,-128.55,167.60
49.07,-128.55,167.60
49.07,-128.55,167.60
49.09,-128.55,213.69
49.09,-128.55,213.69
48.72,-128.39,154.19
48.70,-128.56,195.67
48.71,-128.61,408.11
48.71,-128.52,667.05
48.89,-128.30,70.00
50.26,-128.82,59.00
50.48,-129.53,77.00
50.18,-129.38,90.00
50.45,-129.81,105.00
50.32,-129.74,135.00
50.33,-129.73,119.00
50.33,-129.72,125.00
50.33,-129.71,112.00
50.33,-129.70,127.00
50.34,-129.70,111.00
50.34,-129.69,122.00
50.33,-129.74,129.00
50.35,-129.65,121.00
50.31,-129.75,134.00
50.30,-129.79,109.00
50.29,-129.79,110.00
50.28,-129.80,118.00
50.26,-129.83,111.00
50.25,-129.85,105.00
50.25,-129.86,101.00
50.47,-129.69,95.00
50.44,-129.73,117.00
50.41,-129.80,130.00
50.40,-129.83,126.00
50.52,-129.47,61.00
50.53,-129.45,58.00
50.59,-129.36,23.00
50.34,-129.11,79.00
50.39,-129.63,120.00
50.38,-129.65,77.00
50.37,-129.66,111.00
49.77,-128.82,147.00
49.78,-128.81,125.00
49.81,-128.78,133.00
49.93,-128.63,38.00
49.83,-128.76,113.00
48.47,-128.78,404.00
48.47,-128.80,397.00
48.57,-128.69,371.00
48.57,-128.69,262.00
48.57,-128.69,267.00
48.57,-128.70,338.00
48.57,-128.70,388.00
48.56,-128.70,359.00
48.56,-128.70,474.00
48.55,-128.71,587.00
48.55,-128.71,494.00
48.55,-128.72,413.00
48.54,-128.72,335.00
48.53,-128.72,302.00
48.52,-128.73,278.00
48.52,-128.73,305.00
48.51,-128.74,306.00
48.51,-128.74,217.00
48.52,-128.82,165.00
48.52,-128.80,159.00
48.53,-128.79,161.00
48.52,-128.78,150.00
48.52,-128.77,169.00
48.51,-128.77,133.00
48.50,-128.77,230.00
48.49,-128.76,263.00
48.49,-128.76,268.00
48.48,-128.76,272.00
48.47,-128.75,309.00
48.47,-128.75,348.00
48.46,-128.74,424.00
48.45,-128.74,412.00
48.45,-128.74,1005.00
48.51,-128.78,151.00
48.51,-128.78,189.00
48.51,-128.77,120.00
48.51,-128.77,203.00
48.50,-128.76,299.00
48.50,-128.76,320.00
48.50,-128.75,246.00
48.49,-128.74,206.00
48.49,-128.73,341.00
48.49,-128.73,395.00
48.49,-128.72,390.00
48.48,-128.72,570.00
48.48,-128.71,744.00
48.45,-128.72,774.00
48.45,-128.72,1073.00
48.46,-128.71,2894.00
48.46,-128.71,1528.00
48.45,-128.70,1313.00
48.45,-128.70,729.00
48.44,-128.69,581.00
48.44,-128.69,605.00
48.44,-128.69,707.00
48.44,-128.68,1507.00
48.43,-128.68,3200.00
48.43,-128.68,2129.00
48.43,-128.67,883.00
48.43,-128.67,684.00
48.43,-128.67,556.00
48.43,-128.66,466.00
48.40,-128.73,841.00
48.40,-128.73,677.00
48.40,-128.72,995.00
48.40,-128.72,772.00
48.40,-128.72,659.00
48.40,-128.71,654.00
48.40,-128.70,683.00
48.40,-128.70,687.00
48.40,-128.69,616.00
48.40,-128.69,631.00
48.39,-128.68,788.00
48.39,-128.68,690.00
48.39,-128.67,589.00
48.39,-128.66,648.00
48.39,-128.66,686.00
48.39,-128.65,548.00
48.39,-128.64,699.00
48.39,-128.64,787.00
48.39,-128.63,902.00
48.39,-128.63,534.00
48.38,-128.62,465.00
48.38,-128.61,355.00
48.38,-128.61,304.00
48.40,-128.84,1319.00
48.40,-128.83,1429.00
48.39,-128.83,1497.00
48.39,-128.82,952.00
48.39,-128.82,865.00
48.39,-128.81,763.00
48.39,-128.79,602.00
48.38,-128.79,598.00
48.39,-128.78,586.00
48.39,-128.77,539.00
48.39,-128.77,510.00
48.39,-128.76,487.00
48.39,-128.75,530.00
48.39,-128.73,914.00
48.39,-128.72,758.00
48.39,-128.72,666.00
48.39,-128.71,620.00
48.39,-128.71,553.00
48.44,-128.76,573.00
48.44,-128.76,559.00
48.44,-128.75,594.00
48.44,-128.75,641.00
48.44,-128.74,567.00
48.44,-128.73,661.00
48.44,-128.72,704.00
48.44,-128.72,812.00
48.44,-128.70,857.00
48.44,-128.70,653.00
48.44,-128.69,594.00
48.44,-128.69,637.00
48.44,-128.68,1665.00
48.44,-128.68,2298.00
48.44,-128.67,727.00
48.44,-128.66,419.00
48.44,-128.65,218.00
48.44,-128.63,290.00
48.29,-128.69,532.00
48.30,-128.70,1101.00
48.31,-128.70,387.00
48.32,-128.71,278.00
48.32,-128.71,325.00
48.33,-128.72,322.00
48.34,-128.72,395.00
48.34,-128.73,422.00
48.35,-128.73,502.00
48.36,-128.74,550.00
48.37,-128.74,788.00
48.37,-128.74,935.00
48.38,-128.75,673.00
48.39,-128.75,586.00
48.40,-128.76,587.00
48.29,-128.78,313.00
48.29,-128.78,290.00
48.31,-128.78,292.00
48.33,-128.78,322.00
48.33,-128.78,361.00
48.34,-128.78,353.00
48.34,-128.78,365.00
48.35,-128.78,354.00
48.35,-128.78,335.00
48.36,-128.80,303.00
48.36,-128.81,385.00
48.36,-128.83,469.00
48.36,-128.83,627.00
48.36,-128.83,807.00
48.36,-128.84,1022.00
48.36,-128.85,1289.00
48.37,-128.86,1150.00
48.37,-128.87,1095.00
48.38,-128.88,1158.00
48.38,-128.90,1076.00
48.35,-128.77,367.00
48.36,-128.77,341.00
48.39,-128.77,533.00
48.41,-128.73,858.00
48.42,-128.73,861.00
48.41,-128.74,740.00
48.41,-128.75,624.00
48.42,-128.75,679.00
48.42,-128.77,763.00
48.42,-128.77,698.00
48.42,-128.78,706.00
48.42,-128.78,743.00
48.42,-128.79,788.00
48.42,-128.79,881.00
48.43,-128.80,959.00
48.43,-128.80,1023.00
48.43,-128.81,1153.00
48.43,-128.82,1665.00
48.43,-128.83,1124.00
48.43,-128.84,888.00
48.43,-128.85,1018.00
48.43,-128.85,792.00
48.43,-128.85,912.00
48.43,-128.86,897.00
48.44,-128.76,765.00
48.44,-128.76,690.00
48.44,-128.77,546.00
48.44,-128.78,550.00
48.45,-128.78,502.00
48.45,-128.79,477.00
48.45,-128.79,481.00
48.46,-128.80,426.00
48.46,-128.81,477.00
48.46,-128.82,429.00
48.46,-128.82,540.00
48.46,-128.83,840.00
48.46,-128.84,1246.00
48.46,-128.85,1171.00
48.47,-128.86,1531.00
48.47,-128.57,416.00
48.47,-128.58,421.00
48.47,-128.58,481.00
48.47,-128.59,461.00
48.47,-128.59,444.00
48.47,-128.60,518.00
48.47,-128.60,221.00
48.48,-128.61,619.00
48.48,-128.62,358.00
48.48,-128.62,368.00
48.48,-128.63,363.00
48.48,-128.63,639.00
48.48,-128.63,526.00
48.48,-128.64,549.00
48.48,-128.65,411.00
48.45,-128.61,924.00
48.46,-128.61,1090.00
48.46,-128.62,425.00
48.46,-128.62,355.00
48.45,-128.63,387.00
48.45,-128.63,325.00
48.45,-128.63,250.00
48.45,-128.63,829.00
48.45,-128.64,631.00
48.45,-128.64,376.00
48.45,-128.65,470.00
48.45,-128.65,440.00
48.45,-128.65,418.00
48.45,-128.65,493.00
48.45,-128.66,396.00
48.43,-128.73,697.00
48.44,-128.73,698.00
48.44,-128.73,699.00
48.45,-128.73,680.00
48.45,-128.72,777.00
48.46,-128.72,1760.00
48.46,-128.71,1233.00
48.47,-128.71,1488.00
48.47,-128.71,1496.00
48.47,-128.70,963.00
48.47,-128.70,937.00
48.48,-128.70,1062.00
48.48,-128.70,1044.00
48.48,-128.69,1088.00
48.49,-128.69,896.00
48.49,-128.69,742.00
48.50,-128.69,637.00
48.50,-128.69,636.00
48.51,-128.69,519.00
48.51,-128.68,418.00
48.45,-128.65,453.00
48.45,-128.66,362.00
48.45,-128.66,399.00
48.45,-128.66,386.00
48.45,-128.67,176.00
48.45,-128.67,153.00
48.45,-128.68,411.00
48.45,-128.68,426.00
48.45,-128.69,466.00
48.45,-128.69,524.00
48.46,-128.70,729.00
48.46,-128.70,994.00
48.46,-128.70,1663.00
48.46,-128.71,2653.00
48.46,-128.71,4439.00
48.46,-128.71,1898.00
48.46,-128.71,1099.00
48.46,-128.72,904.00
48.47,-128.72,832.00
48.47,-128.72,800.00
48.47,-128.71,862.00
48.47,-128.71,923.00
48.47,-128.71,1049.00
48.47,-128.71,1181.00
48.48,-128.70,1052.00
48.48,-128.70,851.00
48.48,-128.70,791.00
48.48,-128.69,609.00
48.48,-128.68,421.00
48.48,-128.67,427.00
48.48,-128.67,390.00
48.47,-128.73,618.00
48.47,-128.73,606.00
48.47,-128.73,679.00
48.47,-128.73,872.00
48.46,-128.72,918.00
48.46,-128.72,1511.00
48.46,-128.71,4559.00
48.46,-128.71,3022.00
48.46,-128.71,1926.00
48.46,-128.71,1742.00
48.46,-128.71,1813.00
48.46,-128.71,2029.00
48.46,-128.71,2031.00
48.46,-128.71,1815.00
48.46,-128.71,1644.00
48.46,-128.71,1498.00
48.47,-128.71,1317.00
48.47,-128.71,1236.00
48.47,-128.71,1076.00
48.48,-128.68,418.00
48.48,-128.67,413.00
48.47,-128.68,406.00
48.47,-128.68,409.00
48.47,-128.68,412.00
48.47,-128.68,418.00
48.46,-128.68,420.00
48.46,-128.68,418.00
48.45,-128.68,433.00
48.45,-128.68,424.00
48.45,-128.68,362.00
48.44,-128.68,187.00
48.44,-128.68,509.00
48.44,-128.68,539.00
48.44,-128.68,584.00
48.44,-128.68,684.00
48.44,-128.68,632.00
48.44,-128.68,965.00
48.44,-128.68,764.00
48.43,-128.68,4907.00
48.43,-128.68,3646.00
48.43,-128.68,1484.00
48.42,-128.68,842.00
48.42,-128.68,600.00
48.41,-128.68,529.00
48.41,-128.68,307.00
48.40,-128.68,484.00
48.40,-128.68,298.00
48.40,-128.68,311.00
48.38,-128.68,1405.00
48.38,-128.68,851.00
48.42,-128.72,901.00
48.42,-128.71,757.00
48.42,-128.71,658.00
48.43,-128.70,641.00
48.43,-128.69,663.00
48.43,-128.69,885.00
48.44,-128.69,1062.00
48.44,-128.68,368.00
48.45,-128.67,393.00
48.46,-128.66,323.00
48.44,-128.67,469.00
48.44,-128.67,460.00
48.45,-128.67,433.00
48.45,-128.66,404.00
48.45,-128.66,391.00
48.44,-128.66,407.00
48.44,-128.66,409.00
48.43,-128.66,432.00
48.43,-128.66,462.00
48.43,-128.66,276.00
48.43,-128.66,505.00
48.42,-128.66,491.00
48.42,-128.67,485.00
48.41,-128.67,454.00
48.41,-128.67,248.00
48.40,-128.67,451.00
48.40,-128.66,321.00
48.40,-128.66,526.00
48.41,-128.65,414.00
48.40,-128.64,433.00
48.40,-128.64,486.00
48.40,-128.64,583.00
48.49,-128.63,1239.00
48.49,-128.63,1207.00
48.49,-128.63,1262.00
48.49,-128.64,507.00
48.48,-128.64,508.00
48.48,-128.64,494.00
48.48,-128.64,478.00
48.48,-128.64,449.00
48.48,-128.64,535.00
48.47,-128.64,493.00
48.47,-128.64,552.00
48.47,-128.64,685.00
48.46,-128.64,962.00
48.46,-128.64,6555.00
48.46,-128.64,1294.00
48.45,-128.64,542.00
48.45,-128.64,503.00
48.45,-128.64,480.00
48.44,-128.64,479.00
48.44,-128.64,504.00
48.44,-128.64,475.00
48.44,-128.65,467.00
48.44,-128.65,480.00
48.43,-128.65,469.00
48.43,-128.65,565.00
48.43,-128.65,644.00
48.42,-128.65,742.00
48.42,-128.65,712.00
48.42,-128.65,661.00
48.42,-128.65,605.00
48.41,-128.65,518.00
48.41,-128.66,566.00
48.41,-128.66,298.00
48.41,-128.66,496.00
48.43,-128.69,810.00
48.43,-128.69,907.00
48.43,-128.69,1134.00
48.43,-128.69,1648.00
48.43,-128.68,3092.00
48.43,-128.68,4714.00
48.43,-128.68,1872.00
48.43,-128.67,1072.00
48.43,-128.66,551.00
48.43,-128.66,502.00
48.42,-128.65,420.00
48.42,-128.65,305.00
48.42,-128.59,401.00
48.42,-128.60,407.00
48.42,-128.60,429.00
48.42,-128.60,460.00
48.42,-128.61,463.00
48.42,-128.61,416.00
48.42,-128.62,432.00
48.42,-128.62,589.00
48.42,-128.63,458.00
48.42,-128.63,506.00
48.42,-128.63,461.00
48.42,-128.63,451.00
48.42,-128.64,450.00
48.42,-128.64,411.00
48.42,-128.64,354.00
48.42,-128.64,365.00
48.42,-128.65,276.00
48.42,-128.65,656.00
48.42,-128.65,355.00
48.42,-128.65,558.00
48.42,-128.66,513.00
48.42,-128.66,484.00
48.42,-128.67,471.00
48.42,-128.67,520.00
48.42,-128.67,585.00
48.42,-128.68,309.00
48.42,-128.68,926.00
48.43,-128.68,1285.00
48.43,-128.68,1677.00
48.43,-128.68,1877.00
48.43,-128.68,3484.00
48.43,-128.68,4183.00
48.43,-128.68,979.00
48.44,-128.69,845.00
48.44,-128.69,652.00
48.44,-128.69,588.00
48.44,-128.70,584.00
48.44,-128.70,629.00
48.44,-128.70,699.00
48.44,-128.71,819.00
48.44,-128.71,1037.00
48.44,-128.71,999.00
48.44,-128.72,934.00
48.45,-128.71,882.00
48.45,-128.71,1001.00
48.45,-128.71,1113.00
48.45,-128.71,1716.00
48.46,-128.71,5393.00
48.46,-128.71,1866.00
48.46,-128.71,1292.00
48.47,-128.71,1477.00
48.47,-128.70,1708.00
48.47,-128.70,1293.00
48.48,-128.70,1088.00
48.47,-128.66,160.00
48.47,-128.66,371.00
48.47,-128.66,379.00
48.46,-128.65,443.00
48.46,-128.65,519.00
48.46,-128.65,697.00
48.46,-128.64,1127.00
48.46,-128.64,2489.00
48.46,-128.64,2421.00
48.46,-128.63,402.00
48.46,-128.63,371.00
48.46,-128.62,421.00
48.46,-128.62,472.00
48.46,-128.62,653.00
48.46,-128.61,1444.00
48.46,-128.61,1460.00
48.45,-128.61,541.00
48.45,-128.60,433.00
48.45,-128.60,417.00
48.45,-128.59,460.00
48.45,-128.59,433.00
48.46,-128.63,536.00
48.46,-128.63,617.00
48.46,-128.63,1162.00
48.46,-128.63,817.00
48.46,-128.64,860.00
48.46,-128.64,706.00
48.46,-128.64,806.00
48.46,-128.64,650.00
48.46,-128.65,476.00
48.46,-128.66,347.00
48.46,-128.66,323.00
48.46,-128.66,282.00
48.46,-128.67,295.00
48.46,-128.67,323.00
48.46,-128.68,338.00
48.46,-128.68,373.00
48.46,-128.69,405.00
48.46,-128.70,496.00
48.46,-128.70,1247.00
48.46,-128.71,113.00
48.46,-128.71,2440.00
48.46,-128.71,6280.00
48.46,-128.71,3479.00
48.46,-128.71,39.00
48.46,-128.71,7932.00
48.46,-128.71,2282.00
48.46,-128.72,1228.00
48.46,-128.72,1209.00
48.46,-128.72,1318.00
48.46,-128.72,1033.00
48.46,-128.72,1155.00
48.46,-128.72,1306.00
48.46,-128.71,1538.00
48.46,-128.71,6788.00
48.46,-128.71,2142.00
48.46,-128.71,1643.00
48.46,-128.70,1029.00
48.46,-128.71,1300.00
48.46,-128.71,4818.00
48.46,-128.71,7599.00
48.46,-128.71,4106.00
48.46,-128.71,1505.00
48.46,-128.72,1240.00
48.46,-128.71,1484.00
48.46,-128.71,1916.00
48.46,-128.71,4434.00
48.46,-128.71,5963.00
48.46,-128.71,2371.00
48.46,-128.71,1615.00
47.88,-128.73,243.00
47.86,-128.67,269.00
47.86,-128.66,328.00
47.86,-128.66,449.00
47.85,-128.64,329.00
47.85,-128.64,241.00
47.85,-128.63,271.00
47.88,-128.72,225.00
47.88,-128.71,245.00
47.87,-128.71,256.00
47.87,-128.70,286.00
47.87,-128.70,278.00
47.87,-128.69,352.00
47.86,-128.68,269.00
47.86,-128.67,286.00
47.96,-128.81,353.00
47.92,-128.83,172.00
47.91,-128.82,111.00
47.90,-128.83,108.00
47.90,-128.83,177.00
47.96,-128.81,471.00
47.95,-128.81,384.00
47.94,-128.81,380.00
47.94,-128.81,359.00
47.93,-128.83,300.00
47.93,-128.82,110.00
47.93,-128.82,151.00
47.92,-128.82,72.00
47.89,-128.83,137.00
47.89,-128.83,121.00
47.88,-128.83,112.00
47.87,-128.83,117.00
47.87,-128.84,123.00
47.86,-128.84,261.00
47.99,-128.79,205.00
47.99,-128.80,168.00
47.98,-128.79,170.00
47.98,-128.80,146.00
47.97,-128.80,174.00
47.97,-128.81,159.00
47.97,-128.83,129.00
47.96,-128.82,137.00
47.93,-128.85,164.00
47.91,-128.80,95.00
47.94,-128.76,90.00
47.94,-128.82,362.00
47.96,-128.83,91.00
47.94,-128.77,104.00
47.91,-128.80,113.00
47.94,-128.78,900.00
47.91,-128.79,129.00
47.95,-128.78,109.00
47.90,-128.78,164.00
47.95,-128.79,84.00
47.95,-128.81,155.00
47.95,-128.81,171.00
47.95,-128.82,233.00
47.92,-128.84,147.00
47.92,-128.84,93.00
47.82,-128.67,563.00
47.88,-128.70,287.00
47.88,-128.70,300.00
47.89,-128.70,262.00
47.83,-128.67,534.00
47.84,-128.67,403.00
47.84,-128.68,421.00
47.85,-128.68,307.00
47.86,-128.68,294.00
47.87,-128.69,355.00
47.87,-128.69,270.00
47.88,-128.69,247.00
47.86,-128.64,267.00
47.90,-128.66,392.00
47.90,-128.67,381.00
47.87,-128.64,270.00
47.87,-128.64,353.00
47.88,-128.65,241.00
47.88,-128.65,305.00
47.89,-128.65,294.00
47.89,-128.66,204.00
47.89,-128.66,378.00
47.89,-128.66,359.00
47.92,-128.83,111.00
47.92,-128.82,109.00
47.92,-128.82,113.00
47.92,-128.81,97.00
47.91,-128.81,87.00
47.87,-127.62,556.00
47.92,-127.65,184.00
47.92,-127.65,164.00
47.93,-127.65,150.00
47.93,-127.66,123.00
47.94,-127.66,144.00
47.94,-127.66,155.00
47.95,-127.66,150.00
47.87,-127.62,688.00
47.88,-127.62,184.00
47.88,-127.63,114.00
47.89,-127.63,120.00
47.89,-127.64,187.00
47.90,-127.64,247.00
47.90,-127.64,148.00
47.91,-127.64,251.00
47.86,-127.68,143.00
47.90,-127.71,959.00
47.91,-127.71,412.00
47.91,-127.71,216.00
47.92,-127.71,265.00
47.92,-127.72,327.00
47.93,-127.72,262.00
47.93,-127.72,237.00
47.94,-127.73,267.00
47.95,-127.73,186.00
47.86,-127.68,162.00
47.96,-127.74,171.00
47.96,-127.74,174.00
47.87,-127.68,184.00
47.87,-127.69,205.00
47.88,-127.69,231.00
47.89,-127.70,214.00
47.89,-127.70,258.00
47.89,-127.70,324.00
47.90,-127.70,489.00
47.75,-127.62,74.00
47.79,-127.64,159.00
47.80,-127.64,260.00
47.80,-127.65,179.00
47.81,-127.65,128.00
47.81,-127.65,145.00
47.82,-127.65,117.00
47.82,-127.66,236.00
47.83,-127.66,180.00
47.83,-127.66,220.00
47.84,-127.67,186.00
47.75,-127.62,148.00
47.84,-127.67,199.00
47.85,-127.67,228.00
47.85,-127.67,197.00
47.86,-127.68,188.00
47.76,-127.62,69.00
47.76,-127.62,155.00
47.76,-127.63,91.00
47.77,-127.63,63.00
47.78,-127.63,74.00
47.78,-127.64,87.00
47.78,-127.64,156.00
47.82,-127.49,214.00
47.83,-127.55,139.00
47.83,-127.55,72.00
47.83,-127.56,231.00
47.84,-127.57,261.00
47.84,-127.58,362.00
47.84,-127.58,189.00
47.84,-127.59,212.00
47.84,-127.60,181.00
47.84,-127.60,187.00
47.84,-127.61,232.00
47.82,-127.49,172.00
47.82,-127.50,89.00
47.82,-127.50,206.00
47.82,-127.51,199.00
47.82,-127.51,37.00
47.82,-127.52,145.00
47.83,-127.53,123.00
47.83,-127.54,122.00
47.75,-127.22,154.00
47.76,-127.29,131.00
47.77,-127.30,101.00
47.77,-127.31,111.00
47.77,-127.33,200.00
47.75,-127.23,141.00
47.75,-127.24,145.00
47.75,-127.24,150.00
47.76,-127.25,151.00
47.76,-127.26,162.00
47.76,-127.27,157.00
47.76,-127.27,106.00
47.76,-127.28,164.00
47.77,-127.33,145.00
47.79,-127.40,135.00
47.79,-127.40,188.00
47.79,-127.41,108.00
47.78,-127.34,106.00
47.78,-127.35,141.00
47.78,-127.35,163.00
47.78,-127.36,150.00
47.78,-127.37,105.00
47.78,-127.37,171.00
47.78,-127.38,133.00
47.79,-127.39,142.00
47.84,-127.72,1091.00
47.85,-127.81,224.00
47.85,-127.82,239.00
47.85,-127.82,233.00
47.85,-127.83,241.00
47.86,-127.84,252.00
47.86,-127.85,102.00
47.86,-127.86,97.00
47.86,-127.87,210.00
47.86,-127.88,95.00
47.86,-127.89,257.00
47.84,-127.74,710.00
47.86,-127.90,217.00
47.86,-127.91,182.00
47.84,-127.75,292.00
47.84,-127.76,137.00
47.84,-127.76,234.00
47.84,-127.77,209.00
47.85,-127.78,201.00
47.85,-127.79,200.00
47.85,-127.80,197.00
47.85,-127.63,1659.00
47.86,-127.71,309.00
47.86,-127.71,410.00
47.87,-127.72,935.00
47.87,-127.72,1109.00
47.87,-127.72,311.00
47.87,-127.73,226.00
47.87,-127.74,283.00
47.87,-127.74,281.00
47.85,-127.64,346.00
47.85,-127.65,425.00
47.85,-127.66,216.00
47.86,-127.67,200.00
47.86,-127.67,191.00
47.86,-127.68,162.00
47.86,-127.70,191.00
47.86,-127.70,227.00
47.86,-127.70,217.00
47.87,-127.73,211.00
47.87,-127.73,225.00
47.85,-127.74,233.00
47.85,-127.73,285.00
47.85,-127.73,283.00
47.85,-127.72,451.00
47.85,-127.72,712.00
47.85,-127.72,487.00
47.85,-127.72,433.00
47.85,-127.71,364.00
47.86,-127.70,214.00
47.85,-127.71,253.00
47.85,-127.70,206.00
47.86,-127.70,244.00
47.86,-127.71,308.00
47.86,-127.71,382.00
47.87,-127.72,562.00
47.87,-127.72,1043.00
47.87,-127.72,1020.00
47.87,-127.73,319.00
47.79,-127.85,228.00
47.92,-128.72,165.00
47.92,-128.68,263.00
47.91,-128.67,275.00
47.91,-128.67,286.00
47.91,-128.66,302.00
47.91,-128.66,319.00
47.91,-128.65,327.00
47.91,-128.65,334.00
47.91,-128.64,329.00
47.91,-128.64,266.00
47.90,-128.63,339.00
47.92,-128.72,158.00
47.90,-128.63,337.00
47.90,-128.62,315.00
47.92,-128.71,163.00
47.92,-128.71,178.00
47.92,-128.70,162.00
47.92,-128.70,212.00
47.92,-128.69,230.00
47.92,-128.69,248.00
47.92,-128.68,236.00
47.90,-128.62,295.00
47.89,-128.57,599.00
47.89,-128.57,755.00
47.89,-128.56,481.00
47.89,-128.56,677.00
47.89,-128.56,735.00
47.89,-128.55,472.00
47.89,-128.55,370.00
47.89,-128.54,346.00
47.89,-128.54,313.00
47.89,-128.54,237.00
47.90,-128.61,325.00
47.89,-128.53,145.00
47.89,-128.53,168.00
47.89,-128.52,207.00
47.88,-128.52,253.00
47.90,-128.61,272.00
47.90,-128.61,293.00
47.90,-128.60,339.00
47.90,-128.59,315.00
47.90,-128.58,314.00
47.89,-128.57,345.00
47.92,-128.52,171.00
47.92,-128.55,269.00
47.92,-128.55,273.00
47.92,-128.55,356.00
47.92,-128.55,523.00
47.93,-128.56,436.00
47.93,-128.56,434.00
47.93,-128.56,369.00
47.93,-128.56,280.00
47.93,-128.57,276.00
47.93,-128.57,294.00
47.92,-128.52,168.00
47.92,-128.53,174.00
47.92,-128.53,175.00
47.92,-128.54,206.00
47.92,-128.54,227.00
47.92,-128.54,239.00
47.92,-128.55,259.00
47.93,-128.58,248.00
47.93,-128.59,268.00
47.93,-128.59,271.00
47.93,-128.59,254.00
47.93,-128.59,246.00
47.93,-128.60,240.00
47.93,-128.60,235.00
47.93,-128.60,239.00
47.93,-128.60,248.00
47.93,-128.60,254.00
47.93,-128.58,243.00
47.93,-128.61,254.00
47.93,-128.61,264.00
47.93,-128.61,270.00
47.93,-128.61,279.00
47.93,-128.61,285.00
47.93,-128.58,232.00
47.93,-128.58,230.00
47.93,-128.59,231.00
47.93,-128.59,233.00
47.93,-128.59,236.00
47.93,-128.59,242.00
47.93,-128.59,255.00
47.93,-128.61,276.00
47.94,-128.62,264.00
47.94,-128.62,266.00
47.94,-128.63,280.00
47.94,-128.63,283.00
47.94,-128.63,284.00
47.94,-128.63,281.00
47.94,-128.63,282.00
47.94,-128.63,273.00
47.94,-128.63,263.00
47.94,-128.63,260.00
47.93,-128.61,280.00
47.94,-128.63,260.00
47.94,-128.63,257.00
47.93,-128.61,281.00
47.93,-128.61,283.00
47.94,-128.61,287.00
47.94,-128.62,280.00
47.94,-128.62,275.00
47.94,-128.62,269.00
47.94,-128.62,268.00
47.91,-128.55,231.00
47.91,-128.57,388.00
47.91,-128.57,286.00
47.91,-128.57,287.00
47.91,-128.57,280.00
47.91,-128.58,296.00
47.91,-128.58,297.00
47.91,-128.58,316.00
47.91,-128.59,328.00
47.91,-128.59,326.00
47.91,-128.59,324.00
47.91,-128.55,264.00
47.91,-128.59,313.00
47.91,-128.60,299.00
47.92,-128.60,290.00
47.92,-128.60,292.00
47.92,-128.60,263.00
47.91,-128.55,376.00
47.91,-128.55,408.00
47.91,-128.55,425.00
47.91,-128.56,355.00
47.91,-128.56,440.00
47.91,-128.56,632.00
47.72,-127.79,1301.00
47.72,-127.78,340.00
47.72,-127.78,370.00
47.72,-127.78,274.00
47.73,-127.78,262.00
47.73,-127.78,267.00
47.73,-127.78,290.00
47.73,-127.77,257.00
47.73,-127.77,252.00
47.73,-127.77,261.00
47.74,-127.77,278.00
47.74,-127.77,270.00
47.72,-127.79,3144.00
47.72,-127.78,2022.00
47.72,-127.78,994.00
47.72,-127.78,604.00
47.72,-127.78,434.00
47.72,-127.78,403.00
47.72,-127.78,383.00
47.89,-127.49,250.00
47.91,-127.59,215.00
47.91,-127.59,224.00
47.72,-127.82,196.00
47.71,-127.78,1194.00
47.71,-127.78,452.00
47.71,-127.78,422.00
47.71,-127.78,301.00
47.71,-127.77,218.00
47.71,-127.77,205.00
47.71,-127.76,191.00
47.70,-127.75,171.00
47.70,-127.75,166.00
47.72,-127.80,211.00
47.71,-127.79,256.00
47.71,-127.79,291.00
47.71,-127.79,939.00
48.47,-128.78,404.00
48.47,-128.80,397.00
48.57,-128.69,371.00
48.57,-128.69,262.00
48.57,-128.69,267.00
48.57,-128.70,338.00
48.57,-128.70,388.00
48.56,-128.70,359.00
48.56,-128.70,474.00
48.55,-128.71,587.00
48.55,-128.71,494.00
48.55,-128.72,413.00
48.54,-128.72,335.00
48.53,-128.72,302.00
48.52,-128.73,278.00
48.52,-128.73,305.00
48.51,-128.74,306.00
48.51,-128.74,217.00
48.52,-128.82,165.00
48.52,-128.80,159.00
48.53,-128.79,161.00
48.52,-128.78,150.00
48.52,-128.77,169.00
48.51,-128.77,133.00
48.50,-128.77,230.00
48.49,-128.76,263.00
48.49,-128.76,268.00
48.48,-128.76,272.00
48.47,-128.75,309.00
48.47,-128.75,348.00
48.46,-128.74,424.00
48.45,-128.74,412.00
48.45,-128.74,1005.00
48.51,-128.78,151.00
48.51,-128.78,189.00
48.51,-128.77,120.00
48.51,-128.77,203.00
48.50,-128.76,299.00
48.50,-128.76,320.00
48.50,-128.75,246.00
48.49,-128.74,206.00
48.49,-128.73,341.00
48.49,-128.73,395.00
48.49,-128.72,390.00
48.48,-128.72,570.00
48.48,-128.71,744.00
48.45,-128.72,774.00
48.45,-128.72,1073.00
48.46,-128.71,2894.00
48.46,-128.71,1528.00
48.45,-128.70,1313.00
48.45,-128.70,729.00
48.44,-128.69,581.00
48.44,-128.69,605.00
48.44,-128.69,707.00
48.44,-128.68,1507.00
48.43,-128.68,3200.00
48.43,-128.68,2129.00
48.43,-128.67,883.00
48.43,-128.67,684.00
48.43,-128.67,556.00
48.43,-128.66,466.00
48.40,-128.73,841.00
48.40,-128.73,677.00
48.40,-128.72,995.00
48.40,-128.72,772.00
48.40,-128.72,659.00
48.40,-128.71,654.00
48.40,-128.70,683.00
48.40,-128.70,687.00
48.40,-128.69,616.00
48.40,-128.69,631.00
48.39,-128.68,788.00
48.39,-128.68,690.00
48.39,-128.67,589.00
48.39,-128.67,589.00
48.39,-128.66,648.00
48.39,-128.66,686.00
48.39,-128.65,548.00
48.39,-128.64,699.00
48.39,-128.64,787.00
48.39,-128.63,902.00
48.39,-128.63,534.00
48.38,-128.62,465.00
48.38,-128.61,355.00
48.38,-128.61,304.00
48.40,-128.84,1319.00
48.40,-128.83,1429.00
48.39,-128.83,1497.00
48.39,-128.82,952.00
48.39,-128.82,865.00
48.39,-128.81,763.00
48.39,-128.79,602.00
48.38,-128.79,598.00
48.39,-128.78,586.00
48.39,-128.77,539.00
48.39,-128.77,510.00
48.39,-128.76,487.00
48.39,-128.75,530.00
48.39,-128.73,914.00
48.39,-128.72,758.00
48.39,-128.72,666.00
48.39,-128.71,620.00
48.39,-128.71,553.00
48.44,-128.76,573.00
48.44,-128.76,559.00
48.44,-128.75,594.00
48.44,-128.75,641.00
48.44,-128.74,567.00
48.44,-128.73,661.00
48.44,-128.72,704.00
48.44,-128.72,812.00
48.44,-128.70,857.00
48.44,-128.70,653.00
48.44,-128.69,594.00
48.44,-128.69,637.00
48.44,-128.68,1665.00
48.44,-128.68,2298.00
48.44,-128.67,727.00
48.44,-128.66,419.00
48.44,-128.65,218.00
48.44,-128.63,290.00
48.29,-128.69,532.00
48.30,-128.70,1101.00
48.31,-128.70,387.00
48.32,-128.71,278.00
48.32,-128.71,325.00
48.33,-128.72,322.00
48.34,-128.72,395.00
48.34,-128.73,422.00
48.35,-128.73,502.00
48.36,-128.74,550.00
48.37,-128.74,788.00
48.37,-128.74,935.00
48.38,-128.75,673.00
48.39,-128.75,586.00
48.40,-128.76,587.00
48.29,-128.78,313.00
48.29,-128.78,290.00
48.31,-128.78,292.00
48.33,-128.78,322.00
48.33,-128.78,361.00
48.34,-128.78,353.00
48.34,-128.78,365.00
48.35,-128.78,354.00
48.35,-128.78,335.00
48.36,-128.80,303.00
48.36,-128.81,385.00
48.36,-128.83,469.00
48.36,-128.83,627.00
48.36,-128.83,807.00
48.36,-128.84,1022.00
48.36,-128.85,1289.00
48.37,-128.86,1150.00
48.37,-128.87,1095.00
48.38,-128.88,1158.00
48.38,-128.90,1076.00
48.35,-128.77,367.00
48.36,-128.77,341.00
48.39,-128.77,533.00
48.41,-128.73,858.00
48.42,-128.73,861.00
48.41,-128.74,740.00
48.41,-128.75,624.00
48.42,-128.75,679.00
48.42,-128.77,763.00
48.42,-128.77,698.00
48.42,-128.78,706.00
48.42,-128.78,743.00
48.42,-128.79,788.00
48.42,-128.79,881.00
48.43,-128.80,959.00
48.43,-128.80,1023.00
48.43,-128.81,1153.00
48.43,-128.82,1665.00
48.43,-128.83,1124.00
48.43,-128.84,888.00
48.43,-128.85,1018.00
48.43,-128.85,792.00
48.43,-128.85,912.00
48.43,-128.86,897.00
48.44,-128.76,765.00
48.44,-128.76,690.00
48.44,-128.77,546.00
48.44,-128.78,550.00
48.45,-128.78,502.00
48.45,-128.79,477.00
48.45,-128.79,481.00
48.46,-128.80,426.00
48.46,-128.81,477.00
48.46,-128.82,429.00
48.46,-128.82,540.00
48.46,-128.83,840.00
48.46,-128.84,1246.00
48.46,-128.85,1171.00
48.47,-128.86,1531.00
48.47,-128.57,416.00
48.47,-128.58,421.00
48.47,-128.58,481.00
48.47,-128.59,461.00
48.47,-128.59,444.00
48.47,-128.60,518.00
48.47,-128.60,221.00
48.48,-128.61,619.00
48.48,-128.62,358.00
48.48,-128.62,368.00
48.48,-128.63,363.00
48.48,-128.63,639.00
48.48,-128.63,526.00
48.48,-128.64,549.00
48.48,-128.65,411.00
48.45,-128.61,924.00
48.46,-128.61,1090.00
48.46,-128.62,425.00
48.46,-128.62,355.00
48.45,-128.63,387.00
48.45,-128.63,325.00
48.45,-128.63,250.00
48.45,-128.63,829.00
48.45,-128.64,631.00
48.45,-128.64,376.00
48.45,-128.65,470.00
48.45,-128.65,440.00
48.45,-128.65,418.00
48.45,-128.65,493.00
48.45,-128.66,396.00
48.43,-128.73,697.00
48.44,-128.73,698.00
48.44,-128.73,699.00
48.45,-128.73,680.00
48.45,-128.72,777.00
48.46,-128.72,1760.00
48.46,-128.71,1233.00
48.47,-128.71,1488.00
48.47,-128.71,1496.00
48.47,-128.70,963.00
48.47,-128.70,937.00
48.48,-128.70,1062.00
48.48,-128.70,1044.00
48.48,-128.69,1088.00
48.49,-128.69,896.00
48.49,-128.69,742.00
48.50,-128.69,637.00
48.50,-128.69,636.00
48.51,-128.69,519.00
48.51,-128.68,418.00
48.45,-128.65,453.00
48.45,-128.65,453.00
48.45,-128.66,362.00
48.45,-128.66,399.00
48.45,-128.66,386.00
48.45,-128.67,176.00
48.45,-128.67,153.00
48.45,-128.68,411.00
48.45,-128.68,426.00
48.45,-128.69,466.00
48.45,-128.69,524.00
48.46,-128.70,729.00
48.46,-128.70,994.00
48.46,-128.70,1663.00
48.46,-128.71,2653.00
48.46,-128.71,4439.00
48.46,-128.71,1898.00
48.46,-128.71,1099.00
48.46,-128.72,904.00
48.47,-128.72,832.00
48.47,-128.72,800.00
48.47,-128.71,862.00
48.47,-128.71,923.00
48.47,-128.71,1049.00
48.47,-128.71,1181.00
48.48,-128.70,1052.00
48.48,-128.70,851.00
48.48,-128.70,791.00
48.48,-128.69,609.00
48.48,-128.68,421.00
48.48,-128.67,427.00
48.48,-128.67,390.00
48.47,-128.73,618.00
48.47,-128.73,606.00
48.47,-128.73,679.00
48.47,-128.73,872.00
48.46,-128.72,918.00
48.46,-128.72,1511.00
48.46,-128.71,4559.00
48.46,-128.71,3022.00
48.46,-128.71,1926.00
48.46,-128.71,1742.00
48.46,-128.71,1813.00
48.46,-128.71,2029.00
48.46,-128.71,2031.00
48.46,-128.71,1815.00
48.46,-128.71,1644.00
48.46,-128.71,1498.00
48.47,-128.71,1317.00
48.47,-128.71,1236.00
48.47,-128.71,1076.00
48.48,-128.68,418.00
48.48,-128.67,413.00
48.47,-128.68,406.00
48.47,-128.68,409.00
48.47,-128.68,412.00
48.47,-128.68,418.00
48.46,-128.68,420.00
48.46,-128.68,418.00
48.45,-128.68,433.00
48.45,-128.68,424.00
48.45,-128.68,362.00
48.44,-128.68,187.00
48.44,-128.68,509.00
48.44,-128.68,539.00
48.44,-128.68,584.00
48.44,-128.68,684.00
48.44,-128.68,632.00
48.44,-128.68,965.00
48.44,-128.68,764.00
48.43,-128.68,4907.00
48.43,-128.68,3646.00
48.43,-128.68,1484.00
48.42,-128.68,842.00
48.42,-128.68,600.00
48.41,-128.68,529.00
48.41,-128.68,307.00
48.40,-128.68,484.00
48.40,-128.68,298.00
48.40,-128.68,311.00
48.39,-128.68,270.00
48.38,-128.68,1405.00
48.38,-128.68,606.00
48.42,-128.72,901.00
48.42,-128.71,757.00
48.42,-128.71,658.00
48.43,-128.70,641.00
48.43,-128.69,663.00
48.43,-128.69,885.00
48.44,-128.69,1062.00
48.44,-128.68,368.00
48.45,-128.67,393.00
48.46,-128.66,323.00
48.44,-128.67,469.00
48.44,-128.67,460.00
48.45,-128.67,433.00
48.45,-128.66,404.00
48.45,-128.66,391.00
48.44,-128.66,407.00
48.44,-128.66,409.00
48.43,-128.66,432.00
48.43,-128.66,462.00
48.43,-128.66,276.00
48.43,-128.66,505.00
48.42,-128.66,491.00
48.42,-128.67,485.00
48.41,-128.67,454.00
48.41,-128.67,248.00
48.40,-128.67,451.00
48.40,-128.66,321.00
48.40,-128.66,526.00
48.41,-128.65,414.00
48.40,-128.64,433.00
48.40,-128.64,486.00
48.40,-128.64,583.00
48.49,-128.63,1239.00
48.49,-128.63,1207.00
48.49,-128.63,1262.00
48.49,-128.64,507.00
48.48,-128.64,508.00
48.48,-128.64,494.00
48.48,-128.64,478.00
48.48,-128.64,449.00
48.48,-128.64,535.00
48.47,-128.64,493.00
48.47,-128.64,552.00
48.47,-128.64,685.00
48.46,-128.64,962.00
48.46,-128.64,6555.00
48.46,-128.64,1294.00
48.45,-128.64,542.00
48.45,-128.64,503.00
48.45,-128.64,480.00
48.44,-128.64,479.00
48.44,-128.64,504.00
48.44,-128.64,475.00
48.44,-128.65,467.00
48.44,-128.65,480.00
48.43,-128.65,469.00
48.43,-128.65,469.00
48.43,-128.65,565.00
48.43,-128.65,644.00
48.42,-128.65,742.00
48.42,-128.65,712.00
48.42,-128.65,661.00
48.42,-128.65,605.00
48.41,-128.65,518.00
48.41,-128.66,566.00
48.41,-128.66,298.00
48.41,-128.66,496.00
48.43,-128.69,810.00
48.43,-128.69,907.00
48.43,-128.69,1134.00
48.43,-128.69,1648.00
48.43,-128.68,3092.00
48.43,-128.68,4714.00
48.43,-128.68,1872.00
48.43,-128.67,1072.00
48.43,-128.66,551.00
48.43,-128.66,502.00
48.42,-128.65,420.00
48.42,-128.65,305.00
48.42,-128.59,401.00
48.42,-128.60,407.00
48.42,-128.60,429.00
48.42,-128.60,460.00
48.42,-128.61,463.00
48.42,-128.61,416.00
48.42,-128.62,432.00
48.42,-128.62,589.00
48.42,-128.63,458.00
48.42,-128.63,506.00
48.42,-128.63,461.00
48.42,-128.63,451.00
48.42,-128.64,450.00
48.42,-128.64,411.00
48.42,-128.64,354.00
48.42,-128.64,365.00
48.42,-128.65,276.00
48.42,-128.65,656.00
48.42,-128.65,355.00
48.42,-128.65,558.00
48.42,-128.66,513.00
48.42,-128.66,484.00
48.42,-128.67,471.00
48.42,-128.67,520.00
48.42,-128.67,585.00
48.42,-128.68,309.00
48.42,-128.68,926.00
48.43,-128.68,1285.00
48.43,-128.68,1677.00
48.43,-128.68,1877.00
48.43,-128.68,3484.00
48.43,-128.68,4183.00
48.43,-128.68,979.00
48.44,-128.69,845.00
48.44,-128.69,652.00
48.44,-128.69,588.00
48.44,-128.70,584.00
48.44,-128.70,629.00
48.44,-128.70,699.00
48.44,-128.71,819.00
48.44,-128.71,1037.00
48.44,-128.71,999.00
48.44,-128.72,934.00
48.45,-128.71,882.00
48.45,-128.71,1001.00
48.45,-128.71,1113.00
48.45,-128.71,1716.00
48.46,-128.71,5393.00
48.46,-128.71,1866.00
48.46,-128.71,1292.00
48.47,-128.71,1477.00
48.47,-128.70,1708.00
48.47,-128.70,1293.00
48.48,-128.70,1088.00
48.47,-128.66,160.00
48.47,-128.66,371.00
48.47,-128.66,379.00
48.46,-128.65,443.00
48.46,-128.65,519.00
48.46,-128.65,697.00
48.46,-128.64,1127.00
48.46,-128.64,2489.00
48.46,-128.64,2421.00
48.46,-128.63,402.00
48.46,-128.63,371.00
48.46,-128.62,421.00
48.46,-128.62,472.00
48.46,-128.62,653.00
48.46,-128.61,1444.00
48.46,-128.61,1460.00
48.45,-128.61,541.00
48.45,-128.60,433.00
48.45,-128.60,417.00
48.45,-128.59,460.00
48.45,-128.59,433.00
48.46,-128.63,536.00
48.46,-128.63,617.00
48.46,-128.63,1162.00
48.46,-128.63,817.00
48.46,-128.64,860.00
48.46,-128.64,706.00
48.46,-128.64,806.00
48.46,-128.64,650.00
48.46,-128.65,476.00
48.46,-128.66,323.00
48.46,-128.66,282.00
48.46,-128.67,295.00
48.46,-128.67,323.00
48.46,-128.68,338.00
48.46,-128.68,373.00
48.46,-128.69,405.00
48.46,-128.70,496.00
48.46,-128.70,1247.00
48.46,-128.71,113.00
48.46,-128.71,2440.00
48.46,-128.71,6280.00
48.46,-128.71,3479.00
48.46,-128.71,39.00
48.46,-128.71,7932.00
48.46,-128.71,2282.00
48.46,-128.72,1228.00
48.46,-128.72,1209.00
48.46,-128.72,1318.00
48.46,-128.72,1033.00
48.46,-128.72,1155.00
48.46,-128.72,1306.00
48.46,-128.71,1538.00
48.46,-128.71,6788.00
48.46,-128.71,2142.00
48.46,-128.71,1643.00
48.46,-128.70,1029.00
48.46,-128.71,1300.00
48.46,-128.71,4818.00
48.46,-128.71,7599.00
48.46,-128.71,4106.00
48.46,-128.71,1505.00
48.46,-128.72,1240.00
48.46,-128.71,1484.00
48.46,-128.71,1916.00
48.46,-128.71,4434.00
48.46,-128.71,5963.00
48.46,-128.71,2371.00
48.46,-128.71,1615.00
44.65,-130.85,190.00
44.48,-129.88,40.00
44.63,-130.13,80.00
44.62,-130.52,560.00
44.65,-130.77,110.00
45.87,-130.57,210.00
45.80,-130.82,280.00
46.20,-130.02,140.00
50.07,-132.42,29.00
48.32,-131.63,50.00
46.25,-131.98,33.00
43.85,-130.92,134.00
42.32,-130.65,21.00
40.60,-130.43,4.00
40.58,-129.37,151.00
38.58,-127.75,25.00
46.80,-125.53,85.00
46.80,-125.55,84.00
46.80,-125.55,90.00
46.80,-125.56,94.00
46.80,-125.57,102.00
46.80,-125.57,117.00
46.78,-125.76,84.00
46.79,-125.69,103.00
46.79,-125.71,91.00
46.78,-125.77,86.00
46.79,-125.72,89.00
46.78,-125.78,114.00
46.78,-125.73,86.00
46.78,-125.75,87.00
46.77,-125.92,111.00
46.77,-125.94,113.00
46.77,-125.95,110.00
46.76,-125.96,105.00
46.76,-125.98,107.00
46.76,-125.98,105.00
46.76,-125.98,102.00
46.76,-126.04,114.00
46.76,-126.04,108.00
46.76,-126.05,107.00
46.74,-126.23,312.00
46.74,-126.22,182.00
46.74,-126.20,107.00
46.74,-126.19,127.00
46.74,-126.18,116.00
46.75,-126.16,116.00
46.74,-126.18,119.00
46.74,-126.20,135.00
46.74,-126.21,153.00
46.74,-126.21,160.00
46.74,-126.22,255.00
46.74,-126.24,424.00
46.74,-126.24,438.00
46.74,-126.25,401.00
46.68,-126.14,109.00
46.68,-126.15,111.00
46.68,-126.16,122.00
46.67,-126.18,115.00
46.67,-126.19,124.00
46.67,-126.20,126.00
39.02,-120.07,41.00
39.05,-120.00,65.00
39.05,-120.03,93.00
39.12,-120.02,92.00
39.17,-120.00,67.00
39.20,-119.98,48.00
39.20,-119.98,48.00
39.15,-120.02,70.00
39.07,-120.03,63.00
39.07,-120.03,63.00
39.10,-120.07,70.00
43.52,-119.72,104.00
43.48,-119.54,75.00
43.48,-119.54,75.00
43.30,-119.15,75.00
43.22,-119.25,87.00
43.35,-119.12,46.00
43.44,-119.02,41.00
43.58,-119.41,62.00
43.48,-119.54,142.00
43.48,-119.54,146.00
43.43,-119.62,96.00
43.31,-119.76,33.00
43.19,-119.89,83.00
43.31,-119.78,79.00
43.66,-119.94,62.00
43.51,-120.04,121.00
43.49,-120.10,79.00
43.77,-120.38,87.00
43.77,-120.38,87.00
43.86,-120.26,75.00
45.21,-119.34,79.00
43.21,-119.04,125.00
52.22,-132.15,270.00
52.22,-132.14,265.00
52.27,-132.10,144.00
52.27,-132.09,134.00
52.27,-132.09,139.00
52.54,-132.31,74.00
52.54,-132.31,69.00
52.55,-132.30,56.00
52.58,-132.27,67.00
52.61,-132.16,66.00
52.41,-131.94,77.00
52.17,-131.72,66.00
52.16,-131.77,80.00
52.34,-131.99,77.00
52.34,-131.99,84.00
52.16,-132.03,247.00
52.33,-131.99,111.00
51.97,-131.53,104.00
51.95,-131.55,128.00
51.80,-131.25,98.00
50.83,-124.89,46.00
50.83,-124.89,46.00
50.83,-124.89,46.00
50.83,-124.89,46.00
50.83,-124.89,46.00
50.83,-124.89,46.00
50.83,-124.89,46.00
50.09,-124.81,38.00
50.09,-124.81,38.00
50.09,-124.81,38.00
50.09,-124.81,38.00
50.09,-124.81,38.00
50.09,-124.81,38.00
50.09,-124.81,38.00
50.09,-124.81,38.00
49.88,-124.06,33.00
49.88,-124.06,33.00
49.88,-124.06,33.00
49.88,-124.06,33.00
49.88,-124.06,33.00
49.88,-124.06,33.00
49.88,-124.06,33.00
49.88,-124.06,33.00
49.87,-124.05,33.00
49.87,-124.05,33.00
49.87,-124.05,33.00
49.87,-124.05,33.00
49.87,-124.05,33.00
49.87,-124.05,33.00
49.87,-124.05,33.00
49.87,-124.05,33.00
49.42,-123.40,38.00
49.42,-123.40,38.00
49.42,-123.40,38.00
49.42,-123.40,38.00
49.42,-123.40,38.00
49.42,-123.40,38.00
49.42,-123.40,38.00
49.41,-122.87,63.00
49.41,-122.87,63.00
49.41,-122.87,63.00
49.41,-122.87,63.00
49.41,-122.87,63.00
49.41,-122.87,63.00
49.41,-122.87,63.00
49.39,-122.88,42.00
49.39,-122.88,42.00
49.39,-122.88,42.00
49.39,-122.88,42.00
49.39,-122.88,42.00
49.39,-122.88,42.00
49.39,-122.88,42.00
49.99,-123.99,42.00
49.99,-123.99,42.00
49.99,-123.99,42.00
49.99,-123.99,42.00
49.99,-123.99,42.00
49.99,-123.99,42.00
49.99,-123.99,42.00
49.99,-123.99,42.00
50.01,-123.94,38.00
50.01,-123.94,38.00
50.01,-123.94,38.00
50.01,-123.94,38.00
50.01,-123.94,38.00
50.01,-123.94,38.00
50.01,-123.94,38.00
50.01,-123.94,38.00
50.07,-123.80,42.00
50.07,-123.80,42.00
50.07,-123.80,42.00
50.07,-123.80,42.00
50.07,-123.80,42.00
50.07,-123.80,42.00
50.07,-123.80,42.00
50.07,-123.80,42.00
50.15,-123.85,63.00
50.15,-123.85,63.00
50.15,-123.85,63.00
50.15,-123.85,63.00
50.15,-123.85,63.00
50.15,-123.85,63.00
50.15,-123.85,63.00
50.15,-123.85,63.00
49.80,-124.04,46.00
49.80,-124.04,46.00
49.80,-124.04,46.00
49.80,-124.04,46.00
49.80,-124.04,46.00
49.80,-124.04,46.00
49.80,-124.04,46.00
49.80,-124.04,46.00
49.94,-124.53,29.00
49.94,-124.53,29.00
49.94,-124.53,29.00
49.94,-124.53,29.00
49.94,-124.53,29.00
49.94,-124.53,29.00
49.94,-124.53,29.00
49.94,-124.53,29.00
49.94,-124.53,25.00
49.94,-124.53,25.00
49.94,-124.53,25.00
49.94,-124.53,25.00
49.94,-124.53,25.00
49.94,-124.53,25.00
49.94,-124.53,25.00
49.94,-124.53,25.00
48.59,-123.50,21.00
48.59,-123.50,21.00
48.59,-123.50,21.00
48.59,-123.50,21.00
48.59,-123.50,21.00
48.59,-123.50,21.00
48.59,-123.50,21.00
48.59,-123.50,21.00
49.67,-130.11,96.37
49.64,-130.04,326.82
49.64,-130.04,342.74
49.64,-130.03,392.60
49.63,-130.02,274.03
49.63,-130.02,291.62
49.63,-130.01,343.58
49.63,-130.01,320.54
49.62,-129.99,267.74
49.62,-129.99,188.13
49.67,-130.10,49.44
49.62,-129.98,81.29
49.61,-129.98,236.32
49.61,-129.98,366.63
49.61,-129.97,193.58
49.61,-129.97,100.14
49.61,-129.96,124.02
49.60,-129.96,272.35
49.60,-129.95,382.55
49.60,-129.95,389.67
49.67,-130.09,151.68
49.66,-130.08,160.06
49.66,-130.07,105.59
49.65,-130.06,533.39
49.65,-130.05,280.73
49.89,-128.30,71.23
50.26,-128.82,58.66
50.48,-129.53,79.61
50.18,-129.38,87.99
50.45,-129.81,104.75
50.90,-130.87,129.89
48.46,-128.68,347.77
48.46,-128.62,457.55
48.46,-128.61,1358.82
48.46,-128.58,395.96
48.46,-128.58,155.03
48.46,-128.57,333.11
48.46,-128.55,145.39
48.46,-128.55,155.03
48.46,-128.54,133.66
48.46,-128.53,232.96
48.46,-128.67,169.70
48.46,-128.51,173.47
48.46,-128.50,334.36
48.46,-128.49,389.25
48.46,-128.49,136.59
48.46,-128.48,144.56
48.46,-128.48,154.19
48.46,-128.47,183.94
48.47,-128.47,183.94
48.46,-128.66,185.20
48.47,-128.46,338.13
48.46,-128.66,376.68
48.46,-128.65,229.19
48.46,-128.65,526.26
48.46,-128.64,511.60
48.46,-128.63,209.08
48.46,-128.63,303.36
50.68,-131.01,16.34
50.73,-131.12,24.72
50.73,-131.11,23.46
50.73,-131.09,40.64
50.73,-131.08,64.95
50.47,-130.28,243.44
50.47,-130.27,146.65
50.48,-130.26,152.94
50.14,-130.45,440.37
50.11,-130.40,269.42
50.13,-130.45,724.03
50.13,-130.44,386.32
50.13,-130.44,739.95
50.13,-130.44,704.34
50.12,-130.42,381.71
50.12,-130.42,258.10
50.11,-130.41,217.88
51.27,-131.01,196.93
51.61,-130.85,171.79
51.38,-130.76,205.31
51.50,-130.61,159.22
51.23,-130.54,347.77
53.50,-130.61,159.00
52.34,-130.61,50.00
51.92,-129.97,45.00
52.41,-130.79,59.00
51.59,-129.35,47.00
51.58,-130.29,84.00
51.51,-130.34,95.00
51.58,-130.35,75.00
51.54,-130.29,91.00
51.53,-130.27,85.00
51.55,-130.19,84.00
51.44,-130.43,71.00
51.42,-130.22,108.00
51.38,-130.12,83.00
53.56,-131.43,60.00
52.79,-130.97,78.00
52.76,-132.05,47.00
52.76,-132.05,43.00
53.32,-131.34,69.00
44.44,-122.12,113.00
44.44,-122.12,113.00
45.12,-122.16,95.00
44.55,-122.03,82.00
44.56,-122.03,109.00
44.90,-122.01,109.00
49.33,-119.63,77.93
49.33,-119.63,77.93
49.33,-119.63,77.93
48.02,-129.20,25.00
48.02,-129.20,204.00
48.02,-129.20,202.00
48.02,-129.20,348.00
48.02,-129.20,355.00
48.01,-129.16,335.00
48.01,-129.16,383.00
48.01,-129.16,1675.00
48.00,-129.15,302.00
48.00,-129.15,354.00
48.00,-129.15,314.00
48.00,-129.15,177.00
48.00,-129.15,115.00
48.00,-129.15,225.00
47.99,-129.26,252.00
47.99,-129.26,797.00
47.99,-129.26,363.00
47.99,-129.26,239.00
48.00,-129.30,270.00
48.00,-129.30,442.00
48.00,-129.30,516.00
48.05,-129.38,179.00
48.05,-129.38,337.00
48.01,-129.16,705.00
47.95,-129.10,1789.80
47.95,-129.10,42.40
47.95,-129.10,53.00
47.95,-129.10,95.30
47.95,-129.10,275.40
47.95,-129.10,16244.80
47.95,-129.10,262.10
47.95,-129.10,217.10
47.95,-129.09,264.80
47.95,-129.10,211.80
47.95,-129.09,206.50
47.95,-129.10,502.00
47.95,-129.10,95.30
47.95,-129.09,57.20
47.95,-129.09,-38.10
47.95,-129.10,-6.40
47.95,-129.08,688.40
47.95,-129.10,-31.80
47.95,-129.10,1563.20
47.95,-129.10,-42.40
47.95,-129.10,180.00
47.95,-129.10,145.10
47.95,-129.10,116.50
47.95,-129.09,116.50
47.95,-129.09,-63.50
47.95,-129.10,195.90
47.95,-129.10,95.30
47.95,-129.10,995.50
47.95,-129.10,243.60
47.95,-129.10,6576.70
47.95,-129.10,95.30
47.95,-129.09,-169.40
47.95,-129.09,201.20
47.95,-129.10,699.00
47.95,-129.10,243.60
47.95,-129.10,148.30
47.95,-129.10,5422.40
47.95,-129.10,116.50
47.95,-129.09,-10.60
47.95,-129.09,-182.20
47.95,-129.10,10.60
47.95,-129.10,-53.00
46.52,-129.58,2250.00
46.52,-129.58,245.00
46.53,-129.58,3.00
46.53,-129.58,16.00
46.53,-129.57,8.00
46.53,-129.57,18.00
46.31,-129.72,14.00
46.31,-129.71,14.00
46.31,-129.71,30.00
46.31,-129.72,22.00
42.68,-126.78,4511.00
42.68,-126.78,6950.00
37.86,-119.08,91.00
37.63,-119.08,156.00
37.49,-119.30,56.00
44.64,-125.07,140.00
44.65,-125.14,121.00
44.62,-125.06,116.00
44.66,-125.14,142.00
44.62,-125.06,62.00
44.66,-125.57,93.00
44.65,-125.57,103.00
44.64,-125.58,103.00
44.65,-125.58,106.00
44.65,-125.59,83.00
44.66,-125.60,117.00
44.66,-125.69,116.00
44.65,-125.72,106.00
44.65,-125.73,88.00
44.68,-125.66,55.00
44.51,-126.67,73.00
44.33,-127.43,155.00
45.33,-129.32,99.00
45.35,-129.18,103.00
45.36,-129.19,167.00
45.37,-129.19,164.00
45.37,-129.20,151.00
45.38,-129.15,106.00
45.38,-129.19,155.00
45.38,-129.19,159.00
45.38,-129.19,185.00
46.16,-129.20,302.00
44.67,-125.58,93.37
44.58,-127.30,151.99
44.81,-127.97,140.26
44.95,-128.39,118.91
45.10,-128.85,181.30
44.67,-125.58,110.12
44.84,-125.60,148.64
44.91,-124.61,45.22
44.97,-125.10,72.44
45.01,-125.15,65.32
44.86,-125.13,82.07
44.87,-125.28,87.09
44.82,-125.59,130.63
44.65,-125.58,123.52
39.06,-123.15,74.00
37.24,-122.07,89.00
38.10,-122.89,79.00
37.51,-122.21,77.00
40.02,-124.07,58.00
41.21,-119.06,107.00
40.88,-119.10,69.00
40.87,-119.17,85.00
41.08,-119.02,94.00
41.05,-119.02,422.00
41.02,-119.06,80.00
40.94,-119.10,56.00
40.91,-119.14,89.00
40.39,-121.54,131.00
40.36,-121.50,230.00
40.41,-121.45,84.00
40.75,-119.02,188.00
40.68,-119.36,370.00
40.65,-119.39,560.00
40.65,-119.35,58.00
40.66,-119.38,220.00
40.69,-119.35,42.00
40.78,-119.34,500.00
40.65,-119.37,334.00
40.66,-119.37,1842.00
40.66,-119.37,9999.00
38.72,-123.35,90.00
38.72,-123.35,90.00
37.12,-122.15,67.00
40.88,-123.98,49.00
38.99,-123.35,53.00
38.99,-123.35,53.00
38.77,-122.97,146.00
38.77,-122.97,146.00
38.88,-121.90,33.00
39.84,-123.17,58.00
37.80,-121.94,53.00
37.80,-121.94,53.00
37.51,-122.13,84.00
37.51,-122.13,84.00
40.73,-124.21,34.00
40.73,-124.21,34.00
40.14,-124.00,43.00
38.58,-122.65,53.00
38.58,-122.65,53.00
40.22,-123.64,60.00
40.09,-123.80,43.00
38.80,-122.83,418.00
38.80,-122.83,418.00
40.55,-124.18,54.00
40.55,-124.18,54.00
38.84,-122.20,37.00
40.24,-124.13,75.00
40.24,-124.13,75.00
40.14,-123.41,50.00
40.74,-124.21,38.00
39.73,-123.50,59.00
39.73,-123.50,59.00
39.95,-123.35,27.00
39.95,-123.35,27.00
37.74,-121.75,63.00
37.74,-121.75,63.00
40.56,-124.35,34.00
38.09,-122.75,76.00
38.09,-122.75,76.00
39.41,-123.75,75.00
37.05,-121.24,79.00
37.06,-121.18,68.00
37.03,-121.31,84.00
37.03,-121.31,84.00
37.03,-121.31,88.00
37.03,-121.31,88.00
37.05,-121.21,87.00
37.05,-121.21,87.00
37.05,-121.19,66.00
37.05,-121.19,66.00
37.04,-121.25,89.00
37.04,-121.25,89.00
37.25,-122.40,105.00
40.32,-124.28,76.00
39.34,-123.10,75.00
38.93,-123.71,60.00
38.10,-122.89,79.00
37.51,-122.21,77.00
38.70,-123.42,92.00
40.02,-124.07,58.00
39.06,-123.15,74.00
37.24,-122.07,89.00
44.68,-125.29,79.00
44.66,-125.27,81.00
44.66,-125.27,93.00
44.66,-125.26,77.00
44.66,-125.25,81.00
44.66,-125.36,70.00
44.66,-125.35,30.00
44.66,-125.35,32.00
44.66,-125.35,33.00
44.65,-125.35,42.00
45.00,-125.30,60.00
45.01,-125.30,60.00
45.00,-125.31,102.00
45.00,-125.32,84.00
44.99,-125.32,85.00
44.99,-125.33,88.00
44.94,-125.37,72.00
44.94,-125.36,124.00
44.93,-125.35,72.00
47.06,-125.89,100.00
47.06,-125.89,99.00
47.07,-125.90,93.00
47.07,-125.90,88.00
47.07,-125.91,88.00
47.08,-125.90,89.00
47.07,-125.91,83.00
47.08,-125.91,75.00
47.08,-125.92,83.00
47.08,-125.94,109.00
47.08,-125.94,67.00
46.97,-125.93,104.00
46.98,-125.94,90.00
46.97,-125.99,100.00
46.97,-125.98,111.00
46.97,-125.98,96.00
46.98,-125.97,89.00
46.98,-125.96,75.00
46.98,-125.95,81.00
46.98,-125.94,78.00
46.98,-125.94,82.00
46.99,-125.97,87.00
47.00,-125.96,89.00
46.99,-125.96,82.00
46.99,-125.94,83.00
46.99,-125.95,97.00
50.55,-131.62,91.00
47.90,-127.20,161.00
47.15,-130.12,189.00
47.90,-127.65,304.00
44.65,-125.14,94.00
44.65,-125.07,41.00
44.65,-125.06,42.00
44.65,-125.02,79.00
44.65,-124.97,77.00
47.23,-126.15,26.00
47.23,-126.15,27.00
47.24,-126.14,21.00
47.29,-126.08,99.00
47.30,-126.09,101.00
47.30,-126.09,108.00
47.30,-126.09,77.00
47.29,-126.11,93.00
47.28,-126.12,96.00
47.28,-126.12,99.00
47.28,-126.13,104.00
47.27,-126.14,159.00
47.27,-126.14,142.00
47.27,-126.15,141.00
47.27,-126.15,156.00
47.25,-126.17,138.00
47.44,-126.38,106.00
47.44,-126.38,108.00
47.44,-126.38,112.00
47.45,-126.36,109.00
47.45,-126.36,118.00
47.46,-126.33,102.00
47.46,-126.29,124.00
47.46,-126.29,108.00
47.46,-126.26,114.00
47.46,-126.22,122.00
47.46,-126.22,117.00
47.46,-126.22,89.00
47.46,-126.19,118.00
47.46,-126.18,139.00
47.46,-126.16,57.00
44.95,-125.20,71.00
44.95,-125.22,61.00
44.95,-125.23,55.00
44.95,-125.25,28.00
44.95,-125.41,89.00
44.95,-125.37,95.00
44.95,-125.37,99.00
44.95,-125.37,102.00
44.95,-125.37,104.00
44.95,-125.38,113.00
44.95,-125.40,110.00
44.95,-125.42,125.00
44.93,-125.27,125.00
44.93,-125.27,202.00
44.95,-125.47,122.00
44.95,-125.52,152.00
44.95,-125.52,139.00
44.95,-125.58,165.00
44.95,-125.64,113.00
44.65,-125.27,65.00
44.65,-125.30,70.00
44.65,-125.30,73.00
44.65,-125.32,62.00
44.65,-125.32,52.00
44.65,-125.34,105.00
44.65,-125.37,32.00
44.65,-125.40,101.00
44.65,-125.47,94.00
49.33,-119.63,67.00
49.36,-119.69,74.00
49.37,-119.77,109.00
49.37,-119.76,76.00
49.37,-119.65,69.00
50.58,-123.46,120.00
50.57,-123.47,100.00
50.57,-123.49,290.00
50.57,-123.50,930.00
50.57,-123.51,450.00
50.66,-120.51,84.00
50.77,-122.80,80.00
49.61,-123.15,84.00
49.61,-123.16,56.00
49.61,-123.17,73.00
49.61,-123.17,74.00
49.61,-123.16,68.00
49.61,-123.16,71.00
50.47,-120.97,72.00
50.48,-120.97,72.00
50.48,-120.97,72.00
50.48,-120.97,72.00
51.52,-119.81,101.00
51.52,-119.81,119.00
51.52,-119.81,110.00
49.51,-121.29,63.00
49.51,-123.37,31.00
50.65,-120.48,85.00
50.61,-127.48,65.00
50.69,-123.51,680.00
50.67,-123.54,262.00
50.68,-123.52,322.00
50.66,-123.53,307.00
50.68,-123.48,272.00
50.63,-123.42,284.00
50.65,-123.56,227.00
50.68,-123.56,176.00
50.64,-120.46,55.00
50.57,-123.48,185.00
50.54,-123.48,148.00
50.56,-123.46,146.00
50.57,-123.50,1660.00
50.57,-123.52,2530.00
50.57,-123.54,309.00
50.52,-123.50,120.00
50.90,-121.41,67.00
50.91,-121.41,81.00
50.91,-121.41,74.00
52.64,-121.56,62.00
52.63,-121.56,70.00
52.63,-121.56,66.00
49.58,-125.61,36.00
49.57,-125.59,41.00
49.58,-125.61,38.00
50.43,-122.84,41.00
49.32,-121.93,50.00
50.08,-123.21,114.00
49.81,-125.15,38.00
50.09,-124.81,32.00
50.16,-123.40,77.00
50.13,-123.45,102.00
50.20,-123.54,107.00
50.19,-123.53,96.00
50.18,-123.53,66.00
50.29,-124.66,26.00
50.27,-124.64,27.00
50.20,-124.64,43.00
50.24,-124.63,32.00
50.02,-123.90,43.00
50.08,-123.78,54.00
50.18,-123.94,68.00
50.16,-123.89,77.00
50.14,-123.84,72.00
49.85,-123.90,29.00
49.85,-123.90,33.00
49.81,-123.93,40.00
49.79,-124.04,27.00
49.79,-124.04,24.00
50.06,-123.82,75.00
50.04,-123.85,53.00
50.04,-123.86,40.00
50.01,-123.94,38.00
49.97,-123.99,44.00
50.00,-123.98,24.00
50.63,-123.40,180.00
50.58,-123.28,139.00
50.09,-123.32,182.00
50.07,-123.33,148.00
48.87,-123.79,31.00
48.88,-123.79,29.00
48.88,-123.78,41.00
48.88,-123.78,32.00
48.88,-123.79,42.00
49.10,-123.86,38.00
49.10,-123.86,52.00
49.39,-124.95,43.00
50.46,-123.13,79.00
50.46,-123.17,77.00
50.45,-123.20,97.00
48.65,-123.45,34.00
48.64,-123.50,19.00
50.11,-123.27,329.00
50.72,-123.67,159.00
50.12,-123.39,112.00
50.11,-123.37,148.00
49.15,-124.66,48.00
49.16,-124.67,54.00
49.17,-124.67,48.00
49.78,-125.30,39.00
49.76,-124.54,42.00
49.71,-124.53,18.00
49.75,-124.55,36.00
49.76,-124.55,35.00
49.71,-124.54,27.00
49.71,-124.54,23.00
49.71,-124.53,35.00
50.58,-123.28,80.00
50.63,-123.37,132.00
50.12,-123.39,69.00
50.11,-123.37,89.00
51.97,-121.17,63.00
51.96,-121.16,64.00
51.83,-121.15,71.00
51.82,-121.15,58.00
51.82,-121.14,60.00
52.00,-120.95,62.00
52.00,-120.96,49.00
52.00,-120.80,63.00
52.00,-120.81,65.00
52.01,-120.83,57.00
49.76,-124.55,33.00
49.76,-124.55,33.00
49.75,-124.54,21.00
49.71,-124.53,8.00
49.75,-124.54,33.00
47.14,-132.33,8.00
46.99,-131.81,25.00
46.97,-131.96,33.00
46.93,-131.95,31.00
47.08,-131.89,28.00
47.15,-131.20,37.00
47.05,-131.50,24.00
46.92,-129.35,169.00
47.99,-129.45,89.00
46.97,-129.77,36.00
47.00,-130.10,456.00
47.03,-131.17,10.00
47.17,-131.73,22.00
47.08,-131.88,31.00
47.99,-129.45,89.00
47.08,-131.88,31.00
50.25,-130.30,63.00
50.35,-130.11,704.00
50.77,-130.61,201.00
50.66,-130.55,168.00
49.98,-129.54,159.00
50.03,-129.72,352.00
50.07,-129.77,54.00
50.13,-129.83,80.00
50.13,-130.03,276.00
50.22,-130.15,197.00
47.14,-132.33,8.00
46.99,-131.81,25.00
46.97,-131.96,33.00
46.93,-131.95,31.00
47.08,-131.89,28.00
47.15,-131.20,37.00
47.05,-131.50,24.00
46.92,-129.35,169.00
47.99,-129.45,89.00
46.97,-129.77,36.00
47.00,-130.10,456.00
47.03,-131.17,10.00
47.17,-131.73,22.00
47.08,-131.88,31.00
47.03,-130.78,396.00
47.03,-130.36,142.00
47.02,-130.29,142.00
47.02,-130.08,251.00
47.02,-129.75,109.00
47.05,-129.92,209.00
46.98,-129.10,440.00
46.98,-129.01,188.00
46.98,-128.91,301.00
47.02,-128.77,281.00
47.00,-128.62,394.00
47.00,-128.50,188.00
54.94,-121.54,45.00
54.94,-121.10,48.00
54.67,-121.10,50.00
54.94,-120.66,44.00
54.94,-120.22,49.00
54.90,-119.90,68.00
54.63,-119.88,60.00
54.37,-119.87,63.00
54.90,-119.60,64.00
54.63,-119.58,59.00
54.37,-119.57,56.00
54.90,-119.14,65.00
54.63,-119.13,60.00
54.37,-119.12,55.00
40.92,-119.08,64.00
40.79,-119.34,900.00
40.85,-119.33,250.00
40.87,-119.31,128.00
41.74,-121.87,7.00
41.73,-121.67,14.00
41.00,-120.89,97.00
40.21,-120.25,112.00
41.20,-121.14,20.00
41.27,-122.61,36.00
41.81,-122.01,17.00
41.83,-121.25,66.00
40.73,-120.31,107.00
41.58,-122.88,38.00
41.57,-122.89,14.00
41.57,-122.88,17.00
41.61,-122.53,76.00
41.56,-122.53,28.00
41.43,-122.50,38.00
41.89,-122.40,10.00
41.90,-122.48,23.00
41.73,-120.38,7.00
41.64,-120.40,97.00
40.75,-119.02,188.00
41.55,-122.26,59.00
40.70,-119.35,25.00
40.68,-119.36,370.00
40.88,-119.34,328.00
40.87,-119.33,500.00
40.65,-119.39,560.00
40.65,-119.35,58.00
40.65,-119.37,320.00
40.66,-119.38,220.00
40.65,-119.39,424.00
40.64,-119.41,77.00
40.69,-119.35,42.00
40.78,-119.34,500.00
40.65,-119.37,334.00
40.67,-119.37,1272.00
40.66,-119.37,1842.00
40.66,-119.36,150.00
40.66,-119.37,9999.00
41.21,-119.06,107.00
40.88,-119.10,69.00
40.87,-119.17,85.00
41.13,-119.00,516.00
41.08,-119.02,94.00
41.05,-119.02,422.00
41.05,-119.02,317.00
41.05,-119.02,330.00
41.05,-119.02,249.00
40.99,-119.10,85.00
41.02,-119.06,80.00
40.94,-119.10,56.00
40.91,-119.14,89.00
40.39,-121.54,131.00
40.35,-121.55,71.00
40.34,-121.45,64.00
40.36,-121.50,230.00
40.41,-121.45,84.00
40.17,-121.51,46.00
40.37,-120.95,92.00
42.02,-123.84,46.00
39.85,-120.47,63.00
42.49,-123.38,35.00
41.86,-123.37,41.00
40.51,-122.61,38.00
40.51,-122.61,41.00
40.51,-122.61,40.00
41.47,-121.42,40.00
41.68,-121.12,55.00
41.65,-121.12,82.00
41.65,-121.18,77.00
41.61,-121.21,32.00
41.70,-121.34,302.00
41.57,-121.35,81.00
41.65,-121.06,64.00
41.56,-121.12,146.00
41.81,-122.01,15.00
41.69,-121.88,25.00
41.74,-121.87,7.00
41.73,-121.67,14.00
41.59,-121.96,12.00
41.00,-120.89,97.00
40.21,-120.25,112.00
41.47,-120.18,89.00
41.20,-121.14,20.00
41.15,-121.06,184.00
41.27,-122.61,36.00
41.81,-122.01,17.00
41.83,-121.25,66.00
40.73,-120.31,107.00
41.58,-122.88,38.00
41.57,-122.89,14.00
41.57,-122.88,17.00
41.61,-122.53,76.00
41.56,-122.53,28.00
41.43,-122.50,38.00
41.82,-122.44,41.00
41.67,-122.43,53.00
41.89,-122.40,10.00
41.96,-122.33,74.00
41.98,-122.32,71.00
41.90,-122.48,23.00
41.90,-122.53,10.00
41.95,-122.00,141.00
41.73,-120.38,7.00
41.64,-120.40,97.00
40.52,-120.68,46.00
41.55,-122.26,59.00
42.14,-122.73,41.00
44.67,-125.58,93.37
44.58,-127.30,151.99
44.81,-127.97,140.26
44.95,-128.39,118.91
45.10,-128.85,181.30
44.67,-125.58,110.12
44.84,-125.60,148.64
44.91,-124.61,45.22
44.84,-124.72,0.00
44.97,-125.10,72.44
45.01,-125.15,65.32
44.86,-125.13,82.07
44.87,-125.28,87.09
44.82,-125.59,130.63
44.65,-125.58,123.52
38.97,-119.27,65.00
46.77,-128.36,68.00
46.77,-128.30,113.00
46.76,-128.29,88.00
46.76,-128.28,97.00
46.76,-128.26,50.00
46.75,-128.26,47.00
46.75,-128.25,91.00
46.73,-128.23,68.00
46.77,-128.35,55.00
46.77,-128.35,43.00
46.77,-128.34,62.00
46.62,-127.83,104.00
46.62,-127.83,127.00
46.62,-127.83,123.00
46.62,-127.78,124.00
46.62,-127.78,117.00
46.62,-127.78,134.00
46.62,-127.78,165.00
46.62,-127.78,171.00
46.48,-127.25,159.00
46.46,-127.20,131.00
46.46,-127.19,141.00
46.46,-127.19,167.00
46.45,-127.18,161.00
46.46,-127.18,131.00
46.46,-127.16,165.00
46.45,-127.16,161.00
46.45,-127.14,164.00
46.48,-127.25,174.00
46.45,-127.13,187.00
46.45,-127.13,170.00
46.45,-127.12,189.00
46.44,-127.10,174.00
46.47,-127.24,143.00
46.47,-127.23,142.00
46.47,-127.23,153.00
46.46,-127.22,158.00
46.46,-127.21,167.00
46.32,-126.62,119.00
46.32,-126.62,106.00
46.32,-126.62,130.00
46.32,-126.62,143.00
46.32,-126.62,119.00
46.32,-126.62,117.00
46.32,-126.62,126.00
46.32,-126.62,139.00
46.32,-126.62,130.00
46.32,-126.62,133.00
46.32,-126.62,124.00
46.32,-126.62,144.00
46.32,-126.62,149.00
46.32,-126.62,146.00
46.32,-126.62,139.00
46.32,-126.62,156.00
46.32,-126.62,165.00
46.32,-126.62,144.00
46.32,-126.62,158.00
46.32,-126.62,135.00
46.32,-126.62,129.00
46.32,-126.62,167.00
46.32,-126.62,162.00
46.32,-126.62,144.00
46.32,-126.62,143.00
46.32,-126.62,146.00
46.32,-126.62,137.00
46.32,-126.62,116.00
46.32,-126.62,126.00
46.32,-126.62,113.00
46.32,-126.62,119.00
46.32,-126.62,124.00
46.32,-126.62,149.00
46.32,-126.62,128.00
46.32,-126.62,125.00
46.32,-126.62,145.00
46.32,-126.62,126.00
46.32,-126.62,130.00
46.17,-125.95,121.00
46.17,-125.95,122.00
46.17,-125.95,131.00
46.18,-125.90,123.00
46.18,-125.90,110.00
46.08,-125.60,56.00
46.08,-125.60,81.00
46.08,-125.60,79.00
46.08,-125.60,83.00
46.08,-125.60,82.00
46.08,-125.60,79.00
46.08,-125.60,85.00
46.08,-125.60,74.00
46.08,-125.60,77.00
46.08,-125.60,71.00
46.08,-125.60,74.00
46.08,-125.60,84.00
46.08,-125.60,79.00
46.08,-125.60,78.00
46.08,-125.60,79.00
46.08,-125.60,80.00
46.08,-125.60,79.00
46.87,-128.70,214.00
46.87,-128.70,118.00
46.87,-128.70,284.00
46.87,-128.70,243.00
46.87,-128.70,252.00
46.87,-128.70,267.00
46.87,-128.70,156.00
47.15,-129.73,149.00
47.15,-129.73,213.00
47.15,-129.73,99.00
47.15,-129.73,65.00
47.15,-129.73,78.00
47.15,-129.73,189.00
47.15,-129.73,178.00
47.15,-129.73,131.00
47.15,-129.73,88.00
47.15,-129.73,181.00
47.15,-129.73,180.00
47.15,-129.73,125.00
47.15,-129.73,139.00
47.15,-129.73,79.00
47.15,-129.73,113.00
46.82,-128.50,213.00
46.82,-128.50,199.00
46.82,-128.50,224.00
46.82,-128.50,173.00
46.82,-128.50,170.00
46.80,-128.40,95.00
46.80,-128.40,112.00
46.80,-128.40,88.00
46.80,-128.40,90.00
43.89,-122.21,115.00
43.88,-122.37,91.00
43.88,-122.07,91.00
43.59,-122.23,100.00
44.08,-122.23,159.00
43.80,-122.31,68.00
44.11,-122.23,83.00
46.77,-125.92,125.00
46.77,-125.92,125.00
46.76,-126.04,119.00
46.76,-126.04,119.00
46.76,-126.05,115.00
46.76,-126.05,115.00
46.77,-125.94,125.00
46.77,-125.94,125.00
46.77,-125.95,122.00
46.77,-125.95,122.00
46.76,-125.96,115.00
46.76,-125.96,115.00
46.76,-125.98,116.00
46.76,-125.98,116.00
46.76,-125.98,115.00
46.76,-125.98,115.00
46.76,-125.98,111.00
46.76,-125.98,111.00
46.76,-126.04,122.00
46.76,-126.04,122.00
46.74,-126.23,327.00
46.74,-126.23,327.00
46.74,-126.22,189.00
46.74,-126.22,189.00
46.74,-126.20,112.00
46.74,-126.20,112.00
46.74,-126.19,132.00
46.74,-126.19,132.00
46.74,-126.18,122.00
46.74,-126.18,122.00
46.75,-126.16,134.00
46.75,-126.16,134.00
46.74,-126.18,125.00
46.74,-126.18,125.00
46.74,-126.20,141.00
46.74,-126.20,141.00
46.74,-126.21,159.00
46.74,-126.21,159.00
46.74,-126.21,166.00
46.74,-126.21,166.00
46.74,-126.22,265.00
46.74,-126.22,265.00
46.74,-126.24,443.00
46.74,-126.24,443.00
46.74,-126.24,457.00
46.74,-126.24,457.00
46.74,-126.25,418.00
46.74,-126.25,418.00
45.43,-125.73,622.00
45.43,-125.73,622.00
45.43,-125.75,961.00
45.43,-125.75,961.00
45.43,-125.76,815.00
45.43,-125.76,815.00
45.43,-125.77,335.00
45.43,-125.77,335.00
45.43,-125.79,316.00
45.43,-125.79,316.00
45.42,-125.80,244.00
45.42,-125.80,244.00
45.42,-125.82,161.00
45.42,-125.82,161.00
45.43,-125.64,107.00
45.43,-125.64,107.00
45.43,-125.67,161.00
45.43,-125.67,161.00
45.43,-125.70,190.00
45.43,-125.70,190.00
45.43,-125.71,104.00
45.43,-125.71,104.00
45.43,-125.72,332.00
45.43,-125.72,332.00
45.36,-125.67,149.00
45.36,-125.67,149.00
45.48,-125.71,132.00
45.48,-125.71,132.00
45.50,-125.72,119.00
45.50,-125.72,119.00
45.37,-125.68,122.00
45.37,-125.68,122.00
45.45,-125.70,206.00
45.45,-125.70,206.00
45.47,-125.71,165.00
45.47,-125.71,165.00
46.68,-126.14,119.00
46.68,-126.14,119.00
46.68,-126.15,121.00
46.68,-126.15,121.00
46.68,-126.16,133.00
46.68,-126.16,133.00
46.67,-126.18,124.00
46.67,-126.18,124.00
46.67,-126.19,133.00
46.67,-126.19,133.00
46.67,-126.20,135.00
46.67,-126.20,135.00
41.68,-124.93,56.00
41.00,-126.43,167.00
39.09,-127.78,46.00
40.08,-125.34,82.00
47.92,-128.80,75.00
47.91,-128.75,129.00
47.89,-128.65,434.00
47.77,-127.77,298.00
47.77,-127.77,382.00
47.76,-127.74,109.00
47.86,-128.51,464.00
47.84,-128.38,350.00
47.89,-128.58,889.00
47.79,-128.13,296.00
48.43,-128.68,1160.00
48.43,-128.68,1968.00
48.46,-128.71,4268.00
40.95,-127.52,180.00
41.00,-127.49,2726.00
48.44,-128.60,418.00
48.44,-128.70,748.00
48.44,-128.70,2061.00
48.44,-128.70,746.00
48.44,-128.70,879.00
48.46,-128.70,1866.00
48.46,-128.70,13161.00
48.46,-128.70,4104.00
48.17,-126.70,120.00
48.70,-126.90,75.00
48.66,-126.90,26.00
44.67,-125.10,78.00
38.83,-121.17,25.00
45.68,-120.12,50.00
38.98,-120.32,52.00
38.55,-120.57,30.00
39.70,-122.88,66.00
46.58,-119.52,63.00
46.35,-119.27,52.00
39.43,-123.73,83.00
39.38,-119.63,115.00
37.32,-122.12,92.00
46.43,-119.78,59.00
46.43,-119.78,57.00
37.10,-119.73,25.00
37.17,-120.07,18.00
37.45,-122.03,84.00
37.80,-121.58,40.00
42.10,-119.92,104.00
42.17,-119.86,75.00
39.47,-119.63,87.00
39.57,-123.12,75.00
38.93,-119.07,77.00
38.92,-119.07,75.00
42.23,-121.76,53.00
42.15,-121.68,58.00
42.03,-121.59,54.00
42.06,-121.62,41.00
42.23,-121.76,715.00
38.87,-120.65,44.00
42.09,-121.70,58.00
42.17,-121.65,33.00
42.20,-121.74,129.00
42.15,-121.70,66.00
42.09,-121.90,12.00
42.15,-121.68,62.00
42.00,-121.70,66.00
42.19,-121.80,167.00
38.85,-119.75,47.00
42.19,-121.71,104.00
42.18,-121.70,37.00
42.13,-121.74,62.00
42.19,-121.77,8.00
42.19,-121.78,121.00
42.17,-121.68,20.00
42.06,-121.76,54.00
42.06,-121.60,92.00
42.01,-121.82,12.00
38.83,-121.17,25.00
38.98,-120.32,52.00
42.17,-121.62,301.00
42.03,-121.75,60.00
42.02,-121.69,96.00
38.55,-120.57,30.00
42.24,-121.78,97.00
42.25,-121.78,121.00
42.13,-121.80,37.00
42.01,-121.63,83.00
38.97,-119.27,65.00
46.54,-122.82,37.00
46.54,-122.84,35.00
42.07,-121.80,33.00
42.11,-121.69,138.00
42.11,-121.87,108.00
42.20,-121.73,125.00
38.83,-120.25,34.00
47.95,-129.10,26.00
47.95,-129.08,438.00
47.95,-129.10,1986.00
47.95,-129.10,198.00
47.95,-129.10,17.00
47.95,-129.09,66.00
47.95,-129.10,6102.00
47.95,-129.10,646.00
47.95,-129.10,28.00
47.95,-129.10,235.00
47.95,-129.10,2431.00
47.95,-129.10,174.00
47.95,-129.10,13216.00
47.95,-129.10,11398.00
47.95,-129.10,39.00
47.95,-129.09,101.00
47.95,-129.09,167.00
47.95,-129.10,155.00
47.96,-129.10,1471.00
47.96,-129.10,131.00
47.96,-129.10,77.00
47.96,-129.09,39.00
47.96,-129.09,33.00
47.95,-129.09,198.00
47.95,-129.10,1703.00
47.96,-129.09,10061.00
47.96,-129.10,72.00
47.96,-129.10,137.00
47.96,-129.10,12967.00
47.96,-129.09,3894.00
47.96,-129.09,66.00
47.96,-129.09,22.00
47.95,-129.09,904.00
47.95,-129.09,2083.00
47.96,-129.10,217.00
47.96,-129.10,14417.00
47.96,-129.10,55.00
47.96,-129.09,6.00
47.95,-129.10,28.00
47.95,-129.10,89.00
47.95,-129.09,490.00
47.95,-129.09,5629.00
47.95,-129.09,149.00
47.95,-129.09,66.00
47.96,-129.10,7765.00
47.95,-129.10,242.00
47.95,-129.09,-6.00
47.95,-129.09,4841.00
47.96,-129.09,137.00
47.96,-129.10,4797.00
47.96,-129.09,6.00
47.95,-129.09,10882.00
47.95,-129.09,137.00
47.95,-129.09,17.00
47.95,-129.10,161.00
47.95,-129.09,425.00
47.95,-129.09,745.00
47.95,-129.09,2718.00
47.95,-129.10,125.00
47.95,-129.10,61.00
47.95,-129.10,61.00
47.95,-129.09,432.00
47.95,-129.09,542.00
47.95,-129.09,2000.00
47.95,-129.09,33.00
47.96,-129.09,393.00
47.95,-129.09,2543.00
47.95,-129.10,66.00
47.95,-129.09,167.00
47.96,-129.10,101.00
47.96,-129.10,1944.00
47.96,-129.10,745.00
47.96,-129.09,712.00
47.96,-129.09,39.00
47.96,-129.09,33.00
47.95,-129.10,304.00
47.95,-129.10,666.00
47.95,-129.09,1745.00
47.95,-129.09,4173.00
47.95,-129.09,33.00
47.95,-129.09,17.00
47.96,-129.10,904.00
47.95,-129.10,77.00
47.96,-129.10,30468.00
47.96,-129.10,2922.00
47.96,-129.10,12726.00
47.95,-129.10,438.00
47.95,-129.09,167.00
47.96,-129.09,22.00
47.95,-129.10,1334.00
47.95,-129.10,180.00
47.95,-129.09,1498.00
47.96,-129.10,4223.00
47.96,-129.09,61.00
47.95,-129.09,438.00
47.96,-129.10,101.00
47.96,-129.10,50.00
47.96,-129.09,125.00
47.96,-129.09,490.00
47.96,-129.10,3758.00
47.96,-129.10,11.00
47.96,-129.10,613.00
47.95,-129.10,3965.00
47.95,-129.09,11.00
47.95,-129.09,39.00
47.95,-129.09,1827.00
47.95,-129.10,13789.00
47.95,-129.10,22.00
47.95,-129.10,1145.00
47.95,-129.09,12283.00
47.95,-129.09,2034.00
47.96,-129.09,11.00
47.95,-129.10,336.00
47.96,-129.10,66.00
47.96,-129.10,406.00
47.96,-129.10,72.00
47.96,-129.09,39.00
47.96,-129.09,77.00
47.96,-129.10,10083.00
47.96,-129.10,217.00
47.96,-129.10,804.00
47.96,-129.09,180.00
42.20,-119.85,75.00
42.10,-119.92,104.00
42.17,-119.86,75.00
38.88,-121.05,29.00
37.87,-122.25,83.00
39.70,-122.88,66.00
46.58,-119.52,63.00
46.35,-119.27,52.00
46.35,-119.27,41.00
46.35,-119.27,47.00
39.70,-122.80,48.00
39.43,-123.73,83.00
37.10,-119.38,32.00
39.38,-119.63,115.00
37.45,-122.17,91.00
40.23,-120.80,79.00
37.32,-122.12,92.00
38.88,-119.58,96.00
46.54,-122.84,35.00
46.43,-119.78,59.00
46.43,-119.78,57.00
37.10,-119.73,25.00
39.40,-120.88,28.00
37.48,-122.13,94.00
37.17,-120.07,18.00
39.25,-119.67,82.00
46.53,-122.81,32.00
46.54,-122.82,37.00
46.53,-122.81,35.00
37.45,-122.03,84.00
37.80,-121.58,40.00
39.30,-119.65,292.00
46.42,-119.59,56.00
39.47,-119.63,87.00
39.57,-123.12,75.00
38.93,-119.07,77.00
38.93,-119.07,77.00
45.98,-121.62,74.00
46.10,-121.70,66.00
46.00,-121.89,61.00
45.41,-121.82,100.00
45.37,-121.82,98.00
45.39,-121.81,133.00
45.39,-121.86,87.00
45.34,-121.92,65.00
45.50,-121.56,91.00
45.28,-121.84,66.00
45.33,-121.71,371.00
45.30,-121.77,92.00
38.84,-121.84,26.00
39.46,-121.99,32.00
45.46,-121.65,56.00
45.42,-121.77,134.00
45.33,-121.66,153.00
42.97,-119.25,71.00
42.56,-119.04,62.00
42.56,-119.07,53.00
42.64,-119.09,44.00
42.70,-119.06,52.00
42.70,-119.12,46.00
43.38,-119.00,71.00
40.65,-119.36,125.00
40.85,-119.30,125.00
40.43,-119.23,89.00
39.82,-119.81,104.00
39.08,-119.63,85.00
39.84,-119.48,90.00
39.82,-119.91,23.00
41.58,-119.83,79.00
41.58,-119.75,71.00
41.66,-119.81,66.00
39.30,-119.77,104.00
40.93,-119.01,79.00
40.91,-119.09,62.00
40.73,-119.27,42.00
40.75,-119.24,42.00
40.83,-119.20,117.00
40.79,-119.19,75.00
40.85,-119.05,209.00
40.65,-119.35,650.00
40.71,-119.29,70.00
40.77,-119.25,65.00
40.77,-119.22,60.00
40.77,-119.18,89.00
40.82,-119.17,93.00
40.84,-119.14,107.00
40.80,-119.13,66.00
54.91,-132.13,76.00
54.91,-132.13,69.00
54.91,-132.13,82.00
54.78,-132.05,46.00
37.74,-122.10,83.00
37.54,-122.10,96.00
37.61,-121.97,80.00
37.62,-121.98,80.00
42.02,-123.84,46.00
42.49,-123.38,35.00
40.51,-122.61,41.00
41.68,-121.12,55.00
41.65,-121.12,82.00
41.70,-121.34,302.00
41.65,-121.06,64.00
41.56,-121.12,146.00
37.17,-127.60,56.00
39.42,-127.55,57.00
41.05,-130.12,41.00
45.36,-121.94,77.00
45.40,-121.81,113.00
45.40,-121.81,118.00
45.40,-121.81,128.00
45.32,-121.80,36.00
45.41,-121.82,100.00
45.37,-121.82,98.00
45.39,-121.81,100.00
45.39,-121.81,96.00
45.39,-121.81,96.00
45.39,-121.81,133.00
45.39,-121.86,87.00
45.28,-121.74,94.00
45.31,-121.83,61.00
45.34,-121.92,65.00
45.50,-121.56,91.00
45.28,-121.84,66.00
45.33,-121.71,371.00
45.39,-122.32,50.00
45.30,-121.77,92.00
45.30,-121.77,51.00
45.44,-121.72,41.00
45.44,-121.72,46.00
45.46,-121.65,38.00
45.46,-121.65,56.00
45.29,-121.71,72.00
45.42,-121.77,105.00
45.42,-121.77,133.00
45.42,-121.77,134.00
45.33,-121.66,153.00
45.33,-121.66,91.00
45.33,-121.66,138.00
45.32,-121.72,111.00
45.32,-121.72,120.00
45.31,-121.68,24.00
45.31,-121.68,114.00
48.46,-128.71,8210.00
48.46,-128.71,7660.00
48.46,-128.71,6040.00
48.46,-128.71,8840.00
48.46,-128.71,2770.00
48.46,-128.71,8020.00
48.46,-128.71,14070.00
48.46,-128.71,13540.00
48.46,-128.71,1500.00
48.46,-128.71,6170.00
48.45,-128.71,7000.00
48.46,-128.71,11780.00
48.43,-128.68,2090.00
48.43,-128.68,4080.00
48.43,-128.68,290.00
48.43,-128.68,2490.00
48.43,-128.68,2390.00
48.46,-128.71,6980.00
48.46,-128.71,14660.00
48.46,-128.71,8000.00
48.46,-128.71,9410.00
48.49,-128.71,10450.00
48.46,-128.71,5580.00
48.43,-128.68,3180.00
48.43,-128.68,1520.00
48.43,-128.68,2390.00
48.46,-128.70,1050.00
48.46,-128.71,920.00
48.46,-128.71,1090.00
48.46,-128.71,1370.00
48.46,-128.71,1570.00
48.46,-128.71,2260.00
48.46,-128.71,2910.00
48.46,-128.71,9310.00
48.46,-128.71,7750.00
48.46,-128.71,8320.00
48.46,-128.71,530.00
48.45,-128.71,4100.00
48.45,-128.71,1420.00
48.45,-128.71,1010.00
48.45,-128.71,890.00
48.45,-128.71,830.00
48.45,-128.71,940.00
48.45,-128.71,1150.00
48.45,-128.71,1310.00
48.45,-128.71,1910.00
48.45,-128.71,3130.00
48.46,-128.71,7530.00
48.46,-128.71,10310.00
48.45,-128.71,890.00
48.45,-128.71,950.00
48.45,-128.71,1050.00
48.45,-128.71,1320.00
48.45,-128.71,4310.00
48.46,-128.71,12950.00
48.46,-128.71,8750.00
48.46,-128.71,3800.00
48.46,-128.71,4240.00
48.46,-128.71,2770.00
48.46,-128.71,1630.00
48.46,-128.71,1620.00
48.46,-128.70,1080.00
48.46,-128.70,1030.00
48.46,-128.70,1020.00
48.45,-128.72,840.00
48.45,-128.71,930.00
48.46,-128.71,1530.00
48.46,-128.71,1230.00
48.45,-128.71,1390.00
48.46,-128.71,1310.00
48.45,-128.71,2520.00
48.46,-128.71,2060.00
48.46,-128.71,33920.00
48.46,-128.71,2060.00
48.45,-128.70,1420.00
48.46,-128.71,3210.00
48.45,-128.70,1540.00
48.46,-128.71,3240.00
48.46,-128.71,2330.00
48.46,-128.71,7400.00
48.46,-128.71,3070.00
48.46,-128.71,3480.00
48.46,-128.71,3070.00
48.46,-128.71,2640.00
48.46,-128.71,1710.00
48.46,-128.71,1980.00
48.46,-128.71,1570.00
48.46,-128.71,3600.00
48.46,-128.71,1930.00
48.46,-128.71,2150.00
48.46,-128.71,2210.00
48.45,-128.71,2850.00
48.45,-128.71,2390.00
48.45,-128.71,1100.00
48.45,-128.71,910.00
48.45,-128.71,940.00
48.45,-128.71,1140.00
48.45,-128.71,1230.00
48.45,-128.71,2750.00
48.45,-128.71,2660.00
48.45,-128.71,2460.00
48.45,-128.71,1510.00
48.45,-128.70,1140.00
48.45,-128.71,3090.00
48.46,-128.71,7560.00
48.46,-128.71,6870.00
48.46,-128.71,1420.00
48.46,-128.71,7150.00
48.46,-128.71,8780.00
48.46,-128.71,3260.00
48.46,-128.71,3130.00
48.46,-128.71,1390.00
48.46,-128.71,980.00
48.46,-128.71,1710.00
48.46,-128.70,1450.00
48.46,-128.71,1700.00
48.46,-128.70,1380.00
48.46,-128.71,3450.00
48.46,-128.71,1380.00
48.46,-128.71,4180.00
48.46,-128.71,9590.00
48.46,-128.71,1500.00
48.46,-128.71,7570.00
48.46,-128.71,2050.00
48.46,-128.71,2030.00
48.46,-128.71,5150.00
48.46,-128.71,1400.00
48.46,-128.71,6070.00
48.46,-128.72,1030.00
48.46,-128.71,3390.00
48.46,-128.72,710.00
48.46,-128.71,2300.00
48.46,-128.71,860.00
48.46,-128.71,2080.00
48.46,-128.72,960.00
48.46,-128.71,10360.00
48.46,-128.71,1240.00
48.46,-128.71,11540.00
48.46,-128.71,2240.00
48.46,-128.71,3660.00
48.46,-128.71,13340.00
48.46,-128.71,4920.00
48.45,-128.71,6690.00
48.46,-128.71,1690.00
48.45,-128.71,1800.00
48.46,-128.70,1160.00
48.45,-128.71,1280.00
48.46,-128.70,890.00
48.45,-128.71,1060.00
48.46,-128.70,740.00
48.45,-128.71,1310.00
48.46,-128.70,790.00
48.45,-128.71,3940.00
48.46,-128.70,840.00
48.46,-128.71,6920.00
48.46,-128.70,890.00
48.46,-128.71,9510.00
48.46,-128.70,1140.00
48.46,-128.71,8430.00
48.46,-128.71,1370.00
48.46,-128.71,12380.00
48.46,-128.71,2500.00
48.46,-128.70,1380.00
48.46,-128.71,2360.00
48.46,-128.70,1080.00
48.46,-128.71,3310.00
48.46,-128.70,1040.00
48.46,-128.70,1150.00
48.46,-128.71,1690.00
48.45,-128.71,1480.00
48.45,-128.71,1880.00
48.46,-128.71,13190.00
48.46,-128.71,14240.00
48.46,-128.71,1740.00
48.46,-128.71,1300.00
48.46,-128.71,1970.00
48.46,-128.71,2950.00
48.46,-128.71,2480.00
48.45,-128.71,2630.00
48.46,-128.71,9940.00
48.45,-128.71,1250.00
48.46,-128.71,3750.00
48.45,-128.71,990.00
48.46,-128.71,1930.00
48.45,-128.71,1050.00
48.46,-128.71,2210.00
48.46,-128.71,1340.00
48.46,-128.71,4550.00
48.46,-128.71,7590.00
48.46,-128.71,9960.00
48.46,-128.71,2510.00
48.45,-128.71,1780.00
48.45,-128.71,1300.00
48.45,-128.71,1190.00
48.45,-128.71,1600.00
48.45,-128.71,3540.00
48.46,-128.71,9950.00
48.46,-128.71,9130.00
48.45,-128.71,7750.00
48.45,-128.71,2070.00
48.45,-128.71,1400.00
48.45,-128.71,1300.00
48.45,-128.71,1150.00
48.45,-128.71,2500.00
48.46,-128.71,1680.00
48.45,-128.71,3040.00
48.46,-128.71,2050.00
48.46,-128.71,6980.00
48.44,-128.68,470.00
48.43,-128.68,2170.00
48.44,-128.69,460.00
48.43,-128.68,1730.00
48.44,-128.69,530.00
48.43,-128.68,1620.00
48.44,-128.69,60.00
48.43,-128.68,3580.00
48.44,-128.69,680.00
48.43,-128.68,2560.00
48.43,-128.69,840.00
48.43,-128.68,1680.00
48.43,-128.69,1050.00
48.43,-128.68,1610.00
48.43,-128.69,1300.00
48.44,-128.68,780.00
48.43,-128.69,1260.00
48.43,-128.68,1400.00
48.44,-128.68,550.00
48.43,-128.68,1670.00
48.44,-128.68,180.00
48.43,-128.69,1370.00
48.44,-128.68,530.00
48.43,-128.68,1100.00
48.44,-128.68,480.00
48.43,-128.69,820.00
48.44,-128.68,480.00
48.44,-128.69,690.00
48.44,-128.68,550.00
48.44,-128.68,590.00
48.44,-128.68,520.00
48.44,-128.68,740.00
48.44,-128.68,460.00
48.43,-128.68,1470.00
48.44,-128.68,470.00
48.43,-128.68,1840.00
48.44,-128.68,640.00
48.43,-128.68,2150.00
48.44,-128.68,910.00
48.43,-128.68,1630.00
48.44,-128.68,1070.00
48.43,-128.68,1410.00
48.44,-128.68,970.00
48.43,-128.68,1220.00
48.43,-128.68,1890.00
48.43,-128.68,2600.00
48.43,-128.68,1140.00
48.43,-128.68,10530.00
48.43,-128.68,1260.00
48.43,-128.68,25680.00
48.43,-128.68,1530.00
48.43,-128.68,1750.00
48.43,-128.68,4230.00
48.43,-128.68,1560.00
48.43,-128.68,3510.00
48.44,-128.68,790.00
48.43,-128.68,3920.00
48.44,-128.68,780.00
48.43,-128.68,7890.00
48.44,-128.68,560.00
48.44,-128.68,470.00
48.43,-128.68,900.00
48.43,-128.68,960.00
48.43,-128.68,1010.00
48.43,-128.68,1040.00
48.43,-128.68,1150.00
48.44,-128.68,2140.00
48.44,-128.68,560.00
48.44,-128.68,530.00
48.44,-128.68,460.00
48.43,-128.68,1590.00
48.43,-128.68,2540.00
48.43,-128.68,4910.00
48.43,-128.68,3000.00
48.43,-128.68,3850.00
48.43,-128.68,3400.00
48.43,-128.68,17550.00
48.43,-128.68,3550.00
48.42,-128.68,920.00
48.44,-128.68,920.00
48.42,-128.68,660.00
48.44,-128.68,270.00
48.42,-128.68,480.00
48.44,-128.68,800.00
48.42,-128.68,920.00
48.44,-128.68,310.00
48.43,-128.68,1160.00
48.44,-128.68,650.00
48.43,-128.68,2030.00
48.44,-128.69,560.00
48.43,-128.68,2030.00
48.44,-128.68,800.00
48.43,-128.68,1830.00
48.44,-128.68,970.00
48.43,-128.68,1690.00
48.44,-128.68,790.00
48.43,-128.68,1730.00
48.44,-128.68,790.00
48.43,-128.68,2950.00
48.44,-128.68,1920.00
48.43,-128.68,4340.00
48.43,-128.68,1340.00
48.43,-128.68,2210.00
48.43,-128.68,1830.00
48.44,-128.68,2190.00
48.43,-128.68,2130.00
48.43,-128.68,1740.00
48.43,-128.68,1830.00
48.43,-128.68,900.00
48.43,-128.68,1970.00
48.44,-128.68,750.00
48.44,-128.68,770.00
48.44,-128.68,810.00
48.43,-128.68,1070.00
48.43,-128.68,2810.00
48.43,-128.68,190.00
48.43,-128.68,1980.00
48.43,-128.68,2110.00
48.43,-128.68,800.00
48.44,-128.68,1160.00
48.45,-128.71,1130.00
48.45,-128.71,1460.00
48.45,-128.71,2160.00
48.45,-128.71,2190.00
48.45,-128.71,3080.00
48.45,-128.71,3210.00
48.45,-128.71,4930.00
48.45,-128.71,6290.00
48.45,-128.71,7580.00
48.46,-128.71,1460.00
48.45,-128.71,1320.00
48.45,-128.71,1310.00
48.45,-128.71,1370.00
48.43,-128.73,1400.00
48.45,-128.71,1310.00
48.45,-128.71,1740.00
48.46,-128.71,1390.00
48.46,-128.71,3340.00
48.46,-128.71,5780.00
48.46,-128.71,2780.00
48.46,-128.71,3540.00
48.46,-128.71,3280.00
48.46,-128.71,2290.00
48.46,-128.71,1970.00
48.46,-128.71,4600.00
48.46,-128.71,12080.00
48.46,-128.71,12150.00
48.46,-128.71,7980.00
48.46,-128.71,6660.00
48.46,-128.71,9300.00
48.46,-128.71,2140.00
48.46,-128.71,9090.00
48.46,-128.71,6770.00
48.46,-128.71,9050.00
48.46,-128.71,10260.00
48.46,-128.71,12670.00
48.45,-128.71,1590.00
48.46,-128.71,3150.00
48.46,-128.71,14740.00
48.45,-128.71,7920.00
48.46,-128.71,11680.00
48.45,-128.71,15570.00
48.46,-128.71,3750.00
48.46,-128.71,14170.00
48.46,-128.71,3310.00
48.46,-128.71,10680.00
48.45,-128.71,3480.00
48.45,-128.71,1980.00
48.45,-128.71,3770.00
48.45,-128.71,640.00
48.46,-128.71,12310.00
48.46,-128.71,1740.00
48.46,-128.71,10570.00
48.46,-128.71,13560.00
48.46,-128.71,9550.00
48.46,-128.71,7330.00
48.46,-128.71,10290.00
48.46,-128.71,9070.00
48.46,-128.71,9810.00
48.46,-128.71,10230.00
48.46,-128.71,14150.00
48.46,-128.70,1750.00
48.46,-128.71,1140.00
48.45,-128.71,4430.00
48.46,-128.71,8830.00
48.45,-128.71,4200.00
48.46,-128.71,9410.00
41.50,-126.53,242.00
40.60,-127.42,233.00
40.12,-128.17,79.00
40.67,-129.22,173.00
40.00,-131.00,48.00
39.50,-131.78,19.00
40.73,-131.75,40.00
39.60,-129.52,47.00
38.02,-128.77,70.00
38.42,-126.15,144.00
39.78,-126.35,82.00
40.52,-126.52,163.00
40.93,-126.52,193.00
43.80,-122.42,42.00
38.84,-121.84,26.00
39.46,-121.99,32.00
38.92,-121.61,28.00
38.69,-121.76,31.00
47.71,-127.79,1020.00
47.71,-127.79,3800.00
47.71,-127.79,8900.00
47.71,-127.79,2490.00
47.71,-127.78,1290.00
47.71,-127.79,800.00
47.71,-127.79,1230.00
47.71,-127.79,4890.00
47.71,-127.79,2160.00
47.71,-127.79,2270.00
47.71,-127.79,2990.00
47.71,-127.79,17900.00
47.71,-127.78,2260.00
47.71,-127.79,4180.00
47.71,-127.79,9210.00
47.71,-127.79,66300.00
47.71,-127.79,14400.00
47.71,-127.79,18900.00
47.71,-127.79,1370.00
47.71,-127.79,4570.00
47.71,-127.79,550.00
47.71,-127.79,390.00
47.71,-127.79,1770.00
47.71,-127.79,12200.00
47.71,-127.79,425000.00
47.71,-127.79,3370.00
47.71,-127.79,11200.00
47.71,-127.79,72700.00
47.71,-127.79,14300.00
47.71,-127.79,2670.00
47.71,-127.79,1210.00
47.71,-127.79,1080.00
47.71,-127.79,190000.00
47.71,-127.79,6240.00
47.71,-127.79,2000.00
47.71,-127.79,41900.00
47.71,-127.79,650.00
47.71,-127.79,1340.00
47.71,-127.79,9400.00
47.71,-127.79,32600.00
47.71,-127.79,154000.00
47.71,-127.79,26000.00
47.71,-127.79,180000.00
47.71,-127.79,25400.00
47.71,-127.79,3260.00
47.71,-127.78,2400.00
47.71,-127.78,2490.00
47.71,-127.79,5330.00
47.71,-127.79,13100.00
47.71,-127.79,4980.00
47.71,-127.78,4670.00
47.71,-127.78,1940.00
47.71,-127.79,5670.00
47.71,-127.79,13500.00
47.71,-127.79,70800.00
47.71,-127.79,4220.00
47.71,-127.79,19800.00
47.71,-127.79,489000.00
47.71,-127.79,21300.00
47.71,-127.79,22100.00
47.71,-127.79,7980.00
47.71,-127.79,12200.00
47.71,-127.79,7160.00
47.71,-127.79,207000.00
47.71,-127.79,18300.00
47.71,-127.79,6210.00
47.71,-127.79,9600.00
47.71,-127.79,780.00
47.71,-127.79,1550.00
47.71,-127.79,3460.00
47.71,-127.79,2560.00
47.71,-127.79,29400.00
47.71,-127.79,540.00
47.71,-127.79,7760.00
47.71,-127.79,383000.00
47.71,-127.79,11500.00
47.71,-127.79,410000.00
47.71,-127.79,1660.00
47.71,-127.79,2220.00
47.71,-127.79,1360.00
47.71,-127.79,2600.00
47.71,-127.79,6720.00
47.71,-127.79,8110.00
47.71,-127.79,5790.00
47.71,-127.79,580.00
47.71,-127.79,750.00
47.71,-127.79,2290.00
47.71,-127.79,590.00
47.71,-127.79,1300.00
47.71,-127.79,1800.00
47.71,-127.79,1190.00
47.71,-127.79,910.00
47.71,-127.79,1830.00
47.71,-127.79,1330.00
47.71,-127.79,18000.00
47.71,-127.79,18700.00
47.71,-127.79,57600.00
48.96,-122.13,96.00
48.96,-122.10,8.00
48.95,-122.10,46.00
48.95,-122.11,46.00
48.95,-122.11,63.00
48.95,-122.11,126.00
48.94,-122.12,138.00
48.95,-122.10,121.00
48.95,-122.10,67.00
48.95,-122.12,67.00
48.95,-122.09,151.00
48.95,-122.09,247.00
48.96,-122.09,477.00
48.96,-122.08,167.00
48.96,-122.07,272.00
48.95,-122.08,117.00
48.95,-122.08,67.00
48.95,-122.08,50.00
48.94,-122.09,59.00
48.94,-122.08,88.00
48.96,-122.12,54.00
48.94,-122.09,105.00
48.94,-122.09,163.00
48.93,-122.10,142.00
48.94,-122.10,100.00
48.94,-122.08,38.00
48.93,-122.08,180.00
48.93,-122.09,197.00
48.93,-122.09,142.00
48.93,-122.09,92.00
48.93,-122.10,184.00
48.96,-122.11,59.00
48.93,-122.10,142.00
48.92,-122.11,167.00
48.92,-122.12,79.00
48.93,-122.12,71.00
48.93,-122.13,67.00
48.92,-122.13,84.00
48.93,-122.11,226.00
48.96,-122.11,63.00
48.93,-122.11,485.00
48.93,-122.11,887.00
48.93,-122.11,1883.00
48.93,-122.11,5146.00
48.93,-122.11,1117.00
48.93,-122.11,502.00
48.93,-122.11,364.00
48.93,-122.11,431.00
48.93,-122.11,1092.00
48.93,-122.11,155.00
48.96,-122.10,54.00
48.97,-122.10,100.00
48.97,-122.10,54.00
48.96,-122.09,113.00
51.92,-129.97,45.00
53.56,-131.43,60.00
