49.62	-129.98	366	0.81696123
44.68	-125.29	79	9.1196241
44.66	-125.27	81	9.1196241
44.66	-125.27	93	9.1196241
44.66	-125.26	77	9.1196241
44.66	-125.25	81	9.1196241
44.66	-125.36	70	8.9653473
44.66	-125.35	30	9.1196241
44.66	-125.35	32	9.1196241
44.66	-125.35	33	9.1196241
44.65	-125.35	42	9.1559649
45	-125.3	60	9.0883245
45.01	-125.3	60	9.0883245
45	-125.31	102	9.0883245
45	-125.32	84	9.0883245
44.99	-125.32	85	9.0883245
44.99	-125.33	88	9.0883245
44.94	-125.37	72	8.987608
44.94	-125.36	124	8.987608
44.93	-125.35	72	9.1318445
47.06	-125.89	100	7.6291208
47.06	-125.89	99	7.6291208
47.07	-125.9	93	7.6291208
47.07	-125.9	88	7.6291208
47.07	-125.91	88	7.6291208
47.08	-125.9	89	7.6291208
47.07	-125.91	83	7.6291208
47.08	-125.91	75	7.6291208
47.08	-125.92	83	7.6291208
47.08	-125.94	109	7.6291208
47.08	-125.94	67	7.6291208
46.97	-125.93	104	7.6286254
46.98	-125.94	90	7.6286254
46.97	-125.99	100	7.3567901
46.97	-125.98	111	7.3567901
46.97	-125.98	96	7.3567901
46.98	-125.97	89	7.3567901
46.98	-125.96	75	7.3567901
46.98	-125.95	81	7.3567901
46.98	-125.94	78	7.6286254
46.98	-125.94	82	7.6286254
46.99	-125.97	87	7.3567901
47	-125.96	89	7.3567901
46.99	-125.96	82	7.3567901
46.99	-125.94	83	7.6286254
46.99	-125.95	97	7.3567901
50.55	-131.62	91.4	4.6901741
48.75	-127.75	200	2.9062791
47.45	-127.27	57.8	4.3656092
46.3	-128	50.7	3.1420634
47.9	-127.2	161	4.359262
47.15	-130.12	189	2.7302463
46.73	-131.58	22.8	6.8137112
41.07	-132.37	40.2	10.360166
47.9	-127.65	304	3.1907601
47.25	-131.03	110	5.1738672
44.65	-125.14	94	9.5422888
44.65	-125.07	41	9.5422888
44.65	-125.06	42	9.5422888
44.65	-125.02	79	9.8048306
44.65	-124.97	77	9.8048306
47.23	-126.15	26	6.8040028
47.23	-126.15	27	6.8040028
47.24	-126.14	21	7.0875106
47.29	-126.08	104	7.1277666
47.29	-126.08	99	7.1277666
47.3	-126.09	101	7.1277666
47.3	-126.09	108	7.1277666
47.3	-126.09	77	7.1277666
47.29	-126.11	93	7.1277666
47.28	-126.12	96	7.1277666
47.28	-126.12	99	7.1277666
47.28	-126.13	104	7.1277666
47.27	-126.14	159	7.1277666
47.27	-126.14	142	7.1277666
47.27	-126.15	137	6.8401093
47.27	-126.15	141	6.8401093
47.27	-126.15	156	6.8401093
47.25	-126.17	138	6.8040028
47.44	-126.38	106	6.4628758
47.44	-126.38	108	6.4628758
47.44	-126.38	112	6.4628758
47.45	-126.36	109	6.5422029
47.45	-126.36	118	6.5422029
47.46	-126.33	102	6.8071642
47.46	-126.29	124	6.8071642
47.46	-126.29	108	6.8071642
47.46	-126.26	114	6.8071642
47.46	-126.22	122	7.0861001
47.46	-126.22	117	7.0861001
47.46	-126.22	89	7.0861001
47.46	-126.19	118	7.0861001
47.46	-126.18	139	7.0861001
47.46	-126.16	57	7.0861001
44.95	-125.2	71	9.2965679
44.95	-125.22	61	9.2965679
44.95	-125.23	55	9.2965679
44.95	-125.25	28	9.0883245
44.95	-125.41	89	8.9141588
44.95	-125.37	95	8.9141588
44.95	-125.37	99	8.9141588
44.95	-125.37	102	8.9141588
44.95	-125.37	104	8.9141588
44.95	-125.38	113	8.9141588
44.95	-125.4	110	8.9141588
44.95	-125.42	125	8.9141588
44.93	-125.27	125	9.1318445
44.93	-125.27	202	9.1318445
44.95	-125.47	122	8.6826057
44.95	-125.52	152	8.6826057
44.95	-125.52	139	8.6826057
44.95	-125.58	165	8.4492979
44.95	-125.64	113	8.4492979
44.65	-125.27	65	9.1559649
44.65	-125.3	70	9.1559649
44.65	-125.3	73	9.1559649
44.65	-125.32	62	9.1559649
44.65	-125.32	52	9.1559649
44.65	-125.34	105	9.1559649
44.65	-125.37	32	8.9884195
44.65	-125.4	101	8.9884195
44.65	-125.47	94	8.7853642
40.75	-127.4	225	0.14659698
40.74	-127.55	1656	0.22720698
40.74	-127.57	576	0.22720698
40.75	-127.4	240	0.14659698
40.75	-127.42	316	0.14659698
40.75	-127.43	371	0.14659698
40.74	-127.58	832	0.22720698
40.75	-127.6	907	0.22720698
40.75	-127.62	341	0.22720698
40.76	-127.66	329	0.53983307
40.75	-127.66	386	0.52487373
40.76	-127.67	302	0.53983307
40.76	-127.69	313	0.53983307
40.98	-127.54	352	0.021391379
41	-127.54	302	0.021391379
41	-127.53	472	0.021391379
41	-127.52	192	0.021391379
41.01	-127.51	1586	0.021391379
41.02	-127.47	463	0.021391379
41	-127.47	235	0.021391379
41.01	-127.47	274	0.021391379
41.01	-127.47	1804	0.021391379
41.02	-127.47	280	0.021391379
40.94	-127.51	176	0.047450688
40.93	-127.52	299	0.047450688
40.91	-127.52	219	0.047450688
40.91	-127.49	511	0.047450688
40.91	-127.48	213	0.047450688
50.15	-123.38	58	8.4487114
50.12	-123.45	71	8.4487114
50.2	-123.53	63	8.1750021
50.18	-123.52	56	8.1750021
50.17	-123.52	39	8.1750021
50.45	-123.12	53	8.4487114
50.45	-123.17	56	8.1750021
50.45	-123.2	69	8.1750021
51.97	-121.17	63	8.9942894
51.83	-121.15	63	8.9942894
52	-120.95	58	8.9942894
52	-120.82	61	8.9942894
51.78	-120.37	113	8.9942894
51.82	-120.47	100	8.9942894
51.73	-120.15	92	8.9942894
51.75	-120.07	107	8.9942894
51.15	-119.82	56	8.9942894
51.15	-119.8	67	8.9942894
51.15	-119.82	83	8.9942894
53.37	-130.15	75	2.2681541
53.35	-130.13	75	2.2681541
53.35	-130.13	75	2.2681541
53.36	-130.13	117	2.2681541
53.37	-130.16	71	2.2681541
53.37	-130.16	64	2.2681541
53.37	-130.12	76	2.2681541
53.37	-130.16	51	2.2681541
53.37	-130.16	87	2.2681541
53.37	-130.16	88	2.2681541
53.37	-130.16	81	2.2681541
51.38	-120.07	70	8.9942894
51.38	-120.07	72	8.9942894
51.38	-120.07	71	8.9942894
53.53	-132.22	66	9.16572
53.53	-132.22	46	9.16572
53.53	-132.22	69	9.16572
53.53	-132.22	59	9.16572
53.53	-132.22	107	9.16572
53.53	-132.22	69	9.16572
53.53	-132.22	76	9.16572
53.53	-132.22	49	9.16572
53.53	-132.22	66	9.16572
52.14	-128.05	91	1.3816251
52.15	-128.1	74	1.3816251
54.74	-126.62	68	1.238132
54.74	-126.62	69	1.238132
54.74	-126.62	75	1.238132
54.74	-126.62	91	1.238132
54.74	-126.62	74	1.238132
54.2	-126.26	60	4.2815824
54.18	-126.27	66	4.2815824
54.17	-126.28	119	4.2815824
52.3	-120.57	46	8.9942894
52.3	-120.57	61	8.9942894
54.23	-126.23	83	4.2815824
54.23	-126.24	79	4.2815824
52.72	-131.72	60	5.7069907
52.72	-131.71	48	5.7069907
48.89	-123.87	20	8.9942894
48.89	-123.87	19	8.9942894
48.89	-123.85	25	8.9942894
48.88	-123.82	29	8.9942894
52.92	-123.62	74	7.2214351
52.92	-123.63	71	7.2214351
52.9	-123.62	56	7.2214351
49.05	-123.91	30	8.9942894
49.05	-124	20	8.9942894
49.59	-119.68	61	9.2849312
51.73	-124.62	67	7.2214351
51.73	-124.63	91.1	7.2214351
51.45	-123.62	101.2	7.2806315
51.45	-123.62	107.7	7.2806315
50.62	-127.5	67.9	4.6360407
49.77	-125.3	39.4	7.2806315
54.02	-130.58	72.2	5.7069907
54.02	-130.58	132.8	5.7069907
54.02	-130.58	112.4	5.7069907
54.02	-130.58	78.1	5.7069907
54.02	-130.58	62.4	5.7069907
49.15	-124.65	47.9	8.1750021
49.15	-124.67	54.4	7.9011574
49.15	-124.67	48.3	7.9011574
49.33	-121.97	143.4	9.2849312
49.33	-121.97	86.7	9.2849312
49.33	-121.97	132.4	9.2849312
49.33	-121.97	99.7	9.2849312
49.33	-121.97	38.8	9.2849312
49.33	-121.97	103.3	9.2849312
49.33	-121.95	95.5	9.2849312
49.33	-121.97	90.6	9.2849312
49.3	-121.93	105.1	9.2849312
49.75	-124.53	41.5	7.3612161
49.7	-124.52	18.1	7.3612161
49.75	-124.53	36.2	7.3612161
49.75	-124.53	33.2	7.3612161
49.75	-124.53	32.8	7.3612161
49.75	-124.53	34.7	7.3612161
49.75	-124.53	32.6	7.3612161
49.75	-124.53	20.7	7.3612161
49.7	-124.53	26.8	7.3612161
49.7	-124.53	22.5	7.3612161
49.7	-124.53	8	7.3612161
49.7	-124.53	34.9	7.3612161
50.02	-126.78	53	6.2185445
50	-126.8	42.1	6.2185445
50	-126.8	43.6	6.2185445
50	-126.8	39.2	6.2185445
50.02	-126.78	39.3	6.2185445
47.51	-121.35	57	9.7773581
47.51	-121.35	57	9.7773581
47.68	-121.65	60	9.7773581
47.68	-121.65	60	9.7773581
47.49	-121.4	56	9.7773581
42.2	-121.83	67	8.7200031
48.46	-122.63	37	9.2849312
48.72	-119.59	75	9.57864
46.35	-122.11	69	9.543684
46.36	-122.07	68	9.543684
49	-119.49	70	9.57864
48.61	-120.38	76	9.57864
48.61	-120.39	73	9.57864
46.85	-124.1	38	9.7773581
47.24	-124.19	35	9.8133631
42.16	-120.34	742	8.7200031
42.19	-120.33	180	8.7200031
42.19	-120.34	140	8.7200031
42.2	-120.35	98	8.7200031
42.22	-120.35	2861	8.7200031
42.22	-120.34	309	8.7200031
42.17	-120.34	110	8.7200031
42.22	-120.36	991	8.7200031
42.22	-120.36	117	8.7200031
42.19	-120.34	150	8.7200031
42.19	-120.35	124	8.7200031
42.18	-120.35	124	8.7200031
42.18	-120.34	189	8.7200031
42.22	-120.36	2882	8.7200031
42.21	-120.36	158	8.7200031
44.27	-120.81	66	9.8749847
42.04	-120.3	571	18.00329
42.21	-120.36	1895	8.7200031
42.24	-120.36	840	8.7200031
42.23	-120.37	531	8.7200031
42.02	-120.3	90	18.00329
42.19	-120.38	76	8.7200031
45.43	-121.46	48	9.5483627
45.61	-122	71	9.5370016
45.34	-121.36	62	9.5414743
43.96	-123.11	50	9.5827484
45.12	-120.85	59	9.68153
44.6	-122.06	76	9.8749847
44.6	-122.06	110	9.8749847
45.44	-121.16	41	9.5483627
45.54	-122.58	47	9.5407829
45.66	-121.33	55	9.5560369
45.25	-121.12	90	9.5008411
42.41	-120.48	58	8.7200031
45.69	-121.35	33	9.5560369
45.18	-121.07	95	9.5008411
45.84	-119.67	112	9.544672
45.32	-122.87	47	9.5414743
45.63	-121.36	65	9.5370016
44.78	-121.03	69	9.8749847
45.43	-120.93	60	9.5483627
42.06	-122.65	52	8.7200031
45.9	-119.22	41	9.5405912
45.6	-121.14	46	9.5370016
45.36	-121.28	94	9.5483627
45.38	-122.59	33	9.5483627
45.6	-119.6	58	9.5370016
45.65	-121.47	41	9.5370016
45.7	-123.13	41	9.5560369
42.19	-122.64	31	8.7200031
45.7	-121.35	77	9.5560369
42.48	-123.4	33	8.1746902
45.61	-121.23	71	9.5370016
45.91	-119.44	100	9.5405912
45.18	-121.2	62	9.5008411
42.32	-122.81	46	8.7200031
45.6	-121.64	83	9.5370016
45.53	-122.43	48	9.5407829
42.53	-122.64	49	8.7200031
42.8	-123.85	29	8.0320463
45.38	-122.02	77	9.5483627
45.72	-119.02	66	9.5560369
45.68	-121.31	41	9.5560369
42.49	-122.95	33	8.7200031
42.5	-122.98	33	8.7200031
45.39	-122.36	41	9.5483627
42.86	-123.38	33	8.5052891
44.87	-122.71	43	9.8163719
45.77	-119.12	71	9.544672
45.43	-121.29	65	9.5483627
45.54	-122.76	35	9.5407829
45.35	-121.13	54	9.5483627
45.35	-121.13	54	9.5483627
45.32	-121.1	41	9.5414743
45.69	-121.38	47	9.5560369
42.39	-122.98	39	8.7200031
45.36	-120.15	54	9.5483627
44.05	-122.88	31	9.8100004
43.8	-122.42	40	9.5827484
44.78	-121.98	763	9.8749847
44.78	-121.97	430	9.8749847
44.78	-121.97	1393	9.8749847
44.78	-121.97	404	9.8749847
43.92	-120.82	75	9.8749847
43.69	-120.48	75	9.5827484
43.69	-120.48	83	9.5827484
43.69	-120.48	96	9.5827484
43.63	-120.46	79	9.5827484
43.62	-120.47	79	9.5827484
43.63	-120.46	66	9.5827484
43.63	-120.46	96	9.5827484
43.63	-120.46	75	9.5827484
43.78	-120.62	79	9.5827484
43.78	-120.62	83	9.5827484
43.62	-120.47	83	9.5827484
43.62	-120.47	87	9.5827484
43.62	-120.47	75	9.5827484
43.62	-120.47	83	9.5827484
43.62	-120.47	83	9.5827484
43.73	-121.36	100	9.5827484
43.73	-121.36	100	9.5827484
43.75	-120.94	58	9.5827484
43.75	-120.94	96	9.5827484
43.81	-120.99	96	9.5827484
44.17	-122.29	63	9.8749847
44.45	-122.8	30	9.8749847
44.61	-122.77	49	9.8749847
44.54	-123.29	33	9.8749847
44.83	-122.25	51	9.8749847
44.95	-122.17	97	9.831625
44.95	-122.17	97	9.831625
45.04	-121	71	9.831625
43.8	-122.42	45	9.5827484
43.8	-122.42	39	9.5827484
44.86	-122.88	39	9.8163719
44.06	-122.79	40	9.8100004
44.15	-122.25	68	9.8749847
44.15	-122.25	68	9.8749847
44.8	-124.06	32	9.8749847
44.8	-124.07	29	9.8749847
44.04	-122.84	44	9.8100004
43.93	-122.91	36	9.5827484
44.8	-122.41	31	9.8749847
44.81	-122.41	32	9.8749847
44.39	-121.99	33	9.8749847
44.39	-121.99	148	9.8749847
44.54	-121.96	94	9.8749847
43.76	-122.43	41	9.5827484
44.22	-120.99	176	9.8749847
44.73	-122.18	50	9.8749847
44.77	-122.56	59	9.8749847
44.89	-122.71	47	9.8163719
44.89	-122.71	47	9.8163719
44.61	-123.3	48	9.8749847
44.59	-120.92	84	9.8749847
44.04	-122.93	42	9.8100004
43.95	-122.9	43	9.5827484
43.91	-121.36	25	9.8749847
44.49	-122.85	45	9.8749847
44.24	-120.97	103	9.8749847
44.24	-120.97	103	9.8749847
44.19	-121.05	207	9.8749847
45.08	-120.96	70	9.68153
44.49	-122.86	54	9.8749847
45.01	-122.66	40	9.831625
45.01	-122.66	40	9.831625
44.81	-120.73	61	9.8749847
44.43	-122.72	53	9.8749847
44.4	-122.65	50	9.8749847
44.33	-122.99	39	9.8749847
45.01	-123.51	30	9.831625
43.8	-123.88	25	9.5827484
44.58	-122.84	30	9.8749847
44.98	-122.65	41	9.831625
44.19	-123.83	29	9.8100004
44.71	-123.03	41	9.8749847
44.71	-123.03	41	9.8749847
43.67	-122.45	53	9.5827484
43.96	-122.84	45	9.5827484
45.03	-121.96	239	9.831625
44.78	-121.95	114	9.8749847
44.78	-121.95	135	9.8749847
44.78	-122.04	89	9.8749847
44.83	-121.88	50	9.8749847
45.02	-122.01	279	9.831625
45	-122.06	106	9.831625
44.2	-122.05	153	9.8749847
44.15	-122.08	111	9.8749847
44.72	-121.91	101	9.8749847
43.95	-122.03	41	9.5827484
43.72	-122.33	99	9.5827484
43.64	-122.19	102	9.5827484
44.07	-122.02	139	9.8749847
44.63	-121.94	105	9.8749847
44.02	-122.16	92	9.8749847
44.02	-122.16	92	9.8749847
44.45	-122.83	31	9.8749847
44.62	-122.72	35	9.8749847
44.62	-122.72	35	9.8749847
44.61	-121.11	69	9.8749847
44.16	-122.24	69	9.8749847
44.47	-122.91	39	9.8749847
45.05	-122.62	44	9.831625
45.05	-122.62	45	9.831625
44.44	-122.99	37	9.8749847
44.3	-122.12	110	9.8749847
46.85	-122.26	20	9.7773581
46.31	-119.76	53	9.5389538
46.31	-119.76	98	9.5389538
46.63	-123.23	41	9.7773581
46.52	-122.46	34	9.6252508
46.89	-120.39	45	9.7773581
46.61	-119.12	76	9.7773581
46.37	-119.29	54	9.543684
46.36	-119.27	63	9.543684
46.36	-119.27	66	9.543684
46.43	-119.28	59	9.543684
46.44	-119.4	65	9.543684
45.86	-120.67	48	9.5405912
47.07	-122.22	17	9.7773581
46.55	-122.31	26	9.6252508
46.78	-122.26	33	9.7773581
45.71	-121.46	56	9.5560369
45.71	-121.31	53	9.5560369
46.6	-120.35	76	9.7773581
46.52	-120.01	52	9.6252508
46.42	-120.12	69	9.543684
46.42	-120.12	78	9.543684
46.48	-120.26	51	9.6252508
48.43	-119.52	53	9.7773581
46.78	-120.67	58	9.7773581
46.55	-120.67	50	9.6252508
46.55	-120.67	94	9.6252508
46.53	-120.2	65	9.6252508
46.27	-119.45	293	9.5389538
45.73	-121.8	265	9.5560369
46.53	-120.33	66	9.6252508
46.14	-119.63	55	9.5399418
46.25	-119.4	68	9.546627
45.82	-121.13	51	9.544672
45.96	-119.88	77	9.5455904
47.71	-121.14	99	9.7773581
47.71	-121.14	114	9.7773581
47.43	-121.41	43	9.7773581
46.65	-121.28	107	9.7773581
45.81	-121.95	91	9.544672
46.67	-121.03	87	9.7773581
46.75	-120.64	46	9.7773581
47.01	-121.7	46	9.7773581
46.04	-119.64	38	9.5455904
46.04	-119.64	51	9.5455904
45.92	-120.19	43	9.5405912
45.92	-120.19	78	9.5405912
45.88	-122.45	41	9.5405912
45.84	-122.53	40	9.544672
45.94	-122.71	37	9.5405912
47	-119.53	79	9.7773581
45.99	-120.38	59	9.5455904
45.99	-120.38	65	9.5455904
45.99	-120.38	104	9.5455904
47.45	-120.36	46	9.7773581
46.46	-120.23	52	9.6252508
46.6	-120.38	41	9.7773581
45.83	-120.82	55	9.544672
45.83	-120.82	71	9.544672
45.76	-120.53	52	9.544672
46.54	-122.48	31	9.6252508
45.9	-122.66	41	9.5405912
45.61	-122.13	56	9.5370016
45.61	-122.13	72	9.5370016
45.88	-120.93	39	9.5405912
45.89	-122.5	51	9.5405912
45.7	-121.41	58	9.5560369
45.74	-121.18	53	9.5560369
45.7	-120.92	44	9.5560369
45.61	-122.18	37	9.5370016
45.61	-122.18	38	9.5370016
46.33	-120.78	73	9.5389538
46.53	-122.55	38	9.6252508
45.7	-121.24	41	9.5560369
47.11	-120.68	35	9.7773581
46.53	-122.56	30	9.6252508
46.28	-120	92	9.5389538
46.73	-120.76	35	9.7773581
45.7	-121.42	51	9.5560369
46.67	-120.6	57	9.7773581
45.88	-120.69	75	9.5405912
45.88	-120.69	76	9.5405912
46.68	-120.75	108	9.7773581
46.3	-122.87	22	9.5389538
46.57	-123.03	46	9.7773581
47.16	-119.32	59	9.7773581
47.16	-119.32	80	9.7773581
46.51	-122.49	45	9.6252508
45.71	-121.87	47	9.5560369
45.82	-120.82	30	9.544672
45.74	-121.12	61	9.5560369
45.73	-121.11	58	9.5560369
45.61	-122.13	66	9.5370016
45.61	-122.13	58	9.5370016
46.82	-120.66	33	9.7773581
46.55	-122.58	38	9.6252508
45.73	-122.41	43	9.5560369
45.94	-120.97	49	9.5405912
46.44	-120.2	65	9.543684
45.74	-120.23	85	9.5560369
48.69	-119.5	73	9.57864
45.6	-122.4	50	9.5370016
45.64	-122.44	49	9.5370016
46.55	-121.79	9	9.6252508
46.73	-121.85	43	9.7773581
45.64	-121.98	69	9.5370016
45.65	-121.95	189	9.5370016
45.65	-121.96	120	9.5370016
46.71	-121.58	73	9.7773581
46.62	-121.69	69	9.7773581
46.52	-121.94	72	9.6252508
46.27	-122.24	36	9.5389538
46.17	-122.27	44	9.546627
46.53	-122.84	36	9.6252508
46.54	-122.85	36	9.6252508
47.57	-120.16	24	9.7773581
46.62	-122.23	29	9.7773581
46.43	-120.18	43	9.543684
46.73	-120.78	52	9.7773581
45.71	-121.88	33	9.5560369
46.41	-120.08	63	9.543684
46.41	-120.08	67	9.543684
45.77	-122.2	56	9.544672
45.77	-122.2	68	9.544672
45.77	-122.19	65	9.544672
45.77	-122.22	64	9.544672
45.77	-122.2	46	9.544672
45.77	-122.2	69	9.544672
45.77	-122.2	68	9.544672
45.77	-122.2	43	9.544672
45.77	-122.2	81	9.544672
45.77	-122.2	64	9.544672
45.78	-122.2	42	9.544672
46.53	-122.82	37	9.6252508
46.54	-122.82	29	9.6252508
46.54	-122.82	31	9.6252508
46.53	-122.83	36	9.6252508
46.53	-122.83	39	9.6252508
46.54	-122.62	20	9.6252508
45.76	-121.54	27	9.544672
45.76	-121.54	34	9.544672
46.63	-120.41	52	9.7773581
45.71	-121.89	49	9.5560369
47.12	-120.68	40	9.7773581
45.91	-121.05	49	9.5405912
45.67	-122.38	36	9.5560369
45.77	-121.12	43	9.544672
46.62	-120.41	38	9.7773581
47.24	-120.01	41	9.7773581
47.24	-120.01	51	9.7773581
45.82	-122.46	60	9.544672
46.83	-120.21	61	9.7773581
46.83	-120.21	51	9.7773581
39.51	-119.75	89.1	16.215477
43.33	-119.57	276.1	9.4671307
43.31	-119.54	100.4	9.4671307
43.35	-119.67	338.9	9.4671307
43.49	-119.54	133.9	9.5357075
43.15	-119.72	92	9.2272873
43.11	-119.73	113	8.97577
40.42	-119.41	622.4	16.524179
40.42	-119.4	254.8	16.524179
40.37	-119.4	366.8	16.524179
40.36	-119.4	311.5	16.524179
40.36	-119.41	401.9	16.524179
40.35	-119.36	462.8	16.524179
40.35	-119.4	180.5	16.524179
40.4	-119.4	5832	16.524179
40.4	-119.4	1901.8	16.524179
40.4	-119.41	1575	16.524179
40.4	-119.4	262.1	16.524179
40.41	-119.4	5374.8	16.524179
39.86	-119.01	127.4	16.215477
44.79	-122.57	56.96	9.8749847
44.4	-122.51	49.96	9.8749847
44.75	-122.39	40.89	9.8749847
44.4	-122.49	43.96	9.8749847
44.12	-122.41	51.96	9.8749847
44.75	-122.62	50.02	9.8749847
44.59	-122.37	47.96	9.8749847
44.12	-122.45	43.96	9.8749847
44.11	-122.43	53.96	9.8749847
39.91	-119.22	380.4	16.215477
39.95	-119.2	58.2	16.215477
39.95	-119	81.9	16.215477
39.95	-119.02	122.9	16.215477
39.96	-119.1	191.1	16.215477
39.96	-119.07	254.8	16.215477
39.96	-119.06	116.5	16.215477
39.96	-119.04	218.4	16.215477
39.96	-119.25	327.6	16.215477
39.97	-119.01	196.6	16.215477
39.97	-119.05	318.5	16.215477
39.98	-119.02	262.1	16.215477
39.98	-119.02	262.1	16.215477
39.98	-119.11	122.9	16.215477
39.99	-119.03	294.8	16.215477
39.99	-119.05	318.5	16.215477
39.99	-119.29	72.8	16.215477
39.99	-119.03	294.8	16.215477
39.99	-119.02	294.8	16.215477
39.99	-119.01	262.1	16.215477
40	-119.17	136.5	16.215477
40	-119.05	318.5	16.215477
44.31	-122.12	108.8	9.8749847
46.74	-121.51	118.8	9.7773581
46.71	-121.48	42.3	9.7773581
46.71	-121.55	45.2	9.7773581
44.16	-122.25	66.9	9.8749847
46.68	-121.45	156.9	9.7773581
46.66	-121.51	66.9	9.7773581
46.67	-121.57	41.4	9.7773581
38.76	-119.15	351.6	16.215477
40.41	-119.4	356.7	16.524179
40.39	-119.4	2918	16.524179
45.45	-121.16	42	9.5407829
40.39	-119.4	1397.6	16.524179
40.4	-119.4	5446.4	16.524179
40.41	-119.41	8420.4	16.524179
40.41	-119.4	3670.4	16.524179
40.41	-119.39	1563.7	16.524179
40.46	-119.42	131	16.524179
40.45	-119.42	127.4	16.524179
43.55	-119.95	203.8	9.5357075
43.55	-119.95	171	9.5357075
43.74	-121.29	120.4	9.5827484
43.74	-121.29	208.6	9.5827484
38.94	-122.97	92	17.939177
38.78	-122.7	502	17.580811
38.78	-122.7	658	17.580811
38.79	-122.7	402	17.580811
38.79	-122.7	367	17.580811
38.78	-122.69	372	17.580811
38.78	-122.69	367.1	17.580811
38.86	-122.89	155	17.834578
38.87	-122.87	84	17.834578
38.89	-122.92	156	17.834578
38.88	-122.95	156	17.834578
38.87	-122.9	151	17.834578
38.87	-122.9	145	17.834578
38.85	-122.92	163	17.834578
38.85	-122.92	172.5	17.834578
38.86	-122.9	234	17.834578
38.87	-122.92	133	17.834578
38.92	-122.95	117	17.834578
38.9	-122.91	92	17.834578
38.92	-122.8	42	17.834578
38.9	-122.8	96	17.834578
38.8	-122.68	113	17.580811
40.44	-119.41	149.2	16.524179
40.44	-119.41	262	16.524179
40.44	-119.41	152.8	16.524179
40.44	-119.41	152.8	16.524179
40.44	-119.42	127.4	16.524179
40.36	-119.39	211	16.524179
40.43	-119.41	127.4	16.524179
40.43	-119.4	229.2	16.524179
40.44	-119.39	116.4	16.524179
40.45	-119.4	102	16.524179
40.44	-119.4	206.3	16.524179
40.45	-119.4	150.7	16.524179
40.46	-119.41	222	16.524179
40.34	-119.39	178.4	16.524179
39.72	-119.02	76.4	16.215477
40.34	-119.43	189.2	16.524179
40.38	-119.4	1674.4	16.524179
40.41	-119.43	75.7	16.524179
40.42	-119.43	98.2	16.524179
40.42	-119.41	258.4	16.524179
40.44	-119.43	100	16.524179
40.35	-119.42	203.8	16.524179
40.39	-119.41	1820	16.524179
40.36	-119.42	455	16.524179
40.36	-119.43	167	16.524179
40.38	-119.44	1528.8	16.524179
40.39	-119.44	1019.2	16.524179
40.39	-119.44	1820	16.524179
40.34	-119.42	145.6	16.524179
40.34	-119.4	225.6	16.524179
40.37	-119.39	200.2	16.524179
39.54	-119.74	115.5	16.215477
40.36	-119.39	189.2	16.524179
40.33	-119.41	216.9	16.524179
40.39	-119.4	491.4	16.524179
40.38	-119.39	143.3	16.524179
40.38	-119.39	446.4	16.524179
40.38	-119.39	204.8	16.524179
40.38	-119.4	632.2	16.524179
40.38	-119.39	229.3	16.524179
40.37	-119.38	134.3	16.524179
40.39	-119.39	176.9	16.524179
40.4	-119.39	159.5	16.524179
40.38	-119.4	1870.2	16.524179
40.41	-119.39	345.8	16.524179
40.41	-119.39	98.7	16.524179
40.38	-119.39	150.7	16.524179
40.38	-119.39	235.8	16.524179
45.66	-121.33	54	9.5560369
43.75	-121.27	262.4	9.5827484
45.03	-121.97	287	9.831625
43.74	-121.29	137.2	9.5827484
43.74	-121.29	191.8	9.5827484
43.74	-121.29	238.4	9.5827484
40.37	-119.4	277.6	16.524179
41.74	-121.31	79	8.7112598
41.72	-121.3	13.7	17.755274
41.72	-121.3	544	17.755274
38.78	-122.72	765	17.580811
38.78	-122.7	437.9	17.580811
38.77	-122.73	139	17.580811
38.77	-122.72	1507	17.580811
38.78	-122.69	418.6	17.580811
42.23	-121.76	3526.4	8.7200031
38.76	-122.67	232	17.580811
38.76	-122.67	267	17.580811
38.76	-122.68	438	17.580811
38.77	-122.69	319	17.580811
38.77	-122.66	207	17.580811
43.8	-122.42	43	9.5827484
38.77	-122.85	219	17.725136
38.82	-122.87	270	17.725136
38.8	-122.89	248	17.725136
38.8	-122.87	132	17.725136
38.79	-122.84	177	17.725136
38.78	-122.86	232	17.725136
38.78	-122.8	154.7	17.725136
38.78	-122.79	357	17.725136
38.77	-122.79	198	17.725136
38.77	-122.77	211.8	17.725136
38.82	-122.89	193	17.834578
42.23	-121.76	540	8.7200031
40.68	-119.36	222	16.676729
39.79	-119.02	6023.6	16.215477
40.88	-119.34	326	16.815744
40.87	-119.33	502	16.815744
40.7	-119.35	29	16.676729
39.76	-119.01	1209.1	16.215477
39.8	-119.01	5693.6	16.215477
39.81	-119	7609.8	16.215477
40.65	-119.39	565	16.676729
39.78	-119.02	2763.2	16.215477
39.78	-119.01	7730.8	16.215477
40.65	-119.35	59	16.676729
40.65	-119.37	318	16.676729
40.66	-119.38	218	16.676729
39.81	-119.02	568	16.215477
40.65	-119.39	418	16.676729
40.64	-119.41	79	16.676729
39.78	-119.02	612.9	16.215477
40.78	-119.34	502	16.815744
38.78	-122.67	305	17.580811
38.78	-122.66	196	17.580811
38.77	-122.64	322	17.580811
45.02	-122.01	119	9.831625
45.02	-122.01	119	9.831625
38.74	-122.69	231.6	17.580811
38.74	-122.69	386.4	17.580811
38.68	-122.55	213.2	17.50819
38.68	-122.55	121.3	17.50819
38.69	-122.61	94	17.50819
38.69	-122.52	180	17.50819
38.69	-122.54	209	17.50819
38.67	-122.58	130	17.50819
38.67	-122.56	130	17.50819
38.68	-122.55	192	17.50819
38.68	-122.53	176	17.50819
38.68	-122.53	151	17.50819
38.69	-122.51	142	17.50819
38.69	-122.51	176	17.50819
38.68	-122.47	159	17.50819
38.68	-122.5	113	17.50819
38.67	-122.55	146	17.50819
38.67	-122.5	418	17.50819
38.67	-122.52	322	17.50819
38.67	-122.54	117	17.50819
38.66	-122.54	142	17.50819
38.66	-122.55	109	17.50819
38.65	-122.53	117	17.50819
38.65	-122.52	109	17.50819
38.65	-122.5	138	17.50819
38.66	-122.49	172	17.50819
38.66	-122.51	285	17.50819
38.67	-122.47	188	17.50819
38.64	-122.47	151	17.50819
38.6	-122.47	105	17.370102
38.56	-122.52	1565	17.370102
38.55	-122.5	184	17.370102
38.65	-122.51	146	17.50819
38.66	-122.56	100	17.50819
38.66	-122.57	144.8	17.50819
38.66	-122.58	84	17.50819
38.67	-122.6	142	17.50819
38.74	-122.56	100	17.580811
38.67	-122.57	138	17.50819
38.62	-122.59	335	17.50819
46.85	-122.26	18	9.7773581
46.31	-119.76	54	9.5389538
38.9	-122.86	245	17.834578
38.86	-122.85	290	17.834578
38.86	-122.86	74	17.834578
38.86	-122.88	270	17.834578
38.85	-122.9	225	17.834578
38.85	-122.9	251	17.834578
38.84	-122.88	194	17.834578
38.85	-122.87	145	17.834578
38.84	-122.86	509	17.834578
38.87	-122.9	184	17.834578
38.85	-122.84	390	17.725136
38.84	-122.83	315	17.725136
38.9	-122.86	245	17.834578
38.83	-122.84	300	17.725136
38.83	-122.85	392	17.725136
38.83	-122.88	386.4	17.834578
38.82	-122.86	412	17.725136
38.84	-122.88	261	17.834578
38.85	-122.81	277	17.725136
38.86	-122.9	261	17.834578
38.87	-122.86	200	17.834578
38.88	-122.85	196	17.834578
38.87	-122.89	193	17.834578
38.87	-122.88	216	17.834578
38.87	-122.86	138	17.834578
38.86	-122.83	116	17.725136
41.84	-121.33	96	8.7181835
42.21	-122.71	92	8.7200031
42.21	-122.71	93	8.7200031
45.25	-121.12	91	9.5008411
38.75	-122.68	386	17.580811
39	-122.65	375	17.725136
45.86	-120.67	49	9.5405912
46.78	-122.26	25	9.7773581
40.6	-119.45	16	16.676729
40.6	-119.45	21	16.676729
39.79	-119.01	316.8	16.215477
40.64	-119.41	59	16.676729
39.79	-119.02	4206.4	16.215477
40.66	-119.35	36	16.676729
39.79	-119.02	1578.1	16.215477
39.79	-119.02	3271.4	16.215477
39.79	-119.01	1124.2	16.215477
39.79	-119.01	2741.2	16.215477
40.37	-119.4	1927.8	16.524179
39.79	-119.01	237.6	16.215477
46.89	-120.39	46	9.7773581
46.61	-119.12	77	9.7773581
43.16	-124.22	42	9.2272873
43.15	-124.22	42	8.97577
46.36	-119.27	64	9.543684
46.43	-119.28	60	9.543684
46.44	-119.4	66	9.543684
42.15	-121.68	59	8.7200031
44.78	-121.98	879	9.8749847
47.07	-122.22	23	9.7773581
43.47	-119.86	117.6	9.5357075
43.52	-119.72	105	9.5357075
43.22	-119.25	88	9.2272873
43.44	-119.02	42	9.5350513
43.19	-119.89	84	9.2272873
43.71	-119.93	63	9.5827484
43.66	-119.94	63	9.5827484
43.62	-120.47	83	9.5827484
42.06	-121.62	42	8.7200031
38.8	-122.71	146	17.725136
44.45	-122.8	31	9.8749847
40.91	-119.09	63	16.676729
45.18	-121.07	97	9.5008411
48.68	-126.87	60.8	5.5437579
48.69	-126.87	63.7	5.5437579
48.69	-126.87	59.6	5.5437579
48.69	-126.87	53.9	5.5437579
48.69	-126.88	68.9	5.5437579
48.69	-126.86	53.3	5.5437579
48.69	-126.87	57.6	5.5437579
48.69	-126.88	61.5	5.5437579
44.14	-122.02	126	9.8749847
44.14	-122.02	126	9.8749847
43.66	-119.08	74.6	9.5827484
43.66	-119.08	75	9.5827484
43.66	-119.08	74.3	9.5827484
43.72	-119.09	84	9.8749847
43.72	-119.09	83.9	9.8749847
44.22	-122.05	78	9.8749847
44.22	-122.05	78	9.8749847
44.2	-122.03	117	9.8749847
44.16	-122.09	109	9.8749847
44.16	-122.09	109	9.8749847
45.84	-119.67	113	9.544672
38.91	-122.77	246	17.725136
38.81	-122.68	81	17.580811
39	-122.67	256	17.725136
45.73	-122.44	46	9.5560369
38.75	-122.65	246	17.580811
41.19	-120.95	96	18.00329
41.21	-119.06	157	16.815744
40.88	-119.1	70	16.676729
40.87	-119.17	86	16.676729
41.12	-120.95	289	18.00329
41.09	-121	63	18.00329
41.09	-121	88	18.00329
41.11	-121.09	92	18.00329
41.08	-119.02	95	16.815744
41.11	-121.09	67	18.00329
41.1	-121.19	44	18.00329
41.1	-121.19	44	18.00329
41.1	-121.19	88	18.00329
41.09	-121.16	59	18.00329
41.02	-119.06	81	16.676729
41.17	-121.05	63	18.00329
43.58	-120.01	136.8	9.5827484
43.52	-120.03	170.7	9.5357075
43.48	-120.1	99.4	9.5357075
41.11	-121.11	92	18.00329
40.91	-119.14	90	16.676729
45.71	-121.31	52	9.5560369
39.03	-122.66	116	17.725136
39.03	-122.66	370	17.725136
40.78	-119.34	294.8	16.815744
40.87	-119.34	979.5	16.815744
40.71	-119.33	25.5	16.676729
40.76	-119.32	25.5	16.676729
40.78	-119.36	866.3	16.815744
40.9	-119.36	216.6	16.815744
40.87	-119.27	124.9	16.815744
40.81	-119.22	79	16.676729
40.84	-119.24	221.7	16.676729
40.92	-119.37	51	16.815744
40.93	-119.4	51	16.951086
40.69	-119.3	51	16.676729
40.87	-119.23	114.7	16.815744
40.73	-119.25	33.1	16.676729
40.77	-119.25	56.1	16.676729
40.8	-119.29	30.6	16.676729
40.78	-119.3	25.5	16.676729
40.81	-119.34	53.5	16.815744
44.8	-121.91	181	9.8749847
44.8	-121.91	181	9.8749847
42.02	-123.84	46	8.7200031
44.6	-122.06	96	9.8749847
42.19	-120.34	141	8.7200031
48.67	-126.85	59.5	5.752306
48.67	-126.85	60.7	5.752306
48.67	-126.85	58	5.752306
48.67	-126.85	57.6	5.752306
48.67	-126.85	57.4	5.752306
48.67	-126.85	55.6	5.752306
48.67	-126.85	56.5	5.752306
48.67	-126.85	58	5.752306
48.67	-126.85	55.8	5.752306
48.67	-126.85	61.5	5.752306
48.67	-126.85	57.4	5.752306
48.67	-126.85	61.4	5.752306
48.67	-126.85	37.5	5.752306
48.67	-126.85	60.4	5.752306
42.23	-121.76	1162	8.7200031
42.64	-119.09	45	8.7200031
39.16	-119.77	100	16.215477
45.36	-121.94	100	9.5483627
42.9	-121.99	481	8.5052891
42.9	-121.99	481	8.5052891
45.63	-121.36	49	9.5370016
46.15	-123.88	40	9.5399418
46.6	-120.35	80	9.7773581
46.52	-120.01	54	9.6252508
40.36	-119.4	309.4	16.524179
40.38	-119.4	1510.6	16.524179
40.42	-119.44	83.7	16.524179
40.36	-119.42	498.7	16.524179
40.38	-119.44	149.2	16.524179
39.39	-119.71	217.9	16.215477
38.76	-122.65	268	17.580811
38.74	-122.66	277	17.580811
38.73	-122.65	241	17.580811
38.73	-122.66	209	17.580811
38.73	-122.66	236	17.580811
38.73	-122.65	161	17.580811
38.99	-122.62	146	17.725136
38.98	-122.62	136	17.725136
39.01	-122.6	154	17.725136
38.99	-122.65	146	17.725136
39.03	-122.65	186	17.725136
39.01	-122.64	241	17.725136
38.99	-122.65	276	17.725136
38.99	-122.63	607	17.725136
38.99	-122.64	217	17.725136
43.88	-122.37	112	9.5827484
45.65	-123.17	18	9.5370016
42.66	-119.74	28.8	8.7200031
45.09	-122.09	41.8	9.68153
44.8	-121.88	55.4	9.8749847
44.45	-121.99	51.6	9.8749847
44.46	-121.98	69	9.8749847
44.41	-122.04	206	9.8749847
39.03	-122.57	146	17.725136
45.09	-122.25	88.7	9.68153
45.03	-122.16	70.1	9.831625
44.93	-122.15	20.9	9.8163719
44.97	-122.14	34.2	9.831625
45	-122.13	72.2	9.831625
38.77	-122.97	204	17.834578
42.09	-121.7	59	8.7200031
39.7	-122.88	88	18.00329
42.7	-120.57	515	8.7200031
42.69	-120.57	515	8.7200031
44.44	-122.12	113	9.8749847
39.39	-119.78	397.7	16.215477
45.9	-119.22	42	9.5405912
39.6	-119.05	134	16.215477
39.7	-119.1	31	16.215477
39.53	-119	76	16.215477
39.6	-119.1	130.5	16.215477
43.8	-122.42	46	9.5827484
44.06	-122.79	42	9.8100004
42.2	-121.74	130	8.7200031
42.24	-120.36	1222	8.7200031
40.38	-120.64	1400	17.370102
47.51	-121.35	64	9.7773581
47.68	-121.65	32	9.7773581
48.61	-120.38	73	9.57864
44.8	-124.06	34	9.8749847
45.47	-121.2	63	9.5407829
45.98	-121.62	77	9.5455904
46.13	-121.77	61	9.5399418
46.05	-121.75	84	9.5455904
46.58	-119.52	64	9.7773581
39.79	-119.01	1069.3	16.215477
39.82	-119	923.3	16.215477
40.65	-119.37	335	16.676729
40.67	-119.37	2720	16.676729
39.8	-119.01	10234.4	16.215477
39.78	-119.01	3088.8	16.215477
39.79	-119.02	1184.8	16.215477
41.75	-121.3	172	8.7112598
40.32	-119.04	68.8	16.215477
40.41	-119.02	63.7	16.215477
40.17	-119.17	147.8	16.215477
40.22	-119.2	203.8	16.215477
40.5	-119.02	107	16.364212
40.6	-119.09	73.9	16.364212
40.26	-119.09	45.9	16.215477
40.31	-119.13	71.3	16.215477
40.38	-119.24	56.1	16.364212
40.3	-119.23	81.5	16.364212
40.4	-119.12	79	16.364212
40.47	-119.12	91.7	16.364212
40.49	-119.21	73.9	16.524179
40.57	-119.18	40.8	16.524179
37.51	-122.13	85	16.364212
43.78	-121.46	13	9.5827484
43.67	-120.02	8.8	9.5827484
46.35	-121.59	115	9.543684
46.34	-121.7	125	9.5389538
46.35	-121.55	54	9.543684
46.11	-121.32	64	9.5399418
46.02	-121.6	26	9.5455904
45.81	-121.95	156	9.544672
46.72	-121.51	149	9.7773581
46.39	-121.54	145	9.543684
46.3	-121.71	75	9.5389538
46.23	-121.66	85	9.546627
46.2	-121.83	60	9.546627
45.8	-121.67	50	9.544672
48.77	-121.81	628	9.2849312
48.77	-121.81	2990	9.2849312
46.65	-121.33	132	9.7773581
46.14	-119.63	56	9.5399418
46.25	-119.4	69	9.546627
45.96	-119.88	78	9.5455904
47.71	-121.14	138	9.7773581
47.72	-121.12	98	9.7773581
47.43	-121.41	49	9.7773581
46.65	-121.28	111	9.7773581
45.81	-121.95	106	9.544672
47.03	-121.7	58	9.7773581
45.92	-120.19	44	9.5405912
42.22	-122.74	105	8.7200031
42.2	-122.71	108	8.7200031
42.22	-122.74	105	8.7200031
42.22	-122.74	105	8.7200031
42.12	-122.38	50	8.7200031
42.12	-122.38	50	8.7200031
42.2	-122.7	55	8.7200031
42.2	-122.7	55	8.7200031
42.19	-122.69	45	8.7200031
42.19	-122.69	45	8.7200031
42.18	-122.67	47	8.7200031
37.63	-119.08	174	16.19442
39.41	-119.75	5904.8	16.215477
45.84	-122.53	41	9.544672
42.16	-121.7	67	8.7200031
39.79	-119.01	280.9	16.215477
42.1	-121.9	13	8.7200031
42.15	-121.68	63	8.7200031
40.73	-124.21	52.77	8.9923286
43.93	-122.91	41	9.5827484
42.09	-120.06	89.5	18.00329
44.55	-121.96	97	9.8749847
44.98	-121.85	7	9.831625
44.91	-121.88	107	9.8163719
40.65	-119.38	289	16.676729
40.9	-119.31	113	16.815744
40.93	-119.32	46	16.815744
40.98	-119.33	54	16.951086
40.66	-119.35	79	16.676729
40.67	-119.36	305	16.676729
40.8	-119.33	37	16.815744
40.83	-119.33	71	16.815744
40.88	-119.33	268	16.815744
40.89	-119.32	134	16.815744
40.89	-119.31	75	16.815744
40.91	-119.32	92	16.815744
43.76	-122.43	47	9.5827484
45.12	-122.16	95	9.68153
40.85	-119.34	300.7	16.815744
40.85	-119.33	130	16.815744
40.87	-119.31	255	16.815744
40.79	-119.34	920	16.815744
39.89	-119.13	104.5	16.215477
39.84	-119.12	112.1	16.215477
39.9	-119.11	175.8	16.215477
39.89	-119.09	135	16.215477
39.98	-119.05	155.4	16.215477
39.92	-119.09	206.4	16.215477
39.94	-119.05	117.2	16.215477
39.96	-119.01	81.5	16.215477
39.96	-119.02	28	16.215477
39.94	-119.02	81.5	16.215477
45.63	-121.48	65.3	9.5370016
44.73	-122.18	61	9.8749847
39.43	-123.73	84	18.287436
37.65	-122.01	140	16.364212
43.58	-119.93	328.7	9.5827484
43.54	-119.91	132.5	9.5357075
43.51	-119.91	219.1	9.5357075
43.51	-119.96	122.3	9.5357075
43.5	-119.01	257.3	9.5357075
43.51	-120.09	186	9.5357075
43.54	-120.13	262.4	9.5357075
43.58	-120.1	265	9.5827484
43.6	-120.01	272.6	9.5827484
43.54	-120.01	104.6	9.5357075
43.59	-120.14	142.7	9.5827484
43.62	-120.07	188.6	9.5827484
43.6	-119.93	122.3	9.5827484
43.57	-119.88	126.8	9.5827484
43.57	-119.97	331.2	9.5827484
43.56	-120	107	9.5827484
43.55	-119.99	66.2	9.5357075
43.58	-120.05	137.6	9.5827484
43.64	-119.98	122.3	9.5827484
43.55	-119.98	366.1	9.5357075
43.57	-120.18	234.4	9.5827484
43.5	-119.82	108.8	9.5357075
43.55	-119.91	186.6	9.5357075
43.52	-120.15	63.7	9.5357075
43.5	-119.91	127.4	9.5357075
43.56	-119.97	160.5	9.5827484
43.56	-119.96	313.4	9.5827484
43.47	-119.89	145	9.5357075
43.47	-119.89	128.9	9.5357075
43.51	-119.9	163.2	9.5357075
43.51	-119.9	120.3	9.5357075
43.52	-120	103.6	9.5357075
43.55	-119.84	69.5	9.5357075
43.57	-119.88	115.5	9.5827484
43.65	-119.92	77.4	9.5827484
43.48	-120.1	81.2	9.5357075
43.52	-120.03	123	9.5357075
43.52	-119.7	130.1	9.5357075
43.53	-119.97	229.3	9.5357075
43.56	-119.95	127.4	9.5827484
43.51	-119.96	89.2	9.5357075
43.55	-120.01	89.2	9.5357075
43.54	-119.96	188.6	9.5357075
43.56	-119.93	145.2	9.5827484
43.54	-119.92	86.6	9.5357075
43.51	-119.95	86.6	9.5357075
38.82	-122.89	204	17.834578
38.78	-122.87	194	17.725136
38.79	-122.86	181	17.725136
38.78	-122.85	195	17.725136
38.81	-122.62	179	17.580811
38.78	-122.62	177	17.580811
38.79	-122.62	183	17.580811
38.77	-122.63	187	17.580811
38.76	-122.61	160	17.580811
38.77	-122.63	177	17.580811
38.8	-122.62	157	17.580811
38.79	-122.62	160	17.580811
38.75	-122.64	191	17.580811
43.64	-121.24	151	9.5827484
43.64	-121.24	151	9.5827484
43.83	-121.25	96	9.5827484
43.83	-121.25	96	9.5827484
38.92	-122.88	146	17.834578
38.9	-122.87	181	17.834578
38.75	-122.59	154	17.580811
38.73	-122.61	157	17.580811
38.87	-122.91	202	17.834578
38.89	-122.9	239	17.834578
40.61	-119.4	98	16.676729
40.62	-119.37	76.4	16.676729
38.89	-122.9	164	17.834578
38.9	-122.91	153	17.834578
38.8	-122.89	153	17.725136
38.8	-122.59	144	17.580811
38.9	-122.57	161	17.580811
38.9	-122.56	164	17.580811
38.71	-122.68	160	17.580811
42.19	-121.71	105	8.7200031
42.03	-120.3	97	18.00329
44.77	-122.56	67	9.8749847
46.61	-120.38	42	9.7773581
43.8	-123.88	36.8	9.5827484
43.21	-123.25	25	9.2272873
43.21	-123.25	25	9.2272873
46.54	-122.48	32	9.6252508
40.77	-119.13	242.2	16.524179
40.77	-119.17	21	16.676729
40.77	-119.15	406	16.676729
40.77	-119.15	1302	16.676729
40.77	-119.15	924	16.676729
40.77	-119.15	84	16.676729
40.71	-119.29	71	16.676729
40.77	-119.22	59	16.676729
39.52	-119.75	127.7	16.215477
40.82	-119.17	92	16.676729
40.84	-119.14	109	16.676729
40.8	-119.13	67	16.676729
40.77	-119.18	88	16.676729
45.6	-119.6	59	9.5370016
45.9	-122.66	42	9.5405912
40.55	-124.18	77.51	9.0263643
40.77	-119.25	67	16.676729
42.49	-123.38	40	8.1746902
40.65	-119.35	210	16.676729
39.97	-119.03	188.6	16.215477
39.99	-119.35	180.9	16.215477
40	-119.07	191.1	16.215477
39.98	-119.04	145.2	16.215477
39.98	-119.01	173.3	16.215477
39.96	-119.07	81.5	16.215477
39.96	-119.06	81.5	16.215477
39.38	-119.73	4252.5	16.215477
39.4	-119.75	3950	16.215477
39.39	-119.75	2780	16.215477
39.39	-119.75	3584	16.215477
39.39	-119.75	3088	16.215477
39.4	-119.75	4585	16.215477
39.39	-119.77	3296	16.215477
39.39	-119.75	8052.5	16.215477
39.39	-119.75	231	16.215477
39.39	-119.75	1688.4	16.215477
39.59	-119.11	139.2	16.215477
38.87	-122.73	278	17.725136
38.92	-122.8	334	17.834578
41.86	-123.37	36	8.7200031
44.61	-123.3	44	9.8749847
45.65	-121.47	41	9.5370016
44.59	-120.92	85	9.8749847
39.41	-119.75	2262.3	16.215477
42.46	-121.37	48.3	8.7200031
42.46	-121.37	64	8.7200031
39.5	-119.75	97.9	16.215477
42.22	-120.35	1426	8.7200031
42.22	-120.35	2862	8.7200031
40.71	-119.43	83.7	16.815744
44.25	-120.97	109	9.8749847
44.24	-120.97	109	9.8749847
43.21	-119.04	126	9.2272873
43.21	-119	128	9.2272873
38.85	-122.8	282.4	17.725136
42.18	-121.7	38	8.7200031
42.22	-120.36	895	8.7200031
38.77	-122.82	219.1	17.725136
37.49	-119.3	54	16.19442
43.95	-122.9	45	9.5827484
42.13	-121.74	63	8.7200031
39.05	-122.74	172	17.834578
38.94	-122.69	214	17.725136
43.69	-122.37	156	9.5827484
42.19	-121.77	92	8.7200031
40.39	-119.42	20.4	16.524179
40.39	-119.41	0.6	16.524179
40.39	-119.42	134.7	16.524179
42.17	-121.68	21	8.7200031
45.7	-121.24	42	9.5560369
41.73	-121.67	17	8.7112598
43.9	-121.36	59	9.5827484
43.91	-121.36	60.9	9.8749847
46.33	-120.78	74	9.5389538
41.83	-121.55	100	8.7181835
42.7	-122.6	105	8.0918245
42.7	-122.6	105	8.0918245
42.7	-122.6	93	8.0918245
42.7	-122.6	93	8.0918245
42.22	-120.36	992	8.7200031
42.22	-120.36	118	8.7200031
47.94	-128.9	84	0.43398958
47.92	-128.85	136	0.66285837
47.9	-128.74	440	0.91232389
47.74	-127.91	345	2.9722376
47.73	-127.88	129	2.9722376
47.87	-128.59	439	1.1679138
47.85	-128.47	334	1.414219
47.89	-128.66	900	0.91232389
47.79	-128.21	267	2.1661963
42.01	-121.82	13	8.7200031
46.53	-122.56	31	9.6252508
42.19	-120.35	146	8.7200031
39.51	-119.65	295.6	16.215477
38.83	-121.17	26	16.676729
39.39	-119.72	425.5	16.215477
40.39	-121.54	132	18.00329
40.36	-121.5	231	18.00329
40.41	-121.45	85	18.00329
40.37	-120.95	97	17.580811
44.55	-122.03	82	9.8749847
39.03	-122.43	109	17.580811
46.57	-120.17	53	9.7773581
42.64	-122.82	42	8.1765585
42.64	-122.82	42	8.1765585
45.7	-121.42	52	9.5560369
39.39	-119.76	8295	16.215477
42.37	-120.57	126	8.7200031
41.63	-121.37	29	17.755274
41.7	-121.35	144.6	17.755274
41.7	-121.35	243	17.755274
46.3	-122.87	21	9.5389538
42.22	-121.78	377	8.7200031
46.58	-123.03	47	9.7773581
42.24	-121.77	1488.2	8.7200031
45.61	-121.23	69	9.5370016
42.38	-122.53	49	8.7200031
47.17	-119.32	81	9.7773581
41.65	-121.18	78	17.755274
41.56	-121.12	147	18.100437
41.74	-121.87	8	8.7112598
41.59	-121.96	13	8.7299252
41	-120.89	98	18.00329
41.27	-122.61	37	15.872827
41.83	-121.25	67	8.7181835
41.57	-122.88	18	8.7299252
41.56	-122.53	29	8.7299252
41.43	-122.5	39	8.7199984
41.89	-122.4	11	8.7200031
41.98	-122.32	72	8.7200031
41.9	-122.53	11	8.7200031
41.95	-122	142	8.7200031
41.73	-120.38	8	18.00329
44.43	-122.72	45	9.8749847
42.18	-120.36	125	8.7200031
42.18	-120.34	190	8.7200031
42.22	-120.36	2883	8.7200031
43.53	-120.09	277.7	9.5357075
40.41	-120.65	700	17.370102
39.9	-119.16	172.9	16.215477
39.9	-119.19	276.6	16.215477
39.88	-119.22	380.4	16.215477
39.91	-119.22	380.4	16.215477
39.8	-119.3	69.2	16.215477
39.94	-119.29	69.2	16.215477
39.99	-119.23	172.9	16.215477
39.85	-119.23	276.6	16.215477
39.88	-119.24	380.4	16.215477
39.9	-119.23	380.4	16.215477
39.92	-119.21	276.6	16.215477
39.91	-119.22	380.4	16.215477
39.96	-119.28	103.7	16.215477
39.95	-119.26	103.7	16.215477
39.96	-119.26	242.1	16.215477
39.96	-119.24	103.7	16.215477
39.97	-119.25	242.1	16.215477
39.92	-119.25	207.5	16.215477
39.89	-119.29	276.6	16.215477
39.89	-119.26	380.4	16.215477
39.84	-119.26	242.1	16.215477
39.86	-119.25	311.2	16.215477
39.92	-119.2	345.8	16.215477
39.88	-119.21	380.4	16.215477
39.89	-119.21	380.4	16.215477
39.92	-119.18	242.1	16.215477
39.88	-119.18	172.9	16.215477
39.93	-119.19	138.3	16.215477
39.82	-119.26	179.1	16.215477
39.85	-119.31	138.3	16.215477
39.88	-119.28	242.1	16.215477
39.88	-119.31	138.3	16.215477
39.83	-119.31	69.2	16.215477
38.85	-122.76	351	17.725136
38.85	-122.76	389	17.725136
38.86	-122.77	322	17.725136
38.86	-122.78	293	17.725136
38.87	-122.77	285	17.725136
38.86	-122.75	305	17.725136
38.86	-122.75	305	17.725136
38.94	-122.76	232	17.834578
42.21	-122.68	49	8.7200031
40.21	-119.15	84.1	16.215477
40.23	-119.14	33.1	16.215477
40.19	-119.18	84.1	16.215477
40.21	-119.23	61.2	16.215477
40.22	-119.22	150.3	16.215477
40.25	-119.21	63.7	16.215477
45.71	-121.87	46	9.5560369
45.32	-121.8	41	9.5414743
45.41	-121.82	110	9.5483627
45.37	-121.82	110	9.5483627
45.28	-121.74	95	9.5414743
43.32	-119.7	83.7	9.4671307
43.31	-119.77	83.7	9.4671307
43.32	-119.71	175.7	9.4671307
43.21	-119.52	142.3	9.2272873
43.2	-119.57	347.3	9.2272873
43.1	-119.73	46	8.97577
47.37	-120.3	58	9.7773581
39.39	-119.75	2659.7	16.215477
39.39	-119.75	748	16.215477
39.39	-119.76	2722.3	16.215477
39.91	-119.22	380.4	16.215477
44.33	-122.99	39	9.8749847
45.75	-121.12	56	9.5560369
43.75	-122.47	78	9.5827484
43.75	-122.47	87	9.5827484
44.15	-122.54	55.89	9.8749847
39.49	-119.8	122.4	16.215477
44.19	-123.83	30	9.8100004
44.71	-123.03	42	9.8749847
38.89	-122.61	75.3	17.580811
38.89	-122.64	242.7	17.725136
38.9	-122.65	192	17.725136
38.91	-122.63	157.8	17.725136
38.88	-122.72	117.2	17.725136
38.95	-122.85	62	17.834578
38.76	-122.64	125	17.580811
38.99	-122.82	8.4	17.834578
38.76	-122.64	130	17.580811
38.8	-122.56	192.4	17.580811
38.88	-122.62	71.1	17.580811
38.88	-122.62	58.6	17.580811
46.15	-124.41	39.5	9.5399418
44.22	-124.47	39.9	9.8100004
44.5	-124.42	44.7	9.8749847
44.86	-124.28	46.2	9.8163719
43.26	-124.59	43.2	9.4671307
44.06	-124.65	48.8	9.5543547
45.44	-119.78	46	9.5483627
42.23	-121.77	746.2	8.7200031
42.23	-121.77	1150	8.7200031
45.61	-122.13	80	9.5370016
37.25	-122.4	116.3	17.13776
42.24	-121.78	975	8.7200031
38.9	-122.86	283	17.834578
38.86	-122.87	274	17.834578
38.98	-122.89	94	17.834578
38.97	-122.89	96	17.834578
38.96	-122.81	105	17.834578
38.88	-122.78	217	17.725136
46.82	-120.66	37	9.7773581
45.73	-122.41	36	9.5560369
43.59	-122.23	127	9.5827484
39.53	-119.76	162.1	16.215477
39.53	-119.76	124.5	16.215477
43.84	-119.9	67	9.8749847
43.84	-119.9	105	9.8749847
42.21	-120.36	171	8.7200031
45.94	-120.97	50	9.5405912
44.27	-120.81	79	9.8749847
45.69	-120.13	114	9.5560369
38.1	-122.89	88.67	17.370102
38.85	-122.85	344.1	17.834578
38.84	-122.84	379.3	17.725136
39.74	-119.57	131	16.215477
39.74	-119.59	147.4	16.215477
39.74	-119.59	212.9	16.215477
39.74	-119.58	264.8	16.215477
39.81	-119.65	10.9	16.215477
48.69	-119.5	77	9.57864
44.84	-120.46	70	9.8749847
44.82	-120.56	85.5	9.8749847
44.84	-120.48	67.5	9.8749847
44.83	-120.49	70.6	9.8749847
44.82	-120.48	96.8	9.8749847
44.82	-120.54	198	9.8749847
44.86	-120.55	44.8	9.8163719
44.87	-120.55	69	9.8163719
45.03	-121.96	341	9.831625
44.78	-122.04	109	9.8749847
45.5	-122.31	218	9.5407829
45.02	-122.01	398	9.831625
44.2	-122.05	154	9.8749847
45.07	-121.96	341	9.68153
44.72	-121.91	117	9.8749847
44.56	-121.61	123	9.8749847
44.56	-121.61	123	9.8749847
43.72	-122.42	57	9.5827484
43.72	-122.42	57	9.5827484
45.52	-122.27	54	9.5407829
45.51	-122.27	54	9.5407829
45.61	-122	81	9.5370016
43.72	-122.33	137	9.5827484
45.65	-121.95	209	9.5370016
45.34	-121.36	60	9.5414743
46.72	-121.58	98	9.7773581
46.52	-121.94	73	9.6252508
45.34	-121.92	70	9.5414743
45.28	-121.84	90	9.5414743
45.5	-122.28	55	9.5407829
45.5	-122.28	55	9.5407829
46.17	-122.27	45	9.546627
46.55	-122.85	37	9.6252508
45.63	-121.95	105	9.5370016
45.63	-121.95	105	9.5370016
46.64	-121.39	96	9.7773581
42.13	-121.8	38	8.7200031
45.72	-119.02	67	9.5560369
38.84	-122.63	196	17.580811
38.86	-122.67	231	17.725136
38.85	-122.66	231	17.725136
38.85	-122.66	219	17.725136
44.45	-122.83	30	9.8749847
42.01	-121.63	84	8.7200031
44.63	-122.72	38	9.8749847
38.7	-122.72	225	17.580811
39.48	-119.81	2998.8	16.215477
39.48	-119.79	358.2	16.215477
39.48	-119.79	81.9	16.215477
39.48	-119.81	1166.4	16.215477
39.48	-119.81	1380.6	16.215477
39.48	-119.81	1488.6	16.215477
39.48	-119.81	1657.8	16.215477
39.48	-119.83	830	16.215477
39.48	-119.81	132	16.215477
39.48	-119.81	754	16.215477
39.48	-119.81	3123	16.215477
39.5	-119.83	120.5	16.215477
39.48	-119.81	676	16.215477
39.48	-119.81	1090.8	16.215477
39.58	-119.81	334	16.215477
39.48	-119.79	698.4	16.215477
39.48	-119.79	880.2	16.215477
45.16	-122.11	88.43	9.5008411
42.04	-120.31	175	18.00329
42.04	-120.31	572	18.00329
39.39	-119.75	4727.5	16.215477
45.68	-121.31	46	9.5560369
42.13	-121.92	42	8.7200031
46.43	-119.78	56	9.543684
42.45	-121.36	155.7	8.7200031
39.54	-122.08	28	17.725136
39.54	-122.08	28	17.725136
39.62	-119.31	62.8	16.215477
37.1	-119.73	26	16.19442
39.4	-120.88	30	16.815744
46.43	-120.18	44	9.543684
39.45	-119.76	45	16.215477
39.34	-119.74	131.4	16.215477
39.34	-119.73	66.2	16.215477
39.37	-119.75	321.6	16.215477
39.34	-119.78	221.3	16.215477
39.45	-119.72	20.7	16.215477
39.39	-119.81	65.7	16.215477
39.43	-119.71	415	16.215477
39.33	-119.76	79	16.215477
39.42	-119.76	491	16.215477
39.37	-119.79	141.8	16.215477
39.43	-119.77	100.3	16.215477
39.4	-119.75	2188.9	16.215477
39.37	-119.77	536	16.215477
39.42	-119.74	397.7	16.215477
39.44	-119.73	255.9	16.215477
39.4	-119.74	1628.7	16.215477
39.32	-119.75	58.6	16.215477
39.4	-119.77	110.7	16.215477
39.31	-119.7	51	16.215477
39.31	-119.77	35.7	16.215477
39.29	-119.74	38.2	16.215477
39.36	-119.82	110.7	16.215477
39.38	-119.84	3.5	16.215477
39.41	-119.8	51.9	16.215477
39.37	-119.73	162.5	16.215477
45.39	-122.36	41	9.5483627
40.38	-119.4	546	16.524179
40.46	-119.4	200.2	16.524179
40.37	-119.4	157.1	16.524179
40.42	-119.41	2380	16.524179
40.43	-119.39	109.2	16.524179
40.36	-119.43	176.2	16.524179
40.39	-119.37	152.9	16.524179
40.38	-119.37	152.9	16.524179
40.44	-119.43	120.1	16.524179
40.44	-119.42	127.4	16.524179
40.43	-119.47	72.8	16.524179
40.41	-119.48	98.3	16.524179
40.39	-119.45	134.7	16.524179
40.37	-119.47	269.4	16.524179
40.34	-119.47	61.9	16.524179
40.32	-119.46	305.8	16.524179
40.34	-119.41	240.2	16.524179
48.67	-126.86	62.2	5.5437579
48.69	-126.9	7.5	5.5437579
48.68	-126.88	58	5.5437579
48.68	-126.88	58.7	5.5437579
48.68	-126.88	59.5	5.5437579
48.67	-126.88	59.4	5.5437579
48.67	-126.88	59.6	5.5437579
48.67	-126.88	59.3	5.5437579
48.67	-126.88	61.4	5.5437579
48.67	-126.87	58.8	5.5437579
48.67	-126.87	62.3	5.5437579
48.67	-126.86	59.4	5.5437579
48.67	-126.87	66	5.5437579
48.66	-126.87	63.8	5.5437579
48.67	-126.86	62	5.5437579
48.68	-126.86	60.7	5.5437579
48.68	-126.86	62.3	5.5437579
48.68	-126.86	60.3	5.5437579
48.68	-126.87	60.4	5.5437579
48.68	-126.87	60.4	5.5437579
48.68	-126.87	57.7	5.5437579
48.65	-126.91	74.2	5.0980859
48.66	-126.89	66.6	5.5437579
48.67	-126.88	75.7	5.5437579
48.67	-126.88	65	5.5437579
48.67	-126.88	65.9	5.5437579
48.67	-126.88	64.2	5.5437579
48.67	-126.87	67.9	5.5437579
48.67	-126.87	58.4	5.5437579
48.67	-126.87	59.4	5.5437579
48.67	-126.87	61.8	5.5437579
48.68	-126.86	61.9	5.5437579
48.65	-126.91	70	5.0980859
48.68	-126.86	61.4	5.5437579
48.68	-126.86	62.3	5.5437579
48.67	-126.88	64	5.5437579
48.67	-126.88	62.8	5.5437579
48.67	-126.87	64.2	5.5437579
48.67	-126.87	66.3	5.5437579
48.67	-126.87	66.6	5.5437579
48.67	-126.87	59.4	5.5437579
48.67	-126.86	59	5.5437579
48.68	-126.86	56.3	5.5437579
48.65	-126.91	66.2	5.0980859
48.68	-126.86	59	5.5437579
48.68	-126.86	60	5.5437579
48.68	-126.86	60.6	5.5437579
48.68	-126.85	60.4	5.752306
48.68	-126.85	56.4	5.752306
48.68	-126.85	52	5.752306
48.68	-126.85	42.3	5.752306
48.68	-126.84	42.4	5.752306
48.68	-126.84	38.4	5.752306
48.69	-126.84	41.8	5.752306
48.65	-126.9	67.1	5.0980859
48.69	-126.84	56.3	5.752306
48.69	-126.84	36.5	5.752306
48.69	-126.83	54.2	5.752306
48.69	-126.83	70.9	5.752306
48.69	-126.82	69.9	5.752306
48.69	-126.82	71.3	5.752306
48.69	-126.82	76.2	5.752306
48.7	-126.82	77.7	5.752306
48.7	-126.82	78.2	5.752306
48.66	-126.9	65.2	5.5437579
48.7	-126.81	63.5	5.752306
48.7	-126.81	65.8	5.752306
48.71	-126.79	61.1	5.752306
48.71	-126.79	43.5	5.752306
48.66	-126.9	71.3	5.5437579
48.66	-126.9	67.9	5.5437579
48.66	-126.9	68.8	5.5437579
48.66	-126.89	67.4	5.5437579
39.4	-119.75	5563.8	16.215477
44.19	-123.83	35	9.8100004
43.72	-121.29	221.4	9.5827484
41.55	-122.26	62	8.7135773
37.17	-120.07	19	16.19442
38.72	-122.69	140	17.580811
38.72	-122.69	167	17.580811
38.71	-122.72	154	17.580811
38.71	-122.73	270	17.580811
38.71	-122.76	280	17.580811
38.74	-122.73	328	17.580811
38.78	-122.68	283	17.580811
38.75	-122.78	319	17.725136
38.82	-122.9	111	17.834578
38.82	-122.91	164	17.834578
38.83	-122.9	156	17.834578
38.83	-122.9	219	17.834578
38.83	-122.92	290	17.834578
38.85	-122.91	58	17.834578
43.9	-121.03	46	9.8749847
43.87	-121.01	79	9.5827484
43.85	-120.99	54	9.5827484
46.73	-120.78	53	9.7773581
42.21	-121.72	148.4	8.7200031
43.54	-121.6	46	9.5357075
39.38	-119.73	2058.5	16.215477
39.9	-119.1	341.4	16.215477
39.6	-119.42	124.5	16.215477
40.4	-119.41	478.4	16.524179
39.63	-119.35	100.3	16.215477
39.66	-119.17	580	16.215477
39.67	-119.34	105	16.215477
39.67	-119.17	277.9	16.215477
39.87	-119.13	119.8	16.215477
39.93	-119.07	155.4	16.215477
39.9	-119.06	91.7	16.215477
39.64	-119.4	65.7	16.215477
39.89	-119.06	132.5	16.215477
39.91	-119.14	124.9	16.215477
39.91	-119.06	114.7	16.215477
39.93	-119.07	140.1	16.215477
39.65	-119.26	51.9	16.215477
39.82	-119.22	235.1	16.215477
39.82	-119.92	241.1	16.524179
39.84	-119.92	96.8	16.524179
39.96	-119.16	141.8	16.215477
39.95	-119.16	104.5	16.215477
40.02	-119.22	56.1	16.215477
39.67	-119.37	96.8	16.215477
40.03	-119.15	183.3	16.215477
40.06	-119.06	55.3	16.215477
39.8	-119.01	99	16.215477
39.8	-119.01	121	16.215477
39.8	-119.01	247.6	16.215477
45.78	-122.2	57	9.544672
45.77	-122.19	66	9.544672
45.77	-122.22	65	9.544672
45.78	-122.2	44	9.544672
45.77	-122.2	82	9.544672
44.16	-122.24	71	9.8749847
42.23	-121.77	4854.6	8.7200031
42.8	-120.1	47.9	8.7200031
39.37	-119.77	25.5	16.215477
42.24	-120.36	841	8.7200031
39.38	-119.73	6487.5	16.215477
39.38	-119.78	127.4	16.215477
39.76	-119	127.4	16.215477
42.17	-122.69	54	8.7200031
42.17	-122.69	54	8.7200031
46.53	-122.82	38	9.6252508
38.89	-122.79	737	17.725136
44.76	-121.96	105	9.8749847
44.77	-121.93	130	9.8749847
44.77	-121.93	130	9.8749847
44.76	-121.96	259	9.8749847
44.76	-121.96	259	9.8749847
44.75	-121.89	121	9.8749847
44.75	-121.89	121	9.8749847
44.76	-121.99	117	9.8749847
44.8	-121.99	75	9.8749847
44.8	-121.99	75	9.8749847
44.82	-121.94	88	9.8749847
44.82	-121.94	88	9.8749847
44.69	-121.93	159	9.8749847
44.69	-121.93	159	9.8749847
44.69	-121.89	121	9.8749847
44.69	-121.89	121	9.8749847
44.67	-121.93	117	9.8749847
44.67	-121.93	117	9.8749847
44.75	-121.94	142	9.8749847
44.73	-121.97	96	9.8749847
44.73	-121.97	96	9.8749847
44.69	-121.99	151	9.8749847
37.45	-122.03	85	16.215477
44.15	-122.12	120	9.8749847
44.15	-122.12	120	9.8749847
44.35	-122.07	101	9.8749847
44.35	-122.07	159	9.8749847
44.31	-122.01	67	9.8749847
44.3	-122.01	67	9.8749847
44.27	-121.97	78.7	9.8749847
44.15	-122.04	40.6	9.8749847
44.16	-122	80	9.8749847
44.46	-122.05	20.9	9.8749847
44.44	-122.01	37.7	9.8749847
44.42	-122.06	85	9.8749847
44.42	-122.06	85	9.8749847
43.3	-122.89	53	9.4671307
43.3	-122.89	53	9.4671307
40.39	-120.62	700	17.370102
40.51	-120.66	77	17.50819
40.45	-120.68	364	17.50819
40.4	-120.63	406	17.370102
40.41	-120.66	343	17.370102
40.4	-120.64	525	17.370102
40.39	-120.6	182	17.370102
40.38	-120.61	700	17.370102
40.37	-120.63	341.6	17.370102
40.44	-120.64	609	17.370102
40.43	-120.67	453.6	17.50819
40.43	-120.67	700	17.50819
41.62	-120.04	318	18.00329
38.84	-121.84	27	17.088528
41.74	-120.08	113	18.00329
39.46	-121.99	33	17.580811
41.66	-119.81	166.3	18.00329
38.92	-121.61	29	17.088528
42.02	-120.3	91	18.00329
44.84	-122.84	55	9.8749847
41.39	-119.79	2094.4	17.50819
40.06	-119.16	103.7	16.215477
39.99	-119.03	203.8	16.215477
40	-119.19	138.3	16.215477
41.38	-119.79	6132	17.50819
40.08	-119.02	107.2	16.215477
41.38	-119.78	128.8	17.50819
41.39	-119.79	1785	17.50819
39.96	-119.03	79	16.215477
39.95	-119.09	176.4	16.215477
40	-119.19	139.2	16.215477
41.38	-119.79	6521.2	17.50819
39.86	-119.16	169.4	16.215477
41.39	-119.78	508.2	17.50819
41.39	-119.78	128.8	17.50819
41.39	-119.79	1520.4	17.50819
41.47	-119.79	870.8	17.50819
41.37	-119.8	6132	17.50819
40.23	-119	152.2	16.215477
41.38	-119.79	1940.4	17.50819
39.98	-119.11	89.9	16.215477
40.04	-119.2	54.6	16.215477
40.01	-119.16	76.4	16.215477
40.03	-119.04	124.5	16.215477
41.39	-119.79	193.2	17.50819
40.14	-119.04	106.5	16.215477
39.95	-119.2	86.5	16.215477
39.99	-119.29	56.1	16.215477
39.92	-119.33	190.2	16.215477
40.09	-119.1	34.6	16.215477
40.06	-119.16	81.9	16.215477
40.1	-119.04	71	16.215477
41.38	-119.79	128.8	17.50819
42	-123.76	25	8.7200031
39.16	-119.19	57	16.215477
39.17	-120	73	16.215477
39.2	-119.98	59	16.215477
39.15	-120.02	76	16.215477
39.07	-120.03	67	16.215477
39.1	-120.07	75	16.215477
46.54	-122.62	21	9.6252508
39.51	-119.77	109.8	16.215477
40.42	-120.62	239.4	17.370102
40.37	-120.6	2195.2	17.370102
40.41	-120.49	449.1	17.217102
40.4	-120.47	66.4	17.217102
40.41	-120.46	92	17.217102
40.4	-120.44	58.7	17.217102
38.8	-122.84	183.5	17.725136
40.33	-120.41	53.6	17.217102
38.78	-122.82	306	17.725136
38.79	-122.81	354	17.725136
38.8	-122.84	403	17.725136
38.74	-122.7	412	17.580811
40.38	-120.63	61.3	17.370102
38.73	-122.69	367	17.580811
40.41	-120.67	293.4	17.370102
38.73	-122.7	167	17.580811
40.46	-120.62	170.9	17.370102
38.73	-122.71	248	17.580811
38.73	-122.71	184	17.580811
38.79	-122.83	283	17.725136
40.41	-120.46	97	17.217102
38.81	-122.86	370	17.725136
38.81	-122.84	74	17.725136
38.81	-122.84	599	17.725136
38.8	-122.86	290	17.725136
38.8	-122.85	184	17.725136
38.89	-122.67	257	17.725136
38.88	-122.6	154	17.580811
38.75	-122.8	223	17.725136
38.75	-122.8	256.2	17.725136
38.75	-122.8	192	17.725136
38.75	-122.8	251.2	17.725136
38.75	-122.78	314.7	17.725136
38.76	-122.78	268.5	17.725136
38.74	-122.78	424.6	17.725136
38.74	-122.77	166	17.725136
38.74	-122.77	265.4	17.725136
38.79	-122.82	242	17.725136
38.73	-122.76	207	17.580811
38.73	-122.76	238	17.580811
38.74	-122.76	227.6	17.580811
38.74	-122.76	316	17.580811
38.74	-122.75	354	17.580811
38.75	-122.75	412	17.580811
38.73	-122.75	280	17.580811
38.74	-122.79	196	17.725136
38.74	-122.79	207	17.725136
38.73	-122.77	165	17.580811
38.73	-122.77	229	17.580811
38.73	-122.73	199	17.580811
38.73	-122.73	196	17.580811
38.78	-122.81	250	17.725136
38.79	-122.69	237	17.580811
38.8	-122.69	249	17.580811
38.78	-122.83	203	17.725136
38.9	-122.63	177	17.725136
38.92	-122.85	209	17.834578
38.79	-122.69	408	17.580811
38.73	-122.69	224	17.580811
38.77	-122.84	201	17.725136
38.77	-122.84	245	17.725136
38.77	-122.81	183	17.725136
38.77	-122.81	305	17.725136
45.3	-121.77	112	9.5414743
47.12	-120.68	41	9.7773581
42	-121.71	75	8.7200031
40.03	-119.01	193.6	16.215477
40.02	-119.02	183.3	16.215477
40.02	-119.02	183.3	16.215477
40.03	-119.02	186	16.215477
40.02	-119	200.6	16.215477
40.03	-119.01	140.1	16.215477
39.99	-119.04	214	16.215477
39.99	-119.04	226.8	16.215477
39.99	-119.01	180.9	16.215477
39.9	-119.22	527.4	16.215477
39.97	-119.25	244.6	16.215477
39.9	-119.13	168.2	16.215477
40.03	-119.09	38	16.215477
39.98	-119.03	175.8	16.215477
39.98	-119.02	165.6	16.215477
39.37	-119.71	107	16.215477
39.58	-119.52	363.1	16.215477
39.57	-119.52	127.9	16.215477
39.57	-119.54	622.4	16.215477
39.57	-119.54	1279.5	16.215477
39.57	-119.51	103.7	16.215477
39.53	-119.62	121	16.215477
39.57	-119.55	204	16.215477
39.58	-119.51	138.3	16.215477
39.58	-119.53	210.9	16.215477
39.59	-119.53	138.3	16.215477
39.59	-119.49	169.4	16.215477
39.58	-119.51	176.4	16.215477
42.45	-121.47	83	8.7200031
38.86	-122.89	272	17.834578
40.6	-119.42	33	16.676729
40.63	-119.4	100	16.676729
40.64	-119.37	100	16.676729
40.64	-119.36	71	16.676729
40.84	-119.31	46	16.815744
38.82	-122.8	583	17.725136
38.85	-122.8	84	17.725136
38.83	-122.74	475	17.725136
38.83	-122.8	580	17.725136
38.84	-122.8	396	17.725136
38.83	-122.81	689	17.725136
38.83	-122.79	575	17.725136
38.83	-122.91	363.9	17.834578
38.81	-122.8	660	17.725136
38.75	-122.83	177	17.725136
38.75	-122.83	162	17.725136
38.79	-122.81	235	17.725136
38.77	-122.77	361	17.725136
38.84	-122.76	580	17.725136
38.81	-122.77	283	17.725136
38.78	-122.67	201	17.580811
38.86	-122.75	243	17.725136
38.86	-122.67	208	17.725136
38.88	-122.72	126	17.725136
38.91	-122.68	117	17.725136
38.82	-122.79	457.2	17.725136
38.79	-122.8	445	17.725136
38.78	-122.75	1938	17.725136
38.85	-122.78	280	17.725136
38.76	-122.82	185	17.725136
38.76	-122.82	261	17.725136
38.79	-122.76	307	17.725136
38.8	-122.77	258	17.725136
38.87	-122.81	126	17.725136
38.93	-122.69	402	17.725136
38.77	-122.9	145	17.725136
38.78	-122.77	404	17.725136
38.8	-122.77	353	17.725136
38.8	-122.76	235	17.725136
38.82	-122.76	493	17.725136
38.84	-122.81	319	17.725136
38.84	-122.78	325	17.725136
38.86	-122.79	138	17.725136
38.87	-122.84	167	17.834578
38.92	-122.67	435	17.725136
38.91	-122.63	178	17.725136
38.93	-122.71	305	17.725136
38.93	-122.71	418	17.725136
38.86	-122.67	224	17.725136
38.89	-122.69	690	17.725136
38.83	-122.63	224	17.580811
38.89	-122.79	276	17.725136
38.74	-122.72	394	17.580811
38.76	-122.75	367.1	17.725136
38.83	-122.87	241.5	17.834578
38.7	-122.74	141	17.580811
38.7	-122.74	225.4	17.580811
38.68	-122.74	147.6	17.580811
38.89	-122.64	183	17.725136
38.99	-122.82	368	17.834578
38.99	-122.81	163	17.834578
38.97	-122.74	397.6	17.834578
38.77	-122.63	188	17.580811
38.94	-122.78	368	17.834578
38.86	-122.74	366	17.725136
38.8	-122.61	73	17.580811
38.91	-122.64	276	17.725136
38.87	-122.68	324	17.725136
39.06	-122.63	67	17.725136
38.75	-122.59	192	17.580811
38.77	-122.95	126	17.834578
38.91	-122.85	366	17.834578
38.94	-122.82	368	17.834578
38.91	-122.68	335	17.725136
38.94	-122.86	251	17.834578
38.93	-122.81	167	17.834578
44.56	-122.03	109	9.8749847
38.99	-122.64	54	17.725136
45.91	-121.05	47	9.5405912
44.23	-122.18	66	9.8749847
40.7	-119.35	43.7	16.676729
39.78	-119	1305.3	16.215477
39.76	-119.01	614.3	16.215477
45.44	-121.72	38	9.5483627
40.65	-119.37	1841	16.676729
40.65	-119.36	105	16.676729
40.65	-119.36	209	16.676729
40.65	-119.37	682	16.676729
40.65	-119.37	4180	16.676729
45.29	-121.71	73	9.5414743
42.1	-119.92	105	18.00329
45.42	-121.77	148	9.5483627
43.71	-121.23	1594	9.5827484
43.71	-121.23	1594	9.5827484
42.19	-120.38	77	8.7200031
45.67	-122.38	37	9.5560369
37.24	-122.07	97.5	16.352819
42.43	-121.37	87	8.7200031
42.43	-121.37	205.8	8.7200031
39.54	-119.78	143.6	16.215477
47.24	-124.19	36	9.8133631
39.34	-119.6	207.5	16.215477
39.43	-119.69	121	16.215477
39.43	-119.68	179.8	16.215477
39.42	-119.67	145.2	16.215477
39.4	-119.65	100.3	16.215477
39.4	-119.67	1549.2	16.215477
39.53	-119.69	86.5	16.215477
42.11	-121.87	109	8.7200031
39.41	-119.75	4978.6	16.215477
40.4	-120.62	910	17.370102
38.78	-119.17	731.3	16.215477
38.77	-119.15	109.6	16.215477
38.78	-119.17	282.8	16.215477
38.77	-119.16	193.6	16.215477
38.78	-119.14	76.4	16.215477
38.77	-119.13	122.3	16.215477
38.77	-119.15	224.2	16.215477
38.76	-119.16	405.1	16.215477
38.77	-119.18	733.8	16.215477
38.77	-119.17	519.8	16.215477
38.75	-119.18	463.7	16.215477
38.76	-119.15	392.4	16.215477
38.77	-119.14	183.5	16.215477
38.78	-119.13	147.8	16.215477
38.78	-119.13	155.4	16.215477
38.77	-119.12	81.5	16.215477
38.79	-119.17	466.3	16.215477
38.77	-119.16	244.6	16.215477
38.79	-119.17	468.8	16.215477
38.8	-119.17	237	16.215477
38.8	-119.16	152.9	16.215477
38.81	-119.17	188.6	16.215477
38.81	-119.17	84.1	16.215477
38.81	-119.17	196.2	16.215477
38.82	-119.18	175.8	16.215477
38.75	-119.19	127.4	16.215477
38.74	-119.19	53.5	16.215477
38.75	-119.17	158	16.215477
38.74	-119.17	63.7	16.215477
38.75	-119.14	275.2	16.215477
38.76	-119.15	252.3	16.215477
38.8	-119.16	122.3	16.215477
38.82	-119.18	331.2	16.215477
38.82	-119.19	555.5	16.215477
45.77	-121.12	44	9.544672
43.8	-122.31	82	9.5827484
45.12	-120.85	60	9.68153
39.47	-119.63	94	16.215477
46.62	-120.41	40	9.7773581
44.44	-122.99	25	9.8749847
42.14	-122.73	50	8.7200031
42.36	-121.98	42	8.7200031
39.04	-122.43	107	17.580811
39.39	-119.72	198.7	16.215477
38.91	-122.78	232	17.725136
42.33	-120.52	69	8.7200031
42.34	-120.52	113	8.7200031
42.34	-120.52	78	8.7200031
44.89	-122.69	48	9.8163719
44.89	-122.69	48	9.8163719
42.2	-121.73	126	8.7200031
41.02	-119.56	106.9	17.088528
46.83	-120.21	47	9.7773581
38.93	-119.07	78	16.215477
45.73	-122.44	42	9.5560369
44.85	-121.83	110	9.8163719
42.24	-120.36	794	8.7200031
42.24	-120.36	1221	8.7200031
42.01	-120.3	96	18.00329
44.21	-121.03	148	9.8749847
42.22	-120.35	3309	8.7200031
42.22	-120.35	1425	8.7200031
42.22	-120.34	309	8.7200031
44.23	-120.97	99	9.8749847
42.22	-120.36	991	8.7200031
42.21	-120.36	158	8.7200031
42.04	-120.31	51	18.00329
42.04	-120.31	174	18.00329
42.21	-120.36	1895	8.7200031
42.02	-120.3	90	18.00329
44.85	-121.83	110	9.8163719
42.37	-120.45	134	8.7200031
45.68	-119.84	58	9.5560369
45.7	-120.14	54	9.5560369
45.7	-120.14	54	9.5560369
45.7	-120.14	54	9.5560369
44.55	-122.81	50	9.8749847
42.82	-122.94	61	8.0320463
45.47	-121.2	58	9.5407829
42.34	-120.54	71	8.7200031
42.37	-120.57	125	8.7200031
45.69	-120.13	87	9.5560369
42.33	-120.57	100	8.7200031
42.36	-121.98	41	8.7200031
42.33	-120.52	66	8.7200031
43.54	-119.95	192	9.5357075
42.33	-120.57	100	8.7200031
40.84	-127.52	54	0.009965586
38.59	-127.27	32	31.536203
38.32	-124.03	73	19.94416
38.5	-124.26	70	20.470812
37.93	-123.83	79	20.19767
37.79	-124.28	84	22.031677
38.42	-126.14	117	27.247425
38.43	-126.33	86	28.011539
38.49	-126.79	108	29.741478
38.53	-127.06	28	30.950256
38.57	-127.21	36	31.244743
39.03	-130	24	30.501097
38.49	-126.72	59	29.393053
38.59	-127.52	13	32.307262
38.75	-128.98	20	30.290819
38.52	-127.14	53	30.950256
38.49	-126.72	59	29.393053
38.46	-126.48	75	28.539879
37.47	-123.84	82	21.01218
38	-124.89	70	23.57716
38.17	-125.47	74	25.24065
38.4	-126.04	76	26.842258
39.2	-121.06	29	16.815744
40.91	-127.45	217	0.047450688
40.91	-127.5	219	0.047450688
40.9	-127.51	317	0.047450688
40.9	-127.52	707	0.047450688
40.91	-127.54	160	0.047450688
40.91	-127.45	201	0.047450688
40.91	-127.55	137	0.27203998
40.91	-127.56	409	0.27203998
40.91	-127.46	176	0.047450688
40.91	-127.47	155	0.047450688
40.91	-127.49	229	0.047450688
41	-127.51	2495	0.021391379
41	-127.51	1117	0.021391379
41	-127.5	3176	0.021391379
41	-127.55	851	0.27136731
41	-127.55	670	0.27136731
41	-127.54	482	0.021391379
41	-127.52	410	0.021391379
41	-127.52	726	0.021391379
40.96	-127.48	416	0.021391379
40.96	-127.49	396	0.021391379
40.96	-127.5	207	0.021391379
40.96	-127.52	160	0.021391379
40.96	-127.53	219	0.021391379
40.96	-127.42	693	0.23963241
40.96	-127.42	444	0.23963241
40.93	-127.5	192	0.047450688
40.94	-127.52	133	0.047450688
40.93	-127.54	179	0.047450688
40.93	-127.55	204	0.27203998
40.93	-127.56	247	0.27203998
40.94	-127.46	174	0.047450688
40.93	-127.47	152	0.047450688
40.93	-127.49	160	0.047450688
48.44	-128.47	338	1.1955065
48.44	-128.47	493	1.1955065
48.44	-128.46	295	1.1955065
48.44	-128.45	293	1.3642263
48.44	-128.45	293	1.3642263
48.44	-128.44	292	1.3642263
48.44	-128.43	303	1.3642263
48.44	-128.42	330	1.3642263
48.44	-128.42	326	1.3642263
48.44	-128.41	310	1.3642263
48.44	-128.4	368	1.3642263
48.43	-128.4	369	1.3642263
48.43	-128.39	389	1.3642263
50.14	-130.45	441	0.64635819
49.17	-128.25	200	3.9386008
49.12	-128.97	181	2.3481965
50.57	-130.82	19	1.5733372
48.46	-128.67	170	0.59159386
49.17	-128.25	202	3.9386008
49.11	-128.96	177	2.3481965
50.47	-130.27	145	0.06584172
50.57	-130.83	16	1.5733372
49.11	-128.96	194	2.3481965
50.56	-130.84	13	1.5733372
50.13	-130.43	739	0.64635819
49.11	-128.96	200	2.3481965
50.56	-130.85	15	1.5733372
49.66	-130.09	156	0.59459901
49.18	-128.25	198	3.9386008
49.1	-128.95	225	2.6050727
50.55	-130.87	33	2.2212367
49.1	-128.95	188	2.6050727
50.55	-130.88	20	2.2212367
50.12	-130.42	382	0.64635819
48.46	-128.64	512	0.8665905
49.1	-128.94	204	2.6050727
50.54	-130.89	12	2.2212367
50.12	-130.41	258	0.64635819
49.66	-130.07	534	0.59459901
49.09	-128.94	187	2.6050727
49.65	-130.06	285	0.68830746
49.09	-128.93	175	2.6050727
48.46	-128.62	458	0.8665905
49.09	-128.93	187	2.6050727
48.46	-128.61	1360	0.8665905
50.14	-130.45	441	0.64635819
50.13	-130.44	723	0.64635819
50.13	-130.44	386	0.64635819
50.13	-130.43	739	0.64635819
50.12	-130.43	704	0.64635819
50.12	-130.42	382	0.64635819
50.12	-130.41	258	0.64635819
50.11	-130.41	218	0.64635819
50.11	-130.4	269	0.64635819
49.68	-130.11	96	0.59459901
49.67	-130.1	49	0.59459901
49.67	-130.1	152	0.59459901
49.66	-130.09	156	0.59459901
49.66	-130.08	106	0.59459901
49.66	-130.07	534	0.59459901
49.65	-130.06	285	0.68830746
49.65	-130.06	327	0.68830746
49.65	-130.05	342	0.68830746
49.64	-130.04	393	0.81696123
49.64	-130.04	274	0.81696123
49.64	-130.03	292	0.81696123
49.64	-130.03	344	0.81696123
49.63	-130.02	320	0.81696123
49.63	-130.01	268	0.81696123
49.62	-130	188	0.81696123
49.62	-130	81	0.81696123
49.62	-129.99	236	0.81696123
49.62	-129.98	366	0.81696123
49.61	-129.98	194	0.81696123
49.61	-129.97	100	0.81696123
49.61	-129.97	124	0.81696123
49.6	-129.96	272	0.81696123
49.6	-129.96	382	0.81696123
49.6	-129.95	390	1.0505846
48.46	-128.68	348	0.59159386
48.46	-128.67	170	0.59159386
48.46	-128.67	185	0.59159386
48.46	-128.66	376	0.59159386
48.46	-128.65	229	0.59159386
48.46	-128.65	526	0.59159386
48.46	-128.64	512	0.8665905
48.46	-128.63	209	0.8665905
48.46	-128.62	303	0.8665905
48.46	-128.62	458	0.8665905
48.46	-128.61	1360	0.8665905
48.46	-128.6	396	0.8665905
48.45	-128.59	155	0.8665905
48.45	-128.58	333	0.8665905
48.45	-128.57	145	0.8665905
48.45	-128.57	155	0.8665905
48.45	-128.56	134	0.8665905
48.45	-128.55	233	0.8665905
48.45	-128.53	173	1.1157724
48.45	-128.52	335	1.1157724
48.45	-128.52	389	1.1157724
48.45	-128.51	137	1.1157724
48.45	-128.5	145	1.1157724
48.45	-128.5	154	1.1157724
48.44	-128.49	171	1.1955065
48.44	-128.48	184	1.1955065
48.44	-128.47	338	1.1955065
48.44	-128.47	493	1.1955065
49.17	-128.25	200	3.9386008
49.17	-128.25	202	3.9386008
49.18	-128.25	192	3.9386008
49.18	-128.25	194	3.9386008
49.18	-128.25	198	3.9386008
49.12	-128.97	181	2.3481965
49.11	-128.96	177	2.3481965
49.11	-128.96	194	2.3481965
49.11	-128.96	200	2.3481965
49.1	-128.95	225	2.6050727
49.1	-128.95	188	2.6050727
49.1	-128.94	204	2.6050727
49.09	-128.94	187	2.6050727
49.09	-128.93	175	2.6050727
49.09	-128.93	187	2.6050727
50.73	-131.12	25	2.265857
50.73	-131.1	23	2.265857
50.73	-131.09	41	2.265857
50.73	-131.08	65	2.265857
50.47	-130.28	243	0.06584172
50.47	-130.27	145	0.06584172
50.48	-130.26	153	0.06584172
50.57	-130.82	19	1.5733372
50.57	-130.83	16	1.5733372
50.56	-130.84	13	1.5733372
50.56	-130.85	15	1.5733372
50.55	-130.87	33	2.2212367
50.55	-130.88	20	2.2212367
50.54	-130.89	12	2.2212367
49.64	-130.04	274	0.81696123
48.46	-128.6	396	0.8665905
48.45	-128.59	155	0.8665905
48.45	-128.58	333	0.8665905
49.63	-130.02	320	0.81696123
48.45	-128.57	145	0.8665905
48.45	-128.57	155	0.8665905
48.45	-128.56	134	0.8665905
48.45	-128.55	233	0.8665905
49.62	-130	81	0.81696123
49.62	-129.98	366	0.81696123
48.45	-128.53	173	1.1157724
48.45	-128.52	335	1.1157724
48.45	-128.52	389	1.1157724
48.45	-128.51	137	1.1157724
48.45	-128.5	145	1.1157724
48.45	-128.5	154	1.1157724
48.44	-128.49	171	1.1955065
48.44	-128.48	184	1.1955065
49.65	-130.06	327	0.68830746
49.65	-130.05	342	0.68830746
49.64	-130.04	393	0.81696123
49.64	-130.03	292	0.81696123
49.64	-130.03	344	0.81696123
49.63	-130.01	268	0.81696123
49.62	-130	188	0.81696123
49.62	-129.99	236	0.81696123
49.61	-129.98	194	0.81696123
49.6	-129.95	390	1.0505846
50.13	-130.44	723	0.64635819
49.18	-128.25	192	3.9386008
50.13	-130.44	386	0.64635819
49.18	-128.25	194	3.9386008
50.12	-130.43	704	0.64635819
49.66	-130.08	106	0.59459901
50.11	-130.41	218	0.64635819
48.36	-126.23	87	6.6210885
48.35	-126.24	92	6.6210885
48.35	-126.24	82	6.6210885
48.35	-126.25	83	6.40137
48.35	-126.25	81	6.40137
48.34	-126.26	90	6.5365396
48.32	-126.31	103	6.5365396
48.32	-126.33	66	6.5365396
48.31	-126.35	76	6.5365396
48.31	-126.37	91	6.2660885
48.3	-126.39	79	6.2660885
48.3	-126.42	95	6.2660885
48.29	-126.44	93	6.2660885
48.29	-126.46	89	5.9780002
48.28	-126.48	124	5.9780002
48.27	-126.5	119	5.9780002
48.27	-126.52	118	5.9780002
48.26	-126.55	103	5.7164354
48.26	-126.57	91	5.7164354
48.16	-126.61	106	5.7203693
48.15	-126.63	112	5.9089842
48.14	-126.64	115	5.9089842
48.14	-126.65	116	5.7152658
48.13	-126.66	114	5.7152658
48.13	-126.67	122	5.7152658
48.12	-126.68	127	5.7152658
48.12	-126.69	120	5.7152658
48.11	-126.7	118	5.7152658
48.11	-126.71	124	5.7152658
48.1	-126.72	123	5.7152658
48.09	-126.73	141	5.7152658
48.09	-126.74	142	5.7152658
48.08	-126.75	136	5.4567189
48.08	-126.76	121	5.4567189
48.07	-126.77	78	5.4567189
48.07	-126.78	135	5.4567189
48.56	-127.08	109	4.5077429
48.55	-127.09	108	4.3637662
48.55	-127.09	112	4.3637662
48.55	-127.1	118	4.3637662
48.55	-127.1	118	4.3637662
48.68	-126.84	89	5.752306
48.67	-126.86	96	5.5437579
48.67	-126.86	88	5.5437579
48.66	-126.87	92	5.5437579
48.66	-126.88	97	5.5437579
48.66	-126.89	96	5.5437579
48.65	-126.89	107	5.0980859
48.65	-126.9	107	5.0980859
48.64	-126.91	96	5.0980859
48.64	-126.92	103	5.0980859
48.64	-126.92	93	5.0980859
48.63	-126.93	84	5.0980859
48.63	-126.94	84	5.0980859
48.63	-126.95	109	4.8090472
48.62	-126.96	102	4.8090472
48.62	-126.96	110	4.8090472
48.61	-126.97	109	4.8090472
48.61	-126.98	110	4.8090472
48.76	-126.67	82	6.336699
48.74	-126.7	81	5.9347811
48.74	-126.72	75	5.9347811
48.73	-126.73	67	5.9347811
48.72	-126.75	82	5.752306
48.71	-126.76	72	5.752306
48.71	-126.78	92	5.752306
48.26	-126.37	95	6.2660885
48.26	-126.38	92	6.2660885
48.26	-126.39	95	6.2660885
48.25	-126.39	103	6.2521348
48.25	-126.4	94	6.2521348
48.25	-126.41	105	6.2521348
48.24	-126.41	106	6.2521348
48.24	-126.42	100	6.2521348
48.24	-126.42	95	6.2521348
48.24	-126.43	97	6.2521348
48.23	-126.44	99	6.2521348
48.23	-126.44	103	6.2521348
48.23	-126.45	109	6.2521348
48.23	-126.45	127	6.2521348
48.22	-126.46	101	5.9770608
48.22	-126.47	91	5.9770608
48.22	-126.47	94	5.9770608
48.21	-126.48	100	5.9770608
48.21	-126.48	93	5.9770608
48.21	-126.49	89	5.9770608
48.21	-126.5	66	5.9770608
48.2	-126.5	129	5.9770608
48.2	-126.51	46	5.9770608
48.2	-126.51	69	5.9770608
48.2	-126.52	67	5.9770608
48.19	-126.53	94	5.9770608
48.19	-126.53	115	5.9770608
48.19	-126.54	121	5.9770608
48.18	-126.54	97	5.9770608
48.18	-126.55	120	5.7203693
48.18	-126.56	110	5.7203693
48.18	-126.56	114	5.7203693
48.17	-126.57	112	5.7203693
48.17	-126.57	111	5.7203693
48.17	-126.58	114	5.7203693
48.17	-126.59	130	5.7203693
48.42	-126.97	147	4.6329985
48.43	-126.98	147	4.6329985
48.43	-126.98	142	4.6329985
48.44	-126.99	145	4.6329985
48.44	-127	145	4.6329985
48.45	-127	139	4.6428313
48.45	-127.01	117	4.6428313
48.36	-126.22	89	6.6210885
48.56	-127.08	109	4.5077429
48.56	-127.08	108	4.5077429
48.55	-127.09	112	4.3637662
48.55	-127.1	118	4.3637662
48.68	-126.84	89	5.752306
48.67	-126.85	96	5.752306
48.67	-126.86	88	5.5437579
48.67	-126.86	92	5.5437579
48.66	-126.87	97	5.5437579
48.66	-126.88	96	5.5437579
48.65	-126.89	107	5.0980859
48.65	-126.91	96	5.0980859
48.64	-126.91	103	5.0980859
48.64	-126.92	93	5.0980859
48.63	-126.93	84	5.0980859
48.63	-126.95	109	4.8090472
48.62	-126.95	102	4.8090472
48.62	-126.96	110	4.8090472
48.61	-126.97	109	4.8090472
48.61	-126.98	110	4.8090472
48.76	-126.67	82	6.336699
48.75	-126.69	81	5.9347811
48.74	-126.71	75	5.9347811
48.73	-126.73	67	5.9347811
48.72	-126.74	82	5.9347811
48.72	-126.76	72	5.752306
48.71	-126.78	92	5.752306
48.26	-126.37	95	6.2660885
48.26	-126.38	92	6.2660885
48.26	-126.38	95	6.2660885
48.25	-126.39	103	6.2521348
48.25	-126.39	94	6.2521348
48.25	-126.4	105	6.2521348
48.25	-126.41	106	6.2521348
48.24	-126.41	100	6.2521348
48.24	-126.42	95	6.2521348
48.24	-126.43	97	6.2521348
48.24	-126.43	99	6.2521348
48.23	-126.44	103	6.2521348
48.23	-126.44	109	6.2521348
48.23	-126.45	127	6.2521348
48.22	-126.46	101	5.9770608
48.22	-126.46	91	5.9770608
48.22	-126.47	94	5.9770608
48.22	-126.48	100	5.9770608
48.21	-126.48	93	5.9770608
48.21	-126.49	89	5.9770608
48.21	-126.49	66	5.9770608
48.2	-126.5	129	5.9770608
48.2	-126.51	46	5.9770608
48.2	-126.51	69	5.9770608
48.2	-126.52	67	5.9770608
48.19	-126.52	94	5.9770608
48.19	-126.53	115	5.9770608
48.19	-126.54	121	5.9770608
48.18	-126.54	97	5.9770608
48.18	-126.55	120	5.7203693
48.18	-126.56	110	5.7203693
48.18	-126.56	114	5.7203693
48.17	-126.57	112	5.7203693
48.17	-126.57	111	5.7203693
48.17	-126.58	114	5.7203693
48.17	-126.59	130	5.7203693
48.41	-126.97	147	4.6329985
48.42	-126.98	142	4.6329985
48.43	-126.99	145	4.6329985
48.44	-127	139	4.6329985
48.45	-127.01	117	4.6428313
48.36	-126.22	89	6.6210885
48.36	-126.23	87	6.6210885
48.36	-126.23	92	6.6210885
48.35	-126.24	82	6.6210885
48.35	-126.24	83	6.6210885
48.35	-126.25	81	6.40137
48.34	-126.26	90	6.5365396
48.33	-126.27	103	6.5365396
48.33	-126.28	66	6.5365396
48.32	-126.29	76	6.5365396
48.32	-126.3	91	6.5365396
48.31	-126.31	79	6.5365396
48.29	-126.51	95	5.9780002
48.28	-126.52	93	5.9780002
48.28	-126.52	89	5.9780002
48.27	-126.53	124	5.9780002
48.27	-126.54	119	5.9780002
48.27	-126.55	118	5.7164354
48.26	-126.56	103	5.7164354
48.26	-126.57	91	5.7164354
48.16	-126.61	106	5.7203693
48.15	-126.62	112	5.9089842
48.15	-126.63	115	5.9089842
48.14	-126.64	116	5.9089842
48.14	-126.65	114	5.7152658
48.13	-126.66	122	5.7152658
48.12	-126.67	127	5.7152658
48.12	-126.68	120	5.7152658
48.11	-126.69	118	5.7152658
48.11	-126.7	124	5.7152658
48.1	-126.72	123	5.7152658
48.1	-126.73	141	5.7152658
48.09	-126.74	142	5.7152658
48.09	-126.75	136	5.4567189
48.07	-126.77	78	5.4567189
48.07	-126.78	135	5.4567189
47.93	-128.85	166	0.66285837
47.92	-128.84	149	0.66285837
47.92	-128.84	94	0.66285837
47.92	-128.83	113	0.66285837
47.92	-128.82	111	0.66285837
47.92	-128.82	115	0.66285837
47.92	-128.81	98	0.66285837
47.91	-128.81	88	0.66285837
47.91	-128.8	96	0.66285837
47.91	-128.8	115	0.66285837
47.91	-128.79	131	0.66285837
47.9	-128.78	166	0.66285837
47.88	-128.73	247	0.91232389
47.88	-128.72	228	0.91232389
47.88	-128.71	249	0.91232389
47.87	-128.71	260	0.91232389
47.87	-128.7	290	0.91232389
47.87	-128.7	282	0.91232389
47.87	-128.69	357	0.91232389
47.86	-128.68	273	0.91232389
47.86	-128.67	290	0.91232389
47.86	-128.67	273	0.91232389
47.86	-128.66	333	0.91232389
47.86	-128.66	456	0.91232389
47.85	-128.64	334	1.1679138
47.85	-128.64	245	1.1679138
47.85	-128.63	275	1.1679138
47.96	-128.81	358	0.50150979
47.96	-128.81	478	0.50150979
47.95	-128.81	390	0.50150979
47.95	-128.81	386	0.50150979
47.94	-128.81	364	0.66285837
47.93	-128.83	304	0.66285837
47.93	-128.82	112	0.66285837
47.93	-128.82	153	0.66285837
47.92	-128.82	73	0.66285837
47.92	-128.83	175	0.66285837
47.91	-128.82	113	0.66285837
47.9	-128.83	110	0.66285837
47.9	-128.83	180	0.66285837
47.89	-128.83	139	0.66285837
47.89	-128.83	123	0.66285837
47.88	-128.83	114	0.66285837
47.87	-128.83	119	0.66285837
47.87	-128.84	125	0.66285837
47.86	-128.84	265	0.66285837
47.99	-128.79	208	0.50150979
47.99	-128.8	170	0.50150979
47.98	-128.8	172	0.50150979
47.98	-128.8	148	0.50150979
47.97	-128.81	177	0.50150979
47.97	-128.81	161	0.50150979
47.97	-128.83	131	0.50150979
47.96	-128.82	139	0.50150979
47.94	-128.76	91	0.66285837
47.94	-128.77	106	0.66285837
47.95	-128.78	111	0.50150979
47.95	-128.79	85	0.50150979
47.95	-128.8	85	0.50150979
47.95	-128.81	157	0.50150979
47.96	-128.83	92	0.50150979
47.82	-128.67	571	1.1115648
47.83	-128.67	542	1.1115648
47.84	-128.68	409	1.1115648
47.84	-128.68	427	1.1115648
47.85	-128.68	312	0.91232389
47.86	-128.68	298	0.91232389
47.87	-128.69	360	0.91232389
47.87	-128.69	274	0.91232389
47.88	-128.69	251	0.91232389
47.88	-128.7	291	0.91232389
47.88	-128.7	304	0.91232389
47.89	-128.7	266	0.91232389
47.86	-128.64	271	1.1679138
47.87	-128.64	274	1.1679138
47.87	-128.64	358	1.1679138
47.88	-128.65	245	0.91232389
47.88	-128.65	309	0.91232389
47.89	-128.65	298	0.91232389
47.89	-128.66	207	0.91232389
47.89	-128.66	384	0.91232389
47.89	-128.66	364	0.91232389
47.9	-128.66	398	0.91232389
47.9	-128.67	387	0.91232389
47.75	-127.22	146	4.6330013
47.75	-127.23	140	4.6330013
47.75	-127.24	146	4.6330013
47.76	-127.25	142	4.2658925
47.76	-127.26	143	4.2658925
47.76	-127.27	147	4.2658925
47.77	-127.33	161	4.2658925
47.78	-127.35	154	4.2658925
47.78	-127.35	166	4.2658925
47.78	-127.36	158	4.1103892
47.78	-127.37	181	4.1103892
47.79	-127.39	155	4.1103892
47.79	-127.4	145	4.1103892
47.84	-127.72	1164	3.3711357
47.84	-127.74	759	3.3711357
47.84	-127.75	310	3.1612465
47.84	-127.77	253	3.1612465
47.84	-127.77	223	3.1612465
47.85	-127.78	194	2.9645884
47.85	-127.79	213	2.9645884
47.85	-127.8	209	2.9645884
47.85	-127.81	237	2.9645884
47.85	-127.82	255	2.9645884
47.85	-127.82	277	2.9645884
47.85	-127.83	258	2.9645884
47.86	-127.84	269	2.9645884
47.86	-127.87	213	2.6994836
47.86	-127.91	221	2.6994836
47.85	-127.63	1741	3.4528952
47.85	-127.64	366	3.4528952
47.85	-127.65	460	3.1907601
47.86	-127.67	215	3.1907601
47.86	-127.67	200	3.1907601
47.86	-127.68	171	3.1907601
47.86	-127.7	202	3.1907601
47.86	-127.7	244	3.1907601
47.86	-127.71	326	3.1907601
47.86	-127.71	440	3.1907601
47.87	-127.72	1004	3.1907601
47.87	-127.72	1169	3.1907601
47.87	-127.72	353	3.1907601
47.87	-127.73	253	3.1907601
47.87	-127.74	300	3.1907601
47.87	-127.74	297	3.1907601
47.87	-127.62	720	3.4528952
47.9	-127.64	262	3.4528952
47.91	-127.64	225	3.4528952
47.92	-127.65	197	3.1907601
47.92	-127.65	170	3.1907601
47.93	-127.65	157	3.1907601
47.94	-127.66	153	3.1907601
47.86	-127.68	154	3.1907601
47.86	-127.68	177	3.1907601
47.87	-127.69	196	3.1907601
47.87	-127.69	244	3.1907601
47.88	-127.69	246	3.1907601
47.89	-127.7	223	3.1907601
47.89	-127.7	283	3.1907601
47.89	-127.7	338	3.1907601
47.9	-127.71	512	3.1907601
47.9	-127.71	988	3.1907601
47.91	-127.71	429	3.1907601
47.92	-127.71	277	3.1907601
47.92	-127.72	340	3.1907601
47.93	-127.72	273	3.1907601
47.94	-127.73	277	3.1907601
47.94	-127.73	279	3.1907601
47.95	-127.73	195	3.0129824
47.96	-127.74	178	3.0129824
47.96	-127.74	180	3.0129824
47.76	-127.63	159	3.5786738
47.83	-127.66	222	3.3711357
47.84	-127.67	196	3.3711357
47.84	-127.67	210	3.3711357
47.85	-127.67	260	3.1907601
47.85	-127.67	211	3.1907601
47.86	-127.68	199	3.1907601
47.82	-127.49	208	3.8465323
47.82	-127.49	185	3.8465323
47.82	-127.51	216	3.8465323
47.82	-127.52	146	3.8465323
47.83	-127.53	132	3.8465323
47.83	-127.54	132	3.8465323
47.83	-127.55	160	3.5786738
47.83	-127.56	251	3.5786738
47.84	-127.57	275	3.5786738
47.84	-127.58	393	3.5786738
47.84	-127.59	237	3.5786738
47.84	-127.6	197	3.5786738
47.84	-127.61	253	3.5786738
47.89	-127.49	221	3.7126944
47.91	-127.59	205	3.4528952
47.91	-127.59	224	3.4528952
47.72	-127.82	184	3.251128
47.72	-127.82	181	3.251128
47.72	-127.81	172	3.251128
47.72	-127.8	218	3.251128
47.71	-127.79	269	3.251128
47.71	-127.79	302	3.251128
47.71	-127.79	971	3.251128
47.71	-127.78	1234	3.251128
47.71	-127.78	465	3.251128
47.71	-127.78	434	3.251128
47.71	-127.78	311	3.251128
47.71	-127.77	227	3.251128
47.71	-127.77	210	3.251128
47.71	-127.76	197	3.251128
47.76	-127.76	179	3.1612465
47.7	-127.75	178	3.251128
47.7	-127.75	162	3.251128
47.86	-127.7	217	3.1907601
47.86	-127.7	214	3.1907601
47.86	-127.7	245	3.1907601
47.86	-127.71	309	3.1907601
47.86	-127.71	392	3.1907601
47.87	-127.72	564	3.1907601
47.87	-127.72	1066	3.1907601
47.87	-127.72	1003	3.1907601
47.87	-127.73	335	3.1907601
47.87	-127.73	214	3.1907601
47.87	-127.74	217	3.1907601
47.85	-127.73	266	3.1907601
47.85	-127.73	295	3.1907601
47.85	-127.72	452	3.1907601
47.85	-127.72	684	3.1907601
47.85	-127.72	485	3.1907601
47.85	-127.72	435	3.1907601
47.85	-127.72	367	3.1907601
47.85	-127.71	255	3.1907601
47.85	-127.7	208	3.1907601
47.79	-127.85	220	3.1612465
47.92	-128.72	171	0.91232389
47.92	-128.72	164	0.91232389
47.92	-128.71	170	0.91232389
47.92	-128.71	183	0.91232389
47.92	-128.7	168	0.91232389
47.92	-128.7	222	0.91232389
47.92	-128.69	236	0.91232389
47.92	-128.69	258	0.91232389
47.92	-128.68	276	0.91232389
47.91	-128.67	284	0.91232389
47.91	-128.67	296	0.91232389
47.91	-128.66	313	0.91232389
47.91	-128.66	328	0.91232389
47.91	-128.65	338	0.91232389
47.91	-128.65	345	0.91232389
47.91	-128.64	342	1.1679138
47.9	-128.63	360	1.1679138
47.9	-128.63	351	1.1679138
47.9	-128.62	327	1.1679138
47.9	-128.62	305	1.1679138
47.9	-128.61	336	1.1679138
47.9	-128.61	283	1.1679138
47.9	-128.61	308	1.1679138
47.9	-128.6	346	1.1679138
47.9	-128.59	311	1.1679138
47.9	-128.59	325	1.1679138
47.9	-128.58	330	1.1679138
47.89	-128.58	357	1.1679138
47.89	-128.57	616	1.1679138
47.89	-128.57	783	1.1679138
47.89	-128.57	497	1.1679138
47.89	-128.56	697	1.1679138
47.89	-128.56	759	1.1679138
47.89	-128.56	499	1.1679138
47.89	-128.55	381	1.1679138
47.89	-128.54	358	1.414219
47.89	-128.54	324	1.414219
47.89	-128.54	228	1.414219
47.89	-128.53	175	1.414219
47.89	-128.53	217	1.414219
47.88	-128.52	262	1.414219
47.92	-128.52	177	1.414219
47.92	-128.52	173	1.414219
47.92	-128.53	179	1.414219
47.92	-128.53	180	1.414219
47.92	-128.53	202	1.414219
47.92	-128.54	213	1.414219
47.92	-128.54	233	1.414219
47.92	-128.54	247	1.414219
47.92	-128.55	267	1.1679138
47.92	-128.55	278	1.1679138
47.92	-128.55	282	1.1679138
47.92	-128.55	374	1.1679138
47.92	-128.55	539	1.1679138
47.93	-128.56	453	1.1679138
47.93	-128.56	450	1.1679138
47.93	-128.56	380	1.1679138
47.93	-128.57	290	1.1679138
47.93	-128.57	287	1.1679138
47.93	-128.57	308	1.1679138
47.93	-128.58	257	1.1679138
47.93	-128.58	251	1.1679138
47.93	-128.58	240	1.1679138
47.93	-128.58	238	1.1679138
47.93	-128.59	245	1.1679138
47.93	-128.59	242	1.1679138
47.93	-128.59	248	1.1679138
47.93	-128.59	256	1.1679138
47.93	-128.59	274	1.1679138
47.93	-128.59	280	1.1679138
47.93	-128.59	280	1.1679138
47.93	-128.6	265	1.1679138
47.93	-128.6	259	1.1679138
47.93	-128.6	255	1.1679138
47.93	-128.6	249	1.1679138
47.93	-128.6	245	1.1679138
47.93	-128.6	252	1.1679138
47.93	-128.6	258	1.1679138
47.93	-128.6	266	1.1679138
47.93	-128.61	268	1.1679138
47.93	-128.61	274	1.1679138
47.93	-128.61	281	1.1679138
47.93	-128.61	285	1.1679138
47.93	-128.61	294	1.1679138
47.93	-128.61	289	1.1679138
47.93	-128.61	290	1.1679138
47.93	-128.61	299	1.1679138
47.93	-128.61	295	1.1679138
47.94	-128.61	295	1.1679138
47.94	-128.62	289	1.1679138
47.94	-128.62	284	1.1679138
47.94	-128.62	280	1.1679138
47.94	-128.62	277	1.1679138
47.94	-128.62	273	1.1679138
47.94	-128.62	275	1.1679138
47.94	-128.63	293	1.1679138
47.94	-128.63	293	1.1679138
47.94	-128.63	295	1.1679138
47.94	-128.63	291	1.1679138
47.94	-128.63	289	1.1679138
47.94	-128.63	272	1.1679138
47.94	-128.63	269	1.1679138
47.94	-128.63	264	1.1679138
47.94	-128.63	267	1.1679138
47.94	-128.64	265	1.1679138
47.91	-128.55	239	1.1679138
47.91	-128.55	273	1.1679138
47.91	-128.55	386	1.1679138
47.91	-128.55	421	1.1679138
47.91	-128.56	439	1.1679138
47.91	-128.56	368	1.1679138
47.91	-128.56	453	1.1679138
47.91	-128.56	654	1.1679138
47.91	-128.57	395	1.1679138
47.91	-128.57	296	1.1679138
47.91	-128.57	291	1.1679138
47.91	-128.57	287	1.1679138
47.91	-128.58	305	1.1679138
47.91	-128.58	305	1.1679138
47.91	-128.58	330	1.1679138
47.91	-128.59	338	1.1679138
47.91	-128.59	337	1.1679138
47.91	-128.59	334	1.1679138
47.91	-128.59	321	1.1679138
47.92	-128.6	309	1.1679138
47.92	-128.6	309	1.1679138
47.92	-128.6	308	1.1679138
47.92	-128.6	276	1.1679138
47.72	-127.79	1354	3.251128
47.71	-127.79	2350	3.251128
47.72	-127.79	3082	3.251128
47.72	-127.79	1865	3.251128
47.72	-127.78	598	3.251128
47.72	-127.78	429	3.251128
47.72	-127.78	389	3.251128
47.72	-127.78	382	3.251128
47.72	-127.78	346	3.251128
47.72	-127.78	282	3.251128
47.73	-127.78	274	3.251128
47.73	-127.78	279	3.251128
47.73	-127.78	269	3.251128
47.73	-127.78	268	3.251128
47.73	-127.77	268	3.251128
47.73	-127.77	270	3.251128
47.74	-127.77	272	3.251128
47.74	-127.77	291	3.251128
47.69	-127.76	150	3.251128
47.69	-127.76	161	3.251128
47.69	-127.76	160	3.251128
47.69	-127.77	162	3.251128
47.69	-127.77	164	3.251128
47.69	-127.77	167	3.251128
47.69	-127.78	184	3.251128
47.69	-127.78	199	3.251128
47.69	-127.78	210	3.251128
47.69	-127.79	231	3.251128
47.69	-127.79	284	3.251128
47.69	-127.79	292	3.251128
47.69	-127.8	288	3.251128
47.7	-127.8	234	3.251128
47.7	-127.8	253	3.251128
47.7	-127.81	227	3.251128
47.7	-127.81	182	3.251128
47.72	-127.74	162	3.4946105
47.72	-127.75	169	3.251128
47.72	-127.75	173	3.251128
47.72	-127.76	177	3.251128
47.72	-127.76	183	3.251128
47.72	-127.77	189	3.251128
47.72	-127.77	208	3.251128
47.72	-127.77	230	3.251128
47.72	-127.78	272	3.251128
47.72	-127.78	273	3.251128
47.73	-127.78	276	3.251128
47.73	-127.78	278	3.251128
47.73	-127.79	252	3.251128
47.73	-127.79	232	3.251128
47.73	-127.79	206	3.251128
47.73	-127.8	186	3.251128
47.73	-127.8	175	3.251128
47.73	-127.8	188	3.251128
47.73	-127.81	185	3.251128
47.73	-127.81	186	3.251128
47.73	-127.81	192	3.251128
47.73	-127.82	180	3.251128
47.73	-127.82	172	3.251128
47.73	-127.73	161	3.4946105
47.73	-127.74	161	3.4946105
47.74	-127.74	164	3.4946105
47.74	-127.75	170	3.251128
47.74	-127.75	170	3.251128
47.74	-127.75	179	3.251128
47.74	-127.76	200	3.251128
47.74	-127.76	220	3.251128
47.74	-127.77	234	3.251128
47.74	-127.77	266	3.251128
47.74	-127.77	272	3.251128
47.74	-127.78	272	3.251128
47.74	-127.78	263	3.251128
47.74	-127.78	229	3.251128
47.74	-127.78	204	3.251128
47.75	-127.79	211	3.251128
47.75	-127.79	221	3.251128
47.75	-127.8	219	3.251128
47.75	-127.8	214	3.251128
47.75	-127.8	205	3.251128
47.75	-127.81	205	3.251128
47.75	-127.81	207	3.251128
47.75	-127.81	200	3.251128
47.75	-127.82	192	3.251128
47.75	-127.82	172	3.251128
47.75	-127.82	169	3.251128
47.75	-127.83	171	3.251128
47.69	-127.78	200	3.251128
47.69	-127.78	212	3.251128
47.69	-127.78	233	3.251128
47.69	-127.78	239	3.251128
47.69	-127.79	244	3.251128
47.69	-127.79	268	3.251128
47.69	-127.79	294	3.251128
47.69	-127.79	306	3.251128
47.69	-127.8	311	3.251128
47.69	-127.8	261	3.251128
47.69	-127.8	235	3.251128
47.69	-127.8	233	3.251128
47.69	-127.81	221	3.251128
47.69	-127.81	202	3.251128
47.69	-127.81	200	3.251128
47.69	-127.8	245	3.251128
47.69	-127.8	271	3.251128
47.7	-127.79	278	3.251128
47.7	-127.79	265	3.251128
47.7	-127.79	272	3.251128
47.7	-127.75	144	3.251128
47.7	-127.75	169	3.251128
47.7	-127.75	159	3.251128
47.7	-127.75	167	3.251128
47.7	-127.76	178	3.251128
47.7	-127.76	176	3.251128
47.7	-127.76	188	3.251128
47.7	-127.77	192	3.251128
47.71	-127.77	203	3.251128
47.71	-127.77	215	3.251128
47.71	-127.77	222	3.251128
47.71	-127.78	234	3.251128
47.71	-127.78	339	3.251128
47.71	-127.78	436	3.251128
47.71	-127.78	989	3.251128
47.71	-127.79	590	3.251128
47.71	-127.8	318	3.251128
47.71	-127.8	252	3.251128
47.71	-127.8	215	3.251128
47.71	-127.8	212	3.251128
47.71	-127.81	188	3.251128
47.72	-127.81	192	3.251128
47.72	-127.81	208	3.251128
47.72	-127.81	167	3.251128
47.72	-127.82	167	3.251128
47.72	-127.82	179	3.251128
47.71	-127.77	218	3.251128
47.71	-127.77	218	3.251128
47.71	-127.79	454	3.251128
47.71	-127.79	932	3.251128
47.71	-127.78	1108	3.251128
47.71	-127.78	763	3.251128
47.71	-127.78	468	3.251128
47.71	-127.77	202	3.251128
47.71	-127.76	212	3.251128
47.71	-127.76	199	3.251128
47.71	-127.76	195	3.251128
47.71	-127.76	191	3.251128
47.71	-127.76	192	3.251128
47.72	-127.76	186	3.251128
47.72	-127.76	184	3.251128
47.72	-127.76	183	3.251128
47.72	-127.76	179	3.251128
47.72	-127.76	181	3.251128
47.72	-127.76	178	3.251128
47.73	-127.75	177	3.251128
47.73	-127.75	178	3.251128
47.73	-127.75	174	3.251128
47.72	-127.64	138	3.5783212
47.72	-127.64	140	3.5783212
47.72	-127.64	153	3.5783212
47.72	-127.65	171	3.4946105
47.72	-127.65	185	3.4946105
47.72	-127.66	193	3.4946105
47.72	-127.66	209	3.4946105
47.72	-127.67	200	3.4946105
47.72	-127.68	189	3.4946105
47.72	-127.68	209	3.4946105
47.73	-127.69	255	3.4946105
47.73	-127.69	232	3.4946105
47.73	-127.7	189	3.4946105
47.73	-127.7	177	3.4946105
47.73	-127.7	182	3.4946105
47.73	-127.71	177	3.4946105
47.73	-127.71	186	3.4946105
47.73	-127.71	179	3.4946105
47.73	-127.72	170	3.4946105
47.73	-127.72	161	3.4946105
47.73	-127.72	158	3.4946105
47.71	-127.8	237	3.251128
47.71	-127.8	234	3.251128
47.71	-127.8	258	3.251128
47.71	-127.8	286	3.251128
47.71	-127.8	336	3.251128
47.71	-127.79	403	3.251128
47.71	-127.79	452	3.251128
47.71	-127.79	712	3.251128
47.71	-127.79	927	3.251128
47.71	-127.79	1272	3.251128
47.71	-127.79	1526	3.251128
47.71	-127.79	1710	3.251128
47.71	-127.79	1957	3.251128
47.71	-127.78	1219	3.251128
47.71	-127.78	902	3.251128
47.71	-127.78	920	3.251128
47.71	-127.78	706	3.251128
47.71	-127.78	508	3.251128
47.71	-127.78	402	3.251128
47.71	-127.78	360	3.251128
47.71	-127.78	313	3.251128
47.71	-127.78	270	3.251128
47.71	-127.77	253	3.251128
47.71	-127.77	253	3.251128
47.72	-127.78	299	3.251128
47.72	-127.78	294	3.251128
47.72	-127.78	325	3.251128
47.72	-127.78	390	3.251128
47.72	-127.78	413	3.251128
47.72	-127.78	451	3.251128
47.72	-127.78	485	3.251128
47.72	-127.78	531	3.251128
47.72	-127.79	565	3.251128
47.7	-127.78	252	3.251128
47.7	-127.78	263	3.251128
47.7	-127.78	268	3.251128
47.7	-127.78	284	3.251128
47.7	-127.78	284	3.251128
47.7	-127.78	302	3.251128
47.7	-127.78	291	3.251128
47.7	-127.78	293	3.251128
47.7	-127.78	304	3.251128
47.71	-127.78	317	3.251128
47.7	-127.79	328	3.251128
47.71	-127.79	366	3.251128
47.71	-127.79	455	3.251128
47.71	-127.79	926	3.251128
47.71	-127.79	1111	3.251128
47.71	-127.79	700	3.251128
47.72	-127.79	504	3.251128
47.72	-127.79	384	3.251128
47.72	-127.79	323	3.251128
47.72	-127.79	296	3.251128
47.72	-127.79	264	3.251128
47.72	-127.79	254	3.251128
47.72	-127.79	236	3.251128
47.72	-127.79	251	3.251128
47.72	-127.79	257	3.251128
47.72	-127.79	299	3.251128
47.72	-127.79	332	3.251128
47.72	-127.79	403	3.251128
47.72	-127.79	487	3.251128
47.72	-127.78	544	3.251128
47.72	-127.78	480	3.251128
47.71	-127.77	234	3.251128
47.71	-127.78	242	3.251128
47.71	-127.78	256	3.251128
47.71	-127.78	272	3.251128
47.71	-127.78	292	3.251128
47.71	-127.78	330	3.251128
47.71	-127.78	376	3.251128
47.71	-127.78	390	3.251128
47.71	-127.78	441	3.251128
47.71	-127.78	506	3.251128
47.71	-127.78	625	3.251128
47.71	-127.78	826	3.251128
47.71	-127.78	1244	3.251128
47.71	-127.79	1320	3.251128
47.71	-127.79	848	3.251128
47.71	-127.79	1433	3.251128
47.71	-127.79	704	3.251128
47.71	-127.79	642	3.251128
47.71	-127.79	433	3.251128
47.71	-127.79	373	3.251128
47.71	-127.79	323	3.251128
47.71	-127.8	317	3.251128
47.71	-127.8	280	3.251128
47.71	-127.8	254	3.251128
47.71	-127.8	228	3.251128
47.72	-127.8	224	3.251128
47.71	-127.8	217	3.251128
47.72	-127.79	335	3.251128
47.71	-127.79	513	3.251128
47.71	-127.79	731	3.251128
47.71	-127.78	1797	3.251128
47.71	-127.78	1001	3.251128
47.71	-127.78	817	3.251128
47.71	-127.78	1254	3.251128
47.71	-127.78	1415	3.251128
47.71	-127.78	1128	3.251128
47.71	-127.79	2662	3.251128
47.71	-127.79	1122	3.251128
47.72	-127.78	213	3.251128
47.72	-127.78	215	3.251128
47.72	-127.78	210	3.251128
47.72	-127.78	213	3.251128
47.72	-127.78	207	3.251128
47.72	-127.78	205	3.251128
47.72	-127.78	200	3.251128
47.72	-127.78	211	3.251128
47.72	-127.79	201	3.251128
47.72	-127.78	206	3.251128
47.72	-127.78	205	3.251128
47.72	-127.78	205	3.251128
47.72	-127.78	201	3.251128
47.72	-127.78	200	3.251128
47.72	-127.78	204	3.251128
47.72	-127.78	233	3.251128
47.72	-127.78	249	3.251128
47.72	-127.78	252	3.251128
47.72	-127.77	306	3.251128
47.72	-127.79	355	3.251128
47.72	-127.78	415	3.251128
47.72	-127.79	441	3.251128
47.72	-127.79	531	3.251128
47.71	-127.79	698	3.251128
47.71	-127.79	994	3.251128
47.71	-127.79	1381	3.251128
47.71	-127.79	4037	3.251128
47.72	-127.79	1285	3.251128
47.93	-128.59	252	1.1679138
47.93	-128.6	252	1.1679138
47.93	-128.6	246	1.1679138
47.93	-128.6	243	1.1679138
47.93	-128.6	250	1.1679138
47.93	-128.6	260	1.1679138
47.93	-128.6	261	1.1679138
47.93	-128.6	266	1.1679138
47.93	-128.6	271	1.1679138
47.93	-128.61	274	1.1679138
47.93	-128.61	278	1.1679138
47.94	-128.61	275	1.1679138
47.94	-128.61	284	1.1679138
47.94	-128.61	281	1.1679138
47.94	-128.61	297	1.1679138
47.94	-128.61	295	1.1679138
47.94	-128.62	293	1.1679138
47.94	-128.62	288	1.1679138
47.94	-128.62	282	1.1679138
47.94	-128.62	279	1.1679138
47.94	-128.62	277	1.1679138
47.94	-128.62	278	1.1679138
47.94	-128.62	284	1.1679138
47.94	-128.62	284	1.1679138
47.94	-128.63	288	1.1679138
47.94	-128.63	288	1.1679138
47.94	-128.63	280	1.1679138
47.94	-128.63	277	1.1679138
47.94	-128.63	276	1.1679138
47.94	-128.63	268	1.1679138
47.94	-128.63	265	1.1679138
47.94	-128.63	261	1.1679138
47.94	-128.64	264	1.1679138
47.94	-128.64	260	1.1679138
47.94	-128.64	256	1.1679138
47.94	-128.64	259	1.1679138
47.94	-128.59	228	1.1679138
47.94	-128.59	221	1.1679138
47.94	-128.59	214	1.1679138
47.94	-128.59	213	1.1679138
47.94	-128.59	213	1.1679138
47.94	-128.59	215	1.1679138
47.94	-128.59	223	1.1679138
47.94	-128.6	219	1.1679138
47.94	-128.6	230	1.1679138
47.94	-128.6	229	1.1679138
47.94	-128.6	240	1.1679138
47.94	-128.6	250	1.1679138
47.94	-128.6	255	1.1679138
47.94	-128.6	259	1.1679138
47.94	-128.61	264	1.1679138
47.94	-128.61	261	1.1679138
47.95	-128.61	257	0.97481376
47.95	-128.61	261	0.97481376
47.95	-128.61	262	0.97481376
47.95	-128.61	268	0.97481376
47.95	-128.61	270	0.97481376
47.95	-128.62	277	0.97481376
47.95	-128.62	276	0.97481376
47.95	-128.62	261	0.97481376
47.95	-128.62	264	0.97481376
47.95	-128.62	256	0.97481376
47.95	-128.62	252	0.97481376
47.95	-128.62	251	0.97481376
47.95	-128.62	244	0.97481376
47.95	-128.63	234	0.97481376
47.95	-128.63	234	0.97481376
47.95	-128.63	235	0.97481376
47.95	-128.63	233	0.97481376
47.95	-128.63	232	0.97481376
47.95	-128.63	230	0.97481376
47.95	-128.63	230	0.97481376
47.95	-128.64	226	0.97481376
47.95	-128.64	219	0.97481376
47.95	-128.64	215	0.97481376
47.95	-128.64	217	0.97481376
47.95	-128.64	207	0.97481376
47.95	-128.64	199	0.97481376
47.95	-128.64	194	0.97481376
47.95	-128.64	197	0.97481376
47.95	-128.65	192	0.74019408
47.95	-128.65	188	0.74019408
47.95	-128.58	201	0.97481376
47.95	-128.58	198	0.97481376
47.95	-128.58	202	0.97481376
47.95	-128.59	206	0.97481376
47.95	-128.59	203	0.97481376
47.95	-128.59	209	0.97481376
47.95	-128.59	215	0.97481376
47.95	-128.59	221	0.97481376
47.95	-128.59	231	0.97481376
47.95	-128.59	227	0.97481376
47.95	-128.6	236	0.97481376
47.95	-128.6	240	0.97481376
47.95	-128.6	248	0.97481376
47.95	-128.6	251	0.97481376
47.95	-128.6	249	0.97481376
47.95	-128.6	244	0.97481376
47.95	-128.6	239	0.97481376
47.95	-128.61	236	0.97481376
47.96	-128.57	220	0.97481376
47.96	-128.57	216	0.97481376
47.96	-128.57	209	0.97481376
47.96	-128.58	204	0.97481376
47.96	-128.58	199	0.97481376
47.96	-128.58	201	0.97481376
47.96	-128.58	220	0.97481376
47.96	-128.59	209	0.97481376
47.96	-128.59	199	0.97481376
47.89	-128.67	329	0.91232389
47.89	-128.67	343	0.91232389
47.89	-128.67	382	0.91232389
47.89	-128.68	349	0.91232389
47.89	-128.68	345	0.91232389
47.9	-128.69	298	0.91232389
47.9	-128.69	277	0.91232389
47.9	-128.69	263	0.91232389
47.9	-128.7	275	0.91232389
47.9	-128.7	240	0.91232389
47.9	-128.71	214	0.91232389
47.9	-128.71	204	0.91232389
47.9	-128.71	243	0.91232389
47.9	-128.72	236	0.91232389
47.9	-128.72	226	0.91232389
47.9	-128.72	200	0.91232389
47.9	-128.73	211	0.91232389
47.9	-128.73	182	0.91232389
47.91	-128.74	126	0.91232389
47.91	-128.74	135	0.91232389
47.91	-128.75	142	0.66285837
47.91	-128.75	156	0.66285837
47.91	-128.76	185	0.66285837
47.91	-128.76	184	0.66285837
47.91	-128.76	110	0.66285837
47.91	-128.77	114	0.66285837
47.91	-128.77	133	0.66285837
47.91	-128.78	141	0.66285837
47.91	-128.78	140	0.66285837
47.92	-128.78	100	0.66285837
47.92	-128.79	83	0.66285837
47.92	-128.79	73	0.66285837
47.92	-128.79	79	0.66285837
47.92	-128.8	79	0.66285837
47.92	-128.81	102	0.66285837
47.92	-128.82	106	0.66285837
47.92	-128.82	107	0.66285837
47.92	-128.82	106	0.66285837
47.92	-128.82	106	0.66285837
47.92	-128.82	115	0.66285837
47.92	-128.82	119	0.66285837
47.92	-128.82	111	0.66285837
47.92	-128.83	85	0.66285837
47.92	-128.83	71	0.66285837
47.92	-128.83	69	0.66285837
47.92	-128.83	73	0.66285837
47.92	-128.83	83	0.66285837
47.93	-128.83	99	0.66285837
47.93	-128.83	112	0.66285837
47.93	-128.84	130	0.66285837
47.94	-128.57	252	1.1679138
47.94	-128.57	235	1.1679138
47.94	-128.58	226	1.1679138
47.94	-128.58	220	1.1679138
47.94	-128.58	216	1.1679138
47.94	-128.58	219	1.1679138
47.94	-128.58	221	1.1679138
47.94	-128.58	231	1.1679138
47.94	-128.58	238	1.1679138
47.94	-128.58	238	1.1679138
47.93	-128.57	234	1.1679138
47.86	-128.49	418	1.414219
47.86	-128.5	393	1.414219
47.86	-128.5	389	1.414219
47.86	-128.51	452	1.414219
47.86	-128.51	455	1.414219
47.86	-128.51	431	1.414219
47.86	-128.51	363	1.414219
47.86	-128.52	304	1.414219
47.86	-128.52	302	1.414219
47.86	-128.52	293	1.414219
47.86	-128.52	279	1.414219
47.86	-128.53	288	1.414219
47.86	-128.53	324	1.414219
47.86	-128.53	298	1.414219
47.86	-128.53	334	1.414219
47.86	-128.54	367	1.414219
47.86	-128.54	318	1.414219
47.87	-128.54	276	1.414219
47.87	-128.54	267	1.414219
47.87	-128.55	269	1.1679138
47.87	-128.55	283	1.1679138
47.87	-128.55	299	1.1679138
47.87	-128.55	313	1.1679138
47.87	-128.56	302	1.1679138
47.87	-128.56	308	1.1679138
47.87	-128.56	330	1.1679138
47.87	-128.56	299	1.1679138
47.87	-128.57	394	1.1679138
47.87	-128.57	552	1.1679138
47.87	-128.57	606	1.1679138
47.87	-128.57	483	1.1679138
47.87	-128.58	448	1.1679138
47.87	-128.58	532	1.1679138
47.87	-128.58	503	1.1679138
47.87	-128.59	463	1.1679138
47.87	-128.59	450	1.1679138
47.88	-128.59	411	1.1679138
47.88	-128.59	464	1.1679138
47.88	-128.6	474	1.1679138
47.88	-128.6	533	1.1679138
47.88	-128.6	477	1.1679138
47.88	-128.6	404	1.1679138
47.88	-128.61	386	1.1679138
47.88	-128.61	453	1.1679138
47.88	-128.61	338	1.1679138
47.88	-128.62	283	1.1679138
47.88	-128.62	283	1.1679138
47.88	-128.63	280	1.1679138
47.88	-128.63	303	1.1679138
47.89	-128.64	349	1.1679138
47.89	-128.64	415	1.1679138
47.89	-128.64	368	1.1679138
47.89	-128.65	462	0.91232389
47.89	-128.65	401	0.91232389
47.89	-128.66	311	0.91232389
47.89	-128.66	313	0.91232389
47.92	-128.79	85	0.66285837
47.92	-128.79	85	0.66285837
47.92	-128.8	84	0.66285837
47.92	-128.8	82	0.66285837
47.92	-128.81	82	0.66285837
47.92	-128.81	92	0.66285837
47.92	-128.81	103	0.66285837
47.92	-128.81	98	0.66285837
47.92	-128.81	113	0.66285837
47.92	-128.81	114	0.66285837
47.75	-127.71	164	3.4946105
47.75	-127.72	158	3.4946105
47.75	-127.72	150	3.4946105
47.75	-127.72	150	3.4946105
47.76	-127.72	155	3.3711357
47.76	-127.73	157	3.3711357
47.76	-127.73	158	3.3711357
47.76	-127.73	160	3.3711357
47.76	-127.73	156	3.3711357
47.76	-127.74	162	3.3711357
47.76	-127.74	169	3.3711357
47.76	-127.74	182	3.3711357
47.76	-127.74	195	3.3711357
47.76	-127.75	204	3.1612465
47.76	-127.75	220	3.1612465
47.76	-127.75	255	3.1612465
47.76	-127.75	283	3.1612465
47.76	-127.76	326	3.1612465
47.76	-127.76	343	3.1612465
47.76	-127.76	320	3.1612465
47.76	-127.77	297	3.1612465
47.76	-127.77	256	3.1612465
47.76	-127.77	245	3.1612465
47.77	-127.77	245	3.1612465
47.77	-127.78	235	3.1612465
47.77	-127.78	229	3.1612465
47.77	-127.78	222	3.1612465
47.77	-127.78	219	3.1612465
47.77	-127.79	213	3.1612465
47.77	-127.79	197	3.1612465
47.77	-127.79	198	3.1612465
47.77	-127.7	208	3.3711357
47.77	-127.7	206	3.3711357
47.77	-127.7	202	3.3711357
47.77	-127.7	205	3.3711357
47.77	-127.71	205	3.3711357
47.77	-127.71	198	3.3711357
47.77	-127.71	176	3.3711357
47.77	-127.71	178	3.3711357
47.77	-127.72	180	3.3711357
47.77	-127.72	182	3.3711357
47.77	-127.72	191	3.3711357
47.77	-127.72	190	3.3711357
47.78	-127.73	196	3.3711357
47.78	-127.73	202	3.3711357
47.78	-127.73	197	3.3711357
47.78	-127.73	196	3.3711357
47.78	-127.73	198	3.3711357
47.78	-127.73	198	3.3711357
47.78	-127.73	198	3.3711357
47.78	-127.73	212	3.3711357
47.78	-127.74	203	3.3711357
47.78	-127.74	215	3.3711357
47.78	-127.74	229	3.3711357
47.78	-127.74	254	3.3711357
47.78	-127.74	279	3.3711357
47.78	-127.74	300	3.3711357
47.78	-127.74	315	3.3711357
47.78	-127.75	334	3.1612465
47.78	-127.75	341	3.1612465
47.78	-127.75	342	3.1612465
47.78	-127.75	359	3.1612465
47.78	-127.75	365	3.1612465
47.78	-127.75	362	3.1612465
47.78	-127.75	361	3.1612465
47.78	-127.76	361	3.1612465
47.78	-127.76	345	3.1612465
47.78	-127.76	325	3.1612465
47.78	-127.76	319	3.1612465
47.78	-127.76	330	3.1612465
47.78	-127.76	296	3.1612465
47.78	-127.76	278	3.1612465
47.78	-127.77	243	3.1612465
47.78	-127.77	230	3.1612465
47.79	-127.77	229	3.1612465
47.79	-127.77	226	3.1612465
47.79	-127.78	215	3.1612465
47.79	-127.78	207	3.1612465
47.79	-127.78	201	3.1612465
47.79	-127.78	193	3.1612465
47.79	-127.79	193	3.1612465
47.79	-127.79	191	3.1612465
47.79	-127.79	194	3.1612465
47.79	-127.79	202	3.1612465
47.79	-127.8	207	3.1612465
47.79	-127.8	195	3.1612465
47.76	-127.75	199	3.1612465
47.76	-127.75	217	3.1612465
47.76	-127.75	248	3.1612465
47.76	-127.75	256	3.1612465
47.76	-127.75	273	3.1612465
47.76	-127.76	308	3.1612465
47.76	-127.76	320	3.1612465
47.76	-127.76	338	3.1612465
47.76	-127.76	340	3.1612465
47.76	-127.76	353	3.1612465
47.76	-127.76	349	3.1612465
47.76	-127.76	327	3.1612465
47.76	-127.76	316	3.1612465
47.76	-127.77	294	3.1612465
47.76	-127.77	278	3.1612465
47.76	-127.77	257	3.1612465
47.76	-127.77	238	3.1612465
47.76	-127.77	235	3.1612465
47.77	-127.77	250	3.1612465
47.77	-127.77	246	3.1612465
47.77	-127.77	240	3.1612465
47.77	-127.79	218	3.1612465
47.77	-127.79	207	3.1612465
47.77	-127.79	192	3.1612465
47.77	-127.8	193	3.1612465
47.77	-127.8	181	3.1612465
47.77	-127.8	181	3.1612465
47.77	-127.8	199	3.1612465
47.77	-127.81	180	3.1612465
47.77	-127.81	182	3.1612465
47.77	-127.81	184	3.1612465
47.77	-127.81	187	3.1612465
49.83	-120.83	77	9.2849312
49.83	-120.8	81	9.2849312
49.82	-120.71	70	9.2849312
49.84	-120.61	76	9.2849312
49.71	-120.44	79	9.2849312
49.74	-120.41	68	9.2849312
49.78	-120.49	68	9.2849312
49.81	-120	80	9.2849312
49.67	-119.25	67	9.2849312
49.7	-119.21	74	9.2849312
49.73	-119.16	69	9.2849312
49.79	-119.1	81	9.2849312
49.96	-119.79	81	9.2849312
49.57	-119.65	73	9.2849312
49.01	-128.54	234.64	2.9651117
49.01	-128.54	234.64	2.9651117
48.33	-129.5	252.24	1.0923868
48.71	-129.33	273.61	1.0676979
48.81	-128.53	338.97	1.6490558
48.7	-128.64	185.2	0.59841609
48.82	-128.75	87.99	0.68546021
48.82	-128.75	87.99	0.68546021
48.82	-128.75	87.99	0.68546021
48.33	-128.65	256.43	0.80387408
48.36	-128.57	300	1.033847
48.39	-128.44	272.35	1.3642263
48.36	-128.25	274.86	1.6470286
48.48	-128.27	321.79	1.6329716
48.46	-128.45	433.25	1.3784287
48.46	-128.56	423.19	0.8665905
48.46	-128.67	339.39	0.59159386
48.46	-128.67	339.39	0.59159386
48.46	-128.67	339.39	0.59159386
48.45	-128.81	527.94	0.34311613
48.45	-128.81	527.94	0.34311613
48.45	-128.81	527.94	0.34311613
48.47	-128.99	366.63	0.2075969
48.47	-129.08	202.38	0.41323298
48.47	-129.22	319.28	0.6946314
48.55	-129.45	237.57	1.1500742
48.53	-129.34	234.64	0.93639433
48.55	-129.23	193.16	0.6946314
48.55	-128.93	419	0.15120271
48.55	-128.67	104.75	0.59159386
48.55	-128.67	104.75	0.59159386
48.55	-128.67	104.75	0.59159386
48.56	-128.69	360.34	0.44956386
48.56	-128.69	360.34	0.44956386
48.56	-128.69	360.34	0.44956386
48.56	-128.54	190.23	0.96464723
48.57	-128.39	351.96	1.2363625
48.56	-128.28	295.4	1.5076998
48.64	-128.26	199.03	1.5076998
48.67	-128.43	162.99	1.2233963
48.66	-128.5	227.1	0.88008928
48.65	-128.68	217.88	0.44956386
48.65	-128.68	217.88	0.44956386
48.65	-128.68	217.88	0.44956386
48.64	-129.47	224.17	1.3595402
48.72	-129.49	171.37	1.4873363
48.82	-129.51	307.55	1.4191555
49.03	-129.49	414.39	0.30543268
49.03	-129.36	134.92	0.60623562
49.03	-129.21	155.03	1.1776359
49	-129.12	134.92	1.4348531
49.01	-128.83	122.77	2.2600608
49.03	-128.69	165.92	2.5147243
49.01	-128.41	163.41	3.2341127
49.01	-128.41	163.41	3.2341127
49.02	-128.27	234.64	3.4966569
49.02	-128.27	234.64	3.4966569
49.09	-128.26	175.98	3.8800023
49.09	-128.26	175.98	3.8800023
48.47	-129.4	597.49	1.1500742
48.34	-128.97	114.39	0.12862568
48.36	-128.81	328.08	0.53057241
48.54	-129.08	423.19	0.41323298
48.65	-129.08	234.64	0.54729426
48.63	-129	316.76	0.29284939
48.69	-129.08	45.67	0.52265346
48.8	-129.11	238.83	0.14601907
48.91	-129.07	207.41	0.62740594
48.83	-128.94	136.59	0.31936482
48.71	-128.91	275.28	0.24071789
48.7	-128.76	129.89	0.14280756
48.7	-128.76	129.89	0.14280756
48.7	-128.76	129.89	0.14280756
48.82	-128.79	146.65	0.68546021
48.82	-128.79	146.65	0.68546021
48.82	-128.79	146.65	0.68546021
49	-128.92	163.83	2.0014477
49.07	-128.92	247.21	2.6050727
49.07	-128.92	247.21	2.6050727
48.89	-128.94	343.16	1.2405514
48.89	-128.8	175.98	1.5536753
48.89	-128.8	175.98	1.5536753
48.89	-128.8	175.98	1.5536753
48.9	-128.7	146.65	1.8434017
48.9	-128.7	146.65	1.8434017
48.9	-128.7	146.65	1.8434017
48.72	-128.25	199.86	1.5736516
48.71	-128.4	157.54	1.2233963
48.71	-128.54	263.97	0.88008928
48.7	-128.67	87.99	0.33493531
48.7	-128.67	87.99	0.33493531
48.7	-128.67	87.99	0.33493531
48.65	-129.22	400.98	0.81750315
48.64	-129.3	313.83	1.0900034
48.71	-129.19	350.7	0.7853657
48.8	-129.22	201.96	0.54567164
48.9	-129.19	460.9	0.37818527
48.82	-129.32	298.75	0.79428655
48.91	-129.43	258.94	0.2667374
48.91	-129.31	196.09	0.1802076
49.08	-129.46	222.07	1.125061
49.08	-129.46	222.07	1.125061
49.08	-129.35	201.12	1.6374265
49.08	-129.35	201.12	1.6374265
49.18	-129.49	192.74	1.7575538
49.18	-129.49	192.74	1.7575538
49.17	-129.33	406.43	2.1800005
49.17	-129.33	406.43	2.1800005
49.19	-129.21	268.16	2.3781426
49.19	-129.21	268.16	2.3781426
49.09	-129.2	217.88	1.8879606
49.09	-129.2	217.88	1.8879606
49.08	-129.06	310.06	2.1360242
49.08	-129.06	310.06	2.1360242
49.19	-129.06	201.12	2.577539
49.19	-129.06	201.12	2.577539
49.2	-128.95	364.53	3.0559139
49.2	-128.95	364.53	3.0559139
49.19	-128.81	448.33	3.1512382
49.19	-128.81	448.33	3.1512382
49.1	-128.79	272.35	2.8598702
49.1	-128.79	272.35	2.8598702
48.82	-128.67	87.99	1.0121025
48.82	-128.67	87.99	1.0121025
48.82	-128.67	87.99	1.0121025
48.9	-128.53	320.12	2.3829148
48.92	-128.4	149.58	2.6493433
48.91	-128.26	190.23	2.8614984
48.81	-128.24	297.07	2.5568075
48.81	-128.41	294.14	1.9969267
48.65	-128.78	138.27	0.16636826
48.65	-128.78	138.27	0.16636826
48.65	-128.78	138.27	0.16636826
49.08	-128.72	217.88	3.0358994
49.08	-128.72	217.88	3.0358994
49.08	-128.72	217.88	3.0358994
49.19	-128.72	540.51	3.2810533
49.19	-128.72	540.51	3.2810533
49.19	-128.72	540.51	3.2810533
49.18	-128.54	301.68	3.5768967
49.18	-128.54	301.68	3.5768967
49.18	-128.43	230.45	3.8025918
49.18	-128.43	230.45	3.8025918
49.18	-128.26	192.74	3.9386008
49.18	-128.26	192.74	3.9386008
49.07	-128.55	167.6	3.3163073
49.07	-128.55	167.6	3.3163073
49.07	-128.55	167.6	3.3163073
49.09	-128.55	213.69	3.3163073
49.09	-128.55	213.69	3.3163073
48.72	-128.39	154.19	1.2233963
48.7	-128.56	195.67	0.59841609
48.71	-128.61	408.11	0.59841609
48.71	-128.52	667.05	0.88008928
48.89	-128.3	70	2.8614984
50.26	-128.82	59	2.7159307
50.48	-129.53	77	1.2588239
50.18	-129.38	90	1.5338509
50.45	-129.81	105	1.0826941
50.32	-129.74	135	0.80569011
50.33	-129.73	119	0.80569011
50.33	-129.72	125	0.80569011
50.33	-129.71	112	0.80569011
50.33	-129.7	127	0.80569011
50.34	-129.7	111	0.80569011
50.34	-129.69	122	0.80569011
50.33	-129.74	129	0.80569011
50.35	-129.65	121	1.0622153
50.31	-129.75	134	0.80569011
50.3	-129.79	109	0.54671323
50.29	-129.79	110	0.54671323
50.28	-129.8	118	0.54671323
50.26	-129.83	111	0.54671323
50.25	-129.85	105	0.72064608
50.25	-129.86	101	0.57892931
50.47	-129.69	95	1.2723374
50.44	-129.73	117	1.0622153
50.41	-129.8	130	0.7868275
50.4	-129.83	126	0.7868275
50.52	-129.47	61	1.2588239
50.53	-129.45	58	1.2588239
50.59	-129.36	23	1.3816251
50.34	-129.11	79	1.7557638
50.39	-129.63	120	1.2588239
50.38	-129.65	77	1.0622153
50.37	-129.66	111	1.0622153
49.77	-128.82	147	2.8893144
49.78	-128.81	125	2.8893144
49.81	-128.78	133	2.8893144
49.93	-128.63	38	3.2735121
49.83	-128.76	113	2.8893144
48.47	-128.78	404	0.34311613
48.47	-128.8	397	0.34311613
48.57	-128.69	371	0.44956386
48.57	-128.69	262	0.44956386
48.57	-128.69	267	0.44956386
48.57	-128.7	338	0.44956386
48.57	-128.7	388	0.44956386
48.56	-128.7	359	0.44956386
48.56	-128.7	474	0.44956386
48.55	-128.71	587	0.59159386
48.55	-128.71	494	0.59159386
48.55	-128.72	413	0.59159386
48.54	-128.72	335	0.59159386
48.53	-128.72	302	0.59159386
48.52	-128.73	278	0.59159386
48.52	-128.73	305	0.59159386
48.51	-128.74	306	0.59159386
48.51	-128.74	217	0.59159386
48.52	-128.82	165	0.34311613
48.52	-128.8	159	0.34311613
48.53	-128.79	161	0.34311613
48.52	-128.78	150	0.34311613
48.52	-128.77	169	0.34311613
48.51	-128.77	133	0.34311613
48.5	-128.77	230	0.34311613
48.49	-128.76	263	0.34311613
48.49	-128.76	268	0.34311613
48.48	-128.76	272	0.34311613
48.47	-128.75	309	0.34311613
48.47	-128.75	348	0.34311613
48.46	-128.74	424	0.59159386
48.45	-128.74	412	0.59159386
48.45	-128.74	1005	0.59159386
48.51	-128.78	151	0.34311613
48.51	-128.78	189	0.34311613
48.51	-128.77	120	0.34311613
48.51	-128.77	203	0.34311613
48.5	-128.76	299	0.34311613
48.5	-128.76	320	0.34311613
48.5	-128.75	246	0.34311613
48.49	-128.74	206	0.59159386
48.49	-128.73	341	0.59159386
48.49	-128.73	395	0.59159386
48.49	-128.72	390	0.59159386
48.48	-128.72	570	0.59159386
48.48	-128.71	744	0.59159386
48.45	-128.72	774	0.59159386
48.45	-128.72	1073	0.59159386
48.46	-128.71	2894	0.59159386
48.46	-128.71	1528	0.59159386
48.45	-128.7	1313	0.59159386
48.45	-128.7	729	0.59159386
48.44	-128.69	581	0.79336768
48.44	-128.69	605	0.79336768
48.44	-128.69	707	0.79336768
48.44	-128.68	1507	0.79336768
48.43	-128.68	3200	0.79336768
48.43	-128.68	2129	0.79336768
48.43	-128.67	883	0.79336768
48.43	-128.67	684	0.79336768
48.43	-128.67	556	0.79336768
48.43	-128.66	466	0.79336768
48.4	-128.73	841	0.79336768
48.4	-128.73	677	0.79336768
48.4	-128.72	995	0.79336768
48.4	-128.72	772	0.79336768
48.4	-128.72	659	0.79336768
48.4	-128.71	654	0.79336768
48.4	-128.7	683	0.79336768
48.4	-128.7	687	0.79336768
48.4	-128.69	616	0.79336768
48.4	-128.69	631	0.79336768
48.39	-128.68	788	0.79336768
48.39	-128.68	690	0.79336768
48.39	-128.67	589	0.79336768
48.39	-128.66	648	0.79336768
48.39	-128.66	686	0.79336768
48.39	-128.65	548	0.79336768
48.39	-128.64	699	1.033847
48.39	-128.64	787	1.033847
48.39	-128.63	902	1.033847
48.39	-128.63	534	1.033847
48.38	-128.62	465	1.033847
48.38	-128.61	355	1.033847
48.38	-128.61	304	1.033847
48.4	-128.84	1319	0.53057241
48.4	-128.83	1429	0.53057241
48.39	-128.83	1497	0.53057241
48.39	-128.82	952	0.53057241
48.39	-128.82	865	0.53057241
48.39	-128.81	763	0.53057241
48.39	-128.79	602	0.53057241
48.38	-128.79	598	0.53057241
48.39	-128.78	586	0.53057241
48.39	-128.77	539	0.53057241
48.39	-128.77	510	0.53057241
48.39	-128.76	487	0.53057241
48.39	-128.75	530	0.53057241
48.39	-128.73	914	0.79336768
48.39	-128.72	758	0.79336768
48.39	-128.72	666	0.79336768
48.39	-128.71	620	0.79336768
48.39	-128.71	553	0.79336768
48.44	-128.76	573	0.53057241
48.44	-128.76	559	0.53057241
48.44	-128.75	594	0.53057241
48.44	-128.75	641	0.53057241
48.44	-128.74	567	0.79336768
48.44	-128.73	661	0.79336768
48.44	-128.72	704	0.79336768
48.44	-128.72	812	0.79336768
48.44	-128.7	857	0.79336768
48.44	-128.7	653	0.79336768
48.44	-128.69	594	0.79336768
48.44	-128.69	637	0.79336768
48.44	-128.68	1665	0.79336768
48.44	-128.68	2298	0.79336768
48.44	-128.67	727	0.79336768
48.44	-128.66	419	0.79336768
48.44	-128.65	218	0.79336768
48.44	-128.63	290	1.033847
48.29	-128.69	532	0.80387408
48.3	-128.7	1101	0.80387408
48.31	-128.7	387	0.80387408
48.32	-128.71	278	0.80387408
48.32	-128.71	325	0.80387408
48.33	-128.72	322	0.80387408
48.34	-128.72	395	0.80387408
48.34	-128.73	422	0.80387408
48.35	-128.73	502	0.79336768
48.36	-128.74	550	0.79336768
48.37	-128.74	788	0.79336768
48.37	-128.74	935	0.79336768
48.38	-128.75	673	0.53057241
48.39	-128.75	586	0.53057241
48.4	-128.76	587	0.53057241
48.29	-128.78	313	0.54432315
48.29	-128.78	290	0.54432315
48.31	-128.78	292	0.54432315
48.33	-128.78	322	0.54432315
48.33	-128.78	361	0.54432315
48.34	-128.78	353	0.54432315
48.34	-128.78	365	0.54432315
48.35	-128.78	354	0.53057241
48.35	-128.78	335	0.53057241
48.36	-128.8	303	0.53057241
48.36	-128.81	385	0.53057241
48.36	-128.83	469	0.53057241
48.36	-128.83	627	0.53057241
48.36	-128.83	807	0.53057241
48.36	-128.84	1022	0.53057241
48.36	-128.85	1289	0.53057241
48.37	-128.86	1150	0.25480604
48.37	-128.87	1095	0.25480604
48.38	-128.88	1158	0.25480604
48.38	-128.9	1076	0.25480604
48.35	-128.77	367	0.53057241
48.36	-128.77	341	0.53057241
48.39	-128.77	533	0.53057241
48.41	-128.73	858	0.79336768
48.42	-128.73	861	0.79336768
48.41	-128.74	740	0.79336768
48.41	-128.75	624	0.53057241
48.42	-128.75	679	0.53057241
48.42	-128.77	763	0.53057241
48.42	-128.77	698	0.53057241
48.42	-128.78	706	0.53057241
48.42	-128.78	743	0.53057241
48.42	-128.79	788	0.53057241
48.42	-128.79	881	0.53057241
48.43	-128.8	959	0.53057241
48.43	-128.8	1023	0.53057241
48.43	-128.81	1153	0.53057241
48.43	-128.82	1665	0.53057241
48.43	-128.83	1124	0.53057241
48.43	-128.84	888	0.53057241
48.43	-128.85	1018	0.53057241
48.43	-128.85	792	0.53057241
48.43	-128.85	912	0.53057241
48.43	-128.86	897	0.25480604
48.44	-128.76	765	0.53057241
48.44	-128.76	690	0.53057241
48.44	-128.77	546	0.53057241
48.44	-128.78	550	0.53057241
48.45	-128.78	502	0.34311613
48.45	-128.79	477	0.34311613
48.45	-128.79	481	0.34311613
48.46	-128.8	426	0.34311613
48.46	-128.81	477	0.34311613
48.46	-128.82	429	0.34311613
48.46	-128.82	540	0.34311613
48.46	-128.83	840	0.34311613
48.46	-128.84	1246	0.34311613
48.46	-128.85	1171	0.34311613
48.47	-128.86	1531	0.15120271
48.47	-128.57	416	0.8665905
48.47	-128.58	421	0.8665905
48.47	-128.58	481	0.8665905
48.47	-128.59	461	0.8665905
48.47	-128.59	444	0.8665905
48.47	-128.6	518	0.8665905
48.47	-128.6	221	0.8665905
48.48	-128.61	619	0.8665905
48.48	-128.62	358	0.8665905
48.48	-128.62	368	0.8665905
48.48	-128.63	363	0.8665905
48.48	-128.63	639	0.8665905
48.48	-128.63	526	0.8665905
48.48	-128.64	549	0.8665905
48.48	-128.65	411	0.59159386
48.45	-128.61	924	0.8665905
48.46	-128.61	1090	0.8665905
48.46	-128.62	425	0.8665905
48.46	-128.62	355	0.8665905
48.45	-128.63	387	0.8665905
48.45	-128.63	325	0.8665905
48.45	-128.63	250	0.8665905
48.45	-128.63	829	0.8665905
48.45	-128.64	631	0.8665905
48.45	-128.64	376	0.8665905
48.45	-128.65	470	0.59159386
48.45	-128.65	440	0.59159386
48.45	-128.65	418	0.59159386
48.45	-128.65	493	0.59159386
48.45	-128.66	396	0.59159386
48.43	-128.73	697	0.79336768
48.44	-128.73	698	0.79336768
48.44	-128.73	699	0.79336768
48.45	-128.73	680	0.59159386
48.45	-128.72	777	0.59159386
48.46	-128.72	1760	0.59159386
48.46	-128.71	1233	0.59159386
48.47	-128.71	1488	0.59159386
48.47	-128.71	1496	0.59159386
48.47	-128.7	963	0.59159386
48.47	-128.7	937	0.59159386
48.48	-128.7	1062	0.59159386
48.48	-128.7	1044	0.59159386
48.48	-128.69	1088	0.59159386
48.49	-128.69	896	0.59159386
48.49	-128.69	742	0.59159386
48.5	-128.69	637	0.59159386
48.5	-128.69	636	0.59159386
48.51	-128.69	519	0.59159386
48.51	-128.68	418	0.59159386
48.45	-128.65	453	0.59159386
48.45	-128.66	362	0.59159386
48.45	-128.66	399	0.59159386
48.45	-128.66	386	0.59159386
48.45	-128.67	176	0.59159386
48.45	-128.67	153	0.59159386
48.45	-128.68	411	0.59159386
48.45	-128.68	426	0.59159386
48.45	-128.69	466	0.59159386
48.45	-128.69	524	0.59159386
48.46	-128.7	729	0.59159386
48.46	-128.7	994	0.59159386
48.46	-128.7	1663	0.59159386
48.46	-128.71	2653	0.59159386
48.46	-128.71	4439	0.59159386
48.46	-128.71	1898	0.59159386
48.46	-128.71	1099	0.59159386
48.46	-128.72	904	0.59159386
48.47	-128.72	832	0.59159386
48.47	-128.72	800	0.59159386
48.47	-128.71	862	0.59159386
48.47	-128.71	923	0.59159386
48.47	-128.71	1049	0.59159386
48.47	-128.71	1181	0.59159386
48.48	-128.7	1052	0.59159386
48.48	-128.7	851	0.59159386
48.48	-128.7	791	0.59159386
48.48	-128.69	609	0.59159386
48.48	-128.68	421	0.59159386
48.48	-128.67	427	0.59159386
48.48	-128.67	390	0.59159386
48.47	-128.73	618	0.59159386
48.47	-128.73	606	0.59159386
48.47	-128.73	679	0.59159386
48.47	-128.73	872	0.59159386
48.46	-128.72	918	0.59159386
48.46	-128.72	1511	0.59159386
48.46	-128.71	4559	0.59159386
48.46	-128.71	3022	0.59159386
48.46	-128.71	1926	0.59159386
48.46	-128.71	1742	0.59159386
48.46	-128.71	1813	0.59159386
48.46	-128.71	2029	0.59159386
48.46	-128.71	2031	0.59159386
48.46	-128.71	1815	0.59159386
48.46	-128.71	1644	0.59159386
48.46	-128.71	1498	0.59159386
48.47	-128.71	1317	0.59159386
48.47	-128.71	1236	0.59159386
48.47	-128.71	1076	0.59159386
48.48	-128.68	418	0.59159386
48.48	-128.67	413	0.59159386
48.47	-128.68	406	0.59159386
48.47	-128.68	409	0.59159386
48.47	-128.68	412	0.59159386
48.47	-128.68	418	0.59159386
48.46	-128.68	420	0.59159386
48.46	-128.68	418	0.59159386
48.45	-128.68	433	0.59159386
48.45	-128.68	424	0.59159386
48.45	-128.68	362	0.59159386
48.44	-128.68	187	0.79336768
48.44	-128.68	509	0.79336768
48.44	-128.68	539	0.79336768
48.44	-128.68	584	0.79336768
48.44	-128.68	684	0.79336768
48.44	-128.68	632	0.79336768
48.44	-128.68	965	0.79336768
48.44	-128.68	764	0.79336768
48.43	-128.68	4907	0.79336768
48.43	-128.68	3646	0.79336768
48.43	-128.68	1484	0.79336768
48.42	-128.68	842	0.79336768
48.42	-128.68	600	0.79336768
48.41	-128.68	529	0.79336768
48.41	-128.68	307	0.79336768
48.4	-128.68	484	0.79336768
48.4	-128.68	298	0.79336768
48.4	-128.68	311	0.79336768
48.38	-128.68	1405	0.79336768
48.38	-128.68	851	0.79336768
48.42	-128.72	901	0.79336768
48.42	-128.71	757	0.79336768
48.42	-128.71	658	0.79336768
48.43	-128.7	641	0.79336768
48.43	-128.69	663	0.79336768
48.43	-128.69	885	0.79336768
48.44	-128.69	1062	0.79336768
48.44	-128.68	368	0.79336768
48.45	-128.67	393	0.59159386
48.46	-128.66	323	0.59159386
48.44	-128.67	469	0.79336768
48.44	-128.67	460	0.79336768
48.45	-128.67	433	0.59159386
48.45	-128.66	404	0.59159386
48.45	-128.66	391	0.59159386
48.44	-128.66	407	0.79336768
48.44	-128.66	409	0.79336768
48.43	-128.66	432	0.79336768
48.43	-128.66	462	0.79336768
48.43	-128.66	276	0.79336768
48.43	-128.66	505	0.79336768
48.42	-128.66	491	0.79336768
48.42	-128.67	485	0.79336768
48.41	-128.67	454	0.79336768
48.41	-128.67	248	0.79336768
48.4	-128.67	451	0.79336768
48.4	-128.66	321	0.79336768
48.4	-128.66	526	0.79336768
48.41	-128.65	414	0.79336768
48.4	-128.64	433	1.033847
48.4	-128.64	486	1.033847
48.4	-128.64	583	1.033847
48.49	-128.63	1239	0.8665905
48.49	-128.63	1207	0.8665905
48.49	-128.63	1262	0.8665905
48.49	-128.64	507	0.8665905
48.48	-128.64	508	0.8665905
48.48	-128.64	494	0.8665905
48.48	-128.64	478	0.8665905
48.48	-128.64	449	0.8665905
48.48	-128.64	535	0.8665905
48.47	-128.64	493	0.8665905
48.47	-128.64	552	0.8665905
48.47	-128.64	685	0.8665905
48.46	-128.64	962	0.8665905
48.46	-128.64	6555	0.8665905
48.46	-128.64	1294	0.8665905
48.45	-128.64	542	0.8665905
48.45	-128.64	503	0.8665905
48.45	-128.64	480	0.8665905
48.44	-128.64	479	1.033847
48.44	-128.64	504	1.033847
48.44	-128.64	475	1.033847
48.44	-128.65	467	0.79336768
48.44	-128.65	480	0.79336768
48.43	-128.65	469	0.79336768
48.43	-128.65	565	0.79336768
48.43	-128.65	644	0.79336768
48.42	-128.65	742	0.79336768
48.42	-128.65	712	0.79336768
48.42	-128.65	661	0.79336768
48.42	-128.65	605	0.79336768
48.41	-128.65	518	0.79336768
48.41	-128.66	566	0.79336768
48.41	-128.66	298	0.79336768
48.41	-128.66	496	0.79336768
48.43	-128.69	810	0.79336768
48.43	-128.69	907	0.79336768
48.43	-128.69	1134	0.79336768
48.43	-128.69	1648	0.79336768
48.43	-128.68	3092	0.79336768
48.43	-128.68	4714	0.79336768
48.43	-128.68	1872	0.79336768
48.43	-128.67	1072	0.79336768
48.43	-128.66	551	0.79336768
48.43	-128.66	502	0.79336768
48.42	-128.65	420	0.79336768
48.42	-128.65	305	0.79336768
48.42	-128.59	401	1.033847
48.42	-128.6	407	1.033847
48.42	-128.6	429	1.033847
48.42	-128.6	460	1.033847
48.42	-128.61	463	1.033847
48.42	-128.61	416	1.033847
48.42	-128.62	432	1.033847
48.42	-128.62	589	1.033847
48.42	-128.63	458	1.033847
48.42	-128.63	506	1.033847
48.42	-128.63	461	1.033847
48.42	-128.63	451	1.033847
48.42	-128.64	450	1.033847
48.42	-128.64	411	1.033847
48.42	-128.64	354	1.033847
48.42	-128.64	365	1.033847
48.42	-128.65	276	0.79336768
48.42	-128.65	656	0.79336768
48.42	-128.65	355	0.79336768
48.42	-128.65	558	0.79336768
48.42	-128.66	513	0.79336768
48.42	-128.66	484	0.79336768
48.42	-128.67	471	0.79336768
48.42	-128.67	520	0.79336768
48.42	-128.67	585	0.79336768
48.42	-128.68	309	0.79336768
48.42	-128.68	926	0.79336768
48.43	-128.68	1285	0.79336768
48.43	-128.68	1677	0.79336768
48.43	-128.68	1877	0.79336768
48.43	-128.68	3484	0.79336768
48.43	-128.68	4183	0.79336768
48.43	-128.68	979	0.79336768
48.44	-128.69	845	0.79336768
48.44	-128.69	652	0.79336768
48.44	-128.69	588	0.79336768
48.44	-128.7	584	0.79336768
48.44	-128.7	629	0.79336768
48.44	-128.7	699	0.79336768
48.44	-128.71	819	0.79336768
48.44	-128.71	1037	0.79336768
48.44	-128.71	999	0.79336768
48.44	-128.72	934	0.79336768
48.45	-128.71	882	0.59159386
48.45	-128.71	1001	0.59159386
48.45	-128.71	1113	0.59159386
48.45	-128.71	1716	0.59159386
48.46	-128.71	5393	0.59159386
48.46	-128.71	1866	0.59159386
48.46	-128.71	1292	0.59159386
48.47	-128.71	1477	0.59159386
48.47	-128.7	1708	0.59159386
48.47	-128.7	1293	0.59159386
48.48	-128.7	1088	0.59159386
48.47	-128.66	160	0.59159386
48.47	-128.66	371	0.59159386
48.47	-128.66	379	0.59159386
48.46	-128.65	443	0.59159386
48.46	-128.65	519	0.59159386
48.46	-128.65	697	0.59159386
48.46	-128.64	1127	0.8665905
48.46	-128.64	2489	0.8665905
48.46	-128.64	2421	0.8665905
48.46	-128.63	402	0.8665905
48.46	-128.63	371	0.8665905
48.46	-128.62	421	0.8665905
48.46	-128.62	472	0.8665905
48.46	-128.62	653	0.8665905
48.46	-128.61	1444	0.8665905
48.46	-128.61	1460	0.8665905
48.45	-128.61	541	0.8665905
48.45	-128.6	433	0.8665905
48.45	-128.6	417	0.8665905
48.45	-128.59	460	0.8665905
48.45	-128.59	433	0.8665905
48.46	-128.63	536	0.8665905
48.46	-128.63	617	0.8665905
48.46	-128.63	1162	0.8665905
48.46	-128.63	817	0.8665905
48.46	-128.64	860	0.8665905
48.46	-128.64	706	0.8665905
48.46	-128.64	806	0.8665905
48.46	-128.64	650	0.8665905
48.46	-128.65	476	0.59159386
48.46	-128.66	347	0.59159386
48.46	-128.66	323	0.59159386
48.46	-128.66	282	0.59159386
48.46	-128.67	295	0.59159386
48.46	-128.67	323	0.59159386
48.46	-128.68	338	0.59159386
48.46	-128.68	373	0.59159386
48.46	-128.69	405	0.59159386
48.46	-128.7	496	0.59159386
48.46	-128.7	1247	0.59159386
48.46	-128.71	113	0.59159386
48.46	-128.71	2440	0.59159386
48.46	-128.71	6280	0.59159386
48.46	-128.71	3479	0.59159386
48.46	-128.71	39	0.59159386
48.46	-128.71	7932	0.59159386
48.46	-128.71	2282	0.59159386
48.46	-128.72	1228	0.59159386
48.46	-128.72	1209	0.59159386
48.46	-128.72	1318	0.59159386
48.46	-128.72	1033	0.59159386
48.46	-128.72	1155	0.59159386
48.46	-128.72	1306	0.59159386
48.46	-128.71	1538	0.59159386
48.46	-128.71	6788	0.59159386
48.46	-128.71	2142	0.59159386
48.46	-128.71	1643	0.59159386
48.46	-128.7	1029	0.59159386
48.46	-128.71	1300	0.59159386
48.46	-128.71	4818	0.59159386
48.46	-128.71	7599	0.59159386
48.46	-128.71	4106	0.59159386
48.46	-128.71	1505	0.59159386
48.46	-128.72	1240	0.59159386
48.46	-128.71	1484	0.59159386
48.46	-128.71	1916	0.59159386
48.46	-128.71	4434	0.59159386
48.46	-128.71	5963	0.59159386
48.46	-128.71	2371	0.59159386
48.46	-128.71	1615	0.59159386
47.88	-128.73	243	0.91232389
47.86	-128.67	269	0.91232389
47.86	-128.66	328	0.91232389
47.86	-128.66	449	0.91232389
47.85	-128.64	329	1.1679138
47.85	-128.64	241	1.1679138
47.85	-128.63	271	1.1679138
47.88	-128.72	225	0.91232389
47.88	-128.71	245	0.91232389
47.87	-128.71	256	0.91232389
47.87	-128.7	286	0.91232389
47.87	-128.7	278	0.91232389
47.87	-128.69	352	0.91232389
47.86	-128.68	269	0.91232389
47.86	-128.67	286	0.91232389
47.96	-128.81	353	0.50150979
47.92	-128.83	172	0.66285837
47.91	-128.82	111	0.66285837
47.9	-128.83	108	0.66285837
47.9	-128.83	177	0.66285837
47.96	-128.81	471	0.50150979
47.95	-128.81	384	0.50150979
47.94	-128.81	380	0.66285837
47.94	-128.81	359	0.66285837
47.93	-128.83	300	0.66285837
47.93	-128.82	110	0.66285837
47.93	-128.82	151	0.66285837
47.92	-128.82	72	0.66285837
47.89	-128.83	137	0.66285837
47.89	-128.83	121	0.66285837
47.88	-128.83	112	0.66285837
47.87	-128.83	117	0.66285837
47.87	-128.84	123	0.66285837
47.86	-128.84	261	0.66285837
47.99	-128.79	205	0.50150979
47.99	-128.8	168	0.50150979
47.98	-128.79	170	0.50150979
47.98	-128.8	146	0.50150979
47.97	-128.8	174	0.50150979
47.97	-128.81	159	0.50150979
47.97	-128.83	129	0.50150979
47.96	-128.82	137	0.50150979
47.93	-128.85	164	0.66285837
47.91	-128.8	95	0.66285837
47.94	-128.76	90	0.66285837
47.94	-128.82	362	0.66285837
47.96	-128.83	91	0.50150979
47.94	-128.77	104	0.66285837
47.91	-128.8	113	0.66285837
47.94	-128.78	900	0.66285837
47.91	-128.79	129	0.66285837
47.95	-128.78	109	0.50150979
47.9	-128.78	164	0.66285837
47.95	-128.79	84	0.50150979
47.95	-128.81	155	0.50150979
47.95	-128.81	171	0.50150979
47.95	-128.82	233	0.50150979
47.92	-128.84	147	0.66285837
47.92	-128.84	93	0.66285837
47.82	-128.67	563	1.1115648
47.88	-128.7	287	0.91232389
47.88	-128.7	300	0.91232389
47.89	-128.7	262	0.91232389
47.83	-128.67	534	1.1115648
47.84	-128.67	403	1.1115648
47.84	-128.68	421	1.1115648
47.85	-128.68	307	0.91232389
47.86	-128.68	294	0.91232389
47.87	-128.69	355	0.91232389
47.87	-128.69	270	0.91232389
47.88	-128.69	247	0.91232389
47.86	-128.64	267	1.1679138
47.9	-128.66	392	0.91232389
47.9	-128.67	381	0.91232389
47.87	-128.64	270	1.1679138
47.87	-128.64	353	1.1679138
47.88	-128.65	241	0.91232389
47.88	-128.65	305	0.91232389
47.89	-128.65	294	0.91232389
47.89	-128.66	204	0.91232389
47.89	-128.66	378	0.91232389
47.89	-128.66	359	0.91232389
47.92	-128.83	111	0.66285837
47.92	-128.82	109	0.66285837
47.92	-128.82	113	0.66285837
47.92	-128.81	97	0.66285837
47.91	-128.81	87	0.66285837
47.87	-127.62	556	3.4528952
47.92	-127.65	184	3.1907601
47.92	-127.65	164	3.1907601
47.93	-127.65	150	3.1907601
47.93	-127.66	123	3.1907601
47.94	-127.66	144	3.1907601
47.94	-127.66	155	3.1907601
47.95	-127.66	150	3.0129824
47.87	-127.62	688	3.4528952
47.88	-127.62	184	3.4528952
47.88	-127.63	114	3.4528952
47.89	-127.63	120	3.4528952
47.89	-127.64	187	3.4528952
47.9	-127.64	247	3.4528952
47.9	-127.64	148	3.4528952
47.91	-127.64	251	3.4528952
47.86	-127.68	143	3.1907601
47.9	-127.71	959	3.1907601
47.91	-127.71	412	3.1907601
47.91	-127.71	216	3.1907601
47.92	-127.71	265	3.1907601
47.92	-127.72	327	3.1907601
47.93	-127.72	262	3.1907601
47.93	-127.72	237	3.1907601
47.94	-127.73	267	3.1907601
47.95	-127.73	186	3.0129824
47.86	-127.68	162	3.1907601
47.96	-127.74	171	3.0129824
47.96	-127.74	174	3.0129824
47.87	-127.68	184	3.1907601
47.87	-127.69	205	3.1907601
47.88	-127.69	231	3.1907601
47.89	-127.7	214	3.1907601
47.89	-127.7	258	3.1907601
47.89	-127.7	324	3.1907601
47.9	-127.7	489	3.1907601
47.75	-127.62	74	3.5783212
47.79	-127.64	159	3.5786738
47.8	-127.64	260	3.5786738
47.8	-127.65	179	3.3711357
47.81	-127.65	128	3.3711357
47.81	-127.65	145	3.3711357
47.82	-127.65	117	3.3711357
47.82	-127.66	236	3.3711357
47.83	-127.66	180	3.3711357
47.83	-127.66	220	3.3711357
47.84	-127.67	186	3.3711357
47.75	-127.62	148	3.5783212
47.84	-127.67	199	3.3711357
47.85	-127.67	228	3.1907601
47.85	-127.67	197	3.1907601
47.86	-127.68	188	3.1907601
47.76	-127.62	69	3.5786738
47.76	-127.62	155	3.5786738
47.76	-127.63	91	3.5786738
47.77	-127.63	63	3.5786738
47.78	-127.63	74	3.5786738
47.78	-127.64	87	3.5786738
47.78	-127.64	156	3.5786738
47.82	-127.49	214	3.8465323
47.83	-127.55	139	3.5786738
47.83	-127.55	72	3.5786738
47.83	-127.56	231	3.5786738
47.84	-127.57	261	3.5786738
47.84	-127.58	362	3.5786738
47.84	-127.58	189	3.5786738
47.84	-127.59	212	3.5786738
47.84	-127.6	181	3.5786738
47.84	-127.6	187	3.5786738
47.84	-127.61	232	3.5786738
47.82	-127.49	172	3.8465323
47.82	-127.5	89	3.8465323
47.82	-127.5	206	3.8465323
47.82	-127.51	199	3.8465323
47.82	-127.51	37	3.8465323
47.82	-127.52	145	3.8465323
47.83	-127.53	123	3.8465323
47.83	-127.54	122	3.8465323
47.75	-127.22	154	4.6330013
47.76	-127.29	131	4.2658925
47.77	-127.3	101	4.2658925
47.77	-127.31	111	4.2658925
47.77	-127.33	200	4.2658925
47.75	-127.23	141	4.6330013
47.75	-127.24	145	4.6330013
47.75	-127.24	150	4.6330013
47.76	-127.25	151	4.2658925
47.76	-127.26	162	4.2658925
47.76	-127.27	157	4.2658925
47.76	-127.27	106	4.2658925
47.76	-127.28	164	4.2658925
47.77	-127.33	145	4.2658925
47.79	-127.4	135	4.1103892
47.79	-127.4	188	4.1103892
47.79	-127.41	108	4.1103892
47.78	-127.34	106	4.2658925
47.78	-127.35	141	4.2658925
47.78	-127.35	163	4.2658925
47.78	-127.36	150	4.1103892
47.78	-127.37	105	4.1103892
47.78	-127.37	171	4.1103892
47.78	-127.38	133	4.1103892
47.79	-127.39	142	4.1103892
47.84	-127.72	1091	3.3711357
47.85	-127.81	224	2.9645884
47.85	-127.82	239	2.9645884
47.85	-127.82	233	2.9645884
47.85	-127.83	241	2.9645884
47.86	-127.84	252	2.9645884
47.86	-127.85	102	2.9645884
47.86	-127.86	97	2.6994836
47.86	-127.87	210	2.6994836
47.86	-127.88	95	2.6994836
47.86	-127.89	257	2.6994836
47.84	-127.74	710	3.3711357
47.86	-127.9	217	2.6994836
47.86	-127.91	182	2.6994836
47.84	-127.75	292	3.1612465
47.84	-127.76	137	3.1612465
47.84	-127.76	234	3.1612465
47.84	-127.77	209	3.1612465
47.85	-127.78	201	2.9645884
47.85	-127.79	200	2.9645884
47.85	-127.8	197	2.9645884
47.85	-127.63	1659	3.4528952
47.86	-127.71	309	3.1907601
47.86	-127.71	410	3.1907601
47.87	-127.72	935	3.1907601
47.87	-127.72	1109	3.1907601
47.87	-127.72	311	3.1907601
47.87	-127.73	226	3.1907601
47.87	-127.74	283	3.1907601
47.87	-127.74	281	3.1907601
47.85	-127.64	346	3.4528952
47.85	-127.65	425	3.1907601
47.85	-127.66	216	3.1907601
47.86	-127.67	200	3.1907601
47.86	-127.67	191	3.1907601
47.86	-127.68	162	3.1907601
47.86	-127.7	191	3.1907601
47.86	-127.7	227	3.1907601
47.86	-127.7	217	3.1907601
47.87	-127.73	211	3.1907601
47.87	-127.73	225	3.1907601
47.85	-127.74	233	3.1907601
47.85	-127.73	285	3.1907601
47.85	-127.73	283	3.1907601
47.85	-127.72	451	3.1907601
47.85	-127.72	712	3.1907601
47.85	-127.72	487	3.1907601
47.85	-127.72	433	3.1907601
47.85	-127.71	364	3.1907601
47.86	-127.7	214	3.1907601
47.85	-127.71	253	3.1907601
47.85	-127.7	206	3.1907601
47.86	-127.7	244	3.1907601
47.86	-127.71	308	3.1907601
47.86	-127.71	382	3.1907601
47.87	-127.72	562	3.1907601
47.87	-127.72	1043	3.1907601
47.87	-127.72	1020	3.1907601
47.87	-127.73	319	3.1907601
47.79	-127.85	228	3.1612465
47.92	-128.72	165	0.91232389
47.92	-128.68	263	0.91232389
47.91	-128.67	275	0.91232389
47.91	-128.67	286	0.91232389
47.91	-128.66	302	0.91232389
47.91	-128.66	319	0.91232389
47.91	-128.65	327	0.91232389
47.91	-128.65	334	0.91232389
47.91	-128.64	329	1.1679138
47.91	-128.64	266	1.1679138
47.9	-128.63	339	1.1679138
47.92	-128.72	158	0.91232389
47.9	-128.63	337	1.1679138
47.9	-128.62	315	1.1679138
47.92	-128.71	163	0.91232389
47.92	-128.71	178	0.91232389
47.92	-128.7	162	0.91232389
47.92	-128.7	212	0.91232389
47.92	-128.69	230	0.91232389
47.92	-128.69	248	0.91232389
47.92	-128.68	236	0.91232389
47.9	-128.62	295	1.1679138
47.89	-128.57	599	1.1679138
47.89	-128.57	755	1.1679138
47.89	-128.56	481	1.1679138
47.89	-128.56	677	1.1679138
47.89	-128.56	735	1.1679138
47.89	-128.55	472	1.1679138
47.89	-128.55	370	1.1679138
47.89	-128.54	346	1.414219
47.89	-128.54	313	1.414219
47.89	-128.54	237	1.414219
47.9	-128.61	325	1.1679138
47.89	-128.53	145	1.414219
47.89	-128.53	168	1.414219
47.89	-128.52	207	1.414219
47.88	-128.52	253	1.414219
47.9	-128.61	272	1.1679138
47.9	-128.61	293	1.1679138
47.9	-128.6	339	1.1679138
47.9	-128.59	315	1.1679138
47.9	-128.58	314	1.1679138
47.89	-128.57	345	1.1679138
47.92	-128.52	171	1.414219
47.92	-128.55	269	1.1679138
47.92	-128.55	273	1.1679138
47.92	-128.55	356	1.1679138
47.92	-128.55	523	1.1679138
47.93	-128.56	436	1.1679138
47.93	-128.56	434	1.1679138
47.93	-128.56	369	1.1679138
47.93	-128.56	280	1.1679138
47.93	-128.57	276	1.1679138
47.93	-128.57	294	1.1679138
47.92	-128.52	168	1.414219
47.92	-128.53	174	1.414219
47.92	-128.53	175	1.414219
47.92	-128.54	206	1.414219
47.92	-128.54	227	1.414219
47.92	-128.54	239	1.414219
47.92	-128.55	259	1.1679138
47.93	-128.58	248	1.1679138
47.93	-128.59	268	1.1679138
47.93	-128.59	271	1.1679138
47.93	-128.59	254	1.1679138
47.93	-128.59	246	1.1679138
47.93	-128.6	240	1.1679138
47.93	-128.6	235	1.1679138
47.93	-128.6	239	1.1679138
47.93	-128.6	248	1.1679138
47.93	-128.6	254	1.1679138
47.93	-128.58	243	1.1679138
47.93	-128.61	254	1.1679138
47.93	-128.61	264	1.1679138
47.93	-128.61	270	1.1679138
47.93	-128.61	279	1.1679138
47.93	-128.61	285	1.1679138
47.93	-128.58	232	1.1679138
47.93	-128.58	230	1.1679138
47.93	-128.59	231	1.1679138
47.93	-128.59	233	1.1679138
47.93	-128.59	236	1.1679138
47.93	-128.59	242	1.1679138
47.93	-128.59	255	1.1679138
47.93	-128.61	276	1.1679138
47.94	-128.62	264	1.1679138
47.94	-128.62	266	1.1679138
47.94	-128.63	280	1.1679138
47.94	-128.63	283	1.1679138
47.94	-128.63	284	1.1679138
47.94	-128.63	281	1.1679138
47.94	-128.63	282	1.1679138
47.94	-128.63	273	1.1679138
47.94	-128.63	263	1.1679138
47.94	-128.63	260	1.1679138
47.93	-128.61	280	1.1679138
47.94	-128.63	260	1.1679138
47.94	-128.63	257	1.1679138
47.93	-128.61	281	1.1679138
47.93	-128.61	283	1.1679138
47.94	-128.61	287	1.1679138
47.94	-128.62	280	1.1679138
47.94	-128.62	275	1.1679138
47.94	-128.62	269	1.1679138
47.94	-128.62	268	1.1679138
47.91	-128.55	231	1.1679138
47.91	-128.57	388	1.1679138
47.91	-128.57	286	1.1679138
47.91	-128.57	287	1.1679138
47.91	-128.57	280	1.1679138
47.91	-128.58	296	1.1679138
47.91	-128.58	297	1.1679138
47.91	-128.58	316	1.1679138
47.91	-128.59	328	1.1679138
47.91	-128.59	326	1.1679138
47.91	-128.59	324	1.1679138
47.91	-128.55	264	1.1679138
47.91	-128.59	313	1.1679138
47.91	-128.6	299	1.1679138
47.92	-128.6	290	1.1679138
47.92	-128.6	292	1.1679138
47.92	-128.6	263	1.1679138
47.91	-128.55	376	1.1679138
47.91	-128.55	408	1.1679138
47.91	-128.55	425	1.1679138
47.91	-128.56	355	1.1679138
47.91	-128.56	440	1.1679138
47.91	-128.56	632	1.1679138
47.72	-127.79	1301	3.251128
47.72	-127.78	340	3.251128
47.72	-127.78	370	3.251128
47.72	-127.78	274	3.251128
47.73	-127.78	262	3.251128
47.73	-127.78	267	3.251128
47.73	-127.78	290	3.251128
47.73	-127.77	257	3.251128
47.73	-127.77	252	3.251128
47.73	-127.77	261	3.251128
47.74	-127.77	278	3.251128
47.74	-127.77	270	3.251128
47.72	-127.79	3144	3.251128
47.72	-127.78	2022	3.251128
47.72	-127.78	994	3.251128
47.72	-127.78	604	3.251128
47.72	-127.78	434	3.251128
47.72	-127.78	403	3.251128
47.72	-127.78	383	3.251128
47.89	-127.49	250	3.7126944
47.91	-127.59	215	3.4528952
47.91	-127.59	224	3.4528952
47.72	-127.82	196	3.251128
47.71	-127.78	1194	3.251128
47.71	-127.78	452	3.251128
47.71	-127.78	422	3.251128
47.71	-127.78	301	3.251128
47.71	-127.77	218	3.251128
47.71	-127.77	205	3.251128
47.71	-127.76	191	3.251128
47.7	-127.75	171	3.251128
47.7	-127.75	166	3.251128
47.72	-127.8	211	3.251128
47.71	-127.79	256	3.251128
47.71	-127.79	291	3.251128
47.71	-127.79	939	3.251128
48.47	-128.78	404	0.34311613
48.47	-128.8	397	0.34311613
48.57	-128.69	371	0.44956386
48.57	-128.69	262	0.44956386
48.57	-128.69	267	0.44956386
48.57	-128.7	338	0.44956386
48.57	-128.7	388	0.44956386
48.56	-128.7	359	0.44956386
48.56	-128.7	474	0.44956386
48.55	-128.71	587	0.59159386
48.55	-128.71	494	0.59159386
48.55	-128.72	413	0.59159386
48.54	-128.72	335	0.59159386
48.53	-128.72	302	0.59159386
48.52	-128.73	278	0.59159386
48.52	-128.73	305	0.59159386
48.51	-128.74	306	0.59159386
48.51	-128.74	217	0.59159386
48.52	-128.82	165	0.34311613
48.52	-128.8	159	0.34311613
48.53	-128.79	161	0.34311613
48.52	-128.78	150	0.34311613
48.52	-128.77	169	0.34311613
48.51	-128.77	133	0.34311613
48.5	-128.77	230	0.34311613
48.49	-128.76	263	0.34311613
48.49	-128.76	268	0.34311613
48.48	-128.76	272	0.34311613
48.47	-128.75	309	0.34311613
48.47	-128.75	348	0.34311613
48.46	-128.74	424	0.59159386
48.45	-128.74	412	0.59159386
48.45	-128.74	1005	0.59159386
48.51	-128.78	151	0.34311613
48.51	-128.78	189	0.34311613
48.51	-128.77	120	0.34311613
48.51	-128.77	203	0.34311613
48.5	-128.76	299	0.34311613
48.5	-128.76	320	0.34311613
48.5	-128.75	246	0.34311613
48.49	-128.74	206	0.59159386
48.49	-128.73	341	0.59159386
48.49	-128.73	395	0.59159386
48.49	-128.72	390	0.59159386
48.48	-128.72	570	0.59159386
48.48	-128.71	744	0.59159386
48.45	-128.72	774	0.59159386
48.45	-128.72	1073	0.59159386
48.46	-128.71	2894	0.59159386
48.46	-128.71	1528	0.59159386
48.45	-128.7	1313	0.59159386
48.45	-128.7	729	0.59159386
48.44	-128.69	581	0.79336768
48.44	-128.69	605	0.79336768
48.44	-128.69	707	0.79336768
48.44	-128.68	1507	0.79336768
48.43	-128.68	3200	0.79336768
48.43	-128.68	2129	0.79336768
48.43	-128.67	883	0.79336768
48.43	-128.67	684	0.79336768
48.43	-128.67	556	0.79336768
48.43	-128.66	466	0.79336768
48.4	-128.73	841	0.79336768
48.4	-128.73	677	0.79336768
48.4	-128.72	995	0.79336768
48.4	-128.72	772	0.79336768
48.4	-128.72	659	0.79336768
48.4	-128.71	654	0.79336768
48.4	-128.7	683	0.79336768
48.4	-128.7	687	0.79336768
48.4	-128.69	616	0.79336768
48.4	-128.69	631	0.79336768
48.39	-128.68	788	0.79336768
48.39	-128.68	690	0.79336768
48.39	-128.67	589	0.79336768
48.39	-128.67	589	0.79336768
48.39	-128.66	648	0.79336768
48.39	-128.66	686	0.79336768
48.39	-128.65	548	0.79336768
48.39	-128.64	699	1.033847
48.39	-128.64	787	1.033847
48.39	-128.63	902	1.033847
48.39	-128.63	534	1.033847
48.38	-128.62	465	1.033847
48.38	-128.61	355	1.033847
48.38	-128.61	304	1.033847
48.4	-128.84	1319	0.53057241
48.4	-128.83	1429	0.53057241
48.39	-128.83	1497	0.53057241
48.39	-128.82	952	0.53057241
48.39	-128.82	865	0.53057241
48.39	-128.81	763	0.53057241
48.39	-128.79	602	0.53057241
48.38	-128.79	598	0.53057241
48.39	-128.78	586	0.53057241
48.39	-128.77	539	0.53057241
48.39	-128.77	510	0.53057241
48.39	-128.76	487	0.53057241
48.39	-128.75	530	0.53057241
48.39	-128.73	914	0.79336768
48.39	-128.72	758	0.79336768
48.39	-128.72	666	0.79336768
48.39	-128.71	620	0.79336768
48.39	-128.71	553	0.79336768
48.44	-128.76	573	0.53057241
48.44	-128.76	559	0.53057241
48.44	-128.75	594	0.53057241
48.44	-128.75	641	0.53057241
48.44	-128.74	567	0.79336768
48.44	-128.73	661	0.79336768
48.44	-128.72	704	0.79336768
48.44	-128.72	812	0.79336768
48.44	-128.7	857	0.79336768
48.44	-128.7	653	0.79336768
48.44	-128.69	594	0.79336768
48.44	-128.69	637	0.79336768
48.44	-128.68	1665	0.79336768
48.44	-128.68	2298	0.79336768
48.44	-128.67	727	0.79336768
48.44	-128.66	419	0.79336768
48.44	-128.65	218	0.79336768
48.44	-128.63	290	1.033847
48.29	-128.69	532	0.80387408
48.3	-128.7	1101	0.80387408
48.31	-128.7	387	0.80387408
48.32	-128.71	278	0.80387408
48.32	-128.71	325	0.80387408
48.33	-128.72	322	0.80387408
48.34	-128.72	395	0.80387408
48.34	-128.73	422	0.80387408
48.35	-128.73	502	0.79336768
48.36	-128.74	550	0.79336768
48.37	-128.74	788	0.79336768
48.37	-128.74	935	0.79336768
48.38	-128.75	673	0.53057241
48.39	-128.75	586	0.53057241
48.4	-128.76	587	0.53057241
48.29	-128.78	313	0.54432315
48.29	-128.78	290	0.54432315
48.31	-128.78	292	0.54432315
48.33	-128.78	322	0.54432315
48.33	-128.78	361	0.54432315
48.34	-128.78	353	0.54432315
48.34	-128.78	365	0.54432315
48.35	-128.78	354	0.53057241
48.35	-128.78	335	0.53057241
48.36	-128.8	303	0.53057241
48.36	-128.81	385	0.53057241
48.36	-128.83	469	0.53057241
48.36	-128.83	627	0.53057241
48.36	-128.83	807	0.53057241
48.36	-128.84	1022	0.53057241
48.36	-128.85	1289	0.53057241
48.37	-128.86	1150	0.25480604
48.37	-128.87	1095	0.25480604
48.38	-128.88	1158	0.25480604
48.38	-128.9	1076	0.25480604
48.35	-128.77	367	0.53057241
48.36	-128.77	341	0.53057241
48.39	-128.77	533	0.53057241
48.41	-128.73	858	0.79336768
48.42	-128.73	861	0.79336768
48.41	-128.74	740	0.79336768
48.41	-128.75	624	0.53057241
48.42	-128.75	679	0.53057241
48.42	-128.77	763	0.53057241
48.42	-128.77	698	0.53057241
48.42	-128.78	706	0.53057241
48.42	-128.78	743	0.53057241
48.42	-128.79	788	0.53057241
48.42	-128.79	881	0.53057241
48.43	-128.8	959	0.53057241
48.43	-128.8	1023	0.53057241
48.43	-128.81	1153	0.53057241
48.43	-128.82	1665	0.53057241
48.43	-128.83	1124	0.53057241
48.43	-128.84	888	0.53057241
48.43	-128.85	1018	0.53057241
48.43	-128.85	792	0.53057241
48.43	-128.85	912	0.53057241
48.43	-128.86	897	0.25480604
48.44	-128.76	765	0.53057241
48.44	-128.76	690	0.53057241
48.44	-128.77	546	0.53057241
48.44	-128.78	550	0.53057241
48.45	-128.78	502	0.34311613
48.45	-128.79	477	0.34311613
48.45	-128.79	481	0.34311613
48.46	-128.8	426	0.34311613
48.46	-128.81	477	0.34311613
48.46	-128.82	429	0.34311613
48.46	-128.82	540	0.34311613
48.46	-128.83	840	0.34311613
48.46	-128.84	1246	0.34311613
48.46	-128.85	1171	0.34311613
48.47	-128.86	1531	0.15120271
48.47	-128.57	416	0.8665905
48.47	-128.58	421	0.8665905
48.47	-128.58	481	0.8665905
48.47	-128.59	461	0.8665905
48.47	-128.59	444	0.8665905
48.47	-128.6	518	0.8665905
48.47	-128.6	221	0.8665905
48.48	-128.61	619	0.8665905
48.48	-128.62	358	0.8665905
48.48	-128.62	368	0.8665905
48.48	-128.63	363	0.8665905
48.48	-128.63	639	0.8665905
48.48	-128.63	526	0.8665905
48.48	-128.64	549	0.8665905
48.48	-128.65	411	0.59159386
48.45	-128.61	924	0.8665905
48.46	-128.61	1090	0.8665905
48.46	-128.62	425	0.8665905
48.46	-128.62	355	0.8665905
48.45	-128.63	387	0.8665905
48.45	-128.63	325	0.8665905
48.45	-128.63	250	0.8665905
48.45	-128.63	829	0.8665905
48.45	-128.64	631	0.8665905
48.45	-128.64	376	0.8665905
48.45	-128.65	470	0.59159386
48.45	-128.65	440	0.59159386
48.45	-128.65	418	0.59159386
48.45	-128.65	493	0.59159386
48.45	-128.66	396	0.59159386
48.43	-128.73	697	0.79336768
48.44	-128.73	698	0.79336768
48.44	-128.73	699	0.79336768
48.45	-128.73	680	0.59159386
48.45	-128.72	777	0.59159386
48.46	-128.72	1760	0.59159386
48.46	-128.71	1233	0.59159386
48.47	-128.71	1488	0.59159386
48.47	-128.71	1496	0.59159386
48.47	-128.7	963	0.59159386
48.47	-128.7	937	0.59159386
48.48	-128.7	1062	0.59159386
48.48	-128.7	1044	0.59159386
48.48	-128.69	1088	0.59159386
48.49	-128.69	896	0.59159386
48.49	-128.69	742	0.59159386
48.5	-128.69	637	0.59159386
48.5	-128.69	636	0.59159386
48.51	-128.69	519	0.59159386
48.51	-128.68	418	0.59159386
48.45	-128.65	453	0.59159386
48.45	-128.65	453	0.59159386
48.45	-128.66	362	0.59159386
48.45	-128.66	399	0.59159386
48.45	-128.66	386	0.59159386
48.45	-128.67	176	0.59159386
48.45	-128.67	153	0.59159386
48.45	-128.68	411	0.59159386
48.45	-128.68	426	0.59159386
48.45	-128.69	466	0.59159386
48.45	-128.69	524	0.59159386
48.46	-128.7	729	0.59159386
48.46	-128.7	994	0.59159386
48.46	-128.7	1663	0.59159386
48.46	-128.71	2653	0.59159386
48.46	-128.71	4439	0.59159386
48.46	-128.71	1898	0.59159386
48.46	-128.71	1099	0.59159386
48.46	-128.72	904	0.59159386
48.47	-128.72	832	0.59159386
48.47	-128.72	800	0.59159386
48.47	-128.71	862	0.59159386
48.47	-128.71	923	0.59159386
48.47	-128.71	1049	0.59159386
48.47	-128.71	1181	0.59159386
48.48	-128.7	1052	0.59159386
48.48	-128.7	851	0.59159386
48.48	-128.7	791	0.59159386
48.48	-128.69	609	0.59159386
48.48	-128.68	421	0.59159386
48.48	-128.67	427	0.59159386
48.48	-128.67	390	0.59159386
48.47	-128.73	618	0.59159386
48.47	-128.73	606	0.59159386
48.47	-128.73	679	0.59159386
48.47	-128.73	872	0.59159386
48.46	-128.72	918	0.59159386
48.46	-128.72	1511	0.59159386
48.46	-128.71	4559	0.59159386
48.46	-128.71	3022	0.59159386
48.46	-128.71	1926	0.59159386
48.46	-128.71	1742	0.59159386
48.46	-128.71	1813	0.59159386
48.46	-128.71	2029	0.59159386
48.46	-128.71	2031	0.59159386
48.46	-128.71	1815	0.59159386
48.46	-128.71	1644	0.59159386
48.46	-128.71	1498	0.59159386
48.47	-128.71	1317	0.59159386
48.47	-128.71	1236	0.59159386
48.47	-128.71	1076	0.59159386
48.48	-128.68	418	0.59159386
48.48	-128.67	413	0.59159386
48.47	-128.68	406	0.59159386
48.47	-128.68	409	0.59159386
48.47	-128.68	412	0.59159386
48.47	-128.68	418	0.59159386
48.46	-128.68	420	0.59159386
48.46	-128.68	418	0.59159386
48.45	-128.68	433	0.59159386
48.45	-128.68	424	0.59159386
48.45	-128.68	362	0.59159386
48.44	-128.68	187	0.79336768
48.44	-128.68	509	0.79336768
48.44	-128.68	539	0.79336768
48.44	-128.68	584	0.79336768
48.44	-128.68	684	0.79336768
48.44	-128.68	632	0.79336768
48.44	-128.68	965	0.79336768
48.44	-128.68	764	0.79336768
48.43	-128.68	4907	0.79336768
48.43	-128.68	3646	0.79336768
48.43	-128.68	1484	0.79336768
48.42	-128.68	842	0.79336768
48.42	-128.68	600	0.79336768
48.41	-128.68	529	0.79336768
48.41	-128.68	307	0.79336768
48.4	-128.68	484	0.79336768
48.4	-128.68	298	0.79336768
48.4	-128.68	311	0.79336768
48.39	-128.68	270	0.79336768
48.38	-128.68	1405	0.79336768
48.38	-128.68	606	0.79336768
48.42	-128.72	901	0.79336768
48.42	-128.71	757	0.79336768
48.42	-128.71	658	0.79336768
48.43	-128.7	641	0.79336768
48.43	-128.69	663	0.79336768
48.43	-128.69	885	0.79336768
48.44	-128.69	1062	0.79336768
48.44	-128.68	368	0.79336768
48.45	-128.67	393	0.59159386
48.46	-128.66	323	0.59159386
48.44	-128.67	469	0.79336768
48.44	-128.67	460	0.79336768
48.45	-128.67	433	0.59159386
48.45	-128.66	404	0.59159386
48.45	-128.66	391	0.59159386
48.44	-128.66	407	0.79336768
48.44	-128.66	409	0.79336768
48.43	-128.66	432	0.79336768
48.43	-128.66	462	0.79336768
48.43	-128.66	276	0.79336768
48.43	-128.66	505	0.79336768
48.42	-128.66	491	0.79336768
48.42	-128.67	485	0.79336768
48.41	-128.67	454	0.79336768
48.41	-128.67	248	0.79336768
48.4	-128.67	451	0.79336768
48.4	-128.66	321	0.79336768
48.4	-128.66	526	0.79336768
48.41	-128.65	414	0.79336768
48.4	-128.64	433	1.033847
48.4	-128.64	486	1.033847
48.4	-128.64	583	1.033847
48.49	-128.63	1239	0.8665905
48.49	-128.63	1207	0.8665905
48.49	-128.63	1262	0.8665905
48.49	-128.64	507	0.8665905
48.48	-128.64	508	0.8665905
48.48	-128.64	494	0.8665905
48.48	-128.64	478	0.8665905
48.48	-128.64	449	0.8665905
48.48	-128.64	535	0.8665905
48.47	-128.64	493	0.8665905
48.47	-128.64	552	0.8665905
48.47	-128.64	685	0.8665905
48.46	-128.64	962	0.8665905
48.46	-128.64	6555	0.8665905
48.46	-128.64	1294	0.8665905
48.45	-128.64	542	0.8665905
48.45	-128.64	503	0.8665905
48.45	-128.64	480	0.8665905
48.44	-128.64	479	1.033847
48.44	-128.64	504	1.033847
48.44	-128.64	475	1.033847
48.44	-128.65	467	0.79336768
48.44	-128.65	480	0.79336768
48.43	-128.65	469	0.79336768
48.43	-128.65	469	0.79336768
48.43	-128.65	565	0.79336768
48.43	-128.65	644	0.79336768
48.42	-128.65	742	0.79336768
48.42	-128.65	712	0.79336768
48.42	-128.65	661	0.79336768
48.42	-128.65	605	0.79336768
48.41	-128.65	518	0.79336768
48.41	-128.66	566	0.79336768
48.41	-128.66	298	0.79336768
48.41	-128.66	496	0.79336768
48.43	-128.69	810	0.79336768
48.43	-128.69	907	0.79336768
48.43	-128.69	1134	0.79336768
48.43	-128.69	1648	0.79336768
48.43	-128.68	3092	0.79336768
48.43	-128.68	4714	0.79336768
48.43	-128.68	1872	0.79336768
48.43	-128.67	1072	0.79336768
48.43	-128.66	551	0.79336768
48.43	-128.66	502	0.79336768
48.42	-128.65	420	0.79336768
48.42	-128.65	305	0.79336768
48.42	-128.59	401	1.033847
48.42	-128.6	407	1.033847
48.42	-128.6	429	1.033847
48.42	-128.6	460	1.033847
48.42	-128.61	463	1.033847
48.42	-128.61	416	1.033847
48.42	-128.62	432	1.033847
48.42	-128.62	589	1.033847
48.42	-128.63	458	1.033847
48.42	-128.63	506	1.033847
48.42	-128.63	461	1.033847
48.42	-128.63	451	1.033847
48.42	-128.64	450	1.033847
48.42	-128.64	411	1.033847
48.42	-128.64	354	1.033847
48.42	-128.64	365	1.033847
48.42	-128.65	276	0.79336768
48.42	-128.65	656	0.79336768
48.42	-128.65	355	0.79336768
48.42	-128.65	558	0.79336768
48.42	-128.66	513	0.79336768
48.42	-128.66	484	0.79336768
48.42	-128.67	471	0.79336768
48.42	-128.67	520	0.79336768
48.42	-128.67	585	0.79336768
48.42	-128.68	309	0.79336768
48.42	-128.68	926	0.79336768
48.43	-128.68	1285	0.79336768
48.43	-128.68	1677	0.79336768
48.43	-128.68	1877	0.79336768
48.43	-128.68	3484	0.79336768
48.43	-128.68	4183	0.79336768
48.43	-128.68	979	0.79336768
48.44	-128.69	845	0.79336768
48.44	-128.69	652	0.79336768
48.44	-128.69	588	0.79336768
48.44	-128.7	584	0.79336768
48.44	-128.7	629	0.79336768
48.44	-128.7	699	0.79336768
48.44	-128.71	819	0.79336768
48.44	-128.71	1037	0.79336768
48.44	-128.71	999	0.79336768
48.44	-128.72	934	0.79336768
48.45	-128.71	882	0.59159386
48.45	-128.71	1001	0.59159386
48.45	-128.71	1113	0.59159386
48.45	-128.71	1716	0.59159386
48.46	-128.71	5393	0.59159386
48.46	-128.71	1866	0.59159386
48.46	-128.71	1292	0.59159386
48.47	-128.71	1477	0.59159386
48.47	-128.7	1708	0.59159386
48.47	-128.7	1293	0.59159386
48.48	-128.7	1088	0.59159386
48.47	-128.66	160	0.59159386
48.47	-128.66	371	0.59159386
48.47	-128.66	379	0.59159386
48.46	-128.65	443	0.59159386
48.46	-128.65	519	0.59159386
48.46	-128.65	697	0.59159386
48.46	-128.64	1127	0.8665905
48.46	-128.64	2489	0.8665905
48.46	-128.64	2421	0.8665905
48.46	-128.63	402	0.8665905
48.46	-128.63	371	0.8665905
48.46	-128.62	421	0.8665905
48.46	-128.62	472	0.8665905
48.46	-128.62	653	0.8665905
48.46	-128.61	1444	0.8665905
48.46	-128.61	1460	0.8665905
48.45	-128.61	541	0.8665905
48.45	-128.6	433	0.8665905
48.45	-128.6	417	0.8665905
48.45	-128.59	460	0.8665905
48.45	-128.59	433	0.8665905
48.46	-128.63	536	0.8665905
48.46	-128.63	617	0.8665905
48.46	-128.63	1162	0.8665905
48.46	-128.63	817	0.8665905
48.46	-128.64	860	0.8665905
48.46	-128.64	706	0.8665905
48.46	-128.64	806	0.8665905
48.46	-128.64	650	0.8665905
48.46	-128.65	476	0.59159386
48.46	-128.66	323	0.59159386
48.46	-128.66	282	0.59159386
48.46	-128.67	295	0.59159386
48.46	-128.67	323	0.59159386
48.46	-128.68	338	0.59159386
48.46	-128.68	373	0.59159386
48.46	-128.69	405	0.59159386
48.46	-128.7	496	0.59159386
48.46	-128.7	1247	0.59159386
48.46	-128.71	113	0.59159386
48.46	-128.71	2440	0.59159386
48.46	-128.71	6280	0.59159386
48.46	-128.71	3479	0.59159386
48.46	-128.71	39	0.59159386
48.46	-128.71	7932	0.59159386
48.46	-128.71	2282	0.59159386
48.46	-128.72	1228	0.59159386
48.46	-128.72	1209	0.59159386
48.46	-128.72	1318	0.59159386
48.46	-128.72	1033	0.59159386
48.46	-128.72	1155	0.59159386
48.46	-128.72	1306	0.59159386
48.46	-128.71	1538	0.59159386
48.46	-128.71	6788	0.59159386
48.46	-128.71	2142	0.59159386
48.46	-128.71	1643	0.59159386
48.46	-128.7	1029	0.59159386
48.46	-128.71	1300	0.59159386
48.46	-128.71	4818	0.59159386
48.46	-128.71	7599	0.59159386
48.46	-128.71	4106	0.59159386
48.46	-128.71	1505	0.59159386
48.46	-128.72	1240	0.59159386
48.46	-128.71	1484	0.59159386
48.46	-128.71	1916	0.59159386
48.46	-128.71	4434	0.59159386
48.46	-128.71	5963	0.59159386
48.46	-128.71	2371	0.59159386
48.46	-128.71	1615	0.59159386
44.65	-130.85	190	1.9146042
44.48	-129.88	40	0.78107381
44.63	-130.13	80	0.36031222
44.62	-130.52	560	0.67423803
44.65	-130.77	110	1.9146042
45.87	-130.57	210	2.5964611
45.8	-130.82	280	3.3465738
46.2	-130.02	140	1.1109359
50.07	-132.42	29	7.3883481
48.32	-131.63	50	6.8122478
46.25	-131.98	33	7.888742
43.85	-130.92	134	5.6550808
42.32	-130.65	21	6.8167458
40.6	-130.43	4	6.2645273
40.58	-129.37	151	4.2579012
38.58	-127.75	25	33.229568
46.8	-125.53	85	8.4658957
46.8	-125.55	84	8.262826
46.8	-125.55	90	8.262826
46.8	-125.56	94	8.262826
46.8	-125.57	102	8.262826
46.8	-125.57	117	8.262826
46.78	-125.76	84	7.7502818
46.79	-125.69	103	8.0188046
46.79	-125.71	91	8.0188046
46.78	-125.77	86	7.7502818
46.79	-125.72	89	8.0188046
46.78	-125.78	114	7.7502818
46.78	-125.73	86	8.0188046
46.78	-125.75	87	7.7502818
46.77	-125.92	111	7.4773855
46.77	-125.94	113	7.4773855
46.77	-125.95	110	7.2581306
46.76	-125.96	105	7.2581306
46.76	-125.98	107	7.2581306
46.76	-125.98	105	7.2581306
46.76	-125.98	102	7.2581306
46.76	-126.04	114	7.2581306
46.76	-126.04	108	7.2581306
46.76	-126.05	107	7.0691643
46.74	-126.23	312	6.8100848
46.74	-126.22	182	6.8100848
46.74	-126.2	107	6.8100848
46.74	-126.19	127	6.8100848
46.74	-126.18	116	6.8100848
46.75	-126.16	116	6.8100848
46.74	-126.18	119	6.8100848
46.74	-126.2	135	6.8100848
46.74	-126.21	153	6.8100848
46.74	-126.21	160	6.8100848
46.74	-126.22	255	6.8100848
46.74	-126.24	424	6.8100848
46.74	-126.24	438	6.8100848
46.74	-126.25	401	6.8100848
46.68	-126.14	109	7.0371647
46.68	-126.15	111	6.8100848
46.68	-126.16	122	6.8100848
46.67	-126.18	115	6.8100848
46.67	-126.19	124	6.8100848
46.67	-126.2	126	6.8100848
39.02	-120.07	41	16.215477
39.05	-120	65	16.215477
39.05	-120.03	93	16.215477
39.12	-120.02	92	16.215477
39.17	-120	67	16.215477
39.2	-119.98	48	16.215477
39.2	-119.98	48	16.215477
39.15	-120.02	70	16.215477
39.07	-120.03	63	16.215477
39.07	-120.03	63	16.215477
39.1	-120.07	70	16.215477
43.52	-119.72	104	9.5357075
43.48	-119.54	75	9.5357075
43.48	-119.54	75	9.5357075
43.3	-119.15	75	9.4671307
43.22	-119.25	87	9.2272873
43.35	-119.12	46	9.4671307
43.44	-119.02	41	9.5350513
43.58	-119.41	62	9.5827484
43.48	-119.54	142	9.5357075
43.48	-119.54	146	9.5357075
43.43	-119.62	96	9.5350513
43.31	-119.76	33	9.4671307
43.19	-119.89	83	9.2272873
43.31	-119.78	79	9.4671307
43.66	-119.94	62	9.5827484
43.51	-120.04	121	9.5357075
43.49	-120.1	79	9.5357075
43.77	-120.38	87	9.5827484
43.77	-120.38	87	9.5827484
43.86	-120.26	75	9.8749847
45.21	-119.34	79	9.5008411
43.21	-119.04	125	9.2272873
52.22	-132.15	270	6.5335484
52.22	-132.14	265	6.103384
52.27	-132.1	144	6.1315002
52.27	-132.09	134	6.1315002
52.27	-132.09	139	6.1315002
52.54	-132.31	74	7.263514
52.54	-132.31	69	7.263514
52.55	-132.3	56	7.263514
52.58	-132.27	67	7.263514
52.61	-132.16	66	7.0473046
52.41	-131.94	77	5.7069907
52.17	-131.72	66	4.5949821
52.16	-131.77	80	5.1155453
52.34	-131.99	77	5.8991323
52.34	-131.99	84	5.8991323
52.16	-132.03	247	5.6060786
52.33	-131.99	111	5.8991323
51.97	-131.53	104	3.7449136
51.95	-131.55	128	3.8910007
51.8	-131.25	98	2.4903505
50.83	-124.89	46	7.2214351
50.83	-124.89	46	7.2214351
50.83	-124.89	46	7.2214351
50.83	-124.89	46	7.2214351
50.83	-124.89	46	7.2214351
50.83	-124.89	46	7.2214351
50.83	-124.89	46	7.2214351
50.09	-124.81	38	7.2320395
50.09	-124.81	38	7.2320395
50.09	-124.81	38	7.2320395
50.09	-124.81	38	7.2320395
50.09	-124.81	38	7.2320395
50.09	-124.81	38	7.2320395
50.09	-124.81	38	7.2320395
50.09	-124.81	38	7.2320395
49.88	-124.06	33	7.9011574
49.88	-124.06	33	7.9011574
49.88	-124.06	33	7.9011574
49.88	-124.06	33	7.9011574
49.88	-124.06	33	7.9011574
49.88	-124.06	33	7.9011574
49.88	-124.06	33	7.9011574
49.88	-124.06	33	7.9011574
49.87	-124.05	33	7.9011574
49.87	-124.05	33	7.9011574
49.87	-124.05	33	7.9011574
49.87	-124.05	33	7.9011574
49.87	-124.05	33	7.9011574
49.87	-124.05	33	7.9011574
49.87	-124.05	33	7.9011574
49.87	-124.05	33	7.9011574
49.42	-123.4	38	8.9942894
49.42	-123.4	38	8.9942894
49.42	-123.4	38	8.9942894
49.42	-123.4	38	8.9942894
49.42	-123.4	38	8.9942894
49.42	-123.4	38	8.9942894
49.42	-123.4	38	8.9942894
49.41	-122.87	63	8.9942894
49.41	-122.87	63	8.9942894
49.41	-122.87	63	8.9942894
49.41	-122.87	63	8.9942894
49.41	-122.87	63	8.9942894
49.41	-122.87	63	8.9942894
49.41	-122.87	63	8.9942894
49.39	-122.88	42	8.9942894
49.39	-122.88	42	8.9942894
49.39	-122.88	42	8.9942894
49.39	-122.88	42	8.9942894
49.39	-122.88	42	8.9942894
49.39	-122.88	42	8.9942894
49.39	-122.88	42	8.9942894
49.99	-123.99	42	7.9011574
49.99	-123.99	42	7.9011574
49.99	-123.99	42	7.9011574
49.99	-123.99	42	7.9011574
49.99	-123.99	42	7.9011574
49.99	-123.99	42	7.9011574
49.99	-123.99	42	7.9011574
49.99	-123.99	42	7.9011574
50.01	-123.94	38	7.9011574
50.01	-123.94	38	7.9011574
50.01	-123.94	38	7.9011574
50.01	-123.94	38	7.9011574
50.01	-123.94	38	7.9011574
50.01	-123.94	38	7.9011574
50.01	-123.94	38	7.9011574
50.01	-123.94	38	7.9011574
50.07	-123.8	42	7.9011574
50.07	-123.8	42	7.9011574
50.07	-123.8	42	7.9011574
50.07	-123.8	42	7.9011574
50.07	-123.8	42	7.9011574
50.07	-123.8	42	7.9011574
50.07	-123.8	42	7.9011574
50.07	-123.8	42	7.9011574
50.15	-123.85	63	7.9011574
50.15	-123.85	63	7.9011574
50.15	-123.85	63	7.9011574
50.15	-123.85	63	7.9011574
50.15	-123.85	63	7.9011574
50.15	-123.85	63	7.9011574
50.15	-123.85	63	7.9011574
50.15	-123.85	63	7.9011574
49.8	-124.04	46	7.9011574
49.8	-124.04	46	7.9011574
49.8	-124.04	46	7.9011574
49.8	-124.04	46	7.9011574
49.8	-124.04	46	7.9011574
49.8	-124.04	46	7.9011574
49.8	-124.04	46	7.9011574
49.8	-124.04	46	7.9011574
49.94	-124.53	29	7.1700683
49.94	-124.53	29	7.1700683
49.94	-124.53	29	7.1700683
49.94	-124.53	29	7.1700683
49.94	-124.53	29	7.1700683
49.94	-124.53	29	7.1700683
49.94	-124.53	29	7.1700683
49.94	-124.53	29	7.1700683
49.94	-124.53	25	7.1700683
49.94	-124.53	25	7.1700683
49.94	-124.53	25	7.1700683
49.94	-124.53	25	7.1700683
49.94	-124.53	25	7.1700683
49.94	-124.53	25	7.1700683
49.94	-124.53	25	7.1700683
49.94	-124.53	25	7.1700683
48.59	-123.5	21	8.9942894
48.59	-123.5	21	8.9942894
48.59	-123.5	21	8.9942894
48.59	-123.5	21	8.9942894
48.59	-123.5	21	8.9942894
48.59	-123.5	21	8.9942894
48.59	-123.5	21	8.9942894
48.59	-123.5	21	8.9942894
49.67	-130.11	96.37	0.59459901
49.64	-130.04	326.82	0.81696123
49.64	-130.04	342.74	0.81696123
49.64	-130.03	392.6	0.81696123
49.63	-130.02	274.03	0.81696123
49.63	-130.02	291.62	0.81696123
49.63	-130.01	343.58	0.81696123
49.63	-130.01	320.54	0.81696123
49.62	-129.99	267.74	0.81696123
49.62	-129.99	188.13	0.81696123
49.67	-130.1	49.44	0.59459901
49.62	-129.98	81.29	0.81696123
49.61	-129.98	236.32	0.81696123
49.61	-129.98	366.63	0.81696123
49.61	-129.97	193.58	0.81696123
49.61	-129.97	100.14	0.81696123
49.61	-129.96	124.02	0.81696123
49.6	-129.96	272.35	0.81696123
49.6	-129.95	382.55	1.0505846
49.6	-129.95	389.67	1.0505846
49.67	-130.09	151.68	0.59459901
49.66	-130.08	160.06	0.59459901
49.66	-130.07	105.59	0.59459901
49.65	-130.06	533.39	0.68830746
49.65	-130.05	280.73	0.68830746
49.89	-128.3	71.23	3.5512867
50.26	-128.82	58.66	2.7159307
50.48	-129.53	79.61	1.2588239
50.18	-129.38	87.99	1.5338509
50.45	-129.81	104.75	1.0826941
50.9	-130.87	129.89	0.62095869
48.46	-128.68	347.77	0.59159386
48.46	-128.62	457.55	0.8665905
48.46	-128.61	1358.82	0.8665905
48.46	-128.58	395.96	0.8665905
48.46	-128.58	155.03	0.8665905
48.46	-128.57	333.11	0.8665905
48.46	-128.55	145.39	0.8665905
48.46	-128.55	155.03	0.8665905
48.46	-128.54	133.66	1.1157724
48.46	-128.53	232.96	1.1157724
48.46	-128.67	169.7	0.59159386
48.46	-128.51	173.47	1.1157724
48.46	-128.5	334.36	1.1157724
48.46	-128.49	389.25	1.1157724
48.46	-128.49	136.59	1.1157724
48.46	-128.48	144.56	1.1157724
48.46	-128.48	154.19	1.1157724
48.46	-128.47	183.94	1.1157724
48.47	-128.47	183.94	1.1157724
48.46	-128.66	185.2	0.59159386
48.47	-128.46	338.13	1.1157724
48.46	-128.66	376.68	0.59159386
48.46	-128.65	229.19	0.59159386
48.46	-128.65	526.26	0.59159386
48.46	-128.64	511.6	0.8665905
48.46	-128.63	209.08	0.8665905
48.46	-128.63	303.36	0.8665905
50.68	-131.01	16.34	1.8958869
50.73	-131.12	24.72	2.265857
50.73	-131.11	23.46	2.265857
50.73	-131.09	40.64	2.265857
50.73	-131.08	64.95	2.265857
50.47	-130.28	243.44	0.06584172
50.47	-130.27	146.65	0.06584172
50.48	-130.26	152.94	0.06584172
50.14	-130.45	440.37	0.64635819
50.11	-130.4	269.42	0.64635819
50.13	-130.45	724.03	0.64635819
50.13	-130.44	386.32	0.64635819
50.13	-130.44	739.95	0.64635819
50.13	-130.44	704.34	0.64635819
50.12	-130.42	381.71	0.64635819
50.12	-130.42	258.1	0.64635819
50.11	-130.41	217.88	0.64635819
51.27	-131.01	196.93	0.12469516
51.61	-130.85	171.79	0.98918939
51.38	-130.76	205.31	0.051265415
51.5	-130.61	159.22	0.3799772
51.23	-130.54	347.77	0.91700733
53.5	-130.61	159	4.3941827
52.34	-130.61	50	2.2681541
51.92	-129.97	45	0.54942942
52.41	-130.79	59	2.2681541
51.59	-129.35	47	1.3081136
51.58	-130.29	84	0.54942942
51.51	-130.34	95	0.54942942
51.58	-130.35	75	0.54942942
51.54	-130.29	91	0.54942942
51.53	-130.27	85	0.54942942
51.55	-130.19	84	0.89558804
51.44	-130.43	71	0.54942942
51.42	-130.22	108	0.89558804
51.38	-130.12	83	1.238132
53.56	-131.43	60	7.0473046
52.79	-130.97	78	4.3941827
52.76	-132.05	47	7.0473046
52.76	-132.05	43	7.0473046
53.32	-131.34	69	5.7069907
44.44	-122.12	113	9.8749847
44.44	-122.12	113	9.8749847
45.12	-122.16	95	9.68153
44.55	-122.03	82	9.8749847
44.56	-122.03	109	9.8749847
44.9	-122.01	109	9.8163719
49.33	-119.63	77.93	9.2849312
49.33	-119.63	77.93	9.2849312
49.33	-119.63	77.93	9.2849312
48.02	-129.2	25	0.28132188
48.02	-129.2	204	0.28132188
48.02	-129.2	202	0.28132188
48.02	-129.2	348	0.28132188
48.02	-129.2	355	0.28132188
48.01	-129.16	335	0.28132188
48.01	-129.16	383	0.28132188
48.01	-129.16	1675	0.28132188
48	-129.15	302	0.28132188
48	-129.15	354	0.28132188
48	-129.15	314	0.28132188
48	-129.15	177	0.28132188
48	-129.15	115	0.28132188
48	-129.15	225	0.28132188
47.99	-129.26	252	0.55420947
47.99	-129.26	797	0.55420947
47.99	-129.26	363	0.55420947
47.99	-129.26	239	0.55420947
48	-129.3	270	0.55420947
48	-129.3	442	0.55420947
48	-129.3	516	0.55420947
48.05	-129.38	179	0.81750041
48.05	-129.38	337	0.81750041
48.01	-129.16	705	0.28132188
47.95	-129.1	1789.8	0.02951305
47.95	-129.1	42.4	0.02951305
47.95	-129.1	53	0.02951305
47.95	-129.1	95.3	0.02951305
47.95	-129.1	275.4	0.02951305
47.95	-129.1	16244.8	0.02951305
47.95	-129.1	262.1	0.02951305
47.95	-129.1	217.1	0.02951305
47.95	-129.09	264.8	0.02951305
47.95	-129.1	211.8	0.02951305
47.95	-129.09	206.5	0.02951305
47.95	-129.1	502	0.02951305
47.95	-129.1	95.3	0.02951305
47.95	-129.09	57.2	0.02951305
47.95	-129.09	-38.1	0.02951305
47.95	-129.1	-6.4	0.02951305
47.95	-129.08	688.4	0.02951305
47.95	-129.1	-31.8	0.02951305
47.95	-129.1	1563.2	0.02951305
47.95	-129.1	-42.4	0.02951305
47.95	-129.1	180	0.02951305
47.95	-129.1	145.1	0.02951305
47.95	-129.1	116.5	0.02951305
47.95	-129.09	116.5	0.02951305
47.95	-129.09	-63.5	0.02951305
47.95	-129.1	195.9	0.02951305
47.95	-129.1	95.3	0.02951305
47.95	-129.1	995.5	0.02951305
47.95	-129.1	243.6	0.02951305
47.95	-129.1	6576.7	0.02951305
47.95	-129.1	95.3	0.02951305
47.95	-129.09	-169.4	0.02951305
47.95	-129.09	201.2	0.02951305
47.95	-129.1	699	0.02951305
47.95	-129.1	243.6	0.02951305
47.95	-129.1	148.3	0.02951305
47.95	-129.1	5422.4	0.02951305
47.95	-129.1	116.5	0.02951305
47.95	-129.09	-10.6	0.02951305
47.95	-129.09	-182.2	0.02951305
47.95	-129.1	10.6	0.02951305
47.95	-129.1	-53	0.02951305
46.52	-129.58	2250	0.30251956
46.52	-129.58	245	0.30251956
46.53	-129.58	3	0.30251956
46.53	-129.58	16	0.30251956
46.53	-129.57	8	0.30251956
46.53	-129.57	18	0.30251956
46.31	-129.72	14	0.39045012
46.31	-129.71	14	0.39045012
46.31	-129.71	30	0.39045012
46.31	-129.72	22	0.39045012
42.68	-126.78	4511	0.10922085
42.68	-126.78	6950	0.10922085
37.86	-119.08	91	16.19442
37.63	-119.08	156	16.19442
37.49	-119.3	56	16.19442
44.64	-125.07	140	9.5422888
44.65	-125.14	121	9.5422888
44.62	-125.06	116	9.5422888
44.66	-125.14	142	9.5507097
44.62	-125.06	62	9.5422888
44.66	-125.57	93	8.5858335
44.65	-125.57	103	8.6269598
44.64	-125.58	103	8.6269598
44.65	-125.58	106	8.6269598
44.65	-125.59	83	8.6269598
44.66	-125.6	117	8.5858335
44.66	-125.69	116	8.4469986
44.65	-125.72	106	8.4459772
44.65	-125.73	88	8.4459772
44.68	-125.66	55	8.4469986
44.51	-126.67	73	6.5422888
44.33	-127.43	155	5.4407101
45.33	-129.32	99	1.3617047
45.35	-129.18	103	1.5062964
45.36	-129.19	167	1.5062964
45.37	-129.19	164	1.5062964
45.37	-129.2	151	1.5062964
45.38	-129.15	106	1.5062964
45.38	-129.19	155	1.5062964
45.38	-129.19	159	1.5062964
45.38	-129.19	185	1.5062964
46.16	-129.2	302	0.92084652
44.67	-125.58	93.37	8.5858335
44.58	-127.3	151.99	5.4504809
44.81	-127.97	140.26	4.1015091
44.95	-128.39	118.91	3.2205846
45.1	-128.85	181.3	2.4179773
44.67	-125.58	110.12	8.5858335
44.84	-125.6	148.64	8.5421562
44.91	-124.61	45.22	9.8163719
44.97	-125.1	72.44	9.5523081
45.01	-125.15	65.32	9.2965679
44.86	-125.13	82.07	9.5314922
44.87	-125.28	87.09	9.1318445
44.82	-125.59	130.63	8.5421562
44.65	-125.58	123.52	8.6269598
39.06	-123.15	74	18.00329
37.24	-122.07	89	16.352819
38.1	-122.89	79	17.370102
37.51	-122.21	77	16.524179
40.02	-124.07	58	16.881744
41.21	-119.06	107	16.815744
40.88	-119.1	69	16.676729
40.87	-119.17	85	16.676729
41.08	-119.02	94	16.815744
41.05	-119.02	422	16.676729
41.02	-119.06	80	16.676729
40.94	-119.1	56	16.676729
40.91	-119.14	89	16.676729
40.39	-121.54	131	18.00329
40.36	-121.5	230	18.00329
40.41	-121.45	84	18.00329
40.75	-119.02	188	16.524179
40.68	-119.36	370	16.676729
40.65	-119.39	560	16.676729
40.65	-119.35	58	16.676729
40.66	-119.38	220	16.676729
40.69	-119.35	42	16.676729
40.78	-119.34	500	16.815744
40.65	-119.37	334	16.676729
40.66	-119.37	1842	16.676729
40.66	-119.37	9999	16.676729
38.72	-123.35	90	17.939177
38.72	-123.35	90	17.939177
37.12	-122.15	67	16.845156
40.88	-123.98	49	8.9923286
38.99	-123.35	53	18.00329
38.99	-123.35	53	18.00329
38.77	-122.97	146	17.834578
38.77	-122.97	146	17.834578
38.88	-121.9	33	17.217102
39.84	-123.17	58	18.287436
37.8	-121.94	53	16.524179
37.8	-121.94	53	16.524179
37.51	-122.13	84	16.364212
37.51	-122.13	84	16.364212
40.73	-124.21	34	8.9923286
40.73	-124.21	34	8.9923286
40.14	-124	43	15.872827
38.58	-122.65	53	17.50819
38.58	-122.65	53	17.50819
40.22	-123.64	60	17.755274
40.09	-123.8	43	17.755274
38.8	-122.83	418	17.725136
38.8	-122.83	418	17.725136
40.55	-124.18	54	9.0263643
40.55	-124.18	54	9.0263643
38.84	-122.2	37	17.370102
40.24	-124.13	75	15.872827
40.24	-124.13	75	15.872827
40.14	-123.41	50	17.755274
40.74	-124.21	38	8.9923286
39.73	-123.5	59	18.371571
39.73	-123.5	59	18.371571
39.95	-123.35	27	18.371571
39.95	-123.35	27	18.371571
37.74	-121.75	63	16.215477
37.74	-121.75	63	16.215477
40.56	-124.35	34	9.0263643
38.09	-122.75	76	17.217102
38.09	-122.75	76	17.217102
39.41	-123.75	75	18.287436
37.05	-121.24	79	16.347124
37.06	-121.18	68	16.19442
37.03	-121.31	84	16.347124
37.03	-121.31	84	16.347124
37.03	-121.31	88	16.347124
37.03	-121.31	88	16.347124
37.05	-121.21	87	16.347124
37.05	-121.21	87	16.347124
37.05	-121.19	66	16.347124
37.05	-121.19	66	16.347124
37.04	-121.25	89	16.347124
37.04	-121.25	89	16.347124
37.25	-122.4	105	17.13776
40.32	-124.28	76	15.739372
39.34	-123.1	75	18.00329
38.93	-123.71	60	18.242743
38.1	-122.89	79	17.370102
37.51	-122.21	77	16.524179
38.7	-123.42	92	18.027369
40.02	-124.07	58	16.881744
39.06	-123.15	74	18.00329
37.24	-122.07	89	16.352819
44.68	-125.29	79	9.1196241
44.66	-125.27	81	9.1196241
44.66	-125.27	93	9.1196241
44.66	-125.26	77	9.1196241
44.66	-125.25	81	9.1196241
44.66	-125.36	70	8.9653473
44.66	-125.35	30	9.1196241
44.66	-125.35	32	9.1196241
44.66	-125.35	33	9.1196241
44.65	-125.35	42	9.1559649
45	-125.3	60	9.0883245
45.01	-125.3	60	9.0883245
45	-125.31	102	9.0883245
45	-125.32	84	9.0883245
44.99	-125.32	85	9.0883245
44.99	-125.33	88	9.0883245
44.94	-125.37	72	8.987608
44.94	-125.36	124	8.987608
44.93	-125.35	72	9.1318445
47.06	-125.89	100	7.6291208
47.06	-125.89	99	7.6291208
47.07	-125.9	93	7.6291208
47.07	-125.9	88	7.6291208
47.07	-125.91	88	7.6291208
47.08	-125.9	89	7.6291208
47.07	-125.91	83	7.6291208
47.08	-125.91	75	7.6291208
47.08	-125.92	83	7.6291208
47.08	-125.94	109	7.6291208
47.08	-125.94	67	7.6291208
46.97	-125.93	104	7.6286254
46.98	-125.94	90	7.6286254
46.97	-125.99	100	7.3567901
46.97	-125.98	111	7.3567901
46.97	-125.98	96	7.3567901
46.98	-125.97	89	7.3567901
46.98	-125.96	75	7.3567901
46.98	-125.95	81	7.3567901
46.98	-125.94	78	7.6286254
46.98	-125.94	82	7.6286254
46.99	-125.97	87	7.3567901
47	-125.96	89	7.3567901
46.99	-125.96	82	7.3567901
46.99	-125.94	83	7.6286254
46.99	-125.95	97	7.3567901
50.55	-131.62	91	4.6901741
47.9	-127.2	161	4.359262
47.15	-130.12	189	2.7302463
47.9	-127.65	304	3.1907601
44.65	-125.14	94	9.5422888
44.65	-125.07	41	9.5422888
44.65	-125.06	42	9.5422888
44.65	-125.02	79	9.8048306
44.65	-124.97	77	9.8048306
47.23	-126.15	26	6.8040028
47.23	-126.15	27	6.8040028
47.24	-126.14	21	7.0875106
47.29	-126.08	99	7.1277666
47.3	-126.09	101	7.1277666
47.3	-126.09	108	7.1277666
47.3	-126.09	77	7.1277666
47.29	-126.11	93	7.1277666
47.28	-126.12	96	7.1277666
47.28	-126.12	99	7.1277666
47.28	-126.13	104	7.1277666
47.27	-126.14	159	7.1277666
47.27	-126.14	142	7.1277666
47.27	-126.15	141	6.8401093
47.27	-126.15	156	6.8401093
47.25	-126.17	138	6.8040028
47.44	-126.38	106	6.4628758
47.44	-126.38	108	6.4628758
47.44	-126.38	112	6.4628758
47.45	-126.36	109	6.5422029
47.45	-126.36	118	6.5422029
47.46	-126.33	102	6.8071642
47.46	-126.29	124	6.8071642
47.46	-126.29	108	6.8071642
47.46	-126.26	114	6.8071642
47.46	-126.22	122	7.0861001
47.46	-126.22	117	7.0861001
47.46	-126.22	89	7.0861001
47.46	-126.19	118	7.0861001
47.46	-126.18	139	7.0861001
47.46	-126.16	57	7.0861001
44.95	-125.2	71	9.2965679
44.95	-125.22	61	9.2965679
44.95	-125.23	55	9.2965679
44.95	-125.25	28	9.0883245
44.95	-125.41	89	8.9141588
44.95	-125.37	95	8.9141588
44.95	-125.37	99	8.9141588
44.95	-125.37	102	8.9141588
44.95	-125.37	104	8.9141588
44.95	-125.38	113	8.9141588
44.95	-125.4	110	8.9141588
44.95	-125.42	125	8.9141588
44.93	-125.27	125	9.1318445
44.93	-125.27	202	9.1318445
44.95	-125.47	122	8.6826057
44.95	-125.52	152	8.6826057
44.95	-125.52	139	8.6826057
44.95	-125.58	165	8.4492979
44.95	-125.64	113	8.4492979
44.65	-125.27	65	9.1559649
44.65	-125.3	70	9.1559649
44.65	-125.3	73	9.1559649
44.65	-125.32	62	9.1559649
44.65	-125.32	52	9.1559649
44.65	-125.34	105	9.1559649
44.65	-125.37	32	8.9884195
44.65	-125.4	101	8.9884195
44.65	-125.47	94	8.7853642
49.33	-119.63	67	9.2849312
49.36	-119.69	74	9.2849312
49.37	-119.77	109	9.2849312
49.37	-119.76	76	9.2849312
49.37	-119.65	69	9.2849312
50.58	-123.46	120	7.6288118
50.57	-123.47	100	7.6288118
50.57	-123.49	290	7.6288118
50.57	-123.5	930	7.6288118
50.57	-123.51	450	7.6288118
50.66	-120.51	84	8.9942894
50.77	-122.8	80	8.4487114
49.61	-123.15	84	8.9942894
49.61	-123.16	56	8.9942894
49.61	-123.17	73	8.9942894
49.61	-123.17	74	8.9942894
49.61	-123.16	68	8.9942894
49.61	-123.16	71	8.9942894
50.47	-120.97	72	8.9942894
50.48	-120.97	72	8.9942894
50.48	-120.97	72	8.9942894
50.48	-120.97	72	8.9942894
51.52	-119.81	101	8.9942894
51.52	-119.81	119	8.9942894
51.52	-119.81	110	8.9942894
49.51	-121.29	63	9.2849312
49.51	-123.37	31	8.9942894
50.65	-120.48	85	8.9942894
50.61	-127.48	65	4.6360407
50.69	-123.51	680	7.6288118
50.67	-123.54	262	7.3612161
50.68	-123.52	322	7.6288118
50.66	-123.53	307	7.6288118
50.68	-123.48	272	7.6288118
50.63	-123.42	284	7.6288118
50.65	-123.56	227	7.3612161
50.68	-123.56	176	7.3612161
50.64	-120.46	55	8.9942894
50.57	-123.48	185	7.6288118
50.54	-123.48	148	7.6288118
50.56	-123.46	146	7.6288118
50.57	-123.5	1660	7.6288118
50.57	-123.52	2530	7.6288118
50.57	-123.54	309	7.6288118
50.52	-123.5	120	7.6288118
50.9	-121.41	67	8.9942894
50.91	-121.41	81	8.9942894
50.91	-121.41	74	8.9942894
52.64	-121.56	62	7.6288118
52.63	-121.56	70	7.6288118
52.63	-121.56	66	7.6288118
49.58	-125.61	36	7.2806315
49.57	-125.59	41	7.2806315
49.58	-125.61	38	7.2806315
50.43	-122.84	41	8.725028
49.32	-121.93	50	9.2849312
50.08	-123.21	114	8.725028
49.81	-125.15	38	7.2320395
50.09	-124.81	32	7.2320395
50.16	-123.4	77	8.4487114
50.13	-123.45	102	8.4487114
50.2	-123.54	107	8.1750021
50.19	-123.53	96	8.1750021
50.18	-123.53	66	8.1750021
50.29	-124.66	26	7.2320395
50.27	-124.64	27	7.2320395
50.2	-124.64	43	7.2320395
50.24	-124.63	32	7.2320395
50.02	-123.9	43	7.9011574
50.08	-123.78	54	7.9011574
50.18	-123.94	68	7.6288118
50.16	-123.89	77	7.6288118
50.14	-123.84	72	7.9011574
49.85	-123.9	29	8.1750021
49.85	-123.9	33	8.1750021
49.81	-123.93	40	8.1750021
49.79	-124.04	27	7.9011574
49.79	-124.04	24	7.9011574
50.06	-123.82	75	7.9011574
50.04	-123.85	53	7.9011574
50.04	-123.86	40	7.9011574
50.01	-123.94	38	7.9011574
49.97	-123.99	44	7.9011574
50	-123.98	24	7.9011574
50.63	-123.4	180	7.6288118
50.58	-123.28	139	7.9011574
50.09	-123.32	182	8.4487114
50.07	-123.33	148	8.4487114
48.87	-123.79	31	8.9942894
48.88	-123.79	29	8.9942894
48.88	-123.78	41	8.9942894
48.88	-123.78	32	8.9942894
48.88	-123.79	42	8.9942894
49.1	-123.86	38	8.9942894
49.1	-123.86	52	8.9942894
49.39	-124.95	43	7.3612161
50.46	-123.13	79	8.4487114
50.46	-123.17	77	8.1750021
50.45	-123.2	97	8.1750021
48.65	-123.45	34	8.9942894
48.64	-123.5	19	8.9942894
50.11	-123.27	329	8.725028
50.72	-123.67	159	7.3612161
50.12	-123.39	112	8.4487114
50.11	-123.37	148	8.4487114
49.15	-124.66	48	7.9011574
49.16	-124.67	54	7.9011574
49.17	-124.67	48	7.9011574
49.78	-125.3	39	7.2806315
49.76	-124.54	42	7.3612161
49.71	-124.53	18	7.3612161
49.75	-124.55	36	7.3612161
49.76	-124.55	35	7.3612161
49.71	-124.54	27	7.3612161
49.71	-124.54	23	7.3612161
49.71	-124.53	35	7.3612161
50.58	-123.28	80	7.9011574
50.63	-123.37	132	7.6288118
50.12	-123.39	69	8.4487114
50.11	-123.37	89	8.4487114
51.97	-121.17	63	8.9942894
51.96	-121.16	64	8.9942894
51.83	-121.15	71	8.9942894
51.82	-121.15	58	8.9942894
51.82	-121.14	60	8.9942894
52	-120.95	62	8.9942894
52	-120.96	49	8.9942894
52	-120.8	63	8.9942894
52	-120.81	65	8.9942894
52.01	-120.83	57	8.9942894
49.76	-124.55	33	7.3612161
49.76	-124.55	33	7.3612161
49.75	-124.54	21	7.3612161
49.71	-124.53	8	7.3612161
49.75	-124.54	33	7.3612161
47.14	-132.33	8	8.9937639
46.99	-131.81	25	7.3728185
46.97	-131.96	33	8.1711226
46.93	-131.95	31	7.766191
47.08	-131.89	28	7.8322406
47.15	-131.2	37	5.7230005
47.05	-131.5	24	6.5393829
46.92	-129.35	169	0.17201395
47.99	-129.45	89	0.81750041
46.97	-129.77	36	1.6545141
47	-130.1	456	2.691802
47.03	-131.17	10	5.7240138
47.17	-131.73	22	7.114819
47.08	-131.88	31	7.8322406
47.99	-129.45	89	0.81750041
47.08	-131.88	31	7.8322406
50.25	-130.3	63	0.28004923
50.35	-130.11	704	0.14511749
50.77	-130.61	201	0.047441658
50.66	-130.55	168	0.28813139
49.98	-129.54	159	1.449568
50.03	-129.72	352	1.1147752
50.07	-129.77	54	0.81750208
50.13	-129.83	80	0.81750208
50.13	-130.03	276	0.43329665
50.22	-130.15	197	0.035759509
47.14	-132.33	8	8.9937639
46.99	-131.81	25	7.3728185
46.97	-131.96	33	8.1711226
46.93	-131.95	31	7.766191
47.08	-131.89	28	7.8322406
47.15	-131.2	37	5.7230005
47.05	-131.5	24	6.5393829
46.92	-129.35	169	0.17201395
47.99	-129.45	89	0.81750041
46.97	-129.77	36	1.6545141
47	-130.1	456	2.691802
47.03	-131.17	10	5.7240138
47.17	-131.73	22	7.114819
47.08	-131.88	31	7.8322406
47.03	-130.78	396	4.5752077
47.03	-130.36	142	3.4780302
47.02	-130.29	142	3.2211773
47.02	-130.08	251	2.691802
47.02	-129.75	109	1.6545141
47.05	-129.92	209	1.9294288
46.98	-129.1	440	0.10327651
46.98	-129.01	188	0.27250028
46.98	-128.91	301	0.52644795
47.02	-128.77	281	0.80191773
47	-128.62	394	1.2944659
47	-128.5	188	1.4704922
54.94	-121.54	45	7.2214351
54.94	-121.1	48	7.2214351
54.67	-121.1	50	7.2214351
54.94	-120.66	44	7.2214351
54.94	-120.22	49	7.2806315
54.9	-119.9	68	7.1962852
54.63	-119.88	60	7.1700683
54.37	-119.87	63	7.3612161
54.9	-119.6	64	7.1700683
54.63	-119.58	59	7.3612161
54.37	-119.57	56	7.9011574
54.9	-119.14	65	7.6288118
54.63	-119.13	60	8.1750021
54.37	-119.12	55	8.4487114
40.92	-119.08	64	16.676729
40.79	-119.34	900	16.815744
40.85	-119.33	250	16.815744
40.87	-119.31	128	16.815744
41.74	-121.87	7	8.7112598
41.73	-121.67	14	8.7112598
41	-120.89	97	18.00329
40.21	-120.25	112	16.951086
41.2	-121.14	20	18.00329
41.27	-122.61	36	15.872827
41.81	-122.01	17	8.7181835
41.83	-121.25	66	8.7181835
40.73	-120.31	107	17.370102
41.58	-122.88	38	8.7299252
41.57	-122.89	14	8.7299252
41.57	-122.88	17	8.7299252
41.61	-122.53	76	8.7299252
41.56	-122.53	28	8.7299252
41.43	-122.5	38	8.7199984
41.89	-122.4	10	8.7200031
41.9	-122.48	23	8.7200031
41.73	-120.38	7	18.00329
41.64	-120.4	97	18.00329
40.75	-119.02	188	16.524179
41.55	-122.26	59	8.7135773
40.7	-119.35	25	16.676729
40.68	-119.36	370	16.676729
40.88	-119.34	328	16.815744
40.87	-119.33	500	16.815744
40.65	-119.39	560	16.676729
40.65	-119.35	58	16.676729
40.65	-119.37	320	16.676729
40.66	-119.38	220	16.676729
40.65	-119.39	424	16.676729
40.64	-119.41	77	16.676729
40.69	-119.35	42	16.676729
40.78	-119.34	500	16.815744
40.65	-119.37	334	16.676729
40.67	-119.37	1272	16.676729
40.66	-119.37	1842	16.676729
40.66	-119.36	150	16.676729
40.66	-119.37	9999	16.676729
41.21	-119.06	107	16.815744
40.88	-119.1	69	16.676729
40.87	-119.17	85	16.676729
41.13	-119	516	16.815744
41.08	-119.02	94	16.815744
41.05	-119.02	422	16.676729
41.05	-119.02	317	16.676729
41.05	-119.02	330	16.676729
41.05	-119.02	249	16.676729
40.99	-119.1	85	16.676729
41.02	-119.06	80	16.676729
40.94	-119.1	56	16.676729
40.91	-119.14	89	16.676729
40.39	-121.54	131	18.00329
40.35	-121.55	71	18.00329
40.34	-121.45	64	18.00329
40.36	-121.5	230	18.00329
40.41	-121.45	84	18.00329
40.17	-121.51	46	18.00329
40.37	-120.95	92	17.580811
42.02	-123.84	46	8.7200031
39.85	-120.47	63	16.951086
42.49	-123.38	35	8.1746902
41.86	-123.37	41	8.7200031
40.51	-122.61	38	17.755274
40.51	-122.61	41	17.755274
40.51	-122.61	40	17.755274
41.47	-121.42	40	17.755274
41.68	-121.12	55	17.755274
41.65	-121.12	82	18.100437
41.65	-121.18	77	17.755274
41.61	-121.21	32	17.755274
41.7	-121.34	302	17.755274
41.57	-121.35	81	17.755274
41.65	-121.06	64	18.100437
41.56	-121.12	146	18.100437
41.81	-122.01	15	8.7181835
41.69	-121.88	25	8.7112598
41.74	-121.87	7	8.7112598
41.73	-121.67	14	8.7112598
41.59	-121.96	12	8.7299252
41	-120.89	97	18.00329
40.21	-120.25	112	16.951086
41.47	-120.18	89	18.00329
41.2	-121.14	20	18.00329
41.15	-121.06	184	18.00329
41.27	-122.61	36	15.872827
41.81	-122.01	17	8.7181835
41.83	-121.25	66	8.7181835
40.73	-120.31	107	17.370102
41.58	-122.88	38	8.7299252
41.57	-122.89	14	8.7299252
41.57	-122.88	17	8.7299252
41.61	-122.53	76	8.7299252
41.56	-122.53	28	8.7299252
41.43	-122.5	38	8.7199984
41.82	-122.44	41	8.7181835
41.67	-122.43	53	8.7112598
41.89	-122.4	10	8.7200031
41.96	-122.33	74	8.7200031
41.98	-122.32	71	8.7200031
41.9	-122.48	23	8.7200031
41.9	-122.53	10	8.7200031
41.95	-122	141	8.7200031
41.73	-120.38	7	18.00329
41.64	-120.4	97	18.00329
40.52	-120.68	46	17.50819
41.55	-122.26	59	8.7135773
42.14	-122.73	41	8.7200031
44.67	-125.58	93.37	8.5858335
44.58	-127.3	151.99	5.4504809
44.81	-127.97	140.26	4.1015091
44.95	-128.39	118.91	3.2205846
45.1	-128.85	181.3	2.4179773
44.67	-125.58	110.12	8.5858335
44.84	-125.6	148.64	8.5421562
44.91	-124.61	45.22	9.8163719
44.84	-124.72	0	9.8749847
44.97	-125.1	72.44	9.5523081
45.01	-125.15	65.32	9.2965679
44.86	-125.13	82.07	9.5314922
44.87	-125.28	87.09	9.1318445
44.82	-125.59	130.63	8.5421562
44.65	-125.58	123.52	8.6269598
38.97	-119.27	65	16.215477
46.77	-128.36	68	1.8929226
46.77	-128.3	113	2.0580494
46.76	-128.29	88	2.0580494
46.76	-128.28	97	2.0580494
46.76	-128.26	50	2.0580494
46.75	-128.26	47	2.1742797
46.75	-128.25	91	2.1742797
46.73	-128.23	68	2.4284899
46.77	-128.35	55	2.0580494
46.77	-128.35	43	2.0580494
46.77	-128.34	62	2.0580494
46.62	-127.83	104	3.3197627
46.62	-127.83	127	3.3197627
46.62	-127.83	123	3.3197627
46.62	-127.78	124	3.3197627
46.62	-127.78	117	3.3197627
46.62	-127.78	134	3.3197627
46.62	-127.78	165	3.3197627
46.62	-127.78	171	3.3197627
46.48	-127.25	159	4.6397758
46.46	-127.2	131	4.6397758
46.46	-127.19	141	4.6397758
46.46	-127.19	167	4.6397758
46.45	-127.18	161	4.6397758
46.46	-127.18	131	4.6397758
46.46	-127.16	165	4.6397758
46.45	-127.16	161	4.6397758
46.45	-127.14	164	4.9049993
46.48	-127.25	174	4.6397758
46.45	-127.13	187	4.9049993
46.45	-127.13	170	4.9049993
46.45	-127.12	189	4.9049993
46.44	-127.1	174	4.9191098
46.47	-127.24	143	4.6397758
46.47	-127.23	142	4.6397758
46.47	-127.23	153	4.6397758
46.46	-127.22	158	4.6397758
46.46	-127.21	167	4.6397758
46.32	-126.62	119	5.9918666
46.32	-126.62	106	5.9918666
46.32	-126.62	130	5.9918666
46.32	-126.62	143	5.9918666
46.32	-126.62	119	5.9918666
46.32	-126.62	117	5.9918666
46.32	-126.62	126	5.9918666
46.32	-126.62	139	5.9918666
46.32	-126.62	130	5.9918666
46.32	-126.62	133	5.9918666
46.32	-126.62	124	5.9918666
46.32	-126.62	144	5.9918666
46.32	-126.62	149	5.9918666
46.32	-126.62	146	5.9918666
46.32	-126.62	139	5.9918666
46.32	-126.62	156	5.9918666
46.32	-126.62	165	5.9918666
46.32	-126.62	144	5.9918666
46.32	-126.62	158	5.9918666
46.32	-126.62	135	5.9918666
46.32	-126.62	129	5.9918666
46.32	-126.62	167	5.9918666
46.32	-126.62	162	5.9918666
46.32	-126.62	144	5.9918666
46.32	-126.62	143	5.9918666
46.32	-126.62	146	5.9918666
46.32	-126.62	137	5.9918666
46.32	-126.62	116	5.9918666
46.32	-126.62	126	5.9918666
46.32	-126.62	113	5.9918666
46.32	-126.62	119	5.9918666
46.32	-126.62	124	5.9918666
46.32	-126.62	149	5.9918666
46.32	-126.62	128	5.9918666
46.32	-126.62	125	5.9918666
46.32	-126.62	145	5.9918666
46.32	-126.62	126	5.9918666
46.32	-126.62	130	5.9918666
46.17	-125.95	121	7.3550162
46.17	-125.95	122	7.3550162
46.17	-125.95	131	7.3550162
46.18	-125.9	123	7.4997277
46.18	-125.9	110	7.4997277
46.08	-125.6	56	8.179697
46.08	-125.6	81	8.179697
46.08	-125.6	79	8.179697
46.08	-125.6	83	8.179697
46.08	-125.6	82	8.179697
46.08	-125.6	79	8.179697
46.08	-125.6	85	8.179697
46.08	-125.6	74	8.179697
46.08	-125.6	77	8.179697
46.08	-125.6	71	8.179697
46.08	-125.6	74	8.179697
46.08	-125.6	84	8.179697
46.08	-125.6	79	8.179697
46.08	-125.6	78	8.179697
46.08	-125.6	79	8.179697
46.08	-125.6	80	8.179697
46.08	-125.6	79	8.179697
46.87	-128.7	214	1.0900005
46.87	-128.7	118	1.0900005
46.87	-128.7	284	1.0900005
46.87	-128.7	243	1.0900005
46.87	-128.7	252	1.0900005
46.87	-128.7	267	1.0900005
46.87	-128.7	156	1.0900005
47.15	-129.73	149	1.6300219
47.15	-129.73	213	1.6300219
47.15	-129.73	99	1.6300219
47.15	-129.73	65	1.6300219
47.15	-129.73	78	1.6300219
47.15	-129.73	189	1.6300219
47.15	-129.73	178	1.6300219
47.15	-129.73	131	1.6300219
47.15	-129.73	88	1.6300219
47.15	-129.73	181	1.6300219
47.15	-129.73	180	1.6300219
47.15	-129.73	125	1.6300219
47.15	-129.73	139	1.6300219
47.15	-129.73	79	1.6300219
47.15	-129.73	113	1.6300219
46.82	-128.5	213	1.7001911
46.82	-128.5	199	1.7001911
46.82	-128.5	224	1.7001911
46.82	-128.5	173	1.7001911
46.82	-128.5	170	1.7001911
46.8	-128.4	95	1.8929226
46.8	-128.4	112	1.8929226
46.8	-128.4	88	1.8929226
46.8	-128.4	90	1.8929226
43.89	-122.21	115	9.5827484
43.88	-122.37	91	9.5827484
43.88	-122.07	91	9.5827484
43.59	-122.23	100	9.5827484
44.08	-122.23	159	9.8749847
43.8	-122.31	68	9.5827484
44.11	-122.23	83	9.8749847
46.77	-125.92	125	7.4773855
46.77	-125.92	125	7.4773855
46.76	-126.04	119	7.2581306
46.76	-126.04	119	7.2581306
46.76	-126.05	115	7.0691643
46.76	-126.05	115	7.0691643
46.77	-125.94	125	7.4773855
46.77	-125.94	125	7.4773855
46.77	-125.95	122	7.2581306
46.77	-125.95	122	7.2581306
46.76	-125.96	115	7.2581306
46.76	-125.96	115	7.2581306
46.76	-125.98	116	7.2581306
46.76	-125.98	116	7.2581306
46.76	-125.98	115	7.2581306
46.76	-125.98	115	7.2581306
46.76	-125.98	111	7.2581306
46.76	-125.98	111	7.2581306
46.76	-126.04	122	7.2581306
46.76	-126.04	122	7.2581306
46.74	-126.23	327	6.8100848
46.74	-126.23	327	6.8100848
46.74	-126.22	189	6.8100848
46.74	-126.22	189	6.8100848
46.74	-126.2	112	6.8100848
46.74	-126.2	112	6.8100848
46.74	-126.19	132	6.8100848
46.74	-126.19	132	6.8100848
46.74	-126.18	122	6.8100848
46.74	-126.18	122	6.8100848
46.75	-126.16	134	6.8100848
46.75	-126.16	134	6.8100848
46.74	-126.18	125	6.8100848
46.74	-126.18	125	6.8100848
46.74	-126.2	141	6.8100848
46.74	-126.2	141	6.8100848
46.74	-126.21	159	6.8100848
46.74	-126.21	159	6.8100848
46.74	-126.21	166	6.8100848
46.74	-126.21	166	6.8100848
46.74	-126.22	265	6.8100848
46.74	-126.22	265	6.8100848
46.74	-126.24	443	6.8100848
46.74	-126.24	443	6.8100848
46.74	-126.24	457	6.8100848
46.74	-126.24	457	6.8100848
46.74	-126.25	418	6.8100848
46.74	-126.25	418	6.8100848
45.43	-125.73	622	8.0344667
45.43	-125.73	622	8.0344667
45.43	-125.75	961	7.8805914
45.43	-125.75	961	7.8805914
45.43	-125.76	815	7.8805914
45.43	-125.76	815	7.8805914
45.43	-125.77	335	7.8805914
45.43	-125.77	335	7.8805914
45.43	-125.79	316	7.8805914
45.43	-125.79	316	7.8805914
45.42	-125.8	244	7.8805914
45.42	-125.8	244	7.8805914
45.42	-125.82	161	7.8805914
45.42	-125.82	161	7.8805914
45.43	-125.64	107	8.1844883
45.43	-125.64	107	8.1844883
45.43	-125.67	161	8.0344667
45.43	-125.67	161	8.0344667
45.43	-125.7	190	8.0344667
45.43	-125.7	190	8.0344667
45.43	-125.71	104	8.0344667
45.43	-125.71	104	8.0344667
45.43	-125.72	332	8.0344667
45.43	-125.72	332	8.0344667
45.36	-125.67	149	8.0344667
45.36	-125.67	149	8.0344667
45.48	-125.71	132	8.0390244
45.48	-125.71	132	8.0390244
45.5	-125.72	119	8.0390244
45.5	-125.72	119	8.0390244
45.37	-125.68	122	8.0344667
45.37	-125.68	122	8.0344667
45.45	-125.7	206	8.0390244
45.45	-125.7	206	8.0390244
45.47	-125.71	165	8.0390244
45.47	-125.71	165	8.0390244
46.68	-126.14	119	7.0371647
46.68	-126.14	119	7.0371647
46.68	-126.15	121	6.8100848
46.68	-126.15	121	6.8100848
46.68	-126.16	133	6.8100848
46.68	-126.16	133	6.8100848
46.67	-126.18	124	6.8100848
46.67	-126.18	124	6.8100848
46.67	-126.19	133	6.8100848
46.67	-126.19	133	6.8100848
46.67	-126.2	135	6.8100848
46.67	-126.2	135	6.8100848
41.68	-124.93	56	8.7112598
41	-126.43	167	3.5363894
39.09	-127.78	46	26.078346
40.08	-125.34	82	16.723663
47.92	-128.8	75	0.66285837
47.91	-128.75	129	0.66285837
47.89	-128.65	434	0.91232389
47.77	-127.77	298	3.1612465
47.77	-127.77	382	3.1612465
47.76	-127.74	109	3.3711357
47.86	-128.51	464	1.414219
47.84	-128.38	350	1.6586365
47.89	-128.58	889	1.1679138
47.79	-128.13	296	2.4378891
48.43	-128.68	1160	0.79336768
48.43	-128.68	1968	0.79336768
48.46	-128.71	4268	0.59159386
40.95	-127.52	180	0.021391379
41	-127.49	2726	0.021391379
48.44	-128.6	418	1.033847
48.44	-128.7	748	0.79336768
48.44	-128.7	2061	0.79336768
48.44	-128.7	746	0.79336768
48.44	-128.7	879	0.79336768
48.46	-128.7	1866	0.59159386
48.46	-128.7	13161	0.59159386
48.46	-128.7	4104	0.59159386
48.17	-126.7	120	5.5965943
48.7	-126.9	75	5.5437579
48.66	-126.9	26	5.5437579
44.67	-125.1	78	9.5507097
38.83	-121.17	25	16.676729
45.68	-120.12	50	9.5560369
38.98	-120.32	52	16.215477
38.55	-120.57	30	16.215477
39.7	-122.88	66	18.00329
46.58	-119.52	63	9.7773581
46.35	-119.27	52	9.5389538
39.43	-123.73	83	18.287436
39.38	-119.63	115	16.215477
37.32	-122.12	92	16.215477
46.43	-119.78	59	9.543684
46.43	-119.78	57	9.543684
37.1	-119.73	25	16.19442
37.17	-120.07	18	16.19442
37.45	-122.03	84	16.215477
37.8	-121.58	40	16.215477
42.1	-119.92	104	18.00329
42.17	-119.86	75	18.00329
39.47	-119.63	87	16.215477
39.57	-123.12	75	18.100437
38.93	-119.07	77	16.215477
38.92	-119.07	75	16.215477
42.23	-121.76	53	8.7200031
42.15	-121.68	58	8.7200031
42.03	-121.59	54	8.7200031
42.06	-121.62	41	8.7200031
42.23	-121.76	715	8.7200031
38.87	-120.65	44	16.364212
42.09	-121.7	58	8.7200031
42.17	-121.65	33	8.7200031
42.2	-121.74	129	8.7200031
42.15	-121.7	66	8.7200031
42.09	-121.9	12	8.7200031
42.15	-121.68	62	8.7200031
42	-121.7	66	8.7200031
42.19	-121.8	167	8.7200031
38.85	-119.75	47	16.215477
42.19	-121.71	104	8.7200031
42.18	-121.7	37	8.7200031
42.13	-121.74	62	8.7200031
42.19	-121.77	8	8.7200031
42.19	-121.78	121	8.7200031
42.17	-121.68	20	8.7200031
42.06	-121.76	54	8.7200031
42.06	-121.6	92	8.7200031
42.01	-121.82	12	8.7200031
38.83	-121.17	25	16.676729
38.98	-120.32	52	16.215477
42.17	-121.62	301	8.7200031
42.03	-121.75	60	8.7200031
42.02	-121.69	96	8.7200031
38.55	-120.57	30	16.215477
42.24	-121.78	97	8.7200031
42.25	-121.78	121	8.7200031
42.13	-121.8	37	8.7200031
42.01	-121.63	83	8.7200031
38.97	-119.27	65	16.215477
46.54	-122.82	37	9.6252508
46.54	-122.84	35	9.6252508
42.07	-121.8	33	8.7200031
42.11	-121.69	138	8.7200031
42.11	-121.87	108	8.7200031
42.2	-121.73	125	8.7200031
38.83	-120.25	34	16.215477
47.95	-129.1	26	0.02951305
47.95	-129.08	438	0.02951305
47.95	-129.1	1986	0.02951305
47.95	-129.1	198	0.02951305
47.95	-129.1	17	0.02951305
47.95	-129.09	66	0.02951305
47.95	-129.1	6102	0.02951305
47.95	-129.1	646	0.02951305
47.95	-129.1	28	0.02951305
47.95	-129.1	235	0.02951305
47.95	-129.1	2431	0.02951305
47.95	-129.1	174	0.02951305
47.95	-129.1	13216	0.02951305
47.95	-129.1	11398	0.02951305
47.95	-129.1	39	0.02951305
47.95	-129.09	101	0.02951305
47.95	-129.09	167	0.02951305
47.95	-129.1	155	0.02951305
47.96	-129.1	1471	0.02951305
47.96	-129.1	131	0.02951305
47.96	-129.1	77	0.02951305
47.96	-129.09	39	0.02951305
47.96	-129.09	33	0.02951305
47.95	-129.09	198	0.02951305
47.95	-129.1	1703	0.02951305
47.96	-129.09	10061	0.02951305
47.96	-129.1	72	0.02951305
47.96	-129.1	137	0.02951305
47.96	-129.1	12967	0.02951305
47.96	-129.09	3894	0.02951305
47.96	-129.09	66	0.02951305
47.96	-129.09	22	0.02951305
47.95	-129.09	904	0.02951305
47.95	-129.09	2083	0.02951305
47.96	-129.1	217	0.02951305
47.96	-129.1	14417	0.02951305
47.96	-129.1	55	0.02951305
47.96	-129.09	6	0.02951305
47.95	-129.1	28	0.02951305
47.95	-129.1	89	0.02951305
47.95	-129.09	490	0.02951305
47.95	-129.09	5629	0.02951305
47.95	-129.09	149	0.02951305
47.95	-129.09	66	0.02951305
47.96	-129.1	7765	0.02951305
47.95	-129.1	242	0.02951305
47.95	-129.09	-6	0.02951305
47.95	-129.09	4841	0.02951305
47.96	-129.09	137	0.02951305
47.96	-129.1	4797	0.02951305
47.96	-129.09	6	0.02951305
47.95	-129.09	10882	0.02951305
47.95	-129.09	137	0.02951305
47.95	-129.09	17	0.02951305
47.95	-129.1	161	0.02951305
47.95	-129.09	425	0.02951305
47.95	-129.09	745	0.02951305
47.95	-129.09	2718	0.02951305
47.95	-129.1	125	0.02951305
47.95	-129.1	61	0.02951305
47.95	-129.1	61	0.02951305
47.95	-129.09	432	0.02951305
47.95	-129.09	542	0.02951305
47.95	-129.09	2000	0.02951305
47.95	-129.09	33	0.02951305
47.96	-129.09	393	0.02951305
47.95	-129.09	2543	0.02951305
47.95	-129.1	66	0.02951305
47.95	-129.09	167	0.02951305
47.96	-129.1	101	0.02951305
47.96	-129.1	1944	0.02951305
47.96	-129.1	745	0.02951305
47.96	-129.09	712	0.02951305
47.96	-129.09	39	0.02951305
47.96	-129.09	33	0.02951305
47.95	-129.1	304	0.02951305
47.95	-129.1	666	0.02951305
47.95	-129.09	1745	0.02951305
47.95	-129.09	4173	0.02951305
47.95	-129.09	33	0.02951305
47.95	-129.09	17	0.02951305
47.96	-129.1	904	0.02951305
47.95	-129.1	77	0.02951305
47.96	-129.1	2922	0.02951305
47.96	-129.1	12726	0.02951305
47.95	-129.1	438	0.02951305
47.95	-129.09	167	0.02951305
47.96	-129.09	22	0.02951305
47.95	-129.1	1334	0.02951305
47.95	-129.1	180	0.02951305
47.95	-129.09	1498	0.02951305
47.96	-129.1	4223	0.02951305
47.96	-129.09	61	0.02951305
47.95	-129.09	438	0.02951305
47.96	-129.1	101	0.02951305
47.96	-129.1	50	0.02951305
47.96	-129.09	125	0.02951305
47.96	-129.09	490	0.02951305
47.96	-129.1	3758	0.02951305
47.96	-129.1	11	0.02951305
47.96	-129.1	613	0.02951305
47.95	-129.1	3965	0.02951305
47.95	-129.09	11	0.02951305
47.95	-129.09	39	0.02951305
47.95	-129.09	1827	0.02951305
47.95	-129.1	13789	0.02951305
47.95	-129.1	22	0.02951305
47.95	-129.1	1145	0.02951305
47.95	-129.09	12283	0.02951305
47.95	-129.09	2034	0.02951305
47.96	-129.09	11	0.02951305
47.95	-129.1	336	0.02951305
47.96	-129.1	66	0.02951305
47.96	-129.1	406	0.02951305
47.96	-129.1	72	0.02951305
47.96	-129.09	39	0.02951305
47.96	-129.09	77	0.02951305
47.96	-129.1	10083	0.02951305
47.96	-129.1	217	0.02951305
47.96	-129.1	804	0.02951305
47.96	-129.09	180	0.02951305
42.2	-119.85	75	18.00329
42.1	-119.92	104	18.00329
42.17	-119.86	75	18.00329
38.88	-121.05	29	16.676729
37.87	-122.25	83	16.815744
39.7	-122.88	66	18.00329
46.58	-119.52	63	9.7773581
46.35	-119.27	52	9.5389538
46.35	-119.27	41	9.5389538
46.35	-119.27	47	9.5389538
39.7	-122.8	48	18.00329
39.43	-123.73	83	18.287436
37.1	-119.38	32	16.19442
39.38	-119.63	115	16.215477
37.45	-122.17	91	16.364212
40.23	-120.8	79	17.370102
37.32	-122.12	92	16.215477
38.88	-119.58	96	16.215477
46.54	-122.84	35	9.6252508
46.43	-119.78	59	9.543684
46.43	-119.78	57	9.543684
37.1	-119.73	25	16.19442
39.4	-120.88	28	16.815744
37.48	-122.13	94	16.364212
37.17	-120.07	18	16.19442
39.25	-119.67	82	16.215477
46.53	-122.81	32	9.6252508
46.54	-122.82	37	9.6252508
46.53	-122.81	35	9.6252508
37.45	-122.03	84	16.215477
37.8	-121.58	40	16.215477
39.3	-119.65	292	16.215477
46.42	-119.59	56	9.543684
39.47	-119.63	87	16.215477
39.57	-123.12	75	18.100437
38.93	-119.07	77	16.215477
38.93	-119.07	77	16.215477
45.98	-121.62	74	9.5455904
46.1	-121.7	66	9.5399418
46	-121.89	61	9.5455904
45.41	-121.82	100	9.5483627
45.37	-121.82	98	9.5483627
45.39	-121.81	133	9.5483627
45.39	-121.86	87	9.5483627
45.34	-121.92	65	9.5414743
45.5	-121.56	91	9.5407829
45.28	-121.84	66	9.5414743
45.33	-121.71	371	9.5414743
45.3	-121.77	92	9.5414743
38.84	-121.84	26	17.088528
39.46	-121.99	32	17.580811
45.46	-121.65	56	9.5407829
45.42	-121.77	134	9.5483627
45.33	-121.66	153	9.5414743
42.97	-119.25	71	8.5979795
42.56	-119.04	62	18.00329
42.56	-119.07	53	18.00329
42.64	-119.09	44	8.7200031
42.7	-119.06	52	8.7200031
42.7	-119.12	46	8.7200031
43.38	-119	71	9.5350513
40.65	-119.36	125	16.676729
40.85	-119.3	125	16.815744
40.43	-119.23	89	16.364212
39.82	-119.81	104	16.364212
39.08	-119.63	85	16.215477
39.84	-119.48	90	16.215477
39.82	-119.91	23	16.524179
41.58	-119.83	79	18.00329
41.58	-119.75	71	17.580811
41.66	-119.81	66	18.00329
39.3	-119.77	104	16.215477
40.93	-119.01	79	16.676729
40.91	-119.09	62	16.676729
40.73	-119.27	42	16.676729
40.75	-119.24	42	16.676729
40.83	-119.2	117	16.676729
40.79	-119.19	75	16.676729
40.85	-119.05	209	16.524179
40.65	-119.35	650	16.676729
40.71	-119.29	70	16.676729
40.77	-119.25	65	16.676729
40.77	-119.22	60	16.676729
40.77	-119.18	89	16.676729
40.82	-119.17	93	16.676729
40.84	-119.14	107	16.676729
40.8	-119.13	66	16.676729
54.91	-132.13	76	9.9456406
54.91	-132.13	69	9.9456406
54.91	-132.13	82	9.9456406
54.78	-132.05	46	9.9456406
37.74	-122.1	83	16.524179
37.54	-122.1	96	16.364212
37.61	-121.97	80	16.364212
37.62	-121.98	80	16.364212
42.02	-123.84	46	8.7200031
42.49	-123.38	35	8.1746902
40.51	-122.61	41	17.755274
41.68	-121.12	55	17.755274
41.65	-121.12	82	18.100437
41.7	-121.34	302	17.755274
41.65	-121.06	64	18.100437
41.56	-121.12	146	18.100437
37.17	-127.6	56	33.400661
39.42	-127.55	57	25.494421
41.05	-130.12	41	5.4735184
45.36	-121.94	77	9.5483627
45.4	-121.81	113	9.5483627
45.4	-121.81	118	9.5483627
45.4	-121.81	128	9.5483627
45.32	-121.8	36	9.5414743
45.41	-121.82	100	9.5483627
45.37	-121.82	98	9.5483627
45.39	-121.81	100	9.5483627
45.39	-121.81	96	9.5483627
45.39	-121.81	96	9.5483627
45.39	-121.81	133	9.5483627
45.39	-121.86	87	9.5483627
45.28	-121.74	94	9.5414743
45.31	-121.83	61	9.5414743
45.34	-121.92	65	9.5414743
45.5	-121.56	91	9.5407829
45.28	-121.84	66	9.5414743
45.33	-121.71	371	9.5414743
45.39	-122.32	50	9.5483627
45.3	-121.77	92	9.5414743
45.3	-121.77	51	9.5414743
45.44	-121.72	41	9.5483627
45.44	-121.72	46	9.5483627
45.46	-121.65	38	9.5407829
45.46	-121.65	56	9.5407829
45.29	-121.71	72	9.5414743
45.42	-121.77	105	9.5483627
45.42	-121.77	133	9.5483627
45.42	-121.77	134	9.5483627
45.33	-121.66	153	9.5414743
45.33	-121.66	91	9.5414743
45.33	-121.66	138	9.5414743
45.32	-121.72	111	9.5414743
45.32	-121.72	120	9.5414743
45.31	-121.68	24	9.5414743
45.31	-121.68	114	9.5414743
48.46	-128.71	8210	0.59159386
48.46	-128.71	7660	0.59159386
48.46	-128.71	6040	0.59159386
48.46	-128.71	8840	0.59159386
48.46	-128.71	2770	0.59159386
48.46	-128.71	8020	0.59159386
48.46	-128.71	14070	0.59159386
48.46	-128.71	13540	0.59159386
48.46	-128.71	1500	0.59159386
48.46	-128.71	6170	0.59159386
48.45	-128.71	7000	0.59159386
48.46	-128.71	11780	0.59159386
48.43	-128.68	2090	0.79336768
48.43	-128.68	4080	0.79336768
48.43	-128.68	290	0.79336768
48.43	-128.68	2490	0.79336768
48.43	-128.68	2390	0.79336768
48.46	-128.71	6980	0.59159386
48.46	-128.71	14660	0.59159386
48.46	-128.71	8000	0.59159386
48.46	-128.71	9410	0.59159386
48.49	-128.71	10450	0.59159386
48.46	-128.71	5580	0.59159386
48.43	-128.68	3180	0.79336768
48.43	-128.68	1520	0.79336768
48.43	-128.68	2390	0.79336768
48.46	-128.7	1050	0.59159386
48.46	-128.71	920	0.59159386
48.46	-128.71	1090	0.59159386
48.46	-128.71	1370	0.59159386
48.46	-128.71	1570	0.59159386
48.46	-128.71	2260	0.59159386
48.46	-128.71	2910	0.59159386
48.46	-128.71	9310	0.59159386
48.46	-128.71	7750	0.59159386
48.46	-128.71	8320	0.59159386
48.46	-128.71	530	0.59159386
48.45	-128.71	4100	0.59159386
48.45	-128.71	1420	0.59159386
48.45	-128.71	1010	0.59159386
48.45	-128.71	890	0.59159386
48.45	-128.71	830	0.59159386
48.45	-128.71	940	0.59159386
48.45	-128.71	1150	0.59159386
48.45	-128.71	1310	0.59159386
48.45	-128.71	1910	0.59159386
48.45	-128.71	3130	0.59159386
48.46	-128.71	7530	0.59159386
48.46	-128.71	10310	0.59159386
48.45	-128.71	890	0.59159386
48.45	-128.71	950	0.59159386
48.45	-128.71	1050	0.59159386
48.45	-128.71	1320	0.59159386
48.45	-128.71	4310	0.59159386
48.46	-128.71	12950	0.59159386
48.46	-128.71	8750	0.59159386
48.46	-128.71	3800	0.59159386
48.46	-128.71	4240	0.59159386
48.46	-128.71	2770	0.59159386
48.46	-128.71	1630	0.59159386
48.46	-128.71	1620	0.59159386
48.46	-128.7	1080	0.59159386
48.46	-128.7	1030	0.59159386
48.46	-128.7	1020	0.59159386
48.45	-128.72	840	0.59159386
48.45	-128.71	930	0.59159386
48.46	-128.71	1530	0.59159386
48.46	-128.71	1230	0.59159386
48.45	-128.71	1390	0.59159386
48.46	-128.71	1310	0.59159386
48.45	-128.71	2520	0.59159386
48.46	-128.71	2060	0.59159386
48.46	-128.71	2060	0.59159386
48.45	-128.7	1420	0.59159386
48.46	-128.71	3210	0.59159386
48.45	-128.7	1540	0.59159386
48.46	-128.71	3240	0.59159386
48.46	-128.71	2330	0.59159386
48.46	-128.71	7400	0.59159386
48.46	-128.71	3070	0.59159386
48.46	-128.71	3480	0.59159386
48.46	-128.71	3070	0.59159386
48.46	-128.71	2640	0.59159386
48.46	-128.71	1710	0.59159386
48.46	-128.71	1980	0.59159386
48.46	-128.71	1570	0.59159386
48.46	-128.71	3600	0.59159386
48.46	-128.71	1930	0.59159386
48.46	-128.71	2150	0.59159386
48.46	-128.71	2210	0.59159386
48.45	-128.71	2850	0.59159386
48.45	-128.71	2390	0.59159386
48.45	-128.71	1100	0.59159386
48.45	-128.71	910	0.59159386
48.45	-128.71	940	0.59159386
48.45	-128.71	1140	0.59159386
48.45	-128.71	1230	0.59159386
48.45	-128.71	2750	0.59159386
48.45	-128.71	2660	0.59159386
48.45	-128.71	2460	0.59159386
48.45	-128.71	1510	0.59159386
48.45	-128.7	1140	0.59159386
48.45	-128.71	3090	0.59159386
48.46	-128.71	7560	0.59159386
48.46	-128.71	6870	0.59159386
48.46	-128.71	1420	0.59159386
48.46	-128.71	7150	0.59159386
48.46	-128.71	8780	0.59159386
48.46	-128.71	3260	0.59159386
48.46	-128.71	3130	0.59159386
48.46	-128.71	1390	0.59159386
48.46	-128.71	980	0.59159386
48.46	-128.71	1710	0.59159386
48.46	-128.7	1450	0.59159386
48.46	-128.71	1700	0.59159386
48.46	-128.7	1380	0.59159386
48.46	-128.71	3450	0.59159386
48.46	-128.71	1380	0.59159386
48.46	-128.71	4180	0.59159386
48.46	-128.71	9590	0.59159386
48.46	-128.71	1500	0.59159386
48.46	-128.71	7570	0.59159386
48.46	-128.71	2050	0.59159386
48.46	-128.71	2030	0.59159386
48.46	-128.71	5150	0.59159386
48.46	-128.71	1400	0.59159386
48.46	-128.71	6070	0.59159386
48.46	-128.72	1030	0.59159386
48.46	-128.71	3390	0.59159386
48.46	-128.72	710	0.59159386
48.46	-128.71	2300	0.59159386
48.46	-128.71	860	0.59159386
48.46	-128.71	2080	0.59159386
48.46	-128.72	960	0.59159386
48.46	-128.71	10360	0.59159386
48.46	-128.71	1240	0.59159386
48.46	-128.71	11540	0.59159386
48.46	-128.71	2240	0.59159386
48.46	-128.71	3660	0.59159386
48.46	-128.71	13340	0.59159386
48.46	-128.71	4920	0.59159386
48.45	-128.71	6690	0.59159386
48.46	-128.71	1690	0.59159386
48.45	-128.71	1800	0.59159386
48.46	-128.7	1160	0.59159386
48.45	-128.71	1280	0.59159386
48.46	-128.7	890	0.59159386
48.45	-128.71	1060	0.59159386
48.46	-128.7	740	0.59159386
48.45	-128.71	1310	0.59159386
48.46	-128.7	790	0.59159386
48.45	-128.71	3940	0.59159386
48.46	-128.7	840	0.59159386
48.46	-128.71	6920	0.59159386
48.46	-128.7	890	0.59159386
48.46	-128.71	9510	0.59159386
48.46	-128.7	1140	0.59159386
48.46	-128.71	8430	0.59159386
48.46	-128.71	1370	0.59159386
48.46	-128.71	12380	0.59159386
48.46	-128.71	2500	0.59159386
48.46	-128.7	1380	0.59159386
48.46	-128.71	2360	0.59159386
48.46	-128.7	1080	0.59159386
48.46	-128.71	3310	0.59159386
48.46	-128.7	1040	0.59159386
48.46	-128.7	1150	0.59159386
48.46	-128.71	1690	0.59159386
48.45	-128.71	1480	0.59159386
48.45	-128.71	1880	0.59159386
48.46	-128.71	13190	0.59159386
48.46	-128.71	14240	0.59159386
48.46	-128.71	1740	0.59159386
48.46	-128.71	1300	0.59159386
48.46	-128.71	1970	0.59159386
48.46	-128.71	2950	0.59159386
48.46	-128.71	2480	0.59159386
48.45	-128.71	2630	0.59159386
48.46	-128.71	9940	0.59159386
48.45	-128.71	1250	0.59159386
48.46	-128.71	3750	0.59159386
48.45	-128.71	990	0.59159386
48.46	-128.71	1930	0.59159386
48.45	-128.71	1050	0.59159386
48.46	-128.71	2210	0.59159386
48.46	-128.71	1340	0.59159386
48.46	-128.71	4550	0.59159386
48.46	-128.71	7590	0.59159386
48.46	-128.71	9960	0.59159386
48.46	-128.71	2510	0.59159386
48.45	-128.71	1780	0.59159386
48.45	-128.71	1300	0.59159386
48.45	-128.71	1190	0.59159386
48.45	-128.71	1600	0.59159386
48.45	-128.71	3540	0.59159386
48.46	-128.71	9950	0.59159386
48.46	-128.71	9130	0.59159386
48.45	-128.71	7750	0.59159386
48.45	-128.71	2070	0.59159386
48.45	-128.71	1400	0.59159386
48.45	-128.71	1300	0.59159386
48.45	-128.71	1150	0.59159386
48.45	-128.71	2500	0.59159386
48.46	-128.71	1680	0.59159386
48.45	-128.71	3040	0.59159386
48.46	-128.71	2050	0.59159386
48.46	-128.71	6980	0.59159386
48.44	-128.68	470	0.79336768
48.43	-128.68	2170	0.79336768
48.44	-128.69	460	0.79336768
48.43	-128.68	1730	0.79336768
48.44	-128.69	530	0.79336768
48.43	-128.68	1620	0.79336768
48.44	-128.69	60	0.79336768
48.43	-128.68	3580	0.79336768
48.44	-128.69	680	0.79336768
48.43	-128.68	2560	0.79336768
48.43	-128.69	840	0.79336768
48.43	-128.68	1680	0.79336768
48.43	-128.69	1050	0.79336768
48.43	-128.68	1610	0.79336768
48.43	-128.69	1300	0.79336768
48.44	-128.68	780	0.79336768
48.43	-128.69	1260	0.79336768
48.43	-128.68	1400	0.79336768
48.44	-128.68	550	0.79336768
48.43	-128.68	1670	0.79336768
48.44	-128.68	180	0.79336768
48.43	-128.69	1370	0.79336768
48.44	-128.68	530	0.79336768
48.43	-128.68	1100	0.79336768
48.44	-128.68	480	0.79336768
48.43	-128.69	820	0.79336768
48.44	-128.68	480	0.79336768
48.44	-128.69	690	0.79336768
48.44	-128.68	550	0.79336768
48.44	-128.68	590	0.79336768
48.44	-128.68	520	0.79336768
48.44	-128.68	740	0.79336768
48.44	-128.68	460	0.79336768
48.43	-128.68	1470	0.79336768
48.44	-128.68	470	0.79336768
48.43	-128.68	1840	0.79336768
48.44	-128.68	640	0.79336768
48.43	-128.68	2150	0.79336768
48.44	-128.68	910	0.79336768
48.43	-128.68	1630	0.79336768
48.44	-128.68	1070	0.79336768
48.43	-128.68	1410	0.79336768
48.44	-128.68	970	0.79336768
48.43	-128.68	1220	0.79336768
48.43	-128.68	1890	0.79336768
48.43	-128.68	2600	0.79336768
48.43	-128.68	1140	0.79336768
48.43	-128.68	10530	0.79336768
48.43	-128.68	1260	0.79336768
48.43	-128.68	25680	0.79336768
48.43	-128.68	1530	0.79336768
48.43	-128.68	1750	0.79336768
48.43	-128.68	4230	0.79336768
48.43	-128.68	1560	0.79336768
48.43	-128.68	3510	0.79336768
48.44	-128.68	790	0.79336768
48.43	-128.68	3920	0.79336768
48.44	-128.68	780	0.79336768
48.43	-128.68	7890	0.79336768
48.44	-128.68	560	0.79336768
48.44	-128.68	470	0.79336768
48.43	-128.68	900	0.79336768
48.43	-128.68	960	0.79336768
48.43	-128.68	1010	0.79336768
48.43	-128.68	1040	0.79336768
48.43	-128.68	1150	0.79336768
48.44	-128.68	2140	0.79336768
48.44	-128.68	560	0.79336768
48.44	-128.68	530	0.79336768
48.44	-128.68	460	0.79336768
48.43	-128.68	1590	0.79336768
48.43	-128.68	2540	0.79336768
48.43	-128.68	4910	0.79336768
48.43	-128.68	3000	0.79336768
48.43	-128.68	3850	0.79336768
48.43	-128.68	3400	0.79336768
48.43	-128.68	17550	0.79336768
48.43	-128.68	3550	0.79336768
48.42	-128.68	920	0.79336768
48.44	-128.68	920	0.79336768
48.42	-128.68	660	0.79336768
48.44	-128.68	270	0.79336768
48.42	-128.68	480	0.79336768
48.44	-128.68	800	0.79336768
48.42	-128.68	920	0.79336768
48.44	-128.68	310	0.79336768
48.43	-128.68	1160	0.79336768
48.44	-128.68	650	0.79336768
48.43	-128.68	2030	0.79336768
48.44	-128.69	560	0.79336768
48.43	-128.68	2030	0.79336768
48.44	-128.68	800	0.79336768
48.43	-128.68	1830	0.79336768
48.44	-128.68	970	0.79336768
48.43	-128.68	1690	0.79336768
48.44	-128.68	790	0.79336768
48.43	-128.68	1730	0.79336768
48.44	-128.68	790	0.79336768
48.43	-128.68	2950	0.79336768
48.44	-128.68	1920	0.79336768
48.43	-128.68	4340	0.79336768
48.43	-128.68	1340	0.79336768
48.43	-128.68	2210	0.79336768
48.43	-128.68	1830	0.79336768
48.44	-128.68	2190	0.79336768
48.43	-128.68	2130	0.79336768
48.43	-128.68	1740	0.79336768
48.43	-128.68	1830	0.79336768
48.43	-128.68	900	0.79336768
48.43	-128.68	1970	0.79336768
48.44	-128.68	750	0.79336768
48.44	-128.68	770	0.79336768
48.44	-128.68	810	0.79336768
48.43	-128.68	1070	0.79336768
48.43	-128.68	2810	0.79336768
48.43	-128.68	190	0.79336768
48.43	-128.68	1980	0.79336768
48.43	-128.68	2110	0.79336768
48.43	-128.68	800	0.79336768
48.44	-128.68	1160	0.79336768
48.45	-128.71	1130	0.59159386
48.45	-128.71	1460	0.59159386
48.45	-128.71	2160	0.59159386
48.45	-128.71	2190	0.59159386
48.45	-128.71	3080	0.59159386
48.45	-128.71	3210	0.59159386
48.45	-128.71	4930	0.59159386
48.45	-128.71	6290	0.59159386
48.45	-128.71	7580	0.59159386
48.46	-128.71	1460	0.59159386
48.45	-128.71	1320	0.59159386
48.45	-128.71	1310	0.59159386
48.45	-128.71	1370	0.59159386
48.43	-128.73	1400	0.79336768
48.45	-128.71	1310	0.59159386
48.45	-128.71	1740	0.59159386
48.46	-128.71	1390	0.59159386
48.46	-128.71	3340	0.59159386
48.46	-128.71	5780	0.59159386
48.46	-128.71	2780	0.59159386
48.46	-128.71	3540	0.59159386
48.46	-128.71	3280	0.59159386
48.46	-128.71	2290	0.59159386
48.46	-128.71	1970	0.59159386
48.46	-128.71	4600	0.59159386
48.46	-128.71	12080	0.59159386
48.46	-128.71	12150	0.59159386
48.46	-128.71	7980	0.59159386
48.46	-128.71	6660	0.59159386
48.46	-128.71	9300	0.59159386
48.46	-128.71	2140	0.59159386
48.46	-128.71	9090	0.59159386
48.46	-128.71	6770	0.59159386
48.46	-128.71	9050	0.59159386
48.46	-128.71	10260	0.59159386
48.46	-128.71	12670	0.59159386
48.45	-128.71	1590	0.59159386
48.46	-128.71	3150	0.59159386
48.46	-128.71	14740	0.59159386
48.45	-128.71	7920	0.59159386
48.46	-128.71	11680	0.59159386
48.45	-128.71	15570	0.59159386
48.46	-128.71	3750	0.59159386
48.46	-128.71	14170	0.59159386
48.46	-128.71	3310	0.59159386
48.46	-128.71	10680	0.59159386
48.45	-128.71	3480	0.59159386
48.45	-128.71	1980	0.59159386
48.45	-128.71	3770	0.59159386
48.45	-128.71	640	0.59159386
48.46	-128.71	12310	0.59159386
48.46	-128.71	1740	0.59159386
48.46	-128.71	10570	0.59159386
48.46	-128.71	13560	0.59159386
48.46	-128.71	9550	0.59159386
48.46	-128.71	7330	0.59159386
48.46	-128.71	10290	0.59159386
48.46	-128.71	9070	0.59159386
48.46	-128.71	9810	0.59159386
48.46	-128.71	10230	0.59159386
48.46	-128.71	14150	0.59159386
48.46	-128.7	1750	0.59159386
48.46	-128.71	1140	0.59159386
48.45	-128.71	4430	0.59159386
48.46	-128.71	8830	0.59159386
48.45	-128.71	4200	0.59159386
48.46	-128.71	9410	0.59159386
41.5	-126.53	242	2.9937565
40.6	-127.42	233	0.174211
40.12	-128.17	79	26.052788
40.67	-129.22	173	3.8123386
40	-131	48	29.489016
39.5	-131.78	19	33.939312
40.73	-131.75	40	9.1340437
39.6	-129.52	47	28.932394
38.02	-128.77	70	35.199921
38.42	-126.15	144	27.678125
39.78	-126.35	82	22.17004
40.52	-126.52	163	3.8898129
40.93	-126.52	193	3.269613
43.8	-122.42	42	9.5827484
38.84	-121.84	26	17.088528
39.46	-121.99	32	17.580811
38.92	-121.61	28	17.088528
38.69	-121.76	31	16.951086
47.71	-127.79	1020	3.251128
47.71	-127.79	3800	3.251128
47.71	-127.79	8900	3.251128
47.71	-127.79	2490	3.251128
47.71	-127.78	1290	3.251128
47.71	-127.79	800	3.251128
47.71	-127.79	1230	3.251128
47.71	-127.79	4890	3.251128
47.71	-127.79	2160	3.251128
47.71	-127.79	2270	3.251128
47.71	-127.79	2990	3.251128
47.71	-127.79	17900	3.251128
47.71	-127.78	2260	3.251128
47.71	-127.79	4180	3.251128
47.71	-127.79	9210	3.251128
47.71	-127.79	14400	3.251128
47.71	-127.79	18900	3.251128
47.71	-127.79	1370	3.251128
47.71	-127.79	4570	3.251128
47.71	-127.79	550	3.251128
47.71	-127.79	390	3.251128
47.71	-127.79	1770	3.251128
47.71	-127.79	12200	3.251128
47.71	-127.79	3370	3.251128
47.71	-127.79	11200	3.251128
47.71	-127.79	14300	3.251128
47.71	-127.79	2670	3.251128
47.71	-127.79	1210	3.251128
47.71	-127.79	1080	3.251128
47.71	-127.79	6240	3.251128
47.71	-127.79	2000	3.251128
47.71	-127.79	650	3.251128
47.71	-127.79	1340	3.251128
47.71	-127.79	9400	3.251128
47.71	-127.79	26000	3.251128
47.71	-127.79	25400	3.251128
47.71	-127.79	3260	3.251128
47.71	-127.78	2400	3.251128
47.71	-127.78	2490	3.251128
47.71	-127.79	5330	3.251128
47.71	-127.79	13100	3.251128
47.71	-127.79	4980	3.251128
47.71	-127.78	4670	3.251128
47.71	-127.78	1940	3.251128
47.71	-127.79	5670	3.251128
47.71	-127.79	13500	3.251128
47.71	-127.79	4220	3.251128
47.71	-127.79	19800	3.251128
47.71	-127.79	21300	3.251128
47.71	-127.79	22100	3.251128
47.71	-127.79	7980	3.251128
47.71	-127.79	12200	3.251128
47.71	-127.79	7160	3.251128
47.71	-127.79	18300	3.251128
47.71	-127.79	6210	3.251128
47.71	-127.79	9600	3.251128
47.71	-127.79	780	3.251128
47.71	-127.79	1550	3.251128
47.71	-127.79	3460	3.251128
47.71	-127.79	2560	3.251128
47.71	-127.79	540	3.251128
47.71	-127.79	7760	3.251128
47.71	-127.79	11500	3.251128
47.71	-127.79	1660	3.251128
47.71	-127.79	2220	3.251128
47.71	-127.79	1360	3.251128
47.71	-127.79	2600	3.251128
47.71	-127.79	6720	3.251128
47.71	-127.79	8110	3.251128
47.71	-127.79	5790	3.251128
47.71	-127.79	580	3.251128
47.71	-127.79	750	3.251128
47.71	-127.79	2290	3.251128
47.71	-127.79	590	3.251128
47.71	-127.79	1300	3.251128
47.71	-127.79	1800	3.251128
47.71	-127.79	1190	3.251128
47.71	-127.79	910	3.251128
47.71	-127.79	1830	3.251128
47.71	-127.79	1330	3.251128
47.71	-127.79	18000	3.251128
47.71	-127.79	18700	3.251128
48.96	-122.13	96	9.2849312
48.96	-122.1	8	9.2849312
48.95	-122.1	46	9.2849312
48.95	-122.11	46	9.2849312
48.95	-122.11	63	9.2849312
48.95	-122.11	126	9.2849312
48.94	-122.12	138	9.2849312
48.95	-122.1	121	9.2849312
48.95	-122.1	67	9.2849312
48.95	-122.12	67	9.2849312
48.95	-122.09	151	9.2849312
48.95	-122.09	247	9.2849312
48.96	-122.09	477	9.2849312
48.96	-122.08	167	9.2849312
48.96	-122.07	272	9.2849312
48.95	-122.08	117	9.2849312
48.95	-122.08	67	9.2849312
48.95	-122.08	50	9.2849312
48.94	-122.09	59	9.2849312
48.94	-122.08	88	9.2849312
48.96	-122.12	54	9.2849312
48.94	-122.09	105	9.2849312
48.94	-122.09	163	9.2849312
48.93	-122.1	142	9.2849312
48.94	-122.1	100	9.2849312
48.94	-122.08	38	9.2849312
48.93	-122.08	180	9.2849312
48.93	-122.09	197	9.2849312
48.93	-122.09	142	9.2849312
48.93	-122.09	92	9.2849312
48.93	-122.1	184	9.2849312
48.96	-122.11	59	9.2849312
48.93	-122.1	142	9.2849312
48.92	-122.11	167	9.2849312
48.92	-122.12	79	9.2849312
48.93	-122.12	71	9.2849312
48.93	-122.13	67	9.2849312
48.92	-122.13	84	9.2849312
48.93	-122.11	226	9.2849312
48.96	-122.11	63	9.2849312
48.93	-122.11	485	9.2849312
48.93	-122.11	887	9.2849312
48.93	-122.11	1883	9.2849312
48.93	-122.11	5146	9.2849312
48.93	-122.11	1117	9.2849312
48.93	-122.11	502	9.2849312
48.93	-122.11	364	9.2849312
48.93	-122.11	431	9.2849312
48.93	-122.11	1092	9.2849312
48.93	-122.11	155	9.2849312
48.96	-122.1	54	9.2849312
48.97	-122.1	100	9.2849312
48.97	-122.1	54	9.2849312
48.96	-122.09	113	9.2849312
51.92	-129.97	45	0.54942942
53.56	-131.43	60	7.0473046
