lat,lon,age,ihfc q,ps q
49.62,-129.98,0.81696123,8.7474,12.50194892
44.68,-125.29,9.1196241,1.8881,3.741881024
44.66,-125.27,9.1196241,1.9359,3.741881024
44.66,-125.27,9.1196241,2.2227,3.741881024
44.66,-125.26,9.1196241,1.8403,3.741881024
44.66,-125.25,9.1196241,1.9359,3.741881024
44.66,-125.36,8.9653473,1.673,3.773939072
44.66,-125.35,9.1196241,0.717,3.741881024
44.66,-125.35,9.1196241,0.7648,3.741881024
44.66,-125.35,9.1196241,0.7887,3.741881024
44.65,-125.35,9.1559649,1.0038,3.73444772
45,-125.3,9.0883245,1.434,3.748318884
45.01,-125.3,9.0883245,1.434,3.748318884
45,-125.31,9.0883245,2.4378,3.748318884
45,-125.32,9.0883245,2.0076,3.748318884
44.99,-125.32,9.0883245,2.0315,3.748318884
44.99,-125.33,9.0883245,2.1032,3.748318884
44.94,-125.37,8.987608,1.7208,3.769262488
44.94,-125.36,8.987608,2.9636,3.769262488
44.93,-125.35,9.1318445,1.7208,3.73937646
47.06,-125.89,7.6291208,2.39,4.091110385
47.06,-125.89,7.6291208,2.3661,4.091110385
47.07,-125.9,7.6291208,2.2227,4.091110385
47.07,-125.9,7.6291208,2.1032,4.091110385
47.07,-125.91,7.6291208,2.1032,4.091110385
47.08,-125.9,7.6291208,2.1271,4.091110385
47.07,-125.91,7.6291208,1.9837,4.091110385
47.08,-125.91,7.6291208,1.7925,4.091110385
47.08,-125.92,7.6291208,1.9837,4.091110385
47.08,-125.94,7.6291208,2.6051,4.091110385
47.08,-125.94,7.6291208,1.6013,4.091110385
46.97,-125.93,7.6286254,2.4856,4.091243221
46.98,-125.94,7.6286254,2.151,4.091243221
46.97,-125.99,7.3567901,2.39,4.166143846
46.97,-125.98,7.3567901,2.6529,4.166143846
46.97,-125.98,7.3567901,2.2944,4.166143846
46.98,-125.97,7.3567901,2.1271,4.166143846
46.98,-125.96,7.3567901,1.7925,4.166143846
46.98,-125.95,7.3567901,1.9359,4.166143846
46.98,-125.94,7.6286254,1.8642,4.091243221
46.98,-125.94,7.6286254,1.9598,4.091243221
46.99,-125.97,7.3567901,2.0793,4.166143846
47,-125.96,7.3567901,2.1271,4.166143846
46.99,-125.96,7.3567901,1.9598,4.166143846
46.99,-125.94,7.6286254,1.9837,4.091243221
46.99,-125.95,7.3567901,2.3183,4.166143846
50.55,-131.62,4.6901741,2.18446,5.217758346
48.75,-127.75,2.9062791,4.78,6.628416414
47.45,-127.27,4.3656092,1.38142,5.408240742
46.3,-128,3.1420634,1.21173,6.374864697
47.9,-127.2,4.359262,3.8479,5.41217658
47.15,-130.12,2.7302463,4.5171,6.83876263
46.73,-131.58,6.8137112,0.54492,4.328989999
41.07,-132.37,10.360166,0.96078,3.510711052
47.9,-127.65,3.1907601,7.2656,6.326031748
47.25,-131.03,5.1738672,2.629,4.96787666
44.65,-125.14,9.5422888,2.2466,3.658071293
44.65,-125.07,9.5422888,0.9799,3.658071293
44.65,-125.06,9.5422888,1.0038,3.658071293
44.65,-125.02,9.8048306,1.8881,3.608763289
44.65,-124.97,9.8048306,1.8403,3.608763289
47.23,-126.15,6.8040028,0.6214,4.332077342
47.23,-126.15,6.8040028,0.6453,4.332077342
47.24,-126.14,7.0875106,0.5019,4.244549305
47.29,-126.08,7.1277666,2.4856,4.23254621
47.29,-126.08,7.1277666,2.3661,4.23254621
47.3,-126.09,7.1277666,2.4139,4.23254621
47.3,-126.09,7.1277666,2.5812,4.23254621
47.3,-126.09,7.1277666,1.8403,4.23254621
47.29,-126.11,7.1277666,2.2227,4.23254621
47.28,-126.12,7.1277666,2.2944,4.23254621
47.28,-126.12,7.1277666,2.3661,4.23254621
47.28,-126.13,7.1277666,2.4856,4.23254621
47.27,-126.14,7.1277666,3.8001,4.23254621
47.27,-126.14,7.1277666,3.3938,4.23254621
47.27,-126.15,6.8401093,3.2743,4.320628467
47.27,-126.15,6.8401093,3.3699,4.320628467
47.27,-126.15,6.8401093,3.7284,4.320628467
47.25,-126.17,6.8040028,3.2982,4.332077342
47.44,-126.38,6.4628758,2.5334,4.444936269
47.44,-126.38,6.4628758,2.5812,4.444936269
47.44,-126.38,6.4628758,2.6768,4.444936269
47.45,-126.36,6.5422029,2.6051,4.417905672
47.45,-126.36,6.5422029,2.8202,4.417905672
47.46,-126.33,6.8071642,2.4378,4.331071268
47.46,-126.29,6.8071642,2.9636,4.331071268
47.46,-126.29,6.8071642,2.5812,4.331071268
47.46,-126.26,6.8071642,2.7246,4.331071268
47.46,-126.22,7.0861001,2.9158,4.244971727
47.46,-126.22,7.0861001,2.7963,4.244971727
47.46,-126.22,7.0861001,2.1271,4.244971727
47.46,-126.19,7.0861001,2.8202,4.244971727
47.46,-126.18,7.0861001,3.3221,4.244971727
47.46,-126.16,7.0861001,1.3623,4.244971727
44.95,-125.2,9.2965679,1.6969,3.70609989
44.95,-125.22,9.2965679,1.4579,3.70609989
44.95,-125.23,9.2965679,1.3145,3.70609989
44.95,-125.25,9.0883245,0.6692,3.748318884
44.95,-125.41,8.9141588,2.1271,3.78475926
44.95,-125.37,8.9141588,2.2705,3.78475926
44.95,-125.37,8.9141588,2.3661,3.78475926
44.95,-125.37,8.9141588,2.4378,3.78475926
44.95,-125.37,8.9141588,2.4856,3.78475926
44.95,-125.38,8.9141588,2.7007,3.78475926
44.95,-125.4,8.9141588,2.629,3.78475926
44.95,-125.42,8.9141588,2.9875,3.78475926
44.93,-125.27,9.1318445,2.9875,3.73937646
44.93,-125.27,9.1318445,4.8278,3.73937646
44.95,-125.47,8.6826057,2.9158,3.834894352
44.95,-125.52,8.6826057,3.6328,3.834894352
44.95,-125.52,8.6826057,3.3221,3.834894352
44.95,-125.58,8.4492979,3.9435,3.887479683
44.95,-125.64,8.4492979,2.7007,3.887479683
44.65,-125.27,9.1559649,1.5535,3.73444772
44.65,-125.3,9.1559649,1.673,3.73444772
44.65,-125.3,9.1559649,1.7447,3.73444772
44.65,-125.32,9.1559649,1.4818,3.73444772
44.65,-125.32,9.1559649,1.2428,3.73444772
44.65,-125.34,9.1559649,2.5095,3.73444772
44.65,-125.37,8.9884195,0.7648,3.769092335
44.65,-125.4,8.9884195,2.4139,3.769092335
44.65,-125.47,8.7853642,2.2466,3.812400857
40.75,-127.4,0.14659698,5.3775,29.51317491
40.74,-127.55,0.22720698,39.5784,23.70650922
40.74,-127.57,0.22720698,13.7664,23.70650922
40.75,-127.4,0.14659698,5.736,29.51317491
40.75,-127.42,0.14659698,7.5524,29.51317491
40.75,-127.43,0.14659698,8.8669,29.51317491
40.74,-127.58,0.22720698,19.8848,23.70650922
40.75,-127.6,0.22720698,21.6773,23.70650922
40.75,-127.62,0.22720698,8.1499,23.70650922
40.76,-127.66,0.53983307,7.8631,15.37972962
40.75,-127.66,0.52487373,9.2254,15.59735745
40.76,-127.67,0.53983307,7.2178,15.37972962
40.76,-127.69,0.53983307,7.4807,15.37972962
40.98,-127.54,0.021391379,8.4128,77.26077359
41,-127.54,0.021391379,7.2178,77.26077359
41,-127.53,0.021391379,11.2808,77.26077359
41,-127.52,0.021391379,4.5888,77.26077359
41.01,-127.51,0.021391379,37.9054,77.26077359
41.02,-127.47,0.021391379,11.0657,77.26077359
41,-127.47,0.021391379,5.6165,77.26077359
41.01,-127.47,0.021391379,6.5486,77.26077359
41.01,-127.47,0.021391379,43.1156,77.26077359
41.02,-127.47,0.021391379,6.692,77.26077359
40.94,-127.51,0.047450688,4.2064,51.87488974
40.93,-127.52,0.047450688,7.1461,51.87488974
40.91,-127.52,0.047450688,5.2341,51.87488974
40.91,-127.49,0.047450688,12.2129,51.87488974
40.91,-127.48,0.047450688,5.0907,51.87488974
50.15,-123.38,8.4487114,1.3862,3.887614612
50.12,-123.45,8.4487114,1.6969,3.887614612
50.2,-123.53,8.1750021,1.5057,3.952159897
50.18,-123.52,8.1750021,1.3384,3.952159897
50.17,-123.52,8.1750021,0.9321,3.952159897
50.45,-123.12,8.4487114,1.2667,3.887614612
50.45,-123.17,8.1750021,1.3384,3.952159897
50.45,-123.2,8.1750021,1.6491,3.952159897
51.97,-121.17,8.9942894,1.5057,3.767862232
51.83,-121.15,8.9942894,1.5057,3.767862232
52,-120.95,8.9942894,1.3862,3.767862232
52,-120.82,8.9942894,1.4579,3.767862232
51.78,-120.37,8.9942894,2.7007,3.767862232
51.82,-120.47,8.9942894,2.39,3.767862232
51.73,-120.15,8.9942894,2.1988,3.767862232
51.75,-120.07,8.9942894,2.5573,3.767862232
51.15,-119.82,8.9942894,1.3384,3.767862232
51.15,-119.8,8.9942894,1.6013,3.767862232
51.15,-119.82,8.9942894,1.9837,3.767862232
53.37,-130.15,2.2681541,1.7925,7.503124706
53.35,-130.13,2.2681541,1.7925,7.503124706
53.35,-130.13,2.2681541,1.7925,7.503124706
53.36,-130.13,2.2681541,2.7963,7.503124706
53.37,-130.16,2.2681541,1.6969,7.503124706
53.37,-130.16,2.2681541,1.5296,7.503124706
53.37,-130.12,2.2681541,1.8164,7.503124706
53.37,-130.16,2.2681541,1.2189,7.503124706
53.37,-130.16,2.2681541,2.0793,7.503124706
53.37,-130.16,2.2681541,2.1032,7.503124706
53.37,-130.16,2.2681541,1.9359,7.503124706
51.38,-120.07,8.9942894,1.673,3.767862232
51.38,-120.07,8.9942894,1.7208,3.767862232
51.38,-120.07,8.9942894,1.6969,3.767862232
53.53,-132.22,9.16572,1.5774,3.732459899
53.53,-132.22,9.16572,1.0994,3.732459899
53.53,-132.22,9.16572,1.6491,3.732459899
53.53,-132.22,9.16572,1.4101,3.732459899
53.53,-132.22,9.16572,2.5573,3.732459899
53.53,-132.22,9.16572,1.6491,3.732459899
53.53,-132.22,9.16572,1.8164,3.732459899
53.53,-132.22,9.16572,1.1711,3.732459899
53.53,-132.22,9.16572,1.5774,3.732459899
52.14,-128.05,1.3816251,2.1749,9.613539969
52.15,-128.1,1.3816251,1.7686,9.613539969
54.74,-126.62,1.238132,1.6252,10.15535172
54.74,-126.62,1.238132,1.6491,10.15535172
54.74,-126.62,1.238132,1.7925,10.15535172
54.74,-126.62,1.238132,2.1749,10.15535172
54.74,-126.62,1.238132,1.7686,10.15535172
54.2,-126.26,4.2815824,1.434,5.461051727
54.18,-126.27,4.2815824,1.5774,5.461051727
54.17,-126.28,4.2815824,2.8441,5.461051727
52.3,-120.57,8.9942894,1.0994,3.767862232
52.3,-120.57,8.9942894,1.4579,3.767862232
54.23,-126.23,4.2815824,1.9837,5.461051727
54.23,-126.24,4.2815824,1.8881,5.461051727
52.72,-131.72,5.7069907,1.434,4.730149434
52.72,-131.71,5.7069907,1.1472,4.730149434
48.89,-123.87,8.9942894,0.478,3.767862232
48.89,-123.87,8.9942894,0.4541,3.767862232
48.89,-123.85,8.9942894,0.5975,3.767862232
48.88,-123.82,8.9942894,0.6931,3.767862232
52.92,-123.62,7.2214351,1.7686,4.205006653
52.92,-123.63,7.2214351,1.6969,4.205006653
52.9,-123.62,7.2214351,1.3384,4.205006653
49.05,-123.91,8.9942894,0.717,3.767862232
49.05,-124,8.9942894,0.478,3.767862232
49.59,-119.68,9.2849312,1.4579,3.70842157
51.73,-124.62,7.2214351,1.6013,4.205006653
51.73,-124.63,7.2214351,2.17729,4.205006653
51.45,-123.62,7.2806315,2.41868,4.187877005
51.45,-123.62,7.2806315,2.57403,4.187877005
50.62,-127.5,4.6360407,1.62281,5.24813289
49.77,-125.3,7.2806315,0.94166,4.187877005
54.02,-130.58,5.7069907,1.72558,4.730149434
54.02,-130.58,5.7069907,3.17392,4.730149434
54.02,-130.58,5.7069907,2.68636,4.730149434
54.02,-130.58,5.7069907,1.86659,4.730149434
54.02,-130.58,5.7069907,1.49136,4.730149434
49.15,-124.65,8.1750021,1.14481,3.952159897
49.15,-124.67,7.9011574,1.30016,4.020065107
49.15,-124.67,7.9011574,1.15437,4.020065107
49.33,-121.97,9.2849312,3.42726,3.70842157
49.33,-121.97,9.2849312,2.07213,3.70842157
49.33,-121.97,9.2849312,3.16436,3.70842157
49.33,-121.97,9.2849312,2.38283,3.70842157
49.33,-121.97,9.2849312,0.92732,3.70842157
49.33,-121.97,9.2849312,2.46887,3.70842157
49.33,-121.95,9.2849312,2.28245,3.70842157
49.33,-121.97,9.2849312,2.16534,3.70842157
49.3,-121.93,9.2849312,2.51189,3.70842157
49.75,-124.53,7.3612161,0.99185,4.164891191
49.7,-124.52,7.3612161,0.43259,4.164891191
49.75,-124.53,7.3612161,0.86518,4.164891191
49.75,-124.53,7.3612161,0.79348,4.164891191
49.75,-124.53,7.3612161,0.78392,4.164891191
49.75,-124.53,7.3612161,0.82933,4.164891191
49.75,-124.53,7.3612161,0.77914,4.164891191
49.75,-124.53,7.3612161,0.49473,4.164891191
49.7,-124.53,7.3612161,0.64052,4.164891191
49.7,-124.53,7.3612161,0.53775,4.164891191
49.7,-124.53,7.3612161,0.1912,4.164891191
49.7,-124.53,7.3612161,0.83411,4.164891191
50.02,-126.78,6.2185445,1.2667,4.531417424
50,-126.8,6.2185445,1.00619,4.531417424
50,-126.8,6.2185445,1.04204,4.531417424
50,-126.8,6.2185445,0.93688,4.531417424
50.02,-126.78,6.2185445,0.93927,4.531417424
47.51,-121.35,9.7773581,1.3623,3.613829699
47.51,-121.35,9.7773581,1.3623,3.613829699
47.68,-121.65,9.7773581,1.434,3.613829699
47.68,-121.65,9.7773581,1.434,3.613829699
47.49,-121.4,9.7773581,1.3384,3.613829699
42.2,-121.83,8.7200031,1.6013,3.826662177
48.46,-122.63,9.2849312,0.8843,3.70842157
48.72,-119.59,9.57864,1.7925,3.651123454
46.35,-122.11,9.543684,1.6491,3.657803894
46.36,-122.07,9.543684,1.6252,3.657803894
49,-119.49,9.57864,1.673,3.651123454
48.61,-120.38,9.57864,1.8164,3.651123454
48.61,-120.39,9.57864,1.7447,3.651123454
46.85,-124.1,9.7773581,0.9082,3.613829699
47.24,-124.19,9.8133631,0.8365,3.607194078
42.16,-120.34,8.7200031,17.7338,3.826662177
42.19,-120.33,8.7200031,4.302,3.826662177
42.19,-120.34,8.7200031,3.346,3.826662177
42.2,-120.35,8.7200031,2.3422,3.826662177
42.22,-120.35,8.7200031,68.3779,3.826662177
42.22,-120.34,8.7200031,7.3851,3.826662177
42.17,-120.34,8.7200031,2.629,3.826662177
42.22,-120.36,8.7200031,23.6849,3.826662177
42.22,-120.36,8.7200031,2.7963,3.826662177
42.19,-120.34,8.7200031,3.585,3.826662177
42.19,-120.35,8.7200031,2.9636,3.826662177
42.18,-120.35,8.7200031,2.9636,3.826662177
42.18,-120.34,8.7200031,4.5171,3.826662177
42.22,-120.36,8.7200031,68.8798,3.826662177
42.21,-120.36,8.7200031,3.7762,3.826662177
44.27,-120.81,9.8749847,1.5774,3.59592171
42.04,-120.3,18.00329,13.6469,2.663192167
42.21,-120.36,8.7200031,45.2905,3.826662177
42.24,-120.36,8.7200031,20.076,3.826662177
42.23,-120.37,8.7200031,12.6909,3.826662177
42.02,-120.3,18.00329,2.151,2.663192167
42.19,-120.38,8.7200031,1.8164,3.826662177
45.43,-121.46,9.5483627,1.1472,3.656907622
45.61,-122,9.5370016,1.6969,3.659085148
45.34,-121.36,9.5414743,1.4818,3.658227423
43.96,-123.11,9.5827484,1.195,3.6503407
45.12,-120.85,9.68153,1.4101,3.631670562
44.6,-122.06,9.8749847,1.8164,3.59592171
44.6,-122.06,9.8749847,2.629,3.59592171
45.44,-121.16,9.5483627,0.9799,3.656907622
45.54,-122.58,9.5407829,1.1233,3.658359973
45.66,-121.33,9.5560369,1.3145,3.655438945
45.25,-121.12,9.5008411,2.151,3.666041831
42.41,-120.48,8.7200031,1.3862,3.826662177
45.69,-121.35,9.5560369,0.7887,3.655438945
45.18,-121.07,9.5008411,2.2705,3.666041831
45.84,-119.67,9.544672,2.6768,3.657614574
45.32,-122.87,9.5414743,1.1233,3.658227423
45.63,-121.36,9.5370016,1.5535,3.659085148
44.78,-121.03,9.8749847,1.6491,3.59592171
45.43,-120.93,9.5483627,1.434,3.656907622
42.06,-122.65,8.7200031,1.2428,3.826662177
45.9,-119.22,9.5405912,0.9799,3.658396727
45.6,-121.14,9.5370016,1.0994,3.659085148
45.36,-121.28,9.5483627,2.2466,3.656907622
45.38,-122.59,9.5483627,0.7887,3.656907622
45.6,-119.6,9.5370016,1.3862,3.659085148
45.65,-121.47,9.5370016,0.9799,3.659085148
45.7,-123.13,9.5560369,0.9799,3.655438945
42.19,-122.64,8.7200031,0.7409,3.826662177
45.7,-121.35,9.5560369,1.8403,3.655438945
42.48,-123.4,8.1746902,0.7887,3.952235293
45.61,-121.23,9.5370016,1.6969,3.659085148
45.91,-119.44,9.5405912,2.39,3.658396727
45.18,-121.2,9.5008411,1.4818,3.666041831
42.32,-122.81,8.7200031,1.0994,3.826662177
45.6,-121.64,9.5370016,1.9837,3.659085148
45.53,-122.43,9.5407829,1.1472,3.658359973
42.53,-122.64,8.7200031,1.1711,3.826662177
42.8,-123.85,8.0320463,0.6931,3.987175406
45.38,-122.02,9.5483627,1.8403,3.656907622
45.72,-119.02,9.5560369,1.5774,3.655438945
45.68,-121.31,9.5560369,0.9799,3.655438945
42.49,-122.95,8.7200031,0.7887,3.826662177
42.5,-122.98,8.7200031,0.7887,3.826662177
45.39,-122.36,9.5483627,0.9799,3.656907622
42.86,-123.38,8.5052891,0.7887,3.874662713
44.87,-122.71,9.8163719,1.0277,3.606641218
45.77,-119.12,9.544672,1.6969,3.657614574
45.43,-121.29,9.5483627,1.5535,3.656907622
45.54,-122.76,9.5407829,0.8365,3.658359973
45.35,-121.13,9.5483627,1.2906,3.656907622
45.35,-121.13,9.5483627,1.2906,3.656907622
45.32,-121.1,9.5414743,0.9799,3.658227423
45.69,-121.38,9.5560369,1.1233,3.655438945
42.39,-122.98,8.7200031,0.9321,3.826662177
45.36,-120.15,9.5483627,1.2906,3.656907622
44.05,-122.88,9.8100004,0.7409,3.607812267
43.8,-122.42,9.5827484,0.956,3.6503407
44.78,-121.98,9.8749847,18.2357,3.59592171
44.78,-121.97,9.8749847,10.277,3.59592171
44.78,-121.97,9.8749847,33.2927,3.59592171
44.78,-121.97,9.8749847,9.6556,3.59592171
43.92,-120.82,9.8749847,1.7925,3.59592171
43.69,-120.48,9.5827484,1.7925,3.6503407
43.69,-120.48,9.5827484,1.9837,3.6503407
43.69,-120.48,9.5827484,2.2944,3.6503407
43.63,-120.46,9.5827484,1.8881,3.6503407
43.62,-120.47,9.5827484,1.8881,3.6503407
43.63,-120.46,9.5827484,1.5774,3.6503407
43.63,-120.46,9.5827484,2.2944,3.6503407
43.63,-120.46,9.5827484,1.7925,3.6503407
43.78,-120.62,9.5827484,1.8881,3.6503407
43.78,-120.62,9.5827484,1.9837,3.6503407
43.62,-120.47,9.5827484,1.9837,3.6503407
43.62,-120.47,9.5827484,2.0793,3.6503407
43.62,-120.47,9.5827484,1.7925,3.6503407
43.62,-120.47,9.5827484,1.9837,3.6503407
43.62,-120.47,9.5827484,1.9837,3.6503407
43.73,-121.36,9.5827484,2.39,3.6503407
43.73,-121.36,9.5827484,2.39,3.6503407
43.75,-120.94,9.5827484,1.3862,3.6503407
43.75,-120.94,9.5827484,2.2944,3.6503407
43.81,-120.99,9.5827484,2.2944,3.6503407
44.17,-122.29,9.8749847,1.5057,3.59592171
44.45,-122.8,9.8749847,0.717,3.59592171
44.61,-122.77,9.8749847,1.1711,3.59592171
44.54,-123.29,9.8749847,0.7887,3.59592171
44.83,-122.25,9.8749847,1.2189,3.59592171
44.95,-122.17,9.831625,2.3183,3.603842403
44.95,-122.17,9.831625,2.3183,3.603842403
45.04,-121,9.831625,1.6969,3.603842403
43.8,-122.42,9.5827484,1.0755,3.6503407
43.8,-122.42,9.5827484,0.9321,3.6503407
44.86,-122.88,9.8163719,0.9321,3.606641218
44.06,-122.79,9.8100004,0.956,3.607812267
44.15,-122.25,9.8749847,1.6252,3.59592171
44.15,-122.25,9.8749847,1.6252,3.59592171
44.8,-124.06,9.8749847,0.7648,3.59592171
44.8,-124.07,9.8749847,0.6931,3.59592171
44.04,-122.84,9.8100004,1.0516,3.607812267
43.93,-122.91,9.5827484,0.8604,3.6503407
44.8,-122.41,9.8749847,0.7409,3.59592171
44.81,-122.41,9.8749847,0.7648,3.59592171
44.39,-121.99,9.8749847,0.7887,3.59592171
44.39,-121.99,9.8749847,3.5372,3.59592171
44.54,-121.96,9.8749847,2.2466,3.59592171
43.76,-122.43,9.5827484,0.9799,3.6503407
44.22,-120.99,9.8749847,4.2064,3.59592171
44.73,-122.18,9.8749847,1.195,3.59592171
44.77,-122.56,9.8749847,1.4101,3.59592171
44.89,-122.71,9.8163719,1.1233,3.606641218
44.89,-122.71,9.8163719,1.1233,3.606641218
44.61,-123.3,9.8749847,1.1472,3.59592171
44.59,-120.92,9.8749847,2.0076,3.59592171
44.04,-122.93,9.8100004,1.0038,3.607812267
43.95,-122.9,9.5827484,1.0277,3.6503407
43.91,-121.36,9.8749847,0.5975,3.59592171
44.49,-122.85,9.8749847,1.0755,3.59592171
44.24,-120.97,9.8749847,2.4617,3.59592171
44.24,-120.97,9.8749847,2.4617,3.59592171
44.19,-121.05,9.8749847,4.9473,3.59592171
45.08,-120.96,9.68153,1.673,3.631670562
44.49,-122.86,9.8749847,1.2906,3.59592171
45.01,-122.66,9.831625,0.956,3.603842403
45.01,-122.66,9.831625,0.956,3.603842403
44.81,-120.73,9.8749847,1.4579,3.59592171
44.43,-122.72,9.8749847,1.2667,3.59592171
44.4,-122.65,9.8749847,1.195,3.59592171
44.33,-122.99,9.8749847,0.9321,3.59592171
45.01,-123.51,9.831625,0.717,3.603842403
43.8,-123.88,9.5827484,0.5975,3.6503407
44.58,-122.84,9.8749847,0.717,3.59592171
44.98,-122.65,9.831625,0.9799,3.603842403
44.19,-123.83,9.8100004,0.6931,3.607812267
44.71,-123.03,9.8749847,0.9799,3.59592171
44.71,-123.03,9.8749847,0.9799,3.59592171
43.67,-122.45,9.5827484,1.2667,3.6503407
43.96,-122.84,9.5827484,1.0755,3.6503407
45.03,-121.96,9.831625,5.7121,3.603842403
44.78,-121.95,9.8749847,2.7246,3.59592171
44.78,-121.95,9.8749847,3.2265,3.59592171
44.78,-122.04,9.8749847,2.1271,3.59592171
44.83,-121.88,9.8749847,1.195,3.59592171
45.02,-122.01,9.831625,6.6681,3.603842403
45,-122.06,9.831625,2.5334,3.603842403
44.2,-122.05,9.8749847,3.6567,3.59592171
44.15,-122.08,9.8749847,2.6529,3.59592171
44.72,-121.91,9.8749847,2.4139,3.59592171
43.95,-122.03,9.5827484,0.9799,3.6503407
43.72,-122.33,9.5827484,2.3661,3.6503407
43.64,-122.19,9.5827484,2.4378,3.6503407
44.07,-122.02,9.8749847,3.3221,3.59592171
44.63,-121.94,9.8749847,2.5095,3.59592171
44.02,-122.16,9.8749847,2.1988,3.59592171
44.02,-122.16,9.8749847,2.1988,3.59592171
44.45,-122.83,9.8749847,0.7409,3.59592171
44.62,-122.72,9.8749847,0.8365,3.59592171
44.62,-122.72,9.8749847,0.8365,3.59592171
44.61,-121.11,9.8749847,1.6491,3.59592171
44.16,-122.24,9.8749847,1.6491,3.59592171
44.47,-122.91,9.8749847,0.9321,3.59592171
45.05,-122.62,9.831625,1.0516,3.603842403
45.05,-122.62,9.831625,1.0755,3.603842403
44.44,-122.99,9.8749847,0.8843,3.59592171
44.3,-122.12,9.8749847,2.629,3.59592171
46.85,-122.26,9.7773581,0.478,3.613829699
46.31,-119.76,9.5389538,1.2667,3.658710703
46.31,-119.76,9.5389538,2.3422,3.658710703
46.63,-123.23,9.7773581,0.9799,3.613829699
46.52,-122.46,9.6252508,0.8126,3.642272344
46.89,-120.39,9.7773581,1.0755,3.613829699
46.61,-119.12,9.7773581,1.8164,3.613829699
46.37,-119.29,9.543684,1.2906,3.657803894
46.36,-119.27,9.543684,1.5057,3.657803894
46.36,-119.27,9.543684,1.5774,3.657803894
46.43,-119.28,9.543684,1.4101,3.657803894
46.44,-119.4,9.543684,1.5535,3.657803894
45.86,-120.67,9.5405912,1.1472,3.658396727
47.07,-122.22,9.7773581,0.4063,3.613829699
46.55,-122.31,9.6252508,0.6214,3.642272344
46.78,-122.26,9.7773581,0.7887,3.613829699
45.71,-121.46,9.5560369,1.3384,3.655438945
45.71,-121.31,9.5560369,1.2667,3.655438945
46.6,-120.35,9.7773581,1.8164,3.613829699
46.52,-120.01,9.6252508,1.2428,3.642272344
46.42,-120.12,9.543684,1.6491,3.657803894
46.42,-120.12,9.543684,1.8642,3.657803894
46.48,-120.26,9.6252508,1.2189,3.642272344
48.43,-119.52,9.7773581,1.2667,3.613829699
46.78,-120.67,9.7773581,1.3862,3.613829699
46.55,-120.67,9.6252508,1.195,3.642272344
46.55,-120.67,9.6252508,2.2466,3.642272344
46.53,-120.2,9.6252508,1.5535,3.642272344
46.27,-119.45,9.5389538,7.0027,3.658710703
45.73,-121.8,9.5560369,6.3335,3.655438945
46.53,-120.33,9.6252508,1.5774,3.642272344
46.14,-119.63,9.5399418,1.3145,3.658521241
46.25,-119.4,9.546627,1.6252,3.657240044
45.82,-121.13,9.544672,1.2189,3.657614574
45.96,-119.88,9.5455904,1.8403,3.657438617
47.71,-121.14,9.7773581,2.3661,3.613829699
47.71,-121.14,9.7773581,2.7246,3.613829699
47.43,-121.41,9.7773581,1.0277,3.613829699
46.65,-121.28,9.7773581,2.5573,3.613829699
45.81,-121.95,9.544672,2.1749,3.657614574
46.67,-121.03,9.7773581,2.0793,3.613829699
46.75,-120.64,9.7773581,1.0994,3.613829699
47.01,-121.7,9.7773581,1.0994,3.613829699
46.04,-119.64,9.5455904,0.9082,3.657438617
46.04,-119.64,9.5455904,1.2189,3.657438617
45.92,-120.19,9.5405912,1.0277,3.658396727
45.92,-120.19,9.5405912,1.8642,3.658396727
45.88,-122.45,9.5405912,0.9799,3.658396727
45.84,-122.53,9.544672,0.956,3.657614574
45.94,-122.71,9.5405912,0.8843,3.658396727
47,-119.53,9.7773581,1.8881,3.613829699
45.99,-120.38,9.5455904,1.4101,3.657438617
45.99,-120.38,9.5455904,1.5535,3.657438617
45.99,-120.38,9.5455904,2.4856,3.657438617
47.45,-120.36,9.7773581,1.0994,3.613829699
46.46,-120.23,9.6252508,1.2428,3.642272344
46.6,-120.38,9.7773581,0.9799,3.613829699
45.83,-120.82,9.544672,1.3145,3.657614574
45.83,-120.82,9.544672,1.6969,3.657614574
45.76,-120.53,9.544672,1.2428,3.657614574
46.54,-122.48,9.6252508,0.7409,3.642272344
45.9,-122.66,9.5405912,0.9799,3.658396727
45.61,-122.13,9.5370016,1.3384,3.659085148
45.61,-122.13,9.5370016,1.7208,3.659085148
45.88,-120.93,9.5405912,0.9321,3.658396727
45.89,-122.5,9.5405912,1.2189,3.658396727
45.7,-121.41,9.5560369,1.3862,3.655438945
45.74,-121.18,9.5560369,1.2667,3.655438945
45.7,-120.92,9.5560369,1.0516,3.655438945
45.61,-122.18,9.5370016,0.8843,3.659085148
45.61,-122.18,9.5370016,0.9082,3.659085148
46.33,-120.78,9.5389538,1.7447,3.658710703
46.53,-122.55,9.6252508,0.9082,3.642272344
45.7,-121.24,9.5560369,0.9799,3.655438945
47.11,-120.68,9.7773581,0.8365,3.613829699
46.53,-122.56,9.6252508,0.717,3.642272344
46.28,-120,9.5389538,2.1988,3.658710703
46.73,-120.76,9.7773581,0.8365,3.613829699
45.7,-121.42,9.5560369,1.2189,3.655438945
46.67,-120.6,9.7773581,1.3623,3.613829699
45.88,-120.69,9.5405912,1.7925,3.658396727
45.88,-120.69,9.5405912,1.8164,3.658396727
46.68,-120.75,9.7773581,2.5812,3.613829699
46.3,-122.87,9.5389538,0.5258,3.658710703
46.57,-123.03,9.7773581,1.0994,3.613829699
47.16,-119.32,9.7773581,1.4101,3.613829699
47.16,-119.32,9.7773581,1.912,3.613829699
46.51,-122.49,9.6252508,1.0755,3.642272344
45.71,-121.87,9.5560369,1.1233,3.655438945
45.82,-120.82,9.544672,0.717,3.657614574
45.74,-121.12,9.5560369,1.4579,3.655438945
45.73,-121.11,9.5560369,1.3862,3.655438945
45.61,-122.13,9.5370016,1.5774,3.659085148
45.61,-122.13,9.5370016,1.3862,3.659085148
46.82,-120.66,9.7773581,0.7887,3.613829699
46.55,-122.58,9.6252508,0.9082,3.642272344
45.73,-122.41,9.5560369,1.0277,3.655438945
45.94,-120.97,9.5405912,1.1711,3.658396727
46.44,-120.2,9.543684,1.5535,3.657803894
45.74,-120.23,9.5560369,2.0315,3.655438945
48.69,-119.5,9.57864,1.7447,3.651123454
45.6,-122.4,9.5370016,1.195,3.659085148
45.64,-122.44,9.5370016,1.1711,3.659085148
46.55,-121.79,9.6252508,0.2151,3.642272344
46.73,-121.85,9.7773581,1.0277,3.613829699
45.64,-121.98,9.5370016,1.6491,3.659085148
45.65,-121.95,9.5370016,4.5171,3.659085148
45.65,-121.96,9.5370016,2.868,3.659085148
46.71,-121.58,9.7773581,1.7447,3.613829699
46.62,-121.69,9.7773581,1.6491,3.613829699
46.52,-121.94,9.6252508,1.7208,3.642272344
46.27,-122.24,9.5389538,0.8604,3.658710703
46.17,-122.27,9.546627,1.0516,3.657240044
46.53,-122.84,9.6252508,0.8604,3.642272344
46.54,-122.85,9.6252508,0.8604,3.642272344
47.57,-120.16,9.7773581,0.5736,3.613829699
46.62,-122.23,9.7773581,0.6931,3.613829699
46.43,-120.18,9.543684,1.0277,3.657803894
46.73,-120.78,9.7773581,1.2428,3.613829699
45.71,-121.88,9.5560369,0.7887,3.655438945
46.41,-120.08,9.543684,1.5057,3.657803894
46.41,-120.08,9.543684,1.6013,3.657803894
45.77,-122.2,9.544672,1.3384,3.657614574
45.77,-122.2,9.544672,1.6252,3.657614574
45.77,-122.19,9.544672,1.5535,3.657614574
45.77,-122.22,9.544672,1.5296,3.657614574
45.77,-122.2,9.544672,1.0994,3.657614574
45.77,-122.2,9.544672,1.6491,3.657614574
45.77,-122.2,9.544672,1.6252,3.657614574
45.77,-122.2,9.544672,1.0277,3.657614574
45.77,-122.2,9.544672,1.9359,3.657614574
45.77,-122.2,9.544672,1.5296,3.657614574
45.78,-122.2,9.544672,1.0038,3.657614574
46.53,-122.82,9.6252508,0.8843,3.642272344
46.54,-122.82,9.6252508,0.6931,3.642272344
46.54,-122.82,9.6252508,0.7409,3.642272344
46.53,-122.83,9.6252508,0.8604,3.642272344
46.53,-122.83,9.6252508,0.9321,3.642272344
46.54,-122.62,9.6252508,0.478,3.642272344
45.76,-121.54,9.544672,0.6453,3.657614574
45.76,-121.54,9.544672,0.8126,3.657614574
46.63,-120.41,9.7773581,1.2428,3.613829699
45.71,-121.89,9.5560369,1.1711,3.655438945
47.12,-120.68,9.7773581,0.956,3.613829699
45.91,-121.05,9.5405912,1.1711,3.658396727
45.67,-122.38,9.5560369,0.8604,3.655438945
45.77,-121.12,9.544672,1.0277,3.657614574
46.62,-120.41,9.7773581,0.9082,3.613829699
47.24,-120.01,9.7773581,0.9799,3.613829699
47.24,-120.01,9.7773581,1.2189,3.613829699
45.82,-122.46,9.544672,1.434,3.657614574
46.83,-120.21,9.7773581,1.4579,3.613829699
46.83,-120.21,9.7773581,1.2189,3.613829699
39.51,-119.75,16.215477,2.12949,2.806167427
43.33,-119.57,9.4671307,6.59879,3.672563021
43.31,-119.54,9.4671307,2.39956,3.672563021
43.35,-119.67,9.4671307,8.09971,3.672563021
43.49,-119.54,9.5357075,3.20021,3.659333428
43.15,-119.72,9.2272873,2.1988,3.719986998
43.11,-119.73,8.97577,2.7007,3.771747279
40.42,-119.41,16.524179,14.87536,2.779831668
40.42,-119.4,16.524179,6.08972,2.779831668
40.37,-119.4,16.524179,8.76652,2.779831668
40.36,-119.4,16.524179,7.44485,2.779831668
40.36,-119.41,16.524179,9.60541,2.779831668
40.35,-119.36,16.524179,11.06092,2.779831668
40.35,-119.4,16.524179,4.31395,2.779831668
40.4,-119.4,16.524179,139.3848,2.779831668
40.4,-119.4,16.524179,45.45302,2.779831668
40.4,-119.41,16.524179,37.6425,2.779831668
40.4,-119.4,16.524179,6.26419,2.779831668
40.41,-119.4,16.524179,128.45772,2.779831668
39.86,-119.01,16.215477,3.04486,2.806167427
44.79,-122.57,9.8749847,1.361344,3.59592171
44.4,-122.51,9.8749847,1.194044,3.59592171
44.75,-122.39,9.8749847,0.977271,3.59592171
44.4,-122.49,9.8749847,1.050644,3.59592171
44.12,-122.41,9.8749847,1.241844,3.59592171
44.75,-122.62,9.8749847,1.195478,3.59592171
44.59,-122.37,9.8749847,1.146244,3.59592171
44.12,-122.45,9.8749847,1.050644,3.59592171
44.11,-122.43,9.8749847,1.289644,3.59592171
39.91,-119.22,16.215477,9.09156,2.806167427
39.95,-119.2,16.215477,1.39098,2.806167427
39.95,-119,16.215477,1.95741,2.806167427
39.95,-119.02,16.215477,2.93731,2.806167427
39.96,-119.1,16.215477,4.56729,2.806167427
39.96,-119.07,16.215477,6.08972,2.806167427
39.96,-119.06,16.215477,2.78435,2.806167427
39.96,-119.04,16.215477,5.21976,2.806167427
39.96,-119.25,16.215477,7.82964,2.806167427
39.97,-119.01,16.215477,4.69874,2.806167427
39.97,-119.05,16.215477,7.61215,2.806167427
39.98,-119.02,16.215477,6.26419,2.806167427
39.98,-119.02,16.215477,6.26419,2.806167427
39.98,-119.11,16.215477,2.93731,2.806167427
39.99,-119.03,16.215477,7.04572,2.806167427
39.99,-119.05,16.215477,7.61215,2.806167427
39.99,-119.29,16.215477,1.73992,2.806167427
39.99,-119.03,16.215477,7.04572,2.806167427
39.99,-119.02,16.215477,7.04572,2.806167427
39.99,-119.01,16.215477,6.26419,2.806167427
40,-119.17,16.215477,3.26235,2.806167427
40,-119.05,16.215477,7.61215,2.806167427
44.31,-122.12,9.8749847,2.60032,3.59592171
46.74,-121.51,9.7773581,2.83932,3.613829699
46.71,-121.48,9.7773581,1.01097,3.613829699
46.71,-121.55,9.7773581,1.08028,3.613829699
44.16,-122.25,9.8749847,1.59891,3.59592171
46.68,-121.45,9.7773581,3.74991,3.613829699
46.66,-121.51,9.7773581,1.59891,3.613829699
46.67,-121.57,9.7773581,0.98946,3.613829699
38.76,-119.15,16.215477,8.40324,2.806167427
40.41,-119.4,16.524179,8.52513,2.779831668
40.39,-119.4,16.524179,69.7402,2.779831668
45.45,-121.16,9.5407829,1.0038,3.658359973
40.39,-119.4,16.524179,33.40264,2.779831668
40.4,-119.4,16.524179,130.16896,2.779831668
40.41,-119.41,16.524179,201.24756,2.779831668
40.41,-119.4,16.524179,87.72256,2.779831668
40.41,-119.39,16.524179,37.37243,2.779831668
40.46,-119.42,16.524179,3.1309,2.779831668
40.45,-119.42,16.524179,3.04486,2.779831668
43.55,-119.95,9.5357075,4.87082,3.659333428
43.55,-119.95,9.5357075,4.0869,3.659333428
43.74,-121.29,9.5827484,2.87756,3.6503407
43.74,-121.29,9.5827484,4.98554,3.6503407
38.94,-122.97,17.939177,2.1988,2.667946927
38.78,-122.7,17.580811,11.9978,2.695001374
38.78,-122.7,17.580811,15.7262,2.695001374
38.79,-122.7,17.580811,9.6078,2.695001374
38.79,-122.7,17.580811,8.7713,2.695001374
38.78,-122.69,17.580811,8.8908,2.695001374
38.78,-122.69,17.580811,8.77369,2.695001374
38.86,-122.89,17.834578,3.7045,2.675759184
38.87,-122.87,17.834578,2.0076,2.675759184
38.89,-122.92,17.834578,3.7284,2.675759184
38.88,-122.95,17.834578,3.7284,2.675759184
38.87,-122.9,17.834578,3.6089,2.675759184
38.87,-122.9,17.834578,3.4655,2.675759184
38.85,-122.92,17.834578,3.8957,2.675759184
38.85,-122.92,17.834578,4.12275,2.675759184
38.86,-122.9,17.834578,5.5926,2.675759184
38.87,-122.92,17.834578,3.1787,2.675759184
38.92,-122.95,17.834578,2.7963,2.675759184
38.9,-122.91,17.834578,2.1988,2.675759184
38.92,-122.8,17.834578,1.0038,2.675759184
38.9,-122.8,17.834578,2.2944,2.675759184
38.8,-122.68,17.580811,2.7007,2.695001374
40.44,-119.41,16.524179,3.56588,2.779831668
40.44,-119.41,16.524179,6.2618,2.779831668
40.44,-119.41,16.524179,3.65192,2.779831668
40.44,-119.41,16.524179,3.65192,2.779831668
40.44,-119.42,16.524179,3.04486,2.779831668
40.36,-119.39,16.524179,5.0429,2.779831668
40.43,-119.41,16.524179,3.04486,2.779831668
40.43,-119.4,16.524179,5.47788,2.779831668
40.44,-119.39,16.524179,2.78196,2.779831668
40.45,-119.4,16.524179,2.4378,2.779831668
40.44,-119.4,16.524179,4.93057,2.779831668
40.45,-119.4,16.524179,3.60173,2.779831668
40.46,-119.41,16.524179,5.3058,2.779831668
40.34,-119.39,16.524179,4.26376,2.779831668
39.72,-119.02,16.215477,1.82596,2.806167427
40.34,-119.43,16.524179,4.52188,2.779831668
40.38,-119.4,16.524179,40.01816,2.779831668
40.41,-119.43,16.524179,1.80923,2.779831668
40.42,-119.43,16.524179,2.34698,2.779831668
40.42,-119.41,16.524179,6.17576,2.779831668
40.44,-119.43,16.524179,2.39,2.779831668
40.35,-119.42,16.524179,4.87082,2.779831668
40.39,-119.41,16.524179,43.498,2.779831668
40.36,-119.42,16.524179,10.8745,2.779831668
40.36,-119.43,16.524179,3.9913,2.779831668
40.38,-119.44,16.524179,36.53832,2.779831668
40.39,-119.44,16.524179,24.35888,2.779831668
40.39,-119.44,16.524179,43.498,2.779831668
40.34,-119.42,16.524179,3.47984,2.779831668
40.34,-119.4,16.524179,5.39184,2.779831668
40.37,-119.39,16.524179,4.78478,2.779831668
39.54,-119.74,16.215477,2.76045,2.806167427
40.36,-119.39,16.524179,4.52188,2.779831668
40.33,-119.41,16.524179,5.18391,2.779831668
40.39,-119.4,16.524179,11.74446,2.779831668
40.38,-119.39,16.524179,3.42487,2.779831668
40.38,-119.39,16.524179,10.66896,2.779831668
40.38,-119.39,16.524179,4.89472,2.779831668
40.38,-119.4,16.524179,15.10958,2.779831668
40.38,-119.39,16.524179,5.48027,2.779831668
40.37,-119.38,16.524179,3.20977,2.779831668
40.39,-119.39,16.524179,4.22791,2.779831668
40.4,-119.39,16.524179,3.81205,2.779831668
40.38,-119.4,16.524179,44.69778,2.779831668
40.41,-119.39,16.524179,8.26462,2.779831668
40.41,-119.39,16.524179,2.35893,2.779831668
40.38,-119.39,16.524179,3.60173,2.779831668
40.38,-119.39,16.524179,5.63562,2.779831668
45.66,-121.33,9.5560369,1.2906,3.655438945
43.75,-121.27,9.5827484,6.27136,3.6503407
45.03,-121.97,9.831625,6.8593,3.603842403
43.74,-121.29,9.5827484,3.27908,3.6503407
43.74,-121.29,9.5827484,4.58402,3.6503407
43.74,-121.29,9.5827484,5.69776,3.6503407
40.37,-119.4,16.524179,6.63464,2.779831668
41.74,-121.31,8.7112598,1.8881,3.828582064
41.72,-121.3,17.755274,0.32743,2.681728171
41.72,-121.3,17.755274,13.0016,2.681728171
38.78,-122.72,17.580811,18.2835,2.695001374
38.78,-122.7,17.580811,10.46581,2.695001374
38.77,-122.73,17.580811,3.3221,2.695001374
38.77,-122.72,17.580811,36.0173,2.695001374
38.78,-122.69,17.580811,10.00454,2.695001374
42.23,-121.76,8.7200031,84.28096,3.826662177
38.76,-122.67,17.580811,5.5448,2.695001374
38.76,-122.67,17.580811,6.3813,2.695001374
38.76,-122.68,17.580811,10.4682,2.695001374
38.77,-122.69,17.580811,7.6241,2.695001374
38.77,-122.66,17.580811,4.9473,2.695001374
43.8,-122.42,9.5827484,1.0277,3.6503407
38.77,-122.85,17.725136,5.2341,2.68400707
38.82,-122.87,17.725136,6.453,2.68400707
38.8,-122.89,17.725136,5.9272,2.68400707
38.8,-122.87,17.725136,3.1548,2.68400707
38.79,-122.84,17.725136,4.2303,2.68400707
38.78,-122.86,17.725136,5.5448,2.68400707
38.78,-122.8,17.725136,3.69733,2.68400707
38.78,-122.79,17.725136,8.5323,2.68400707
38.77,-122.79,17.725136,4.7322,2.68400707
38.77,-122.77,17.725136,5.06202,2.68400707
38.82,-122.89,17.834578,4.6127,2.675759184
42.23,-121.76,8.7200031,12.906,3.826662177
40.68,-119.36,16.676729,5.3058,2.767088234
39.79,-119.02,16.215477,143.96404,2.806167427
40.88,-119.34,16.815744,7.7914,2.7556268
40.87,-119.33,16.815744,11.9978,2.7556268
40.7,-119.35,16.676729,0.6931,2.767088234
39.76,-119.01,16.215477,28.89749,2.806167427
39.8,-119.01,16.215477,136.07704,2.806167427
39.81,-119,16.215477,181.87422,2.806167427
40.65,-119.39,16.676729,13.5035,2.767088234
39.78,-119.02,16.215477,66.04048,2.806167427
39.78,-119.01,16.215477,184.76612,2.806167427
40.65,-119.35,16.676729,1.4101,2.767088234
40.65,-119.37,16.676729,7.6002,2.767088234
40.66,-119.38,16.676729,5.2102,2.767088234
39.81,-119.02,16.215477,13.5752,2.806167427
40.65,-119.39,16.676729,9.9902,2.767088234
40.64,-119.41,16.676729,1.8881,2.767088234
39.78,-119.02,16.215477,14.64831,2.806167427
40.78,-119.34,16.815744,11.9978,2.7556268
38.78,-122.67,17.580811,7.2895,2.695001374
38.78,-122.66,17.580811,4.6844,2.695001374
38.77,-122.64,17.580811,7.6958,2.695001374
45.02,-122.01,9.831625,2.8441,3.603842403
45.02,-122.01,9.831625,2.8441,3.603842403
38.74,-122.69,17.580811,5.53524,2.695001374
38.74,-122.69,17.580811,9.23496,2.695001374
38.68,-122.55,17.50819,5.09548,2.700584794
38.68,-122.55,17.50819,2.89907,2.700584794
38.69,-122.61,17.50819,2.2466,2.700584794
38.69,-122.52,17.50819,4.302,2.700584794
38.69,-122.54,17.50819,4.9951,2.700584794
38.67,-122.58,17.50819,3.107,2.700584794
38.67,-122.56,17.50819,3.107,2.700584794
38.68,-122.55,17.50819,4.5888,2.700584794
38.68,-122.53,17.50819,4.2064,2.700584794
38.68,-122.53,17.50819,3.6089,2.700584794
38.69,-122.51,17.50819,3.3938,2.700584794
38.69,-122.51,17.50819,4.2064,2.700584794
38.68,-122.47,17.50819,3.8001,2.700584794
38.68,-122.5,17.50819,2.7007,2.700584794
38.67,-122.55,17.50819,3.4894,2.700584794
38.67,-122.5,17.50819,9.9902,2.700584794
38.67,-122.52,17.50819,7.6958,2.700584794
38.67,-122.54,17.50819,2.7963,2.700584794
38.66,-122.54,17.50819,3.3938,2.700584794
38.66,-122.55,17.50819,2.6051,2.700584794
38.65,-122.53,17.50819,2.7963,2.700584794
38.65,-122.52,17.50819,2.6051,2.700584794
38.65,-122.5,17.50819,3.2982,2.700584794
38.66,-122.49,17.50819,4.1108,2.700584794
38.66,-122.51,17.50819,6.8115,2.700584794
38.67,-122.47,17.50819,4.4932,2.700584794
38.64,-122.47,17.50819,3.6089,2.700584794
38.6,-122.47,17.370102,2.5095,2.711298034
38.56,-122.52,17.370102,37.4035,2.711298034
38.55,-122.5,17.370102,4.3976,2.711298034
38.65,-122.51,17.50819,3.4894,2.700584794
38.66,-122.56,17.50819,2.39,2.700584794
38.66,-122.57,17.50819,3.46072,2.700584794
38.66,-122.58,17.50819,2.0076,2.700584794
38.67,-122.6,17.50819,3.3938,2.700584794
38.74,-122.56,17.580811,2.39,2.695001374
38.67,-122.57,17.50819,3.2982,2.700584794
38.62,-122.59,17.50819,8.0065,2.700584794
46.85,-122.26,9.7773581,0.4302,3.613829699
46.31,-119.76,9.5389538,1.2906,3.658710703
38.9,-122.86,17.834578,5.8555,2.675759184
38.86,-122.85,17.834578,6.931,2.675759184
38.86,-122.86,17.834578,1.7686,2.675759184
38.86,-122.88,17.834578,6.453,2.675759184
38.85,-122.9,17.834578,5.3775,2.675759184
38.85,-122.9,17.834578,5.9989,2.675759184
38.84,-122.88,17.834578,4.6366,2.675759184
38.85,-122.87,17.834578,3.4655,2.675759184
38.84,-122.86,17.834578,12.1651,2.675759184
38.87,-122.9,17.834578,4.3976,2.675759184
38.85,-122.84,17.725136,9.321,2.68400707
38.84,-122.83,17.725136,7.5285,2.68400707
38.9,-122.86,17.834578,5.8555,2.675759184
38.83,-122.84,17.725136,7.17,2.68400707
38.83,-122.85,17.725136,9.3688,2.68400707
38.83,-122.88,17.834578,9.23496,2.675759184
38.82,-122.86,17.725136,9.8468,2.68400707
38.84,-122.88,17.834578,6.2379,2.675759184
38.85,-122.81,17.725136,6.6203,2.68400707
38.86,-122.9,17.834578,6.2379,2.675759184
38.87,-122.86,17.834578,4.78,2.675759184
38.88,-122.85,17.834578,4.6844,2.675759184
38.87,-122.89,17.834578,4.6127,2.675759184
38.87,-122.88,17.834578,5.1624,2.675759184
38.87,-122.86,17.834578,3.2982,2.675759184
38.86,-122.83,17.725136,2.7724,2.68400707
41.84,-121.33,8.7181835,2.2944,3.827061494
42.21,-122.71,8.7200031,2.1988,3.826662177
42.21,-122.71,8.7200031,2.2227,3.826662177
45.25,-121.12,9.5008411,2.1749,3.666041831
38.75,-122.68,17.580811,9.2254,2.695001374
39,-122.65,17.725136,8.9625,2.68400707
45.86,-120.67,9.5405912,1.1711,3.658396727
46.78,-122.26,9.7773581,0.5975,3.613829699
40.6,-119.45,16.676729,0.3824,2.767088234
40.6,-119.45,16.676729,0.5019,2.767088234
39.79,-119.01,16.215477,7.57152,2.806167427
40.64,-119.41,16.676729,1.4101,2.767088234
39.79,-119.02,16.215477,100.53296,2.806167427
40.66,-119.35,16.676729,0.8604,2.767088234
39.79,-119.02,16.215477,37.71659,2.806167427
39.79,-119.02,16.215477,78.18646,2.806167427
39.79,-119.01,16.215477,26.86838,2.806167427
39.79,-119.01,16.215477,65.51468,2.806167427
40.37,-119.4,16.524179,46.07442,2.779831668
39.79,-119.01,16.215477,5.67864,2.806167427
46.89,-120.39,9.7773581,1.0994,3.613829699
46.61,-119.12,9.7773581,1.8403,3.613829699
43.16,-124.22,9.2272873,1.0038,3.719986998
43.15,-124.22,8.97577,1.0038,3.771747279
46.36,-119.27,9.543684,1.5296,3.657803894
46.43,-119.28,9.543684,1.434,3.657803894
46.44,-119.4,9.543684,1.5774,3.657803894
42.15,-121.68,8.7200031,1.4101,3.826662177
44.78,-121.98,9.8749847,21.0081,3.59592171
47.07,-122.22,9.7773581,0.5497,3.613829699
43.47,-119.86,9.5357075,2.81064,3.659333428
43.52,-119.72,9.5357075,2.5095,3.659333428
43.22,-119.25,9.2272873,2.1032,3.719986998
43.44,-119.02,9.5350513,1.0038,3.659459343
43.19,-119.89,9.2272873,2.0076,3.719986998
43.71,-119.93,9.5827484,1.5057,3.6503407
43.66,-119.94,9.5827484,1.5057,3.6503407
43.62,-120.47,9.5827484,1.9837,3.6503407
42.06,-121.62,8.7200031,1.0038,3.826662177
38.8,-122.71,17.725136,3.4894,2.68400707
44.45,-122.8,9.8749847,0.7409,3.59592171
40.91,-119.09,16.676729,1.5057,2.767088234
45.18,-121.07,9.5008411,2.3183,3.666041831
48.68,-126.87,5.5437579,1.45312,4.79928251
48.69,-126.87,5.5437579,1.52243,4.79928251
48.69,-126.87,5.5437579,1.42444,4.79928251
48.69,-126.87,5.5437579,1.28821,4.79928251
48.69,-126.88,5.5437579,1.64671,4.79928251
48.69,-126.86,5.5437579,1.27387,4.79928251
48.69,-126.87,5.5437579,1.37664,4.79928251
48.69,-126.88,5.5437579,1.46985,4.79928251
44.14,-122.02,9.8749847,3.0114,3.59592171
44.14,-122.02,9.8749847,3.0114,3.59592171
43.66,-119.08,9.5827484,1.78294,3.6503407
43.66,-119.08,9.5827484,1.7925,3.6503407
43.66,-119.08,9.5827484,1.77577,3.6503407
43.72,-119.09,9.8749847,2.0076,3.59592171
43.72,-119.09,9.8749847,2.00521,3.59592171
44.22,-122.05,9.8749847,1.8642,3.59592171
44.22,-122.05,9.8749847,1.8642,3.59592171
44.2,-122.03,9.8749847,2.7963,3.59592171
44.16,-122.09,9.8749847,2.6051,3.59592171
44.16,-122.09,9.8749847,2.6051,3.59592171
45.84,-119.67,9.544672,2.7007,3.657614574
38.91,-122.77,17.725136,5.8794,2.68400707
38.81,-122.68,17.580811,1.9359,2.695001374
39,-122.67,17.725136,6.1184,2.68400707
45.73,-122.44,9.5560369,1.0994,3.655438945
38.75,-122.65,17.580811,5.8794,2.695001374
41.19,-120.95,18.00329,2.2944,2.663192167
41.21,-119.06,16.815744,3.7523,2.7556268
40.88,-119.1,16.676729,1.673,2.767088234
40.87,-119.17,16.676729,2.0554,2.767088234
41.12,-120.95,18.00329,6.9071,2.663192167
41.09,-121,18.00329,1.5057,2.663192167
41.09,-121,18.00329,2.1032,2.663192167
41.11,-121.09,18.00329,2.1988,2.663192167
41.08,-119.02,16.815744,2.2705,2.7556268
41.11,-121.09,18.00329,1.6013,2.663192167
41.1,-121.19,18.00329,1.0516,2.663192167
41.1,-121.19,18.00329,1.0516,2.663192167
41.1,-121.19,18.00329,2.1032,2.663192167
41.09,-121.16,18.00329,1.4101,2.663192167
41.02,-119.06,16.676729,1.9359,2.767088234
41.17,-121.05,18.00329,1.5057,2.663192167
43.58,-120.01,9.5827484,3.26952,3.6503407
43.52,-120.03,9.5357075,4.07973,3.659333428
43.48,-120.1,9.5357075,2.37566,3.659333428
41.11,-121.11,18.00329,2.1988,2.663192167
40.91,-119.14,16.676729,2.151,2.767088234
45.71,-121.31,9.5560369,1.2428,3.655438945
39.03,-122.66,17.725136,2.7724,2.68400707
39.03,-122.66,17.725136,8.843,2.68400707
40.78,-119.34,16.815744,7.04572,2.7556268
40.87,-119.34,16.815744,23.41005,2.7556268
40.71,-119.33,16.676729,0.60945,2.767088234
40.76,-119.32,16.676729,0.60945,2.767088234
40.78,-119.36,16.815744,20.70457,2.7556268
40.9,-119.36,16.815744,5.17674,2.7556268
40.87,-119.27,16.815744,2.98511,2.7556268
40.81,-119.22,16.676729,1.8881,2.767088234
40.84,-119.24,16.676729,5.29863,2.767088234
40.92,-119.37,16.815744,1.2189,2.7556268
40.93,-119.4,16.951086,1.2189,2.744603924
40.69,-119.3,16.676729,1.2189,2.767088234
40.87,-119.23,16.815744,2.74133,2.7556268
40.73,-119.25,16.676729,0.79109,2.767088234
40.77,-119.25,16.676729,1.34079,2.767088234
40.8,-119.29,16.676729,0.73134,2.767088234
40.78,-119.3,16.676729,0.60945,2.767088234
40.81,-119.34,16.815744,1.27865,2.7556268
44.8,-121.91,9.8749847,4.3259,3.59592171
44.8,-121.91,9.8749847,4.3259,3.59592171
42.02,-123.84,8.7200031,1.0994,3.826662177
44.6,-122.06,9.8749847,2.2944,3.59592171
42.19,-120.34,8.7200031,3.3699,3.826662177
48.67,-126.85,5.752306,1.42205,4.711481098
48.67,-126.85,5.752306,1.45073,4.711481098
48.67,-126.85,5.752306,1.3862,4.711481098
48.67,-126.85,5.752306,1.37664,4.711481098
48.67,-126.85,5.752306,1.37186,4.711481098
48.67,-126.85,5.752306,1.32884,4.711481098
48.67,-126.85,5.752306,1.35035,4.711481098
48.67,-126.85,5.752306,1.3862,4.711481098
48.67,-126.85,5.752306,1.33362,4.711481098
48.67,-126.85,5.752306,1.46985,4.711481098
48.67,-126.85,5.752306,1.37186,4.711481098
48.67,-126.85,5.752306,1.46746,4.711481098
48.67,-126.85,5.752306,0.89625,4.711481098
48.67,-126.85,5.752306,1.44356,4.711481098
42.23,-121.76,8.7200031,27.7718,3.826662177
42.64,-119.09,8.7200031,1.0755,3.826662177
39.16,-119.77,16.215477,2.39,2.806167427
45.36,-121.94,9.5483627,2.39,3.656907622
42.9,-121.99,8.5052891,11.4959,3.874662713
42.9,-121.99,8.5052891,11.4959,3.874662713
45.63,-121.36,9.5370016,1.1711,3.659085148
46.15,-123.88,9.5399418,0.956,3.658521241
46.6,-120.35,9.7773581,1.912,3.613829699
46.52,-120.01,9.6252508,1.2906,3.642272344
40.36,-119.4,16.524179,7.39466,2.779831668
40.38,-119.4,16.524179,36.10334,2.779831668
40.42,-119.44,16.524179,2.00043,2.779831668
40.36,-119.42,16.524179,11.91893,2.779831668
40.38,-119.44,16.524179,3.56588,2.779831668
39.39,-119.71,16.215477,5.20781,2.806167427
38.76,-122.65,17.580811,6.4052,2.695001374
38.74,-122.66,17.580811,6.6203,2.695001374
38.73,-122.65,17.580811,5.7599,2.695001374
38.73,-122.66,17.580811,4.9951,2.695001374
38.73,-122.66,17.580811,5.6404,2.695001374
38.73,-122.65,17.580811,3.8479,2.695001374
38.99,-122.62,17.725136,3.4894,2.68400707
38.98,-122.62,17.725136,3.2504,2.68400707
39.01,-122.6,17.725136,3.6806,2.68400707
38.99,-122.65,17.725136,3.4894,2.68400707
39.03,-122.65,17.725136,4.4454,2.68400707
39.01,-122.64,17.725136,5.7599,2.68400707
38.99,-122.65,17.725136,6.5964,2.68400707
38.99,-122.63,17.725136,14.5073,2.68400707
38.99,-122.64,17.725136,5.1863,2.68400707
43.88,-122.37,9.5827484,2.6768,3.6503407
45.65,-123.17,9.5370016,0.4302,3.659085148
42.66,-119.74,8.7200031,0.68832,3.826662177
45.09,-122.09,9.68153,0.99902,3.631670562
44.8,-121.88,9.8749847,1.32406,3.59592171
44.45,-121.99,9.8749847,1.23324,3.59592171
44.46,-121.98,9.8749847,1.6491,3.59592171
44.41,-122.04,9.8749847,4.9234,3.59592171
39.03,-122.57,17.725136,3.4894,2.68400707
45.09,-122.25,9.68153,2.11993,3.631670562
45.03,-122.16,9.831625,1.67539,3.603842403
44.93,-122.15,9.8163719,0.49951,3.606641218
44.97,-122.14,9.831625,0.81738,3.603842403
45,-122.13,9.831625,1.72558,3.603842403
38.77,-122.97,17.834578,4.8756,2.675759184
42.09,-121.7,8.7200031,1.4101,3.826662177
39.7,-122.88,18.00329,2.1032,2.663192167
42.7,-120.57,8.7200031,12.3085,3.826662177
42.69,-120.57,8.7200031,12.3085,3.826662177
44.44,-122.12,9.8749847,2.7007,3.59592171
39.39,-119.78,16.215477,9.50503,2.806167427
45.9,-119.22,9.5405912,1.0038,3.658396727
39.6,-119.05,16.215477,3.2026,2.806167427
39.7,-119.1,16.215477,0.7409,2.806167427
39.53,-119,16.215477,1.8164,2.806167427
39.6,-119.1,16.215477,3.11895,2.806167427
43.8,-122.42,9.5827484,1.0994,3.6503407
44.06,-122.79,9.8100004,1.0038,3.607812267
42.2,-121.74,8.7200031,3.107,3.826662177
42.24,-120.36,8.7200031,29.2058,3.826662177
40.38,-120.64,17.370102,33.46,2.711298034
47.51,-121.35,9.7773581,1.5296,3.613829699
47.68,-121.65,9.7773581,0.7648,3.613829699
48.61,-120.38,9.57864,1.7447,3.651123454
44.8,-124.06,9.8749847,0.8126,3.59592171
45.47,-121.2,9.5407829,1.5057,3.658359973
45.98,-121.62,9.5455904,1.8403,3.657438617
46.13,-121.77,9.5399418,1.4579,3.658521241
46.05,-121.75,9.5455904,2.0076,3.657438617
46.58,-119.52,9.7773581,1.5296,3.613829699
39.79,-119.01,16.215477,25.55627,2.806167427
39.82,-119,16.215477,22.06687,2.806167427
40.65,-119.37,16.676729,8.0065,2.767088234
40.67,-119.37,16.676729,65.008,2.767088234
39.8,-119.01,16.215477,244.60216,2.806167427
39.78,-119.01,16.215477,73.82232,2.806167427
39.79,-119.02,16.215477,28.31672,2.806167427
41.75,-121.3,8.7112598,4.1108,3.828582064
40.32,-119.04,16.215477,1.64432,2.806167427
40.41,-119.02,16.215477,1.52243,2.806167427
40.17,-119.17,16.215477,3.53242,2.806167427
40.22,-119.2,16.215477,4.87082,2.806167427
40.5,-119.02,16.364212,2.5573,2.793385631
40.6,-119.09,16.364212,1.76621,2.793385631
40.26,-119.09,16.215477,1.09701,2.806167427
40.31,-119.13,16.215477,1.70407,2.806167427
40.38,-119.24,16.364212,1.34079,2.793385631
40.3,-119.23,16.364212,1.94785,2.793385631
40.4,-119.12,16.364212,1.8881,2.793385631
40.47,-119.12,16.364212,2.19163,2.793385631
40.49,-119.21,16.524179,1.76621,2.779831668
40.57,-119.18,16.524179,0.97512,2.779831668
37.51,-122.13,16.364212,2.0315,2.793385631
43.78,-121.46,9.5827484,0.3107,3.6503407
43.67,-120.02,9.5827484,0.21032,3.6503407
46.35,-121.59,9.543684,2.7485,3.657803894
46.34,-121.7,9.5389538,2.9875,3.658710703
46.35,-121.55,9.543684,1.2906,3.657803894
46.11,-121.32,9.5399418,1.5296,3.658521241
46.02,-121.6,9.5455904,0.6214,3.657438617
45.81,-121.95,9.544672,3.7284,3.657614574
46.72,-121.51,9.7773581,3.5611,3.613829699
46.39,-121.54,9.543684,3.4655,3.657803894
46.3,-121.71,9.5389538,1.7925,3.658710703
46.23,-121.66,9.546627,2.0315,3.657240044
46.2,-121.83,9.546627,1.434,3.657240044
45.8,-121.67,9.544672,1.195,3.657614574
48.77,-121.81,9.2849312,15.0092,3.70842157
48.77,-121.81,9.2849312,71.461,3.70842157
46.65,-121.33,9.7773581,3.1548,3.613829699
46.14,-119.63,9.5399418,1.3384,3.658521241
46.25,-119.4,9.546627,1.6491,3.657240044
45.96,-119.88,9.5455904,1.8642,3.657438617
47.71,-121.14,9.7773581,3.2982,3.613829699
47.72,-121.12,9.7773581,2.3422,3.613829699
47.43,-121.41,9.7773581,1.1711,3.613829699
46.65,-121.28,9.7773581,2.6529,3.613829699
45.81,-121.95,9.544672,2.5334,3.657614574
47.03,-121.7,9.7773581,1.3862,3.613829699
45.92,-120.19,9.5405912,1.0516,3.658396727
42.22,-122.74,8.7200031,2.5095,3.826662177
42.2,-122.71,8.7200031,2.5812,3.826662177
42.22,-122.74,8.7200031,2.5095,3.826662177
42.22,-122.74,8.7200031,2.5095,3.826662177
42.12,-122.38,8.7200031,1.195,3.826662177
42.12,-122.38,8.7200031,1.195,3.826662177
42.2,-122.7,8.7200031,1.3145,3.826662177
42.2,-122.7,8.7200031,1.3145,3.826662177
42.19,-122.69,8.7200031,1.0755,3.826662177
42.19,-122.69,8.7200031,1.0755,3.826662177
42.18,-122.67,8.7200031,1.1233,3.826662177
37.63,-119.08,16.19442,4.1586,2.807991212
39.41,-119.75,16.215477,141.12472,2.806167427
45.84,-122.53,9.544672,0.9799,3.657614574
42.16,-121.7,8.7200031,1.6013,3.826662177
39.79,-119.01,16.215477,6.71351,2.806167427
42.1,-121.9,8.7200031,0.3107,3.826662177
42.15,-121.68,8.7200031,1.5057,3.826662177
40.73,-124.21,8.9923286,1.261203,3.768273005
43.93,-122.91,9.5827484,0.9799,3.6503407
42.09,-120.06,18.00329,2.13905,2.663192167
44.55,-121.96,9.8749847,2.3183,3.59592171
44.98,-121.85,9.831625,0.1673,3.603842403
44.91,-121.88,9.8163719,2.5573,3.606641218
40.65,-119.38,16.676729,6.9071,2.767088234
40.9,-119.31,16.815744,2.7007,2.7556268
40.93,-119.32,16.815744,1.0994,2.7556268
40.98,-119.33,16.951086,1.2906,2.744603924
40.66,-119.35,16.676729,1.8881,2.767088234
40.67,-119.36,16.676729,7.2895,2.767088234
40.8,-119.33,16.815744,0.8843,2.7556268
40.83,-119.33,16.815744,1.6969,2.7556268
40.88,-119.33,16.815744,6.4052,2.7556268
40.89,-119.32,16.815744,3.2026,2.7556268
40.89,-119.31,16.815744,1.7925,2.7556268
40.91,-119.32,16.815744,2.1988,2.7556268
43.76,-122.43,9.5827484,1.1233,3.6503407
45.12,-122.16,9.68153,2.2705,3.631670562
40.85,-119.34,16.815744,7.18673,2.7556268
40.85,-119.33,16.815744,3.107,2.7556268
40.87,-119.31,16.815744,6.0945,2.7556268
40.79,-119.34,16.815744,21.988,2.7556268
39.89,-119.13,16.215477,2.49755,2.806167427
39.84,-119.12,16.215477,2.67919,2.806167427
39.9,-119.11,16.215477,4.20162,2.806167427
39.89,-119.09,16.215477,3.2265,2.806167427
39.98,-119.05,16.215477,3.71406,2.806167427
39.92,-119.09,16.215477,4.93296,2.806167427
39.94,-119.05,16.215477,2.80108,2.806167427
39.96,-119.01,16.215477,1.94785,2.806167427
39.96,-119.02,16.215477,0.6692,2.806167427
39.94,-119.02,16.215477,1.94785,2.806167427
45.63,-121.48,9.5370016,1.56067,3.659085148
44.73,-122.18,9.8749847,1.4579,3.59592171
39.43,-123.73,18.287436,2.0076,2.642421132
37.65,-122.01,16.364212,3.346,2.793385631
43.58,-119.93,9.5827484,7.85593,3.6503407
43.54,-119.91,9.5357075,3.16675,3.659333428
43.51,-119.91,9.5357075,5.23649,3.659333428
43.51,-119.96,9.5357075,2.92297,3.659333428
43.5,-119.01,9.5357075,6.14947,3.659333428
43.51,-120.09,9.5357075,4.4454,3.659333428
43.54,-120.13,9.5357075,6.27136,3.659333428
43.58,-120.1,9.5827484,6.3335,3.6503407
43.6,-120.01,9.5827484,6.51514,3.6503407
43.54,-120.01,9.5357075,2.49994,3.659333428
43.59,-120.14,9.5827484,3.41053,3.6503407
43.62,-120.07,9.5827484,4.50754,3.6503407
43.6,-119.93,9.5827484,2.92297,3.6503407
43.57,-119.88,9.5827484,3.03052,3.6503407
43.57,-119.97,9.5827484,7.91568,3.6503407
43.56,-120,9.5827484,2.5573,3.6503407
43.55,-119.99,9.5357075,1.58218,3.659333428
43.58,-120.05,9.5827484,3.28864,3.6503407
43.64,-119.98,9.5827484,2.92297,3.6503407
43.55,-119.98,9.5357075,8.74979,3.659333428
43.57,-120.18,9.5827484,5.60216,3.6503407
43.5,-119.82,9.5357075,2.60032,3.659333428
43.55,-119.91,9.5357075,4.45974,3.659333428
43.52,-120.15,9.5357075,1.52243,3.659333428
43.5,-119.91,9.5357075,3.04486,3.659333428
43.56,-119.97,9.5827484,3.83595,3.6503407
43.56,-119.96,9.5827484,7.49026,3.6503407
43.47,-119.89,9.5357075,3.4655,3.659333428
43.47,-119.89,9.5357075,3.08071,3.659333428
43.51,-119.9,9.5357075,3.90048,3.659333428
43.51,-119.9,9.5357075,2.87517,3.659333428
43.52,-120,9.5357075,2.47604,3.659333428
43.55,-119.84,9.5357075,1.66105,3.659333428
43.57,-119.88,9.5827484,2.76045,3.6503407
43.65,-119.92,9.5827484,1.84986,3.6503407
43.48,-120.1,9.5357075,1.94068,3.659333428
43.52,-120.03,9.5357075,2.9397,3.659333428
43.52,-119.7,9.5357075,3.10939,3.659333428
43.53,-119.97,9.5357075,5.48027,3.659333428
43.56,-119.95,9.5827484,3.04486,3.6503407
43.51,-119.96,9.5357075,2.13188,3.659333428
43.55,-120.01,9.5357075,2.13188,3.659333428
43.54,-119.96,9.5357075,4.50754,3.659333428
43.56,-119.93,9.5827484,3.47028,3.6503407
43.54,-119.92,9.5357075,2.06974,3.659333428
43.51,-119.95,9.5357075,2.06974,3.659333428
38.82,-122.89,17.834578,4.8756,2.675759184
38.78,-122.87,17.725136,4.6366,2.68400707
38.79,-122.86,17.725136,4.3259,2.68400707
38.78,-122.85,17.725136,4.6605,2.68400707
38.81,-122.62,17.580811,4.2781,2.695001374
38.78,-122.62,17.580811,4.2303,2.695001374
38.79,-122.62,17.580811,4.3737,2.695001374
38.77,-122.63,17.580811,4.4693,2.695001374
38.76,-122.61,17.580811,3.824,2.695001374
38.77,-122.63,17.580811,4.2303,2.695001374
38.8,-122.62,17.580811,3.7523,2.695001374
38.79,-122.62,17.580811,3.824,2.695001374
38.75,-122.64,17.580811,4.5649,2.695001374
43.64,-121.24,9.5827484,3.6089,3.6503407
43.64,-121.24,9.5827484,3.6089,3.6503407
43.83,-121.25,9.5827484,2.2944,3.6503407
43.83,-121.25,9.5827484,2.2944,3.6503407
38.92,-122.88,17.834578,3.4894,2.675759184
38.9,-122.87,17.834578,4.3259,2.675759184
38.75,-122.59,17.580811,3.6806,2.695001374
38.73,-122.61,17.580811,3.7523,2.695001374
38.87,-122.91,17.834578,4.8278,2.675759184
38.89,-122.9,17.834578,5.7121,2.675759184
40.61,-119.4,16.676729,2.3422,2.767088234
40.62,-119.37,16.676729,1.82596,2.767088234
38.89,-122.9,17.834578,3.9196,2.675759184
38.9,-122.91,17.834578,3.6567,2.675759184
38.8,-122.89,17.725136,3.6567,2.68400707
38.8,-122.59,17.580811,3.4416,2.695001374
38.9,-122.57,17.580811,3.8479,2.695001374
38.9,-122.56,17.580811,3.9196,2.695001374
38.71,-122.68,17.580811,3.824,2.695001374
42.19,-121.71,8.7200031,2.5095,3.826662177
42.03,-120.3,18.00329,2.3183,2.663192167
44.77,-122.56,9.8749847,1.6013,3.59592171
46.61,-120.38,9.7773581,1.0038,3.613829699
43.8,-123.88,9.5827484,0.87952,3.6503407
43.21,-123.25,9.2272873,0.5975,3.719986998
43.21,-123.25,9.2272873,0.5975,3.719986998
46.54,-122.48,9.6252508,0.7648,3.642272344
40.77,-119.13,16.524179,5.78858,2.779831668
40.77,-119.17,16.676729,0.5019,2.767088234
40.77,-119.15,16.676729,9.7034,2.767088234
40.77,-119.15,16.676729,31.1178,2.767088234
40.77,-119.15,16.676729,22.0836,2.767088234
40.77,-119.15,16.676729,2.0076,2.767088234
40.71,-119.29,16.676729,1.6969,2.767088234
40.77,-119.22,16.676729,1.4101,2.767088234
39.52,-119.75,16.215477,3.05203,2.806167427
40.82,-119.17,16.676729,2.1988,2.767088234
40.84,-119.14,16.676729,2.6051,2.767088234
40.8,-119.13,16.676729,1.6013,2.767088234
40.77,-119.18,16.676729,2.1032,2.767088234
45.6,-119.6,9.5370016,1.4101,3.659085148
45.9,-122.66,9.5405912,1.0038,3.658396727
40.55,-124.18,9.0263643,1.852489,3.761161784
40.77,-119.25,16.676729,1.6013,2.767088234
42.49,-123.38,8.1746902,0.956,3.952235293
40.65,-119.35,16.676729,5.019,2.767088234
39.97,-119.03,16.215477,4.50754,2.806167427
39.99,-119.35,16.215477,4.32351,2.806167427
40,-119.07,16.215477,4.56729,2.806167427
39.98,-119.04,16.215477,3.47028,2.806167427
39.98,-119.01,16.215477,4.14187,2.806167427
39.96,-119.07,16.215477,1.94785,2.806167427
39.96,-119.06,16.215477,1.94785,2.806167427
39.38,-119.73,16.215477,101.63475,2.806167427
39.4,-119.75,16.215477,94.405,2.806167427
39.39,-119.75,16.215477,66.442,2.806167427
39.39,-119.75,16.215477,85.6576,2.806167427
39.39,-119.75,16.215477,73.8032,2.806167427
39.4,-119.75,16.215477,109.5815,2.806167427
39.39,-119.77,16.215477,78.7744,2.806167427
39.39,-119.75,16.215477,192.45475,2.806167427
39.39,-119.75,16.215477,5.5209,2.806167427
39.39,-119.75,16.215477,40.35276,2.806167427
39.59,-119.11,16.215477,3.32688,2.806167427
38.87,-122.73,17.725136,6.6442,2.68400707
38.92,-122.8,17.834578,7.9826,2.675759184
41.86,-123.37,8.7200031,0.8604,3.826662177
44.61,-123.3,9.8749847,1.0516,3.59592171
45.65,-121.47,9.5370016,0.9799,3.659085148
44.59,-120.92,9.8749847,2.0315,3.59592171
39.41,-119.75,16.215477,54.06897,2.806167427
42.46,-121.37,8.7200031,1.15437,3.826662177
42.46,-121.37,8.7200031,1.5296,3.826662177
39.5,-119.75,16.215477,2.33981,2.806167427
42.22,-120.35,8.7200031,34.0814,3.826662177
42.22,-120.35,8.7200031,68.4018,3.826662177
40.71,-119.43,16.815744,2.00043,2.7556268
44.25,-120.97,9.8749847,2.6051,3.59592171
44.24,-120.97,9.8749847,2.6051,3.59592171
43.21,-119.04,9.2272873,3.0114,3.719986998
43.21,-119,9.2272873,3.0592,3.719986998
38.85,-122.8,17.725136,6.74936,2.68400707
42.18,-121.7,8.7200031,0.9082,3.826662177
42.22,-120.36,8.7200031,21.3905,3.826662177
38.77,-122.82,17.725136,5.23649,2.68400707
37.49,-119.3,16.19442,1.2906,2.807991212
43.95,-122.9,9.5827484,1.0755,3.6503407
42.13,-121.74,8.7200031,1.5057,3.826662177
39.05,-122.74,17.834578,4.1108,2.675759184
38.94,-122.69,17.725136,5.1146,2.68400707
43.69,-122.37,9.5827484,3.7284,3.6503407
42.19,-121.77,8.7200031,2.1988,3.826662177
40.39,-119.42,16.524179,0.48756,2.779831668
40.39,-119.41,16.524179,0.01434,2.779831668
40.39,-119.42,16.524179,3.21933,2.779831668
42.17,-121.68,8.7200031,0.5019,3.826662177
45.7,-121.24,9.5560369,1.0038,3.655438945
41.73,-121.67,8.7112598,0.4063,3.828582064
43.9,-121.36,9.5827484,1.4101,3.6503407
43.91,-121.36,9.8749847,1.45551,3.59592171
46.33,-120.78,9.5389538,1.7686,3.658710703
41.83,-121.55,8.7181835,2.39,3.827061494
42.7,-122.6,8.0918245,2.5095,3.972420514
42.7,-122.6,8.0918245,2.5095,3.972420514
42.7,-122.6,8.0918245,2.2227,3.972420514
42.7,-122.6,8.0918245,2.2227,3.972420514
42.22,-120.36,8.7200031,23.7088,3.826662177
42.22,-120.36,8.7200031,2.8202,3.826662177
47.94,-128.9,0.43398958,2.0076,17.15294884
47.92,-128.85,0.66285837,3.2504,13.87931624
47.9,-128.74,0.91232389,10.516,11.83052233
47.74,-127.91,2.9722376,8.2455,6.55445644
47.73,-127.88,2.9722376,3.0831,6.55445644
47.87,-128.59,1.1679138,10.4921,10.45617994
47.85,-128.47,1.414219,7.9826,9.502111225
47.89,-128.66,0.91232389,21.51,11.83052233
47.79,-128.21,2.1661963,6.3813,7.677671718
42.01,-121.82,8.7200031,0.3107,3.826662177
46.53,-122.56,9.6252508,0.7409,3.642272344
42.19,-120.35,8.7200031,3.4894,3.826662177
39.51,-119.65,16.215477,7.06484,2.806167427
38.83,-121.17,16.676729,0.6214,2.767088234
39.39,-119.72,16.215477,10.16945,2.806167427
40.39,-121.54,18.00329,3.1548,2.663192167
40.36,-121.5,18.00329,5.5209,2.663192167
40.41,-121.45,18.00329,2.0315,2.663192167
40.37,-120.95,17.580811,2.3183,2.695001374
44.55,-122.03,9.8749847,1.9598,3.59592171
39.03,-122.43,17.580811,2.6051,2.695001374
46.57,-120.17,9.7773581,1.2667,3.613829699
42.64,-122.82,8.1765585,1.0038,3.951783734
42.64,-122.82,8.1765585,1.0038,3.951783734
45.7,-121.42,9.5560369,1.2428,3.655438945
39.39,-119.76,16.215477,198.2505,2.806167427
42.37,-120.57,8.7200031,3.0114,3.826662177
41.63,-121.37,17.755274,0.6931,2.681728171
41.7,-121.35,17.755274,3.45594,2.681728171
41.7,-121.35,17.755274,5.8077,2.681728171
46.3,-122.87,9.5389538,0.5019,3.658710703
42.22,-121.78,8.7200031,9.0103,3.826662177
46.58,-123.03,9.7773581,1.1233,3.613829699
42.24,-121.77,8.7200031,35.56798,3.826662177
45.61,-121.23,9.5370016,1.6491,3.659085148
42.38,-122.53,8.7200031,1.1711,3.826662177
47.17,-119.32,9.7773581,1.9359,3.613829699
41.65,-121.18,17.755274,1.8642,2.681728171
41.56,-121.12,18.100437,3.5133,2.656035732
41.74,-121.87,8.7112598,0.1912,3.828582064
41.59,-121.96,8.7299252,0.3107,3.82448694
41,-120.89,18.00329,2.3422,2.663192167
41.27,-122.61,15.872827,0.8843,2.836294365
41.83,-121.25,8.7181835,1.6013,3.827061494
41.57,-122.88,8.7299252,0.4302,3.82448694
41.56,-122.53,8.7299252,0.6931,3.82448694
41.43,-122.5,8.7199984,0.9321,3.826663208
41.89,-122.4,8.7200031,0.2629,3.826662177
41.98,-122.32,8.7200031,1.7208,3.826662177
41.9,-122.53,8.7200031,0.2629,3.826662177
41.95,-122,8.7200031,3.3938,3.826662177
41.73,-120.38,18.00329,0.1912,2.663192167
44.43,-122.72,9.8749847,1.0755,3.59592171
42.18,-120.36,8.7200031,2.9875,3.826662177
42.18,-120.34,8.7200031,4.541,3.826662177
42.22,-120.36,8.7200031,68.9037,3.826662177
43.53,-120.09,9.5357075,6.63703,3.659333428
40.41,-120.65,17.370102,16.73,2.711298034
39.9,-119.16,16.215477,4.13231,2.806167427
39.9,-119.19,16.215477,6.61074,2.806167427
39.88,-119.22,16.215477,9.09156,2.806167427
39.91,-119.22,16.215477,9.09156,2.806167427
39.8,-119.3,16.215477,1.65388,2.806167427
39.94,-119.29,16.215477,1.65388,2.806167427
39.99,-119.23,16.215477,4.13231,2.806167427
39.85,-119.23,16.215477,6.61074,2.806167427
39.88,-119.24,16.215477,9.09156,2.806167427
39.9,-119.23,16.215477,9.09156,2.806167427
39.92,-119.21,16.215477,6.61074,2.806167427
39.91,-119.22,16.215477,9.09156,2.806167427
39.96,-119.28,16.215477,2.47843,2.806167427
39.95,-119.26,16.215477,2.47843,2.806167427
39.96,-119.26,16.215477,5.78619,2.806167427
39.96,-119.24,16.215477,2.47843,2.806167427
39.97,-119.25,16.215477,5.78619,2.806167427
39.92,-119.25,16.215477,4.95925,2.806167427
39.89,-119.29,16.215477,6.61074,2.806167427
39.89,-119.26,16.215477,9.09156,2.806167427
39.84,-119.26,16.215477,5.78619,2.806167427
39.86,-119.25,16.215477,7.43768,2.806167427
39.92,-119.2,16.215477,8.26462,2.806167427
39.88,-119.21,16.215477,9.09156,2.806167427
39.89,-119.21,16.215477,9.09156,2.806167427
39.92,-119.18,16.215477,5.78619,2.806167427
39.88,-119.18,16.215477,4.13231,2.806167427
39.93,-119.19,16.215477,3.30537,2.806167427
39.82,-119.26,16.215477,4.28049,2.806167427
39.85,-119.31,16.215477,3.30537,2.806167427
39.88,-119.28,16.215477,5.78619,2.806167427
39.88,-119.31,16.215477,3.30537,2.806167427
39.83,-119.31,16.215477,1.65388,2.806167427
38.85,-122.76,17.725136,8.3889,2.68400707
38.85,-122.76,17.725136,9.2971,2.68400707
38.86,-122.77,17.725136,7.6958,2.68400707
38.86,-122.78,17.725136,7.0027,2.68400707
38.87,-122.77,17.725136,6.8115,2.68400707
38.86,-122.75,17.725136,7.2895,2.68400707
38.86,-122.75,17.725136,7.2895,2.68400707
38.94,-122.76,17.834578,5.5448,2.675759184
42.21,-122.68,8.7200031,1.1711,3.826662177
40.21,-119.15,16.215477,2.00999,2.806167427
40.23,-119.14,16.215477,0.79109,2.806167427
40.19,-119.18,16.215477,2.00999,2.806167427
40.21,-119.23,16.215477,1.46268,2.806167427
40.22,-119.22,16.215477,3.59217,2.806167427
40.25,-119.21,16.215477,1.52243,2.806167427
45.71,-121.87,9.5560369,1.0994,3.655438945
45.32,-121.8,9.5414743,0.9799,3.658227423
45.41,-121.82,9.5483627,2.629,3.656907622
45.37,-121.82,9.5483627,2.629,3.656907622
45.28,-121.74,9.5414743,2.2705,3.658227423
43.32,-119.7,9.4671307,2.00043,3.672563021
43.31,-119.77,9.4671307,2.00043,3.672563021
43.32,-119.71,9.4671307,4.19923,3.672563021
43.21,-119.52,9.2272873,3.40097,3.719986998
43.2,-119.57,9.2272873,8.30047,3.719986998
43.1,-119.73,8.97577,1.0994,3.771747279
47.37,-120.3,9.7773581,1.3862,3.613829699
39.39,-119.75,16.215477,63.56683,2.806167427
39.39,-119.75,16.215477,17.8772,2.806167427
39.39,-119.76,16.215477,65.06297,2.806167427
39.91,-119.22,16.215477,9.09156,2.806167427
44.33,-122.99,9.8749847,0.9321,3.59592171
45.75,-121.12,9.5560369,1.3384,3.655438945
43.75,-122.47,9.5827484,1.8642,3.6503407
43.75,-122.47,9.5827484,2.0793,3.6503407
44.15,-122.54,9.8749847,1.335771,3.59592171
39.49,-119.8,16.215477,2.92536,2.806167427
44.19,-123.83,9.8100004,0.717,3.607812267
44.71,-123.03,9.8749847,1.0038,3.59592171
38.89,-122.61,17.580811,1.79967,2.695001374
38.89,-122.64,17.725136,5.80053,2.68400707
38.9,-122.65,17.725136,4.5888,2.68400707
38.91,-122.63,17.725136,3.77142,2.68400707
38.88,-122.72,17.725136,2.80108,2.68400707
38.95,-122.85,17.834578,1.4818,2.675759184
38.76,-122.64,17.580811,2.9875,2.695001374
38.99,-122.82,17.834578,0.20076,2.675759184
38.76,-122.64,17.580811,3.107,2.695001374
38.8,-122.56,17.580811,4.59836,2.695001374
38.88,-122.62,17.580811,1.69929,2.695001374
38.88,-122.62,17.580811,1.40054,2.695001374
46.15,-124.41,9.5399418,0.94405,3.658521241
44.22,-124.47,9.8100004,0.95361,3.607812267
44.5,-124.42,9.8749847,1.06833,3.59592171
44.86,-124.28,9.8163719,1.10418,3.606641218
43.26,-124.59,9.4671307,1.03248,3.672563021
44.06,-124.65,9.5543547,1.16632,3.65576073
45.44,-119.78,9.5483627,1.0994,3.656907622
42.23,-121.77,8.7200031,17.83418,3.826662177
42.23,-121.77,8.7200031,27.485,3.826662177
45.61,-122.13,9.5370016,1.912,3.659085148
37.25,-122.4,17.13776,2.77957,2.72961512
42.24,-121.78,8.7200031,23.3025,3.826662177
38.9,-122.86,17.834578,6.7637,2.675759184
38.86,-122.87,17.834578,6.5486,2.675759184
38.98,-122.89,17.834578,2.2466,2.675759184
38.97,-122.89,17.834578,2.2944,2.675759184
38.96,-122.81,17.834578,2.5095,2.675759184
38.88,-122.78,17.725136,5.1863,2.68400707
46.82,-120.66,9.7773581,0.8843,3.613829699
45.73,-122.41,9.5560369,0.8604,3.655438945
43.59,-122.23,9.5827484,3.0353,3.6503407
39.53,-119.76,16.215477,3.87419,2.806167427
39.53,-119.76,16.215477,2.97555,2.806167427
43.84,-119.9,9.8749847,1.6013,3.59592171
43.84,-119.9,9.8749847,2.5095,3.59592171
42.21,-120.36,8.7200031,4.0869,3.826662177
45.94,-120.97,9.5405912,1.195,3.658396727
44.27,-120.81,9.8749847,1.8881,3.59592171
45.69,-120.13,9.5560369,2.7246,3.655438945
38.1,-122.89,17.370102,2.119213,2.711298034
38.85,-122.85,17.834578,8.22399,2.675759184
38.84,-122.84,17.725136,9.06527,2.68400707
39.74,-119.57,16.215477,3.1309,2.806167427
39.74,-119.59,16.215477,3.52286,2.806167427
39.74,-119.59,16.215477,5.08831,2.806167427
39.74,-119.58,16.215477,6.32872,2.806167427
39.81,-119.65,16.215477,0.26051,2.806167427
48.69,-119.5,9.57864,1.8403,3.651123454
44.84,-120.46,9.8749847,1.673,3.59592171
44.82,-120.56,9.8749847,2.04345,3.59592171
44.84,-120.48,9.8749847,1.61325,3.59592171
44.83,-120.49,9.8749847,1.68734,3.59592171
44.82,-120.48,9.8749847,2.31352,3.59592171
44.82,-120.54,9.8749847,4.7322,3.59592171
44.86,-120.55,9.8163719,1.07072,3.606641218
44.87,-120.55,9.8163719,1.6491,3.606641218
45.03,-121.96,9.831625,8.1499,3.603842403
44.78,-122.04,9.8749847,2.6051,3.59592171
45.5,-122.31,9.5407829,5.2102,3.658359973
45.02,-122.01,9.831625,9.5122,3.603842403
44.2,-122.05,9.8749847,3.6806,3.59592171
45.07,-121.96,9.68153,8.1499,3.631670562
44.72,-121.91,9.8749847,2.7963,3.59592171
44.56,-121.61,9.8749847,2.9397,3.59592171
44.56,-121.61,9.8749847,2.9397,3.59592171
43.72,-122.42,9.5827484,1.3623,3.6503407
43.72,-122.42,9.5827484,1.3623,3.6503407
45.52,-122.27,9.5407829,1.2906,3.658359973
45.51,-122.27,9.5407829,1.2906,3.658359973
45.61,-122,9.5370016,1.9359,3.659085148
43.72,-122.33,9.5827484,3.2743,3.6503407
45.65,-121.95,9.5370016,4.9951,3.659085148
45.34,-121.36,9.5414743,1.434,3.658227423
46.72,-121.58,9.7773581,2.3422,3.613829699
46.52,-121.94,9.6252508,1.7447,3.642272344
45.34,-121.92,9.5414743,1.673,3.658227423
45.28,-121.84,9.5414743,2.151,3.658227423
45.5,-122.28,9.5407829,1.3145,3.658359973
45.5,-122.28,9.5407829,1.3145,3.658359973
46.17,-122.27,9.546627,1.0755,3.657240044
46.55,-122.85,9.6252508,0.8843,3.642272344
45.63,-121.95,9.5370016,2.5095,3.659085148
45.63,-121.95,9.5370016,2.5095,3.659085148
46.64,-121.39,9.7773581,2.2944,3.613829699
42.13,-121.8,8.7200031,0.9082,3.826662177
45.72,-119.02,9.5560369,1.6013,3.655438945
38.84,-122.63,17.580811,4.6844,2.695001374
38.86,-122.67,17.725136,5.5209,2.68400707
38.85,-122.66,17.725136,5.5209,2.68400707
38.85,-122.66,17.725136,5.2341,2.68400707
44.45,-122.83,9.8749847,0.717,3.59592171
42.01,-121.63,8.7200031,2.0076,3.826662177
44.63,-122.72,9.8749847,0.9082,3.59592171
38.7,-122.72,17.580811,5.3775,2.695001374
39.48,-119.81,16.215477,71.67132,2.806167427
39.48,-119.79,16.215477,8.56098,2.806167427
39.48,-119.79,16.215477,1.95741,2.806167427
39.48,-119.81,16.215477,27.87696,2.806167427
39.48,-119.81,16.215477,32.99634,2.806167427
39.48,-119.81,16.215477,35.57754,2.806167427
39.48,-119.81,16.215477,39.62142,2.806167427
39.48,-119.83,16.215477,19.837,2.806167427
39.48,-119.81,16.215477,3.1548,2.806167427
39.48,-119.81,16.215477,18.0206,2.806167427
39.48,-119.81,16.215477,74.6397,2.806167427
39.5,-119.83,16.215477,2.87995,2.806167427
39.48,-119.81,16.215477,16.1564,2.806167427
39.48,-119.81,16.215477,26.07012,2.806167427
39.58,-119.81,16.215477,7.9826,2.806167427
39.48,-119.79,16.215477,16.69176,2.806167427
39.48,-119.79,16.215477,21.03678,2.806167427
45.16,-122.11,9.5008411,2.113477,3.666041831
42.04,-120.31,18.00329,4.1825,2.663192167
42.04,-120.31,18.00329,13.6708,2.663192167
39.39,-119.75,16.215477,112.98725,2.806167427
45.68,-121.31,9.5560369,1.0994,3.655438945
42.13,-121.92,8.7200031,1.0038,3.826662177
46.43,-119.78,9.543684,1.3384,3.657803894
42.45,-121.36,8.7200031,3.72123,3.826662177
39.54,-122.08,17.725136,0.6692,2.68400707
39.54,-122.08,17.725136,0.6692,2.68400707
39.62,-119.31,16.215477,1.50092,2.806167427
37.1,-119.73,16.19442,0.6214,2.807991212
39.4,-120.88,16.815744,0.717,2.7556268
46.43,-120.18,9.543684,1.0516,3.657803894
39.45,-119.76,16.215477,1.0755,2.806167427
39.34,-119.74,16.215477,3.14046,2.806167427
39.34,-119.73,16.215477,1.58218,2.806167427
39.37,-119.75,16.215477,7.68624,2.806167427
39.34,-119.78,16.215477,5.28907,2.806167427
39.45,-119.72,16.215477,0.49473,2.806167427
39.39,-119.81,16.215477,1.57023,2.806167427
39.43,-119.71,16.215477,9.9185,2.806167427
39.33,-119.76,16.215477,1.8881,2.806167427
39.42,-119.76,16.215477,11.7349,2.806167427
39.37,-119.79,16.215477,3.38902,2.806167427
39.43,-119.77,16.215477,2.39717,2.806167427
39.4,-119.75,16.215477,52.31471,2.806167427
39.37,-119.77,16.215477,12.8104,2.806167427
39.42,-119.74,16.215477,9.50503,2.806167427
39.44,-119.73,16.215477,6.11601,2.806167427
39.4,-119.74,16.215477,38.92593,2.806167427
39.32,-119.75,16.215477,1.40054,2.806167427
39.4,-119.77,16.215477,2.64573,2.806167427
39.31,-119.7,16.215477,1.2189,2.806167427
39.31,-119.77,16.215477,0.85323,2.806167427
39.29,-119.74,16.215477,0.91298,2.806167427
39.36,-119.82,16.215477,2.64573,2.806167427
39.38,-119.84,16.215477,0.08365,2.806167427
39.41,-119.8,16.215477,1.24041,2.806167427
39.37,-119.73,16.215477,3.88375,2.806167427
45.39,-122.36,9.5483627,0.9799,3.656907622
40.38,-119.4,16.524179,13.0494,2.779831668
40.46,-119.4,16.524179,4.78478,2.779831668
40.37,-119.4,16.524179,3.75469,2.779831668
40.42,-119.41,16.524179,56.882,2.779831668
40.43,-119.39,16.524179,2.60988,2.779831668
40.36,-119.43,16.524179,4.21118,2.779831668
40.39,-119.37,16.524179,3.65431,2.779831668
40.38,-119.37,16.524179,3.65431,2.779831668
40.44,-119.43,16.524179,2.87039,2.779831668
40.44,-119.42,16.524179,3.04486,2.779831668
40.43,-119.47,16.524179,1.73992,2.779831668
40.41,-119.48,16.524179,2.34937,2.779831668
40.39,-119.45,16.524179,3.21933,2.779831668
40.37,-119.47,16.524179,6.43866,2.779831668
40.34,-119.47,16.524179,1.47941,2.779831668
40.32,-119.46,16.524179,7.30862,2.779831668
40.34,-119.41,16.524179,5.74078,2.779831668
48.67,-126.86,5.5437579,1.48658,4.79928251
48.69,-126.9,5.5437579,0.17925,4.79928251
48.68,-126.88,5.5437579,1.3862,4.79928251
48.68,-126.88,5.5437579,1.40293,4.79928251
48.68,-126.88,5.5437579,1.42205,4.79928251
48.67,-126.88,5.5437579,1.41966,4.79928251
48.67,-126.88,5.5437579,1.42444,4.79928251
48.67,-126.88,5.5437579,1.41727,4.79928251
48.67,-126.88,5.5437579,1.46746,4.79928251
48.67,-126.87,5.5437579,1.40532,4.79928251
48.67,-126.87,5.5437579,1.48897,4.79928251
48.67,-126.86,5.5437579,1.41966,4.79928251
48.67,-126.87,5.5437579,1.5774,4.79928251
48.66,-126.87,5.5437579,1.52482,4.79928251
48.67,-126.86,5.5437579,1.4818,4.79928251
48.68,-126.86,5.5437579,1.45073,4.79928251
48.68,-126.86,5.5437579,1.48897,4.79928251
48.68,-126.86,5.5437579,1.44117,4.79928251
48.68,-126.87,5.5437579,1.44356,4.79928251
48.68,-126.87,5.5437579,1.44356,4.79928251
48.68,-126.87,5.5437579,1.37903,4.79928251
48.65,-126.91,5.0980859,1.77338,5.004663351
48.66,-126.89,5.5437579,1.59174,4.79928251
48.67,-126.88,5.5437579,1.80923,4.79928251
48.67,-126.88,5.5437579,1.5535,4.79928251
48.67,-126.88,5.5437579,1.57501,4.79928251
48.67,-126.88,5.5437579,1.53438,4.79928251
48.67,-126.87,5.5437579,1.62281,4.79928251
48.67,-126.87,5.5437579,1.39576,4.79928251
48.67,-126.87,5.5437579,1.41966,4.79928251
48.67,-126.87,5.5437579,1.47702,4.79928251
48.68,-126.86,5.5437579,1.47941,4.79928251
48.65,-126.91,5.0980859,1.673,5.004663351
48.68,-126.86,5.5437579,1.46746,4.79928251
48.68,-126.86,5.5437579,1.48897,4.79928251
48.67,-126.88,5.5437579,1.5296,4.79928251
48.67,-126.88,5.5437579,1.50092,4.79928251
48.67,-126.87,5.5437579,1.53438,4.79928251
48.67,-126.87,5.5437579,1.58457,4.79928251
48.67,-126.87,5.5437579,1.59174,4.79928251
48.67,-126.87,5.5437579,1.41966,4.79928251
48.67,-126.86,5.5437579,1.4101,4.79928251
48.68,-126.86,5.5437579,1.34557,4.79928251
48.65,-126.91,5.0980859,1.58218,5.004663351
48.68,-126.86,5.5437579,1.4101,4.79928251
48.68,-126.86,5.5437579,1.434,4.79928251
48.68,-126.86,5.5437579,1.44834,4.79928251
48.68,-126.85,5.752306,1.44356,4.711481098
48.68,-126.85,5.752306,1.34796,4.711481098
48.68,-126.85,5.752306,1.2428,4.711481098
48.68,-126.85,5.752306,1.01097,4.711481098
48.68,-126.84,5.752306,1.01336,4.711481098
48.68,-126.84,5.752306,0.91776,4.711481098
48.69,-126.84,5.752306,0.99902,4.711481098
48.65,-126.9,5.0980859,1.60369,5.004663351
48.69,-126.84,5.752306,1.34557,4.711481098
48.69,-126.84,5.752306,0.87235,4.711481098
48.69,-126.83,5.752306,1.29538,4.711481098
48.69,-126.83,5.752306,1.69451,4.711481098
48.69,-126.82,5.752306,1.67061,4.711481098
48.69,-126.82,5.752306,1.70407,4.711481098
48.69,-126.82,5.752306,1.82118,4.711481098
48.7,-126.82,5.752306,1.85703,4.711481098
48.7,-126.82,5.752306,1.86898,4.711481098
48.66,-126.9,5.5437579,1.55828,4.79928251
48.7,-126.81,5.752306,1.51765,4.711481098
48.7,-126.81,5.752306,1.57262,4.711481098
48.71,-126.79,5.752306,1.46029,4.711481098
48.71,-126.79,5.752306,1.03965,4.711481098
48.66,-126.9,5.5437579,1.70407,4.79928251
48.66,-126.9,5.5437579,1.62281,4.79928251
48.66,-126.9,5.5437579,1.64432,4.79928251
48.66,-126.89,5.5437579,1.61086,4.79928251
39.4,-119.75,16.215477,132.97482,2.806167427
44.19,-123.83,9.8100004,0.8365,3.607812267
43.72,-121.29,9.5827484,5.29146,3.6503407
41.55,-122.26,8.7135773,1.4818,3.828072897
37.17,-120.07,16.19442,0.4541,2.807991212
38.72,-122.69,17.580811,3.346,2.695001374
38.72,-122.69,17.580811,3.9913,2.695001374
38.71,-122.72,17.580811,3.6806,2.695001374
38.71,-122.73,17.580811,6.453,2.695001374
38.71,-122.76,17.580811,6.692,2.695001374
38.74,-122.73,17.580811,7.8392,2.695001374
38.78,-122.68,17.580811,6.7637,2.695001374
38.75,-122.78,17.725136,7.6241,2.68400707
38.82,-122.9,17.834578,2.6529,2.675759184
38.82,-122.91,17.834578,3.9196,2.675759184
38.83,-122.9,17.834578,3.7284,2.675759184
38.83,-122.9,17.834578,5.2341,2.675759184
38.83,-122.92,17.834578,6.931,2.675759184
38.85,-122.91,17.834578,1.3862,2.675759184
43.9,-121.03,9.8749847,1.0994,3.59592171
43.87,-121.01,9.5827484,1.8881,3.6503407
43.85,-120.99,9.5827484,1.2906,3.6503407
46.73,-120.78,9.7773581,1.2667,3.613829699
42.21,-121.72,8.7200031,3.54676,3.826662177
43.54,-121.6,9.5357075,1.0994,3.659333428
39.38,-119.73,16.215477,49.19815,2.806167427
39.9,-119.1,16.215477,8.15946,2.806167427
39.6,-119.42,16.215477,2.97555,2.806167427
40.4,-119.41,16.524179,11.43376,2.779831668
39.63,-119.35,16.215477,2.39717,2.806167427
39.66,-119.17,16.215477,13.862,2.806167427
39.67,-119.34,16.215477,2.5095,2.806167427
39.67,-119.17,16.215477,6.64181,2.806167427
39.87,-119.13,16.215477,2.86322,2.806167427
39.93,-119.07,16.215477,3.71406,2.806167427
39.9,-119.06,16.215477,2.19163,2.806167427
39.64,-119.4,16.215477,1.57023,2.806167427
39.89,-119.06,16.215477,3.16675,2.806167427
39.91,-119.14,16.215477,2.98511,2.806167427
39.91,-119.06,16.215477,2.74133,2.806167427
39.93,-119.07,16.215477,3.34839,2.806167427
39.65,-119.26,16.215477,1.24041,2.806167427
39.82,-119.22,16.215477,5.61889,2.806167427
39.82,-119.92,16.524179,5.76229,2.779831668
39.84,-119.92,16.524179,2.31352,2.779831668
39.96,-119.16,16.215477,3.38902,2.806167427
39.95,-119.16,16.215477,2.49755,2.806167427
40.02,-119.22,16.215477,1.34079,2.806167427
39.67,-119.37,16.215477,2.31352,2.806167427
40.03,-119.15,16.215477,4.38087,2.806167427
40.06,-119.06,16.215477,1.32167,2.806167427
39.8,-119.01,16.215477,2.3661,2.806167427
39.8,-119.01,16.215477,2.8919,2.806167427
39.8,-119.01,16.215477,5.91764,2.806167427
45.78,-122.2,9.544672,1.3623,3.657614574
45.77,-122.19,9.544672,1.5774,3.657614574
45.77,-122.22,9.544672,1.5535,3.657614574
45.78,-122.2,9.544672,1.0516,3.657614574
45.77,-122.2,9.544672,1.9598,3.657614574
44.16,-122.24,9.8749847,1.6969,3.59592171
42.23,-121.77,8.7200031,116.02494,3.826662177
42.8,-120.1,8.7200031,1.14481,3.826662177
39.37,-119.77,16.215477,0.60945,2.806167427
42.24,-120.36,8.7200031,20.0999,3.826662177
39.38,-119.73,16.215477,155.05125,2.806167427
39.38,-119.78,16.215477,3.04486,2.806167427
39.76,-119,16.215477,3.04486,2.806167427
42.17,-122.69,8.7200031,1.2906,3.826662177
42.17,-122.69,8.7200031,1.2906,3.826662177
46.53,-122.82,9.6252508,0.9082,3.642272344
38.89,-122.79,17.725136,17.6143,2.68400707
44.76,-121.96,9.8749847,2.5095,3.59592171
44.77,-121.93,9.8749847,3.107,3.59592171
44.77,-121.93,9.8749847,3.107,3.59592171
44.76,-121.96,9.8749847,6.1901,3.59592171
44.76,-121.96,9.8749847,6.1901,3.59592171
44.75,-121.89,9.8749847,2.8919,3.59592171
44.75,-121.89,9.8749847,2.8919,3.59592171
44.76,-121.99,9.8749847,2.7963,3.59592171
44.8,-121.99,9.8749847,1.7925,3.59592171
44.8,-121.99,9.8749847,1.7925,3.59592171
44.82,-121.94,9.8749847,2.1032,3.59592171
44.82,-121.94,9.8749847,2.1032,3.59592171
44.69,-121.93,9.8749847,3.8001,3.59592171
44.69,-121.93,9.8749847,3.8001,3.59592171
44.69,-121.89,9.8749847,2.8919,3.59592171
44.69,-121.89,9.8749847,2.8919,3.59592171
44.67,-121.93,9.8749847,2.7963,3.59592171
44.67,-121.93,9.8749847,2.7963,3.59592171
44.75,-121.94,9.8749847,3.3938,3.59592171
44.73,-121.97,9.8749847,2.2944,3.59592171
44.73,-121.97,9.8749847,2.2944,3.59592171
44.69,-121.99,9.8749847,3.6089,3.59592171
37.45,-122.03,16.215477,2.0315,2.806167427
44.15,-122.12,9.8749847,2.868,3.59592171
44.15,-122.12,9.8749847,2.868,3.59592171
44.35,-122.07,9.8749847,2.4139,3.59592171
44.35,-122.07,9.8749847,3.8001,3.59592171
44.31,-122.01,9.8749847,1.6013,3.59592171
44.3,-122.01,9.8749847,1.6013,3.59592171
44.27,-121.97,9.8749847,1.88093,3.59592171
44.15,-122.04,9.8749847,0.97034,3.59592171
44.16,-122,9.8749847,1.912,3.59592171
44.46,-122.05,9.8749847,0.49951,3.59592171
44.44,-122.01,9.8749847,0.90103,3.59592171
44.42,-122.06,9.8749847,2.0315,3.59592171
44.42,-122.06,9.8749847,2.0315,3.59592171
43.3,-122.89,9.4671307,1.2667,3.672563021
43.3,-122.89,9.4671307,1.2667,3.672563021
40.39,-120.62,17.370102,16.73,2.711298034
40.51,-120.66,17.50819,1.8403,2.700584794
40.45,-120.68,17.50819,8.6996,2.700584794
40.4,-120.63,17.370102,9.7034,2.711298034
40.41,-120.66,17.370102,8.1977,2.711298034
40.4,-120.64,17.370102,12.5475,2.711298034
40.39,-120.6,17.370102,4.3498,2.711298034
40.38,-120.61,17.370102,16.73,2.711298034
40.37,-120.63,17.370102,8.16424,2.711298034
40.44,-120.64,17.370102,14.5551,2.711298034
40.43,-120.67,17.50819,10.84104,2.700584794
40.43,-120.67,17.50819,16.73,2.700584794
41.62,-120.04,18.00329,7.6002,2.663192167
38.84,-121.84,17.088528,0.6453,2.733544299
41.74,-120.08,18.00329,2.7007,2.663192167
39.46,-121.99,17.580811,0.7887,2.695001374
41.66,-119.81,18.00329,3.97457,2.663192167
38.92,-121.61,17.088528,0.6931,2.733544299
42.02,-120.3,18.00329,2.1749,2.663192167
44.84,-122.84,9.8749847,1.3145,3.59592171
41.39,-119.79,17.50819,50.05616,2.700584794
40.06,-119.16,16.215477,2.47843,2.806167427
39.99,-119.03,16.215477,4.87082,2.806167427
40,-119.19,16.215477,3.30537,2.806167427
41.38,-119.79,17.50819,146.5548,2.700584794
40.08,-119.02,16.215477,2.56208,2.806167427
41.38,-119.78,17.50819,3.07832,2.700584794
41.39,-119.79,17.50819,42.6615,2.700584794
39.96,-119.03,16.215477,1.8881,2.806167427
39.95,-119.09,16.215477,4.21596,2.806167427
40,-119.19,16.215477,3.32688,2.806167427
41.38,-119.79,17.50819,155.85668,2.700584794
39.86,-119.16,16.215477,4.04866,2.806167427
41.39,-119.78,17.50819,12.14598,2.700584794
41.39,-119.78,17.50819,3.07832,2.700584794
41.39,-119.79,17.50819,36.33756,2.700584794
41.47,-119.79,17.50819,20.81212,2.700584794
41.37,-119.8,17.50819,146.5548,2.700584794
40.23,-119,16.215477,3.63758,2.806167427
41.38,-119.79,17.50819,46.37556,2.700584794
39.98,-119.11,16.215477,2.14861,2.806167427
40.04,-119.2,16.215477,1.30494,2.806167427
40.01,-119.16,16.215477,1.82596,2.806167427
40.03,-119.04,16.215477,2.97555,2.806167427
41.39,-119.79,17.50819,4.61748,2.700584794
40.14,-119.04,16.215477,2.54535,2.806167427
39.95,-119.2,16.215477,2.06735,2.806167427
39.99,-119.29,16.215477,1.34079,2.806167427
39.92,-119.33,16.215477,4.54578,2.806167427
40.09,-119.1,16.215477,0.82694,2.806167427
40.06,-119.16,16.215477,1.95741,2.806167427
40.1,-119.04,16.215477,1.6969,2.806167427
41.38,-119.79,17.50819,3.07832,2.700584794
42,-123.76,8.7200031,0.5975,3.826662177
39.16,-119.19,16.215477,1.3623,2.806167427
39.17,-120,16.215477,1.7447,2.806167427
39.2,-119.98,16.215477,1.4101,2.806167427
39.15,-120.02,16.215477,1.8164,2.806167427
39.07,-120.03,16.215477,1.6013,2.806167427
39.1,-120.07,16.215477,1.7925,2.806167427
46.54,-122.62,9.6252508,0.5019,3.642272344
39.51,-119.77,16.215477,2.62422,2.806167427
40.42,-120.62,17.370102,5.72166,2.711298034
40.37,-120.6,17.370102,52.46528,2.711298034
40.41,-120.49,17.217102,10.73349,2.723318381
40.4,-120.47,17.217102,1.58696,2.723318381
40.41,-120.46,17.217102,2.1988,2.723318381
40.4,-120.44,17.217102,1.40293,2.723318381
38.8,-122.84,17.725136,4.38565,2.68400707
40.33,-120.41,17.217102,1.28104,2.723318381
38.78,-122.82,17.725136,7.3134,2.68400707
38.79,-122.81,17.725136,8.4606,2.68400707
38.8,-122.84,17.725136,9.6317,2.68400707
38.74,-122.7,17.580811,9.8468,2.695001374
40.38,-120.63,17.370102,1.46507,2.711298034
38.73,-122.69,17.580811,8.7713,2.695001374
40.41,-120.67,17.370102,7.01226,2.711298034
38.73,-122.7,17.580811,3.9913,2.695001374
40.46,-120.62,17.370102,4.08451,2.711298034
38.73,-122.71,17.580811,5.9272,2.695001374
38.73,-122.71,17.580811,4.3976,2.695001374
38.79,-122.83,17.725136,6.7637,2.68400707
40.41,-120.46,17.217102,2.3183,2.723318381
38.81,-122.86,17.725136,8.843,2.68400707
38.81,-122.84,17.725136,1.7686,2.68400707
38.81,-122.84,17.725136,14.3161,2.68400707
38.8,-122.86,17.725136,6.931,2.68400707
38.8,-122.85,17.725136,4.3976,2.68400707
38.89,-122.67,17.725136,6.1423,2.68400707
38.88,-122.6,17.580811,3.6806,2.695001374
38.75,-122.8,17.725136,5.3297,2.68400707
38.75,-122.8,17.725136,6.12318,2.68400707
38.75,-122.8,17.725136,4.5888,2.68400707
38.75,-122.8,17.725136,6.00368,2.68400707
38.75,-122.78,17.725136,7.52133,2.68400707
38.76,-122.78,17.725136,6.41715,2.68400707
38.74,-122.78,17.725136,10.14794,2.68400707
38.74,-122.77,17.725136,3.9674,2.68400707
38.74,-122.77,17.725136,6.34306,2.68400707
38.79,-122.82,17.725136,5.7838,2.68400707
38.73,-122.76,17.580811,4.9473,2.695001374
38.73,-122.76,17.580811,5.6882,2.695001374
38.74,-122.76,17.580811,5.43964,2.695001374
38.74,-122.76,17.580811,7.5524,2.695001374
38.74,-122.75,17.580811,8.4606,2.695001374
38.75,-122.75,17.580811,9.8468,2.695001374
38.73,-122.75,17.580811,6.692,2.695001374
38.74,-122.79,17.725136,4.6844,2.68400707
38.74,-122.79,17.725136,4.9473,2.68400707
38.73,-122.77,17.580811,3.9435,2.695001374
38.73,-122.77,17.580811,5.4731,2.695001374
38.73,-122.73,17.580811,4.7561,2.695001374
38.73,-122.73,17.580811,4.6844,2.695001374
38.78,-122.81,17.725136,5.975,2.68400707
38.79,-122.69,17.580811,5.6643,2.695001374
38.8,-122.69,17.580811,5.9511,2.695001374
38.78,-122.83,17.725136,4.8517,2.68400707
38.9,-122.63,17.725136,4.2303,2.68400707
38.92,-122.85,17.834578,4.9951,2.675759184
38.79,-122.69,17.580811,9.7512,2.695001374
38.73,-122.69,17.580811,5.3536,2.695001374
38.77,-122.84,17.725136,4.8039,2.68400707
38.77,-122.84,17.725136,5.8555,2.68400707
38.77,-122.81,17.725136,4.3737,2.68400707
38.77,-122.81,17.725136,7.2895,2.68400707
45.3,-121.77,9.5414743,2.6768,3.658227423
47.12,-120.68,9.7773581,0.9799,3.613829699
42,-121.71,8.7200031,1.7925,3.826662177
40.03,-119.01,16.215477,4.62704,2.806167427
40.02,-119.02,16.215477,4.38087,2.806167427
40.02,-119.02,16.215477,4.38087,2.806167427
40.03,-119.02,16.215477,4.4454,2.806167427
40.02,-119,16.215477,4.79434,2.806167427
40.03,-119.01,16.215477,3.34839,2.806167427
39.99,-119.04,16.215477,5.1146,2.806167427
39.99,-119.04,16.215477,5.42052,2.806167427
39.99,-119.01,16.215477,4.32351,2.806167427
39.9,-119.22,16.215477,12.60486,2.806167427
39.97,-119.25,16.215477,5.84594,2.806167427
39.9,-119.13,16.215477,4.01998,2.806167427
40.03,-119.09,16.215477,0.9082,2.806167427
39.98,-119.03,16.215477,4.20162,2.806167427
39.98,-119.02,16.215477,3.95784,2.806167427
39.37,-119.71,16.215477,2.5573,2.806167427
39.58,-119.52,16.215477,8.67809,2.806167427
39.57,-119.52,16.215477,3.05681,2.806167427
39.57,-119.54,16.215477,14.87536,2.806167427
39.57,-119.54,16.215477,30.58005,2.806167427
39.57,-119.51,16.215477,2.47843,2.806167427
39.53,-119.62,16.215477,2.8919,2.806167427
39.57,-119.55,16.215477,4.8756,2.806167427
39.58,-119.51,16.215477,3.30537,2.806167427
39.58,-119.53,16.215477,5.04051,2.806167427
39.59,-119.53,16.215477,3.30537,2.806167427
39.59,-119.49,16.215477,4.04866,2.806167427
39.58,-119.51,16.215477,4.21596,2.806167427
42.45,-121.47,8.7200031,1.9837,3.826662177
38.86,-122.89,17.834578,6.5008,2.675759184
40.6,-119.42,16.676729,0.7887,2.767088234
40.63,-119.4,16.676729,2.39,2.767088234
40.64,-119.37,16.676729,2.39,2.767088234
40.64,-119.36,16.676729,1.6969,2.767088234
40.84,-119.31,16.815744,1.0994,2.7556268
38.82,-122.8,17.725136,13.9337,2.68400707
38.85,-122.8,17.725136,2.0076,2.68400707
38.83,-122.74,17.725136,11.3525,2.68400707
38.83,-122.8,17.725136,13.862,2.68400707
38.84,-122.8,17.725136,9.4644,2.68400707
38.83,-122.81,17.725136,16.4671,2.68400707
38.83,-122.79,17.725136,13.7425,2.68400707
38.83,-122.91,17.834578,8.69721,2.675759184
38.81,-122.8,17.725136,15.774,2.68400707
38.75,-122.83,17.725136,4.2303,2.68400707
38.75,-122.83,17.725136,3.8718,2.68400707
38.79,-122.81,17.725136,5.6165,2.68400707
38.77,-122.77,17.725136,8.6279,2.68400707
38.84,-122.76,17.725136,13.862,2.68400707
38.81,-122.77,17.725136,6.7637,2.68400707
38.78,-122.67,17.580811,4.8039,2.695001374
38.86,-122.75,17.725136,5.8077,2.68400707
38.86,-122.67,17.725136,4.9712,2.68400707
38.88,-122.72,17.725136,3.0114,2.68400707
38.91,-122.68,17.725136,2.7963,2.68400707
38.82,-122.79,17.725136,10.92708,2.68400707
38.79,-122.8,17.725136,10.6355,2.68400707
38.78,-122.75,17.725136,46.3182,2.68400707
38.85,-122.78,17.725136,6.692,2.68400707
38.76,-122.82,17.725136,4.4215,2.68400707
38.76,-122.82,17.725136,6.2379,2.68400707
38.79,-122.76,17.725136,7.3373,2.68400707
38.8,-122.77,17.725136,6.1662,2.68400707
38.87,-122.81,17.725136,3.0114,2.68400707
38.93,-122.69,17.725136,9.6078,2.68400707
38.77,-122.9,17.725136,3.4655,2.68400707
38.78,-122.77,17.725136,9.6556,2.68400707
38.8,-122.77,17.725136,8.4367,2.68400707
38.8,-122.76,17.725136,5.6165,2.68400707
38.82,-122.76,17.725136,11.7827,2.68400707
38.84,-122.81,17.725136,7.6241,2.68400707
38.84,-122.78,17.725136,7.7675,2.68400707
38.86,-122.79,17.725136,3.2982,2.68400707
38.87,-122.84,17.834578,3.9913,2.675759184
38.92,-122.67,17.725136,10.3965,2.68400707
38.91,-122.63,17.725136,4.2542,2.68400707
38.93,-122.71,17.725136,7.2895,2.68400707
38.93,-122.71,17.725136,9.9902,2.68400707
38.86,-122.67,17.725136,5.3536,2.68400707
38.89,-122.69,17.725136,16.491,2.68400707
38.83,-122.63,17.580811,5.3536,2.695001374
38.89,-122.79,17.725136,6.5964,2.68400707
38.74,-122.72,17.580811,9.4166,2.695001374
38.76,-122.75,17.725136,8.77369,2.68400707
38.83,-122.87,17.834578,5.77185,2.675759184
38.7,-122.74,17.580811,3.3699,2.695001374
38.7,-122.74,17.580811,5.38706,2.695001374
38.68,-122.74,17.580811,3.52764,2.695001374
38.89,-122.64,17.725136,4.3737,2.68400707
38.99,-122.82,17.834578,8.7952,2.675759184
38.99,-122.81,17.834578,3.8957,2.675759184
38.97,-122.74,17.834578,9.50264,2.675759184
38.77,-122.63,17.580811,4.4932,2.695001374
38.94,-122.78,17.834578,8.7952,2.675759184
38.86,-122.74,17.725136,8.7474,2.68400707
38.8,-122.61,17.580811,1.7447,2.695001374
38.91,-122.64,17.725136,6.5964,2.68400707
38.87,-122.68,17.725136,7.7436,2.68400707
39.06,-122.63,17.725136,1.6013,2.68400707
38.75,-122.59,17.580811,4.5888,2.695001374
38.77,-122.95,17.834578,3.0114,2.675759184
38.91,-122.85,17.834578,8.7474,2.675759184
38.94,-122.82,17.834578,8.7952,2.675759184
38.91,-122.68,17.725136,8.0065,2.68400707
38.94,-122.86,17.834578,5.9989,2.675759184
38.93,-122.81,17.834578,3.9913,2.675759184
44.56,-122.03,9.8749847,2.6051,3.59592171
38.99,-122.64,17.725136,1.2906,2.68400707
45.91,-121.05,9.5405912,1.1233,3.658396727
44.23,-122.18,9.8749847,1.5774,3.59592171
40.7,-119.35,16.676729,1.04443,2.767088234
39.78,-119,16.215477,31.19667,2.806167427
39.76,-119.01,16.215477,14.68177,2.806167427
45.44,-121.72,9.5483627,0.9082,3.656907622
40.65,-119.37,16.676729,43.9999,2.767088234
40.65,-119.36,16.676729,2.5095,2.767088234
40.65,-119.36,16.676729,4.9951,2.767088234
40.65,-119.37,16.676729,16.2998,2.767088234
40.65,-119.37,16.676729,99.902,2.767088234
45.29,-121.71,9.5414743,1.7447,3.658227423
42.1,-119.92,18.00329,2.5095,2.663192167
45.42,-121.77,9.5483627,3.5372,3.656907622
43.71,-121.23,9.5827484,38.0966,3.6503407
43.71,-121.23,9.5827484,38.0966,3.6503407
42.19,-120.38,8.7200031,1.8403,3.826662177
45.67,-122.38,9.5560369,0.8843,3.655438945
37.24,-122.07,16.352819,2.33025,2.794358537
42.43,-121.37,8.7200031,2.0793,3.826662177
42.43,-121.37,8.7200031,4.91862,3.826662177
39.54,-119.78,16.215477,3.43204,2.806167427
47.24,-124.19,9.8133631,0.8604,3.607194078
39.34,-119.6,16.215477,4.95925,2.806167427
39.43,-119.69,16.215477,2.8919,2.806167427
39.43,-119.68,16.215477,4.29722,2.806167427
39.42,-119.67,16.215477,3.47028,2.806167427
39.4,-119.65,16.215477,2.39717,2.806167427
39.4,-119.67,16.215477,37.02588,2.806167427
39.53,-119.69,16.215477,2.06735,2.806167427
42.11,-121.87,8.7200031,2.6051,3.826662177
39.41,-119.75,16.215477,118.98854,2.806167427
40.4,-120.62,17.370102,21.749,2.711298034
38.78,-119.17,16.215477,17.47807,2.806167427
38.77,-119.15,16.215477,2.61944,2.806167427
38.78,-119.17,16.215477,6.75892,2.806167427
38.77,-119.16,16.215477,4.62704,2.806167427
38.78,-119.14,16.215477,1.82596,2.806167427
38.77,-119.13,16.215477,2.92297,2.806167427
38.77,-119.15,16.215477,5.35838,2.806167427
38.76,-119.16,16.215477,9.68189,2.806167427
38.77,-119.18,16.215477,17.53782,2.806167427
38.77,-119.17,16.215477,12.42322,2.806167427
38.75,-119.18,16.215477,11.08243,2.806167427
38.76,-119.15,16.215477,9.37836,2.806167427
38.77,-119.14,16.215477,4.38565,2.806167427
38.78,-119.13,16.215477,3.53242,2.806167427
38.78,-119.13,16.215477,3.71406,2.806167427
38.77,-119.12,16.215477,1.94785,2.806167427
38.79,-119.17,16.215477,11.14457,2.806167427
38.77,-119.16,16.215477,5.84594,2.806167427
38.79,-119.17,16.215477,11.20432,2.806167427
38.8,-119.17,16.215477,5.6643,2.806167427
38.8,-119.16,16.215477,3.65431,2.806167427
38.81,-119.17,16.215477,4.50754,2.806167427
38.81,-119.17,16.215477,2.00999,2.806167427
38.81,-119.17,16.215477,4.68918,2.806167427
38.82,-119.18,16.215477,4.20162,2.806167427
38.75,-119.19,16.215477,3.04486,2.806167427
38.74,-119.19,16.215477,1.27865,2.806167427
38.75,-119.17,16.215477,3.7762,2.806167427
38.74,-119.17,16.215477,1.52243,2.806167427
38.75,-119.14,16.215477,6.57728,2.806167427
38.76,-119.15,16.215477,6.02997,2.806167427
38.8,-119.16,16.215477,2.92297,2.806167427
38.82,-119.18,16.215477,7.91568,2.806167427
38.82,-119.19,16.215477,13.27645,2.806167427
45.77,-121.12,9.544672,1.0516,3.657614574
43.8,-122.31,9.5827484,1.9598,3.6503407
45.12,-120.85,9.68153,1.434,3.631670562
39.47,-119.63,16.215477,2.2466,2.806167427
46.62,-120.41,9.7773581,0.956,3.613829699
44.44,-122.99,9.8749847,0.5975,3.59592171
42.14,-122.73,8.7200031,1.195,3.826662177
42.36,-121.98,8.7200031,1.0038,3.826662177
39.04,-122.43,17.580811,2.5573,2.695001374
39.39,-119.72,16.215477,4.74893,2.806167427
38.91,-122.78,17.725136,5.5448,2.68400707
42.33,-120.52,8.7200031,1.6491,3.826662177
42.34,-120.52,8.7200031,2.7007,3.826662177
42.34,-120.52,8.7200031,1.8642,3.826662177
44.89,-122.69,9.8163719,1.1472,3.606641218
44.89,-122.69,9.8163719,1.1472,3.606641218
42.2,-121.73,8.7200031,3.0114,3.826662177
41.02,-119.56,17.088528,2.55491,2.733544299
46.83,-120.21,9.7773581,1.1233,3.613829699
38.93,-119.07,16.215477,1.8642,2.806167427
45.73,-122.44,9.5560369,1.0038,3.655438945
44.85,-121.83,9.8163719,2.629,3.606641218
42.24,-120.36,8.7200031,18.9766,3.826662177
42.24,-120.36,8.7200031,29.1819,3.826662177
42.01,-120.3,18.00329,2.2944,2.663192167
44.21,-121.03,9.8749847,3.5372,3.59592171
42.22,-120.35,8.7200031,79.0851,3.826662177
42.22,-120.35,8.7200031,34.0575,3.826662177
42.22,-120.34,8.7200031,7.3851,3.826662177
44.23,-120.97,9.8749847,2.3661,3.59592171
42.22,-120.36,8.7200031,23.6849,3.826662177
42.21,-120.36,8.7200031,3.7762,3.826662177
42.04,-120.31,18.00329,1.2189,2.663192167
42.04,-120.31,18.00329,4.1586,2.663192167
42.21,-120.36,8.7200031,45.2905,3.826662177
42.02,-120.3,18.00329,2.151,2.663192167
44.85,-121.83,9.8163719,2.629,3.606641218
42.37,-120.45,8.7200031,3.2026,3.826662177
45.68,-119.84,9.5560369,1.3862,3.655438945
45.7,-120.14,9.5560369,1.2906,3.655438945
45.7,-120.14,9.5560369,1.2906,3.655438945
45.7,-120.14,9.5560369,1.2906,3.655438945
44.55,-122.81,9.8749847,1.195,3.59592171
42.82,-122.94,8.0320463,1.4579,3.987175406
45.47,-121.2,9.5407829,1.3862,3.658359973
42.34,-120.54,8.7200031,1.6969,3.826662177
42.37,-120.57,8.7200031,2.9875,3.826662177
45.69,-120.13,9.5560369,2.0793,3.655438945
42.33,-120.57,8.7200031,2.39,3.826662177
42.36,-121.98,8.7200031,0.9799,3.826662177
42.33,-120.52,8.7200031,1.5774,3.826662177
43.54,-119.95,9.5357075,4.5888,3.659333428
42.33,-120.57,8.7200031,2.39,3.826662177
40.84,-127.52,0.009965586,1.2906,113.1949424
38.59,-127.27,31.536203,0.7648,2.012212035
38.32,-124.03,19.94416,1.7447,2.530291571
38.5,-124.26,20.470812,1.673,2.497531121
37.93,-123.83,20.19767,1.8881,2.514362017
37.79,-124.28,22.031677,2.0076,2.407435529
38.42,-126.14,27.247425,2.7963,2.164789688
38.43,-126.33,28.011539,2.0554,2.135059381
38.49,-126.79,29.741478,2.5812,2.072035396
38.53,-127.06,30.950256,0.6692,2.031170221
38.57,-127.21,31.244743,0.8604,2.021575498
39.03,-130,30.501097,0.5736,2.046071065
38.49,-126.72,29.393053,1.4101,2.08428016
38.59,-127.52,32.307262,0.3107,1.98805487
38.75,-128.98,30.290819,0.478,2.053160666
38.52,-127.14,30.950256,1.2667,2.031170221
38.49,-126.72,29.393053,1.4101,2.08428016
38.46,-126.48,28.539879,1.7925,2.115204588
37.47,-123.84,21.01218,1.9598,2.465147371
38,-124.89,23.57716,1.673,2.327194587
38.17,-125.47,25.24065,1.7686,2.249200525
38.4,-126.04,26.842258,1.8164,2.181066565
39.2,-121.06,16.815744,0.6931,2.7556268
40.91,-127.45,0.047450688,5.1863,51.87488974
40.91,-127.5,0.047450688,5.2341,51.87488974
40.9,-127.51,0.047450688,7.5763,51.87488974
40.9,-127.52,0.047450688,16.8973,51.87488974
40.91,-127.54,0.047450688,3.824,51.87488974
40.91,-127.45,0.047450688,4.8039,51.87488974
40.91,-127.55,0.27203998,3.2743,21.66516876
40.91,-127.56,0.27203998,9.7751,21.66516876
40.91,-127.46,0.047450688,4.2064,51.87488974
40.91,-127.47,0.047450688,3.7045,51.87488974
40.91,-127.49,0.047450688,5.4731,51.87488974
41,-127.51,0.021391379,59.6305,77.26077359
41,-127.51,0.021391379,26.6963,77.26077359
41,-127.5,0.021391379,75.9064,77.26077359
41,-127.55,0.27136731,20.3389,21.69200414
41,-127.55,0.27136731,16.013,21.69200414
41,-127.54,0.021391379,11.5198,77.26077359
41,-127.52,0.021391379,9.799,77.26077359
41,-127.52,0.021391379,17.3514,77.26077359
40.96,-127.48,0.021391379,9.9424,77.26077359
40.96,-127.49,0.021391379,9.4644,77.26077359
40.96,-127.5,0.021391379,4.9473,77.26077359
40.96,-127.52,0.021391379,3.824,77.26077359
40.96,-127.53,0.021391379,5.2341,77.26077359
40.96,-127.42,0.23963241,16.5627,23.08371298
40.96,-127.42,0.23963241,10.6116,23.08371298
40.93,-127.5,0.047450688,4.5888,51.87488974
40.94,-127.52,0.047450688,3.1787,51.87488974
40.93,-127.54,0.047450688,4.2781,51.87488974
40.93,-127.55,0.27203998,4.8756,21.66516876
40.93,-127.56,0.27203998,5.9033,21.66516876
40.94,-127.46,0.047450688,4.1586,51.87488974
40.93,-127.47,0.047450688,3.6328,51.87488974
40.93,-127.49,0.047450688,3.824,51.87488974
48.44,-128.47,1.1955065,8.0782,10.33480943
48.44,-128.47,1.1955065,11.7827,10.33480943
48.44,-128.46,1.1955065,7.0505,10.33480943
48.44,-128.45,1.3642263,7.0027,9.674649379
48.44,-128.45,1.3642263,7.0027,9.674649379
48.44,-128.44,1.3642263,6.9788,9.674649379
48.44,-128.43,1.3642263,7.2417,9.674649379
48.44,-128.42,1.3642263,7.887,9.674649379
48.44,-128.42,1.3642263,7.7914,9.674649379
48.44,-128.41,1.3642263,7.409,9.674649379
48.44,-128.4,1.3642263,8.7952,9.674649379
48.43,-128.4,1.3642263,8.8191,9.674649379
48.43,-128.39,1.3642263,9.2971,9.674649379
50.14,-130.45,0.64635819,10.5399,14.05535488
49.17,-128.25,3.9386008,4.78,5.69386887
49.12,-128.97,2.3481965,4.3259,7.374137398
50.57,-130.82,1.5733372,0.4541,9.008812288
48.46,-128.67,0.59159386,4.063,14.69151607
49.17,-128.25,3.9386008,4.8278,5.69386887
49.11,-128.96,2.3481965,4.2303,7.374137398
50.47,-130.27,0.06584172,3.4655,44.03802764
50.57,-130.83,1.5733372,0.3824,9.008812288
49.11,-128.96,2.3481965,4.6366,7.374137398
50.56,-130.84,1.5733372,0.3107,9.008812288
50.13,-130.43,0.64635819,17.6621,14.05535488
49.11,-128.96,2.3481965,4.78,7.374137398
50.56,-130.85,1.5733372,0.3585,9.008812288
49.66,-130.09,0.59459901,3.7284,14.65434301
49.18,-128.25,3.9386008,4.7322,5.69386887
49.1,-128.95,2.6050727,5.3775,7.001136089
50.55,-130.87,2.2212367,0.7887,7.581951871
49.1,-128.95,2.6050727,4.4932,7.001136089
50.55,-130.88,2.2212367,0.478,7.581951871
50.12,-130.42,0.64635819,9.1298,14.05535488
48.46,-128.64,0.8665905,12.2368,12.13868053
49.1,-128.94,2.6050727,4.8756,7.001136089
50.54,-130.89,2.2212367,0.2868,7.581951871
50.12,-130.41,0.64635819,6.1662,14.05535488
49.66,-130.07,0.59459901,12.7626,14.65434301
49.09,-128.94,2.6050727,4.4693,7.001136089
49.65,-130.06,0.68830746,6.8115,13.62031668
49.09,-128.93,2.6050727,4.1825,7.001136089
48.46,-128.62,0.8665905,10.9462,12.13868053
49.09,-128.93,2.6050727,4.4693,7.001136089
48.46,-128.61,0.8665905,32.504,12.13868053
50.14,-130.45,0.64635819,10.5399,14.05535488
50.13,-130.44,0.64635819,17.2797,14.05535488
50.13,-130.44,0.64635819,9.2254,14.05535488
50.13,-130.43,0.64635819,17.6621,14.05535488
50.12,-130.43,0.64635819,16.8256,14.05535488
50.12,-130.42,0.64635819,9.1298,14.05535488
50.12,-130.41,0.64635819,6.1662,14.05535488
50.11,-130.41,0.64635819,5.2102,14.05535488
50.11,-130.4,0.64635819,6.4291,14.05535488
49.68,-130.11,0.59459901,2.2944,14.65434301
49.67,-130.1,0.59459901,1.1711,14.65434301
49.67,-130.1,0.59459901,3.6328,14.65434301
49.66,-130.09,0.59459901,3.7284,14.65434301
49.66,-130.08,0.59459901,2.5334,14.65434301
49.66,-130.07,0.59459901,12.7626,14.65434301
49.65,-130.06,0.68830746,6.8115,13.62031668
49.65,-130.06,0.68830746,7.8153,13.62031668
49.65,-130.05,0.68830746,8.1738,13.62031668
49.64,-130.04,0.81696123,9.3927,12.50194892
49.64,-130.04,0.81696123,6.5486,12.50194892
49.64,-130.03,0.81696123,6.9788,12.50194892
49.64,-130.03,0.81696123,8.2216,12.50194892
49.63,-130.02,0.81696123,7.648,12.50194892
49.63,-130.01,0.81696123,6.4052,12.50194892
49.62,-130,0.81696123,4.4932,12.50194892
49.62,-130,0.81696123,1.9359,12.50194892
49.62,-129.99,0.81696123,5.6404,12.50194892
49.62,-129.98,0.81696123,8.7474,12.50194892
49.61,-129.98,0.81696123,4.6366,12.50194892
49.61,-129.97,0.81696123,2.39,12.50194892
49.61,-129.97,0.81696123,2.9636,12.50194892
49.6,-129.96,0.81696123,6.5008,12.50194892
49.6,-129.96,0.81696123,9.1298,12.50194892
49.6,-129.95,1.0505846,9.321,11.02460221
48.46,-128.68,0.59159386,8.3172,14.69151607
48.46,-128.67,0.59159386,4.063,14.69151607
48.46,-128.67,0.59159386,4.4215,14.69151607
48.46,-128.66,0.59159386,8.9864,14.69151607
48.46,-128.65,0.59159386,5.4731,14.69151607
48.46,-128.65,0.59159386,12.5714,14.69151607
48.46,-128.64,0.8665905,12.2368,12.13868053
48.46,-128.63,0.8665905,4.9951,12.13868053
48.46,-128.62,0.8665905,7.2417,12.13868053
48.46,-128.62,0.8665905,10.9462,12.13868053
48.46,-128.61,0.8665905,32.504,12.13868053
48.46,-128.6,0.8665905,9.4644,12.13868053
48.45,-128.59,0.8665905,3.7045,12.13868053
48.45,-128.58,0.8665905,7.9587,12.13868053
48.45,-128.57,0.8665905,3.4655,12.13868053
48.45,-128.57,0.8665905,3.7045,12.13868053
48.45,-128.56,0.8665905,3.2026,12.13868053
48.45,-128.55,0.8665905,5.5687,12.13868053
48.45,-128.53,1.1157724,4.1347,10.69770546
48.45,-128.52,1.1157724,8.0065,10.69770546
48.45,-128.52,1.1157724,9.2971,10.69770546
48.45,-128.51,1.1157724,3.2743,10.69770546
48.45,-128.5,1.1157724,3.4655,10.69770546
48.45,-128.5,1.1157724,3.6806,10.69770546
48.44,-128.49,1.1955065,4.0869,10.33480943
48.44,-128.48,1.1955065,4.3976,10.33480943
48.44,-128.47,1.1955065,8.0782,10.33480943
48.44,-128.47,1.1955065,11.7827,10.33480943
49.17,-128.25,3.9386008,4.78,5.69386887
49.17,-128.25,3.9386008,4.8278,5.69386887
49.18,-128.25,3.9386008,4.5888,5.69386887
49.18,-128.25,3.9386008,4.6366,5.69386887
49.18,-128.25,3.9386008,4.7322,5.69386887
49.12,-128.97,2.3481965,4.3259,7.374137398
49.11,-128.96,2.3481965,4.2303,7.374137398
49.11,-128.96,2.3481965,4.6366,7.374137398
49.11,-128.96,2.3481965,4.78,7.374137398
49.1,-128.95,2.6050727,5.3775,7.001136089
49.1,-128.95,2.6050727,4.4932,7.001136089
49.1,-128.94,2.6050727,4.8756,7.001136089
49.09,-128.94,2.6050727,4.4693,7.001136089
49.09,-128.93,2.6050727,4.1825,7.001136089
49.09,-128.93,2.6050727,4.4693,7.001136089
50.73,-131.12,2.265857,0.5975,7.506927034
50.73,-131.1,2.265857,0.5497,7.506927034
50.73,-131.09,2.265857,0.9799,7.506927034
50.73,-131.08,2.265857,1.5535,7.506927034
50.47,-130.28,0.06584172,5.8077,44.03802764
50.47,-130.27,0.06584172,3.4655,44.03802764
50.48,-130.26,0.06584172,3.6567,44.03802764
50.57,-130.82,1.5733372,0.4541,9.008812288
50.57,-130.83,1.5733372,0.3824,9.008812288
50.56,-130.84,1.5733372,0.3107,9.008812288
50.56,-130.85,1.5733372,0.3585,9.008812288
50.55,-130.87,2.2212367,0.7887,7.581951871
50.55,-130.88,2.2212367,0.478,7.581951871
50.54,-130.89,2.2212367,0.2868,7.581951871
49.64,-130.04,0.81696123,6.5486,12.50194892
48.46,-128.6,0.8665905,9.4644,12.13868053
48.45,-128.59,0.8665905,3.7045,12.13868053
48.45,-128.58,0.8665905,7.9587,12.13868053
49.63,-130.02,0.81696123,7.648,12.50194892
48.45,-128.57,0.8665905,3.4655,12.13868053
48.45,-128.57,0.8665905,3.7045,12.13868053
48.45,-128.56,0.8665905,3.2026,12.13868053
48.45,-128.55,0.8665905,5.5687,12.13868053
49.62,-130,0.81696123,1.9359,12.50194892
49.62,-129.98,0.81696123,8.7474,12.50194892
48.45,-128.53,1.1157724,4.1347,10.69770546
48.45,-128.52,1.1157724,8.0065,10.69770546
48.45,-128.52,1.1157724,9.2971,10.69770546
48.45,-128.51,1.1157724,3.2743,10.69770546
48.45,-128.5,1.1157724,3.4655,10.69770546
48.45,-128.5,1.1157724,3.6806,10.69770546
48.44,-128.49,1.1955065,4.0869,10.33480943
48.44,-128.48,1.1955065,4.3976,10.33480943
49.65,-130.06,0.68830746,7.8153,13.62031668
49.65,-130.05,0.68830746,8.1738,13.62031668
49.64,-130.04,0.81696123,9.3927,12.50194892
49.64,-130.03,0.81696123,6.9788,12.50194892
49.64,-130.03,0.81696123,8.2216,12.50194892
49.63,-130.01,0.81696123,6.4052,12.50194892
49.62,-130,0.81696123,4.4932,12.50194892
49.62,-129.99,0.81696123,5.6404,12.50194892
49.61,-129.98,0.81696123,4.6366,12.50194892
49.6,-129.95,1.0505846,9.321,11.02460221
50.13,-130.44,0.64635819,17.2797,14.05535488
49.18,-128.25,3.9386008,4.5888,5.69386887
50.13,-130.44,0.64635819,9.2254,14.05535488
49.18,-128.25,3.9386008,4.6366,5.69386887
50.12,-130.43,0.64635819,16.8256,14.05535488
49.66,-130.08,0.59459901,2.5334,14.65434301
50.11,-130.41,0.64635819,5.2102,14.05535488
48.36,-126.23,6.6210885,2.0793,4.391508696
48.35,-126.24,6.6210885,2.1988,4.391508696
48.35,-126.24,6.6210885,1.9598,4.391508696
48.35,-126.25,6.40137,1.9837,4.466239193
48.35,-126.25,6.40137,1.9359,4.466239193
48.34,-126.26,6.5365396,2.151,4.419819109
48.32,-126.31,6.5365396,2.4617,4.419819109
48.32,-126.33,6.5365396,1.5774,4.419819109
48.31,-126.35,6.5365396,1.8164,4.419819109
48.31,-126.37,6.2660885,2.1749,4.514193606
48.3,-126.39,6.2660885,1.8881,4.514193606
48.3,-126.42,6.2660885,2.2705,4.514193606
48.29,-126.44,6.2660885,2.2227,4.514193606
48.29,-126.46,5.9780002,2.1271,4.621686478
48.28,-126.48,5.9780002,2.9636,4.621686478
48.27,-126.5,5.9780002,2.8441,4.621686478
48.27,-126.52,5.9780002,2.8202,4.621686478
48.26,-126.55,5.7164354,2.4617,4.72624024
48.26,-126.57,5.7164354,2.1749,4.72624024
48.16,-126.61,5.7203693,2.5334,4.724614841
48.15,-126.63,5.9089842,2.6768,4.648598408
48.14,-126.64,5.9089842,2.7485,4.648598408
48.14,-126.65,5.7152658,2.7724,4.726723815
48.13,-126.66,5.7152658,2.7246,4.726723815
48.13,-126.67,5.7152658,2.9158,4.726723815
48.12,-126.68,5.7152658,3.0353,4.726723815
48.12,-126.69,5.7152658,2.868,4.726723815
48.11,-126.7,5.7152658,2.8202,4.726723815
48.11,-126.71,5.7152658,2.9636,4.726723815
48.1,-126.72,5.7152658,2.9397,4.726723815
48.09,-126.73,5.7152658,3.3699,4.726723815
48.09,-126.74,5.7152658,3.3938,4.726723815
48.08,-126.75,5.4567189,3.2504,4.837407265
48.08,-126.76,5.4567189,2.8919,4.837407265
48.07,-126.77,5.4567189,1.8642,4.837407265
48.07,-126.78,5.4567189,3.2265,4.837407265
48.56,-127.08,4.5077429,2.6051,5.322294165
48.55,-127.09,4.3637662,2.5812,5.409382684
48.55,-127.09,4.3637662,2.6768,5.409382684
48.55,-127.1,4.3637662,2.8202,5.409382684
48.55,-127.1,4.3637662,2.8202,5.409382684
48.68,-126.84,5.752306,2.1271,4.711481098
48.67,-126.86,5.5437579,2.2944,4.79928251
48.67,-126.86,5.5437579,2.1032,4.79928251
48.66,-126.87,5.5437579,2.1988,4.79928251
48.66,-126.88,5.5437579,2.3183,4.79928251
48.66,-126.89,5.5437579,2.2944,4.79928251
48.65,-126.89,5.0980859,2.5573,5.004663351
48.65,-126.9,5.0980859,2.5573,5.004663351
48.64,-126.91,5.0980859,2.2944,5.004663351
48.64,-126.92,5.0980859,2.4617,5.004663351
48.64,-126.92,5.0980859,2.2227,5.004663351
48.63,-126.93,5.0980859,2.0076,5.004663351
48.63,-126.94,5.0980859,2.0076,5.004663351
48.63,-126.95,4.8090472,2.6051,5.152866888
48.62,-126.96,4.8090472,2.4378,5.152866888
48.62,-126.96,4.8090472,2.629,5.152866888
48.61,-126.97,4.8090472,2.6051,5.152866888
48.61,-126.98,4.8090472,2.629,5.152866888
48.76,-126.67,6.336699,1.9598,4.488972082
48.74,-126.7,5.9347811,1.9359,4.6384843
48.74,-126.72,5.9347811,1.7925,4.6384843
48.73,-126.73,5.9347811,1.6013,4.6384843
48.72,-126.75,5.752306,1.9598,4.711481098
48.71,-126.76,5.752306,1.7208,4.711481098
48.71,-126.78,5.752306,2.1988,4.711481098
48.26,-126.37,6.2660885,2.2705,4.514193606
48.26,-126.38,6.2660885,2.1988,4.514193606
48.26,-126.39,6.2660885,2.2705,4.514193606
48.25,-126.39,6.2521348,2.4617,4.519228254
48.25,-126.4,6.2521348,2.2466,4.519228254
48.25,-126.41,6.2521348,2.5095,4.519228254
48.24,-126.41,6.2521348,2.5334,4.519228254
48.24,-126.42,6.2521348,2.39,4.519228254
48.24,-126.42,6.2521348,2.2705,4.519228254
48.24,-126.43,6.2521348,2.3183,4.519228254
48.23,-126.44,6.2521348,2.3661,4.519228254
48.23,-126.44,6.2521348,2.4617,4.519228254
48.23,-126.45,6.2521348,2.6051,4.519228254
48.23,-126.45,6.2521348,3.0353,4.519228254
48.22,-126.46,5.9770608,2.4139,4.622049654
48.22,-126.47,5.9770608,2.1749,4.622049654
48.22,-126.47,5.9770608,2.2466,4.622049654
48.21,-126.48,5.9770608,2.39,4.622049654
48.21,-126.48,5.9770608,2.2227,4.622049654
48.21,-126.49,5.9770608,2.1271,4.622049654
48.21,-126.5,5.9770608,1.5774,4.622049654
48.2,-126.5,5.9770608,3.0831,4.622049654
48.2,-126.51,5.9770608,1.0994,4.622049654
48.2,-126.51,5.9770608,1.6491,4.622049654
48.2,-126.52,5.9770608,1.6013,4.622049654
48.19,-126.53,5.9770608,2.2466,4.622049654
48.19,-126.53,5.9770608,2.7485,4.622049654
48.19,-126.54,5.9770608,2.8919,4.622049654
48.18,-126.54,5.9770608,2.3183,4.622049654
48.18,-126.55,5.7203693,2.868,4.724614841
48.18,-126.56,5.7203693,2.629,4.724614841
48.18,-126.56,5.7203693,2.7246,4.724614841
48.17,-126.57,5.7203693,2.6768,4.724614841
48.17,-126.57,5.7203693,2.6529,4.724614841
48.17,-126.58,5.7203693,2.7246,4.724614841
48.17,-126.59,5.7203693,3.107,4.724614841
48.42,-126.97,4.6329985,3.5133,5.249855668
48.43,-126.98,4.6329985,3.5133,5.249855668
48.43,-126.98,4.6329985,3.3938,5.249855668
48.44,-126.99,4.6329985,3.4655,5.249855668
48.44,-127,4.6329985,3.4655,5.249855668
48.45,-127,4.6428313,3.3221,5.244293529
48.45,-127.01,4.6428313,2.7963,5.244293529
48.36,-126.22,6.6210885,2.1271,4.391508696
48.56,-127.08,4.5077429,2.6051,5.322294165
48.56,-127.08,4.5077429,2.5812,5.322294165
48.55,-127.09,4.3637662,2.6768,5.409382684
48.55,-127.1,4.3637662,2.8202,5.409382684
48.68,-126.84,5.752306,2.1271,4.711481098
48.67,-126.85,5.752306,2.2944,4.711481098
48.67,-126.86,5.5437579,2.1032,4.79928251
48.67,-126.86,5.5437579,2.1988,4.79928251
48.66,-126.87,5.5437579,2.3183,4.79928251
48.66,-126.88,5.5437579,2.2944,4.79928251
48.65,-126.89,5.0980859,2.5573,5.004663351
48.65,-126.91,5.0980859,2.2944,5.004663351
48.64,-126.91,5.0980859,2.4617,5.004663351
48.64,-126.92,5.0980859,2.2227,5.004663351
48.63,-126.93,5.0980859,2.0076,5.004663351
48.63,-126.95,4.8090472,2.6051,5.152866888
48.62,-126.95,4.8090472,2.4378,5.152866888
48.62,-126.96,4.8090472,2.629,5.152866888
48.61,-126.97,4.8090472,2.6051,5.152866888
48.61,-126.98,4.8090472,2.629,5.152866888
48.76,-126.67,6.336699,1.9598,4.488972082
48.75,-126.69,5.9347811,1.9359,4.6384843
48.74,-126.71,5.9347811,1.7925,4.6384843
48.73,-126.73,5.9347811,1.6013,4.6384843
48.72,-126.74,5.9347811,1.9598,4.6384843
48.72,-126.76,5.752306,1.7208,4.711481098
48.71,-126.78,5.752306,2.1988,4.711481098
48.26,-126.37,6.2660885,2.2705,4.514193606
48.26,-126.38,6.2660885,2.1988,4.514193606
48.26,-126.38,6.2660885,2.2705,4.514193606
48.25,-126.39,6.2521348,2.4617,4.519228254
48.25,-126.39,6.2521348,2.2466,4.519228254
48.25,-126.4,6.2521348,2.5095,4.519228254
48.25,-126.41,6.2521348,2.5334,4.519228254
48.24,-126.41,6.2521348,2.39,4.519228254
48.24,-126.42,6.2521348,2.2705,4.519228254
48.24,-126.43,6.2521348,2.3183,4.519228254
48.24,-126.43,6.2521348,2.3661,4.519228254
48.23,-126.44,6.2521348,2.4617,4.519228254
48.23,-126.44,6.2521348,2.6051,4.519228254
48.23,-126.45,6.2521348,3.0353,4.519228254
48.22,-126.46,5.9770608,2.4139,4.622049654
48.22,-126.46,5.9770608,2.1749,4.622049654
48.22,-126.47,5.9770608,2.2466,4.622049654
48.22,-126.48,5.9770608,2.39,4.622049654
48.21,-126.48,5.9770608,2.2227,4.622049654
48.21,-126.49,5.9770608,2.1271,4.622049654
48.21,-126.49,5.9770608,1.5774,4.622049654
48.2,-126.5,5.9770608,3.0831,4.622049654
48.2,-126.51,5.9770608,1.0994,4.622049654
48.2,-126.51,5.9770608,1.6491,4.622049654
48.2,-126.52,5.9770608,1.6013,4.622049654
48.19,-126.52,5.9770608,2.2466,4.622049654
48.19,-126.53,5.9770608,2.7485,4.622049654
48.19,-126.54,5.9770608,2.8919,4.622049654
48.18,-126.54,5.9770608,2.3183,4.622049654
48.18,-126.55,5.7203693,2.868,4.724614841
48.18,-126.56,5.7203693,2.629,4.724614841
48.18,-126.56,5.7203693,2.7246,4.724614841
48.17,-126.57,5.7203693,2.6768,4.724614841
48.17,-126.57,5.7203693,2.6529,4.724614841
48.17,-126.58,5.7203693,2.7246,4.724614841
48.17,-126.59,5.7203693,3.107,4.724614841
48.41,-126.97,4.6329985,3.5133,5.249855668
48.42,-126.98,4.6329985,3.3938,5.249855668
48.43,-126.99,4.6329985,3.4655,5.249855668
48.44,-127,4.6329985,3.3221,5.249855668
48.45,-127.01,4.6428313,2.7963,5.244293529
48.36,-126.22,6.6210885,2.1271,4.391508696
48.36,-126.23,6.6210885,2.0793,4.391508696
48.36,-126.23,6.6210885,2.1988,4.391508696
48.35,-126.24,6.6210885,1.9598,4.391508696
48.35,-126.24,6.6210885,1.9837,4.391508696
48.35,-126.25,6.40137,1.9359,4.466239193
48.34,-126.26,6.5365396,2.151,4.419819109
48.33,-126.27,6.5365396,2.4617,4.419819109
48.33,-126.28,6.5365396,1.5774,4.419819109
48.32,-126.29,6.5365396,1.8164,4.419819109
48.32,-126.3,6.5365396,2.1749,4.419819109
48.31,-126.31,6.5365396,1.8881,4.419819109
48.29,-126.51,5.9780002,2.2705,4.621686478
48.28,-126.52,5.9780002,2.2227,4.621686478
48.28,-126.52,5.9780002,2.1271,4.621686478
48.27,-126.53,5.9780002,2.9636,4.621686478
48.27,-126.54,5.9780002,2.8441,4.621686478
48.27,-126.55,5.7164354,2.8202,4.72624024
48.26,-126.56,5.7164354,2.4617,4.72624024
48.26,-126.57,5.7164354,2.1749,4.72624024
48.16,-126.61,5.7203693,2.5334,4.724614841
48.15,-126.62,5.9089842,2.6768,4.648598408
48.15,-126.63,5.9089842,2.7485,4.648598408
48.14,-126.64,5.9089842,2.7724,4.648598408
48.14,-126.65,5.7152658,2.7246,4.726723815
48.13,-126.66,5.7152658,2.9158,4.726723815
48.12,-126.67,5.7152658,3.0353,4.726723815
48.12,-126.68,5.7152658,2.868,4.726723815
48.11,-126.69,5.7152658,2.8202,4.726723815
48.11,-126.7,5.7152658,2.9636,4.726723815
48.1,-126.72,5.7152658,2.9397,4.726723815
48.1,-126.73,5.7152658,3.3699,4.726723815
48.09,-126.74,5.7152658,3.3938,4.726723815
48.09,-126.75,5.4567189,3.2504,4.837407265
48.07,-126.77,5.4567189,1.8642,4.837407265
48.07,-126.78,5.4567189,3.2265,4.837407265
47.93,-128.85,0.66285837,3.9674,13.87931624
47.92,-128.84,0.66285837,3.5611,13.87931624
47.92,-128.84,0.66285837,2.2466,13.87931624
47.92,-128.83,0.66285837,2.7007,13.87931624
47.92,-128.82,0.66285837,2.6529,13.87931624
47.92,-128.82,0.66285837,2.7485,13.87931624
47.92,-128.81,0.66285837,2.3422,13.87931624
47.91,-128.81,0.66285837,2.1032,13.87931624
47.91,-128.8,0.66285837,2.2944,13.87931624
47.91,-128.8,0.66285837,2.7485,13.87931624
47.91,-128.79,0.66285837,3.1309,13.87931624
47.9,-128.78,0.66285837,3.9674,13.87931624
47.88,-128.73,0.91232389,5.9033,11.83052233
47.88,-128.72,0.91232389,5.4492,11.83052233
47.88,-128.71,0.91232389,5.9511,11.83052233
47.87,-128.71,0.91232389,6.214,11.83052233
47.87,-128.7,0.91232389,6.931,11.83052233
47.87,-128.7,0.91232389,6.7398,11.83052233
47.87,-128.69,0.91232389,8.5323,11.83052233
47.86,-128.68,0.91232389,6.5247,11.83052233
47.86,-128.67,0.91232389,6.931,11.83052233
47.86,-128.67,0.91232389,6.5247,11.83052233
47.86,-128.66,0.91232389,7.9587,11.83052233
47.86,-128.66,0.91232389,10.8984,11.83052233
47.85,-128.64,1.1679138,7.9826,10.45617994
47.85,-128.64,1.1679138,5.8555,10.45617994
47.85,-128.63,1.1679138,6.5725,10.45617994
47.96,-128.81,0.50150979,8.5562,15.95654039
47.96,-128.81,0.50150979,11.4242,15.95654039
47.95,-128.81,0.50150979,9.321,15.95654039
47.95,-128.81,0.50150979,9.2254,15.95654039
47.94,-128.81,0.66285837,8.6996,13.87931624
47.93,-128.83,0.66285837,7.2656,13.87931624
47.93,-128.82,0.66285837,2.6768,13.87931624
47.93,-128.82,0.66285837,3.6567,13.87931624
47.92,-128.82,0.66285837,1.7447,13.87931624
47.92,-128.83,0.66285837,4.1825,13.87931624
47.91,-128.82,0.66285837,2.7007,13.87931624
47.9,-128.83,0.66285837,2.629,13.87931624
47.9,-128.83,0.66285837,4.302,13.87931624
47.89,-128.83,0.66285837,3.3221,13.87931624
47.89,-128.83,0.66285837,2.9397,13.87931624
47.88,-128.83,0.66285837,2.7246,13.87931624
47.87,-128.83,0.66285837,2.8441,13.87931624
47.87,-128.84,0.66285837,2.9875,13.87931624
47.86,-128.84,0.66285837,6.3335,13.87931624
47.99,-128.79,0.50150979,4.9712,15.95654039
47.99,-128.8,0.50150979,4.063,15.95654039
47.98,-128.8,0.50150979,4.1108,15.95654039
47.98,-128.8,0.50150979,3.5372,15.95654039
47.97,-128.81,0.50150979,4.2303,15.95654039
47.97,-128.81,0.50150979,3.8479,15.95654039
47.97,-128.83,0.50150979,3.1309,15.95654039
47.96,-128.82,0.50150979,3.3221,15.95654039
47.94,-128.76,0.66285837,2.1749,13.87931624
47.94,-128.77,0.66285837,2.5334,13.87931624
47.95,-128.78,0.50150979,2.6529,15.95654039
47.95,-128.79,0.50150979,2.0315,15.95654039
47.95,-128.8,0.50150979,2.0315,15.95654039
47.95,-128.81,0.50150979,3.7523,15.95654039
47.96,-128.83,0.50150979,2.1988,15.95654039
47.82,-128.67,1.1115648,13.6469,10.71793332
47.83,-128.67,1.1115648,12.9538,10.71793332
47.84,-128.68,1.1115648,9.7751,10.71793332
47.84,-128.68,1.1115648,10.2053,10.71793332
47.85,-128.68,0.91232389,7.4568,11.83052233
47.86,-128.68,0.91232389,7.1222,11.83052233
47.87,-128.69,0.91232389,8.604,11.83052233
47.87,-128.69,0.91232389,6.5486,11.83052233
47.88,-128.69,0.91232389,5.9989,11.83052233
47.88,-128.7,0.91232389,6.9549,11.83052233
47.88,-128.7,0.91232389,7.2656,11.83052233
47.89,-128.7,0.91232389,6.3574,11.83052233
47.86,-128.64,1.1679138,6.4769,10.45617994
47.87,-128.64,1.1679138,6.5486,10.45617994
47.87,-128.64,1.1679138,8.5562,10.45617994
47.88,-128.65,0.91232389,5.8555,11.83052233
47.88,-128.65,0.91232389,7.3851,11.83052233
47.89,-128.65,0.91232389,7.1222,11.83052233
47.89,-128.66,0.91232389,4.9473,11.83052233
47.89,-128.66,0.91232389,9.1776,11.83052233
47.89,-128.66,0.91232389,8.6996,11.83052233
47.9,-128.66,0.91232389,9.5122,11.83052233
47.9,-128.67,0.91232389,9.2493,11.83052233
47.75,-127.22,4.6330013,3.4894,5.249854081
47.75,-127.23,4.6330013,3.346,5.249854081
47.75,-127.24,4.6330013,3.4894,5.249854081
47.76,-127.25,4.2658925,3.3938,5.47108535
47.76,-127.26,4.2658925,3.4177,5.47108535
47.76,-127.27,4.2658925,3.5133,5.47108535
47.77,-127.33,4.2658925,3.8479,5.47108535
47.78,-127.35,4.2658925,3.6806,5.47108535
47.78,-127.35,4.2658925,3.9674,5.47108535
47.78,-127.36,4.1103892,3.7762,5.573615055
47.78,-127.37,4.1103892,4.3259,5.573615055
47.79,-127.39,4.1103892,3.7045,5.573615055
47.79,-127.4,4.1103892,3.4655,5.573615055
47.84,-127.72,3.3711357,27.8196,6.154465282
47.84,-127.74,3.3711357,18.1401,6.154465282
47.84,-127.75,3.1612465,7.409,6.355493263
47.84,-127.77,3.1612465,6.0467,6.355493263
47.84,-127.77,3.1612465,5.3297,6.355493263
47.85,-127.78,2.9645884,4.6366,6.562906863
47.85,-127.79,2.9645884,5.0907,6.562906863
47.85,-127.8,2.9645884,4.9951,6.562906863
47.85,-127.81,2.9645884,5.6643,6.562906863
47.85,-127.82,2.9645884,6.0945,6.562906863
47.85,-127.82,2.9645884,6.6203,6.562906863
47.85,-127.83,2.9645884,6.1662,6.562906863
47.86,-127.84,2.9645884,6.4291,6.562906863
47.86,-127.87,2.6994836,5.0907,6.877618735
47.86,-127.91,2.6994836,5.2819,6.877618735
47.85,-127.63,3.4528952,41.6099,6.081164407
47.85,-127.64,3.4528952,8.7474,6.081164407
47.85,-127.65,3.1907601,10.994,6.326031748
47.86,-127.67,3.1907601,5.1385,6.326031748
47.86,-127.67,3.1907601,4.78,6.326031748
47.86,-127.68,3.1907601,4.0869,6.326031748
47.86,-127.7,3.1907601,4.8278,6.326031748
47.86,-127.7,3.1907601,5.8316,6.326031748
47.86,-127.71,3.1907601,7.7914,6.326031748
47.86,-127.71,3.1907601,10.516,6.326031748
47.87,-127.72,3.1907601,23.9956,6.326031748
47.87,-127.72,3.1907601,27.9391,6.326031748
47.87,-127.72,3.1907601,8.4367,6.326031748
47.87,-127.73,3.1907601,6.0467,6.326031748
47.87,-127.74,3.1907601,7.17,6.326031748
47.87,-127.74,3.1907601,7.0983,6.326031748
47.87,-127.62,3.4528952,17.208,6.081164407
47.9,-127.64,3.4528952,6.2618,6.081164407
47.91,-127.64,3.4528952,5.3775,6.081164407
47.92,-127.65,3.1907601,4.7083,6.326031748
47.92,-127.65,3.1907601,4.063,6.326031748
47.93,-127.65,3.1907601,3.7523,6.326031748
47.94,-127.66,3.1907601,3.6567,6.326031748
47.86,-127.68,3.1907601,3.6806,6.326031748
47.86,-127.68,3.1907601,4.2303,6.326031748
47.87,-127.69,3.1907601,4.6844,6.326031748
47.87,-127.69,3.1907601,5.8316,6.326031748
47.88,-127.69,3.1907601,5.8794,6.326031748
47.89,-127.7,3.1907601,5.3297,6.326031748
47.89,-127.7,3.1907601,6.7637,6.326031748
47.89,-127.7,3.1907601,8.0782,6.326031748
47.9,-127.71,3.1907601,12.2368,6.326031748
47.9,-127.71,3.1907601,23.6132,6.326031748
47.91,-127.71,3.1907601,10.2531,6.326031748
47.92,-127.71,3.1907601,6.6203,6.326031748
47.92,-127.72,3.1907601,8.126,6.326031748
47.93,-127.72,3.1907601,6.5247,6.326031748
47.94,-127.73,3.1907601,6.6203,6.326031748
47.94,-127.73,3.1907601,6.6681,6.326031748
47.95,-127.73,3.0129824,4.6605,6.509987371
47.96,-127.74,3.0129824,4.2542,6.509987371
47.96,-127.74,3.0129824,4.302,6.509987371
47.76,-127.63,3.5786738,3.8001,5.973342081
47.83,-127.66,3.3711357,5.3058,6.154465282
47.84,-127.67,3.3711357,4.6844,6.154465282
47.84,-127.67,3.3711357,5.019,6.154465282
47.85,-127.67,3.1907601,6.214,6.326031748
47.85,-127.67,3.1907601,5.0429,6.326031748
47.86,-127.68,3.1907601,4.7561,6.326031748
47.82,-127.49,3.8465323,4.9712,5.761608592
47.82,-127.49,3.8465323,4.4215,5.761608592
47.82,-127.51,3.8465323,5.1624,5.761608592
47.82,-127.52,3.8465323,3.4894,5.761608592
47.83,-127.53,3.8465323,3.1548,5.761608592
47.83,-127.54,3.8465323,3.1548,5.761608592
47.83,-127.55,3.5786738,3.824,5.973342081
47.83,-127.56,3.5786738,5.9989,5.973342081
47.84,-127.57,3.5786738,6.5725,5.973342081
47.84,-127.58,3.5786738,9.3927,5.973342081
47.84,-127.59,3.5786738,5.6643,5.973342081
47.84,-127.6,3.5786738,4.7083,5.973342081
47.84,-127.61,3.5786738,6.0467,5.973342081
47.89,-127.49,3.7126944,5.2819,5.864538504
47.91,-127.59,3.4528952,4.8995,6.081164407
47.91,-127.59,3.4528952,5.3536,6.081164407
47.72,-127.82,3.251128,4.3976,6.267024742
47.72,-127.82,3.251128,4.3259,6.267024742
47.72,-127.81,3.251128,4.1108,6.267024742
47.72,-127.8,3.251128,5.2102,6.267024742
47.71,-127.79,3.251128,6.4291,6.267024742
47.71,-127.79,3.251128,7.2178,6.267024742
47.71,-127.79,3.251128,23.2069,6.267024742
47.71,-127.78,3.251128,29.4926,6.267024742
47.71,-127.78,3.251128,11.1135,6.267024742
47.71,-127.78,3.251128,10.3726,6.267024742
47.71,-127.78,3.251128,7.4329,6.267024742
47.71,-127.77,3.251128,5.4253,6.267024742
47.71,-127.77,3.251128,5.019,6.267024742
47.71,-127.76,3.251128,4.7083,6.267024742
47.76,-127.76,3.1612465,4.2781,6.355493263
47.7,-127.75,3.251128,4.2542,6.267024742
47.7,-127.75,3.251128,3.8718,6.267024742
47.86,-127.7,3.1907601,5.1863,6.326031748
47.86,-127.7,3.1907601,5.1146,6.326031748
47.86,-127.7,3.1907601,5.8555,6.326031748
47.86,-127.71,3.1907601,7.3851,6.326031748
47.86,-127.71,3.1907601,9.3688,6.326031748
47.87,-127.72,3.1907601,13.4796,6.326031748
47.87,-127.72,3.1907601,25.4774,6.326031748
47.87,-127.72,3.1907601,23.9717,6.326031748
47.87,-127.73,3.1907601,8.0065,6.326031748
47.87,-127.73,3.1907601,5.1146,6.326031748
47.87,-127.74,3.1907601,5.1863,6.326031748
47.85,-127.73,3.1907601,6.3574,6.326031748
47.85,-127.73,3.1907601,7.0505,6.326031748
47.85,-127.72,3.1907601,10.8028,6.326031748
47.85,-127.72,3.1907601,16.3476,6.326031748
47.85,-127.72,3.1907601,11.5915,6.326031748
47.85,-127.72,3.1907601,10.3965,6.326031748
47.85,-127.72,3.1907601,8.7713,6.326031748
47.85,-127.71,3.1907601,6.0945,6.326031748
47.85,-127.7,3.1907601,4.9712,6.326031748
47.79,-127.85,3.1612465,5.258,6.355493263
47.92,-128.72,0.91232389,4.0869,11.83052233
47.92,-128.72,0.91232389,3.9196,11.83052233
47.92,-128.71,0.91232389,4.063,11.83052233
47.92,-128.71,0.91232389,4.3737,11.83052233
47.92,-128.7,0.91232389,4.0152,11.83052233
47.92,-128.7,0.91232389,5.3058,11.83052233
47.92,-128.69,0.91232389,5.6404,11.83052233
47.92,-128.69,0.91232389,6.1662,11.83052233
47.92,-128.68,0.91232389,6.5964,11.83052233
47.91,-128.67,0.91232389,6.7876,11.83052233
47.91,-128.67,0.91232389,7.0744,11.83052233
47.91,-128.66,0.91232389,7.4807,11.83052233
47.91,-128.66,0.91232389,7.8392,11.83052233
47.91,-128.65,0.91232389,8.0782,11.83052233
47.91,-128.65,0.91232389,8.2455,11.83052233
47.91,-128.64,1.1679138,8.1738,10.45617994
47.9,-128.63,1.1679138,8.604,10.45617994
47.9,-128.63,1.1679138,8.3889,10.45617994
47.9,-128.62,1.1679138,7.8153,10.45617994
47.9,-128.62,1.1679138,7.2895,10.45617994
47.9,-128.61,1.1679138,8.0304,10.45617994
47.9,-128.61,1.1679138,6.7637,10.45617994
47.9,-128.61,1.1679138,7.3612,10.45617994
47.9,-128.6,1.1679138,8.2694,10.45617994
47.9,-128.59,1.1679138,7.4329,10.45617994
47.9,-128.59,1.1679138,7.7675,10.45617994
47.9,-128.58,1.1679138,7.887,10.45617994
47.89,-128.58,1.1679138,8.5323,10.45617994
47.89,-128.57,1.1679138,14.7224,10.45617994
47.89,-128.57,1.1679138,18.7137,10.45617994
47.89,-128.57,1.1679138,11.8783,10.45617994
47.89,-128.56,1.1679138,16.6583,10.45617994
47.89,-128.56,1.1679138,18.1401,10.45617994
47.89,-128.56,1.1679138,11.9261,10.45617994
47.89,-128.55,1.1679138,9.1059,10.45617994
47.89,-128.54,1.414219,8.5562,9.502111225
47.89,-128.54,1.414219,7.7436,9.502111225
47.89,-128.54,1.414219,5.4492,9.502111225
47.89,-128.53,1.414219,4.1825,9.502111225
47.89,-128.53,1.414219,5.1863,9.502111225
47.88,-128.52,1.414219,6.2618,9.502111225
47.92,-128.52,1.414219,4.2303,9.502111225
47.92,-128.52,1.414219,4.1347,9.502111225
47.92,-128.53,1.414219,4.2781,9.502111225
47.92,-128.53,1.414219,4.302,9.502111225
47.92,-128.53,1.414219,4.8278,9.502111225
47.92,-128.54,1.414219,5.0907,9.502111225
47.92,-128.54,1.414219,5.5687,9.502111225
47.92,-128.54,1.414219,5.9033,9.502111225
47.92,-128.55,1.1679138,6.3813,10.45617994
47.92,-128.55,1.1679138,6.6442,10.45617994
47.92,-128.55,1.1679138,6.7398,10.45617994
47.92,-128.55,1.1679138,8.9386,10.45617994
47.92,-128.55,1.1679138,12.8821,10.45617994
47.93,-128.56,1.1679138,10.8267,10.45617994
47.93,-128.56,1.1679138,10.755,10.45617994
47.93,-128.56,1.1679138,9.082,10.45617994
47.93,-128.57,1.1679138,6.931,10.45617994
47.93,-128.57,1.1679138,6.8593,10.45617994
47.93,-128.57,1.1679138,7.3612,10.45617994
47.93,-128.58,1.1679138,6.1423,10.45617994
47.93,-128.58,1.1679138,5.9989,10.45617994
47.93,-128.58,1.1679138,5.736,10.45617994
47.93,-128.58,1.1679138,5.6882,10.45617994
47.93,-128.59,1.1679138,5.8555,10.45617994
47.93,-128.59,1.1679138,5.7838,10.45617994
47.93,-128.59,1.1679138,5.9272,10.45617994
47.93,-128.59,1.1679138,6.1184,10.45617994
47.93,-128.59,1.1679138,6.5486,10.45617994
47.93,-128.59,1.1679138,6.692,10.45617994
47.93,-128.59,1.1679138,6.692,10.45617994
47.93,-128.6,1.1679138,6.3335,10.45617994
47.93,-128.6,1.1679138,6.1901,10.45617994
47.93,-128.6,1.1679138,6.0945,10.45617994
47.93,-128.6,1.1679138,5.9511,10.45617994
47.93,-128.6,1.1679138,5.8555,10.45617994
47.93,-128.6,1.1679138,6.0228,10.45617994
47.93,-128.6,1.1679138,6.1662,10.45617994
47.93,-128.6,1.1679138,6.3574,10.45617994
47.93,-128.61,1.1679138,6.4052,10.45617994
47.93,-128.61,1.1679138,6.5486,10.45617994
47.93,-128.61,1.1679138,6.7159,10.45617994
47.93,-128.61,1.1679138,6.8115,10.45617994
47.93,-128.61,1.1679138,7.0266,10.45617994
47.93,-128.61,1.1679138,6.9071,10.45617994
47.93,-128.61,1.1679138,6.931,10.45617994
47.93,-128.61,1.1679138,7.1461,10.45617994
47.93,-128.61,1.1679138,7.0505,10.45617994
47.94,-128.61,1.1679138,7.0505,10.45617994
47.94,-128.62,1.1679138,6.9071,10.45617994
47.94,-128.62,1.1679138,6.7876,10.45617994
47.94,-128.62,1.1679138,6.692,10.45617994
47.94,-128.62,1.1679138,6.6203,10.45617994
47.94,-128.62,1.1679138,6.5247,10.45617994
47.94,-128.62,1.1679138,6.5725,10.45617994
47.94,-128.63,1.1679138,7.0027,10.45617994
47.94,-128.63,1.1679138,7.0027,10.45617994
47.94,-128.63,1.1679138,7.0505,10.45617994
47.94,-128.63,1.1679138,6.9549,10.45617994
47.94,-128.63,1.1679138,6.9071,10.45617994
47.94,-128.63,1.1679138,6.5008,10.45617994
47.94,-128.63,1.1679138,6.4291,10.45617994
47.94,-128.63,1.1679138,6.3096,10.45617994
47.94,-128.63,1.1679138,6.3813,10.45617994
47.94,-128.64,1.1679138,6.3335,10.45617994
47.91,-128.55,1.1679138,5.7121,10.45617994
47.91,-128.55,1.1679138,6.5247,10.45617994
47.91,-128.55,1.1679138,9.2254,10.45617994
47.91,-128.55,1.1679138,10.0619,10.45617994
47.91,-128.56,1.1679138,10.4921,10.45617994
47.91,-128.56,1.1679138,8.7952,10.45617994
47.91,-128.56,1.1679138,10.8267,10.45617994
47.91,-128.56,1.1679138,15.6306,10.45617994
47.91,-128.57,1.1679138,9.4405,10.45617994
47.91,-128.57,1.1679138,7.0744,10.45617994
47.91,-128.57,1.1679138,6.9549,10.45617994
47.91,-128.57,1.1679138,6.8593,10.45617994
47.91,-128.58,1.1679138,7.2895,10.45617994
47.91,-128.58,1.1679138,7.2895,10.45617994
47.91,-128.58,1.1679138,7.887,10.45617994
47.91,-128.59,1.1679138,8.0782,10.45617994
47.91,-128.59,1.1679138,8.0543,10.45617994
47.91,-128.59,1.1679138,7.9826,10.45617994
47.91,-128.59,1.1679138,7.6719,10.45617994
47.92,-128.6,1.1679138,7.3851,10.45617994
47.92,-128.6,1.1679138,7.3851,10.45617994
47.92,-128.6,1.1679138,7.3612,10.45617994
47.92,-128.6,1.1679138,6.5964,10.45617994
47.72,-127.79,3.251128,32.3606,6.267024742
47.71,-127.79,3.251128,56.165,6.267024742
47.72,-127.79,3.251128,73.6598,6.267024742
47.72,-127.79,3.251128,44.5735,6.267024742
47.72,-127.78,3.251128,14.2922,6.267024742
47.72,-127.78,3.251128,10.2531,6.267024742
47.72,-127.78,3.251128,9.2971,6.267024742
47.72,-127.78,3.251128,9.1298,6.267024742
47.72,-127.78,3.251128,8.2694,6.267024742
47.72,-127.78,3.251128,6.7398,6.267024742
47.73,-127.78,3.251128,6.5486,6.267024742
47.73,-127.78,3.251128,6.6681,6.267024742
47.73,-127.78,3.251128,6.4291,6.267024742
47.73,-127.78,3.251128,6.4052,6.267024742
47.73,-127.77,3.251128,6.4052,6.267024742
47.73,-127.77,3.251128,6.453,6.267024742
47.74,-127.77,3.251128,6.5008,6.267024742
47.74,-127.77,3.251128,6.9549,6.267024742
47.69,-127.76,3.251128,3.585,6.267024742
47.69,-127.76,3.251128,3.8479,6.267024742
47.69,-127.76,3.251128,3.824,6.267024742
47.69,-127.77,3.251128,3.8718,6.267024742
47.69,-127.77,3.251128,3.9196,6.267024742
47.69,-127.77,3.251128,3.9913,6.267024742
47.69,-127.78,3.251128,4.3976,6.267024742
47.69,-127.78,3.251128,4.7561,6.267024742
47.69,-127.78,3.251128,5.019,6.267024742
47.69,-127.79,3.251128,5.5209,6.267024742
47.69,-127.79,3.251128,6.7876,6.267024742
47.69,-127.79,3.251128,6.9788,6.267024742
47.69,-127.8,3.251128,6.8832,6.267024742
47.7,-127.8,3.251128,5.5926,6.267024742
47.7,-127.8,3.251128,6.0467,6.267024742
47.7,-127.81,3.251128,5.4253,6.267024742
47.7,-127.81,3.251128,4.3498,6.267024742
47.72,-127.74,3.4946105,3.8718,6.044759894
47.72,-127.75,3.251128,4.0391,6.267024742
47.72,-127.75,3.251128,4.1347,6.267024742
47.72,-127.76,3.251128,4.2303,6.267024742
47.72,-127.76,3.251128,4.3737,6.267024742
47.72,-127.77,3.251128,4.5171,6.267024742
47.72,-127.77,3.251128,4.9712,6.267024742
47.72,-127.77,3.251128,5.497,6.267024742
47.72,-127.78,3.251128,6.5008,6.267024742
47.72,-127.78,3.251128,6.5247,6.267024742
47.73,-127.78,3.251128,6.5964,6.267024742
47.73,-127.78,3.251128,6.6442,6.267024742
47.73,-127.79,3.251128,6.0228,6.267024742
47.73,-127.79,3.251128,5.5448,6.267024742
47.73,-127.79,3.251128,4.9234,6.267024742
47.73,-127.8,3.251128,4.4454,6.267024742
47.73,-127.8,3.251128,4.1825,6.267024742
47.73,-127.8,3.251128,4.4932,6.267024742
47.73,-127.81,3.251128,4.4215,6.267024742
47.73,-127.81,3.251128,4.4454,6.267024742
47.73,-127.81,3.251128,4.5888,6.267024742
47.73,-127.82,3.251128,4.302,6.267024742
47.73,-127.82,3.251128,4.1108,6.267024742
47.73,-127.73,3.4946105,3.8479,6.044759894
47.73,-127.74,3.4946105,3.8479,6.044759894
47.74,-127.74,3.4946105,3.9196,6.044759894
47.74,-127.75,3.251128,4.063,6.267024742
47.74,-127.75,3.251128,4.063,6.267024742
47.74,-127.75,3.251128,4.2781,6.267024742
47.74,-127.76,3.251128,4.78,6.267024742
47.74,-127.76,3.251128,5.258,6.267024742
47.74,-127.77,3.251128,5.5926,6.267024742
47.74,-127.77,3.251128,6.3574,6.267024742
47.74,-127.77,3.251128,6.5008,6.267024742
47.74,-127.78,3.251128,6.5008,6.267024742
47.74,-127.78,3.251128,6.2857,6.267024742
47.74,-127.78,3.251128,5.4731,6.267024742
47.74,-127.78,3.251128,4.8756,6.267024742
47.75,-127.79,3.251128,5.0429,6.267024742
47.75,-127.79,3.251128,5.2819,6.267024742
47.75,-127.8,3.251128,5.2341,6.267024742
47.75,-127.8,3.251128,5.1146,6.267024742
47.75,-127.8,3.251128,4.8995,6.267024742
47.75,-127.81,3.251128,4.8995,6.267024742
47.75,-127.81,3.251128,4.9473,6.267024742
47.75,-127.81,3.251128,4.78,6.267024742
47.75,-127.82,3.251128,4.5888,6.267024742
47.75,-127.82,3.251128,4.1108,6.267024742
47.75,-127.82,3.251128,4.0391,6.267024742
47.75,-127.83,3.251128,4.0869,6.267024742
47.69,-127.78,3.251128,4.78,6.267024742
47.69,-127.78,3.251128,5.0668,6.267024742
47.69,-127.78,3.251128,5.5687,6.267024742
47.69,-127.78,3.251128,5.7121,6.267024742
47.69,-127.79,3.251128,5.8316,6.267024742
47.69,-127.79,3.251128,6.4052,6.267024742
47.69,-127.79,3.251128,7.0266,6.267024742
47.69,-127.79,3.251128,7.3134,6.267024742
47.69,-127.8,3.251128,7.4329,6.267024742
47.69,-127.8,3.251128,6.2379,6.267024742
47.69,-127.8,3.251128,5.6165,6.267024742
47.69,-127.8,3.251128,5.5687,6.267024742
47.69,-127.81,3.251128,5.2819,6.267024742
47.69,-127.81,3.251128,4.8278,6.267024742
47.69,-127.81,3.251128,4.78,6.267024742
47.69,-127.8,3.251128,5.8555,6.267024742
47.69,-127.8,3.251128,6.4769,6.267024742
47.7,-127.79,3.251128,6.6442,6.267024742
47.7,-127.79,3.251128,6.3335,6.267024742
47.7,-127.79,3.251128,6.5008,6.267024742
47.7,-127.75,3.251128,3.4416,6.267024742
47.7,-127.75,3.251128,4.0391,6.267024742
47.7,-127.75,3.251128,3.8001,6.267024742
47.7,-127.75,3.251128,3.9913,6.267024742
47.7,-127.76,3.251128,4.2542,6.267024742
47.7,-127.76,3.251128,4.2064,6.267024742
47.7,-127.76,3.251128,4.4932,6.267024742
47.7,-127.77,3.251128,4.5888,6.267024742
47.71,-127.77,3.251128,4.8517,6.267024742
47.71,-127.77,3.251128,5.1385,6.267024742
47.71,-127.77,3.251128,5.3058,6.267024742
47.71,-127.78,3.251128,5.5926,6.267024742
47.71,-127.78,3.251128,8.1021,6.267024742
47.71,-127.78,3.251128,10.4204,6.267024742
47.71,-127.78,3.251128,23.6371,6.267024742
47.71,-127.79,3.251128,14.101,6.267024742
47.71,-127.8,3.251128,7.6002,6.267024742
47.71,-127.8,3.251128,6.0228,6.267024742
47.71,-127.8,3.251128,5.1385,6.267024742
47.71,-127.8,3.251128,5.0668,6.267024742
47.71,-127.81,3.251128,4.4932,6.267024742
47.72,-127.81,3.251128,4.5888,6.267024742
47.72,-127.81,3.251128,4.9712,6.267024742
47.72,-127.81,3.251128,3.9913,6.267024742
47.72,-127.82,3.251128,3.9913,6.267024742
47.72,-127.82,3.251128,4.2781,6.267024742
47.71,-127.77,3.251128,5.2102,6.267024742
47.71,-127.77,3.251128,5.2102,6.267024742
47.71,-127.79,3.251128,10.8506,6.267024742
47.71,-127.79,3.251128,22.2748,6.267024742
47.71,-127.78,3.251128,26.4812,6.267024742
47.71,-127.78,3.251128,18.2357,6.267024742
47.71,-127.78,3.251128,11.1852,6.267024742
47.71,-127.77,3.251128,4.8278,6.267024742
47.71,-127.76,3.251128,5.0668,6.267024742
47.71,-127.76,3.251128,4.7561,6.267024742
47.71,-127.76,3.251128,4.6605,6.267024742
47.71,-127.76,3.251128,4.5649,6.267024742
47.71,-127.76,3.251128,4.5888,6.267024742
47.72,-127.76,3.251128,4.4454,6.267024742
47.72,-127.76,3.251128,4.3976,6.267024742
47.72,-127.76,3.251128,4.3737,6.267024742
47.72,-127.76,3.251128,4.2781,6.267024742
47.72,-127.76,3.251128,4.3259,6.267024742
47.72,-127.76,3.251128,4.2542,6.267024742
47.73,-127.75,3.251128,4.2303,6.267024742
47.73,-127.75,3.251128,4.2542,6.267024742
47.73,-127.75,3.251128,4.1586,6.267024742
47.72,-127.64,3.5783212,3.2982,5.973636374
47.72,-127.64,3.5783212,3.346,5.973636374
47.72,-127.64,3.5783212,3.6567,5.973636374
47.72,-127.65,3.4946105,4.0869,6.044759894
47.72,-127.65,3.4946105,4.4215,6.044759894
47.72,-127.66,3.4946105,4.6127,6.044759894
47.72,-127.66,3.4946105,4.9951,6.044759894
47.72,-127.67,3.4946105,4.78,6.044759894
47.72,-127.68,3.4946105,4.5171,6.044759894
47.72,-127.68,3.4946105,4.9951,6.044759894
47.73,-127.69,3.4946105,6.0945,6.044759894
47.73,-127.69,3.4946105,5.5448,6.044759894
47.73,-127.7,3.4946105,4.5171,6.044759894
47.73,-127.7,3.4946105,4.2303,6.044759894
47.73,-127.7,3.4946105,4.3498,6.044759894
47.73,-127.71,3.4946105,4.2303,6.044759894
47.73,-127.71,3.4946105,4.4454,6.044759894
47.73,-127.71,3.4946105,4.2781,6.044759894
47.73,-127.72,3.4946105,4.063,6.044759894
47.73,-127.72,3.4946105,3.8479,6.044759894
47.73,-127.72,3.4946105,3.7762,6.044759894
47.71,-127.8,3.251128,5.6643,6.267024742
47.71,-127.8,3.251128,5.5926,6.267024742
47.71,-127.8,3.251128,6.1662,6.267024742
47.71,-127.8,3.251128,6.8354,6.267024742
47.71,-127.8,3.251128,8.0304,6.267024742
47.71,-127.79,3.251128,9.6317,6.267024742
47.71,-127.79,3.251128,10.8028,6.267024742
47.71,-127.79,3.251128,17.0168,6.267024742
47.71,-127.79,3.251128,22.1553,6.267024742
47.71,-127.79,3.251128,30.4008,6.267024742
47.71,-127.79,3.251128,36.4714,6.267024742
47.71,-127.79,3.251128,40.869,6.267024742
47.71,-127.79,3.251128,46.7723,6.267024742
47.71,-127.78,3.251128,29.1341,6.267024742
47.71,-127.78,3.251128,21.5578,6.267024742
47.71,-127.78,3.251128,21.988,6.267024742
47.71,-127.78,3.251128,16.8734,6.267024742
47.71,-127.78,3.251128,12.1412,6.267024742
47.71,-127.78,3.251128,9.6078,6.267024742
47.71,-127.78,3.251128,8.604,6.267024742
47.71,-127.78,3.251128,7.4807,6.267024742
47.71,-127.78,3.251128,6.453,6.267024742
47.71,-127.77,3.251128,6.0467,6.267024742
47.71,-127.77,3.251128,6.0467,6.267024742
47.72,-127.78,3.251128,7.1461,6.267024742
47.72,-127.78,3.251128,7.0266,6.267024742
47.72,-127.78,3.251128,7.7675,6.267024742
47.72,-127.78,3.251128,9.321,6.267024742
47.72,-127.78,3.251128,9.8707,6.267024742
47.72,-127.78,3.251128,10.7789,6.267024742
47.72,-127.78,3.251128,11.5915,6.267024742
47.72,-127.78,3.251128,12.6909,6.267024742
47.72,-127.79,3.251128,13.5035,6.267024742
47.7,-127.78,3.251128,6.0228,6.267024742
47.7,-127.78,3.251128,6.2857,6.267024742
47.7,-127.78,3.251128,6.4052,6.267024742
47.7,-127.78,3.251128,6.7876,6.267024742
47.7,-127.78,3.251128,6.7876,6.267024742
47.7,-127.78,3.251128,7.2178,6.267024742
47.7,-127.78,3.251128,6.9549,6.267024742
47.7,-127.78,3.251128,7.0027,6.267024742
47.7,-127.78,3.251128,7.2656,6.267024742
47.71,-127.78,3.251128,7.5763,6.267024742
47.7,-127.79,3.251128,7.8392,6.267024742
47.71,-127.79,3.251128,8.7474,6.267024742
47.71,-127.79,3.251128,10.8745,6.267024742
47.71,-127.79,3.251128,22.1314,6.267024742
47.71,-127.79,3.251128,26.5529,6.267024742
47.71,-127.79,3.251128,16.73,6.267024742
47.72,-127.79,3.251128,12.0456,6.267024742
47.72,-127.79,3.251128,9.1776,6.267024742
47.72,-127.79,3.251128,7.7197,6.267024742
47.72,-127.79,3.251128,7.0744,6.267024742
47.72,-127.79,3.251128,6.3096,6.267024742
47.72,-127.79,3.251128,6.0706,6.267024742
47.72,-127.79,3.251128,5.6404,6.267024742
47.72,-127.79,3.251128,5.9989,6.267024742
47.72,-127.79,3.251128,6.1423,6.267024742
47.72,-127.79,3.251128,7.1461,6.267024742
47.72,-127.79,3.251128,7.9348,6.267024742
47.72,-127.79,3.251128,9.6317,6.267024742
47.72,-127.79,3.251128,11.6393,6.267024742
47.72,-127.78,3.251128,13.0016,6.267024742
47.72,-127.78,3.251128,11.472,6.267024742
47.71,-127.77,3.251128,5.5926,6.267024742
47.71,-127.78,3.251128,5.7838,6.267024742
47.71,-127.78,3.251128,6.1184,6.267024742
47.71,-127.78,3.251128,6.5008,6.267024742
47.71,-127.78,3.251128,6.9788,6.267024742
47.71,-127.78,3.251128,7.887,6.267024742
47.71,-127.78,3.251128,8.9864,6.267024742
47.71,-127.78,3.251128,9.321,6.267024742
47.71,-127.78,3.251128,10.5399,6.267024742
47.71,-127.78,3.251128,12.0934,6.267024742
47.71,-127.78,3.251128,14.9375,6.267024742
47.71,-127.78,3.251128,19.7414,6.267024742
47.71,-127.78,3.251128,29.7316,6.267024742
47.71,-127.79,3.251128,31.548,6.267024742
47.71,-127.79,3.251128,20.2672,6.267024742
47.71,-127.79,3.251128,34.2487,6.267024742
47.71,-127.79,3.251128,16.8256,6.267024742
47.71,-127.79,3.251128,15.3438,6.267024742
47.71,-127.79,3.251128,10.3487,6.267024742
47.71,-127.79,3.251128,8.9147,6.267024742
47.71,-127.79,3.251128,7.7197,6.267024742
47.71,-127.8,3.251128,7.5763,6.267024742
47.71,-127.8,3.251128,6.692,6.267024742
47.71,-127.8,3.251128,6.0706,6.267024742
47.71,-127.8,3.251128,5.4492,6.267024742
47.72,-127.8,3.251128,5.3536,6.267024742
47.71,-127.8,3.251128,5.1863,6.267024742
47.72,-127.79,3.251128,8.0065,6.267024742
47.71,-127.79,3.251128,12.2607,6.267024742
47.71,-127.79,3.251128,17.4709,6.267024742
47.71,-127.78,3.251128,42.9483,6.267024742
47.71,-127.78,3.251128,23.9239,6.267024742
47.71,-127.78,3.251128,19.5263,6.267024742
47.71,-127.78,3.251128,29.9706,6.267024742
47.71,-127.78,3.251128,33.8185,6.267024742
47.71,-127.78,3.251128,26.9592,6.267024742
47.71,-127.79,3.251128,63.6218,6.267024742
47.71,-127.79,3.251128,26.8158,6.267024742
47.72,-127.78,3.251128,5.0907,6.267024742
47.72,-127.78,3.251128,5.1385,6.267024742
47.72,-127.78,3.251128,5.019,6.267024742
47.72,-127.78,3.251128,5.0907,6.267024742
47.72,-127.78,3.251128,4.9473,6.267024742
47.72,-127.78,3.251128,4.8995,6.267024742
47.72,-127.78,3.251128,4.78,6.267024742
47.72,-127.78,3.251128,5.0429,6.267024742
47.72,-127.79,3.251128,4.8039,6.267024742
47.72,-127.78,3.251128,4.9234,6.267024742
47.72,-127.78,3.251128,4.8995,6.267024742
47.72,-127.78,3.251128,4.8995,6.267024742
47.72,-127.78,3.251128,4.8039,6.267024742
47.72,-127.78,3.251128,4.78,6.267024742
47.72,-127.78,3.251128,4.8756,6.267024742
47.72,-127.78,3.251128,5.5687,6.267024742
47.72,-127.78,3.251128,5.9511,6.267024742
47.72,-127.78,3.251128,6.0228,6.267024742
47.72,-127.77,3.251128,7.3134,6.267024742
47.72,-127.79,3.251128,8.4845,6.267024742
47.72,-127.78,3.251128,9.9185,6.267024742
47.72,-127.79,3.251128,10.5399,6.267024742
47.72,-127.79,3.251128,12.6909,6.267024742
47.71,-127.79,3.251128,16.6822,6.267024742
47.71,-127.79,3.251128,23.7566,6.267024742
47.71,-127.79,3.251128,33.0059,6.267024742
47.71,-127.79,3.251128,96.4843,6.267024742
47.72,-127.79,3.251128,30.7115,6.267024742
47.93,-128.59,1.1679138,6.0228,10.45617994
47.93,-128.6,1.1679138,6.0228,10.45617994
47.93,-128.6,1.1679138,5.8794,10.45617994
47.93,-128.6,1.1679138,5.8077,10.45617994
47.93,-128.6,1.1679138,5.975,10.45617994
47.93,-128.6,1.1679138,6.214,10.45617994
47.93,-128.6,1.1679138,6.2379,10.45617994
47.93,-128.6,1.1679138,6.3574,10.45617994
47.93,-128.6,1.1679138,6.4769,10.45617994
47.93,-128.61,1.1679138,6.5486,10.45617994
47.93,-128.61,1.1679138,6.6442,10.45617994
47.94,-128.61,1.1679138,6.5725,10.45617994
47.94,-128.61,1.1679138,6.7876,10.45617994
47.94,-128.61,1.1679138,6.7159,10.45617994
47.94,-128.61,1.1679138,7.0983,10.45617994
47.94,-128.61,1.1679138,7.0505,10.45617994
47.94,-128.62,1.1679138,7.0027,10.45617994
47.94,-128.62,1.1679138,6.8832,10.45617994
47.94,-128.62,1.1679138,6.7398,10.45617994
47.94,-128.62,1.1679138,6.6681,10.45617994
47.94,-128.62,1.1679138,6.6203,10.45617994
47.94,-128.62,1.1679138,6.6442,10.45617994
47.94,-128.62,1.1679138,6.7876,10.45617994
47.94,-128.62,1.1679138,6.7876,10.45617994
47.94,-128.63,1.1679138,6.8832,10.45617994
47.94,-128.63,1.1679138,6.8832,10.45617994
47.94,-128.63,1.1679138,6.692,10.45617994
47.94,-128.63,1.1679138,6.6203,10.45617994
47.94,-128.63,1.1679138,6.5964,10.45617994
47.94,-128.63,1.1679138,6.4052,10.45617994
47.94,-128.63,1.1679138,6.3335,10.45617994
47.94,-128.63,1.1679138,6.2379,10.45617994
47.94,-128.64,1.1679138,6.3096,10.45617994
47.94,-128.64,1.1679138,6.214,10.45617994
47.94,-128.64,1.1679138,6.1184,10.45617994
47.94,-128.64,1.1679138,6.1901,10.45617994
47.94,-128.59,1.1679138,5.4492,10.45617994
47.94,-128.59,1.1679138,5.2819,10.45617994
47.94,-128.59,1.1679138,5.1146,10.45617994
47.94,-128.59,1.1679138,5.0907,10.45617994
47.94,-128.59,1.1679138,5.0907,10.45617994
47.94,-128.59,1.1679138,5.1385,10.45617994
47.94,-128.59,1.1679138,5.3297,10.45617994
47.94,-128.6,1.1679138,5.2341,10.45617994
47.94,-128.6,1.1679138,5.497,10.45617994
47.94,-128.6,1.1679138,5.4731,10.45617994
47.94,-128.6,1.1679138,5.736,10.45617994
47.94,-128.6,1.1679138,5.975,10.45617994
47.94,-128.6,1.1679138,6.0945,10.45617994
47.94,-128.6,1.1679138,6.1901,10.45617994
47.94,-128.61,1.1679138,6.3096,10.45617994
47.94,-128.61,1.1679138,6.2379,10.45617994
47.95,-128.61,0.97481376,6.1423,11.44504799
47.95,-128.61,0.97481376,6.2379,11.44504799
47.95,-128.61,0.97481376,6.2618,11.44504799
47.95,-128.61,0.97481376,6.4052,11.44504799
47.95,-128.61,0.97481376,6.453,11.44504799
47.95,-128.62,0.97481376,6.6203,11.44504799
47.95,-128.62,0.97481376,6.5964,11.44504799
47.95,-128.62,0.97481376,6.2379,11.44504799
47.95,-128.62,0.97481376,6.3096,11.44504799
47.95,-128.62,0.97481376,6.1184,11.44504799
47.95,-128.62,0.97481376,6.0228,11.44504799
47.95,-128.62,0.97481376,5.9989,11.44504799
47.95,-128.62,0.97481376,5.8316,11.44504799
47.95,-128.63,0.97481376,5.5926,11.44504799
47.95,-128.63,0.97481376,5.5926,11.44504799
47.95,-128.63,0.97481376,5.6165,11.44504799
47.95,-128.63,0.97481376,5.5687,11.44504799
47.95,-128.63,0.97481376,5.5448,11.44504799
47.95,-128.63,0.97481376,5.497,11.44504799
47.95,-128.63,0.97481376,5.497,11.44504799
47.95,-128.64,0.97481376,5.4014,11.44504799
47.95,-128.64,0.97481376,5.2341,11.44504799
47.95,-128.64,0.97481376,5.1385,11.44504799
47.95,-128.64,0.97481376,5.1863,11.44504799
47.95,-128.64,0.97481376,4.9473,11.44504799
47.95,-128.64,0.97481376,4.7561,11.44504799
47.95,-128.64,0.97481376,4.6366,11.44504799
47.95,-128.64,0.97481376,4.7083,11.44504799
47.95,-128.65,0.74019408,4.5888,13.13426093
47.95,-128.65,0.74019408,4.4932,13.13426093
47.95,-128.58,0.97481376,4.8039,11.44504799
47.95,-128.58,0.97481376,4.7322,11.44504799
47.95,-128.58,0.97481376,4.8278,11.44504799
47.95,-128.59,0.97481376,4.9234,11.44504799
47.95,-128.59,0.97481376,4.8517,11.44504799
47.95,-128.59,0.97481376,4.9951,11.44504799
47.95,-128.59,0.97481376,5.1385,11.44504799
47.95,-128.59,0.97481376,5.2819,11.44504799
47.95,-128.59,0.97481376,5.5209,11.44504799
47.95,-128.59,0.97481376,5.4253,11.44504799
47.95,-128.6,0.97481376,5.6404,11.44504799
47.95,-128.6,0.97481376,5.736,11.44504799
47.95,-128.6,0.97481376,5.9272,11.44504799
47.95,-128.6,0.97481376,5.9989,11.44504799
47.95,-128.6,0.97481376,5.9511,11.44504799
47.95,-128.6,0.97481376,5.8316,11.44504799
47.95,-128.6,0.97481376,5.7121,11.44504799
47.95,-128.61,0.97481376,5.6404,11.44504799
47.96,-128.57,0.97481376,5.258,11.44504799
47.96,-128.57,0.97481376,5.1624,11.44504799
47.96,-128.57,0.97481376,4.9951,11.44504799
47.96,-128.58,0.97481376,4.8756,11.44504799
47.96,-128.58,0.97481376,4.7561,11.44504799
47.96,-128.58,0.97481376,4.8039,11.44504799
47.96,-128.58,0.97481376,5.258,11.44504799
47.96,-128.59,0.97481376,4.9951,11.44504799
47.96,-128.59,0.97481376,4.7561,11.44504799
47.89,-128.67,0.91232389,7.8631,11.83052233
47.89,-128.67,0.91232389,8.1977,11.83052233
47.89,-128.67,0.91232389,9.1298,11.83052233
47.89,-128.68,0.91232389,8.3411,11.83052233
47.89,-128.68,0.91232389,8.2455,11.83052233
47.9,-128.69,0.91232389,7.1222,11.83052233
47.9,-128.69,0.91232389,6.6203,11.83052233
47.9,-128.69,0.91232389,6.2857,11.83052233
47.9,-128.7,0.91232389,6.5725,11.83052233
47.9,-128.7,0.91232389,5.736,11.83052233
47.9,-128.71,0.91232389,5.1146,11.83052233
47.9,-128.71,0.91232389,4.8756,11.83052233
47.9,-128.71,0.91232389,5.8077,11.83052233
47.9,-128.72,0.91232389,5.6404,11.83052233
47.9,-128.72,0.91232389,5.4014,11.83052233
47.9,-128.72,0.91232389,4.78,11.83052233
47.9,-128.73,0.91232389,5.0429,11.83052233
47.9,-128.73,0.91232389,4.3498,11.83052233
47.91,-128.74,0.91232389,3.0114,11.83052233
47.91,-128.74,0.91232389,3.2265,11.83052233
47.91,-128.75,0.66285837,3.3938,13.87931624
47.91,-128.75,0.66285837,3.7284,13.87931624
47.91,-128.76,0.66285837,4.4215,13.87931624
47.91,-128.76,0.66285837,4.3976,13.87931624
47.91,-128.76,0.66285837,2.629,13.87931624
47.91,-128.77,0.66285837,2.7246,13.87931624
47.91,-128.77,0.66285837,3.1787,13.87931624
47.91,-128.78,0.66285837,3.3699,13.87931624
47.91,-128.78,0.66285837,3.346,13.87931624
47.92,-128.78,0.66285837,2.39,13.87931624
47.92,-128.79,0.66285837,1.9837,13.87931624
47.92,-128.79,0.66285837,1.7447,13.87931624
47.92,-128.79,0.66285837,1.8881,13.87931624
47.92,-128.8,0.66285837,1.8881,13.87931624
47.92,-128.81,0.66285837,2.4378,13.87931624
47.92,-128.82,0.66285837,2.5334,13.87931624
47.92,-128.82,0.66285837,2.5573,13.87931624
47.92,-128.82,0.66285837,2.5334,13.87931624
47.92,-128.82,0.66285837,2.5334,13.87931624
47.92,-128.82,0.66285837,2.7485,13.87931624
47.92,-128.82,0.66285837,2.8441,13.87931624
47.92,-128.82,0.66285837,2.6529,13.87931624
47.92,-128.83,0.66285837,2.0315,13.87931624
47.92,-128.83,0.66285837,1.6969,13.87931624
47.92,-128.83,0.66285837,1.6491,13.87931624
47.92,-128.83,0.66285837,1.7447,13.87931624
47.92,-128.83,0.66285837,1.9837,13.87931624
47.93,-128.83,0.66285837,2.3661,13.87931624
47.93,-128.83,0.66285837,2.6768,13.87931624
47.93,-128.84,0.66285837,3.107,13.87931624
47.94,-128.57,1.1679138,6.0228,10.45617994
47.94,-128.57,1.1679138,5.6165,10.45617994
47.94,-128.58,1.1679138,5.4014,10.45617994
47.94,-128.58,1.1679138,5.258,10.45617994
47.94,-128.58,1.1679138,5.1624,10.45617994
47.94,-128.58,1.1679138,5.2341,10.45617994
47.94,-128.58,1.1679138,5.2819,10.45617994
47.94,-128.58,1.1679138,5.5209,10.45617994
47.94,-128.58,1.1679138,5.6882,10.45617994
47.94,-128.58,1.1679138,5.6882,10.45617994
47.93,-128.57,1.1679138,5.5926,10.45617994
47.86,-128.49,1.414219,9.9902,9.502111225
47.86,-128.5,1.414219,9.3927,9.502111225
47.86,-128.5,1.414219,9.2971,9.502111225
47.86,-128.51,1.414219,10.8028,9.502111225
47.86,-128.51,1.414219,10.8745,9.502111225
47.86,-128.51,1.414219,10.3009,9.502111225
47.86,-128.51,1.414219,8.6757,9.502111225
47.86,-128.52,1.414219,7.2656,9.502111225
47.86,-128.52,1.414219,7.2178,9.502111225
47.86,-128.52,1.414219,7.0027,9.502111225
47.86,-128.52,1.414219,6.6681,9.502111225
47.86,-128.53,1.414219,6.8832,9.502111225
47.86,-128.53,1.414219,7.7436,9.502111225
47.86,-128.53,1.414219,7.1222,9.502111225
47.86,-128.53,1.414219,7.9826,9.502111225
47.86,-128.54,1.414219,8.7713,9.502111225
47.86,-128.54,1.414219,7.6002,9.502111225
47.87,-128.54,1.414219,6.5964,9.502111225
47.87,-128.54,1.414219,6.3813,9.502111225
47.87,-128.55,1.1679138,6.4291,10.45617994
47.87,-128.55,1.1679138,6.7637,10.45617994
47.87,-128.55,1.1679138,7.1461,10.45617994
47.87,-128.55,1.1679138,7.4807,10.45617994
47.87,-128.56,1.1679138,7.2178,10.45617994
47.87,-128.56,1.1679138,7.3612,10.45617994
47.87,-128.56,1.1679138,7.887,10.45617994
47.87,-128.56,1.1679138,7.1461,10.45617994
47.87,-128.57,1.1679138,9.4166,10.45617994
47.87,-128.57,1.1679138,13.1928,10.45617994
47.87,-128.57,1.1679138,14.4834,10.45617994
47.87,-128.57,1.1679138,11.5437,10.45617994
47.87,-128.58,1.1679138,10.7072,10.45617994
47.87,-128.58,1.1679138,12.7148,10.45617994
47.87,-128.58,1.1679138,12.0217,10.45617994
47.87,-128.59,1.1679138,11.0657,10.45617994
47.87,-128.59,1.1679138,10.755,10.45617994
47.88,-128.59,1.1679138,9.8229,10.45617994
47.88,-128.59,1.1679138,11.0896,10.45617994
47.88,-128.6,1.1679138,11.3286,10.45617994
47.88,-128.6,1.1679138,12.7387,10.45617994
47.88,-128.6,1.1679138,11.4003,10.45617994
47.88,-128.6,1.1679138,9.6556,10.45617994
47.88,-128.61,1.1679138,9.2254,10.45617994
47.88,-128.61,1.1679138,10.8267,10.45617994
47.88,-128.61,1.1679138,8.0782,10.45617994
47.88,-128.62,1.1679138,6.7637,10.45617994
47.88,-128.62,1.1679138,6.7637,10.45617994
47.88,-128.63,1.1679138,6.692,10.45617994
47.88,-128.63,1.1679138,7.2417,10.45617994
47.89,-128.64,1.1679138,8.3411,10.45617994
47.89,-128.64,1.1679138,9.9185,10.45617994
47.89,-128.64,1.1679138,8.7952,10.45617994
47.89,-128.65,0.91232389,11.0418,11.83052233
47.89,-128.65,0.91232389,9.5839,11.83052233
47.89,-128.66,0.91232389,7.4329,11.83052233
47.89,-128.66,0.91232389,7.4807,11.83052233
47.92,-128.79,0.66285837,2.0315,13.87931624
47.92,-128.79,0.66285837,2.0315,13.87931624
47.92,-128.8,0.66285837,2.0076,13.87931624
47.92,-128.8,0.66285837,1.9598,13.87931624
47.92,-128.81,0.66285837,1.9598,13.87931624
47.92,-128.81,0.66285837,2.1988,13.87931624
47.92,-128.81,0.66285837,2.4617,13.87931624
47.92,-128.81,0.66285837,2.3422,13.87931624
47.92,-128.81,0.66285837,2.7007,13.87931624
47.92,-128.81,0.66285837,2.7246,13.87931624
47.75,-127.71,3.4946105,3.9196,6.044759894
47.75,-127.72,3.4946105,3.7762,6.044759894
47.75,-127.72,3.4946105,3.585,6.044759894
47.75,-127.72,3.4946105,3.585,6.044759894
47.76,-127.72,3.3711357,3.7045,6.154465282
47.76,-127.73,3.3711357,3.7523,6.154465282
47.76,-127.73,3.3711357,3.7762,6.154465282
47.76,-127.73,3.3711357,3.824,6.154465282
47.76,-127.73,3.3711357,3.7284,6.154465282
47.76,-127.74,3.3711357,3.8718,6.154465282
47.76,-127.74,3.3711357,4.0391,6.154465282
47.76,-127.74,3.3711357,4.3498,6.154465282
47.76,-127.74,3.3711357,4.6605,6.154465282
47.76,-127.75,3.1612465,4.8756,6.355493263
47.76,-127.75,3.1612465,5.258,6.355493263
47.76,-127.75,3.1612465,6.0945,6.355493263
47.76,-127.75,3.1612465,6.7637,6.355493263
47.76,-127.76,3.1612465,7.7914,6.355493263
47.76,-127.76,3.1612465,8.1977,6.355493263
47.76,-127.76,3.1612465,7.648,6.355493263
47.76,-127.77,3.1612465,7.0983,6.355493263
47.76,-127.77,3.1612465,6.1184,6.355493263
47.76,-127.77,3.1612465,5.8555,6.355493263
47.77,-127.77,3.1612465,5.8555,6.355493263
47.77,-127.78,3.1612465,5.6165,6.355493263
47.77,-127.78,3.1612465,5.4731,6.355493263
47.77,-127.78,3.1612465,5.3058,6.355493263
47.77,-127.78,3.1612465,5.2341,6.355493263
47.77,-127.79,3.1612465,5.0907,6.355493263
47.77,-127.79,3.1612465,4.7083,6.355493263
47.77,-127.79,3.1612465,4.7322,6.355493263
47.77,-127.7,3.3711357,4.9712,6.154465282
47.77,-127.7,3.3711357,4.9234,6.154465282
47.77,-127.7,3.3711357,4.8278,6.154465282
47.77,-127.7,3.3711357,4.8995,6.154465282
47.77,-127.71,3.3711357,4.8995,6.154465282
47.77,-127.71,3.3711357,4.7322,6.154465282
47.77,-127.71,3.3711357,4.2064,6.154465282
47.77,-127.71,3.3711357,4.2542,6.154465282
47.77,-127.72,3.3711357,4.302,6.154465282
47.77,-127.72,3.3711357,4.3498,6.154465282
47.77,-127.72,3.3711357,4.5649,6.154465282
47.77,-127.72,3.3711357,4.541,6.154465282
47.78,-127.73,3.3711357,4.6844,6.154465282
47.78,-127.73,3.3711357,4.8278,6.154465282
47.78,-127.73,3.3711357,4.7083,6.154465282
47.78,-127.73,3.3711357,4.6844,6.154465282
47.78,-127.73,3.3711357,4.7322,6.154465282
47.78,-127.73,3.3711357,4.7322,6.154465282
47.78,-127.73,3.3711357,4.7322,6.154465282
47.78,-127.73,3.3711357,5.0668,6.154465282
47.78,-127.74,3.3711357,4.8517,6.154465282
47.78,-127.74,3.3711357,5.1385,6.154465282
47.78,-127.74,3.3711357,5.4731,6.154465282
47.78,-127.74,3.3711357,6.0706,6.154465282
47.78,-127.74,3.3711357,6.6681,6.154465282
47.78,-127.74,3.3711357,7.17,6.154465282
47.78,-127.74,3.3711357,7.5285,6.154465282
47.78,-127.75,3.1612465,7.9826,6.355493263
47.78,-127.75,3.1612465,8.1499,6.355493263
47.78,-127.75,3.1612465,8.1738,6.355493263
47.78,-127.75,3.1612465,8.5801,6.355493263
47.78,-127.75,3.1612465,8.7235,6.355493263
47.78,-127.75,3.1612465,8.6518,6.355493263
47.78,-127.75,3.1612465,8.6279,6.355493263
47.78,-127.76,3.1612465,8.6279,6.355493263
47.78,-127.76,3.1612465,8.2455,6.355493263
47.78,-127.76,3.1612465,7.7675,6.355493263
47.78,-127.76,3.1612465,7.6241,6.355493263
47.78,-127.76,3.1612465,7.887,6.355493263
47.78,-127.76,3.1612465,7.0744,6.355493263
47.78,-127.76,3.1612465,6.6442,6.355493263
47.78,-127.77,3.1612465,5.8077,6.355493263
47.78,-127.77,3.1612465,5.497,6.355493263
47.79,-127.77,3.1612465,5.4731,6.355493263
47.79,-127.77,3.1612465,5.4014,6.355493263
47.79,-127.78,3.1612465,5.1385,6.355493263
47.79,-127.78,3.1612465,4.9473,6.355493263
47.79,-127.78,3.1612465,4.8039,6.355493263
47.79,-127.78,3.1612465,4.6127,6.355493263
47.79,-127.79,3.1612465,4.6127,6.355493263
47.79,-127.79,3.1612465,4.5649,6.355493263
47.79,-127.79,3.1612465,4.6366,6.355493263
47.79,-127.79,3.1612465,4.8278,6.355493263
47.79,-127.8,3.1612465,4.9473,6.355493263
47.79,-127.8,3.1612465,4.6605,6.355493263
47.76,-127.75,3.1612465,4.7561,6.355493263
47.76,-127.75,3.1612465,5.1863,6.355493263
47.76,-127.75,3.1612465,5.9272,6.355493263
47.76,-127.75,3.1612465,6.1184,6.355493263
47.76,-127.75,3.1612465,6.5247,6.355493263
47.76,-127.76,3.1612465,7.3612,6.355493263
47.76,-127.76,3.1612465,7.648,6.355493263
47.76,-127.76,3.1612465,8.0782,6.355493263
47.76,-127.76,3.1612465,8.126,6.355493263
47.76,-127.76,3.1612465,8.4367,6.355493263
47.76,-127.76,3.1612465,8.3411,6.355493263
47.76,-127.76,3.1612465,7.8153,6.355493263
47.76,-127.76,3.1612465,7.5524,6.355493263
47.76,-127.77,3.1612465,7.0266,6.355493263
47.76,-127.77,3.1612465,6.6442,6.355493263
47.76,-127.77,3.1612465,6.1423,6.355493263
47.76,-127.77,3.1612465,5.6882,6.355493263
47.76,-127.77,3.1612465,5.6165,6.355493263
47.77,-127.77,3.1612465,5.975,6.355493263
47.77,-127.77,3.1612465,5.8794,6.355493263
47.77,-127.77,3.1612465,5.736,6.355493263
47.77,-127.79,3.1612465,5.2102,6.355493263
47.77,-127.79,3.1612465,4.9473,6.355493263
47.77,-127.79,3.1612465,4.5888,6.355493263
47.77,-127.8,3.1612465,4.6127,6.355493263
47.77,-127.8,3.1612465,4.3259,6.355493263
47.77,-127.8,3.1612465,4.3259,6.355493263
47.77,-127.8,3.1612465,4.7561,6.355493263
47.77,-127.81,3.1612465,4.302,6.355493263
47.77,-127.81,3.1612465,4.3498,6.355493263
47.77,-127.81,3.1612465,4.3976,6.355493263
47.77,-127.81,3.1612465,4.4693,6.355493263
49.83,-120.83,9.2849312,1.8403,3.70842157
49.83,-120.8,9.2849312,1.9359,3.70842157
49.82,-120.71,9.2849312,1.673,3.70842157
49.84,-120.61,9.2849312,1.8164,3.70842157
49.71,-120.44,9.2849312,1.8881,3.70842157
49.74,-120.41,9.2849312,1.6252,3.70842157
49.78,-120.49,9.2849312,1.6252,3.70842157
49.81,-120,9.2849312,1.912,3.70842157
49.67,-119.25,9.2849312,1.6013,3.70842157
49.7,-119.21,9.2849312,1.7686,3.70842157
49.73,-119.16,9.2849312,1.6491,3.70842157
49.79,-119.1,9.2849312,1.9359,3.70842157
49.96,-119.79,9.2849312,1.9359,3.70842157
49.57,-119.65,9.2849312,1.7447,3.70842157
49.01,-128.54,2.9651117,5.607896,6.562327707
49.01,-128.54,2.9651117,5.607896,6.562327707
48.33,-129.5,1.0923868,6.028536,10.81160627
48.71,-129.33,1.0676979,6.539279,10.93589292
48.81,-128.53,1.6490558,8.101383,8.799556169
48.7,-128.64,0.59841609,4.42628,14.60753086
48.82,-128.75,0.68546021,2.102961,13.64857525
48.82,-128.75,0.68546021,2.102961,13.64857525
48.82,-128.75,0.68546021,2.102961,13.64857525
48.33,-128.65,0.80387408,6.128677,12.60330455
48.36,-128.57,1.033847,7.17,11.11348602
48.39,-128.44,1.3642263,6.509165,9.674649379
48.36,-128.25,1.6470286,6.569154,8.80496985
48.48,-128.27,1.6329716,7.690781,8.842786257
48.46,-128.45,1.3784287,10.354675,9.6246798
48.46,-128.56,0.8665905,10.114241,12.13868053
48.46,-128.67,0.59159386,8.111421,14.69151607
48.46,-128.67,0.59159386,8.111421,14.69151607
48.46,-128.67,0.59159386,8.111421,14.69151607
48.45,-128.81,0.34311613,12.617766,19.29113926
48.45,-128.81,0.34311613,12.617766,19.29113926
48.45,-128.81,0.34311613,12.617766,19.29113926
48.47,-128.99,0.2075969,8.762457,24.80093257
48.47,-129.08,0.41323298,4.836882,17.5784653
48.47,-129.22,0.6946314,7.630792,13.55817508
48.55,-129.45,1.1500742,5.677923,10.53696441
48.53,-129.34,0.93639433,5.607896,11.67747795
48.55,-129.23,0.6946314,4.616524,13.55817508
48.55,-128.93,0.15120271,10.0141,29.06020382
48.55,-128.67,0.59159386,2.503525,14.69151607
48.55,-128.67,0.59159386,2.503525,14.69151607
48.55,-128.67,0.59159386,2.503525,14.69151607
48.56,-128.69,0.44956386,8.612126,16.85321448
48.56,-128.69,0.44956386,8.612126,16.85321448
48.56,-128.69,0.44956386,8.612126,16.85321448
48.56,-128.54,0.96464723,4.546497,11.50520027
48.57,-128.39,1.2363625,8.411844,10.16261637
48.56,-128.28,1.5076998,7.06006,9.202821636
48.64,-128.26,1.5076998,4.756817,9.202821636
48.67,-128.43,1.2233963,3.895461,10.21632881
48.66,-128.5,0.88008928,5.42769,12.04522947
48.65,-128.68,0.44956386,5.207332,16.85321448
48.65,-128.68,0.44956386,5.207332,16.85321448
48.65,-128.68,0.44956386,5.207332,16.85321448
48.64,-129.47,1.3595402,5.357663,9.691308458
48.72,-129.49,1.4873363,4.095743,9.265606553
48.82,-129.51,1.4191555,7.350445,9.485570389
49.03,-129.49,0.30543268,9.903921,20.44658075
49.03,-129.36,0.60623562,3.224588,14.51301748
49.03,-129.21,1.1776359,3.705217,10.41292943
49,-129.12,1.4348531,3.224588,9.433540609
49.01,-128.83,2.2600608,2.934203,7.516547082
49.03,-128.69,2.5147243,3.965488,7.125793854
49.01,-128.41,3.2341127,3.905499,6.283489137
49.01,-128.41,3.2341127,3.905499,6.283489137
49.02,-128.27,3.4966569,5.607896,6.042990803
49.02,-128.27,3.4966569,5.607896,6.042990803
49.09,-128.26,3.8800023,4.205922,5.736704133
49.09,-128.26,3.8800023,4.205922,5.736704133
48.47,-129.4,1.1500742,14.280011,10.53696441
48.34,-128.97,0.12862568,2.733921,31.50754764
48.36,-128.81,0.53057241,7.841112,15.51336862
48.54,-129.08,0.41323298,10.114241,17.5784653
48.65,-129.08,0.54729426,5.607896,15.27453496
48.63,-129,0.29284939,7.570564,20.88123984
48.69,-129.08,0.52265346,1.091513,15.63045169
48.8,-129.11,0.14601907,5.708037,29.57152043
48.91,-129.07,0.62740594,4.957099,14.26606277
48.83,-128.94,0.31936482,3.264501,19.99562146
48.71,-128.91,0.24071789,6.579192,23.03160796
48.7,-128.76,0.14280756,3.104371,29.90217949
48.7,-128.76,0.14280756,3.104371,29.90217949
48.7,-128.76,0.14280756,3.104371,29.90217949
48.82,-128.79,0.68546021,3.504935,13.64857525
48.82,-128.79,0.68546021,3.504935,13.64857525
48.82,-128.79,0.68546021,3.504935,13.64857525
49,-128.92,2.0014477,3.915537,7.987416305
49.07,-128.92,2.6050727,5.908319,7.001136089
49.07,-128.92,2.6050727,5.908319,7.001136089
48.89,-128.94,1.2405514,8.201524,10.14544409
48.89,-128.8,1.5536753,4.205922,9.065636737
48.89,-128.8,1.5536753,4.205922,9.065636737
48.89,-128.8,1.5536753,4.205922,9.065636737
48.9,-128.7,1.8434017,3.504935,8.322780705
48.9,-128.7,1.8434017,3.504935,8.322780705
48.9,-128.7,1.8434017,3.504935,8.322780705
48.72,-128.25,1.5736516,4.776654,9.007912308
48.71,-128.4,1.2233963,3.765206,10.21632881
48.71,-128.54,0.88008928,6.308883,12.04522947
48.7,-128.67,0.33493531,2.102961,19.52531172
48.7,-128.67,0.33493531,2.102961,19.52531172
48.7,-128.67,0.33493531,2.102961,19.52531172
48.65,-129.22,0.81750315,9.583422,12.49780448
48.64,-129.3,1.0900034,7.500537,10.82342014
48.71,-129.19,0.7853657,8.38173,12.75094811
48.8,-129.22,0.54567164,4.826844,15.29722843
48.9,-129.19,0.37818527,11.01551,18.37494885
48.82,-129.32,0.79428655,7.140125,12.67914123
48.91,-129.43,0.2667374,6.188666,21.87945434
48.91,-129.31,0.1802076,4.686551,26.61900955
49.08,-129.46,1.125061,5.307473,10.65345335
49.08,-129.46,1.125061,5.307473,10.65345335
49.08,-129.35,1.6374265,4.806768,8.830748905
49.08,-129.35,1.6374265,4.806768,8.830748905
49.18,-129.49,1.7575538,4.606486,8.523620976
49.18,-129.49,1.7575538,4.606486,8.523620976
49.17,-129.33,2.1800005,9.713677,7.653324837
49.17,-129.33,2.1800005,9.713677,7.653324837
49.19,-129.21,2.3781426,6.409024,7.327561923
49.19,-129.21,2.3781426,6.409024,7.327561923
49.09,-129.2,1.8879606,5.207332,8.223978762
49.09,-129.2,1.8879606,5.207332,8.223978762
49.08,-129.06,2.1360242,7.410434,7.731706492
49.08,-129.06,2.1360242,7.410434,7.731706492
49.19,-129.06,2.577539,4.806768,7.038430408
49.19,-129.06,2.577539,4.806768,7.038430408
49.2,-128.95,3.0559139,8.712267,6.464097323
49.2,-128.95,3.0559139,8.712267,6.464097323
49.19,-128.81,3.1512382,10.715087,6.365577753
49.19,-128.81,3.1512382,10.715087,6.365577753
49.1,-128.79,2.8598702,6.509165,6.681981706
49.1,-128.79,2.8598702,6.509165,6.681981706
48.82,-128.67,1.0121025,2.102961,11.23223535
48.82,-128.67,1.0121025,2.102961,11.23223535
48.82,-128.67,1.0121025,2.102961,11.23223535
48.9,-128.53,2.3829148,7.650868,7.320220889
48.92,-128.4,2.6493433,3.574962,6.942395076
48.91,-128.26,2.8614984,4.546497,6.680080403
48.81,-128.24,2.5568075,7.099973,7.06690784
48.81,-128.41,1.9969267,7.029946,7.996452864
48.65,-128.78,0.16636826,3.304653,27.70404642
48.65,-128.78,0.16636826,3.304653,27.70404642
48.65,-128.78,0.16636826,3.304653,27.70404642
49.08,-128.72,3.0358994,5.207332,6.485369956
49.08,-128.72,3.0358994,5.207332,6.485369956
49.08,-128.72,3.0358994,5.207332,6.485369956
49.19,-128.72,3.2810533,12.918189,6.238379644
49.19,-128.72,3.2810533,12.918189,6.238379644
49.19,-128.72,3.2810533,12.918189,6.238379644
49.18,-128.54,3.5768967,7.210152,5.974825756
49.18,-128.54,3.5768967,7.210152,5.974825756
49.18,-128.43,3.8025918,5.507755,5.794801846
49.18,-128.43,3.8025918,5.507755,5.794801846
49.18,-128.26,3.9386008,4.606486,5.69386887
49.18,-128.26,3.9386008,4.606486,5.69386887
49.07,-128.55,3.3163073,4.00564,6.205132507
49.07,-128.55,3.3163073,4.00564,6.205132507
49.07,-128.55,3.3163073,4.00564,6.205132507
49.09,-128.55,3.3163073,5.107191,6.205132507
49.09,-128.55,3.3163073,5.107191,6.205132507
48.72,-128.39,1.2233963,3.685141,10.21632881
48.7,-128.56,0.59841609,4.676513,14.60753086
48.71,-128.61,0.59841609,9.753829,14.60753086
48.71,-128.52,0.88008928,15.942495,12.04522947
48.89,-128.3,2.8614984,1.673,6.680080403
50.26,-128.82,2.7159307,1.4101,6.856762412
50.48,-129.53,1.2588239,1.8403,10.07154166
50.18,-129.38,1.5338509,2.151,9.124033491
50.45,-129.81,1.0826941,2.5095,10.8598933
50.32,-129.74,0.80569011,3.2265,12.58909257
50.33,-129.73,0.80569011,2.8441,12.58909257
50.33,-129.72,0.80569011,2.9875,12.58909257
50.33,-129.71,0.80569011,2.6768,12.58909257
50.33,-129.7,0.80569011,3.0353,12.58909257
50.34,-129.7,0.80569011,2.6529,12.58909257
50.34,-129.69,0.80569011,2.9158,12.58909257
50.33,-129.74,0.80569011,3.0831,12.58909257
50.35,-129.65,1.0622153,2.8919,10.96407928
50.31,-129.75,0.80569011,3.2026,12.58909257
50.3,-129.79,0.54671323,2.6051,15.28264946
50.29,-129.79,0.54671323,2.629,15.28264946
50.28,-129.8,0.54671323,2.8202,15.28264946
50.26,-129.83,0.54671323,2.6529,15.28264946
50.25,-129.85,0.72064608,2.5095,13.31120676
50.25,-129.86,0.57892931,2.4139,14.85134116
50.47,-129.69,1.2723374,2.2705,10.01791395
50.44,-129.73,1.0622153,2.7963,10.96407928
50.41,-129.8,0.7868275,3.107,12.73909799
50.4,-129.83,0.7868275,3.0114,12.73909799
50.52,-129.47,1.2588239,1.4579,10.07154166
50.53,-129.45,1.2588239,1.3862,10.07154166
50.59,-129.36,1.3816251,0.5497,9.613539969
50.34,-129.11,1.7557638,1.8881,8.527964782
50.39,-129.63,1.2588239,2.868,10.07154166
50.38,-129.65,1.0622153,1.8403,10.96407928
50.37,-129.66,1.0622153,2.6529,10.96407928
49.77,-128.82,2.8893144,3.5133,6.647847411
49.78,-128.81,2.8893144,2.9875,6.647847411
49.81,-128.78,2.8893144,3.1787,6.647847411
49.93,-128.63,3.2735121,0.9082,6.245561198
49.83,-128.76,2.8893144,2.7007,6.647847411
48.47,-128.78,0.34311613,9.6556,19.29113926
48.47,-128.8,0.34311613,9.4883,19.29113926
48.57,-128.69,0.44956386,8.8669,16.85321448
48.57,-128.69,0.44956386,6.2618,16.85321448
48.57,-128.69,0.44956386,6.3813,16.85321448
48.57,-128.7,0.44956386,8.0782,16.85321448
48.57,-128.7,0.44956386,9.2732,16.85321448
48.56,-128.7,0.44956386,8.5801,16.85321448
48.56,-128.7,0.44956386,11.3286,16.85321448
48.55,-128.71,0.59159386,14.0293,14.69151607
48.55,-128.71,0.59159386,11.8066,14.69151607
48.55,-128.72,0.59159386,9.8707,14.69151607
48.54,-128.72,0.59159386,8.0065,14.69151607
48.53,-128.72,0.59159386,7.2178,14.69151607
48.52,-128.73,0.59159386,6.6442,14.69151607
48.52,-128.73,0.59159386,7.2895,14.69151607
48.51,-128.74,0.59159386,7.3134,14.69151607
48.51,-128.74,0.59159386,5.1863,14.69151607
48.52,-128.82,0.34311613,3.9435,19.29113926
48.52,-128.8,0.34311613,3.8001,19.29113926
48.53,-128.79,0.34311613,3.8479,19.29113926
48.52,-128.78,0.34311613,3.585,19.29113926
48.52,-128.77,0.34311613,4.0391,19.29113926
48.51,-128.77,0.34311613,3.1787,19.29113926
48.5,-128.77,0.34311613,5.497,19.29113926
48.49,-128.76,0.34311613,6.2857,19.29113926
48.49,-128.76,0.34311613,6.4052,19.29113926
48.48,-128.76,0.34311613,6.5008,19.29113926
48.47,-128.75,0.34311613,7.3851,19.29113926
48.47,-128.75,0.34311613,8.3172,19.29113926
48.46,-128.74,0.59159386,10.1336,14.69151607
48.45,-128.74,0.59159386,9.8468,14.69151607
48.45,-128.74,0.59159386,24.0195,14.69151607
48.51,-128.78,0.34311613,3.6089,19.29113926
48.51,-128.78,0.34311613,4.5171,19.29113926
48.51,-128.77,0.34311613,2.868,19.29113926
48.51,-128.77,0.34311613,4.8517,19.29113926
48.5,-128.76,0.34311613,7.1461,19.29113926
48.5,-128.76,0.34311613,7.648,19.29113926
48.5,-128.75,0.34311613,5.8794,19.29113926
48.49,-128.74,0.59159386,4.9234,14.69151607
48.49,-128.73,0.59159386,8.1499,14.69151607
48.49,-128.73,0.59159386,9.4405,14.69151607
48.49,-128.72,0.59159386,9.321,14.69151607
48.48,-128.72,0.59159386,13.623,14.69151607
48.48,-128.71,0.59159386,17.7816,14.69151607
48.45,-128.72,0.59159386,18.4986,14.69151607
48.45,-128.72,0.59159386,25.6447,14.69151607
48.46,-128.71,0.59159386,69.1666,14.69151607
48.46,-128.71,0.59159386,36.5192,14.69151607
48.45,-128.7,0.59159386,31.3807,14.69151607
48.45,-128.7,0.59159386,17.4231,14.69151607
48.44,-128.69,0.79336768,13.8859,12.68648152
48.44,-128.69,0.79336768,14.4595,12.68648152
48.44,-128.69,0.79336768,16.8973,12.68648152
48.44,-128.68,0.79336768,36.0173,12.68648152
48.43,-128.68,0.79336768,76.48,12.68648152
48.43,-128.68,0.79336768,50.8831,12.68648152
48.43,-128.67,0.79336768,21.1037,12.68648152
48.43,-128.67,0.79336768,16.3476,12.68648152
48.43,-128.67,0.79336768,13.2884,12.68648152
48.43,-128.66,0.79336768,11.1374,12.68648152
48.4,-128.73,0.79336768,20.0999,12.68648152
48.4,-128.73,0.79336768,16.1803,12.68648152
48.4,-128.72,0.79336768,23.7805,12.68648152
48.4,-128.72,0.79336768,18.4508,12.68648152
48.4,-128.72,0.79336768,15.7501,12.68648152
48.4,-128.71,0.79336768,15.6306,12.68648152
48.4,-128.7,0.79336768,16.3237,12.68648152
48.4,-128.7,0.79336768,16.4193,12.68648152
48.4,-128.69,0.79336768,14.7224,12.68648152
48.4,-128.69,0.79336768,15.0809,12.68648152
48.39,-128.68,0.79336768,18.8332,12.68648152
48.39,-128.68,0.79336768,16.491,12.68648152
48.39,-128.67,0.79336768,14.0771,12.68648152
48.39,-128.66,0.79336768,15.4872,12.68648152
48.39,-128.66,0.79336768,16.3954,12.68648152
48.39,-128.65,0.79336768,13.0972,12.68648152
48.39,-128.64,1.033847,16.7061,11.11348602
48.39,-128.64,1.033847,18.8093,11.11348602
48.39,-128.63,1.033847,21.5578,11.11348602
48.39,-128.63,1.033847,12.7626,11.11348602
48.38,-128.62,1.033847,11.1135,11.11348602
48.38,-128.61,1.033847,8.4845,11.11348602
48.38,-128.61,1.033847,7.2656,11.11348602
48.4,-128.84,0.53057241,31.5241,15.51336862
48.4,-128.83,0.53057241,34.1531,15.51336862
48.39,-128.83,0.53057241,35.7783,15.51336862
48.39,-128.82,0.53057241,22.7528,15.51336862
48.39,-128.82,0.53057241,20.6735,15.51336862
48.39,-128.81,0.53057241,18.2357,15.51336862
48.39,-128.79,0.53057241,14.3878,15.51336862
48.38,-128.79,0.53057241,14.2922,15.51336862
48.39,-128.78,0.53057241,14.0054,15.51336862
48.39,-128.77,0.53057241,12.8821,15.51336862
48.39,-128.77,0.53057241,12.189,15.51336862
48.39,-128.76,0.53057241,11.6393,15.51336862
48.39,-128.75,0.53057241,12.667,15.51336862
48.39,-128.73,0.79336768,21.8446,12.68648152
48.39,-128.72,0.79336768,18.1162,12.68648152
48.39,-128.72,0.79336768,15.9174,12.68648152
48.39,-128.71,0.79336768,14.818,12.68648152
48.39,-128.71,0.79336768,13.2167,12.68648152
48.44,-128.76,0.53057241,13.6947,15.51336862
48.44,-128.76,0.53057241,13.3601,15.51336862
48.44,-128.75,0.53057241,14.1966,15.51336862
48.44,-128.75,0.53057241,15.3199,15.51336862
48.44,-128.74,0.79336768,13.5513,12.68648152
48.44,-128.73,0.79336768,15.7979,12.68648152
48.44,-128.72,0.79336768,16.8256,12.68648152
48.44,-128.72,0.79336768,19.4068,12.68648152
48.44,-128.7,0.79336768,20.4823,12.68648152
48.44,-128.7,0.79336768,15.6067,12.68648152
48.44,-128.69,0.79336768,14.1966,12.68648152
48.44,-128.69,0.79336768,15.2243,12.68648152
48.44,-128.68,0.79336768,39.7935,12.68648152
48.44,-128.68,0.79336768,54.9222,12.68648152
48.44,-128.67,0.79336768,17.3753,12.68648152
48.44,-128.66,0.79336768,10.0141,12.68648152
48.44,-128.65,0.79336768,5.2102,12.68648152
48.44,-128.63,1.033847,6.931,11.11348602
48.29,-128.69,0.80387408,12.7148,12.60330455
48.3,-128.7,0.80387408,26.3139,12.60330455
48.31,-128.7,0.80387408,9.2493,12.60330455
48.32,-128.71,0.80387408,6.6442,12.60330455
48.32,-128.71,0.80387408,7.7675,12.60330455
48.33,-128.72,0.80387408,7.6958,12.60330455
48.34,-128.72,0.80387408,9.4405,12.60330455
48.34,-128.73,0.80387408,10.0858,12.60330455
48.35,-128.73,0.79336768,11.9978,12.68648152
48.36,-128.74,0.79336768,13.145,12.68648152
48.37,-128.74,0.79336768,18.8332,12.68648152
48.37,-128.74,0.79336768,22.3465,12.68648152
48.38,-128.75,0.53057241,16.0847,15.51336862
48.39,-128.75,0.53057241,14.0054,15.51336862
48.4,-128.76,0.53057241,14.0293,15.51336862
48.29,-128.78,0.54432315,7.4807,15.31616516
48.29,-128.78,0.54432315,6.931,15.31616516
48.31,-128.78,0.54432315,6.9788,15.31616516
48.33,-128.78,0.54432315,7.6958,15.31616516
48.33,-128.78,0.54432315,8.6279,15.31616516
48.34,-128.78,0.54432315,8.4367,15.31616516
48.34,-128.78,0.54432315,8.7235,15.31616516
48.35,-128.78,0.53057241,8.4606,15.51336862
48.35,-128.78,0.53057241,8.0065,15.51336862
48.36,-128.8,0.53057241,7.2417,15.51336862
48.36,-128.81,0.53057241,9.2015,15.51336862
48.36,-128.83,0.53057241,11.2091,15.51336862
48.36,-128.83,0.53057241,14.9853,15.51336862
48.36,-128.83,0.53057241,19.2873,15.51336862
48.36,-128.84,0.53057241,24.4258,15.51336862
48.36,-128.85,0.53057241,30.8071,15.51336862
48.37,-128.86,0.25480604,27.485,22.38584974
48.37,-128.87,0.25480604,26.1705,22.38584974
48.38,-128.88,0.25480604,27.6762,22.38584974
48.38,-128.9,0.25480604,25.7164,22.38584974
48.35,-128.77,0.53057241,8.7713,15.51336862
48.36,-128.77,0.53057241,8.1499,15.51336862
48.39,-128.77,0.53057241,12.7387,15.51336862
48.41,-128.73,0.79336768,20.5062,12.68648152
48.42,-128.73,0.79336768,20.5779,12.68648152
48.41,-128.74,0.79336768,17.686,12.68648152
48.41,-128.75,0.53057241,14.9136,15.51336862
48.42,-128.75,0.53057241,16.2281,15.51336862
48.42,-128.77,0.53057241,18.2357,15.51336862
48.42,-128.77,0.53057241,16.6822,15.51336862
48.42,-128.78,0.53057241,16.8734,15.51336862
48.42,-128.78,0.53057241,17.7577,15.51336862
48.42,-128.79,0.53057241,18.8332,15.51336862
48.42,-128.79,0.53057241,21.0559,15.51336862
48.43,-128.8,0.53057241,22.9201,15.51336862
48.43,-128.8,0.53057241,24.4497,15.51336862
48.43,-128.81,0.53057241,27.5567,15.51336862
48.43,-128.82,0.53057241,39.7935,15.51336862
48.43,-128.83,0.53057241,26.8636,15.51336862
48.43,-128.84,0.53057241,21.2232,15.51336862
48.43,-128.85,0.53057241,24.3302,15.51336862
48.43,-128.85,0.53057241,18.9288,15.51336862
48.43,-128.85,0.53057241,21.7968,15.51336862
48.43,-128.86,0.25480604,21.4383,22.38584974
48.44,-128.76,0.53057241,18.2835,15.51336862
48.44,-128.76,0.53057241,16.491,15.51336862
48.44,-128.77,0.53057241,13.0494,15.51336862
48.44,-128.78,0.53057241,13.145,15.51336862
48.45,-128.78,0.34311613,11.9978,19.29113926
48.45,-128.79,0.34311613,11.4003,19.29113926
48.45,-128.79,0.34311613,11.4959,19.29113926
48.46,-128.8,0.34311613,10.1814,19.29113926
48.46,-128.81,0.34311613,11.4003,19.29113926
48.46,-128.82,0.34311613,10.2531,19.29113926
48.46,-128.82,0.34311613,12.906,19.29113926
48.46,-128.83,0.34311613,20.076,19.29113926
48.46,-128.84,0.34311613,29.7794,19.29113926
48.46,-128.85,0.34311613,27.9869,19.29113926
48.47,-128.86,0.15120271,36.5909,29.06020382
48.47,-128.57,0.8665905,9.9424,12.13868053
48.47,-128.58,0.8665905,10.0619,12.13868053
48.47,-128.58,0.8665905,11.4959,12.13868053
48.47,-128.59,0.8665905,11.0179,12.13868053
48.47,-128.59,0.8665905,10.6116,12.13868053
48.47,-128.6,0.8665905,12.3802,12.13868053
48.47,-128.6,0.8665905,5.2819,12.13868053
48.48,-128.61,0.8665905,14.7941,12.13868053
48.48,-128.62,0.8665905,8.5562,12.13868053
48.48,-128.62,0.8665905,8.7952,12.13868053
48.48,-128.63,0.8665905,8.6757,12.13868053
48.48,-128.63,0.8665905,15.2721,12.13868053
48.48,-128.63,0.8665905,12.5714,12.13868053
48.48,-128.64,0.8665905,13.1211,12.13868053
48.48,-128.65,0.59159386,9.8229,14.69151607
48.45,-128.61,0.8665905,22.0836,12.13868053
48.46,-128.61,0.8665905,26.051,12.13868053
48.46,-128.62,0.8665905,10.1575,12.13868053
48.46,-128.62,0.8665905,8.4845,12.13868053
48.45,-128.63,0.8665905,9.2493,12.13868053
48.45,-128.63,0.8665905,7.7675,12.13868053
48.45,-128.63,0.8665905,5.975,12.13868053
48.45,-128.63,0.8665905,19.8131,12.13868053
48.45,-128.64,0.8665905,15.0809,12.13868053
48.45,-128.64,0.8665905,8.9864,12.13868053
48.45,-128.65,0.59159386,11.233,14.69151607
48.45,-128.65,0.59159386,10.516,14.69151607
48.45,-128.65,0.59159386,9.9902,14.69151607
48.45,-128.65,0.59159386,11.7827,14.69151607
48.45,-128.66,0.59159386,9.4644,14.69151607
48.43,-128.73,0.79336768,16.6583,12.68648152
48.44,-128.73,0.79336768,16.6822,12.68648152
48.44,-128.73,0.79336768,16.7061,12.68648152
48.45,-128.73,0.59159386,16.252,14.69151607
48.45,-128.72,0.59159386,18.5703,14.69151607
48.46,-128.72,0.59159386,42.064,14.69151607
48.46,-128.71,0.59159386,29.4687,14.69151607
48.47,-128.71,0.59159386,35.5632,14.69151607
48.47,-128.71,0.59159386,35.7544,14.69151607
48.47,-128.7,0.59159386,23.0157,14.69151607
48.47,-128.7,0.59159386,22.3943,14.69151607
48.48,-128.7,0.59159386,25.3818,14.69151607
48.48,-128.7,0.59159386,24.9516,14.69151607
48.48,-128.69,0.59159386,26.0032,14.69151607
48.49,-128.69,0.59159386,21.4144,14.69151607
48.49,-128.69,0.59159386,17.7338,14.69151607
48.5,-128.69,0.59159386,15.2243,14.69151607
48.5,-128.69,0.59159386,15.2004,14.69151607
48.51,-128.69,0.59159386,12.4041,14.69151607
48.51,-128.68,0.59159386,9.9902,14.69151607
48.45,-128.65,0.59159386,10.8267,14.69151607
48.45,-128.66,0.59159386,8.6518,14.69151607
48.45,-128.66,0.59159386,9.5361,14.69151607
48.45,-128.66,0.59159386,9.2254,14.69151607
48.45,-128.67,0.59159386,4.2064,14.69151607
48.45,-128.67,0.59159386,3.6567,14.69151607
48.45,-128.68,0.59159386,9.8229,14.69151607
48.45,-128.68,0.59159386,10.1814,14.69151607
48.45,-128.69,0.59159386,11.1374,14.69151607
48.45,-128.69,0.59159386,12.5236,14.69151607
48.46,-128.7,0.59159386,17.4231,14.69151607
48.46,-128.7,0.59159386,23.7566,14.69151607
48.46,-128.7,0.59159386,39.7457,14.69151607
48.46,-128.71,0.59159386,63.4067,14.69151607
48.46,-128.71,0.59159386,106.0921,14.69151607
48.46,-128.71,0.59159386,45.3622,14.69151607
48.46,-128.71,0.59159386,26.2661,14.69151607
48.46,-128.72,0.59159386,21.6056,14.69151607
48.47,-128.72,0.59159386,19.8848,14.69151607
48.47,-128.72,0.59159386,19.12,14.69151607
48.47,-128.71,0.59159386,20.6018,14.69151607
48.47,-128.71,0.59159386,22.0597,14.69151607
48.47,-128.71,0.59159386,25.0711,14.69151607
48.47,-128.71,0.59159386,28.2259,14.69151607
48.48,-128.7,0.59159386,25.1428,14.69151607
48.48,-128.7,0.59159386,20.3389,14.69151607
48.48,-128.7,0.59159386,18.9049,14.69151607
48.48,-128.69,0.59159386,14.5551,14.69151607
48.48,-128.68,0.59159386,10.0619,14.69151607
48.48,-128.67,0.59159386,10.2053,14.69151607
48.48,-128.67,0.59159386,9.321,14.69151607
48.47,-128.73,0.59159386,14.7702,14.69151607
48.47,-128.73,0.59159386,14.4834,14.69151607
48.47,-128.73,0.59159386,16.2281,14.69151607
48.47,-128.73,0.59159386,20.8408,14.69151607
48.46,-128.72,0.59159386,21.9402,14.69151607
48.46,-128.72,0.59159386,36.1129,14.69151607
48.46,-128.71,0.59159386,108.9601,14.69151607
48.46,-128.71,0.59159386,72.2258,14.69151607
48.46,-128.71,0.59159386,46.0314,14.69151607
48.46,-128.71,0.59159386,41.6338,14.69151607
48.46,-128.71,0.59159386,43.3307,14.69151607
48.46,-128.71,0.59159386,48.4931,14.69151607
48.46,-128.71,0.59159386,48.5409,14.69151607
48.46,-128.71,0.59159386,43.3785,14.69151607
48.46,-128.71,0.59159386,39.2916,14.69151607
48.46,-128.71,0.59159386,35.8022,14.69151607
48.47,-128.71,0.59159386,31.4763,14.69151607
48.47,-128.71,0.59159386,29.5404,14.69151607
48.47,-128.71,0.59159386,25.7164,14.69151607
48.48,-128.68,0.59159386,9.9902,14.69151607
48.48,-128.67,0.59159386,9.8707,14.69151607
48.47,-128.68,0.59159386,9.7034,14.69151607
48.47,-128.68,0.59159386,9.7751,14.69151607
48.47,-128.68,0.59159386,9.8468,14.69151607
48.47,-128.68,0.59159386,9.9902,14.69151607
48.46,-128.68,0.59159386,10.038,14.69151607
48.46,-128.68,0.59159386,9.9902,14.69151607
48.45,-128.68,0.59159386,10.3487,14.69151607
48.45,-128.68,0.59159386,10.1336,14.69151607
48.45,-128.68,0.59159386,8.6518,14.69151607
48.44,-128.68,0.79336768,4.4693,12.68648152
48.44,-128.68,0.79336768,12.1651,12.68648152
48.44,-128.68,0.79336768,12.8821,12.68648152
48.44,-128.68,0.79336768,13.9576,12.68648152
48.44,-128.68,0.79336768,16.3476,12.68648152
48.44,-128.68,0.79336768,15.1048,12.68648152
48.44,-128.68,0.79336768,23.0635,12.68648152
48.44,-128.68,0.79336768,18.2596,12.68648152
48.43,-128.68,0.79336768,117.2773,12.68648152
48.43,-128.68,0.79336768,87.1394,12.68648152
48.43,-128.68,0.79336768,35.4676,12.68648152
48.42,-128.68,0.79336768,20.1238,12.68648152
48.42,-128.68,0.79336768,14.34,12.68648152
48.41,-128.68,0.79336768,12.6431,12.68648152
48.41,-128.68,0.79336768,7.3373,12.68648152
48.4,-128.68,0.79336768,11.5676,12.68648152
48.4,-128.68,0.79336768,7.1222,12.68648152
48.4,-128.68,0.79336768,7.4329,12.68648152
48.38,-128.68,0.79336768,33.5795,12.68648152
48.38,-128.68,0.79336768,20.3389,12.68648152
48.42,-128.72,0.79336768,21.5339,12.68648152
48.42,-128.71,0.79336768,18.0923,12.68648152
48.42,-128.71,0.79336768,15.7262,12.68648152
48.43,-128.7,0.79336768,15.3199,12.68648152
48.43,-128.69,0.79336768,15.8457,12.68648152
48.43,-128.69,0.79336768,21.1515,12.68648152
48.44,-128.69,0.79336768,25.3818,12.68648152
48.44,-128.68,0.79336768,8.7952,12.68648152
48.45,-128.67,0.59159386,9.3927,14.69151607
48.46,-128.66,0.59159386,7.7197,14.69151607
48.44,-128.67,0.79336768,11.2091,12.68648152
48.44,-128.67,0.79336768,10.994,12.68648152
48.45,-128.67,0.59159386,10.3487,14.69151607
48.45,-128.66,0.59159386,9.6556,14.69151607
48.45,-128.66,0.59159386,9.3449,14.69151607
48.44,-128.66,0.79336768,9.7273,12.68648152
48.44,-128.66,0.79336768,9.7751,12.68648152
48.43,-128.66,0.79336768,10.3248,12.68648152
48.43,-128.66,0.79336768,11.0418,12.68648152
48.43,-128.66,0.79336768,6.5964,12.68648152
48.43,-128.66,0.79336768,12.0695,12.68648152
48.42,-128.66,0.79336768,11.7349,12.68648152
48.42,-128.67,0.79336768,11.5915,12.68648152
48.41,-128.67,0.79336768,10.8506,12.68648152
48.41,-128.67,0.79336768,5.9272,12.68648152
48.4,-128.67,0.79336768,10.7789,12.68648152
48.4,-128.66,0.79336768,7.6719,12.68648152
48.4,-128.66,0.79336768,12.5714,12.68648152
48.41,-128.65,0.79336768,9.8946,12.68648152
48.4,-128.64,1.033847,10.3487,11.11348602
48.4,-128.64,1.033847,11.6154,11.11348602
48.4,-128.64,1.033847,13.9337,11.11348602
48.49,-128.63,0.8665905,29.6121,12.13868053
48.49,-128.63,0.8665905,28.8473,12.13868053
48.49,-128.63,0.8665905,30.1618,12.13868053
48.49,-128.64,0.8665905,12.1173,12.13868053
48.48,-128.64,0.8665905,12.1412,12.13868053
48.48,-128.64,0.8665905,11.8066,12.13868053
48.48,-128.64,0.8665905,11.4242,12.13868053
48.48,-128.64,0.8665905,10.7311,12.13868053
48.48,-128.64,0.8665905,12.7865,12.13868053
48.47,-128.64,0.8665905,11.7827,12.13868053
48.47,-128.64,0.8665905,13.1928,12.13868053
48.47,-128.64,0.8665905,16.3715,12.13868053
48.46,-128.64,0.8665905,22.9918,12.13868053
48.46,-128.64,0.8665905,156.6645,12.13868053
48.46,-128.64,0.8665905,30.9266,12.13868053
48.45,-128.64,0.8665905,12.9538,12.13868053
48.45,-128.64,0.8665905,12.0217,12.13868053
48.45,-128.64,0.8665905,11.472,12.13868053
48.44,-128.64,1.033847,11.4481,11.11348602
48.44,-128.64,1.033847,12.0456,11.11348602
48.44,-128.64,1.033847,11.3525,11.11348602
48.44,-128.65,0.79336768,11.1613,12.68648152
48.44,-128.65,0.79336768,11.472,12.68648152
48.43,-128.65,0.79336768,11.2091,12.68648152
48.43,-128.65,0.79336768,13.5035,12.68648152
48.43,-128.65,0.79336768,15.3916,12.68648152
48.42,-128.65,0.79336768,17.7338,12.68648152
48.42,-128.65,0.79336768,17.0168,12.68648152
48.42,-128.65,0.79336768,15.7979,12.68648152
48.42,-128.65,0.79336768,14.4595,12.68648152
48.41,-128.65,0.79336768,12.3802,12.68648152
48.41,-128.66,0.79336768,13.5274,12.68648152
48.41,-128.66,0.79336768,7.1222,12.68648152
48.41,-128.66,0.79336768,11.8544,12.68648152
48.43,-128.69,0.79336768,19.359,12.68648152
48.43,-128.69,0.79336768,21.6773,12.68648152
48.43,-128.69,0.79336768,27.1026,12.68648152
48.43,-128.69,0.79336768,39.3872,12.68648152
48.43,-128.68,0.79336768,73.8988,12.68648152
48.43,-128.68,0.79336768,112.6646,12.68648152
48.43,-128.68,0.79336768,44.7408,12.68648152
48.43,-128.67,0.79336768,25.6208,12.68648152
48.43,-128.66,0.79336768,13.1689,12.68648152
48.43,-128.66,0.79336768,11.9978,12.68648152
48.42,-128.65,0.79336768,10.038,12.68648152
48.42,-128.65,0.79336768,7.2895,12.68648152
48.42,-128.59,1.033847,9.5839,11.11348602
48.42,-128.6,1.033847,9.7273,11.11348602
48.42,-128.6,1.033847,10.2531,11.11348602
48.42,-128.6,1.033847,10.994,11.11348602
48.42,-128.61,1.033847,11.0657,11.11348602
48.42,-128.61,1.033847,9.9424,11.11348602
48.42,-128.62,1.033847,10.3248,11.11348602
48.42,-128.62,1.033847,14.0771,11.11348602
48.42,-128.63,1.033847,10.9462,11.11348602
48.42,-128.63,1.033847,12.0934,11.11348602
48.42,-128.63,1.033847,11.0179,11.11348602
48.42,-128.63,1.033847,10.7789,11.11348602
48.42,-128.64,1.033847,10.755,11.11348602
48.42,-128.64,1.033847,9.8229,11.11348602
48.42,-128.64,1.033847,8.4606,11.11348602
48.42,-128.64,1.033847,8.7235,11.11348602
48.42,-128.65,0.79336768,6.5964,12.68648152
48.42,-128.65,0.79336768,15.6784,12.68648152
48.42,-128.65,0.79336768,8.4845,12.68648152
48.42,-128.65,0.79336768,13.3362,12.68648152
48.42,-128.66,0.79336768,12.2607,12.68648152
48.42,-128.66,0.79336768,11.5676,12.68648152
48.42,-128.67,0.79336768,11.2569,12.68648152
48.42,-128.67,0.79336768,12.428,12.68648152
48.42,-128.67,0.79336768,13.9815,12.68648152
48.42,-128.68,0.79336768,7.3851,12.68648152
48.42,-128.68,0.79336768,22.1314,12.68648152
48.43,-128.68,0.79336768,30.7115,12.68648152
48.43,-128.68,0.79336768,40.0803,12.68648152
48.43,-128.68,0.79336768,44.8603,12.68648152
48.43,-128.68,0.79336768,83.2676,12.68648152
48.43,-128.68,0.79336768,99.9737,12.68648152
48.43,-128.68,0.79336768,23.3981,12.68648152
48.44,-128.69,0.79336768,20.1955,12.68648152
48.44,-128.69,0.79336768,15.5828,12.68648152
48.44,-128.69,0.79336768,14.0532,12.68648152
48.44,-128.7,0.79336768,13.9576,12.68648152
48.44,-128.7,0.79336768,15.0331,12.68648152
48.44,-128.7,0.79336768,16.7061,12.68648152
48.44,-128.71,0.79336768,19.5741,12.68648152
48.44,-128.71,0.79336768,24.7843,12.68648152
48.44,-128.71,0.79336768,23.8761,12.68648152
48.44,-128.72,0.79336768,22.3226,12.68648152
48.45,-128.71,0.59159386,21.0798,14.69151607
48.45,-128.71,0.59159386,23.9239,14.69151607
48.45,-128.71,0.59159386,26.6007,14.69151607
48.45,-128.71,0.59159386,41.0124,14.69151607
48.46,-128.71,0.59159386,128.8927,14.69151607
48.46,-128.71,0.59159386,44.5974,14.69151607
48.46,-128.71,0.59159386,30.8788,14.69151607
48.47,-128.71,0.59159386,35.3003,14.69151607
48.47,-128.7,0.59159386,40.8212,14.69151607
48.47,-128.7,0.59159386,30.9027,14.69151607
48.48,-128.7,0.59159386,26.0032,14.69151607
48.47,-128.66,0.59159386,3.824,14.69151607
48.47,-128.66,0.59159386,8.8669,14.69151607
48.47,-128.66,0.59159386,9.0581,14.69151607
48.46,-128.65,0.59159386,10.5877,14.69151607
48.46,-128.65,0.59159386,12.4041,14.69151607
48.46,-128.65,0.59159386,16.6583,14.69151607
48.46,-128.64,0.8665905,26.9353,12.13868053
48.46,-128.64,0.8665905,59.4871,12.13868053
48.46,-128.64,0.8665905,57.8619,12.13868053
48.46,-128.63,0.8665905,9.6078,12.13868053
48.46,-128.63,0.8665905,8.8669,12.13868053
48.46,-128.62,0.8665905,10.0619,12.13868053
48.46,-128.62,0.8665905,11.2808,12.13868053
48.46,-128.62,0.8665905,15.6067,12.13868053
48.46,-128.61,0.8665905,34.5116,12.13868053
48.46,-128.61,0.8665905,34.894,12.13868053
48.45,-128.61,0.8665905,12.9299,12.13868053
48.45,-128.6,0.8665905,10.3487,12.13868053
48.45,-128.6,0.8665905,9.9663,12.13868053
48.45,-128.59,0.8665905,10.994,12.13868053
48.45,-128.59,0.8665905,10.3487,12.13868053
48.46,-128.63,0.8665905,12.8104,12.13868053
48.46,-128.63,0.8665905,14.7463,12.13868053
48.46,-128.63,0.8665905,27.7718,12.13868053
48.46,-128.63,0.8665905,19.5263,12.13868053
48.46,-128.64,0.8665905,20.554,12.13868053
48.46,-128.64,0.8665905,16.8734,12.13868053
48.46,-128.64,0.8665905,19.2634,12.13868053
48.46,-128.64,0.8665905,15.535,12.13868053
48.46,-128.65,0.59159386,11.3764,14.69151607
48.46,-128.66,0.59159386,8.2933,14.69151607
48.46,-128.66,0.59159386,7.7197,14.69151607
48.46,-128.66,0.59159386,6.7398,14.69151607
48.46,-128.67,0.59159386,7.0505,14.69151607
48.46,-128.67,0.59159386,7.7197,14.69151607
48.46,-128.68,0.59159386,8.0782,14.69151607
48.46,-128.68,0.59159386,8.9147,14.69151607
48.46,-128.69,0.59159386,9.6795,14.69151607
48.46,-128.7,0.59159386,11.8544,14.69151607
48.46,-128.7,0.59159386,29.8033,14.69151607
48.46,-128.71,0.59159386,2.7007,14.69151607
48.46,-128.71,0.59159386,58.316,14.69151607
48.46,-128.71,0.59159386,150.092,14.69151607
48.46,-128.71,0.59159386,83.1481,14.69151607
48.46,-128.71,0.59159386,0.9321,14.69151607
48.46,-128.71,0.59159386,189.5748,14.69151607
48.46,-128.71,0.59159386,54.5398,14.69151607
48.46,-128.72,0.59159386,29.3492,14.69151607
48.46,-128.72,0.59159386,28.8951,14.69151607
48.46,-128.72,0.59159386,31.5002,14.69151607
48.46,-128.72,0.59159386,24.6887,14.69151607
48.46,-128.72,0.59159386,27.6045,14.69151607
48.46,-128.72,0.59159386,31.2134,14.69151607
48.46,-128.71,0.59159386,36.7582,14.69151607
48.46,-128.71,0.59159386,162.2332,14.69151607
48.46,-128.71,0.59159386,51.1938,14.69151607
48.46,-128.71,0.59159386,39.2677,14.69151607
48.46,-128.7,0.59159386,24.5931,14.69151607
48.46,-128.71,0.59159386,31.07,14.69151607
48.46,-128.71,0.59159386,115.1502,14.69151607
48.46,-128.71,0.59159386,181.6161,14.69151607
48.46,-128.71,0.59159386,98.1334,14.69151607
48.46,-128.71,0.59159386,35.9695,14.69151607
48.46,-128.72,0.59159386,29.636,14.69151607
48.46,-128.71,0.59159386,35.4676,14.69151607
48.46,-128.71,0.59159386,45.7924,14.69151607
48.46,-128.71,0.59159386,105.9726,14.69151607
48.46,-128.71,0.59159386,142.5157,14.69151607
48.46,-128.71,0.59159386,56.6669,14.69151607
48.46,-128.71,0.59159386,38.5985,14.69151607
47.88,-128.73,0.91232389,5.8077,11.83052233
47.86,-128.67,0.91232389,6.4291,11.83052233
47.86,-128.66,0.91232389,7.8392,11.83052233
47.86,-128.66,0.91232389,10.7311,11.83052233
47.85,-128.64,1.1679138,7.8631,10.45617994
47.85,-128.64,1.1679138,5.7599,10.45617994
47.85,-128.63,1.1679138,6.4769,10.45617994
47.88,-128.72,0.91232389,5.3775,11.83052233
47.88,-128.71,0.91232389,5.8555,11.83052233
47.87,-128.71,0.91232389,6.1184,11.83052233
47.87,-128.7,0.91232389,6.8354,11.83052233
47.87,-128.7,0.91232389,6.6442,11.83052233
47.87,-128.69,0.91232389,8.4128,11.83052233
47.86,-128.68,0.91232389,6.4291,11.83052233
47.86,-128.67,0.91232389,6.8354,11.83052233
47.96,-128.81,0.50150979,8.4367,15.95654039
47.92,-128.83,0.66285837,4.1108,13.87931624
47.91,-128.82,0.66285837,2.6529,13.87931624
47.9,-128.83,0.66285837,2.5812,13.87931624
47.9,-128.83,0.66285837,4.2303,13.87931624
47.96,-128.81,0.50150979,11.2569,15.95654039
47.95,-128.81,0.50150979,9.1776,15.95654039
47.94,-128.81,0.66285837,9.082,13.87931624
47.94,-128.81,0.66285837,8.5801,13.87931624
47.93,-128.83,0.66285837,7.17,13.87931624
47.93,-128.82,0.66285837,2.629,13.87931624
47.93,-128.82,0.66285837,3.6089,13.87931624
47.92,-128.82,0.66285837,1.7208,13.87931624
47.89,-128.83,0.66285837,3.2743,13.87931624
47.89,-128.83,0.66285837,2.8919,13.87931624
47.88,-128.83,0.66285837,2.6768,13.87931624
47.87,-128.83,0.66285837,2.7963,13.87931624
47.87,-128.84,0.66285837,2.9397,13.87931624
47.86,-128.84,0.66285837,6.2379,13.87931624
47.99,-128.79,0.50150979,4.8995,15.95654039
47.99,-128.8,0.50150979,4.0152,15.95654039
47.98,-128.79,0.50150979,4.063,15.95654039
47.98,-128.8,0.50150979,3.4894,15.95654039
47.97,-128.8,0.50150979,4.1586,15.95654039
47.97,-128.81,0.50150979,3.8001,15.95654039
47.97,-128.83,0.50150979,3.0831,15.95654039
47.96,-128.82,0.50150979,3.2743,15.95654039
47.93,-128.85,0.66285837,3.9196,13.87931624
47.91,-128.8,0.66285837,2.2705,13.87931624
47.94,-128.76,0.66285837,2.151,13.87931624
47.94,-128.82,0.66285837,8.6518,13.87931624
47.96,-128.83,0.50150979,2.1749,15.95654039
47.94,-128.77,0.66285837,2.4856,13.87931624
47.91,-128.8,0.66285837,2.7007,13.87931624
47.94,-128.78,0.66285837,21.51,13.87931624
47.91,-128.79,0.66285837,3.0831,13.87931624
47.95,-128.78,0.50150979,2.6051,15.95654039
47.9,-128.78,0.66285837,3.9196,13.87931624
47.95,-128.79,0.50150979,2.0076,15.95654039
47.95,-128.81,0.50150979,3.7045,15.95654039
47.95,-128.81,0.50150979,4.0869,15.95654039
47.95,-128.82,0.50150979,5.5687,15.95654039
47.92,-128.84,0.66285837,3.5133,13.87931624
47.92,-128.84,0.66285837,2.2227,13.87931624
47.82,-128.67,1.1115648,13.4557,10.71793332
47.88,-128.7,0.91232389,6.8593,11.83052233
47.88,-128.7,0.91232389,7.17,11.83052233
47.89,-128.7,0.91232389,6.2618,11.83052233
47.83,-128.67,1.1115648,12.7626,10.71793332
47.84,-128.67,1.1115648,9.6317,10.71793332
47.84,-128.68,1.1115648,10.0619,10.71793332
47.85,-128.68,0.91232389,7.3373,11.83052233
47.86,-128.68,0.91232389,7.0266,11.83052233
47.87,-128.69,0.91232389,8.4845,11.83052233
47.87,-128.69,0.91232389,6.453,11.83052233
47.88,-128.69,0.91232389,5.9033,11.83052233
47.86,-128.64,1.1679138,6.3813,10.45617994
47.9,-128.66,0.91232389,9.3688,11.83052233
47.9,-128.67,0.91232389,9.1059,11.83052233
47.87,-128.64,1.1679138,6.453,10.45617994
47.87,-128.64,1.1679138,8.4367,10.45617994
47.88,-128.65,0.91232389,5.7599,11.83052233
47.88,-128.65,0.91232389,7.2895,11.83052233
47.89,-128.65,0.91232389,7.0266,11.83052233
47.89,-128.66,0.91232389,4.8756,11.83052233
47.89,-128.66,0.91232389,9.0342,11.83052233
47.89,-128.66,0.91232389,8.5801,11.83052233
47.92,-128.83,0.66285837,2.6529,13.87931624
47.92,-128.82,0.66285837,2.6051,13.87931624
47.92,-128.82,0.66285837,2.7007,13.87931624
47.92,-128.81,0.66285837,2.3183,13.87931624
47.91,-128.81,0.66285837,2.0793,13.87931624
47.87,-127.62,3.4528952,13.2884,6.081164407
47.92,-127.65,3.1907601,4.3976,6.326031748
47.92,-127.65,3.1907601,3.9196,6.326031748
47.93,-127.65,3.1907601,3.585,6.326031748
47.93,-127.66,3.1907601,2.9397,6.326031748
47.94,-127.66,3.1907601,3.4416,6.326031748
47.94,-127.66,3.1907601,3.7045,6.326031748
47.95,-127.66,3.0129824,3.585,6.509987371
47.87,-127.62,3.4528952,16.4432,6.081164407
47.88,-127.62,3.4528952,4.3976,6.081164407
47.88,-127.63,3.4528952,2.7246,6.081164407
47.89,-127.63,3.4528952,2.868,6.081164407
47.89,-127.64,3.4528952,4.4693,6.081164407
47.9,-127.64,3.4528952,5.9033,6.081164407
47.9,-127.64,3.4528952,3.5372,6.081164407
47.91,-127.64,3.4528952,5.9989,6.081164407
47.86,-127.68,3.1907601,3.4177,6.326031748
47.9,-127.71,3.1907601,22.9201,6.326031748
47.91,-127.71,3.1907601,9.8468,6.326031748
47.91,-127.71,3.1907601,5.1624,6.326031748
47.92,-127.71,3.1907601,6.3335,6.326031748
47.92,-127.72,3.1907601,7.8153,6.326031748
47.93,-127.72,3.1907601,6.2618,6.326031748
47.93,-127.72,3.1907601,5.6643,6.326031748
47.94,-127.73,3.1907601,6.3813,6.326031748
47.95,-127.73,3.0129824,4.4454,6.509987371
47.86,-127.68,3.1907601,3.8718,6.326031748
47.96,-127.74,3.0129824,4.0869,6.509987371
47.96,-127.74,3.0129824,4.1586,6.509987371
47.87,-127.68,3.1907601,4.3976,6.326031748
47.87,-127.69,3.1907601,4.8995,6.326031748
47.88,-127.69,3.1907601,5.5209,6.326031748
47.89,-127.7,3.1907601,5.1146,6.326031748
47.89,-127.7,3.1907601,6.1662,6.326031748
47.89,-127.7,3.1907601,7.7436,6.326031748
47.9,-127.7,3.1907601,11.6871,6.326031748
47.75,-127.62,3.5783212,1.7686,5.973636374
47.79,-127.64,3.5786738,3.8001,5.973342081
47.8,-127.64,3.5786738,6.214,5.973342081
47.8,-127.65,3.3711357,4.2781,6.154465282
47.81,-127.65,3.3711357,3.0592,6.154465282
47.81,-127.65,3.3711357,3.4655,6.154465282
47.82,-127.65,3.3711357,2.7963,6.154465282
47.82,-127.66,3.3711357,5.6404,6.154465282
47.83,-127.66,3.3711357,4.302,6.154465282
47.83,-127.66,3.3711357,5.258,6.154465282
47.84,-127.67,3.3711357,4.4454,6.154465282
47.75,-127.62,3.5783212,3.5372,5.973636374
47.84,-127.67,3.3711357,4.7561,6.154465282
47.85,-127.67,3.1907601,5.4492,6.326031748
47.85,-127.67,3.1907601,4.7083,6.326031748
47.86,-127.68,3.1907601,4.4932,6.326031748
47.76,-127.62,3.5786738,1.6491,5.973342081
47.76,-127.62,3.5786738,3.7045,5.973342081
47.76,-127.63,3.5786738,2.1749,5.973342081
47.77,-127.63,3.5786738,1.5057,5.973342081
47.78,-127.63,3.5786738,1.7686,5.973342081
47.78,-127.64,3.5786738,2.0793,5.973342081
47.78,-127.64,3.5786738,3.7284,5.973342081
47.82,-127.49,3.8465323,5.1146,5.761608592
47.83,-127.55,3.5786738,3.3221,5.973342081
47.83,-127.55,3.5786738,1.7208,5.973342081
47.83,-127.56,3.5786738,5.5209,5.973342081
47.84,-127.57,3.5786738,6.2379,5.973342081
47.84,-127.58,3.5786738,8.6518,5.973342081
47.84,-127.58,3.5786738,4.5171,5.973342081
47.84,-127.59,3.5786738,5.0668,5.973342081
47.84,-127.6,3.5786738,4.3259,5.973342081
47.84,-127.6,3.5786738,4.4693,5.973342081
47.84,-127.61,3.5786738,5.5448,5.973342081
47.82,-127.49,3.8465323,4.1108,5.761608592
47.82,-127.5,3.8465323,2.1271,5.761608592
47.82,-127.5,3.8465323,4.9234,5.761608592
47.82,-127.51,3.8465323,4.7561,5.761608592
47.82,-127.51,3.8465323,0.8843,5.761608592
47.82,-127.52,3.8465323,3.4655,5.761608592
47.83,-127.53,3.8465323,2.9397,5.761608592
47.83,-127.54,3.8465323,2.9158,5.761608592
47.75,-127.22,4.6330013,3.6806,5.249854081
47.76,-127.29,4.2658925,3.1309,5.47108535
47.77,-127.3,4.2658925,2.4139,5.47108535
47.77,-127.31,4.2658925,2.6529,5.47108535
47.77,-127.33,4.2658925,4.78,5.47108535
47.75,-127.23,4.6330013,3.3699,5.249854081
47.75,-127.24,4.6330013,3.4655,5.249854081
47.75,-127.24,4.6330013,3.585,5.249854081
47.76,-127.25,4.2658925,3.6089,5.47108535
47.76,-127.26,4.2658925,3.8718,5.47108535
47.76,-127.27,4.2658925,3.7523,5.47108535
47.76,-127.27,4.2658925,2.5334,5.47108535
47.76,-127.28,4.2658925,3.9196,5.47108535
47.77,-127.33,4.2658925,3.4655,5.47108535
47.79,-127.4,4.1103892,3.2265,5.573615055
47.79,-127.4,4.1103892,4.4932,5.573615055
47.79,-127.41,4.1103892,2.5812,5.573615055
47.78,-127.34,4.2658925,2.5334,5.47108535
47.78,-127.35,4.2658925,3.3699,5.47108535
47.78,-127.35,4.2658925,3.8957,5.47108535
47.78,-127.36,4.1103892,3.585,5.573615055
47.78,-127.37,4.1103892,2.5095,5.573615055
47.78,-127.37,4.1103892,4.0869,5.573615055
47.78,-127.38,4.1103892,3.1787,5.573615055
47.79,-127.39,4.1103892,3.3938,5.573615055
47.84,-127.72,3.3711357,26.0749,6.154465282
47.85,-127.81,2.9645884,5.3536,6.562906863
47.85,-127.82,2.9645884,5.7121,6.562906863
47.85,-127.82,2.9645884,5.5687,6.562906863
47.85,-127.83,2.9645884,5.7599,6.562906863
47.86,-127.84,2.9645884,6.0228,6.562906863
47.86,-127.85,2.9645884,2.4378,6.562906863
47.86,-127.86,2.6994836,2.3183,6.877618735
47.86,-127.87,2.6994836,5.019,6.877618735
47.86,-127.88,2.6994836,2.2705,6.877618735
47.86,-127.89,2.6994836,6.1423,6.877618735
47.84,-127.74,3.3711357,16.969,6.154465282
47.86,-127.9,2.6994836,5.1863,6.877618735
47.86,-127.91,2.6994836,4.3498,6.877618735
47.84,-127.75,3.1612465,6.9788,6.355493263
47.84,-127.76,3.1612465,3.2743,6.355493263
47.84,-127.76,3.1612465,5.5926,6.355493263
47.84,-127.77,3.1612465,4.9951,6.355493263
47.85,-127.78,2.9645884,4.8039,6.562906863
47.85,-127.79,2.9645884,4.78,6.562906863
47.85,-127.8,2.9645884,4.7083,6.562906863
47.85,-127.63,3.4528952,39.6501,6.081164407
47.86,-127.71,3.1907601,7.3851,6.326031748
47.86,-127.71,3.1907601,9.799,6.326031748
47.87,-127.72,3.1907601,22.3465,6.326031748
47.87,-127.72,3.1907601,26.5051,6.326031748
47.87,-127.72,3.1907601,7.4329,6.326031748
47.87,-127.73,3.1907601,5.4014,6.326031748
47.87,-127.74,3.1907601,6.7637,6.326031748
47.87,-127.74,3.1907601,6.7159,6.326031748
47.85,-127.64,3.4528952,8.2694,6.081164407
47.85,-127.65,3.1907601,10.1575,6.326031748
47.85,-127.66,3.1907601,5.1624,6.326031748
47.86,-127.67,3.1907601,4.78,6.326031748
47.86,-127.67,3.1907601,4.5649,6.326031748
47.86,-127.68,3.1907601,3.8718,6.326031748
47.86,-127.7,3.1907601,4.5649,6.326031748
47.86,-127.7,3.1907601,5.4253,6.326031748
47.86,-127.7,3.1907601,5.1863,6.326031748
47.87,-127.73,3.1907601,5.0429,6.326031748
47.87,-127.73,3.1907601,5.3775,6.326031748
47.85,-127.74,3.1907601,5.5687,6.326031748
47.85,-127.73,3.1907601,6.8115,6.326031748
47.85,-127.73,3.1907601,6.7637,6.326031748
47.85,-127.72,3.1907601,10.7789,6.326031748
47.85,-127.72,3.1907601,17.0168,6.326031748
47.85,-127.72,3.1907601,11.6393,6.326031748
47.85,-127.72,3.1907601,10.3487,6.326031748
47.85,-127.71,3.1907601,8.6996,6.326031748
47.86,-127.7,3.1907601,5.1146,6.326031748
47.85,-127.71,3.1907601,6.0467,6.326031748
47.85,-127.7,3.1907601,4.9234,6.326031748
47.86,-127.7,3.1907601,5.8316,6.326031748
47.86,-127.71,3.1907601,7.3612,6.326031748
47.86,-127.71,3.1907601,9.1298,6.326031748
47.87,-127.72,3.1907601,13.4318,6.326031748
47.87,-127.72,3.1907601,24.9277,6.326031748
47.87,-127.72,3.1907601,24.378,6.326031748
47.87,-127.73,3.1907601,7.6241,6.326031748
47.79,-127.85,3.1612465,5.4492,6.355493263
47.92,-128.72,0.91232389,3.9435,11.83052233
47.92,-128.68,0.91232389,6.2857,11.83052233
47.91,-128.67,0.91232389,6.5725,11.83052233
47.91,-128.67,0.91232389,6.8354,11.83052233
47.91,-128.66,0.91232389,7.2178,11.83052233
47.91,-128.66,0.91232389,7.6241,11.83052233
47.91,-128.65,0.91232389,7.8153,11.83052233
47.91,-128.65,0.91232389,7.9826,11.83052233
47.91,-128.64,1.1679138,7.8631,10.45617994
47.91,-128.64,1.1679138,6.3574,10.45617994
47.9,-128.63,1.1679138,8.1021,10.45617994
47.92,-128.72,0.91232389,3.7762,11.83052233
47.9,-128.63,1.1679138,8.0543,10.45617994
47.9,-128.62,1.1679138,7.5285,10.45617994
47.92,-128.71,0.91232389,3.8957,11.83052233
47.92,-128.71,0.91232389,4.2542,11.83052233
47.92,-128.7,0.91232389,3.8718,11.83052233
47.92,-128.7,0.91232389,5.0668,11.83052233
47.92,-128.69,0.91232389,5.497,11.83052233
47.92,-128.69,0.91232389,5.9272,11.83052233
47.92,-128.68,0.91232389,5.6404,11.83052233
47.9,-128.62,1.1679138,7.0505,10.45617994
47.89,-128.57,1.1679138,14.3161,10.45617994
47.89,-128.57,1.1679138,18.0445,10.45617994
47.89,-128.56,1.1679138,11.4959,10.45617994
47.89,-128.56,1.1679138,16.1803,10.45617994
47.89,-128.56,1.1679138,17.5665,10.45617994
47.89,-128.55,1.1679138,11.2808,10.45617994
47.89,-128.55,1.1679138,8.843,10.45617994
47.89,-128.54,1.414219,8.2694,9.502111225
47.89,-128.54,1.414219,7.4807,9.502111225
47.89,-128.54,1.414219,5.6643,9.502111225
47.9,-128.61,1.1679138,7.7675,10.45617994
47.89,-128.53,1.414219,3.4655,9.502111225
47.89,-128.53,1.414219,4.0152,9.502111225
47.89,-128.52,1.414219,4.9473,9.502111225
47.88,-128.52,1.414219,6.0467,9.502111225
47.9,-128.61,1.1679138,6.5008,10.45617994
47.9,-128.61,1.1679138,7.0027,10.45617994
47.9,-128.6,1.1679138,8.1021,10.45617994
47.9,-128.59,1.1679138,7.5285,10.45617994
47.9,-128.58,1.1679138,7.5046,10.45617994
47.89,-128.57,1.1679138,8.2455,10.45617994
47.92,-128.52,1.414219,4.0869,9.502111225
47.92,-128.55,1.1679138,6.4291,10.45617994
47.92,-128.55,1.1679138,6.5247,10.45617994
47.92,-128.55,1.1679138,8.5084,10.45617994
47.92,-128.55,1.1679138,12.4997,10.45617994
47.93,-128.56,1.1679138,10.4204,10.45617994
47.93,-128.56,1.1679138,10.3726,10.45617994
47.93,-128.56,1.1679138,8.8191,10.45617994
47.93,-128.56,1.1679138,6.692,10.45617994
47.93,-128.57,1.1679138,6.5964,10.45617994
47.93,-128.57,1.1679138,7.0266,10.45617994
47.92,-128.52,1.414219,4.0152,9.502111225
47.92,-128.53,1.414219,4.1586,9.502111225
47.92,-128.53,1.414219,4.1825,9.502111225
47.92,-128.54,1.414219,4.9234,9.502111225
47.92,-128.54,1.414219,5.4253,9.502111225
47.92,-128.54,1.414219,5.7121,9.502111225
47.92,-128.55,1.1679138,6.1901,10.45617994
47.93,-128.58,1.1679138,5.9272,10.45617994
47.93,-128.59,1.1679138,6.4052,10.45617994
47.93,-128.59,1.1679138,6.4769,10.45617994
47.93,-128.59,1.1679138,6.0706,10.45617994
47.93,-128.59,1.1679138,5.8794,10.45617994
47.93,-128.6,1.1679138,5.736,10.45617994
47.93,-128.6,1.1679138,5.6165,10.45617994
47.93,-128.6,1.1679138,5.7121,10.45617994
47.93,-128.6,1.1679138,5.9272,10.45617994
47.93,-128.6,1.1679138,6.0706,10.45617994
47.93,-128.58,1.1679138,5.8077,10.45617994
47.93,-128.61,1.1679138,6.0706,10.45617994
47.93,-128.61,1.1679138,6.3096,10.45617994
47.93,-128.61,1.1679138,6.453,10.45617994
47.93,-128.61,1.1679138,6.6681,10.45617994
47.93,-128.61,1.1679138,6.8115,10.45617994
47.93,-128.58,1.1679138,5.5448,10.45617994
47.93,-128.58,1.1679138,5.497,10.45617994
47.93,-128.59,1.1679138,5.5209,10.45617994
47.93,-128.59,1.1679138,5.5687,10.45617994
47.93,-128.59,1.1679138,5.6404,10.45617994
47.93,-128.59,1.1679138,5.7838,10.45617994
47.93,-128.59,1.1679138,6.0945,10.45617994
47.93,-128.61,1.1679138,6.5964,10.45617994
47.94,-128.62,1.1679138,6.3096,10.45617994
47.94,-128.62,1.1679138,6.3574,10.45617994
47.94,-128.63,1.1679138,6.692,10.45617994
47.94,-128.63,1.1679138,6.7637,10.45617994
47.94,-128.63,1.1679138,6.7876,10.45617994
47.94,-128.63,1.1679138,6.7159,10.45617994
47.94,-128.63,1.1679138,6.7398,10.45617994
47.94,-128.63,1.1679138,6.5247,10.45617994
47.94,-128.63,1.1679138,6.2857,10.45617994
47.94,-128.63,1.1679138,6.214,10.45617994
47.93,-128.61,1.1679138,6.692,10.45617994
47.94,-128.63,1.1679138,6.214,10.45617994
47.94,-128.63,1.1679138,6.1423,10.45617994
47.93,-128.61,1.1679138,6.7159,10.45617994
47.93,-128.61,1.1679138,6.7637,10.45617994
47.94,-128.61,1.1679138,6.8593,10.45617994
47.94,-128.62,1.1679138,6.692,10.45617994
47.94,-128.62,1.1679138,6.5725,10.45617994
47.94,-128.62,1.1679138,6.4291,10.45617994
47.94,-128.62,1.1679138,6.4052,10.45617994
47.91,-128.55,1.1679138,5.5209,10.45617994
47.91,-128.57,1.1679138,9.2732,10.45617994
47.91,-128.57,1.1679138,6.8354,10.45617994
47.91,-128.57,1.1679138,6.8593,10.45617994
47.91,-128.57,1.1679138,6.692,10.45617994
47.91,-128.58,1.1679138,7.0744,10.45617994
47.91,-128.58,1.1679138,7.0983,10.45617994
47.91,-128.58,1.1679138,7.5524,10.45617994
47.91,-128.59,1.1679138,7.8392,10.45617994
47.91,-128.59,1.1679138,7.7914,10.45617994
47.91,-128.59,1.1679138,7.7436,10.45617994
47.91,-128.55,1.1679138,6.3096,10.45617994
47.91,-128.59,1.1679138,7.4807,10.45617994
47.91,-128.6,1.1679138,7.1461,10.45617994
47.92,-128.6,1.1679138,6.931,10.45617994
47.92,-128.6,1.1679138,6.9788,10.45617994
47.92,-128.6,1.1679138,6.2857,10.45617994
47.91,-128.55,1.1679138,8.9864,10.45617994
47.91,-128.55,1.1679138,9.7512,10.45617994
47.91,-128.55,1.1679138,10.1575,10.45617994
47.91,-128.56,1.1679138,8.4845,10.45617994
47.91,-128.56,1.1679138,10.516,10.45617994
47.91,-128.56,1.1679138,15.1048,10.45617994
47.72,-127.79,3.251128,31.0939,6.267024742
47.72,-127.78,3.251128,8.126,6.267024742
47.72,-127.78,3.251128,8.843,6.267024742
47.72,-127.78,3.251128,6.5486,6.267024742
47.73,-127.78,3.251128,6.2618,6.267024742
47.73,-127.78,3.251128,6.3813,6.267024742
47.73,-127.78,3.251128,6.931,6.267024742
47.73,-127.77,3.251128,6.1423,6.267024742
47.73,-127.77,3.251128,6.0228,6.267024742
47.73,-127.77,3.251128,6.2379,6.267024742
47.74,-127.77,3.251128,6.6442,6.267024742
47.74,-127.77,3.251128,6.453,6.267024742
47.72,-127.79,3.251128,75.1416,6.267024742
47.72,-127.78,3.251128,48.3258,6.267024742
47.72,-127.78,3.251128,23.7566,6.267024742
47.72,-127.78,3.251128,14.4356,6.267024742
47.72,-127.78,3.251128,10.3726,6.267024742
47.72,-127.78,3.251128,9.6317,6.267024742
47.72,-127.78,3.251128,9.1537,6.267024742
47.89,-127.49,3.7126944,5.975,5.864538504
47.91,-127.59,3.4528952,5.1385,6.081164407
47.91,-127.59,3.4528952,5.3536,6.081164407
47.72,-127.82,3.251128,4.6844,6.267024742
47.71,-127.78,3.251128,28.5366,6.267024742
47.71,-127.78,3.251128,10.8028,6.267024742
47.71,-127.78,3.251128,10.0858,6.267024742
47.71,-127.78,3.251128,7.1939,6.267024742
47.71,-127.77,3.251128,5.2102,6.267024742
47.71,-127.77,3.251128,4.8995,6.267024742
47.71,-127.76,3.251128,4.5649,6.267024742
47.7,-127.75,3.251128,4.0869,6.267024742
47.7,-127.75,3.251128,3.9674,6.267024742
47.72,-127.8,3.251128,5.0429,6.267024742
47.71,-127.79,3.251128,6.1184,6.267024742
47.71,-127.79,3.251128,6.9549,6.267024742
47.71,-127.79,3.251128,22.4421,6.267024742
48.47,-128.78,0.34311613,9.6556,19.29113926
48.47,-128.8,0.34311613,9.4883,19.29113926
48.57,-128.69,0.44956386,8.8669,16.85321448
48.57,-128.69,0.44956386,6.2618,16.85321448
48.57,-128.69,0.44956386,6.3813,16.85321448
48.57,-128.7,0.44956386,8.0782,16.85321448
48.57,-128.7,0.44956386,9.2732,16.85321448
48.56,-128.7,0.44956386,8.5801,16.85321448
48.56,-128.7,0.44956386,11.3286,16.85321448
48.55,-128.71,0.59159386,14.0293,14.69151607
48.55,-128.71,0.59159386,11.8066,14.69151607
48.55,-128.72,0.59159386,9.8707,14.69151607
48.54,-128.72,0.59159386,8.0065,14.69151607
48.53,-128.72,0.59159386,7.2178,14.69151607
48.52,-128.73,0.59159386,6.6442,14.69151607
48.52,-128.73,0.59159386,7.2895,14.69151607
48.51,-128.74,0.59159386,7.3134,14.69151607
48.51,-128.74,0.59159386,5.1863,14.69151607
48.52,-128.82,0.34311613,3.9435,19.29113926
48.52,-128.8,0.34311613,3.8001,19.29113926
48.53,-128.79,0.34311613,3.8479,19.29113926
48.52,-128.78,0.34311613,3.585,19.29113926
48.52,-128.77,0.34311613,4.0391,19.29113926
48.51,-128.77,0.34311613,3.1787,19.29113926
48.5,-128.77,0.34311613,5.497,19.29113926
48.49,-128.76,0.34311613,6.2857,19.29113926
48.49,-128.76,0.34311613,6.4052,19.29113926
48.48,-128.76,0.34311613,6.5008,19.29113926
48.47,-128.75,0.34311613,7.3851,19.29113926
48.47,-128.75,0.34311613,8.3172,19.29113926
48.46,-128.74,0.59159386,10.1336,14.69151607
48.45,-128.74,0.59159386,9.8468,14.69151607
48.45,-128.74,0.59159386,24.0195,14.69151607
48.51,-128.78,0.34311613,3.6089,19.29113926
48.51,-128.78,0.34311613,4.5171,19.29113926
48.51,-128.77,0.34311613,2.868,19.29113926
48.51,-128.77,0.34311613,4.8517,19.29113926
48.5,-128.76,0.34311613,7.1461,19.29113926
48.5,-128.76,0.34311613,7.648,19.29113926
48.5,-128.75,0.34311613,5.8794,19.29113926
48.49,-128.74,0.59159386,4.9234,14.69151607
48.49,-128.73,0.59159386,8.1499,14.69151607
48.49,-128.73,0.59159386,9.4405,14.69151607
48.49,-128.72,0.59159386,9.321,14.69151607
48.48,-128.72,0.59159386,13.623,14.69151607
48.48,-128.71,0.59159386,17.7816,14.69151607
48.45,-128.72,0.59159386,18.4986,14.69151607
48.45,-128.72,0.59159386,25.6447,14.69151607
48.46,-128.71,0.59159386,69.1666,14.69151607
48.46,-128.71,0.59159386,36.5192,14.69151607
48.45,-128.7,0.59159386,31.3807,14.69151607
48.45,-128.7,0.59159386,17.4231,14.69151607
48.44,-128.69,0.79336768,13.8859,12.68648152
48.44,-128.69,0.79336768,14.4595,12.68648152
48.44,-128.69,0.79336768,16.8973,12.68648152
48.44,-128.68,0.79336768,36.0173,12.68648152
48.43,-128.68,0.79336768,76.48,12.68648152
48.43,-128.68,0.79336768,50.8831,12.68648152
48.43,-128.67,0.79336768,21.1037,12.68648152
48.43,-128.67,0.79336768,16.3476,12.68648152
48.43,-128.67,0.79336768,13.2884,12.68648152
48.43,-128.66,0.79336768,11.1374,12.68648152
48.4,-128.73,0.79336768,20.0999,12.68648152
48.4,-128.73,0.79336768,16.1803,12.68648152
48.4,-128.72,0.79336768,23.7805,12.68648152
48.4,-128.72,0.79336768,18.4508,12.68648152
48.4,-128.72,0.79336768,15.7501,12.68648152
48.4,-128.71,0.79336768,15.6306,12.68648152
48.4,-128.7,0.79336768,16.3237,12.68648152
48.4,-128.7,0.79336768,16.4193,12.68648152
48.4,-128.69,0.79336768,14.7224,12.68648152
48.4,-128.69,0.79336768,15.0809,12.68648152
48.39,-128.68,0.79336768,18.8332,12.68648152
48.39,-128.68,0.79336768,16.491,12.68648152
48.39,-128.67,0.79336768,14.0771,12.68648152
48.39,-128.67,0.79336768,14.0771,12.68648152
48.39,-128.66,0.79336768,15.4872,12.68648152
48.39,-128.66,0.79336768,16.3954,12.68648152
48.39,-128.65,0.79336768,13.0972,12.68648152
48.39,-128.64,1.033847,16.7061,11.11348602
48.39,-128.64,1.033847,18.8093,11.11348602
48.39,-128.63,1.033847,21.5578,11.11348602
48.39,-128.63,1.033847,12.7626,11.11348602
48.38,-128.62,1.033847,11.1135,11.11348602
48.38,-128.61,1.033847,8.4845,11.11348602
48.38,-128.61,1.033847,7.2656,11.11348602
48.4,-128.84,0.53057241,31.5241,15.51336862
48.4,-128.83,0.53057241,34.1531,15.51336862
48.39,-128.83,0.53057241,35.7783,15.51336862
48.39,-128.82,0.53057241,22.7528,15.51336862
48.39,-128.82,0.53057241,20.6735,15.51336862
48.39,-128.81,0.53057241,18.2357,15.51336862
48.39,-128.79,0.53057241,14.3878,15.51336862
48.38,-128.79,0.53057241,14.2922,15.51336862
48.39,-128.78,0.53057241,14.0054,15.51336862
48.39,-128.77,0.53057241,12.8821,15.51336862
48.39,-128.77,0.53057241,12.189,15.51336862
48.39,-128.76,0.53057241,11.6393,15.51336862
48.39,-128.75,0.53057241,12.667,15.51336862
48.39,-128.73,0.79336768,21.8446,12.68648152
48.39,-128.72,0.79336768,18.1162,12.68648152
48.39,-128.72,0.79336768,15.9174,12.68648152
48.39,-128.71,0.79336768,14.818,12.68648152
48.39,-128.71,0.79336768,13.2167,12.68648152
48.44,-128.76,0.53057241,13.6947,15.51336862
48.44,-128.76,0.53057241,13.3601,15.51336862
48.44,-128.75,0.53057241,14.1966,15.51336862
48.44,-128.75,0.53057241,15.3199,15.51336862
48.44,-128.74,0.79336768,13.5513,12.68648152
48.44,-128.73,0.79336768,15.7979,12.68648152
48.44,-128.72,0.79336768,16.8256,12.68648152
48.44,-128.72,0.79336768,19.4068,12.68648152
48.44,-128.7,0.79336768,20.4823,12.68648152
48.44,-128.7,0.79336768,15.6067,12.68648152
48.44,-128.69,0.79336768,14.1966,12.68648152
48.44,-128.69,0.79336768,15.2243,12.68648152
48.44,-128.68,0.79336768,39.7935,12.68648152
48.44,-128.68,0.79336768,54.9222,12.68648152
48.44,-128.67,0.79336768,17.3753,12.68648152
48.44,-128.66,0.79336768,10.0141,12.68648152
48.44,-128.65,0.79336768,5.2102,12.68648152
48.44,-128.63,1.033847,6.931,11.11348602
48.29,-128.69,0.80387408,12.7148,12.60330455
48.3,-128.7,0.80387408,26.3139,12.60330455
48.31,-128.7,0.80387408,9.2493,12.60330455
48.32,-128.71,0.80387408,6.6442,12.60330455
48.32,-128.71,0.80387408,7.7675,12.60330455
48.33,-128.72,0.80387408,7.6958,12.60330455
48.34,-128.72,0.80387408,9.4405,12.60330455
48.34,-128.73,0.80387408,10.0858,12.60330455
48.35,-128.73,0.79336768,11.9978,12.68648152
48.36,-128.74,0.79336768,13.145,12.68648152
48.37,-128.74,0.79336768,18.8332,12.68648152
48.37,-128.74,0.79336768,22.3465,12.68648152
48.38,-128.75,0.53057241,16.0847,15.51336862
48.39,-128.75,0.53057241,14.0054,15.51336862
48.4,-128.76,0.53057241,14.0293,15.51336862
48.29,-128.78,0.54432315,7.4807,15.31616516
48.29,-128.78,0.54432315,6.931,15.31616516
48.31,-128.78,0.54432315,6.9788,15.31616516
48.33,-128.78,0.54432315,7.6958,15.31616516
48.33,-128.78,0.54432315,8.6279,15.31616516
48.34,-128.78,0.54432315,8.4367,15.31616516
48.34,-128.78,0.54432315,8.7235,15.31616516
48.35,-128.78,0.53057241,8.4606,15.51336862
48.35,-128.78,0.53057241,8.0065,15.51336862
48.36,-128.8,0.53057241,7.2417,15.51336862
48.36,-128.81,0.53057241,9.2015,15.51336862
48.36,-128.83,0.53057241,11.2091,15.51336862
48.36,-128.83,0.53057241,14.9853,15.51336862
48.36,-128.83,0.53057241,19.2873,15.51336862
48.36,-128.84,0.53057241,24.4258,15.51336862
48.36,-128.85,0.53057241,30.8071,15.51336862
48.37,-128.86,0.25480604,27.485,22.38584974
48.37,-128.87,0.25480604,26.1705,22.38584974
48.38,-128.88,0.25480604,27.6762,22.38584974
48.38,-128.9,0.25480604,25.7164,22.38584974
48.35,-128.77,0.53057241,8.7713,15.51336862
48.36,-128.77,0.53057241,8.1499,15.51336862
48.39,-128.77,0.53057241,12.7387,15.51336862
48.41,-128.73,0.79336768,20.5062,12.68648152
48.42,-128.73,0.79336768,20.5779,12.68648152
48.41,-128.74,0.79336768,17.686,12.68648152
48.41,-128.75,0.53057241,14.9136,15.51336862
48.42,-128.75,0.53057241,16.2281,15.51336862
48.42,-128.77,0.53057241,18.2357,15.51336862
48.42,-128.77,0.53057241,16.6822,15.51336862
48.42,-128.78,0.53057241,16.8734,15.51336862
48.42,-128.78,0.53057241,17.7577,15.51336862
48.42,-128.79,0.53057241,18.8332,15.51336862
48.42,-128.79,0.53057241,21.0559,15.51336862
48.43,-128.8,0.53057241,22.9201,15.51336862
48.43,-128.8,0.53057241,24.4497,15.51336862
48.43,-128.81,0.53057241,27.5567,15.51336862
48.43,-128.82,0.53057241,39.7935,15.51336862
48.43,-128.83,0.53057241,26.8636,15.51336862
48.43,-128.84,0.53057241,21.2232,15.51336862
48.43,-128.85,0.53057241,24.3302,15.51336862
48.43,-128.85,0.53057241,18.9288,15.51336862
48.43,-128.85,0.53057241,21.7968,15.51336862
48.43,-128.86,0.25480604,21.4383,22.38584974
48.44,-128.76,0.53057241,18.2835,15.51336862
48.44,-128.76,0.53057241,16.491,15.51336862
48.44,-128.77,0.53057241,13.0494,15.51336862
48.44,-128.78,0.53057241,13.145,15.51336862
48.45,-128.78,0.34311613,11.9978,19.29113926
48.45,-128.79,0.34311613,11.4003,19.29113926
48.45,-128.79,0.34311613,11.4959,19.29113926
48.46,-128.8,0.34311613,10.1814,19.29113926
48.46,-128.81,0.34311613,11.4003,19.29113926
48.46,-128.82,0.34311613,10.2531,19.29113926
48.46,-128.82,0.34311613,12.906,19.29113926
48.46,-128.83,0.34311613,20.076,19.29113926
48.46,-128.84,0.34311613,29.7794,19.29113926
48.46,-128.85,0.34311613,27.9869,19.29113926
48.47,-128.86,0.15120271,36.5909,29.06020382
48.47,-128.57,0.8665905,9.9424,12.13868053
48.47,-128.58,0.8665905,10.0619,12.13868053
48.47,-128.58,0.8665905,11.4959,12.13868053
48.47,-128.59,0.8665905,11.0179,12.13868053
48.47,-128.59,0.8665905,10.6116,12.13868053
48.47,-128.6,0.8665905,12.3802,12.13868053
48.47,-128.6,0.8665905,5.2819,12.13868053
48.48,-128.61,0.8665905,14.7941,12.13868053
48.48,-128.62,0.8665905,8.5562,12.13868053
48.48,-128.62,0.8665905,8.7952,12.13868053
48.48,-128.63,0.8665905,8.6757,12.13868053
48.48,-128.63,0.8665905,15.2721,12.13868053
48.48,-128.63,0.8665905,12.5714,12.13868053
48.48,-128.64,0.8665905,13.1211,12.13868053
48.48,-128.65,0.59159386,9.8229,14.69151607
48.45,-128.61,0.8665905,22.0836,12.13868053
48.46,-128.61,0.8665905,26.051,12.13868053
48.46,-128.62,0.8665905,10.1575,12.13868053
48.46,-128.62,0.8665905,8.4845,12.13868053
48.45,-128.63,0.8665905,9.2493,12.13868053
48.45,-128.63,0.8665905,7.7675,12.13868053
48.45,-128.63,0.8665905,5.975,12.13868053
48.45,-128.63,0.8665905,19.8131,12.13868053
48.45,-128.64,0.8665905,15.0809,12.13868053
48.45,-128.64,0.8665905,8.9864,12.13868053
48.45,-128.65,0.59159386,11.233,14.69151607
48.45,-128.65,0.59159386,10.516,14.69151607
48.45,-128.65,0.59159386,9.9902,14.69151607
48.45,-128.65,0.59159386,11.7827,14.69151607
48.45,-128.66,0.59159386,9.4644,14.69151607
48.43,-128.73,0.79336768,16.6583,12.68648152
48.44,-128.73,0.79336768,16.6822,12.68648152
48.44,-128.73,0.79336768,16.7061,12.68648152
48.45,-128.73,0.59159386,16.252,14.69151607
48.45,-128.72,0.59159386,18.5703,14.69151607
48.46,-128.72,0.59159386,42.064,14.69151607
48.46,-128.71,0.59159386,29.4687,14.69151607
48.47,-128.71,0.59159386,35.5632,14.69151607
48.47,-128.71,0.59159386,35.7544,14.69151607
48.47,-128.7,0.59159386,23.0157,14.69151607
48.47,-128.7,0.59159386,22.3943,14.69151607
48.48,-128.7,0.59159386,25.3818,14.69151607
48.48,-128.7,0.59159386,24.9516,14.69151607
48.48,-128.69,0.59159386,26.0032,14.69151607
48.49,-128.69,0.59159386,21.4144,14.69151607
48.49,-128.69,0.59159386,17.7338,14.69151607
48.5,-128.69,0.59159386,15.2243,14.69151607
48.5,-128.69,0.59159386,15.2004,14.69151607
48.51,-128.69,0.59159386,12.4041,14.69151607
48.51,-128.68,0.59159386,9.9902,14.69151607
48.45,-128.65,0.59159386,10.8267,14.69151607
48.45,-128.65,0.59159386,10.8267,14.69151607
48.45,-128.66,0.59159386,8.6518,14.69151607
48.45,-128.66,0.59159386,9.5361,14.69151607
48.45,-128.66,0.59159386,9.2254,14.69151607
48.45,-128.67,0.59159386,4.2064,14.69151607
48.45,-128.67,0.59159386,3.6567,14.69151607
48.45,-128.68,0.59159386,9.8229,14.69151607
48.45,-128.68,0.59159386,10.1814,14.69151607
48.45,-128.69,0.59159386,11.1374,14.69151607
48.45,-128.69,0.59159386,12.5236,14.69151607
48.46,-128.7,0.59159386,17.4231,14.69151607
48.46,-128.7,0.59159386,23.7566,14.69151607
48.46,-128.7,0.59159386,39.7457,14.69151607
48.46,-128.71,0.59159386,63.4067,14.69151607
48.46,-128.71,0.59159386,106.0921,14.69151607
48.46,-128.71,0.59159386,45.3622,14.69151607
48.46,-128.71,0.59159386,26.2661,14.69151607
48.46,-128.72,0.59159386,21.6056,14.69151607
48.47,-128.72,0.59159386,19.8848,14.69151607
48.47,-128.72,0.59159386,19.12,14.69151607
48.47,-128.71,0.59159386,20.6018,14.69151607
48.47,-128.71,0.59159386,22.0597,14.69151607
48.47,-128.71,0.59159386,25.0711,14.69151607
48.47,-128.71,0.59159386,28.2259,14.69151607
48.48,-128.7,0.59159386,25.1428,14.69151607
48.48,-128.7,0.59159386,20.3389,14.69151607
48.48,-128.7,0.59159386,18.9049,14.69151607
48.48,-128.69,0.59159386,14.5551,14.69151607
48.48,-128.68,0.59159386,10.0619,14.69151607
48.48,-128.67,0.59159386,10.2053,14.69151607
48.48,-128.67,0.59159386,9.321,14.69151607
48.47,-128.73,0.59159386,14.7702,14.69151607
48.47,-128.73,0.59159386,14.4834,14.69151607
48.47,-128.73,0.59159386,16.2281,14.69151607
48.47,-128.73,0.59159386,20.8408,14.69151607
48.46,-128.72,0.59159386,21.9402,14.69151607
48.46,-128.72,0.59159386,36.1129,14.69151607
48.46,-128.71,0.59159386,108.9601,14.69151607
48.46,-128.71,0.59159386,72.2258,14.69151607
48.46,-128.71,0.59159386,46.0314,14.69151607
48.46,-128.71,0.59159386,41.6338,14.69151607
48.46,-128.71,0.59159386,43.3307,14.69151607
48.46,-128.71,0.59159386,48.4931,14.69151607
48.46,-128.71,0.59159386,48.5409,14.69151607
48.46,-128.71,0.59159386,43.3785,14.69151607
48.46,-128.71,0.59159386,39.2916,14.69151607
48.46,-128.71,0.59159386,35.8022,14.69151607
48.47,-128.71,0.59159386,31.4763,14.69151607
48.47,-128.71,0.59159386,29.5404,14.69151607
48.47,-128.71,0.59159386,25.7164,14.69151607
48.48,-128.68,0.59159386,9.9902,14.69151607
48.48,-128.67,0.59159386,9.8707,14.69151607
48.47,-128.68,0.59159386,9.7034,14.69151607
48.47,-128.68,0.59159386,9.7751,14.69151607
48.47,-128.68,0.59159386,9.8468,14.69151607
48.47,-128.68,0.59159386,9.9902,14.69151607
48.46,-128.68,0.59159386,10.038,14.69151607
48.46,-128.68,0.59159386,9.9902,14.69151607
48.45,-128.68,0.59159386,10.3487,14.69151607
48.45,-128.68,0.59159386,10.1336,14.69151607
48.45,-128.68,0.59159386,8.6518,14.69151607
48.44,-128.68,0.79336768,4.4693,12.68648152
48.44,-128.68,0.79336768,12.1651,12.68648152
48.44,-128.68,0.79336768,12.8821,12.68648152
48.44,-128.68,0.79336768,13.9576,12.68648152
48.44,-128.68,0.79336768,16.3476,12.68648152
48.44,-128.68,0.79336768,15.1048,12.68648152
48.44,-128.68,0.79336768,23.0635,12.68648152
48.44,-128.68,0.79336768,18.2596,12.68648152
48.43,-128.68,0.79336768,117.2773,12.68648152
48.43,-128.68,0.79336768,87.1394,12.68648152
48.43,-128.68,0.79336768,35.4676,12.68648152
48.42,-128.68,0.79336768,20.1238,12.68648152
48.42,-128.68,0.79336768,14.34,12.68648152
48.41,-128.68,0.79336768,12.6431,12.68648152
48.41,-128.68,0.79336768,7.3373,12.68648152
48.4,-128.68,0.79336768,11.5676,12.68648152
48.4,-128.68,0.79336768,7.1222,12.68648152
48.4,-128.68,0.79336768,7.4329,12.68648152
48.39,-128.68,0.79336768,6.453,12.68648152
48.38,-128.68,0.79336768,33.5795,12.68648152
48.38,-128.68,0.79336768,14.4834,12.68648152
48.42,-128.72,0.79336768,21.5339,12.68648152
48.42,-128.71,0.79336768,18.0923,12.68648152
48.42,-128.71,0.79336768,15.7262,12.68648152
48.43,-128.7,0.79336768,15.3199,12.68648152
48.43,-128.69,0.79336768,15.8457,12.68648152
48.43,-128.69,0.79336768,21.1515,12.68648152
48.44,-128.69,0.79336768,25.3818,12.68648152
48.44,-128.68,0.79336768,8.7952,12.68648152
48.45,-128.67,0.59159386,9.3927,14.69151607
48.46,-128.66,0.59159386,7.7197,14.69151607
48.44,-128.67,0.79336768,11.2091,12.68648152
48.44,-128.67,0.79336768,10.994,12.68648152
48.45,-128.67,0.59159386,10.3487,14.69151607
48.45,-128.66,0.59159386,9.6556,14.69151607
48.45,-128.66,0.59159386,9.3449,14.69151607
48.44,-128.66,0.79336768,9.7273,12.68648152
48.44,-128.66,0.79336768,9.7751,12.68648152
48.43,-128.66,0.79336768,10.3248,12.68648152
48.43,-128.66,0.79336768,11.0418,12.68648152
48.43,-128.66,0.79336768,6.5964,12.68648152
48.43,-128.66,0.79336768,12.0695,12.68648152
48.42,-128.66,0.79336768,11.7349,12.68648152
48.42,-128.67,0.79336768,11.5915,12.68648152
48.41,-128.67,0.79336768,10.8506,12.68648152
48.41,-128.67,0.79336768,5.9272,12.68648152
48.4,-128.67,0.79336768,10.7789,12.68648152
48.4,-128.66,0.79336768,7.6719,12.68648152
48.4,-128.66,0.79336768,12.5714,12.68648152
48.41,-128.65,0.79336768,9.8946,12.68648152
48.4,-128.64,1.033847,10.3487,11.11348602
48.4,-128.64,1.033847,11.6154,11.11348602
48.4,-128.64,1.033847,13.9337,11.11348602
48.49,-128.63,0.8665905,29.6121,12.13868053
48.49,-128.63,0.8665905,28.8473,12.13868053
48.49,-128.63,0.8665905,30.1618,12.13868053
48.49,-128.64,0.8665905,12.1173,12.13868053
48.48,-128.64,0.8665905,12.1412,12.13868053
48.48,-128.64,0.8665905,11.8066,12.13868053
48.48,-128.64,0.8665905,11.4242,12.13868053
48.48,-128.64,0.8665905,10.7311,12.13868053
48.48,-128.64,0.8665905,12.7865,12.13868053
48.47,-128.64,0.8665905,11.7827,12.13868053
48.47,-128.64,0.8665905,13.1928,12.13868053
48.47,-128.64,0.8665905,16.3715,12.13868053
48.46,-128.64,0.8665905,22.9918,12.13868053
48.46,-128.64,0.8665905,156.6645,12.13868053
48.46,-128.64,0.8665905,30.9266,12.13868053
48.45,-128.64,0.8665905,12.9538,12.13868053
48.45,-128.64,0.8665905,12.0217,12.13868053
48.45,-128.64,0.8665905,11.472,12.13868053
48.44,-128.64,1.033847,11.4481,11.11348602
48.44,-128.64,1.033847,12.0456,11.11348602
48.44,-128.64,1.033847,11.3525,11.11348602
48.44,-128.65,0.79336768,11.1613,12.68648152
48.44,-128.65,0.79336768,11.472,12.68648152
48.43,-128.65,0.79336768,11.2091,12.68648152
48.43,-128.65,0.79336768,11.2091,12.68648152
48.43,-128.65,0.79336768,13.5035,12.68648152
48.43,-128.65,0.79336768,15.3916,12.68648152
48.42,-128.65,0.79336768,17.7338,12.68648152
48.42,-128.65,0.79336768,17.0168,12.68648152
48.42,-128.65,0.79336768,15.7979,12.68648152
48.42,-128.65,0.79336768,14.4595,12.68648152
48.41,-128.65,0.79336768,12.3802,12.68648152
48.41,-128.66,0.79336768,13.5274,12.68648152
48.41,-128.66,0.79336768,7.1222,12.68648152
48.41,-128.66,0.79336768,11.8544,12.68648152
48.43,-128.69,0.79336768,19.359,12.68648152
48.43,-128.69,0.79336768,21.6773,12.68648152
48.43,-128.69,0.79336768,27.1026,12.68648152
48.43,-128.69,0.79336768,39.3872,12.68648152
48.43,-128.68,0.79336768,73.8988,12.68648152
48.43,-128.68,0.79336768,112.6646,12.68648152
48.43,-128.68,0.79336768,44.7408,12.68648152
48.43,-128.67,0.79336768,25.6208,12.68648152
48.43,-128.66,0.79336768,13.1689,12.68648152
48.43,-128.66,0.79336768,11.9978,12.68648152
48.42,-128.65,0.79336768,10.038,12.68648152
48.42,-128.65,0.79336768,7.2895,12.68648152
48.42,-128.59,1.033847,9.5839,11.11348602
48.42,-128.6,1.033847,9.7273,11.11348602
48.42,-128.6,1.033847,10.2531,11.11348602
48.42,-128.6,1.033847,10.994,11.11348602
48.42,-128.61,1.033847,11.0657,11.11348602
48.42,-128.61,1.033847,9.9424,11.11348602
48.42,-128.62,1.033847,10.3248,11.11348602
48.42,-128.62,1.033847,14.0771,11.11348602
48.42,-128.63,1.033847,10.9462,11.11348602
48.42,-128.63,1.033847,12.0934,11.11348602
48.42,-128.63,1.033847,11.0179,11.11348602
48.42,-128.63,1.033847,10.7789,11.11348602
48.42,-128.64,1.033847,10.755,11.11348602
48.42,-128.64,1.033847,9.8229,11.11348602
48.42,-128.64,1.033847,8.4606,11.11348602
48.42,-128.64,1.033847,8.7235,11.11348602
48.42,-128.65,0.79336768,6.5964,12.68648152
48.42,-128.65,0.79336768,15.6784,12.68648152
48.42,-128.65,0.79336768,8.4845,12.68648152
48.42,-128.65,0.79336768,13.3362,12.68648152
48.42,-128.66,0.79336768,12.2607,12.68648152
48.42,-128.66,0.79336768,11.5676,12.68648152
48.42,-128.67,0.79336768,11.2569,12.68648152
48.42,-128.67,0.79336768,12.428,12.68648152
48.42,-128.67,0.79336768,13.9815,12.68648152
48.42,-128.68,0.79336768,7.3851,12.68648152
48.42,-128.68,0.79336768,22.1314,12.68648152
48.43,-128.68,0.79336768,30.7115,12.68648152
48.43,-128.68,0.79336768,40.0803,12.68648152
48.43,-128.68,0.79336768,44.8603,12.68648152
48.43,-128.68,0.79336768,83.2676,12.68648152
48.43,-128.68,0.79336768,99.9737,12.68648152
48.43,-128.68,0.79336768,23.3981,12.68648152
48.44,-128.69,0.79336768,20.1955,12.68648152
48.44,-128.69,0.79336768,15.5828,12.68648152
48.44,-128.69,0.79336768,14.0532,12.68648152
48.44,-128.7,0.79336768,13.9576,12.68648152
48.44,-128.7,0.79336768,15.0331,12.68648152
48.44,-128.7,0.79336768,16.7061,12.68648152
48.44,-128.71,0.79336768,19.5741,12.68648152
48.44,-128.71,0.79336768,24.7843,12.68648152
48.44,-128.71,0.79336768,23.8761,12.68648152
48.44,-128.72,0.79336768,22.3226,12.68648152
48.45,-128.71,0.59159386,21.0798,14.69151607
48.45,-128.71,0.59159386,23.9239,14.69151607
48.45,-128.71,0.59159386,26.6007,14.69151607
48.45,-128.71,0.59159386,41.0124,14.69151607
48.46,-128.71,0.59159386,128.8927,14.69151607
48.46,-128.71,0.59159386,44.5974,14.69151607
48.46,-128.71,0.59159386,30.8788,14.69151607
48.47,-128.71,0.59159386,35.3003,14.69151607
48.47,-128.7,0.59159386,40.8212,14.69151607
48.47,-128.7,0.59159386,30.9027,14.69151607
48.48,-128.7,0.59159386,26.0032,14.69151607
48.47,-128.66,0.59159386,3.824,14.69151607
48.47,-128.66,0.59159386,8.8669,14.69151607
48.47,-128.66,0.59159386,9.0581,14.69151607
48.46,-128.65,0.59159386,10.5877,14.69151607
48.46,-128.65,0.59159386,12.4041,14.69151607
48.46,-128.65,0.59159386,16.6583,14.69151607
48.46,-128.64,0.8665905,26.9353,12.13868053
48.46,-128.64,0.8665905,59.4871,12.13868053
48.46,-128.64,0.8665905,57.8619,12.13868053
48.46,-128.63,0.8665905,9.6078,12.13868053
48.46,-128.63,0.8665905,8.8669,12.13868053
48.46,-128.62,0.8665905,10.0619,12.13868053
48.46,-128.62,0.8665905,11.2808,12.13868053
48.46,-128.62,0.8665905,15.6067,12.13868053
48.46,-128.61,0.8665905,34.5116,12.13868053
48.46,-128.61,0.8665905,34.894,12.13868053
48.45,-128.61,0.8665905,12.9299,12.13868053
48.45,-128.6,0.8665905,10.3487,12.13868053
48.45,-128.6,0.8665905,9.9663,12.13868053
48.45,-128.59,0.8665905,10.994,12.13868053
48.45,-128.59,0.8665905,10.3487,12.13868053
48.46,-128.63,0.8665905,12.8104,12.13868053
48.46,-128.63,0.8665905,14.7463,12.13868053
48.46,-128.63,0.8665905,27.7718,12.13868053
48.46,-128.63,0.8665905,19.5263,12.13868053
48.46,-128.64,0.8665905,20.554,12.13868053
48.46,-128.64,0.8665905,16.8734,12.13868053
48.46,-128.64,0.8665905,19.2634,12.13868053
48.46,-128.64,0.8665905,15.535,12.13868053
48.46,-128.65,0.59159386,11.3764,14.69151607
48.46,-128.66,0.59159386,7.7197,14.69151607
48.46,-128.66,0.59159386,6.7398,14.69151607
48.46,-128.67,0.59159386,7.0505,14.69151607
48.46,-128.67,0.59159386,7.7197,14.69151607
48.46,-128.68,0.59159386,8.0782,14.69151607
48.46,-128.68,0.59159386,8.9147,14.69151607
48.46,-128.69,0.59159386,9.6795,14.69151607
48.46,-128.7,0.59159386,11.8544,14.69151607
48.46,-128.7,0.59159386,29.8033,14.69151607
48.46,-128.71,0.59159386,2.7007,14.69151607
48.46,-128.71,0.59159386,58.316,14.69151607
48.46,-128.71,0.59159386,150.092,14.69151607
48.46,-128.71,0.59159386,83.1481,14.69151607
48.46,-128.71,0.59159386,0.9321,14.69151607
48.46,-128.71,0.59159386,189.5748,14.69151607
48.46,-128.71,0.59159386,54.5398,14.69151607
48.46,-128.72,0.59159386,29.3492,14.69151607
48.46,-128.72,0.59159386,28.8951,14.69151607
48.46,-128.72,0.59159386,31.5002,14.69151607
48.46,-128.72,0.59159386,24.6887,14.69151607
48.46,-128.72,0.59159386,27.6045,14.69151607
48.46,-128.72,0.59159386,31.2134,14.69151607
48.46,-128.71,0.59159386,36.7582,14.69151607
48.46,-128.71,0.59159386,162.2332,14.69151607
48.46,-128.71,0.59159386,51.1938,14.69151607
48.46,-128.71,0.59159386,39.2677,14.69151607
48.46,-128.7,0.59159386,24.5931,14.69151607
48.46,-128.71,0.59159386,31.07,14.69151607
48.46,-128.71,0.59159386,115.1502,14.69151607
48.46,-128.71,0.59159386,181.6161,14.69151607
48.46,-128.71,0.59159386,98.1334,14.69151607
48.46,-128.71,0.59159386,35.9695,14.69151607
48.46,-128.72,0.59159386,29.636,14.69151607
48.46,-128.71,0.59159386,35.4676,14.69151607
48.46,-128.71,0.59159386,45.7924,14.69151607
48.46,-128.71,0.59159386,105.9726,14.69151607
48.46,-128.71,0.59159386,142.5157,14.69151607
48.46,-128.71,0.59159386,56.6669,14.69151607
48.46,-128.71,0.59159386,38.5985,14.69151607
44.65,-130.85,1.9146042,4.541,8.166555913
44.48,-129.88,0.78107381,0.956,12.78593245
44.63,-130.13,0.36031222,1.912,18.82517178
44.62,-130.52,0.67423803,13.384,13.7616916
44.65,-130.77,1.9146042,2.629,8.166555913
45.87,-130.57,2.5964611,5.019,7.012736701
45.8,-130.82,3.3465738,6.692,6.177009086
46.2,-130.02,1.1109359,3.346,10.7209666
50.07,-132.42,7.3883481,0.6931,4.157236857
48.32,-131.63,6.8122478,1.195,4.329454949
46.25,-131.98,7.888742,0.7887,4.023227277
43.85,-130.92,5.6550808,3.2026,4.751809662
42.32,-130.65,6.8167458,0.5019,4.328026327
40.6,-130.43,6.2645273,0.0956,4.514756068
40.58,-129.37,4.2579012,3.6089,5.476217056
38.58,-127.75,33.229568,0.5975,1.960270913
46.8,-125.53,8.4658957,2.0315,3.883667016
46.8,-125.55,8.262826,2.0076,3.931100436
46.8,-125.55,8.262826,2.151,3.931100436
46.8,-125.56,8.262826,2.2466,3.931100436
46.8,-125.57,8.262826,2.4378,3.931100436
46.8,-125.57,8.262826,2.7963,3.931100436
46.78,-125.76,7.7502818,2.0076,4.059006031
46.79,-125.69,8.0188046,2.4617,3.990466122
46.79,-125.71,8.0188046,2.1749,3.990466122
46.78,-125.77,7.7502818,2.0554,4.059006031
46.79,-125.72,8.0188046,2.1271,3.990466122
46.78,-125.78,7.7502818,2.7246,4.059006031
46.78,-125.73,8.0188046,2.0554,3.990466122
46.78,-125.75,7.7502818,2.0793,4.059006031
46.77,-125.92,7.4773855,2.6529,4.132411465
46.77,-125.94,7.4773855,2.7007,4.132411465
46.77,-125.95,7.2581306,2.629,4.194363392
46.76,-125.96,7.2581306,2.5095,4.194363392
46.76,-125.98,7.2581306,2.5573,4.194363392
46.76,-125.98,7.2581306,2.5095,4.194363392
46.76,-125.98,7.2581306,2.4378,4.194363392
46.76,-126.04,7.2581306,2.7246,4.194363392
46.76,-126.04,7.2581306,2.5812,4.194363392
46.76,-126.05,7.0691643,2.5573,4.250053585
46.74,-126.23,6.8100848,7.4568,4.330142449
46.74,-126.22,6.8100848,4.3498,4.330142449
46.74,-126.2,6.8100848,2.5573,4.330142449
46.74,-126.19,6.8100848,3.0353,4.330142449
46.74,-126.18,6.8100848,2.7724,4.330142449
46.75,-126.16,6.8100848,2.7724,4.330142449
46.74,-126.18,6.8100848,2.8441,4.330142449
46.74,-126.2,6.8100848,3.2265,4.330142449
46.74,-126.21,6.8100848,3.6567,4.330142449
46.74,-126.21,6.8100848,3.824,4.330142449
46.74,-126.22,6.8100848,6.0945,4.330142449
46.74,-126.24,6.8100848,10.1336,4.330142449
46.74,-126.24,6.8100848,10.4682,4.330142449
46.74,-126.25,6.8100848,9.5839,4.330142449
46.68,-126.14,7.0371647,2.6051,4.259705609
46.68,-126.15,6.8100848,2.6529,4.330142449
46.68,-126.16,6.8100848,2.9158,4.330142449
46.67,-126.18,6.8100848,2.7485,4.330142449
46.67,-126.19,6.8100848,2.9636,4.330142449
46.67,-126.2,6.8100848,3.0114,4.330142449
39.02,-120.07,16.215477,0.9799,2.806167427
39.05,-120,16.215477,1.5535,2.806167427
39.05,-120.03,16.215477,2.2227,2.806167427
39.12,-120.02,16.215477,2.1988,2.806167427
39.17,-120,16.215477,1.6013,2.806167427
39.2,-119.98,16.215477,1.1472,2.806167427
39.2,-119.98,16.215477,1.1472,2.806167427
39.15,-120.02,16.215477,1.673,2.806167427
39.07,-120.03,16.215477,1.5057,2.806167427
39.07,-120.03,16.215477,1.5057,2.806167427
39.1,-120.07,16.215477,1.673,2.806167427
43.52,-119.72,9.5357075,2.4856,3.659333428
43.48,-119.54,9.5357075,1.7925,3.659333428
43.48,-119.54,9.5357075,1.7925,3.659333428
43.3,-119.15,9.4671307,1.7925,3.672563021
43.22,-119.25,9.2272873,2.0793,3.719986998
43.35,-119.12,9.4671307,1.0994,3.672563021
43.44,-119.02,9.5350513,0.9799,3.659459343
43.58,-119.41,9.5827484,1.4818,3.6503407
43.48,-119.54,9.5357075,3.3938,3.659333428
43.48,-119.54,9.5357075,3.4894,3.659333428
43.43,-119.62,9.5350513,2.2944,3.659459343
43.31,-119.76,9.4671307,0.7887,3.672563021
43.19,-119.89,9.2272873,1.9837,3.719986998
43.31,-119.78,9.4671307,1.8881,3.672563021
43.66,-119.94,9.5827484,1.4818,3.6503407
43.51,-120.04,9.5357075,2.8919,3.659333428
43.49,-120.1,9.5357075,1.8881,3.659333428
43.77,-120.38,9.5827484,2.0793,3.6503407
43.77,-120.38,9.5827484,2.0793,3.6503407
43.86,-120.26,9.8749847,1.7925,3.59592171
45.21,-119.34,9.5008411,1.8881,3.666041831
43.21,-119.04,9.2272873,2.9875,3.719986998
52.22,-132.15,6.5335484,6.453,4.420830737
52.22,-132.14,6.103384,6.3335,4.573967728
52.27,-132.1,6.1315002,3.4416,4.563468637
52.27,-132.09,6.1315002,3.2026,4.563468637
52.27,-132.09,6.1315002,3.3221,4.563468637
52.54,-132.31,7.263514,1.7686,4.192808764
52.54,-132.31,7.263514,1.6491,4.192808764
52.55,-132.3,7.263514,1.3384,4.192808764
52.58,-132.27,7.263514,1.6013,4.192808764
52.61,-132.16,7.0473046,1.5774,4.256640001
52.41,-131.94,5.7069907,1.8403,4.730149434
52.17,-131.72,4.5949821,1.5774,5.271528169
52.16,-131.77,5.1155453,1.912,4.996115572
52.34,-131.99,5.8991323,1.8403,4.652478506
52.34,-131.99,5.8991323,2.0076,4.652478506
52.16,-132.03,5.6060786,5.9033,4.772532035
52.33,-131.99,5.8991323,2.6529,4.652478506
51.97,-131.53,3.7449136,2.4856,5.839256358
51.95,-131.55,3.8910007,3.0592,5.728590639
51.8,-131.25,2.4903505,2.3422,7.160580076
50.83,-124.89,7.2214351,1.0994,4.205006653
50.83,-124.89,7.2214351,1.0994,4.205006653
50.83,-124.89,7.2214351,1.0994,4.205006653
50.83,-124.89,7.2214351,1.0994,4.205006653
50.83,-124.89,7.2214351,1.0994,4.205006653
50.83,-124.89,7.2214351,1.0994,4.205006653
50.83,-124.89,7.2214351,1.0994,4.205006653
50.09,-124.81,7.2320395,0.9082,4.201922603
50.09,-124.81,7.2320395,0.9082,4.201922603
50.09,-124.81,7.2320395,0.9082,4.201922603
50.09,-124.81,7.2320395,0.9082,4.201922603
50.09,-124.81,7.2320395,0.9082,4.201922603
50.09,-124.81,7.2320395,0.9082,4.201922603
50.09,-124.81,7.2320395,0.9082,4.201922603
50.09,-124.81,7.2320395,0.9082,4.201922603
49.88,-124.06,7.9011574,0.7887,4.020065107
49.88,-124.06,7.9011574,0.7887,4.020065107
49.88,-124.06,7.9011574,0.7887,4.020065107
49.88,-124.06,7.9011574,0.7887,4.020065107
49.88,-124.06,7.9011574,0.7887,4.020065107
49.88,-124.06,7.9011574,0.7887,4.020065107
49.88,-124.06,7.9011574,0.7887,4.020065107
49.88,-124.06,7.9011574,0.7887,4.020065107
49.87,-124.05,7.9011574,0.7887,4.020065107
49.87,-124.05,7.9011574,0.7887,4.020065107
49.87,-124.05,7.9011574,0.7887,4.020065107
49.87,-124.05,7.9011574,0.7887,4.020065107
49.87,-124.05,7.9011574,0.7887,4.020065107
49.87,-124.05,7.9011574,0.7887,4.020065107
49.87,-124.05,7.9011574,0.7887,4.020065107
49.87,-124.05,7.9011574,0.7887,4.020065107
49.42,-123.4,8.9942894,0.9082,3.767862232
49.42,-123.4,8.9942894,0.9082,3.767862232
49.42,-123.4,8.9942894,0.9082,3.767862232
49.42,-123.4,8.9942894,0.9082,3.767862232
49.42,-123.4,8.9942894,0.9082,3.767862232
49.42,-123.4,8.9942894,0.9082,3.767862232
49.42,-123.4,8.9942894,0.9082,3.767862232
49.41,-122.87,8.9942894,1.5057,3.767862232
49.41,-122.87,8.9942894,1.5057,3.767862232
49.41,-122.87,8.9942894,1.5057,3.767862232
49.41,-122.87,8.9942894,1.5057,3.767862232
49.41,-122.87,8.9942894,1.5057,3.767862232
49.41,-122.87,8.9942894,1.5057,3.767862232
49.41,-122.87,8.9942894,1.5057,3.767862232
49.39,-122.88,8.9942894,1.0038,3.767862232
49.39,-122.88,8.9942894,1.0038,3.767862232
49.39,-122.88,8.9942894,1.0038,3.767862232
49.39,-122.88,8.9942894,1.0038,3.767862232
49.39,-122.88,8.9942894,1.0038,3.767862232
49.39,-122.88,8.9942894,1.0038,3.767862232
49.39,-122.88,8.9942894,1.0038,3.767862232
49.99,-123.99,7.9011574,1.0038,4.020065107
49.99,-123.99,7.9011574,1.0038,4.020065107
49.99,-123.99,7.9011574,1.0038,4.020065107
49.99,-123.99,7.9011574,1.0038,4.020065107
49.99,-123.99,7.9011574,1.0038,4.020065107
49.99,-123.99,7.9011574,1.0038,4.020065107
49.99,-123.99,7.9011574,1.0038,4.020065107
49.99,-123.99,7.9011574,1.0038,4.020065107
50.01,-123.94,7.9011574,0.9082,4.020065107
50.01,-123.94,7.9011574,0.9082,4.020065107
50.01,-123.94,7.9011574,0.9082,4.020065107
50.01,-123.94,7.9011574,0.9082,4.020065107
50.01,-123.94,7.9011574,0.9082,4.020065107
50.01,-123.94,7.9011574,0.9082,4.020065107
50.01,-123.94,7.9011574,0.9082,4.020065107
50.01,-123.94,7.9011574,0.9082,4.020065107
50.07,-123.8,7.9011574,1.0038,4.020065107
50.07,-123.8,7.9011574,1.0038,4.020065107
50.07,-123.8,7.9011574,1.0038,4.020065107
50.07,-123.8,7.9011574,1.0038,4.020065107
50.07,-123.8,7.9011574,1.0038,4.020065107
50.07,-123.8,7.9011574,1.0038,4.020065107
50.07,-123.8,7.9011574,1.0038,4.020065107
50.07,-123.8,7.9011574,1.0038,4.020065107
50.15,-123.85,7.9011574,1.5057,4.020065107
50.15,-123.85,7.9011574,1.5057,4.020065107
50.15,-123.85,7.9011574,1.5057,4.020065107
50.15,-123.85,7.9011574,1.5057,4.020065107
50.15,-123.85,7.9011574,1.5057,4.020065107
50.15,-123.85,7.9011574,1.5057,4.020065107
50.15,-123.85,7.9011574,1.5057,4.020065107
50.15,-123.85,7.9011574,1.5057,4.020065107
49.8,-124.04,7.9011574,1.0994,4.020065107
49.8,-124.04,7.9011574,1.0994,4.020065107
49.8,-124.04,7.9011574,1.0994,4.020065107
49.8,-124.04,7.9011574,1.0994,4.020065107
49.8,-124.04,7.9011574,1.0994,4.020065107
49.8,-124.04,7.9011574,1.0994,4.020065107
49.8,-124.04,7.9011574,1.0994,4.020065107
49.8,-124.04,7.9011574,1.0994,4.020065107
49.94,-124.53,7.1700683,0.6931,4.220042232
49.94,-124.53,7.1700683,0.6931,4.220042232
49.94,-124.53,7.1700683,0.6931,4.220042232
49.94,-124.53,7.1700683,0.6931,4.220042232
49.94,-124.53,7.1700683,0.6931,4.220042232
49.94,-124.53,7.1700683,0.6931,4.220042232
49.94,-124.53,7.1700683,0.6931,4.220042232
49.94,-124.53,7.1700683,0.6931,4.220042232
49.94,-124.53,7.1700683,0.5975,4.220042232
49.94,-124.53,7.1700683,0.5975,4.220042232
49.94,-124.53,7.1700683,0.5975,4.220042232
49.94,-124.53,7.1700683,0.5975,4.220042232
49.94,-124.53,7.1700683,0.5975,4.220042232
49.94,-124.53,7.1700683,0.5975,4.220042232
49.94,-124.53,7.1700683,0.5975,4.220042232
49.94,-124.53,7.1700683,0.5975,4.220042232
48.59,-123.5,8.9942894,0.5019,3.767862232
48.59,-123.5,8.9942894,0.5019,3.767862232
48.59,-123.5,8.9942894,0.5019,3.767862232
48.59,-123.5,8.9942894,0.5019,3.767862232
48.59,-123.5,8.9942894,0.5019,3.767862232
48.59,-123.5,8.9942894,0.5019,3.767862232
48.59,-123.5,8.9942894,0.5019,3.767862232
48.59,-123.5,8.9942894,0.5019,3.767862232
49.67,-130.11,0.59459901,2.303243,14.65434301
49.64,-130.04,0.81696123,7.810998,12.50194892
49.64,-130.04,0.81696123,8.191486,12.50194892
49.64,-130.03,0.81696123,9.38314,12.50194892
49.63,-130.02,0.81696123,6.549317,12.50194892
49.63,-130.02,0.81696123,6.969718,12.50194892
49.63,-130.01,0.81696123,8.211562,12.50194892
49.63,-130.01,0.81696123,7.660906,12.50194892
49.62,-129.99,0.81696123,6.398986,12.50194892
49.62,-129.99,0.81696123,4.496307,12.50194892
49.67,-130.1,0.59459901,1.181616,14.65434301
49.62,-129.98,0.81696123,1.942831,12.50194892
49.61,-129.98,0.81696123,5.648048,12.50194892
49.61,-129.98,0.81696123,8.762457,12.50194892
49.61,-129.97,0.81696123,4.626562,12.50194892
49.61,-129.97,0.81696123,2.393346,12.50194892
49.61,-129.96,0.81696123,2.964078,12.50194892
49.6,-129.96,0.81696123,6.509165,12.50194892
49.6,-129.95,1.0505846,9.142945,11.02460221
49.6,-129.95,1.0505846,9.313113,11.02460221
49.67,-130.09,0.59459901,3.625152,14.65434301
49.66,-130.08,0.59459901,3.825434,14.65434301
49.66,-130.07,0.59459901,2.523601,14.65434301
49.65,-130.06,0.68830746,12.748021,13.62031668
49.65,-130.05,0.68830746,6.709447,13.62031668
49.89,-128.3,3.5512867,1.702397,5.996330696
50.26,-128.82,2.7159307,1.401974,6.856762412
50.48,-129.53,1.2588239,1.902679,10.07154166
50.18,-129.38,1.5338509,2.102961,9.124033491
50.45,-129.81,1.0826941,2.503525,10.8598933
50.9,-130.87,0.62095869,3.104371,14.3399319
48.46,-128.68,0.59159386,8.311703,14.69151607
48.46,-128.62,0.8665905,10.935445,12.13868053
48.46,-128.61,0.8665905,32.475798,12.13868053
48.46,-128.58,0.8665905,9.463444,12.13868053
48.46,-128.58,0.8665905,3.705217,12.13868053
48.46,-128.57,0.8665905,7.961329,12.13868053
48.46,-128.55,0.8665905,3.474821,12.13868053
48.46,-128.55,0.8665905,3.705217,12.13868053
48.46,-128.54,1.1157724,3.194474,10.69770546
48.46,-128.53,1.1157724,5.567744,10.69770546
48.46,-128.67,0.59159386,4.05583,14.69151607
48.46,-128.51,1.1157724,4.145933,10.69770546
48.46,-128.5,1.1157724,7.991204,10.69770546
48.46,-128.49,1.1157724,9.303075,10.69770546
48.46,-128.49,1.1157724,3.264501,10.69770546
48.46,-128.48,1.1157724,3.454984,10.69770546
48.46,-128.48,1.1157724,3.685141,10.69770546
48.46,-128.47,1.1157724,4.396166,10.69770546
48.47,-128.47,1.1157724,4.396166,10.69770546
48.46,-128.66,0.59159386,4.42628,14.69151607
48.47,-128.46,1.1157724,8.081307,10.69770546
48.46,-128.66,0.59159386,9.002652,14.69151607
48.46,-128.65,0.59159386,5.477641,14.69151607
48.46,-128.65,0.59159386,12.577614,14.69151607
48.46,-128.64,0.8665905,12.22724,12.13868053
48.46,-128.63,0.8665905,4.997012,12.13868053
48.46,-128.63,0.8665905,7.250304,12.13868053
50.68,-131.01,1.8958869,0.390526,8.206769403
50.73,-131.12,2.265857,0.590808,7.506927034
50.73,-131.11,2.265857,0.560694,7.506927034
50.73,-131.09,2.265857,0.971296,7.506927034
50.73,-131.08,2.265857,1.552305,7.506927034
50.47,-130.28,0.06584172,5.818216,44.03802764
50.47,-130.27,0.06584172,3.504935,44.03802764
50.48,-130.26,0.06584172,3.655266,44.03802764
50.14,-130.45,0.64635819,10.524843,14.05535488
50.11,-130.4,0.64635819,6.439138,14.05535488
50.13,-130.45,0.64635819,17.304317,14.05535488
50.13,-130.44,0.64635819,9.233048,14.05535488
50.13,-130.44,0.64635819,17.684805,14.05535488
50.13,-130.44,0.64635819,16.833726,14.05535488
50.12,-130.42,0.64635819,9.122869,14.05535488
50.12,-130.42,0.64635819,6.16859,14.05535488
50.11,-130.41,0.64635819,5.207332,14.05535488
51.27,-131.01,0.12469516,4.706627,32.00027018
51.61,-130.85,0.98918939,4.105781,11.36157968
51.38,-130.76,0.051265415,4.906909,49.90754474
51.5,-130.61,0.3799772,3.805358,18.33157054
51.23,-130.54,0.91700733,8.311703,11.80027259
53.5,-130.61,4.3941827,3.8001,5.390628319
52.34,-130.61,2.2681541,1.195,7.503124706
51.92,-129.97,0.54942942,1.0755,15.24482657
52.41,-130.79,2.2681541,1.4101,7.503124706
51.59,-129.35,1.3081136,1.1233,9.879971983
51.58,-130.29,0.54942942,2.0076,15.24482657
51.51,-130.34,0.54942942,2.2705,15.24482657
51.58,-130.35,0.54942942,1.7925,15.24482657
51.54,-130.29,0.54942942,2.1749,15.24482657
51.53,-130.27,0.54942942,2.0315,15.24482657
51.55,-130.19,0.89558804,2.0076,11.94054916
51.44,-130.43,0.54942942,1.6969,15.24482657
51.42,-130.22,0.89558804,2.5812,11.94054916
51.38,-130.12,1.238132,1.9837,10.15535172
53.56,-131.43,7.0473046,1.434,4.256640001
52.79,-130.97,4.3941827,1.8642,5.390628319
52.76,-132.05,7.0473046,1.1233,4.256640001
52.76,-132.05,7.0473046,1.0277,4.256640001
53.32,-131.34,5.7069907,1.6491,4.730149434
44.44,-122.12,9.8749847,2.7007,3.59592171
44.44,-122.12,9.8749847,2.7007,3.59592171
45.12,-122.16,9.68153,2.2705,3.631670562
44.55,-122.03,9.8749847,1.9598,3.59592171
44.56,-122.03,9.8749847,2.6051,3.59592171
44.9,-122.01,9.8163719,2.6051,3.606641218
49.33,-119.63,9.2849312,1.862527,3.70842157
49.33,-119.63,9.2849312,1.862527,3.70842157
49.33,-119.63,9.2849312,1.862527,3.70842157
48.02,-129.2,0.28132188,0.5975,21.30476205
48.02,-129.2,0.28132188,4.8756,21.30476205
48.02,-129.2,0.28132188,4.8278,21.30476205
48.02,-129.2,0.28132188,8.3172,21.30476205
48.02,-129.2,0.28132188,8.4845,21.30476205
48.01,-129.16,0.28132188,8.0065,21.30476205
48.01,-129.16,0.28132188,9.1537,21.30476205
48.01,-129.16,0.28132188,40.0325,21.30476205
48,-129.15,0.28132188,7.2178,21.30476205
48,-129.15,0.28132188,8.4606,21.30476205
48,-129.15,0.28132188,7.5046,21.30476205
48,-129.15,0.28132188,4.2303,21.30476205
48,-129.15,0.28132188,2.7485,21.30476205
48,-129.15,0.28132188,5.3775,21.30476205
47.99,-129.26,0.55420947,6.0228,15.17894098
47.99,-129.26,0.55420947,19.0483,15.17894098
47.99,-129.26,0.55420947,8.6757,15.17894098
47.99,-129.26,0.55420947,5.7121,15.17894098
48,-129.3,0.55420947,6.453,15.17894098
48,-129.3,0.55420947,10.5638,15.17894098
48,-129.3,0.55420947,12.3324,15.17894098
48.05,-129.38,0.81750041,4.2781,12.49782542
48.05,-129.38,0.81750041,8.0543,12.49782542
48.01,-129.16,0.28132188,16.8495,21.30476205
47.95,-129.1,0.02951305,42.77622,65.77659632
47.95,-129.1,0.02951305,1.01336,65.77659632
47.95,-129.1,0.02951305,1.2667,65.77659632
47.95,-129.1,0.02951305,2.27767,65.77659632
47.95,-129.1,0.02951305,6.58206,65.77659632
47.95,-129.1,0.02951305,388.25072,65.77659632
47.95,-129.1,0.02951305,6.26419,65.77659632
47.95,-129.1,0.02951305,5.18869,65.77659632
47.95,-129.09,0.02951305,6.32872,65.77659632
47.95,-129.1,0.02951305,5.06202,65.77659632
47.95,-129.09,0.02951305,4.93535,65.77659632
47.95,-129.1,0.02951305,11.9978,65.77659632
47.95,-129.1,0.02951305,2.27767,65.77659632
47.95,-129.09,0.02951305,1.36708,65.77659632
47.95,-129.09,0.02951305,-0.91059,65.77659632
47.95,-129.1,0.02951305,-0.15296,65.77659632
47.95,-129.08,0.02951305,16.45276,65.77659632
47.95,-129.1,0.02951305,-0.76002,65.77659632
47.95,-129.1,0.02951305,37.36048,65.77659632
47.95,-129.1,0.02951305,-1.01336,65.77659632
47.95,-129.1,0.02951305,4.302,65.77659632
47.95,-129.1,0.02951305,3.46789,65.77659632
47.95,-129.1,0.02951305,2.78435,65.77659632
47.95,-129.09,0.02951305,2.78435,65.77659632
47.95,-129.09,0.02951305,-1.51765,65.77659632
47.95,-129.1,0.02951305,4.68201,65.77659632
47.95,-129.1,0.02951305,2.27767,65.77659632
47.95,-129.1,0.02951305,23.79245,65.77659632
47.95,-129.1,0.02951305,5.82204,65.77659632
47.95,-129.1,0.02951305,157.18313,65.77659632
47.95,-129.1,0.02951305,2.27767,65.77659632
47.95,-129.09,0.02951305,-4.04866,65.77659632
47.95,-129.09,0.02951305,4.80868,65.77659632
47.95,-129.1,0.02951305,16.7061,65.77659632
47.95,-129.1,0.02951305,5.82204,65.77659632
47.95,-129.1,0.02951305,3.54437,65.77659632
47.95,-129.1,0.02951305,129.59536,65.77659632
47.95,-129.1,0.02951305,2.78435,65.77659632
47.95,-129.09,0.02951305,-0.25334,65.77659632
47.95,-129.09,0.02951305,-4.35458,65.77659632
47.95,-129.1,0.02951305,0.25334,65.77659632
47.95,-129.1,0.02951305,-1.2667,65.77659632
46.52,-129.58,0.30251956,53.775,20.54479033
46.52,-129.58,0.30251956,5.8555,20.54479033
46.53,-129.58,0.30251956,0.0717,20.54479033
46.53,-129.58,0.30251956,0.3824,20.54479033
46.53,-129.57,0.30251956,0.1912,20.54479033
46.53,-129.57,0.30251956,0.4302,20.54479033
46.31,-129.72,0.39045012,0.3346,18.0840485
46.31,-129.71,0.39045012,0.3346,18.0840485
46.31,-129.71,0.39045012,0.717,18.0840485
46.31,-129.72,0.39045012,0.5258,18.0840485
42.68,-126.78,0.10922085,107.8129,34.19209153
42.68,-126.78,0.10922085,166.105,34.19209153
37.86,-119.08,16.19442,2.1749,2.807991212
37.63,-119.08,16.19442,3.7284,2.807991212
37.49,-119.3,16.19442,1.3384,2.807991212
44.64,-125.07,9.5422888,3.346,3.658071293
44.65,-125.14,9.5422888,2.8919,3.658071293
44.62,-125.06,9.5422888,2.7724,3.658071293
44.66,-125.14,9.5507097,3.3938,3.656458269
44.62,-125.06,9.5422888,1.4818,3.658071293
44.66,-125.57,8.5858335,2.2227,3.856445626
44.65,-125.57,8.6269598,2.4617,3.847242453
44.64,-125.58,8.6269598,2.4617,3.847242453
44.65,-125.58,8.6269598,2.5334,3.847242453
44.65,-125.59,8.6269598,1.9837,3.847242453
44.66,-125.6,8.5858335,2.7963,3.856445626
44.66,-125.69,8.4469986,2.7724,3.888008739
44.65,-125.72,8.4459772,2.5334,3.888243827
44.65,-125.73,8.4459772,2.1032,3.888243827
44.68,-125.66,8.4469986,1.3145,3.888008739
44.51,-126.67,6.5422888,1.7447,4.417876668
44.33,-127.43,5.4407101,3.7045,4.844518856
45.33,-129.32,1.3617047,2.3661,9.683602977
45.35,-129.18,1.5062964,2.4617,9.207107723
45.36,-129.19,1.5062964,3.9913,9.207107723
45.37,-129.19,1.5062964,3.9196,9.207107723
45.37,-129.2,1.5062964,3.6089,9.207107723
45.38,-129.15,1.5062964,2.5334,9.207107723
45.38,-129.19,1.5062964,3.7045,9.207107723
45.38,-129.19,1.5062964,3.8001,9.207107723
45.38,-129.19,1.5062964,4.4215,9.207107723
46.16,-129.2,0.92084652,7.2178,11.77564807
44.67,-125.58,8.5858335,2.231543,3.856445626
44.58,-127.3,5.4504809,3.632561,4.840174646
44.81,-127.97,4.1015091,3.352214,5.579645457
44.95,-128.39,3.2205846,2.841949,6.296672239
45.1,-128.85,2.4179773,4.33307,7.266952706
44.67,-125.58,8.5858335,2.631868,3.856445626
44.84,-125.6,8.5421562,3.552496,3.866292342
44.91,-124.61,9.8163719,1.080758,3.606641218
44.97,-125.1,9.5523081,1.731316,3.656152336
45.01,-125.15,9.2965679,1.561148,3.70609989
44.86,-125.13,9.5314922,1.961473,3.660142508
44.87,-125.28,9.1318445,2.081451,3.73937646
44.82,-125.59,8.5421562,3.122057,3.866292342
44.65,-125.58,8.6269598,2.952128,3.847242453
39.06,-123.15,18.00329,1.7686,2.663192167
37.24,-122.07,16.352819,2.1271,2.794358537
38.1,-122.89,17.370102,1.8881,2.711298034
37.51,-122.21,16.524179,1.8403,2.779831668
40.02,-124.07,16.881744,1.3862,2.750234897
41.21,-119.06,16.815744,2.5573,2.7556268
40.88,-119.1,16.676729,1.6491,2.767088234
40.87,-119.17,16.676729,2.0315,2.767088234
41.08,-119.02,16.815744,2.2466,2.7556268
41.05,-119.02,16.676729,10.0858,2.767088234
41.02,-119.06,16.676729,1.912,2.767088234
40.94,-119.1,16.676729,1.3384,2.767088234
40.91,-119.14,16.676729,2.1271,2.767088234
40.39,-121.54,18.00329,3.1309,2.663192167
40.36,-121.5,18.00329,5.497,2.663192167
40.41,-121.45,18.00329,2.0076,2.663192167
40.75,-119.02,16.524179,4.4932,2.779831668
40.68,-119.36,16.676729,8.843,2.767088234
40.65,-119.39,16.676729,13.384,2.767088234
40.65,-119.35,16.676729,1.3862,2.767088234
40.66,-119.38,16.676729,5.258,2.767088234
40.69,-119.35,16.676729,1.0038,2.767088234
40.78,-119.34,16.815744,11.95,2.7556268
40.65,-119.37,16.676729,7.9826,2.767088234
40.66,-119.37,16.676729,44.0238,2.767088234
40.66,-119.37,16.676729,238.9761,2.767088234
38.72,-123.35,17.939177,2.151,2.667946927
38.72,-123.35,17.939177,2.151,2.667946927
37.12,-122.15,16.845156,1.6013,2.753220058
40.88,-123.98,8.9923286,1.1711,3.768273005
38.99,-123.35,18.00329,1.2667,2.663192167
38.99,-123.35,18.00329,1.2667,2.663192167
38.77,-122.97,17.834578,3.4894,2.675759184
38.77,-122.97,17.834578,3.4894,2.675759184
38.88,-121.9,17.217102,0.7887,2.723318381
39.84,-123.17,18.287436,1.3862,2.642421132
37.8,-121.94,16.524179,1.2667,2.779831668
37.8,-121.94,16.524179,1.2667,2.779831668
37.51,-122.13,16.364212,2.0076,2.793385631
37.51,-122.13,16.364212,2.0076,2.793385631
40.73,-124.21,8.9923286,0.8126,3.768273005
40.73,-124.21,8.9923286,0.8126,3.768273005
40.14,-124,15.872827,1.0277,2.836294365
38.58,-122.65,17.50819,1.2667,2.700584794
38.58,-122.65,17.50819,1.2667,2.700584794
40.22,-123.64,17.755274,1.434,2.681728171
40.09,-123.8,17.755274,1.0277,2.681728171
38.8,-122.83,17.725136,9.9902,2.68400707
38.8,-122.83,17.725136,9.9902,2.68400707
40.55,-124.18,9.0263643,1.2906,3.761161784
40.55,-124.18,9.0263643,1.2906,3.761161784
38.84,-122.2,17.370102,0.8843,2.711298034
40.24,-124.13,15.872827,1.7925,2.836294365
40.24,-124.13,15.872827,1.7925,2.836294365
40.14,-123.41,17.755274,1.195,2.681728171
40.74,-124.21,8.9923286,0.9082,3.768273005
39.73,-123.5,18.371571,1.4101,2.636363533
39.73,-123.5,18.371571,1.4101,2.636363533
39.95,-123.35,18.371571,0.6453,2.636363533
39.95,-123.35,18.371571,0.6453,2.636363533
37.74,-121.75,16.215477,1.5057,2.806167427
37.74,-121.75,16.215477,1.5057,2.806167427
40.56,-124.35,9.0263643,0.8126,3.761161784
38.09,-122.75,17.217102,1.8164,2.723318381
38.09,-122.75,17.217102,1.8164,2.723318381
39.41,-123.75,18.287436,1.7925,2.642421132
37.05,-121.24,16.347124,1.8881,2.794845243
37.06,-121.18,16.19442,1.6252,2.807991212
37.03,-121.31,16.347124,2.0076,2.794845243
37.03,-121.31,16.347124,2.0076,2.794845243
37.03,-121.31,16.347124,2.1032,2.794845243
37.03,-121.31,16.347124,2.1032,2.794845243
37.05,-121.21,16.347124,2.0793,2.794845243
37.05,-121.21,16.347124,2.0793,2.794845243
37.05,-121.19,16.347124,1.5774,2.794845243
37.05,-121.19,16.347124,1.5774,2.794845243
37.04,-121.25,16.347124,2.1271,2.794845243
37.04,-121.25,16.347124,2.1271,2.794845243
37.25,-122.4,17.13776,2.5095,2.72961512
40.32,-124.28,15.739372,1.8164,2.848293531
39.34,-123.1,18.00329,1.7925,2.663192167
38.93,-123.71,18.242743,1.434,2.645655993
38.1,-122.89,17.370102,1.8881,2.711298034
37.51,-122.21,16.524179,1.8403,2.779831668
38.7,-123.42,18.027369,2.1988,2.661412972
40.02,-124.07,16.881744,1.3862,2.750234897
39.06,-123.15,18.00329,1.7686,2.663192167
37.24,-122.07,16.352819,2.1271,2.794358537
44.68,-125.29,9.1196241,1.8881,3.741881024
44.66,-125.27,9.1196241,1.9359,3.741881024
44.66,-125.27,9.1196241,2.2227,3.741881024
44.66,-125.26,9.1196241,1.8403,3.741881024
44.66,-125.25,9.1196241,1.9359,3.741881024
44.66,-125.36,8.9653473,1.673,3.773939072
44.66,-125.35,9.1196241,0.717,3.741881024
44.66,-125.35,9.1196241,0.7648,3.741881024
44.66,-125.35,9.1196241,0.7887,3.741881024
44.65,-125.35,9.1559649,1.0038,3.73444772
45,-125.3,9.0883245,1.434,3.748318884
45.01,-125.3,9.0883245,1.434,3.748318884
45,-125.31,9.0883245,2.4378,3.748318884
45,-125.32,9.0883245,2.0076,3.748318884
44.99,-125.32,9.0883245,2.0315,3.748318884
44.99,-125.33,9.0883245,2.1032,3.748318884
44.94,-125.37,8.987608,1.7208,3.769262488
44.94,-125.36,8.987608,2.9636,3.769262488
44.93,-125.35,9.1318445,1.7208,3.73937646
47.06,-125.89,7.6291208,2.39,4.091110385
47.06,-125.89,7.6291208,2.3661,4.091110385
47.07,-125.9,7.6291208,2.2227,4.091110385
47.07,-125.9,7.6291208,2.1032,4.091110385
47.07,-125.91,7.6291208,2.1032,4.091110385
47.08,-125.9,7.6291208,2.1271,4.091110385
47.07,-125.91,7.6291208,1.9837,4.091110385
47.08,-125.91,7.6291208,1.7925,4.091110385
47.08,-125.92,7.6291208,1.9837,4.091110385
47.08,-125.94,7.6291208,2.6051,4.091110385
47.08,-125.94,7.6291208,1.6013,4.091110385
46.97,-125.93,7.6286254,2.4856,4.091243221
46.98,-125.94,7.6286254,2.151,4.091243221
46.97,-125.99,7.3567901,2.39,4.166143846
46.97,-125.98,7.3567901,2.6529,4.166143846
46.97,-125.98,7.3567901,2.2944,4.166143846
46.98,-125.97,7.3567901,2.1271,4.166143846
46.98,-125.96,7.3567901,1.7925,4.166143846
46.98,-125.95,7.3567901,1.9359,4.166143846
46.98,-125.94,7.6286254,1.8642,4.091243221
46.98,-125.94,7.6286254,1.9598,4.091243221
46.99,-125.97,7.3567901,2.0793,4.166143846
47,-125.96,7.3567901,2.1271,4.166143846
46.99,-125.96,7.3567901,1.9598,4.166143846
46.99,-125.94,7.6286254,1.9837,4.091243221
46.99,-125.95,7.3567901,2.3183,4.166143846
50.55,-131.62,4.6901741,2.1749,5.217758346
47.9,-127.2,4.359262,3.8479,5.41217658
47.15,-130.12,2.7302463,4.5171,6.83876263
47.9,-127.65,3.1907601,7.2656,6.326031748
44.65,-125.14,9.5422888,2.2466,3.658071293
44.65,-125.07,9.5422888,0.9799,3.658071293
44.65,-125.06,9.5422888,1.0038,3.658071293
44.65,-125.02,9.8048306,1.8881,3.608763289
44.65,-124.97,9.8048306,1.8403,3.608763289
47.23,-126.15,6.8040028,0.6214,4.332077342
47.23,-126.15,6.8040028,0.6453,4.332077342
47.24,-126.14,7.0875106,0.5019,4.244549305
47.29,-126.08,7.1277666,2.3661,4.23254621
47.3,-126.09,7.1277666,2.4139,4.23254621
47.3,-126.09,7.1277666,2.5812,4.23254621
47.3,-126.09,7.1277666,1.8403,4.23254621
47.29,-126.11,7.1277666,2.2227,4.23254621
47.28,-126.12,7.1277666,2.2944,4.23254621
47.28,-126.12,7.1277666,2.3661,4.23254621
47.28,-126.13,7.1277666,2.4856,4.23254621
47.27,-126.14,7.1277666,3.8001,4.23254621
47.27,-126.14,7.1277666,3.3938,4.23254621
47.27,-126.15,6.8401093,3.3699,4.320628467
47.27,-126.15,6.8401093,3.7284,4.320628467
47.25,-126.17,6.8040028,3.2982,4.332077342
47.44,-126.38,6.4628758,2.5334,4.444936269
47.44,-126.38,6.4628758,2.5812,4.444936269
47.44,-126.38,6.4628758,2.6768,4.444936269
47.45,-126.36,6.5422029,2.6051,4.417905672
47.45,-126.36,6.5422029,2.8202,4.417905672
47.46,-126.33,6.8071642,2.4378,4.331071268
47.46,-126.29,6.8071642,2.9636,4.331071268
47.46,-126.29,6.8071642,2.5812,4.331071268
47.46,-126.26,6.8071642,2.7246,4.331071268
47.46,-126.22,7.0861001,2.9158,4.244971727
47.46,-126.22,7.0861001,2.7963,4.244971727
47.46,-126.22,7.0861001,2.1271,4.244971727
47.46,-126.19,7.0861001,2.8202,4.244971727
47.46,-126.18,7.0861001,3.3221,4.244971727
47.46,-126.16,7.0861001,1.3623,4.244971727
44.95,-125.2,9.2965679,1.6969,3.70609989
44.95,-125.22,9.2965679,1.4579,3.70609989
44.95,-125.23,9.2965679,1.3145,3.70609989
44.95,-125.25,9.0883245,0.6692,3.748318884
44.95,-125.41,8.9141588,2.1271,3.78475926
44.95,-125.37,8.9141588,2.2705,3.78475926
44.95,-125.37,8.9141588,2.3661,3.78475926
44.95,-125.37,8.9141588,2.4378,3.78475926
44.95,-125.37,8.9141588,2.4856,3.78475926
44.95,-125.38,8.9141588,2.7007,3.78475926
44.95,-125.4,8.9141588,2.629,3.78475926
44.95,-125.42,8.9141588,2.9875,3.78475926
44.93,-125.27,9.1318445,2.9875,3.73937646
44.93,-125.27,9.1318445,4.8278,3.73937646
44.95,-125.47,8.6826057,2.9158,3.834894352
44.95,-125.52,8.6826057,3.6328,3.834894352
44.95,-125.52,8.6826057,3.3221,3.834894352
44.95,-125.58,8.4492979,3.9435,3.887479683
44.95,-125.64,8.4492979,2.7007,3.887479683
44.65,-125.27,9.1559649,1.5535,3.73444772
44.65,-125.3,9.1559649,1.673,3.73444772
44.65,-125.3,9.1559649,1.7447,3.73444772
44.65,-125.32,9.1559649,1.4818,3.73444772
44.65,-125.32,9.1559649,1.2428,3.73444772
44.65,-125.34,9.1559649,2.5095,3.73444772
44.65,-125.37,8.9884195,0.7648,3.769092335
44.65,-125.4,8.9884195,2.4139,3.769092335
44.65,-125.47,8.7853642,2.2466,3.812400857
49.33,-119.63,9.2849312,1.6013,3.70842157
49.36,-119.69,9.2849312,1.7686,3.70842157
49.37,-119.77,9.2849312,2.6051,3.70842157
49.37,-119.76,9.2849312,1.8164,3.70842157
49.37,-119.65,9.2849312,1.6491,3.70842157
50.58,-123.46,7.6288118,2.868,4.091193238
50.57,-123.47,7.6288118,2.39,4.091193238
50.57,-123.49,7.6288118,6.931,4.091193238
50.57,-123.5,7.6288118,22.227,4.091193238
50.57,-123.51,7.6288118,10.755,4.091193238
50.66,-120.51,8.9942894,2.0076,3.767862232
50.77,-122.8,8.4487114,1.912,3.887614612
49.61,-123.15,8.9942894,2.0076,3.767862232
49.61,-123.16,8.9942894,1.3384,3.767862232
49.61,-123.17,8.9942894,1.7447,3.767862232
49.61,-123.17,8.9942894,1.7686,3.767862232
49.61,-123.16,8.9942894,1.6252,3.767862232
49.61,-123.16,8.9942894,1.6969,3.767862232
50.47,-120.97,8.9942894,1.7208,3.767862232
50.48,-120.97,8.9942894,1.7208,3.767862232
50.48,-120.97,8.9942894,1.7208,3.767862232
50.48,-120.97,8.9942894,1.7208,3.767862232
51.52,-119.81,8.9942894,2.4139,3.767862232
51.52,-119.81,8.9942894,2.8441,3.767862232
51.52,-119.81,8.9942894,2.629,3.767862232
49.51,-121.29,9.2849312,1.5057,3.70842157
49.51,-123.37,8.9942894,0.7409,3.767862232
50.65,-120.48,8.9942894,2.0315,3.767862232
50.61,-127.48,4.6360407,1.5535,5.24813289
50.69,-123.51,7.6288118,16.252,4.091193238
50.67,-123.54,7.3612161,6.2618,4.164891191
50.68,-123.52,7.6288118,7.6958,4.091193238
50.66,-123.53,7.6288118,7.3373,4.091193238
50.68,-123.48,7.6288118,6.5008,4.091193238
50.63,-123.42,7.6288118,6.7876,4.091193238
50.65,-123.56,7.3612161,5.4253,4.164891191
50.68,-123.56,7.3612161,4.2064,4.164891191
50.64,-120.46,8.9942894,1.3145,3.767862232
50.57,-123.48,7.6288118,4.4215,4.091193238
50.54,-123.48,7.6288118,3.5372,4.091193238
50.56,-123.46,7.6288118,3.4894,4.091193238
50.57,-123.5,7.6288118,39.674,4.091193238
50.57,-123.52,7.6288118,60.467,4.091193238
50.57,-123.54,7.6288118,7.3851,4.091193238
50.52,-123.5,7.6288118,2.868,4.091193238
50.9,-121.41,8.9942894,1.6013,3.767862232
50.91,-121.41,8.9942894,1.9359,3.767862232
50.91,-121.41,8.9942894,1.7686,3.767862232
52.64,-121.56,7.6288118,1.4818,4.091193238
52.63,-121.56,7.6288118,1.673,4.091193238
52.63,-121.56,7.6288118,1.5774,4.091193238
49.58,-125.61,7.2806315,0.8604,4.187877005
49.57,-125.59,7.2806315,0.9799,4.187877005
49.58,-125.61,7.2806315,0.9082,4.187877005
50.43,-122.84,8.725028,0.9799,3.825560097
49.32,-121.93,9.2849312,1.195,3.70842157
50.08,-123.21,8.725028,2.7246,3.825560097
49.81,-125.15,7.2320395,0.9082,4.201922603
50.09,-124.81,7.2320395,0.7648,4.201922603
50.16,-123.4,8.4487114,1.8403,3.887614612
50.13,-123.45,8.4487114,2.4378,3.887614612
50.2,-123.54,8.1750021,2.5573,3.952159897
50.19,-123.53,8.1750021,2.2944,3.952159897
50.18,-123.53,8.1750021,1.5774,3.952159897
50.29,-124.66,7.2320395,0.6214,4.201922603
50.27,-124.64,7.2320395,0.6453,4.201922603
50.2,-124.64,7.2320395,1.0277,4.201922603
50.24,-124.63,7.2320395,0.7648,4.201922603
50.02,-123.9,7.9011574,1.0277,4.020065107
50.08,-123.78,7.9011574,1.2906,4.020065107
50.18,-123.94,7.6288118,1.6252,4.091193238
50.16,-123.89,7.6288118,1.8403,4.091193238
50.14,-123.84,7.9011574,1.7208,4.020065107
49.85,-123.9,8.1750021,0.6931,3.952159897
49.85,-123.9,8.1750021,0.7887,3.952159897
49.81,-123.93,8.1750021,0.956,3.952159897
49.79,-124.04,7.9011574,0.6453,4.020065107
49.79,-124.04,7.9011574,0.5736,4.020065107
50.06,-123.82,7.9011574,1.7925,4.020065107
50.04,-123.85,7.9011574,1.2667,4.020065107
50.04,-123.86,7.9011574,0.956,4.020065107
50.01,-123.94,7.9011574,0.9082,4.020065107
49.97,-123.99,7.9011574,1.0516,4.020065107
50,-123.98,7.9011574,0.5736,4.020065107
50.63,-123.4,7.6288118,4.302,4.091193238
50.58,-123.28,7.9011574,3.3221,4.020065107
50.09,-123.32,8.4487114,4.3498,3.887614612
50.07,-123.33,8.4487114,3.5372,3.887614612
48.87,-123.79,8.9942894,0.7409,3.767862232
48.88,-123.79,8.9942894,0.6931,3.767862232
48.88,-123.78,8.9942894,0.9799,3.767862232
48.88,-123.78,8.9942894,0.7648,3.767862232
48.88,-123.79,8.9942894,1.0038,3.767862232
49.1,-123.86,8.9942894,0.9082,3.767862232
49.1,-123.86,8.9942894,1.2428,3.767862232
49.39,-124.95,7.3612161,1.0277,4.164891191
50.46,-123.13,8.4487114,1.8881,3.887614612
50.46,-123.17,8.1750021,1.8403,3.952159897
50.45,-123.2,8.1750021,2.3183,3.952159897
48.65,-123.45,8.9942894,0.8126,3.767862232
48.64,-123.5,8.9942894,0.4541,3.767862232
50.11,-123.27,8.725028,7.8631,3.825560097
50.72,-123.67,7.3612161,3.8001,4.164891191
50.12,-123.39,8.4487114,2.6768,3.887614612
50.11,-123.37,8.4487114,3.5372,3.887614612
49.15,-124.66,7.9011574,1.1472,4.020065107
49.16,-124.67,7.9011574,1.2906,4.020065107
49.17,-124.67,7.9011574,1.1472,4.020065107
49.78,-125.3,7.2806315,0.9321,4.187877005
49.76,-124.54,7.3612161,1.0038,4.164891191
49.71,-124.53,7.3612161,0.4302,4.164891191
49.75,-124.55,7.3612161,0.8604,4.164891191
49.76,-124.55,7.3612161,0.8365,4.164891191
49.71,-124.54,7.3612161,0.6453,4.164891191
49.71,-124.54,7.3612161,0.5497,4.164891191
49.71,-124.53,7.3612161,0.8365,4.164891191
50.58,-123.28,7.9011574,1.912,4.020065107
50.63,-123.37,7.6288118,3.1548,4.091193238
50.12,-123.39,8.4487114,1.6491,3.887614612
50.11,-123.37,8.4487114,2.1271,3.887614612
51.97,-121.17,8.9942894,1.5057,3.767862232
51.96,-121.16,8.9942894,1.5296,3.767862232
51.83,-121.15,8.9942894,1.6969,3.767862232
51.82,-121.15,8.9942894,1.3862,3.767862232
51.82,-121.14,8.9942894,1.434,3.767862232
52,-120.95,8.9942894,1.4818,3.767862232
52,-120.96,8.9942894,1.1711,3.767862232
52,-120.8,8.9942894,1.5057,3.767862232
52,-120.81,8.9942894,1.5535,3.767862232
52.01,-120.83,8.9942894,1.3623,3.767862232
49.76,-124.55,7.3612161,0.7887,4.164891191
49.76,-124.55,7.3612161,0.7887,4.164891191
49.75,-124.54,7.3612161,0.5019,4.164891191
49.71,-124.53,7.3612161,0.1912,4.164891191
49.75,-124.54,7.3612161,0.7887,4.164891191
47.14,-132.33,8.9937639,0.1912,3.767972307
46.99,-131.81,7.3728185,0.5975,4.161612814
46.97,-131.96,8.1711226,0.7887,3.953097993
46.93,-131.95,7.766191,0.7409,4.054846422
47.08,-131.89,7.8322406,0.6692,4.037712882
47.15,-131.2,5.7230005,0.8843,4.723528625
47.05,-131.5,6.5393829,0.5736,4.418858143
46.92,-129.35,0.17201395,4.0391,27.2456146
47.99,-129.45,0.81750041,2.1271,12.49782542
46.97,-129.77,1.6545141,0.8604,8.785029156
47,-130.1,2.691802,10.8984,6.88742508
47.03,-131.17,5.7240138,0.239,4.723110512
47.17,-131.73,7.114819,0.5258,4.236395669
47.08,-131.88,7.8322406,0.7409,4.037712882
47.99,-129.45,0.81750041,2.1271,12.49782542
47.08,-131.88,7.8322406,0.7409,4.037712882
50.25,-130.3,0.28004923,1.5057,21.35311564
50.35,-130.11,0.14511749,16.8256,29.66323856
50.77,-130.61,0.047441658,4.8039,51.87982641
50.66,-130.55,0.28813139,4.0152,21.05150533
49.98,-129.54,1.449568,3.8001,9.385537449
50.03,-129.72,1.1147752,8.4128,10.7024891
50.07,-129.77,0.81750208,1.2906,12.49781266
50.13,-129.83,0.81750208,1.912,12.49781266
50.13,-130.03,0.43329665,6.5964,17.1666589
50.22,-130.15,0.035759509,4.7083,59.75615842
47.14,-132.33,8.9937639,0.1912,3.767972307
46.99,-131.81,7.3728185,0.5975,4.161612814
46.97,-131.96,8.1711226,0.7887,3.953097993
46.93,-131.95,7.766191,0.7409,4.054846422
47.08,-131.89,7.8322406,0.6692,4.037712882
47.15,-131.2,5.7230005,0.8843,4.723528625
47.05,-131.5,6.5393829,0.5736,4.418858143
46.92,-129.35,0.17201395,4.0391,27.2456146
47.99,-129.45,0.81750041,2.1271,12.49782542
46.97,-129.77,1.6545141,0.8604,8.785029156
47,-130.1,2.691802,10.8984,6.88742508
47.03,-131.17,5.7240138,0.239,4.723110512
47.17,-131.73,7.114819,0.5258,4.236395669
47.08,-131.88,7.8322406,0.7409,4.037712882
47.03,-130.78,4.5752077,9.4644,5.282907861
47.03,-130.36,3.4780302,3.3938,6.059150909
47.02,-130.29,3.2211773,3.3938,6.296092915
47.02,-130.08,2.691802,5.9989,6.88742508
47.02,-129.75,1.6545141,2.6051,8.785029156
47.05,-129.92,1.9294288,4.9951,8.135121902
46.98,-129.1,0.10327651,10.516,35.16233172
46.98,-129.01,0.27250028,4.4932,21.64686292
46.98,-128.91,0.52644795,7.1939,15.57401986
47.02,-128.77,0.80191773,6.7159,12.61866863
47,-128.62,1.2944659,9.4166,9.931918253
47,-128.5,1.4704922,4.4932,9.318522987
54.94,-121.54,7.2214351,1.0755,4.205006653
54.94,-121.1,7.2214351,1.1472,4.205006653
54.67,-121.1,7.2214351,1.195,4.205006653
54.94,-120.66,7.2214351,1.0516,4.205006653
54.94,-120.22,7.2806315,1.1711,4.187877005
54.9,-119.9,7.1962852,1.6252,4.212348167
54.63,-119.88,7.1700683,1.434,4.220042232
54.37,-119.87,7.3612161,1.5057,4.164891191
54.9,-119.6,7.1700683,1.5296,4.220042232
54.63,-119.58,7.3612161,1.4101,4.164891191
54.37,-119.57,7.9011574,1.3384,4.020065107
54.9,-119.14,7.6288118,1.5535,4.091193238
54.63,-119.13,8.1750021,1.434,3.952159897
54.37,-119.12,8.4487114,1.3145,3.887614612
40.92,-119.08,16.676729,1.5296,2.767088234
40.79,-119.34,16.815744,21.51,2.7556268
40.85,-119.33,16.815744,5.975,2.7556268
40.87,-119.31,16.815744,3.0592,2.7556268
41.74,-121.87,8.7112598,0.1673,3.828582064
41.73,-121.67,8.7112598,0.3346,3.828582064
41,-120.89,18.00329,2.3183,2.663192167
40.21,-120.25,16.951086,2.6768,2.744603924
41.2,-121.14,18.00329,0.478,2.663192167
41.27,-122.61,15.872827,0.8604,2.836294365
41.81,-122.01,8.7181835,0.4063,3.827061494
41.83,-121.25,8.7181835,1.5774,3.827061494
40.73,-120.31,17.370102,2.5573,2.711298034
41.58,-122.88,8.7299252,0.9082,3.82448694
41.57,-122.89,8.7299252,0.3346,3.82448694
41.57,-122.88,8.7299252,0.4063,3.82448694
41.61,-122.53,8.7299252,1.8164,3.82448694
41.56,-122.53,8.7299252,0.6692,3.82448694
41.43,-122.5,8.7199984,0.9082,3.826663208
41.89,-122.4,8.7200031,0.239,3.826662177
41.9,-122.48,8.7200031,0.5497,3.826662177
41.73,-120.38,18.00329,0.1673,2.663192167
41.64,-120.4,18.00329,2.3183,2.663192167
40.75,-119.02,16.524179,4.4932,2.779831668
41.55,-122.26,8.7135773,1.4101,3.828072897
40.7,-119.35,16.676729,0.5975,2.767088234
40.68,-119.36,16.676729,8.843,2.767088234
40.88,-119.34,16.815744,7.8392,2.7556268
40.87,-119.33,16.815744,11.95,2.7556268
40.65,-119.39,16.676729,13.384,2.767088234
40.65,-119.35,16.676729,1.3862,2.767088234
40.65,-119.37,16.676729,7.648,2.767088234
40.66,-119.38,16.676729,5.258,2.767088234
40.65,-119.39,16.676729,10.1336,2.767088234
40.64,-119.41,16.676729,1.8403,2.767088234
40.69,-119.35,16.676729,1.0038,2.767088234
40.78,-119.34,16.815744,11.95,2.7556268
40.65,-119.37,16.676729,7.9826,2.767088234
40.67,-119.37,16.676729,30.4008,2.767088234
40.66,-119.37,16.676729,44.0238,2.767088234
40.66,-119.36,16.676729,3.585,2.767088234
40.66,-119.37,16.676729,238.9761,2.767088234
41.21,-119.06,16.815744,2.5573,2.7556268
40.88,-119.1,16.676729,1.6491,2.767088234
40.87,-119.17,16.676729,2.0315,2.767088234
41.13,-119,16.815744,12.3324,2.7556268
41.08,-119.02,16.815744,2.2466,2.7556268
41.05,-119.02,16.676729,10.0858,2.767088234
41.05,-119.02,16.676729,7.5763,2.767088234
41.05,-119.02,16.676729,7.887,2.767088234
41.05,-119.02,16.676729,5.9511,2.767088234
40.99,-119.1,16.676729,2.0315,2.767088234
41.02,-119.06,16.676729,1.912,2.767088234
40.94,-119.1,16.676729,1.3384,2.767088234
40.91,-119.14,16.676729,2.1271,2.767088234
40.39,-121.54,18.00329,3.1309,2.663192167
40.35,-121.55,18.00329,1.6969,2.663192167
40.34,-121.45,18.00329,1.5296,2.663192167
40.36,-121.5,18.00329,5.497,2.663192167
40.41,-121.45,18.00329,2.0076,2.663192167
40.17,-121.51,18.00329,1.0994,2.663192167
40.37,-120.95,17.580811,2.1988,2.695001374
42.02,-123.84,8.7200031,1.0994,3.826662177
39.85,-120.47,16.951086,1.5057,2.744603924
42.49,-123.38,8.1746902,0.8365,3.952235293
41.86,-123.37,8.7200031,0.9799,3.826662177
40.51,-122.61,17.755274,0.9082,2.681728171
40.51,-122.61,17.755274,0.9799,2.681728171
40.51,-122.61,17.755274,0.956,2.681728171
41.47,-121.42,17.755274,0.956,2.681728171
41.68,-121.12,17.755274,1.3145,2.681728171
41.65,-121.12,18.100437,1.9598,2.656035732
41.65,-121.18,17.755274,1.8403,2.681728171
41.61,-121.21,17.755274,0.7648,2.681728171
41.7,-121.34,17.755274,7.2178,2.681728171
41.57,-121.35,17.755274,1.9359,2.681728171
41.65,-121.06,18.100437,1.5296,2.656035732
41.56,-121.12,18.100437,3.4894,2.656035732
41.81,-122.01,8.7181835,0.3585,3.827061494
41.69,-121.88,8.7112598,0.5975,3.828582064
41.74,-121.87,8.7112598,0.1673,3.828582064
41.73,-121.67,8.7112598,0.3346,3.828582064
41.59,-121.96,8.7299252,0.2868,3.82448694
41,-120.89,18.00329,2.3183,2.663192167
40.21,-120.25,16.951086,2.6768,2.744603924
41.47,-120.18,18.00329,2.1271,2.663192167
41.2,-121.14,18.00329,0.478,2.663192167
41.15,-121.06,18.00329,4.3976,2.663192167
41.27,-122.61,15.872827,0.8604,2.836294365
41.81,-122.01,8.7181835,0.4063,3.827061494
41.83,-121.25,8.7181835,1.5774,3.827061494
40.73,-120.31,17.370102,2.5573,2.711298034
41.58,-122.88,8.7299252,0.9082,3.82448694
41.57,-122.89,8.7299252,0.3346,3.82448694
41.57,-122.88,8.7299252,0.4063,3.82448694
41.61,-122.53,8.7299252,1.8164,3.82448694
41.56,-122.53,8.7299252,0.6692,3.82448694
41.43,-122.5,8.7199984,0.9082,3.826663208
41.82,-122.44,8.7181835,0.9799,3.827061494
41.67,-122.43,8.7112598,1.2667,3.828582064
41.89,-122.4,8.7200031,0.239,3.826662177
41.96,-122.33,8.7200031,1.7686,3.826662177
41.98,-122.32,8.7200031,1.6969,3.826662177
41.9,-122.48,8.7200031,0.5497,3.826662177
41.9,-122.53,8.7200031,0.239,3.826662177
41.95,-122,8.7200031,3.3699,3.826662177
41.73,-120.38,18.00329,0.1673,2.663192167
41.64,-120.4,18.00329,2.3183,2.663192167
40.52,-120.68,17.50819,1.0994,2.700584794
41.55,-122.26,8.7135773,1.4101,3.828072897
42.14,-122.73,8.7200031,0.9799,3.826662177
44.67,-125.58,8.5858335,2.231543,3.856445626
44.58,-127.3,5.4504809,3.632561,4.840174646
44.81,-127.97,4.1015091,3.352214,5.579645457
44.95,-128.39,3.2205846,2.841949,6.296672239
45.1,-128.85,2.4179773,4.33307,7.266952706
44.67,-125.58,8.5858335,2.631868,3.856445626
44.84,-125.6,8.5421562,3.552496,3.866292342
44.91,-124.61,9.8163719,1.080758,3.606641218
44.84,-124.72,9.8749847,0,3.59592171
44.97,-125.1,9.5523081,1.731316,3.656152336
45.01,-125.15,9.2965679,1.561148,3.70609989
44.86,-125.13,9.5314922,1.961473,3.660142508
44.87,-125.28,9.1318445,2.081451,3.73937646
44.82,-125.59,8.5421562,3.122057,3.866292342
44.65,-125.58,8.6269598,2.952128,3.847242453
38.97,-119.27,16.215477,1.5535,2.806167427
46.77,-128.36,1.8929226,1.6252,8.213192753
46.77,-128.3,2.0580494,2.7007,7.876813195
46.76,-128.29,2.0580494,2.1032,7.876813195
46.76,-128.28,2.0580494,2.3183,7.876813195
46.76,-128.26,2.0580494,1.195,7.876813195
46.75,-128.26,2.1742797,1.1233,7.663386647
46.75,-128.25,2.1742797,2.1749,7.663386647
46.73,-128.23,2.4284899,1.6252,7.251206826
46.77,-128.35,2.0580494,1.3145,7.876813195
46.77,-128.35,2.0580494,1.0277,7.876813195
46.77,-128.34,2.0580494,1.4818,7.876813195
46.62,-127.83,3.3197627,2.4856,6.201902337
46.62,-127.83,3.3197627,3.0353,6.201902337
46.62,-127.83,3.3197627,2.9397,6.201902337
46.62,-127.78,3.3197627,2.9636,6.201902337
46.62,-127.78,3.3197627,2.7963,6.201902337
46.62,-127.78,3.3197627,3.2026,6.201902337
46.62,-127.78,3.3197627,3.9435,6.201902337
46.62,-127.78,3.3197627,4.0869,6.201902337
46.48,-127.25,4.6397758,3.8001,5.246020046
46.46,-127.2,4.6397758,3.1309,5.246020046
46.46,-127.19,4.6397758,3.3699,5.246020046
46.46,-127.19,4.6397758,3.9913,5.246020046
46.45,-127.18,4.6397758,3.8479,5.246020046
46.46,-127.18,4.6397758,3.1309,5.246020046
46.46,-127.16,4.6397758,3.9435,5.246020046
46.45,-127.16,4.6397758,3.8479,5.246020046
46.45,-127.14,4.9049993,3.9196,5.102217507
46.48,-127.25,4.6397758,4.1586,5.246020046
46.45,-127.13,4.9049993,4.4693,5.102217507
46.45,-127.13,4.9049993,4.063,5.102217507
46.45,-127.12,4.9049993,4.5171,5.102217507
46.44,-127.1,4.9191098,4.1586,5.094894379
46.47,-127.24,4.6397758,3.4177,5.246020046
46.47,-127.23,4.6397758,3.3938,5.246020046
46.47,-127.23,4.6397758,3.6567,5.246020046
46.46,-127.22,4.6397758,3.7762,5.246020046
46.46,-127.21,4.6397758,3.9913,5.246020046
46.32,-126.62,5.9918666,2.8441,4.616335619
46.32,-126.62,5.9918666,2.5334,4.616335619
46.32,-126.62,5.9918666,3.107,4.616335619
46.32,-126.62,5.9918666,3.4177,4.616335619
46.32,-126.62,5.9918666,2.8441,4.616335619
46.32,-126.62,5.9918666,2.7963,4.616335619
46.32,-126.62,5.9918666,3.0114,4.616335619
46.32,-126.62,5.9918666,3.3221,4.616335619
46.32,-126.62,5.9918666,3.107,4.616335619
46.32,-126.62,5.9918666,3.1787,4.616335619
46.32,-126.62,5.9918666,2.9636,4.616335619
46.32,-126.62,5.9918666,3.4416,4.616335619
46.32,-126.62,5.9918666,3.5611,4.616335619
46.32,-126.62,5.9918666,3.4894,4.616335619
46.32,-126.62,5.9918666,3.3221,4.616335619
46.32,-126.62,5.9918666,3.7284,4.616335619
46.32,-126.62,5.9918666,3.9435,4.616335619
46.32,-126.62,5.9918666,3.4416,4.616335619
46.32,-126.62,5.9918666,3.7762,4.616335619
46.32,-126.62,5.9918666,3.2265,4.616335619
46.32,-126.62,5.9918666,3.0831,4.616335619
46.32,-126.62,5.9918666,3.9913,4.616335619
46.32,-126.62,5.9918666,3.8718,4.616335619
46.32,-126.62,5.9918666,3.4416,4.616335619
46.32,-126.62,5.9918666,3.4177,4.616335619
46.32,-126.62,5.9918666,3.4894,4.616335619
46.32,-126.62,5.9918666,3.2743,4.616335619
46.32,-126.62,5.9918666,2.7724,4.616335619
46.32,-126.62,5.9918666,3.0114,4.616335619
46.32,-126.62,5.9918666,2.7007,4.616335619
46.32,-126.62,5.9918666,2.8441,4.616335619
46.32,-126.62,5.9918666,2.9636,4.616335619
46.32,-126.62,5.9918666,3.5611,4.616335619
46.32,-126.62,5.9918666,3.0592,4.616335619
46.32,-126.62,5.9918666,2.9875,4.616335619
46.32,-126.62,5.9918666,3.4655,4.616335619
46.32,-126.62,5.9918666,3.0114,4.616335619
46.32,-126.62,5.9918666,3.107,4.616335619
46.17,-125.95,7.3550162,2.8919,4.166646216
46.17,-125.95,7.3550162,2.9158,4.166646216
46.17,-125.95,7.3550162,3.1309,4.166646216
46.18,-125.9,7.4997277,2.9397,4.126251506
46.18,-125.9,7.4997277,2.629,4.126251506
46.08,-125.6,8.179697,1.3384,3.951025524
46.08,-125.6,8.179697,1.9359,3.951025524
46.08,-125.6,8.179697,1.8881,3.951025524
46.08,-125.6,8.179697,1.9837,3.951025524
46.08,-125.6,8.179697,1.9598,3.951025524
46.08,-125.6,8.179697,1.8881,3.951025524
46.08,-125.6,8.179697,2.0315,3.951025524
46.08,-125.6,8.179697,1.7686,3.951025524
46.08,-125.6,8.179697,1.8403,3.951025524
46.08,-125.6,8.179697,1.6969,3.951025524
46.08,-125.6,8.179697,1.7686,3.951025524
46.08,-125.6,8.179697,2.0076,3.951025524
46.08,-125.6,8.179697,1.8881,3.951025524
46.08,-125.6,8.179697,1.8642,3.951025524
46.08,-125.6,8.179697,1.8881,3.951025524
46.08,-125.6,8.179697,1.912,3.951025524
46.08,-125.6,8.179697,1.8881,3.951025524
46.87,-128.7,1.0900005,5.1146,10.82343454
46.87,-128.7,1.0900005,2.8202,10.82343454
46.87,-128.7,1.0900005,6.7876,10.82343454
46.87,-128.7,1.0900005,5.8077,10.82343454
46.87,-128.7,1.0900005,6.0228,10.82343454
46.87,-128.7,1.0900005,6.3813,10.82343454
46.87,-128.7,1.0900005,3.7284,10.82343454
47.15,-129.73,1.6300219,3.5611,8.850783627
47.15,-129.73,1.6300219,5.0907,8.850783627
47.15,-129.73,1.6300219,2.3661,8.850783627
47.15,-129.73,1.6300219,1.5535,8.850783627
47.15,-129.73,1.6300219,1.8642,8.850783627
47.15,-129.73,1.6300219,4.5171,8.850783627
47.15,-129.73,1.6300219,4.2542,8.850783627
47.15,-129.73,1.6300219,3.1309,8.850783627
47.15,-129.73,1.6300219,2.1032,8.850783627
47.15,-129.73,1.6300219,4.3259,8.850783627
47.15,-129.73,1.6300219,4.302,8.850783627
47.15,-129.73,1.6300219,2.9875,8.850783627
47.15,-129.73,1.6300219,3.3221,8.850783627
47.15,-129.73,1.6300219,1.8881,8.850783627
47.15,-129.73,1.6300219,2.7007,8.850783627
46.82,-128.5,1.7001911,5.0907,8.666217295
46.82,-128.5,1.7001911,4.7561,8.666217295
46.82,-128.5,1.7001911,5.3536,8.666217295
46.82,-128.5,1.7001911,4.1347,8.666217295
46.82,-128.5,1.7001911,4.063,8.666217295
46.8,-128.4,1.8929226,2.2705,8.213192753
46.8,-128.4,1.8929226,2.6768,8.213192753
46.8,-128.4,1.8929226,2.1032,8.213192753
46.8,-128.4,1.8929226,2.151,8.213192753
43.89,-122.21,9.5827484,2.7485,3.6503407
43.88,-122.37,9.5827484,2.1749,3.6503407
43.88,-122.07,9.5827484,2.1749,3.6503407
43.59,-122.23,9.5827484,2.39,3.6503407
44.08,-122.23,9.8749847,3.8001,3.59592171
43.8,-122.31,9.5827484,1.6252,3.6503407
44.11,-122.23,9.8749847,1.9837,3.59592171
46.77,-125.92,7.4773855,2.9875,4.132411465
46.77,-125.92,7.4773855,2.9875,4.132411465
46.76,-126.04,7.2581306,2.8441,4.194363392
46.76,-126.04,7.2581306,2.8441,4.194363392
46.76,-126.05,7.0691643,2.7485,4.250053585
46.76,-126.05,7.0691643,2.7485,4.250053585
46.77,-125.94,7.4773855,2.9875,4.132411465
46.77,-125.94,7.4773855,2.9875,4.132411465
46.77,-125.95,7.2581306,2.9158,4.194363392
46.77,-125.95,7.2581306,2.9158,4.194363392
46.76,-125.96,7.2581306,2.7485,4.194363392
46.76,-125.96,7.2581306,2.7485,4.194363392
46.76,-125.98,7.2581306,2.7724,4.194363392
46.76,-125.98,7.2581306,2.7724,4.194363392
46.76,-125.98,7.2581306,2.7485,4.194363392
46.76,-125.98,7.2581306,2.7485,4.194363392
46.76,-125.98,7.2581306,2.6529,4.194363392
46.76,-125.98,7.2581306,2.6529,4.194363392
46.76,-126.04,7.2581306,2.9158,4.194363392
46.76,-126.04,7.2581306,2.9158,4.194363392
46.74,-126.23,6.8100848,7.8153,4.330142449
46.74,-126.23,6.8100848,7.8153,4.330142449
46.74,-126.22,6.8100848,4.5171,4.330142449
46.74,-126.22,6.8100848,4.5171,4.330142449
46.74,-126.2,6.8100848,2.6768,4.330142449
46.74,-126.2,6.8100848,2.6768,4.330142449
46.74,-126.19,6.8100848,3.1548,4.330142449
46.74,-126.19,6.8100848,3.1548,4.330142449
46.74,-126.18,6.8100848,2.9158,4.330142449
46.74,-126.18,6.8100848,2.9158,4.330142449
46.75,-126.16,6.8100848,3.2026,4.330142449
46.75,-126.16,6.8100848,3.2026,4.330142449
46.74,-126.18,6.8100848,2.9875,4.330142449
46.74,-126.18,6.8100848,2.9875,4.330142449
46.74,-126.2,6.8100848,3.3699,4.330142449
46.74,-126.2,6.8100848,3.3699,4.330142449
46.74,-126.21,6.8100848,3.8001,4.330142449
46.74,-126.21,6.8100848,3.8001,4.330142449
46.74,-126.21,6.8100848,3.9674,4.330142449
46.74,-126.21,6.8100848,3.9674,4.330142449
46.74,-126.22,6.8100848,6.3335,4.330142449
46.74,-126.22,6.8100848,6.3335,4.330142449
46.74,-126.24,6.8100848,10.5877,4.330142449
46.74,-126.24,6.8100848,10.5877,4.330142449
46.74,-126.24,6.8100848,10.9223,4.330142449
46.74,-126.24,6.8100848,10.9223,4.330142449
46.74,-126.25,6.8100848,9.9902,4.330142449
46.74,-126.25,6.8100848,9.9902,4.330142449
45.43,-125.73,8.0344667,14.8658,3.986574789
45.43,-125.73,8.0344667,14.8658,3.986574789
45.43,-125.75,7.8805914,22.9679,4.025307276
45.43,-125.75,7.8805914,22.9679,4.025307276
45.43,-125.76,7.8805914,19.4785,4.025307276
45.43,-125.76,7.8805914,19.4785,4.025307276
45.43,-125.77,7.8805914,8.0065,4.025307276
45.43,-125.77,7.8805914,8.0065,4.025307276
45.43,-125.79,7.8805914,7.5524,4.025307276
45.43,-125.79,7.8805914,7.5524,4.025307276
45.42,-125.8,7.8805914,5.8316,4.025307276
45.42,-125.8,7.8805914,5.8316,4.025307276
45.42,-125.82,7.8805914,3.8479,4.025307276
45.42,-125.82,7.8805914,3.8479,4.025307276
45.43,-125.64,8.1844883,2.5573,3.949868865
45.43,-125.64,8.1844883,2.5573,3.949868865
45.43,-125.67,8.0344667,3.8479,3.986574789
45.43,-125.67,8.0344667,3.8479,3.986574789
45.43,-125.7,8.0344667,4.541,3.986574789
45.43,-125.7,8.0344667,4.541,3.986574789
45.43,-125.71,8.0344667,2.4856,3.986574789
45.43,-125.71,8.0344667,2.4856,3.986574789
45.43,-125.72,8.0344667,7.9348,3.986574789
45.43,-125.72,8.0344667,7.9348,3.986574789
45.36,-125.67,8.0344667,3.5611,3.986574789
45.36,-125.67,8.0344667,3.5611,3.986574789
45.48,-125.71,8.0390244,3.1548,3.98544454
45.48,-125.71,8.0390244,3.1548,3.98544454
45.5,-125.72,8.0390244,2.8441,3.98544454
45.5,-125.72,8.0390244,2.8441,3.98544454
45.37,-125.68,8.0344667,2.9158,3.986574789
45.37,-125.68,8.0344667,2.9158,3.986574789
45.45,-125.7,8.0390244,4.9234,3.98544454
45.45,-125.7,8.0390244,4.9234,3.98544454
45.47,-125.71,8.0390244,3.9435,3.98544454
45.47,-125.71,8.0390244,3.9435,3.98544454
46.68,-126.14,7.0371647,2.8441,4.259705609
46.68,-126.14,7.0371647,2.8441,4.259705609
46.68,-126.15,6.8100848,2.8919,4.330142449
46.68,-126.15,6.8100848,2.8919,4.330142449
46.68,-126.16,6.8100848,3.1787,4.330142449
46.68,-126.16,6.8100848,3.1787,4.330142449
46.67,-126.18,6.8100848,2.9636,4.330142449
46.67,-126.18,6.8100848,2.9636,4.330142449
46.67,-126.19,6.8100848,3.1787,4.330142449
46.67,-126.19,6.8100848,3.1787,4.330142449
46.67,-126.2,6.8100848,3.2265,4.330142449
46.67,-126.2,6.8100848,3.2265,4.330142449
41.68,-124.93,8.7112598,1.3384,3.828582064
41,-126.43,3.5363894,3.9913,6.008947414
39.09,-127.78,26.078346,1.0994,2.21278094
40.08,-125.34,16.723663,1.9598,2.763202669
47.92,-128.8,0.66285837,1.7925,13.87931624
47.91,-128.75,0.66285837,3.0831,13.87931624
47.89,-128.65,0.91232389,10.3726,11.83052233
47.77,-127.77,3.1612465,7.1222,6.355493263
47.77,-127.77,3.1612465,9.1298,6.355493263
47.76,-127.74,3.3711357,2.6051,6.154465282
47.86,-128.51,1.414219,11.0896,9.502111225
47.84,-128.38,1.6586365,8.365,8.774105142
47.89,-128.58,1.1679138,21.2471,10.45617994
47.79,-128.13,2.4378891,7.0744,7.237214934
48.43,-128.68,0.79336768,27.724,12.68648152
48.43,-128.68,0.79336768,47.0352,12.68648152
48.46,-128.71,0.59159386,102.0052,14.69151607
40.95,-127.52,0.021391379,4.302,77.26077359
41,-127.49,0.021391379,65.1514,77.26077359
48.44,-128.6,1.033847,9.9902,11.11348602
48.44,-128.7,0.79336768,17.8772,12.68648152
48.44,-128.7,0.79336768,49.2579,12.68648152
48.44,-128.7,0.79336768,17.8294,12.68648152
48.44,-128.7,0.79336768,21.0081,12.68648152
48.46,-128.7,0.59159386,44.5974,14.69151607
48.46,-128.7,0.59159386,314.5479,14.69151607
48.46,-128.7,0.59159386,98.0856,14.69151607
48.17,-126.7,5.5965943,2.868,4.776574223
48.7,-126.9,5.5437579,1.7925,4.79928251
48.66,-126.9,5.5437579,0.6214,4.79928251
44.67,-125.1,9.5507097,1.8642,3.656458269
38.83,-121.17,16.676729,0.5975,2.767088234
45.68,-120.12,9.5560369,1.195,3.655438945
38.98,-120.32,16.215477,1.2428,2.806167427
38.55,-120.57,16.215477,0.717,2.806167427
39.7,-122.88,18.00329,1.5774,2.663192167
46.58,-119.52,9.7773581,1.5057,3.613829699
46.35,-119.27,9.5389538,1.2428,3.658710703
39.43,-123.73,18.287436,1.9837,2.642421132
39.38,-119.63,16.215477,2.7485,2.806167427
37.32,-122.12,16.215477,2.1988,2.806167427
46.43,-119.78,9.543684,1.4101,3.657803894
46.43,-119.78,9.543684,1.3623,3.657803894
37.1,-119.73,16.19442,0.5975,2.807991212
37.17,-120.07,16.19442,0.4302,2.807991212
37.45,-122.03,16.215477,2.0076,2.806167427
37.8,-121.58,16.215477,0.956,2.806167427
42.1,-119.92,18.00329,2.4856,2.663192167
42.17,-119.86,18.00329,1.7925,2.663192167
39.47,-119.63,16.215477,2.0793,2.806167427
39.57,-123.12,18.100437,1.7925,2.656035732
38.93,-119.07,16.215477,1.8403,2.806167427
38.92,-119.07,16.215477,1.7925,2.806167427
42.23,-121.76,8.7200031,1.2667,3.826662177
42.15,-121.68,8.7200031,1.3862,3.826662177
42.03,-121.59,8.7200031,1.2906,3.826662177
42.06,-121.62,8.7200031,0.9799,3.826662177
42.23,-121.76,8.7200031,17.0885,3.826662177
38.87,-120.65,16.364212,1.0516,2.793385631
42.09,-121.7,8.7200031,1.3862,3.826662177
42.17,-121.65,8.7200031,0.7887,3.826662177
42.2,-121.74,8.7200031,3.0831,3.826662177
42.15,-121.7,8.7200031,1.5774,3.826662177
42.09,-121.9,8.7200031,0.2868,3.826662177
42.15,-121.68,8.7200031,1.4818,3.826662177
42,-121.7,8.7200031,1.5774,3.826662177
42.19,-121.8,8.7200031,3.9913,3.826662177
38.85,-119.75,16.215477,1.1233,2.806167427
42.19,-121.71,8.7200031,2.4856,3.826662177
42.18,-121.7,8.7200031,0.8843,3.826662177
42.13,-121.74,8.7200031,1.4818,3.826662177
42.19,-121.77,8.7200031,0.1912,3.826662177
42.19,-121.78,8.7200031,2.8919,3.826662177
42.17,-121.68,8.7200031,0.478,3.826662177
42.06,-121.76,8.7200031,1.2906,3.826662177
42.06,-121.6,8.7200031,2.1988,3.826662177
42.01,-121.82,8.7200031,0.2868,3.826662177
38.83,-121.17,16.676729,0.5975,2.767088234
38.98,-120.32,16.215477,1.2428,2.806167427
42.17,-121.62,8.7200031,7.1939,3.826662177
42.03,-121.75,8.7200031,1.434,3.826662177
42.02,-121.69,8.7200031,2.2944,3.826662177
38.55,-120.57,16.215477,0.717,2.806167427
42.24,-121.78,8.7200031,2.3183,3.826662177
42.25,-121.78,8.7200031,2.8919,3.826662177
42.13,-121.8,8.7200031,0.8843,3.826662177
42.01,-121.63,8.7200031,1.9837,3.826662177
38.97,-119.27,16.215477,1.5535,2.806167427
46.54,-122.82,9.6252508,0.8843,3.642272344
46.54,-122.84,9.6252508,0.8365,3.642272344
42.07,-121.8,8.7200031,0.7887,3.826662177
42.11,-121.69,8.7200031,3.2982,3.826662177
42.11,-121.87,8.7200031,2.5812,3.826662177
42.2,-121.73,8.7200031,2.9875,3.826662177
38.83,-120.25,16.215477,0.8126,2.806167427
47.95,-129.1,0.02951305,0.6214,65.77659632
47.95,-129.08,0.02951305,10.4682,65.77659632
47.95,-129.1,0.02951305,47.4654,65.77659632
47.95,-129.1,0.02951305,4.7322,65.77659632
47.95,-129.1,0.02951305,0.4063,65.77659632
47.95,-129.09,0.02951305,1.5774,65.77659632
47.95,-129.1,0.02951305,145.8378,65.77659632
47.95,-129.1,0.02951305,15.4394,65.77659632
47.95,-129.1,0.02951305,0.6692,65.77659632
47.95,-129.1,0.02951305,5.6165,65.77659632
47.95,-129.1,0.02951305,58.1009,65.77659632
47.95,-129.1,0.02951305,4.1586,65.77659632
47.95,-129.1,0.02951305,315.8624,65.77659632
47.95,-129.1,0.02951305,272.4122,65.77659632
47.95,-129.1,0.02951305,0.9321,65.77659632
47.95,-129.09,0.02951305,2.4139,65.77659632
47.95,-129.09,0.02951305,3.9913,65.77659632
47.95,-129.1,0.02951305,3.7045,65.77659632
47.96,-129.1,0.02951305,35.1569,65.77659632
47.96,-129.1,0.02951305,3.1309,65.77659632
47.96,-129.1,0.02951305,1.8403,65.77659632
47.96,-129.09,0.02951305,0.9321,65.77659632
47.96,-129.09,0.02951305,0.7887,65.77659632
47.95,-129.09,0.02951305,4.7322,65.77659632
47.95,-129.1,0.02951305,40.7017,65.77659632
47.96,-129.09,0.02951305,240.4579,65.77659632
47.96,-129.1,0.02951305,1.7208,65.77659632
47.96,-129.1,0.02951305,3.2743,65.77659632
47.96,-129.1,0.02951305,309.9113,65.77659632
47.96,-129.09,0.02951305,93.0666,65.77659632
47.96,-129.09,0.02951305,1.5774,65.77659632
47.96,-129.09,0.02951305,0.5258,65.77659632
47.95,-129.09,0.02951305,21.6056,65.77659632
47.95,-129.09,0.02951305,49.7837,65.77659632
47.96,-129.1,0.02951305,5.1863,65.77659632
47.96,-129.1,0.02951305,344.5663,65.77659632
47.96,-129.1,0.02951305,1.3145,65.77659632
47.96,-129.09,0.02951305,0.1434,65.77659632
47.95,-129.1,0.02951305,0.6692,65.77659632
47.95,-129.1,0.02951305,2.1271,65.77659632
47.95,-129.09,0.02951305,11.711,65.77659632
47.95,-129.09,0.02951305,134.5331,65.77659632
47.95,-129.09,0.02951305,3.5611,65.77659632
47.95,-129.09,0.02951305,1.5774,65.77659632
47.96,-129.1,0.02951305,185.5835,65.77659632
47.95,-129.1,0.02951305,5.7838,65.77659632
47.95,-129.09,0.02951305,-0.1434,65.77659632
47.95,-129.09,0.02951305,115.6999,65.77659632
47.96,-129.09,0.02951305,3.2743,65.77659632
47.96,-129.1,0.02951305,114.6483,65.77659632
47.96,-129.09,0.02951305,0.1434,65.77659632
47.95,-129.09,0.02951305,260.0798,65.77659632
47.95,-129.09,0.02951305,3.2743,65.77659632
47.95,-129.09,0.02951305,0.4063,65.77659632
47.95,-129.1,0.02951305,3.8479,65.77659632
47.95,-129.09,0.02951305,10.1575,65.77659632
47.95,-129.09,0.02951305,17.8055,65.77659632
47.95,-129.09,0.02951305,64.9602,65.77659632
47.95,-129.1,0.02951305,2.9875,65.77659632
47.95,-129.1,0.02951305,1.4579,65.77659632
47.95,-129.1,0.02951305,1.4579,65.77659632
47.95,-129.09,0.02951305,10.3248,65.77659632
47.95,-129.09,0.02951305,12.9538,65.77659632
47.95,-129.09,0.02951305,47.8,65.77659632
47.95,-129.09,0.02951305,0.7887,65.77659632
47.96,-129.09,0.02951305,9.3927,65.77659632
47.95,-129.09,0.02951305,60.7777,65.77659632
47.95,-129.1,0.02951305,1.5774,65.77659632
47.95,-129.09,0.02951305,3.9913,65.77659632
47.96,-129.1,0.02951305,2.4139,65.77659632
47.96,-129.1,0.02951305,46.4616,65.77659632
47.96,-129.1,0.02951305,17.8055,65.77659632
47.96,-129.09,0.02951305,17.0168,65.77659632
47.96,-129.09,0.02951305,0.9321,65.77659632
47.96,-129.09,0.02951305,0.7887,65.77659632
47.95,-129.1,0.02951305,7.2656,65.77659632
47.95,-129.1,0.02951305,15.9174,65.77659632
47.95,-129.09,0.02951305,41.7055,65.77659632
47.95,-129.09,0.02951305,99.7347,65.77659632
47.95,-129.09,0.02951305,0.7887,65.77659632
47.95,-129.09,0.02951305,0.4063,65.77659632
47.96,-129.1,0.02951305,21.6056,65.77659632
47.95,-129.1,0.02951305,1.8403,65.77659632
47.96,-129.1,0.02951305,69.8358,65.77659632
47.96,-129.1,0.02951305,304.1514,65.77659632
47.95,-129.1,0.02951305,10.4682,65.77659632
47.95,-129.09,0.02951305,3.9913,65.77659632
47.96,-129.09,0.02951305,0.5258,65.77659632
47.95,-129.1,0.02951305,31.8826,65.77659632
47.95,-129.1,0.02951305,4.302,65.77659632
47.95,-129.09,0.02951305,35.8022,65.77659632
47.96,-129.1,0.02951305,100.9297,65.77659632
47.96,-129.09,0.02951305,1.4579,65.77659632
47.95,-129.09,0.02951305,10.4682,65.77659632
47.96,-129.1,0.02951305,2.4139,65.77659632
47.96,-129.1,0.02951305,1.195,65.77659632
47.96,-129.09,0.02951305,2.9875,65.77659632
47.96,-129.09,0.02951305,11.711,65.77659632
47.96,-129.1,0.02951305,89.8162,65.77659632
47.96,-129.1,0.02951305,0.2629,65.77659632
47.96,-129.1,0.02951305,14.6507,65.77659632
47.95,-129.1,0.02951305,94.7635,65.77659632
47.95,-129.09,0.02951305,0.2629,65.77659632
47.95,-129.09,0.02951305,0.9321,65.77659632
47.95,-129.09,0.02951305,43.6653,65.77659632
47.95,-129.1,0.02951305,329.5571,65.77659632
47.95,-129.1,0.02951305,0.5258,65.77659632
47.95,-129.1,0.02951305,27.3655,65.77659632
47.95,-129.09,0.02951305,293.5637,65.77659632
47.95,-129.09,0.02951305,48.6126,65.77659632
47.96,-129.09,0.02951305,0.2629,65.77659632
47.95,-129.1,0.02951305,8.0304,65.77659632
47.96,-129.1,0.02951305,1.5774,65.77659632
47.96,-129.1,0.02951305,9.7034,65.77659632
47.96,-129.1,0.02951305,1.7208,65.77659632
47.96,-129.09,0.02951305,0.9321,65.77659632
47.96,-129.09,0.02951305,1.8403,65.77659632
47.96,-129.1,0.02951305,240.9837,65.77659632
47.96,-129.1,0.02951305,5.1863,65.77659632
47.96,-129.1,0.02951305,19.2156,65.77659632
47.96,-129.09,0.02951305,4.302,65.77659632
42.2,-119.85,18.00329,1.7925,2.663192167
42.1,-119.92,18.00329,2.4856,2.663192167
42.17,-119.86,18.00329,1.7925,2.663192167
38.88,-121.05,16.676729,0.6931,2.767088234
37.87,-122.25,16.815744,1.9837,2.7556268
39.7,-122.88,18.00329,1.5774,2.663192167
46.58,-119.52,9.7773581,1.5057,3.613829699
46.35,-119.27,9.5389538,1.2428,3.658710703
46.35,-119.27,9.5389538,0.9799,3.658710703
46.35,-119.27,9.5389538,1.1233,3.658710703
39.7,-122.8,18.00329,1.1472,2.663192167
39.43,-123.73,18.287436,1.9837,2.642421132
37.1,-119.38,16.19442,0.7648,2.807991212
39.38,-119.63,16.215477,2.7485,2.806167427
37.45,-122.17,16.364212,2.1749,2.793385631
40.23,-120.8,17.370102,1.8881,2.711298034
37.32,-122.12,16.215477,2.1988,2.806167427
38.88,-119.58,16.215477,2.2944,2.806167427
46.54,-122.84,9.6252508,0.8365,3.642272344
46.43,-119.78,9.543684,1.4101,3.657803894
46.43,-119.78,9.543684,1.3623,3.657803894
37.1,-119.73,16.19442,0.5975,2.807991212
39.4,-120.88,16.815744,0.6692,2.7556268
37.48,-122.13,16.364212,2.2466,2.793385631
37.17,-120.07,16.19442,0.4302,2.807991212
39.25,-119.67,16.215477,1.9598,2.806167427
46.53,-122.81,9.6252508,0.7648,3.642272344
46.54,-122.82,9.6252508,0.8843,3.642272344
46.53,-122.81,9.6252508,0.8365,3.642272344
37.45,-122.03,16.215477,2.0076,2.806167427
37.8,-121.58,16.215477,0.956,2.806167427
39.3,-119.65,16.215477,6.9788,2.806167427
46.42,-119.59,9.543684,1.3384,3.657803894
39.47,-119.63,16.215477,2.0793,2.806167427
39.57,-123.12,18.100437,1.7925,2.656035732
38.93,-119.07,16.215477,1.8403,2.806167427
38.93,-119.07,16.215477,1.8403,2.806167427
45.98,-121.62,9.5455904,1.7686,3.657438617
46.1,-121.7,9.5399418,1.5774,3.658521241
46,-121.89,9.5455904,1.4579,3.657438617
45.41,-121.82,9.5483627,2.39,3.656907622
45.37,-121.82,9.5483627,2.3422,3.656907622
45.39,-121.81,9.5483627,3.1787,3.656907622
45.39,-121.86,9.5483627,2.0793,3.656907622
45.34,-121.92,9.5414743,1.5535,3.658227423
45.5,-121.56,9.5407829,2.1749,3.658359973
45.28,-121.84,9.5414743,1.5774,3.658227423
45.33,-121.71,9.5414743,8.8669,3.658227423
45.3,-121.77,9.5414743,2.1988,3.658227423
38.84,-121.84,17.088528,0.6214,2.733544299
39.46,-121.99,17.580811,0.7648,2.695001374
45.46,-121.65,9.5407829,1.3384,3.658359973
45.42,-121.77,9.5483627,3.2026,3.656907622
45.33,-121.66,9.5414743,3.6567,3.658227423
42.97,-119.25,8.5979795,1.6969,3.853720745
42.56,-119.04,18.00329,1.4818,2.663192167
42.56,-119.07,18.00329,1.2667,2.663192167
42.64,-119.09,8.7200031,1.0516,3.826662177
42.7,-119.06,8.7200031,1.2428,3.826662177
42.7,-119.12,8.7200031,1.0994,3.826662177
43.38,-119,9.5350513,1.6969,3.659459343
40.65,-119.36,16.676729,2.9875,2.767088234
40.85,-119.3,16.815744,2.9875,2.7556268
40.43,-119.23,16.364212,2.1271,2.793385631
39.82,-119.81,16.364212,2.4856,2.793385631
39.08,-119.63,16.215477,2.0315,2.806167427
39.84,-119.48,16.215477,2.151,2.806167427
39.82,-119.91,16.524179,0.5497,2.779831668
41.58,-119.83,18.00329,1.8881,2.663192167
41.58,-119.75,17.580811,1.6969,2.695001374
41.66,-119.81,18.00329,1.5774,2.663192167
39.3,-119.77,16.215477,2.4856,2.806167427
40.93,-119.01,16.676729,1.8881,2.767088234
40.91,-119.09,16.676729,1.4818,2.767088234
40.73,-119.27,16.676729,1.0038,2.767088234
40.75,-119.24,16.676729,1.0038,2.767088234
40.83,-119.2,16.676729,2.7963,2.767088234
40.79,-119.19,16.676729,1.7925,2.767088234
40.85,-119.05,16.524179,4.9951,2.779831668
40.65,-119.35,16.676729,15.535,2.767088234
40.71,-119.29,16.676729,1.673,2.767088234
40.77,-119.25,16.676729,1.5535,2.767088234
40.77,-119.22,16.676729,1.434,2.767088234
40.77,-119.18,16.676729,2.1271,2.767088234
40.82,-119.17,16.676729,2.2227,2.767088234
40.84,-119.14,16.676729,2.5573,2.767088234
40.8,-119.13,16.676729,1.5774,2.767088234
54.91,-132.13,9.9456406,1.8164,3.583125856
54.91,-132.13,9.9456406,1.6491,3.583125856
54.91,-132.13,9.9456406,1.9598,3.583125856
54.78,-132.05,9.9456406,1.0994,3.583125856
37.74,-122.1,16.524179,1.9837,2.779831668
37.54,-122.1,16.364212,2.2944,2.793385631
37.61,-121.97,16.364212,1.912,2.793385631
37.62,-121.98,16.364212,1.912,2.793385631
42.02,-123.84,8.7200031,1.0994,3.826662177
42.49,-123.38,8.1746902,0.8365,3.952235293
40.51,-122.61,17.755274,0.9799,2.681728171
41.68,-121.12,17.755274,1.3145,2.681728171
41.65,-121.12,18.100437,1.9598,2.656035732
41.7,-121.34,17.755274,7.2178,2.681728171
41.65,-121.06,18.100437,1.5296,2.656035732
41.56,-121.12,18.100437,3.4894,2.656035732
37.17,-127.6,33.400661,1.3384,1.955243779
39.42,-127.55,25.494421,1.3623,2.237978278
41.05,-130.12,5.4735184,0.9799,4.829977997
45.36,-121.94,9.5483627,1.8403,3.656907622
45.4,-121.81,9.5483627,2.7007,3.656907622
45.4,-121.81,9.5483627,2.8202,3.656907622
45.4,-121.81,9.5483627,3.0592,3.656907622
45.32,-121.8,9.5414743,0.8604,3.658227423
45.41,-121.82,9.5483627,2.39,3.656907622
45.37,-121.82,9.5483627,2.3422,3.656907622
45.39,-121.81,9.5483627,2.39,3.656907622
45.39,-121.81,9.5483627,2.2944,3.656907622
45.39,-121.81,9.5483627,2.2944,3.656907622
45.39,-121.81,9.5483627,3.1787,3.656907622
45.39,-121.86,9.5483627,2.0793,3.656907622
45.28,-121.74,9.5414743,2.2466,3.658227423
45.31,-121.83,9.5414743,1.4579,3.658227423
45.34,-121.92,9.5414743,1.5535,3.658227423
45.5,-121.56,9.5407829,2.1749,3.658359973
45.28,-121.84,9.5414743,1.5774,3.658227423
45.33,-121.71,9.5414743,8.8669,3.658227423
45.39,-122.32,9.5483627,1.195,3.656907622
45.3,-121.77,9.5414743,2.1988,3.658227423
45.3,-121.77,9.5414743,1.2189,3.658227423
45.44,-121.72,9.5483627,0.9799,3.656907622
45.44,-121.72,9.5483627,1.0994,3.656907622
45.46,-121.65,9.5407829,0.9082,3.658359973
45.46,-121.65,9.5407829,1.3384,3.658359973
45.29,-121.71,9.5414743,1.7208,3.658227423
45.42,-121.77,9.5483627,2.5095,3.656907622
45.42,-121.77,9.5483627,3.1787,3.656907622
45.42,-121.77,9.5483627,3.2026,3.656907622
45.33,-121.66,9.5414743,3.6567,3.658227423
45.33,-121.66,9.5414743,2.1749,3.658227423
45.33,-121.66,9.5414743,3.2982,3.658227423
45.32,-121.72,9.5414743,2.6529,3.658227423
45.32,-121.72,9.5414743,2.868,3.658227423
45.31,-121.68,9.5414743,0.5736,3.658227423
45.31,-121.68,9.5414743,2.7246,3.658227423
48.46,-128.71,0.59159386,196.219,14.69151607
48.46,-128.71,0.59159386,183.074,14.69151607
48.46,-128.71,0.59159386,144.356,14.69151607
48.46,-128.71,0.59159386,211.276,14.69151607
48.46,-128.71,0.59159386,66.203,14.69151607
48.46,-128.71,0.59159386,191.678,14.69151607
48.46,-128.71,0.59159386,336.273,14.69151607
48.46,-128.71,0.59159386,323.606,14.69151607
48.46,-128.71,0.59159386,35.85,14.69151607
48.46,-128.71,0.59159386,147.463,14.69151607
48.45,-128.71,0.59159386,167.3,14.69151607
48.46,-128.71,0.59159386,281.542,14.69151607
48.43,-128.68,0.79336768,49.951,12.68648152
48.43,-128.68,0.79336768,97.512,12.68648152
48.43,-128.68,0.79336768,6.931,12.68648152
48.43,-128.68,0.79336768,59.511,12.68648152
48.43,-128.68,0.79336768,57.121,12.68648152
48.46,-128.71,0.59159386,166.822,14.69151607
48.46,-128.71,0.59159386,350.374,14.69151607
48.46,-128.71,0.59159386,191.2,14.69151607
48.46,-128.71,0.59159386,224.899,14.69151607
48.49,-128.71,0.59159386,249.755,14.69151607
48.46,-128.71,0.59159386,133.362,14.69151607
48.43,-128.68,0.79336768,76.002,12.68648152
48.43,-128.68,0.79336768,36.328,12.68648152
48.43,-128.68,0.79336768,57.121,12.68648152
48.46,-128.7,0.59159386,25.095,14.69151607
48.46,-128.71,0.59159386,21.988,14.69151607
48.46,-128.71,0.59159386,26.051,14.69151607
48.46,-128.71,0.59159386,32.743,14.69151607
48.46,-128.71,0.59159386,37.523,14.69151607
48.46,-128.71,0.59159386,54.014,14.69151607
48.46,-128.71,0.59159386,69.549,14.69151607
48.46,-128.71,0.59159386,222.509,14.69151607
48.46,-128.71,0.59159386,185.225,14.69151607
48.46,-128.71,0.59159386,198.848,14.69151607
48.46,-128.71,0.59159386,12.667,14.69151607
48.45,-128.71,0.59159386,97.99,14.69151607
48.45,-128.71,0.59159386,33.938,14.69151607
48.45,-128.71,0.59159386,24.139,14.69151607
48.45,-128.71,0.59159386,21.271,14.69151607
48.45,-128.71,0.59159386,19.837,14.69151607
48.45,-128.71,0.59159386,22.466,14.69151607
48.45,-128.71,0.59159386,27.485,14.69151607
48.45,-128.71,0.59159386,31.309,14.69151607
48.45,-128.71,0.59159386,45.649,14.69151607
48.45,-128.71,0.59159386,74.807,14.69151607
48.46,-128.71,0.59159386,179.967,14.69151607
48.46,-128.71,0.59159386,246.409,14.69151607
48.45,-128.71,0.59159386,21.271,14.69151607
48.45,-128.71,0.59159386,22.705,14.69151607
48.45,-128.71,0.59159386,25.095,14.69151607
48.45,-128.71,0.59159386,31.548,14.69151607
48.45,-128.71,0.59159386,103.009,14.69151607
48.46,-128.71,0.59159386,309.505,14.69151607
48.46,-128.71,0.59159386,209.125,14.69151607
48.46,-128.71,0.59159386,90.82,14.69151607
48.46,-128.71,0.59159386,101.336,14.69151607
48.46,-128.71,0.59159386,66.203,14.69151607
48.46,-128.71,0.59159386,38.957,14.69151607
48.46,-128.71,0.59159386,38.718,14.69151607
48.46,-128.7,0.59159386,25.812,14.69151607
48.46,-128.7,0.59159386,24.617,14.69151607
48.46,-128.7,0.59159386,24.378,14.69151607
48.45,-128.72,0.59159386,20.076,14.69151607
48.45,-128.71,0.59159386,22.227,14.69151607
48.46,-128.71,0.59159386,36.567,14.69151607
48.46,-128.71,0.59159386,29.397,14.69151607
48.45,-128.71,0.59159386,33.221,14.69151607
48.46,-128.71,0.59159386,31.309,14.69151607
48.45,-128.71,0.59159386,60.228,14.69151607
48.46,-128.71,0.59159386,49.234,14.69151607
48.46,-128.71,0.59159386,49.234,14.69151607
48.45,-128.7,0.59159386,33.938,14.69151607
48.46,-128.71,0.59159386,76.719,14.69151607
48.45,-128.7,0.59159386,36.806,14.69151607
48.46,-128.71,0.59159386,77.436,14.69151607
48.46,-128.71,0.59159386,55.687,14.69151607
48.46,-128.71,0.59159386,176.86,14.69151607
48.46,-128.71,0.59159386,73.373,14.69151607
48.46,-128.71,0.59159386,83.172,14.69151607
48.46,-128.71,0.59159386,73.373,14.69151607
48.46,-128.71,0.59159386,63.096,14.69151607
48.46,-128.71,0.59159386,40.869,14.69151607
48.46,-128.71,0.59159386,47.322,14.69151607
48.46,-128.71,0.59159386,37.523,14.69151607
48.46,-128.71,0.59159386,86.04,14.69151607
48.46,-128.71,0.59159386,46.127,14.69151607
48.46,-128.71,0.59159386,51.385,14.69151607
48.46,-128.71,0.59159386,52.819,14.69151607
48.45,-128.71,0.59159386,68.115,14.69151607
48.45,-128.71,0.59159386,57.121,14.69151607
48.45,-128.71,0.59159386,26.29,14.69151607
48.45,-128.71,0.59159386,21.749,14.69151607
48.45,-128.71,0.59159386,22.466,14.69151607
48.45,-128.71,0.59159386,27.246,14.69151607
48.45,-128.71,0.59159386,29.397,14.69151607
48.45,-128.71,0.59159386,65.725,14.69151607
48.45,-128.71,0.59159386,63.574,14.69151607
48.45,-128.71,0.59159386,58.794,14.69151607
48.45,-128.71,0.59159386,36.089,14.69151607
48.45,-128.7,0.59159386,27.246,14.69151607
48.45,-128.71,0.59159386,73.851,14.69151607
48.46,-128.71,0.59159386,180.684,14.69151607
48.46,-128.71,0.59159386,164.193,14.69151607
48.46,-128.71,0.59159386,33.938,14.69151607
48.46,-128.71,0.59159386,170.885,14.69151607
48.46,-128.71,0.59159386,209.842,14.69151607
48.46,-128.71,0.59159386,77.914,14.69151607
48.46,-128.71,0.59159386,74.807,14.69151607
48.46,-128.71,0.59159386,33.221,14.69151607
48.46,-128.71,0.59159386,23.422,14.69151607
48.46,-128.71,0.59159386,40.869,14.69151607
48.46,-128.7,0.59159386,34.655,14.69151607
48.46,-128.71,0.59159386,40.63,14.69151607
48.46,-128.7,0.59159386,32.982,14.69151607
48.46,-128.71,0.59159386,82.455,14.69151607
48.46,-128.71,0.59159386,32.982,14.69151607
48.46,-128.71,0.59159386,99.902,14.69151607
48.46,-128.71,0.59159386,229.201,14.69151607
48.46,-128.71,0.59159386,35.85,14.69151607
48.46,-128.71,0.59159386,180.923,14.69151607
48.46,-128.71,0.59159386,48.995,14.69151607
48.46,-128.71,0.59159386,48.517,14.69151607
48.46,-128.71,0.59159386,123.085,14.69151607
48.46,-128.71,0.59159386,33.46,14.69151607
48.46,-128.71,0.59159386,145.073,14.69151607
48.46,-128.72,0.59159386,24.617,14.69151607
48.46,-128.71,0.59159386,81.021,14.69151607
48.46,-128.72,0.59159386,16.969,14.69151607
48.46,-128.71,0.59159386,54.97,14.69151607
48.46,-128.71,0.59159386,20.554,14.69151607
48.46,-128.71,0.59159386,49.712,14.69151607
48.46,-128.72,0.59159386,22.944,14.69151607
48.46,-128.71,0.59159386,247.604,14.69151607
48.46,-128.71,0.59159386,29.636,14.69151607
48.46,-128.71,0.59159386,275.806,14.69151607
48.46,-128.71,0.59159386,53.536,14.69151607
48.46,-128.71,0.59159386,87.474,14.69151607
48.46,-128.71,0.59159386,318.826,14.69151607
48.46,-128.71,0.59159386,117.588,14.69151607
48.45,-128.71,0.59159386,159.891,14.69151607
48.46,-128.71,0.59159386,40.391,14.69151607
48.45,-128.71,0.59159386,43.02,14.69151607
48.46,-128.7,0.59159386,27.724,14.69151607
48.45,-128.71,0.59159386,30.592,14.69151607
48.46,-128.7,0.59159386,21.271,14.69151607
48.45,-128.71,0.59159386,25.334,14.69151607
48.46,-128.7,0.59159386,17.686,14.69151607
48.45,-128.71,0.59159386,31.309,14.69151607
48.46,-128.7,0.59159386,18.881,14.69151607
48.45,-128.71,0.59159386,94.166,14.69151607
48.46,-128.7,0.59159386,20.076,14.69151607
48.46,-128.71,0.59159386,165.388,14.69151607
48.46,-128.7,0.59159386,21.271,14.69151607
48.46,-128.71,0.59159386,227.289,14.69151607
48.46,-128.7,0.59159386,27.246,14.69151607
48.46,-128.71,0.59159386,201.477,14.69151607
48.46,-128.71,0.59159386,32.743,14.69151607
48.46,-128.71,0.59159386,295.882,14.69151607
48.46,-128.71,0.59159386,59.75,14.69151607
48.46,-128.7,0.59159386,32.982,14.69151607
48.46,-128.71,0.59159386,56.404,14.69151607
48.46,-128.7,0.59159386,25.812,14.69151607
48.46,-128.71,0.59159386,79.109,14.69151607
48.46,-128.7,0.59159386,24.856,14.69151607
48.46,-128.7,0.59159386,27.485,14.69151607
48.46,-128.71,0.59159386,40.391,14.69151607
48.45,-128.71,0.59159386,35.372,14.69151607
48.45,-128.71,0.59159386,44.932,14.69151607
48.46,-128.71,0.59159386,315.241,14.69151607
48.46,-128.71,0.59159386,340.336,14.69151607
48.46,-128.71,0.59159386,41.586,14.69151607
48.46,-128.71,0.59159386,31.07,14.69151607
48.46,-128.71,0.59159386,47.083,14.69151607
48.46,-128.71,0.59159386,70.505,14.69151607
48.46,-128.71,0.59159386,59.272,14.69151607
48.45,-128.71,0.59159386,62.857,14.69151607
48.46,-128.71,0.59159386,237.566,14.69151607
48.45,-128.71,0.59159386,29.875,14.69151607
48.46,-128.71,0.59159386,89.625,14.69151607
48.45,-128.71,0.59159386,23.661,14.69151607
48.46,-128.71,0.59159386,46.127,14.69151607
48.45,-128.71,0.59159386,25.095,14.69151607
48.46,-128.71,0.59159386,52.819,14.69151607
48.46,-128.71,0.59159386,32.026,14.69151607
48.46,-128.71,0.59159386,108.745,14.69151607
48.46,-128.71,0.59159386,181.401,14.69151607
48.46,-128.71,0.59159386,238.044,14.69151607
48.46,-128.71,0.59159386,59.989,14.69151607
48.45,-128.71,0.59159386,42.542,14.69151607
48.45,-128.71,0.59159386,31.07,14.69151607
48.45,-128.71,0.59159386,28.441,14.69151607
48.45,-128.71,0.59159386,38.24,14.69151607
48.45,-128.71,0.59159386,84.606,14.69151607
48.46,-128.71,0.59159386,237.805,14.69151607
48.46,-128.71,0.59159386,218.207,14.69151607
48.45,-128.71,0.59159386,185.225,14.69151607
48.45,-128.71,0.59159386,49.473,14.69151607
48.45,-128.71,0.59159386,33.46,14.69151607
48.45,-128.71,0.59159386,31.07,14.69151607
48.45,-128.71,0.59159386,27.485,14.69151607
48.45,-128.71,0.59159386,59.75,14.69151607
48.46,-128.71,0.59159386,40.152,14.69151607
48.45,-128.71,0.59159386,72.656,14.69151607
48.46,-128.71,0.59159386,48.995,14.69151607
48.46,-128.71,0.59159386,166.822,14.69151607
48.44,-128.68,0.79336768,11.233,12.68648152
48.43,-128.68,0.79336768,51.863,12.68648152
48.44,-128.69,0.79336768,10.994,12.68648152
48.43,-128.68,0.79336768,41.347,12.68648152
48.44,-128.69,0.79336768,12.667,12.68648152
48.43,-128.68,0.79336768,38.718,12.68648152
48.44,-128.69,0.79336768,1.434,12.68648152
48.43,-128.68,0.79336768,85.562,12.68648152
48.44,-128.69,0.79336768,16.252,12.68648152
48.43,-128.68,0.79336768,61.184,12.68648152
48.43,-128.69,0.79336768,20.076,12.68648152
48.43,-128.68,0.79336768,40.152,12.68648152
48.43,-128.69,0.79336768,25.095,12.68648152
48.43,-128.68,0.79336768,38.479,12.68648152
48.43,-128.69,0.79336768,31.07,12.68648152
48.44,-128.68,0.79336768,18.642,12.68648152
48.43,-128.69,0.79336768,30.114,12.68648152
48.43,-128.68,0.79336768,33.46,12.68648152
48.44,-128.68,0.79336768,13.145,12.68648152
48.43,-128.68,0.79336768,39.913,12.68648152
48.44,-128.68,0.79336768,4.302,12.68648152
48.43,-128.69,0.79336768,32.743,12.68648152
48.44,-128.68,0.79336768,12.667,12.68648152
48.43,-128.68,0.79336768,26.29,12.68648152
48.44,-128.68,0.79336768,11.472,12.68648152
48.43,-128.69,0.79336768,19.598,12.68648152
48.44,-128.68,0.79336768,11.472,12.68648152
48.44,-128.69,0.79336768,16.491,12.68648152
48.44,-128.68,0.79336768,13.145,12.68648152
48.44,-128.68,0.79336768,14.101,12.68648152
48.44,-128.68,0.79336768,12.428,12.68648152
48.44,-128.68,0.79336768,17.686,12.68648152
48.44,-128.68,0.79336768,10.994,12.68648152
48.43,-128.68,0.79336768,35.133,12.68648152
48.44,-128.68,0.79336768,11.233,12.68648152
48.43,-128.68,0.79336768,43.976,12.68648152
48.44,-128.68,0.79336768,15.296,12.68648152
48.43,-128.68,0.79336768,51.385,12.68648152
48.44,-128.68,0.79336768,21.749,12.68648152
48.43,-128.68,0.79336768,38.957,12.68648152
48.44,-128.68,0.79336768,25.573,12.68648152
48.43,-128.68,0.79336768,33.699,12.68648152
48.44,-128.68,0.79336768,23.183,12.68648152
48.43,-128.68,0.79336768,29.158,12.68648152
48.43,-128.68,0.79336768,45.171,12.68648152
48.43,-128.68,0.79336768,62.14,12.68648152
48.43,-128.68,0.79336768,27.246,12.68648152
48.43,-128.68,0.79336768,251.667,12.68648152
48.43,-128.68,0.79336768,30.114,12.68648152
48.43,-128.68,0.79336768,613.752,12.68648152
48.43,-128.68,0.79336768,36.567,12.68648152
48.43,-128.68,0.79336768,41.825,12.68648152
48.43,-128.68,0.79336768,101.097,12.68648152
48.43,-128.68,0.79336768,37.284,12.68648152
48.43,-128.68,0.79336768,83.889,12.68648152
48.44,-128.68,0.79336768,18.881,12.68648152
48.43,-128.68,0.79336768,93.688,12.68648152
48.44,-128.68,0.79336768,18.642,12.68648152
48.43,-128.68,0.79336768,188.571,12.68648152
48.44,-128.68,0.79336768,13.384,12.68648152
48.44,-128.68,0.79336768,11.233,12.68648152
48.43,-128.68,0.79336768,21.51,12.68648152
48.43,-128.68,0.79336768,22.944,12.68648152
48.43,-128.68,0.79336768,24.139,12.68648152
48.43,-128.68,0.79336768,24.856,12.68648152
48.43,-128.68,0.79336768,27.485,12.68648152
48.44,-128.68,0.79336768,51.146,12.68648152
48.44,-128.68,0.79336768,13.384,12.68648152
48.44,-128.68,0.79336768,12.667,12.68648152
48.44,-128.68,0.79336768,10.994,12.68648152
48.43,-128.68,0.79336768,38.001,12.68648152
48.43,-128.68,0.79336768,60.706,12.68648152
48.43,-128.68,0.79336768,117.349,12.68648152
48.43,-128.68,0.79336768,71.7,12.68648152
48.43,-128.68,0.79336768,92.015,12.68648152
48.43,-128.68,0.79336768,81.26,12.68648152
48.43,-128.68,0.79336768,419.445,12.68648152
48.43,-128.68,0.79336768,84.845,12.68648152
48.42,-128.68,0.79336768,21.988,12.68648152
48.44,-128.68,0.79336768,21.988,12.68648152
48.42,-128.68,0.79336768,15.774,12.68648152
48.44,-128.68,0.79336768,6.453,12.68648152
48.42,-128.68,0.79336768,11.472,12.68648152
48.44,-128.68,0.79336768,19.12,12.68648152
48.42,-128.68,0.79336768,21.988,12.68648152
48.44,-128.68,0.79336768,7.409,12.68648152
48.43,-128.68,0.79336768,27.724,12.68648152
48.44,-128.68,0.79336768,15.535,12.68648152
48.43,-128.68,0.79336768,48.517,12.68648152
48.44,-128.69,0.79336768,13.384,12.68648152
48.43,-128.68,0.79336768,48.517,12.68648152
48.44,-128.68,0.79336768,19.12,12.68648152
48.43,-128.68,0.79336768,43.737,12.68648152
48.44,-128.68,0.79336768,23.183,12.68648152
48.43,-128.68,0.79336768,40.391,12.68648152
48.44,-128.68,0.79336768,18.881,12.68648152
48.43,-128.68,0.79336768,41.347,12.68648152
48.44,-128.68,0.79336768,18.881,12.68648152
48.43,-128.68,0.79336768,70.505,12.68648152
48.44,-128.68,0.79336768,45.888,12.68648152
48.43,-128.68,0.79336768,103.726,12.68648152
48.43,-128.68,0.79336768,32.026,12.68648152
48.43,-128.68,0.79336768,52.819,12.68648152
48.43,-128.68,0.79336768,43.737,12.68648152
48.44,-128.68,0.79336768,52.341,12.68648152
48.43,-128.68,0.79336768,50.907,12.68648152
48.43,-128.68,0.79336768,41.586,12.68648152
48.43,-128.68,0.79336768,43.737,12.68648152
48.43,-128.68,0.79336768,21.51,12.68648152
48.43,-128.68,0.79336768,47.083,12.68648152
48.44,-128.68,0.79336768,17.925,12.68648152
48.44,-128.68,0.79336768,18.403,12.68648152
48.44,-128.68,0.79336768,19.359,12.68648152
48.43,-128.68,0.79336768,25.573,12.68648152
48.43,-128.68,0.79336768,67.159,12.68648152
48.43,-128.68,0.79336768,4.541,12.68648152
48.43,-128.68,0.79336768,47.322,12.68648152
48.43,-128.68,0.79336768,50.429,12.68648152
48.43,-128.68,0.79336768,19.12,12.68648152
48.44,-128.68,0.79336768,27.724,12.68648152
48.45,-128.71,0.59159386,27.007,14.69151607
48.45,-128.71,0.59159386,34.894,14.69151607
48.45,-128.71,0.59159386,51.624,14.69151607
48.45,-128.71,0.59159386,52.341,14.69151607
48.45,-128.71,0.59159386,73.612,14.69151607
48.45,-128.71,0.59159386,76.719,14.69151607
48.45,-128.71,0.59159386,117.827,14.69151607
48.45,-128.71,0.59159386,150.331,14.69151607
48.45,-128.71,0.59159386,181.162,14.69151607
48.46,-128.71,0.59159386,34.894,14.69151607
48.45,-128.71,0.59159386,31.548,14.69151607
48.45,-128.71,0.59159386,31.309,14.69151607
48.45,-128.71,0.59159386,32.743,14.69151607
48.43,-128.73,0.79336768,33.46,12.68648152
48.45,-128.71,0.59159386,31.309,14.69151607
48.45,-128.71,0.59159386,41.586,14.69151607
48.46,-128.71,0.59159386,33.221,14.69151607
48.46,-128.71,0.59159386,79.826,14.69151607
48.46,-128.71,0.59159386,138.142,14.69151607
48.46,-128.71,0.59159386,66.442,14.69151607
48.46,-128.71,0.59159386,84.606,14.69151607
48.46,-128.71,0.59159386,78.392,14.69151607
48.46,-128.71,0.59159386,54.731,14.69151607
48.46,-128.71,0.59159386,47.083,14.69151607
48.46,-128.71,0.59159386,109.94,14.69151607
48.46,-128.71,0.59159386,288.712,14.69151607
48.46,-128.71,0.59159386,290.385,14.69151607
48.46,-128.71,0.59159386,190.722,14.69151607
48.46,-128.71,0.59159386,159.174,14.69151607
48.46,-128.71,0.59159386,222.27,14.69151607
48.46,-128.71,0.59159386,51.146,14.69151607
48.46,-128.71,0.59159386,217.251,14.69151607
48.46,-128.71,0.59159386,161.803,14.69151607
48.46,-128.71,0.59159386,216.295,14.69151607
48.46,-128.71,0.59159386,245.214,14.69151607
48.46,-128.71,0.59159386,302.813,14.69151607
48.45,-128.71,0.59159386,38.001,14.69151607
48.46,-128.71,0.59159386,75.285,14.69151607
48.46,-128.71,0.59159386,352.286,14.69151607
48.45,-128.71,0.59159386,189.288,14.69151607
48.46,-128.71,0.59159386,279.152,14.69151607
48.45,-128.71,0.59159386,372.123,14.69151607
48.46,-128.71,0.59159386,89.625,14.69151607
48.46,-128.71,0.59159386,338.663,14.69151607
48.46,-128.71,0.59159386,79.109,14.69151607
48.46,-128.71,0.59159386,255.252,14.69151607
48.45,-128.71,0.59159386,83.172,14.69151607
48.45,-128.71,0.59159386,47.322,14.69151607
48.45,-128.71,0.59159386,90.103,14.69151607
48.45,-128.71,0.59159386,15.296,14.69151607
48.46,-128.71,0.59159386,294.209,14.69151607
48.46,-128.71,0.59159386,41.586,14.69151607
48.46,-128.71,0.59159386,252.623,14.69151607
48.46,-128.71,0.59159386,324.084,14.69151607
48.46,-128.71,0.59159386,228.245,14.69151607
48.46,-128.71,0.59159386,175.187,14.69151607
48.46,-128.71,0.59159386,245.931,14.69151607
48.46,-128.71,0.59159386,216.773,14.69151607
48.46,-128.71,0.59159386,234.459,14.69151607
48.46,-128.71,0.59159386,244.497,14.69151607
48.46,-128.71,0.59159386,338.185,14.69151607
48.46,-128.7,0.59159386,41.825,14.69151607
48.46,-128.71,0.59159386,27.246,14.69151607
48.45,-128.71,0.59159386,105.877,14.69151607
48.46,-128.71,0.59159386,211.037,14.69151607
48.45,-128.71,0.59159386,100.38,14.69151607
48.46,-128.71,0.59159386,224.899,14.69151607
41.5,-126.53,2.9937565,5.7838,6.530857483
40.6,-127.42,0.174211,5.5687,27.07326639
40.12,-128.17,26.052788,1.8881,2.213866052
40.67,-129.22,3.8123386,4.1347,5.787389477
40,-131,29.489016,1.1472,2.08088607
39.5,-131.78,33.939312,0.4541,1.93966588
40.73,-131.75,9.1340437,0.956,3.738926268
39.6,-129.52,28.932394,1.1233,2.100807495
38.02,-128.77,35.199921,1.673,1.904616749
38.42,-126.15,27.678125,3.4416,2.147880476
39.78,-126.35,22.17004,1.9598,2.39991138
40.52,-126.52,3.8898129,3.8957,5.729465219
40.93,-126.52,3.269613,4.6127,6.249284087
43.8,-122.42,9.5827484,1.0038,3.6503407
38.84,-121.84,17.088528,0.6214,2.733544299
39.46,-121.99,17.580811,0.7648,2.695001374
38.92,-121.61,17.088528,0.6692,2.733544299
38.69,-121.76,16.951086,0.7409,2.744603924
47.71,-127.79,3.251128,24.378,6.267024742
47.71,-127.79,3.251128,90.82,6.267024742
47.71,-127.79,3.251128,212.71,6.267024742
47.71,-127.79,3.251128,59.511,6.267024742
47.71,-127.78,3.251128,30.831,6.267024742
47.71,-127.79,3.251128,19.12,6.267024742
47.71,-127.79,3.251128,29.397,6.267024742
47.71,-127.79,3.251128,116.871,6.267024742
47.71,-127.79,3.251128,51.624,6.267024742
47.71,-127.79,3.251128,54.253,6.267024742
47.71,-127.79,3.251128,71.461,6.267024742
47.71,-127.79,3.251128,427.81,6.267024742
47.71,-127.78,3.251128,54.014,6.267024742
47.71,-127.79,3.251128,99.902,6.267024742
47.71,-127.79,3.251128,220.119,6.267024742
47.71,-127.79,3.251128,344.16,6.267024742
47.71,-127.79,3.251128,451.71,6.267024742
47.71,-127.79,3.251128,32.743,6.267024742
47.71,-127.79,3.251128,109.223,6.267024742
47.71,-127.79,3.251128,13.145,6.267024742
47.71,-127.79,3.251128,9.321,6.267024742
47.71,-127.79,3.251128,42.303,6.267024742
47.71,-127.79,3.251128,291.58,6.267024742
47.71,-127.79,3.251128,80.543,6.267024742
47.71,-127.79,3.251128,267.68,6.267024742
47.71,-127.79,3.251128,341.77,6.267024742
47.71,-127.79,3.251128,63.813,6.267024742
47.71,-127.79,3.251128,28.919,6.267024742
47.71,-127.79,3.251128,25.812,6.267024742
47.71,-127.79,3.251128,149.136,6.267024742
47.71,-127.79,3.251128,47.8,6.267024742
47.71,-127.79,3.251128,15.535,6.267024742
47.71,-127.79,3.251128,32.026,6.267024742
47.71,-127.79,3.251128,224.66,6.267024742
47.71,-127.79,3.251128,621.4,6.267024742
47.71,-127.79,3.251128,607.06,6.267024742
47.71,-127.79,3.251128,77.914,6.267024742
47.71,-127.78,3.251128,57.36,6.267024742
47.71,-127.78,3.251128,59.511,6.267024742
47.71,-127.79,3.251128,127.387,6.267024742
47.71,-127.79,3.251128,313.09,6.267024742
47.71,-127.79,3.251128,119.022,6.267024742
47.71,-127.78,3.251128,111.613,6.267024742
47.71,-127.78,3.251128,46.366,6.267024742
47.71,-127.79,3.251128,135.513,6.267024742
47.71,-127.79,3.251128,322.65,6.267024742
47.71,-127.79,3.251128,100.858,6.267024742
47.71,-127.79,3.251128,473.22,6.267024742
47.71,-127.79,3.251128,509.07,6.267024742
47.71,-127.79,3.251128,528.19,6.267024742
47.71,-127.79,3.251128,190.722,6.267024742
47.71,-127.79,3.251128,291.58,6.267024742
47.71,-127.79,3.251128,171.124,6.267024742
47.71,-127.79,3.251128,437.37,6.267024742
47.71,-127.79,3.251128,148.419,6.267024742
47.71,-127.79,3.251128,229.44,6.267024742
47.71,-127.79,3.251128,18.642,6.267024742
47.71,-127.79,3.251128,37.045,6.267024742
47.71,-127.79,3.251128,82.694,6.267024742
47.71,-127.79,3.251128,61.184,6.267024742
47.71,-127.79,3.251128,12.906,6.267024742
47.71,-127.79,3.251128,185.464,6.267024742
47.71,-127.79,3.251128,274.85,6.267024742
47.71,-127.79,3.251128,39.674,6.267024742
47.71,-127.79,3.251128,53.058,6.267024742
47.71,-127.79,3.251128,32.504,6.267024742
47.71,-127.79,3.251128,62.14,6.267024742
47.71,-127.79,3.251128,160.608,6.267024742
47.71,-127.79,3.251128,193.829,6.267024742
47.71,-127.79,3.251128,138.381,6.267024742
47.71,-127.79,3.251128,13.862,6.267024742
47.71,-127.79,3.251128,17.925,6.267024742
47.71,-127.79,3.251128,54.731,6.267024742
47.71,-127.79,3.251128,14.101,6.267024742
47.71,-127.79,3.251128,31.07,6.267024742
47.71,-127.79,3.251128,43.02,6.267024742
47.71,-127.79,3.251128,28.441,6.267024742
47.71,-127.79,3.251128,21.749,6.267024742
47.71,-127.79,3.251128,43.737,6.267024742
47.71,-127.79,3.251128,31.787,6.267024742
47.71,-127.79,3.251128,430.2,6.267024742
47.71,-127.79,3.251128,446.93,6.267024742
48.96,-122.13,9.2849312,2.2944,3.70842157
48.96,-122.1,9.2849312,0.1912,3.70842157
48.95,-122.1,9.2849312,1.0994,3.70842157
48.95,-122.11,9.2849312,1.0994,3.70842157
48.95,-122.11,9.2849312,1.5057,3.70842157
48.95,-122.11,9.2849312,3.0114,3.70842157
48.94,-122.12,9.2849312,3.2982,3.70842157
48.95,-122.1,9.2849312,2.8919,3.70842157
48.95,-122.1,9.2849312,1.6013,3.70842157
48.95,-122.12,9.2849312,1.6013,3.70842157
48.95,-122.09,9.2849312,3.6089,3.70842157
48.95,-122.09,9.2849312,5.9033,3.70842157
48.96,-122.09,9.2849312,11.4003,3.70842157
48.96,-122.08,9.2849312,3.9913,3.70842157
48.96,-122.07,9.2849312,6.5008,3.70842157
48.95,-122.08,9.2849312,2.7963,3.70842157
48.95,-122.08,9.2849312,1.6013,3.70842157
48.95,-122.08,9.2849312,1.195,3.70842157
48.94,-122.09,9.2849312,1.4101,3.70842157
48.94,-122.08,9.2849312,2.1032,3.70842157
48.96,-122.12,9.2849312,1.2906,3.70842157
48.94,-122.09,9.2849312,2.5095,3.70842157
48.94,-122.09,9.2849312,3.8957,3.70842157
48.93,-122.1,9.2849312,3.3938,3.70842157
48.94,-122.1,9.2849312,2.39,3.70842157
48.94,-122.08,9.2849312,0.9082,3.70842157
48.93,-122.08,9.2849312,4.302,3.70842157
48.93,-122.09,9.2849312,4.7083,3.70842157
48.93,-122.09,9.2849312,3.3938,3.70842157
48.93,-122.09,9.2849312,2.1988,3.70842157
48.93,-122.1,9.2849312,4.3976,3.70842157
48.96,-122.11,9.2849312,1.4101,3.70842157
48.93,-122.1,9.2849312,3.3938,3.70842157
48.92,-122.11,9.2849312,3.9913,3.70842157
48.92,-122.12,9.2849312,1.8881,3.70842157
48.93,-122.12,9.2849312,1.6969,3.70842157
48.93,-122.13,9.2849312,1.6013,3.70842157
48.92,-122.13,9.2849312,2.0076,3.70842157
48.93,-122.11,9.2849312,5.4014,3.70842157
48.96,-122.11,9.2849312,1.5057,3.70842157
48.93,-122.11,9.2849312,11.5915,3.70842157
48.93,-122.11,9.2849312,21.1993,3.70842157
48.93,-122.11,9.2849312,45.0037,3.70842157
48.93,-122.11,9.2849312,122.9894,3.70842157
48.93,-122.11,9.2849312,26.6963,3.70842157
48.93,-122.11,9.2849312,11.9978,3.70842157
48.93,-122.11,9.2849312,8.6996,3.70842157
48.93,-122.11,9.2849312,10.3009,3.70842157
48.93,-122.11,9.2849312,26.0988,3.70842157
48.93,-122.11,9.2849312,3.7045,3.70842157
48.96,-122.1,9.2849312,1.2906,3.70842157
48.97,-122.1,9.2849312,2.39,3.70842157
48.97,-122.1,9.2849312,1.2906,3.70842157
48.96,-122.09,9.2849312,2.7007,3.70842157
51.92,-129.97,0.54942942,1.0755,15.24482657
53.56,-131.43,7.0473046,1.434,4.256640001
