49.62	-129.98	0.81696123	366	2.02973175
44.68	-125.29	9.1196241	79	-66.54668427
44.66	-125.27	9.1196241	81	-66.54668427
44.66	-125.27	9.1196241	93	-66.54668427
44.66	-125.26	9.1196241	77	-66.54668427
44.66	-125.25	9.1196241	81	-66.54668427
44.66	-125.36	8.9653473	70	-77.86420441
44.66	-125.35	9.1196241	30	-66.54668427
44.66	-125.35	9.1196241	32	-66.54668427
44.66	-125.35	9.1196241	33	-66.54668427
44.65	-125.35	9.1559649	42	-66.54668427
45	-125.3	9.0883245	60	-38.20376205
45.01	-125.3	9.0883245	60	-38.20376205
45	-125.31	9.0883245	102	-38.20376205
45	-125.32	9.0883245	84	-38.20376205
44.99	-125.32	9.0883245	85	-38.20376205
44.99	-125.33	9.0883245	88	-38.20376205
44.94	-125.37	8.987608	72	-63.85134125
44.94	-125.36	8.987608	124	-63.85134125
44.93	-125.35	9.1318445	72	-38.20376205
47.06	-125.89	7.6291208	100	-4.992900848
47.06	-125.89	7.6291208	99	-4.992900848
47.07	-125.9	7.6291208	93	-4.992900848
47.07	-125.9	7.6291208	88	-4.992900848
47.07	-125.91	7.6291208	88	-4.992900848
47.08	-125.9	7.6291208	89	-4.992900848
47.07	-125.91	7.6291208	83	-4.992900848
47.08	-125.91	7.6291208	75	-4.992900848
47.08	-125.92	7.6291208	83	-4.992900848
47.08	-125.94	7.6291208	109	-4.992900848
47.08	-125.94	7.6291208	67	-4.992900848
46.97	-125.93	7.6286254	104	-14.90505123
46.98	-125.94	7.6286254	90	-14.90505123
46.97	-125.99	7.3567901	100	-35.51718903
46.97	-125.98	7.3567901	111	-35.51718903
46.97	-125.98	7.3567901	96	-35.51718903
46.98	-125.97	7.3567901	89	-35.51718903
46.98	-125.96	7.3567901	75	-35.51718903
46.98	-125.95	7.3567901	81	-35.51718903
46.98	-125.94	7.6286254	78	-14.90505123
46.98	-125.94	7.6286254	82	-14.90505123
46.99	-125.97	7.3567901	87	-35.51718903
47	-125.96	7.3567901	89	-35.51718903
46.99	-125.96	7.3567901	82	-35.51718903
46.99	-125.94	7.6286254	83	-14.90505123
46.99	-125.95	7.3567901	97	-35.51718903
50.55	-131.62	4.6901741	91.4	-6.861600876
48.75	-127.75	2.9062791	200	-25.61454201
47.45	-127.27	4.3656092	57.8	-2.360379696
46.3	-128	3.1420634	50.7	-7.456796646
47.9	-127.2	4.359262	161	-11.43339062
47.15	-130.12	2.7302463	189	-3.51950264
46.73	-131.58	6.8137112	22.8	-27.39011002
41.07	-132.37	10.360166	40.2	-4.296496391
47.9	-127.65	3.1907601	304	3.032176971
47.25	-131.03	5.1738672	110	-12.57196617
44.65	-125.14	9.5422888	94	-24.02614021
44.65	-125.07	9.5422888	41	-16.33102798
44.65	-125.06	9.5422888	42	-16.33102798
44.65	-125.02	9.8048306	79	-16.33102798
44.65	-124.97	9.8048306	77	-22.01154518
47.23	-126.15	6.8040028	26	-25.05021858
47.23	-126.15	6.8040028	27	-25.05021858
47.24	-126.14	7.0875106	21	-25.05021858
47.29	-126.08	7.1277666	104	-14.81813812
47.29	-126.08	7.1277666	99	-14.81813812
47.3	-126.09	7.1277666	101	-14.81813812
47.3	-126.09	7.1277666	108	-14.81813812
47.3	-126.09	7.1277666	77	-14.81813812
47.29	-126.11	7.1277666	93	-14.81813812
47.28	-126.12	7.1277666	96	-14.81813812
47.28	-126.12	7.1277666	99	-14.81813812
47.28	-126.13	7.1277666	104	-14.81813812
47.27	-126.14	7.1277666	159	-14.81813812
47.27	-126.14	7.1277666	142	-14.81813812
47.27	-126.15	6.8401093	137	-14.81813812
47.27	-126.15	6.8401093	141	-14.81813812
47.27	-126.15	6.8401093	156	-14.81813812
47.25	-126.17	6.8040028	138	-25.05021858
47.44	-126.38	6.4628758	106	-26.69879341
47.44	-126.38	6.4628758	108	-26.69879341
47.44	-126.38	6.4628758	112	-26.69879341
47.45	-126.36	6.5422029	109	-26.69879341
47.45	-126.36	6.5422029	118	-26.69879341
47.46	-126.33	6.8071642	102	-26.69879341
47.46	-126.29	6.8071642	124	-24.73423767
47.46	-126.29	6.8071642	108	-24.73423767
47.46	-126.26	6.8071642	114	-24.73423767
47.46	-126.22	7.0861001	122	-24.73423767
47.46	-126.22	7.0861001	117	-24.73423767
47.46	-126.22	7.0861001	89	-24.73423767
47.46	-126.19	7.0861001	118	-24.73423767
47.46	-126.18	7.0861001	139	-24.73423767
47.46	-126.16	7.0861001	57	-6.165018082
44.95	-125.2	9.2965679	71	-23.75463867
44.95	-125.22	9.2965679	61	-23.75463867
44.95	-125.23	9.2965679	55	-23.75463867
44.95	-125.25	9.0883245	28	-38.20376205
44.95	-125.41	8.9141588	89	-63.85134125
44.95	-125.37	8.9141588	95	-63.85134125
44.95	-125.37	8.9141588	99	-63.85134125
44.95	-125.37	8.9141588	102	-63.85134125
44.95	-125.37	8.9141588	104	-63.85134125
44.95	-125.38	8.9141588	113	-63.85134125
44.95	-125.4	8.9141588	110	-63.85134125
44.95	-125.42	8.9141588	125	-63.85134125
44.93	-125.27	9.1318445	125	-38.20376205
44.93	-125.27	9.1318445	202	-38.20376205
44.95	-125.47	8.6826057	122	-63.85134125
44.95	-125.52	8.6826057	152	-59.42253876
44.95	-125.52	8.6826057	139	-59.42253876
44.95	-125.58	8.4492979	165	-59.42253876
44.95	-125.64	8.4492979	113	-50.7746315
44.65	-125.27	9.1559649	65	-66.54668427
44.65	-125.3	9.1559649	70	-66.54668427
44.65	-125.3	9.1559649	73	-66.54668427
44.65	-125.32	9.1559649	62	-66.54668427
44.65	-125.32	9.1559649	52	-66.54668427
44.65	-125.34	9.1559649	105	-66.54668427
44.65	-125.37	8.9884195	32	-77.86420441
44.65	-125.4	8.9884195	101	-77.86420441
44.65	-125.47	8.7853642	94	-77.86420441
40.75	-127.4	0.14659698	225	-1.254135013
40.74	-127.55	0.22720698	1656	-34.42725754
40.74	-127.57	0.22720698	576	-34.42725754
40.75	-127.4	0.14659698	240	-1.254135013
40.75	-127.42	0.14659698	316	-1.254135013
40.75	-127.43	0.14659698	371	-1.254135013
40.74	-127.58	0.22720698	832	2.126747847
40.75	-127.6	0.22720698	907	2.126747847
40.75	-127.62	0.22720698	341	2.126747847
40.76	-127.66	0.53983307	329	2.126747847
40.75	-127.66	0.52487373	386	2.126747847
40.76	-127.67	0.53983307	302	2.126747847
40.76	-127.69	0.53983307	313	2.126747847
40.98	-127.54	0.021391379	352	-37.00662231
41	-127.54	0.021391379	302	-37.00662231
41	-127.53	0.021391379	472	-37.00662231
41	-127.52	0.021391379	192	-37.00662231
41.01	-127.51	0.021391379	1586	-37.00662231
41.02	-127.47	0.021391379	463	-37.00662231
41	-127.47	0.021391379	235	-37.00662231
41.01	-127.47	0.021391379	274	-37.00662231
41.01	-127.47	0.021391379	1804	-37.00662231
41.02	-127.47	0.021391379	280	-37.00662231
40.94	-127.51	0.047450688	176	-44.38734818
40.93	-127.52	0.047450688	299	-44.38734818
40.91	-127.52	0.047450688	219	-44.38734818
40.91	-127.49	0.047450688	511	-44.38734818
40.91	-127.48	0.047450688	213	-44.38734818
50.15	-123.38	8.4487114	58	-26.86304855
50.12	-123.45	8.4487114	71	-26.86304855
50.2	-123.53	8.1750021	63	0.306185842
50.18	-123.52	8.1750021	56	0.306185842
50.17	-123.52	8.1750021	39	46.3521843
50.45	-123.12	8.4487114	53	-41.64958572
50.45	-123.17	8.1750021	56	-13.4604969
50.45	-123.2	8.1750021	69	-13.4604969
51.97	-121.17	8.9942894	63	-4.029141426
51.83	-121.15	8.9942894	63	-22.07441711
52	-120.95	8.9942894	58	2.014045954
52	-120.82	8.9942894	61	36.96744537
51.78	-120.37	8.9942894	113	10.87361526
51.82	-120.47	8.9942894	100	-20.58522987
51.73	-120.15	8.9942894	92	40.15061188
51.75	-120.07	8.9942894	107	-37.95819473
51.15	-119.82	8.9942894	56	-0.721880555
51.15	-119.8	8.9942894	67	-0.721880555
51.15	-119.82	8.9942894	83	-0.721880555
53.37	-130.15	2.2681541	75	-0.593140662
53.35	-130.13	2.2681541	75	12.8069582
53.35	-130.13	2.2681541	75	12.8069582
53.36	-130.13	2.2681541	117	12.8069582
53.37	-130.16	2.2681541	71	-0.593140662
53.37	-130.16	2.2681541	64	-0.593140662
53.37	-130.12	2.2681541	76	12.8069582
53.37	-130.16	2.2681541	51	-0.593140662
53.37	-130.16	2.2681541	87	-0.593140662
53.37	-130.16	2.2681541	88	-0.593140662
53.37	-130.16	2.2681541	81	-0.593140662
51.38	-120.07	8.9942894	70	23.43625069
51.38	-120.07	8.9942894	72	23.43625069
51.38	-120.07	8.9942894	71	23.43625069
53.53	-132.22	9.16572	66	36.06626892
53.53	-132.22	9.16572	46	36.06626892
53.53	-132.22	9.16572	69	36.06626892
53.53	-132.22	9.16572	59	36.06626892
53.53	-132.22	9.16572	107	36.06626892
53.53	-132.22	9.16572	69	36.06626892
53.53	-132.22	9.16572	76	36.06626892
53.53	-132.22	9.16572	49	36.06626892
53.53	-132.22	9.16572	66	36.06626892
52.14	-128.05	1.3816251	91	15.70848751
52.15	-128.1	1.3816251	74	15.70848751
54.74	-126.62	1.238132	68	-18.32457924
54.74	-126.62	1.238132	69	-18.32457924
54.74	-126.62	1.238132	75	-18.32457924
54.74	-126.62	1.238132	91	-18.32457924
54.74	-126.62	1.238132	74	-18.32457924
54.2	-126.26	4.2815824	60	-27.58060837
54.18	-126.27	4.2815824	66	-27.58060837
54.17	-126.28	4.2815824	119	-27.58060837
52.3	-120.57	8.9942894	46	83.27287292
52.3	-120.57	8.9942894	61	83.27287292
54.23	-126.23	4.2815824	83	-27.58060837
54.23	-126.24	4.2815824	79	-27.58060837
52.72	-131.72	5.7069907	60	86.93848419
52.72	-131.71	5.7069907	48	86.93848419
48.89	-123.87	8.9942894	20	54.14250183
48.89	-123.87	8.9942894	19	54.14250183
48.89	-123.85	8.9942894	25	54.14250183
48.88	-123.82	8.9942894	29	31.76561356
52.92	-123.62	7.2214351	74	-11.51878166
52.92	-123.63	7.2214351	71	-11.51878166
52.9	-123.62	7.2214351	56	-11.51878166
49.05	-123.91	8.9942894	30	10.13718033
49.05	-124	8.9942894	20	44.08930206
49.59	-119.68	9.2849312	61	-64.18450928
51.73	-124.62	7.2214351	67	68.26803589
51.73	-124.63	7.2214351	91.1	68.26803589
51.45	-123.62	7.2806315	101.2	31.48008156
51.45	-123.62	7.2806315	107.7	31.48008156
50.62	-127.5	4.6360407	67.9	-7.656474113
49.77	-125.3	7.2806315	39.4	90.75709534
54.02	-130.58	5.7069907	72.2	28.13957024
54.02	-130.58	5.7069907	132.8	28.13957024
54.02	-130.58	5.7069907	112.4	28.13957024
54.02	-130.58	5.7069907	78.1	28.13957024
54.02	-130.58	5.7069907	62.4	28.13957024
49.15	-124.65	8.1750021	47.9	120.534111
49.15	-124.67	7.9011574	54.4	37.62468338
49.15	-124.67	7.9011574	48.3	37.62468338
49.33	-121.97	9.2849312	143.4	-39.17293549
49.33	-121.97	9.2849312	86.7	-39.17293549
49.33	-121.97	9.2849312	132.4	-39.17293549
49.33	-121.97	9.2849312	99.7	-39.17293549
49.33	-121.97	9.2849312	38.8	-39.17293549
49.33	-121.97	9.2849312	103.3	-39.17293549
49.33	-121.95	9.2849312	95.5	-39.17293549
49.33	-121.97	9.2849312	90.6	-39.17293549
49.3	-121.93	9.2849312	105.1	-39.17293549
49.75	-124.53	7.3612161	41.5	-25.49456787
49.7	-124.52	7.3612161	18.1	0.199091554
49.75	-124.53	7.3612161	36.2	-25.49456787
49.75	-124.53	7.3612161	33.2	-25.49456787
49.75	-124.53	7.3612161	32.8	-25.49456787
49.75	-124.53	7.3612161	34.7	-25.49456787
49.75	-124.53	7.3612161	32.6	-25.49456787
49.75	-124.53	7.3612161	20.7	-25.49456787
49.7	-124.53	7.3612161	26.8	0.199091554
49.7	-124.53	7.3612161	22.5	0.199091554
49.7	-124.53	7.3612161	8	0.199091554
49.7	-124.53	7.3612161	34.9	0.199091554
50.02	-126.78	6.2185445	53	31.4454155
50	-126.8	6.2185445	42.1	31.4454155
50	-126.8	6.2185445	43.6	31.4454155
50	-126.8	6.2185445	39.2	31.4454155
50.02	-126.78	6.2185445	39.3	31.4454155
47.51	-121.35	9.7773581	57	37.97489548
47.51	-121.35	9.7773581	57	37.97489548
47.68	-121.65	9.7773581	60	-14.65313625
47.68	-121.65	9.7773581	60	-14.65313625
47.49	-121.4	9.7773581	56	6.328667641
42.2	-121.83	8.7200031	67	-2.806406498
48.46	-122.63	9.2849312	37	-59.80167007
48.72	-119.59	9.57864	75	-29.2766819
46.35	-122.11	9.543684	69	62.2167778
46.36	-122.07	9.543684	68	51.13022995
49	-119.49	9.57864	70	-79.61054993
48.61	-120.38	9.57864	76	-21.74869537
48.61	-120.39	9.57864	73	-21.74869537
46.85	-124.1	9.7773581	38	-49.75493622
47.24	-124.19	9.8133631	35	-54.26169968
42.16	-120.34	8.7200031	742	52.84307098
42.19	-120.33	8.7200031	180	52.84307098
42.19	-120.34	8.7200031	140	52.84307098
42.2	-120.35	8.7200031	98	-25.04924774
42.22	-120.35	8.7200031	2861	-25.04924774
42.22	-120.34	8.7200031	309	52.84307098
42.17	-120.34	8.7200031	110	52.84307098
42.22	-120.36	8.7200031	991	-25.04924774
42.22	-120.36	8.7200031	117	-25.04924774
42.19	-120.34	8.7200031	150	52.84307098
42.19	-120.35	8.7200031	124	-25.04924774
42.18	-120.35	8.7200031	124	-25.04924774
42.18	-120.34	8.7200031	189	52.84307098
42.22	-120.36	8.7200031	2882	-25.04924774
42.21	-120.36	8.7200031	158	-25.04924774
44.27	-120.81	9.8749847	66	-14.38903713
42.04	-120.3	18.00329	571	43.47267532
42.21	-120.36	8.7200031	1895	-25.04924774
42.24	-120.36	8.7200031	840	-25.04924774
42.23	-120.37	8.7200031	531	-25.04924774
42.02	-120.3	18.00329	90	43.47267532
42.19	-120.38	8.7200031	76	-25.04924774
45.43	-121.46	9.5483627	48	36.7011795
45.61	-122	9.5370016	71	-14.72300243
45.34	-121.36	9.5414743	62	7.478405952
43.96	-123.11	9.5827484	50	-4.607794762
45.12	-120.85	9.68153	59	-11.03338528
44.6	-122.06	9.8749847	76	4.170080185
44.6	-122.06	9.8749847	110	4.170080185
45.44	-121.16	9.5483627	41	-5.653716087
45.54	-122.58	9.5407829	47	-35.54357529
45.66	-121.33	9.5560369	55	-35.03733826
45.25	-121.12	9.5008411	90	-43.98151779
42.41	-120.48	8.7200031	58	62.26567459
45.69	-121.35	9.5560369	33	-35.03733826
45.18	-121.07	9.5008411	95	-43.98151779
45.84	-119.67	9.544672	112	-49.07820129
45.32	-122.87	9.5414743	47	-21.8296566
45.63	-121.36	9.5370016	65	-35.03733826
44.78	-121.03	9.8749847	69	-27.58519554
45.43	-120.93	9.5483627	60	5.415047646
42.06	-122.65	8.7200031	52	18.56301689
45.9	-119.22	9.5405912	41	-48.73138428
45.6	-121.14	9.5370016	46	-38.12046432
45.36	-121.28	9.5483627	94	7.478405952
45.38	-122.59	9.5483627	33	-17.0412426
45.6	-119.6	9.5370016	58	-43.9274559
45.65	-121.47	9.5370016	41	-36.9323616
45.7	-123.13	9.5560369	41	-17.0556736
42.19	-122.64	8.7200031	31	-25.3947506
45.7	-121.35	9.5560369	77	-35.03733826
42.48	-123.4	8.1746902	33	-10.87535667
45.61	-121.23	9.5370016	71	-26.10076523
45.91	-119.44	9.5405912	100	-46.53363037
45.18	-121.2	9.5008411	62	-32.00087738
42.32	-122.81	8.7200031	46	-25.34969711
45.6	-121.64	9.5370016	83	-1.359764218
45.53	-122.43	9.5407829	48	-37.79445267
42.53	-122.64	8.7200031	49	-20.12730026
42.8	-123.85	8.0320463	29	66.0606308
45.38	-122.02	9.5483627	77	0.693728268
45.72	-119.02	9.5560369	66	-48.98023987
45.68	-121.31	9.5560369	41	-35.03733826
42.49	-122.95	8.7200031	33	-0.228094846
42.5	-122.98	8.7200031	33	-0.228094846
45.39	-122.36	9.5483627	41	-47.45264053
42.86	-123.38	8.5052891	33	15.85508823
44.87	-122.71	9.8163719	43	-25.45111656
45.77	-119.12	9.544672	71	-49.50117111
45.43	-121.29	9.5483627	65	3.614021301
45.54	-122.76	9.5407829	35	-31.97237396
45.35	-121.13	9.5483627	54	3.143903971
45.35	-121.13	9.5483627	54	3.143903971
45.32	-121.1	9.5414743	41	3.143903971
45.69	-121.38	9.5560369	47	-35.03733826
42.39	-122.98	8.7200031	39	-22.07032013
45.36	-120.15	9.5483627	54	6.186288834
44.05	-122.88	9.8100004	31	-28.59353065
43.8	-122.42	9.5827484	40	-18.92689514
44.78	-121.98	9.8749847	763	-7.28012085
44.78	-121.97	9.8749847	430	18.00877953
44.78	-121.97	9.8749847	1393	18.00877953
44.78	-121.97	9.8749847	404	18.00877953
43.92	-120.82	9.8749847	75	18.00718498
43.69	-120.48	9.5827484	75	13.50566578
43.69	-120.48	9.5827484	83	13.50566578
43.69	-120.48	9.5827484	96	13.50566578
43.63	-120.46	9.5827484	79	26.71540642
43.62	-120.47	9.5827484	79	26.71540642
43.63	-120.46	9.5827484	66	26.71540642
43.63	-120.46	9.5827484	96	26.71540642
43.63	-120.46	9.5827484	75	26.71540642
43.78	-120.62	9.5827484	79	21.04315186
43.78	-120.62	9.5827484	83	21.04315186
43.62	-120.47	9.5827484	83	26.71540642
43.62	-120.47	9.5827484	87	26.71540642
43.62	-120.47	9.5827484	75	26.71540642
43.62	-120.47	9.5827484	83	26.71540642
43.62	-120.47	9.5827484	83	26.71540642
43.73	-121.36	9.5827484	100	46.96601105
43.73	-121.36	9.5827484	100	46.96601105
43.75	-120.94	9.5827484	58	18.63326263
43.75	-120.94	9.5827484	96	18.63326263
43.81	-120.99	9.5827484	96	17.47746277
44.17	-122.29	9.8749847	63	-44.25658798
44.45	-122.8	9.8749847	30	-18.78920174
44.61	-122.77	9.8749847	49	-47.05020523
44.54	-123.29	9.8749847	33	3.785244703
44.83	-122.25	9.8749847	51	19.43668938
44.95	-122.17	9.831625	97	10.53539467
44.95	-122.17	9.831625	97	10.53539467
45.04	-121	9.831625	71	-7.069908142
43.8	-122.42	9.5827484	45	-18.92689514
43.8	-122.42	9.5827484	39	-18.92689514
44.86	-122.88	9.8163719	39	-24.73096466
44.06	-122.79	9.8100004	40	-3.079018116
44.15	-122.25	9.8749847	68	-44.25658798
44.15	-122.25	9.8749847	68	-44.25658798
44.8	-124.06	9.8749847	32	42.11965942
44.8	-124.07	9.8749847	29	42.11965942
44.04	-122.84	9.8100004	44	-28.59353065
43.93	-122.91	9.5827484	36	-33.40747833
44.8	-122.41	9.8749847	31	-13.0209713
44.81	-122.41	9.8749847	32	19.77963066
44.39	-121.99	9.8749847	33	7.945203781
44.39	-121.99	9.8749847	148	7.945203781
44.54	-121.96	9.8749847	94	43.89864349
43.76	-122.43	9.5827484	41	-18.92689514
44.22	-120.99	9.8749847	176	14.129426
44.73	-122.18	9.8749847	50	-8.436624527
44.77	-122.56	9.8749847	59	-47.82718277
44.89	-122.71	9.8163719	47	-25.45111656
44.89	-122.71	9.8163719	47	-25.45111656
44.61	-123.3	9.8749847	48	34.0663414
44.59	-120.92	9.8749847	84	31.81876373
44.04	-122.93	9.8100004	42	-36.86870193
43.95	-122.9	9.5827484	43	-36.44744873
43.91	-121.36	9.8749847	25	14.33618832
44.49	-122.85	9.8749847	45	-21.49716759
44.24	-120.97	9.8749847	103	-22.19685745
44.24	-120.97	9.8749847	103	-22.19685745
44.19	-121.05	9.8749847	207	-2.924230576
45.08	-120.96	9.68153	70	-15.76592445
44.49	-122.86	9.8749847	54	-21.49716759
45.01	-122.66	9.831625	40	-18.38495636
45.01	-122.66	9.831625	40	-18.38495636
44.81	-120.73	9.8749847	61	-2.756901264
44.43	-122.72	9.8749847	53	-41.92197037
44.4	-122.65	9.8749847	50	-30.71356201
44.33	-122.99	9.8749847	39	-4.155235291
45.01	-123.51	9.831625	30	96.51564789
43.8	-123.88	9.5827484	25	32.81764984
44.58	-122.84	9.8749847	30	-40.40718079
44.98	-122.65	9.831625	41	-18.38495636
44.19	-123.83	9.8100004	29	48.94464111
44.71	-123.03	9.8749847	41	-14.42333031
44.71	-123.03	9.8749847	41	-14.42333031
43.67	-122.45	9.5827484	53	-20.92564011
43.96	-122.84	9.5827484	45	-36.44744873
45.03	-121.96	9.831625	239	2.68540144
44.78	-121.95	9.8749847	114	18.00877953
44.78	-121.95	9.8749847	135	18.00877953
44.78	-122.04	9.8749847	89	-7.28012085
44.83	-121.88	9.8749847	50	17.64155388
45.02	-122.01	9.831625	279	-2.388395548
45	-122.06	9.831625	106	-2.388395548
44.2	-122.05	9.8749847	153	-29.06661987
44.15	-122.08	9.8749847	111	-29.06661987
44.72	-121.91	9.8749847	101	18.00877953
43.95	-122.03	9.5827484	41	15.65432167
43.72	-122.33	9.5827484	99	-40.80078506
43.64	-122.19	9.5827484	102	57.15774536
44.07	-122.02	9.8749847	139	21.14157104
44.63	-121.94	9.8749847	105	8.348934174
44.02	-122.16	9.8749847	92	20.24207687
44.02	-122.16	9.8749847	92	20.24207687
44.45	-122.83	9.8749847	31	-18.78920174
44.62	-122.72	9.8749847	35	-47.05020523
44.62	-122.72	9.8749847	35	-47.05020523
44.61	-121.11	9.8749847	69	-18.73780632
44.16	-122.24	9.8749847	69	-44.25658798
44.47	-122.91	9.8749847	39	-28.75799561
45.05	-122.62	9.831625	44	-27.00218582
45.05	-122.62	9.831625	45	-27.00218582
44.44	-122.99	9.8749847	37	-14.83332443
44.3	-122.12	9.8749847	110	2.031518221
46.85	-122.26	9.7773581	20	-22.03737259
46.31	-119.76	9.5389538	53	-19.65294266
46.31	-119.76	9.5389538	98	-19.65294266
46.63	-123.23	9.7773581	41	14.08168125
46.52	-122.46	9.6252508	34	-11.95248985
46.89	-120.39	9.7773581	45	-19.43986511
46.61	-119.12	9.7773581	76	-43.87971115
46.37	-119.29	9.543684	54	-41.72725677
46.36	-119.27	9.543684	63	-41.72725677
46.36	-119.27	9.543684	66	-41.72725677
46.43	-119.28	9.543684	59	-41.72725677
46.44	-119.4	9.543684	65	-41.3298378
45.86	-120.67	9.5405912	48	21.4060936
47.07	-122.22	9.7773581	17	-37.03865433
46.55	-122.31	9.6252508	26	-31.763731
46.78	-122.26	9.7773581	33	21.3035717
45.71	-121.46	9.5560369	56	-36.9323616
45.71	-121.31	9.5560369	53	-35.03733826
46.6	-120.35	9.7773581	76	-33.21891403
46.52	-120.01	9.6252508	52	8.464323997
46.42	-120.12	9.543684	69	-47.70885086
46.42	-120.12	9.543684	78	-47.70885086
46.48	-120.26	9.6252508	51	-39.64412308
48.43	-119.52	9.7773581	53	-36.44062424
46.78	-120.67	9.7773581	58	-41.03712845
46.55	-120.67	9.6252508	50	-48.50888443
46.55	-120.67	9.6252508	94	-48.50888443
46.53	-120.2	9.6252508	65	-15.43357468
46.27	-119.45	9.5389538	293	-21.49023819
45.73	-121.8	9.5560369	265	-33.91680908
46.53	-120.33	9.6252508	66	-39.64412308
46.14	-119.63	9.5399418	55	-2.076239586
46.25	-119.4	9.546627	68	-32.77682114
45.82	-121.13	9.544672	51	-17.11548996
45.96	-119.88	9.5455904	77	-31.46304512
47.71	-121.14	9.7773581	99	56.87098312
47.71	-121.14	9.7773581	114	56.87098312
47.43	-121.41	9.7773581	43	6.328667641
46.65	-121.28	9.7773581	107	34.2663765
45.81	-121.95	9.544672	91	-17.49759293
46.67	-121.03	9.7773581	87	53.05566788
46.75	-120.64	9.7773581	46	-41.03712845
47.01	-121.7	9.7773581	46	53.39808273
46.04	-119.64	9.5455904	38	-22.04872131
46.04	-119.64	9.5455904	51	-22.04872131
45.92	-120.19	9.5405912	43	2.030430555
45.92	-120.19	9.5405912	78	2.030430555
45.88	-122.45	9.5405912	41	-19.9641819
45.84	-122.53	9.544672	40	-39.53856659
45.94	-122.71	9.5405912	37	-24.84953308
47	-119.53	9.7773581	79	-21.61424637
45.99	-120.38	9.5455904	59	54.03989792
45.99	-120.38	9.5455904	65	54.03989792
45.99	-120.38	9.5455904	104	54.03989792
47.45	-120.36	9.7773581	46	-37.91268158
46.46	-120.23	9.6252508	52	-39.64412308
46.6	-120.38	9.7773581	41	-33.21891403
45.83	-120.82	9.544672	55	-8.67604351
45.83	-120.82	9.544672	71	-8.67604351
45.76	-120.53	9.544672	52	-21.52614784
46.54	-122.48	9.6252508	31	-11.95248985
45.9	-122.66	9.5405912	41	-17.16711617
45.61	-122.13	9.5370016	56	-28.07614899
45.61	-122.13	9.5370016	72	-28.07614899
45.88	-120.93	9.5405912	39	-3.672776699
45.89	-122.5	9.5405912	51	-19.9641819
45.7	-121.41	9.5560369	58	-36.9323616
45.74	-121.18	9.5560369	53	-34.41330338
45.7	-120.92	9.5560369	44	-29.77067184
45.61	-122.18	9.5370016	37	-28.07614899
45.61	-122.18	9.5370016	38	-28.07614899
46.33	-120.78	9.5389538	73	-57.34260178
46.53	-122.55	9.6252508	38	-11.95248985
45.7	-121.24	9.5560369	41	-34.41330338
47.11	-120.68	9.7773581	35	-46.54034424
46.53	-122.56	9.6252508	30	-18.87744522
46.28	-120	9.5389538	92	-42.25151062
46.73	-120.76	9.7773581	35	-24.01036263
45.7	-121.42	9.5560369	51	-36.9323616
46.67	-120.6	9.7773581	57	-45.24936295
45.88	-120.69	9.5405912	75	21.4060936
45.88	-120.69	9.5405912	76	21.4060936
46.68	-120.75	9.7773581	108	-24.01036263
46.3	-122.87	9.5389538	22	-13.46061039
46.57	-123.03	9.7773581	46	-5.653169632
47.16	-119.32	9.7773581	59	-24.49332237
47.16	-119.32	9.7773581	80	-24.49332237
46.51	-122.49	9.6252508	45	-11.95248985
45.71	-121.87	9.5560369	47	-61.11421204
45.82	-120.82	9.544672	30	-8.67604351
45.74	-121.12	9.5560369	61	-14.30579662
45.73	-121.11	9.5560369	58	-14.30579662
45.61	-122.13	9.5370016	66	-28.07614899
45.61	-122.13	9.5370016	58	-28.07614899
46.82	-120.66	9.7773581	33	2.712940931
46.55	-122.58	9.6252508	38	-18.87744522
45.73	-122.41	9.5560369	43	-6.739209175
45.94	-120.97	9.5405912	49	-3.672776699
46.44	-120.2	9.543684	65	-47.70885086
45.74	-120.23	9.5560369	85	-40.65719986
48.69	-119.5	9.57864	73	-64.93816376
45.6	-122.4	9.5370016	50	-37.79445267
45.64	-122.44	9.5370016	49	-6.739209175
46.55	-121.79	9.6252508	9	4.644052505
46.73	-121.85	9.7773581	43	36.38318253
45.64	-121.98	9.5370016	69	-21.53112602
45.65	-121.95	9.5370016	189	-61.11421204
45.65	-121.96	9.5370016	120	-61.11421204
46.71	-121.58	9.7773581	73	8.267661095
46.62	-121.69	9.7773581	69	-28.45617294
46.52	-121.94	9.6252508	72	-40.55765533
46.27	-122.24	9.5389538	36	43.8817215
46.17	-122.27	9.546627	44	44.67371368
46.53	-122.84	9.6252508	36	-35.00421906
46.54	-122.85	9.6252508	36	-35.00421906
47.57	-120.16	9.7773581	24	42.22933578
46.62	-122.23	9.7773581	29	18.22399139
46.43	-120.18	9.543684	43	-47.70885086
46.73	-120.78	9.7773581	52	-24.01036263
45.71	-121.88	9.5560369	33	-61.11421204
46.41	-120.08	9.543684	63	-32.34297943
46.41	-120.08	9.543684	67	-32.34297943
45.77	-122.2	9.544672	56	36.1395874
45.77	-122.2	9.544672	68	36.1395874
45.77	-122.19	9.544672	65	36.1395874
45.77	-122.22	9.544672	64	24.33252525
45.77	-122.2	9.544672	46	36.1395874
45.77	-122.2	9.544672	69	36.1395874
45.77	-122.2	9.544672	68	36.1395874
45.77	-122.2	9.544672	43	36.1395874
45.77	-122.2	9.544672	81	36.1395874
45.77	-122.2	9.544672	64	36.1395874
45.78	-122.2	9.544672	42	36.1395874
46.53	-122.82	9.6252508	37	-35.00421906
46.54	-122.82	9.6252508	29	-35.00421906
46.54	-122.82	9.6252508	31	-35.00421906
46.53	-122.83	9.6252508	36	-35.00421906
46.53	-122.83	9.6252508	39	-35.00421906
46.54	-122.62	9.6252508	20	-18.87744522
45.76	-121.54	9.544672	27	-22.93688011
45.76	-121.54	9.544672	34	-22.93688011
46.63	-120.41	9.7773581	52	-33.21891403
45.71	-121.89	9.5560369	49	-61.11421204
47.12	-120.68	9.7773581	40	-46.54034424
45.91	-121.05	9.5405912	49	-11.54324436
45.67	-122.38	9.5560369	36	-6.739209175
45.77	-121.12	9.544672	43	-17.11548996
46.62	-120.41	9.7773581	38	-33.21891403
47.24	-120.01	9.7773581	41	-43.46603775
47.24	-120.01	9.7773581	51	-43.46603775
45.82	-122.46	9.544672	60	-39.53856659
46.83	-120.21	9.7773581	61	13.95737648
46.83	-120.21	9.7773581	51	13.95737648
39.51	-119.75	16.215477	89.1	-17.4012146
43.33	-119.57	9.4671307	276.1	1.426195741
43.31	-119.54	9.4671307	100.4	1.426195741
43.35	-119.67	9.4671307	338.9	1.97349596
43.49	-119.54	9.5357075	133.9	13.5412674
43.15	-119.72	9.2272873	92	4.349617004
43.11	-119.73	8.97577	113	4.349617004
40.42	-119.41	16.524179	622.4	-14.39539051
40.42	-119.4	16.524179	254.8	9.464454651
40.37	-119.4	16.524179	366.8	-3.986682653
40.36	-119.4	16.524179	311.5	-3.986682653
40.36	-119.41	16.524179	401.9	12.98807621
40.35	-119.36	16.524179	462.8	-3.986682653
40.35	-119.4	16.524179	180.5	-3.986682653
40.4	-119.4	16.524179	5832	9.464454651
40.4	-119.4	16.524179	1901.8	9.464454651
40.4	-119.41	16.524179	1575	-14.39539051
40.4	-119.4	16.524179	262.1	9.464454651
40.41	-119.4	16.524179	5374.8	9.464454651
39.86	-119.01	16.215477	127.4	-2.713376045
44.79	-122.57	9.8749847	56.96	-47.82718277
44.4	-122.51	9.8749847	49.96	-32.22876358
44.75	-122.39	9.8749847	40.89	-13.0209713
44.4	-122.49	9.8749847	43.96	-32.22876358
44.12	-122.41	9.8749847	51.96	-19.34528923
44.75	-122.62	9.8749847	50.02	-47.82718277
44.59	-122.37	9.8749847	47.96	31.60217667
44.12	-122.45	9.8749847	43.96	-17.94156837
44.11	-122.43	9.8749847	53.96	-19.34528923
39.91	-119.22	16.215477	380.4	20.23330116
39.95	-119.2	16.215477	58.2	20.23330116
39.95	-119	16.215477	81.9	5.891718864
39.95	-119.02	16.215477	122.9	5.891718864
39.96	-119.1	16.215477	191.1	18.20953751
39.96	-119.07	16.215477	254.8	18.20953751
39.96	-119.06	16.215477	116.5	18.20953751
39.96	-119.04	16.215477	218.4	5.891718864
39.96	-119.25	16.215477	327.6	20.23330116
39.97	-119.01	16.215477	196.6	5.891718864
39.97	-119.05	16.215477	318.5	5.891718864
39.98	-119.02	16.215477	262.1	5.891718864
39.98	-119.02	16.215477	262.1	5.891718864
39.98	-119.11	16.215477	122.9	18.20953751
39.99	-119.03	16.215477	294.8	5.891718864
39.99	-119.05	16.215477	318.5	5.891718864
39.99	-119.29	16.215477	72.8	20.23330116
39.99	-119.03	16.215477	294.8	5.891718864
39.99	-119.02	16.215477	294.8	5.891718864
39.99	-119.01	16.215477	262.1	5.891718864
40	-119.17	16.215477	136.5	18.20953751
40	-119.05	16.215477	318.5	5.891718864
44.31	-122.12	9.8749847	108.8	2.031518221
46.74	-121.51	9.7773581	118.8	8.267661095
46.71	-121.48	9.7773581	42.3	63.31586838
46.71	-121.55	9.7773581	45.2	8.267661095
44.16	-122.25	9.8749847	66.9	-44.25658798
46.68	-121.45	9.7773581	156.9	63.31586838
46.66	-121.51	9.7773581	66.9	9.045704842
46.67	-121.57	9.7773581	41.4	9.045704842
38.76	-119.15	16.215477	351.6	-23.63700485
40.41	-119.4	16.524179	356.7	9.464454651
40.39	-119.4	16.524179	2918	9.464454651
45.45	-121.16	9.5407829	42	-5.653716087
40.39	-119.4	16.524179	1397.6	9.464454651
40.4	-119.4	16.524179	5446.4	9.464454651
40.41	-119.41	16.524179	8420.4	-14.39539051
40.41	-119.4	16.524179	3670.4	9.464454651
40.41	-119.39	16.524179	1563.7	9.464454651
40.46	-119.42	16.524179	131	-14.39539051
40.45	-119.42	16.524179	127.4	-14.39539051
43.55	-119.95	9.5357075	203.8	19.53007507
43.55	-119.95	9.5357075	171	19.53007507
43.74	-121.29	9.5827484	120.4	46.96601105
43.74	-121.29	9.5827484	208.6	46.96601105
38.94	-122.97	17.939177	92	48.62863159
38.78	-122.7	17.580811	502	64.02696228
38.78	-122.7	17.580811	658	64.02696228
38.79	-122.7	17.580811	402	64.02696228
38.79	-122.7	17.580811	367	64.02696228
38.78	-122.69	17.580811	372	64.02696228
38.78	-122.69	17.580811	367.1	64.02696228
38.86	-122.89	17.834578	155	29.22932434
38.87	-122.87	17.834578	84	29.22932434
38.89	-122.92	17.834578	156	48.62863159
38.88	-122.95	17.834578	156	48.62863159
38.87	-122.9	17.834578	151	29.22932434
38.87	-122.9	17.834578	145	29.22932434
38.85	-122.92	17.834578	163	9.416354179
38.85	-122.92	17.834578	172.5	9.416354179
38.86	-122.9	17.834578	234	29.22932434
38.87	-122.92	17.834578	133	48.62863159
38.92	-122.95	17.834578	117	48.62863159
38.9	-122.91	17.834578	92	48.62863159
38.92	-122.8	17.834578	42	29.22932434
38.9	-122.8	17.834578	96	29.22932434
38.8	-122.68	17.580811	113	64.02696228
40.44	-119.41	16.524179	149.2	-14.39539051
40.44	-119.41	16.524179	262	-14.39539051
40.44	-119.41	16.524179	152.8	-14.39539051
40.44	-119.41	16.524179	152.8	-14.39539051
40.44	-119.42	16.524179	127.4	-14.39539051
40.36	-119.39	16.524179	211	-3.986682653
40.43	-119.41	16.524179	127.4	-14.39539051
40.43	-119.4	16.524179	229.2	9.464454651
40.44	-119.39	16.524179	116.4	9.464454651
40.45	-119.4	16.524179	102	9.464454651
40.44	-119.4	16.524179	206.3	9.464454651
40.45	-119.4	16.524179	150.7	9.464454651
40.46	-119.41	16.524179	222	-14.39539051
40.34	-119.39	16.524179	178.4	-3.986682653
39.72	-119.02	16.215477	76.4	-15.50262451
40.34	-119.43	16.524179	189.2	12.98807621
40.38	-119.4	16.524179	1674.4	9.464454651
40.41	-119.43	16.524179	75.7	-14.39539051
40.42	-119.43	16.524179	98.2	-14.39539051
40.42	-119.41	16.524179	258.4	-14.39539051
40.44	-119.43	16.524179	100	-14.39539051
40.35	-119.42	16.524179	203.8	12.98807621
40.39	-119.41	16.524179	1820	-14.39539051
40.36	-119.42	16.524179	455	12.98807621
40.36	-119.43	16.524179	167	12.98807621
40.38	-119.44	16.524179	1528.8	-14.39539051
40.39	-119.44	16.524179	1019.2	-14.39539051
40.39	-119.44	16.524179	1820	-14.39539051
40.34	-119.42	16.524179	145.6	12.98807621
40.34	-119.4	16.524179	225.6	-3.986682653
40.37	-119.39	16.524179	200.2	-3.986682653
39.54	-119.74	16.215477	115.5	-17.4012146
40.36	-119.39	16.524179	189.2	-3.986682653
40.33	-119.41	16.524179	216.9	12.98807621
40.39	-119.4	16.524179	491.4	9.464454651
40.38	-119.39	16.524179	143.3	9.464454651
40.38	-119.39	16.524179	446.4	9.464454651
40.38	-119.39	16.524179	204.8	9.464454651
40.38	-119.4	16.524179	632.2	9.464454651
40.38	-119.39	16.524179	229.3	9.464454651
40.37	-119.38	16.524179	134.3	-3.986682653
40.39	-119.39	16.524179	176.9	9.464454651
40.4	-119.39	16.524179	159.5	9.464454651
40.38	-119.4	16.524179	1870.2	9.464454651
40.41	-119.39	16.524179	345.8	9.464454651
40.41	-119.39	16.524179	98.7	9.464454651
40.38	-119.39	16.524179	150.7	9.464454651
40.38	-119.39	16.524179	235.8	9.464454651
45.66	-121.33	9.5560369	54	-35.03733826
43.75	-121.27	9.5827484	262.4	104.7018356
45.03	-121.97	9.831625	287	2.68540144
43.74	-121.29	9.5827484	137.2	46.96601105
43.74	-121.29	9.5827484	191.8	46.96601105
43.74	-121.29	9.5827484	238.4	46.96601105
40.37	-119.4	16.524179	277.6	-3.986682653
41.74	-121.31	8.7112598	79	2.494198561
41.72	-121.3	17.755274	13.7	2.494198561
41.72	-121.3	17.755274	544	2.494198561
38.78	-122.72	17.580811	765	64.02696228
38.78	-122.7	17.580811	437.9	64.02696228
38.77	-122.73	17.580811	139	64.02696228
38.77	-122.72	17.580811	1507	64.02696228
38.78	-122.69	17.580811	418.6	64.02696228
42.23	-121.76	8.7200031	3526.4	-2.806406498
38.76	-122.67	17.580811	232	18.75132561
38.76	-122.67	17.580811	267	18.75132561
38.76	-122.68	17.580811	438	64.02696228
38.77	-122.69	17.580811	319	64.02696228
38.77	-122.66	17.580811	207	18.75132561
43.8	-122.42	9.5827484	43	-18.92689514
38.77	-122.85	17.725136	219	37.64468002
38.82	-122.87	17.725136	270	37.64468002
38.8	-122.89	17.725136	248	37.64468002
38.8	-122.87	17.725136	132	37.64468002
38.79	-122.84	17.725136	177	37.64468002
38.78	-122.86	17.725136	232	37.64468002
38.78	-122.8	17.725136	154.7	37.64468002
38.78	-122.79	17.725136	357	64.02696228
38.77	-122.79	17.725136	198	64.02696228
38.77	-122.77	17.725136	211.8	64.02696228
38.82	-122.89	17.834578	193	37.64468002
42.23	-121.76	8.7200031	540	-2.806406498
40.68	-119.36	16.676729	222	-27.88883018
39.79	-119.02	16.215477	6023.6	-15.50262451
40.88	-119.34	16.815744	326	-26.55411148
40.87	-119.33	16.815744	502	-26.55411148
40.7	-119.35	16.676729	29	-27.88883018
39.76	-119.01	16.215477	1209.1	-15.50262451
39.8	-119.01	16.215477	5693.6	-2.713376045
39.81	-119	16.215477	7609.8	-2.713376045
40.65	-119.39	16.676729	565	-27.88883018
39.78	-119.02	16.215477	2763.2	-15.50262451
39.78	-119.01	16.215477	7730.8	-15.50262451
40.65	-119.35	16.676729	59	-27.88883018
40.65	-119.37	16.676729	318	-27.88883018
40.66	-119.38	16.676729	218	-27.88883018
39.81	-119.02	16.215477	568	-2.713376045
40.65	-119.39	16.676729	418	-27.88883018
40.64	-119.41	16.676729	79	-46.11700821
39.78	-119.02	16.215477	612.9	-15.50262451
40.78	-119.34	16.815744	502	31.69000244
38.78	-122.67	17.580811	305	18.75132561
38.78	-122.66	17.580811	196	18.75132561
38.77	-122.64	17.580811	322	18.75132561
45.02	-122.01	9.831625	119	-2.388395548
45.02	-122.01	9.831625	119	-2.388395548
38.74	-122.69	17.580811	231.6	18.10768318
38.74	-122.69	17.580811	386.4	18.10768318
38.68	-122.55	17.50819	213.2	36.16465378
38.68	-122.55	17.50819	121.3	36.16465378
38.69	-122.61	17.50819	94	36.47542191
38.69	-122.52	17.50819	180	36.16465378
38.69	-122.54	17.50819	209	36.16465378
38.67	-122.58	17.50819	130	36.47542191
38.67	-122.56	17.50819	130	36.47542191
38.68	-122.55	17.50819	192	36.16465378
38.68	-122.53	17.50819	176	36.16465378
38.68	-122.53	17.50819	151	36.16465378
38.69	-122.51	17.50819	142	36.16465378
38.69	-122.51	17.50819	176	36.16465378
38.68	-122.47	17.50819	159	36.16465378
38.68	-122.5	17.50819	113	36.16465378
38.67	-122.55	17.50819	146	36.16465378
38.67	-122.5	17.50819	418	36.16465378
38.67	-122.52	17.50819	322	36.16465378
38.67	-122.54	17.50819	117	36.16465378
38.66	-122.54	17.50819	142	36.16465378
38.66	-122.55	17.50819	109	36.16465378
38.65	-122.53	17.50819	117	36.16465378
38.65	-122.52	17.50819	109	36.16465378
38.65	-122.5	17.50819	138	36.16465378
38.66	-122.49	17.50819	172	36.16465378
38.66	-122.51	17.50819	285	36.16465378
38.67	-122.47	17.50819	188	36.16465378
38.64	-122.47	17.50819	151	36.16465378
38.6	-122.47	17.370102	105	12.04008865
38.56	-122.52	17.370102	1565	12.04008865
38.55	-122.5	17.370102	184	12.04008865
38.65	-122.51	17.50819	146	36.16465378
38.66	-122.56	17.50819	100	36.47542191
38.66	-122.57	17.50819	144.8	36.47542191
38.66	-122.58	17.50819	84	36.47542191
38.67	-122.6	17.50819	142	36.47542191
38.74	-122.56	17.580811	100	36.47542191
38.67	-122.57	17.50819	138	36.47542191
38.62	-122.59	17.50819	335	18.20681
46.85	-122.26	9.7773581	18	-22.03737259
46.31	-119.76	9.5389538	54	-19.65294266
38.9	-122.86	17.834578	245	29.22932434
38.86	-122.85	17.834578	290	29.22932434
38.86	-122.86	17.834578	74	29.22932434
38.86	-122.88	17.834578	270	29.22932434
38.85	-122.9	17.834578	225	37.64468002
38.85	-122.9	17.834578	251	37.64468002
38.84	-122.88	17.834578	194	37.64468002
38.85	-122.87	17.834578	145	37.64468002
38.84	-122.86	17.834578	509	37.64468002
38.87	-122.9	17.834578	184	29.22932434
38.85	-122.84	17.725136	390	37.64468002
38.84	-122.83	17.725136	315	37.64468002
38.9	-122.86	17.834578	245	29.22932434
38.83	-122.84	17.725136	300	37.64468002
38.83	-122.85	17.725136	392	37.64468002
38.83	-122.88	17.834578	386.4	37.64468002
38.82	-122.86	17.725136	412	37.64468002
38.84	-122.88	17.834578	261	37.64468002
38.85	-122.81	17.725136	277	37.64468002
38.86	-122.9	17.834578	261	29.22932434
38.87	-122.86	17.834578	200	29.22932434
38.88	-122.85	17.834578	196	29.22932434
38.87	-122.89	17.834578	193	29.22932434
38.87	-122.88	17.834578	216	29.22932434
38.87	-122.86	17.834578	138	29.22932434
38.86	-122.83	17.725136	116	29.22932434
41.84	-121.33	8.7181835	96	-1.455425143
42.21	-122.71	8.7200031	92	0.741040707
42.21	-122.71	8.7200031	93	0.741040707
45.25	-121.12	9.5008411	91	-43.98151779
38.75	-122.68	17.580811	386	64.02696228
39	-122.65	17.725136	375	12.66122627
45.86	-120.67	9.5405912	49	21.4060936
46.78	-122.26	9.7773581	25	21.3035717
40.6	-119.45	16.676729	16	-14.61512184
40.6	-119.45	16.676729	21	-14.61512184
39.79	-119.01	16.215477	316.8	-15.50262451
40.64	-119.41	16.676729	59	-46.11700821
39.79	-119.02	16.215477	4206.4	-15.50262451
40.66	-119.35	16.676729	36	-27.88883018
39.79	-119.02	16.215477	1578.1	-15.50262451
39.79	-119.02	16.215477	3271.4	-15.50262451
39.79	-119.01	16.215477	1124.2	-15.50262451
39.79	-119.01	16.215477	2741.2	-15.50262451
40.37	-119.4	16.524179	1927.8	-3.986682653
39.79	-119.01	16.215477	237.6	-15.50262451
46.89	-120.39	9.7773581	46	-19.43986511
46.61	-119.12	9.7773581	77	-43.87971115
43.16	-124.22	9.2272873	42	11.23957729
43.15	-124.22	8.97577	42	11.23957729
46.36	-119.27	9.543684	64	-41.72725677
46.43	-119.28	9.543684	60	-41.72725677
46.44	-119.4	9.543684	66	-41.3298378
42.15	-121.68	8.7200031	59	3.540222883
44.78	-121.98	9.8749847	879	-7.28012085
47.07	-122.22	9.7773581	23	-37.03865433
43.47	-119.86	9.5357075	117.6	6.097518921
43.52	-119.72	9.5357075	105	8.098041534
43.22	-119.25	9.2272873	88	-13.80374813
43.44	-119.02	9.5350513	42	-19.61800575
43.19	-119.89	9.2272873	84	2.610777855
43.71	-119.93	9.5827484	63	6.098480225
43.66	-119.94	9.5827484	63	6.098480225
43.62	-120.47	9.5827484	83	26.71540642
42.06	-121.62	8.7200031	42	24.7969265
38.8	-122.71	17.725136	146	64.02696228
44.45	-122.8	9.8749847	31	-18.78920174
40.91	-119.09	16.676729	63	-48.21202087
45.18	-121.07	9.5008411	97	-43.98151779
48.68	-126.87	5.5437579	60.8	-33.3253479
48.69	-126.87	5.5437579	63.7	-33.3253479
48.69	-126.87	5.5437579	59.6	-33.3253479
48.69	-126.87	5.5437579	53.9	-33.3253479
48.69	-126.88	5.5437579	68.9	-27.44796753
48.69	-126.86	5.5437579	53.3	-33.3253479
48.69	-126.87	5.5437579	57.6	-33.3253479
48.69	-126.88	5.5437579	61.5	-27.44796753
44.14	-122.02	9.8749847	126	-29.06661987
44.14	-122.02	9.8749847	126	-29.06661987
43.66	-119.08	9.5827484	74.6	10.65795994
43.66	-119.08	9.5827484	75	10.65795994
43.66	-119.08	9.5827484	74.3	10.65795994
43.72	-119.09	9.8749847	84	10.65795994
43.72	-119.09	9.8749847	83.9	10.65795994
44.22	-122.05	9.8749847	78	-29.06661987
44.22	-122.05	9.8749847	78	-29.06661987
44.2	-122.03	9.8749847	117	-29.06661987
44.16	-122.09	9.8749847	109	-29.06661987
44.16	-122.09	9.8749847	109	-29.06661987
45.84	-119.67	9.544672	113	-49.07820129
38.91	-122.77	17.725136	246	30.45727158
38.81	-122.68	17.580811	81	64.02696228
39	-122.67	17.725136	256	12.66122627
45.73	-122.44	9.5560369	46	-6.739209175
38.75	-122.65	17.580811	246	18.75132561
41.19	-120.95	18.00329	96	-16.37459946
41.21	-119.06	16.815744	157	-5.834591866
40.88	-119.1	16.676729	70	-48.21202087
40.87	-119.17	16.676729	86	-48.21202087
41.12	-120.95	18.00329	289	-16.37459946
41.09	-121	18.00329	63	-16.37459946
41.09	-121	18.00329	88	-16.37459946
41.11	-121.09	18.00329	92	-36.883564
41.08	-119.02	16.815744	95	-4.249658585
41.11	-121.09	18.00329	67	-36.883564
41.1	-121.19	18.00329	44	12.77489185
41.1	-121.19	18.00329	44	12.77489185
41.1	-121.19	18.00329	88	12.77489185
41.09	-121.16	18.00329	59	12.77489185
41.02	-119.06	16.676729	81	-31.2743721
41.17	-121.05	18.00329	63	-36.883564
43.58	-120.01	9.5827484	136.8	27.84170914
43.52	-120.03	9.5357075	170.7	5.062514305
43.48	-120.1	9.5357075	99.4	5.062514305
41.11	-121.11	18.00329	92	-36.883564
40.91	-119.14	16.676729	90	-48.21202087
45.71	-121.31	9.5560369	52	-35.03733826
39.03	-122.66	17.725136	116	12.66122627
39.03	-122.66	17.725136	370	12.66122627
40.78	-119.34	16.815744	294.8	31.69000244
40.87	-119.34	16.815744	979.5	-26.55411148
40.71	-119.33	16.676729	25.5	-27.88883018
40.76	-119.32	16.676729	25.5	31.69000244
40.78	-119.36	16.815744	866.3	31.69000244
40.9	-119.36	16.815744	216.6	-26.55411148
40.87	-119.27	16.815744	124.9	2.063395739
40.81	-119.22	16.676729	79	-20.22464371
40.84	-119.24	16.676729	221.7	-20.22464371
40.92	-119.37	16.815744	51	-26.55411148
40.93	-119.4	16.951086	51	-26.55411148
40.69	-119.3	16.676729	51	-27.88883018
40.87	-119.23	16.815744	114.7	2.063395739
40.73	-119.25	16.676729	33.1	-20.22464371
40.77	-119.25	16.676729	56.1	-20.22464371
40.8	-119.29	16.676729	30.6	-20.22464371
40.78	-119.3	16.676729	25.5	31.69000244
40.81	-119.34	16.815744	53.5	31.69000244
44.8	-121.91	9.8749847	181	18.00877953
44.8	-121.91	9.8749847	181	18.00877953
42.02	-123.84	8.7200031	46	26.96927261
44.6	-122.06	9.8749847	96	4.170080185
42.19	-120.34	8.7200031	141	52.84307098
48.67	-126.85	5.752306	59.5	-33.3253479
48.67	-126.85	5.752306	60.7	-33.3253479
48.67	-126.85	5.752306	58	-33.3253479
48.67	-126.85	5.752306	57.6	-33.3253479
48.67	-126.85	5.752306	57.4	-33.3253479
48.67	-126.85	5.752306	55.6	-33.3253479
48.67	-126.85	5.752306	56.5	-33.3253479
48.67	-126.85	5.752306	58	-33.3253479
48.67	-126.85	5.752306	55.8	-33.3253479
48.67	-126.85	5.752306	61.5	-33.3253479
48.67	-126.85	5.752306	57.4	-33.3253479
48.67	-126.85	5.752306	61.4	-33.3253479
48.67	-126.85	5.752306	37.5	-33.3253479
48.67	-126.85	5.752306	60.4	-33.3253479
42.23	-121.76	8.7200031	1162	-2.806406498
42.64	-119.09	8.7200031	45	-15.3409605
39.16	-119.77	16.215477	100	0.054803759
45.36	-121.94	9.5483627	100	-11.65816784
42.9	-121.99	8.5052891	481	85.40420532
42.9	-121.99	8.5052891	481	85.40420532
45.63	-121.36	9.5370016	49	-35.03733826
46.15	-123.88	9.5399418	40	-10.99508286
46.6	-120.35	9.7773581	80	-33.21891403
46.52	-120.01	9.6252508	54	8.464323997
40.36	-119.4	16.524179	309.4	-3.986682653
40.38	-119.4	16.524179	1510.6	9.464454651
40.42	-119.44	16.524179	83.7	-14.39539051
40.36	-119.42	16.524179	498.7	12.98807621
40.38	-119.44	16.524179	149.2	-14.39539051
39.39	-119.71	16.215477	217.9	5.977461815
38.76	-122.65	17.580811	268	18.75132561
38.74	-122.66	17.580811	277	36.47542191
38.73	-122.65	17.580811	241	36.47542191
38.73	-122.66	17.580811	209	36.47542191
38.73	-122.66	17.580811	236	36.47542191
38.73	-122.65	17.580811	161	36.47542191
38.99	-122.62	17.725136	146	12.66122627
38.98	-122.62	17.725136	136	12.66122627
39.01	-122.6	17.725136	154	12.66122627
38.99	-122.65	17.725136	146	12.66122627
39.03	-122.65	17.725136	186	12.66122627
39.01	-122.64	17.725136	241	12.66122627
38.99	-122.65	17.725136	276	12.66122627
38.99	-122.63	17.725136	607	12.66122627
38.99	-122.64	17.725136	217	12.66122627
43.88	-122.37	9.5827484	112	3.500515223
45.65	-123.17	9.5370016	18	-4.109230995
42.66	-119.74	8.7200031	28.8	-3.960680246
45.09	-122.09	9.68153	41.8	-6.441053391
44.8	-121.88	9.8749847	55.4	18.00877953
44.45	-121.99	9.8749847	51.6	7.945203781
44.46	-121.98	9.8749847	69	5.320100784
44.41	-122.04	9.8749847	206	7.945203781
39.03	-122.57	17.725136	146	12.66122627
45.09	-122.25	9.68153	88.7	36.74307251
45.03	-122.16	9.831625	70.1	10.53539467
44.93	-122.15	9.8163719	20.9	10.53539467
44.97	-122.14	9.831625	34.2	10.53539467
45	-122.13	9.831625	72.2	10.53539467
38.77	-122.97	17.834578	204	9.416354179
42.09	-121.7	8.7200031	59	3.120653868
39.7	-122.88	18.00329	88	69.20287323
42.7	-120.57	8.7200031	515	-4.109538078
42.69	-120.57	8.7200031	515	-4.109538078
44.44	-122.12	9.8749847	113	23.42186356
39.39	-119.78	16.215477	397.7	2.469632149
45.9	-119.22	9.5405912	42	-48.73138428
39.6	-119.05	16.215477	134	-12.65109539
39.7	-119.1	16.215477	31	12.26124668
39.53	-119	16.215477	76	-22.69627571
39.6	-119.1	16.215477	130.5	-20.9081974
43.8	-122.42	9.5827484	46	-18.92689514
44.06	-122.79	9.8100004	42	-3.079018116
42.2	-121.74	8.7200031	130	3.540222883
42.24	-120.36	8.7200031	1222	-25.04924774
40.38	-120.64	17.370102	1400	-5.224923134
47.51	-121.35	9.7773581	64	37.97489548
47.68	-121.65	9.7773581	32	-14.65313625
48.61	-120.38	9.57864	73	-21.74869537
44.8	-124.06	9.8749847	34	42.11965942
45.47	-121.2	9.5407829	63	-5.653716087
45.98	-121.62	9.5455904	77	10.58870697
46.13	-121.77	9.5399418	61	16.23125458
46.05	-121.75	9.5455904	84	64.41139221
46.58	-119.52	9.7773581	64	-38.76895523
39.79	-119.01	16.215477	1069.3	-15.50262451
39.82	-119	16.215477	923.3	-2.713376045
40.65	-119.37	16.676729	335	-27.88883018
40.67	-119.37	16.676729	2720	-27.88883018
39.8	-119.01	16.215477	10234.4	-2.713376045
39.78	-119.01	16.215477	3088.8	-15.50262451
39.79	-119.02	16.215477	1184.8	-15.50262451
41.75	-121.3	8.7112598	172	2.494198561
40.32	-119.04	16.215477	68.8	-0.461686492
40.41	-119.02	16.215477	63.7	13.63968182
40.17	-119.17	16.215477	147.8	60.92185974
40.22	-119.2	16.215477	203.8	19.07897758
40.5	-119.02	16.364212	107	10.52819252
40.6	-119.09	16.364212	73.9	-0.344431639
40.26	-119.09	16.215477	45.9	6.466362
40.31	-119.13	16.215477	71.3	6.466362
40.38	-119.24	16.364212	56.1	59.04402542
40.3	-119.23	16.364212	81.5	-10.79231453
40.4	-119.12	16.364212	79	-19.89662361
40.47	-119.12	16.364212	91.7	-19.89662361
40.49	-119.21	16.524179	73.9	59.04402542
40.57	-119.18	16.524179	40.8	36.83496857
37.51	-122.13	16.364212	85	-1.091421843
43.78	-121.46	9.5827484	13	1.017006636
43.67	-120.02	9.5827484	8.8	-2.22842288
46.35	-121.59	9.543684	115	25.16163063
46.34	-121.7	9.5389538	125	26.26815605
46.35	-121.55	9.543684	54	25.16163063
46.11	-121.32	9.5399418	64	27.28893471
46.02	-121.6	9.5455904	26	10.58870697
45.81	-121.95	9.544672	156	-17.49759293
46.72	-121.51	9.7773581	149	8.267661095
46.39	-121.54	9.543684	145	25.16163063
46.3	-121.71	9.5389538	75	33.55714035
46.23	-121.66	9.546627	85	33.55714035
46.2	-121.83	9.546627	60	16.23125458
45.8	-121.67	9.544672	50	6.68915844
48.77	-121.81	9.2849312	628	53.41150665
48.77	-121.81	9.2849312	2990	53.41150665
46.65	-121.33	9.7773581	132	34.2663765
46.14	-119.63	9.5399418	56	-2.076239586
46.25	-119.4	9.546627	69	-32.77682114
45.96	-119.88	9.5455904	78	-31.46304512
47.71	-121.14	9.7773581	138	56.87098312
47.72	-121.12	9.7773581	98	56.87098312
47.43	-121.41	9.7773581	49	6.328667641
46.65	-121.28	9.7773581	111	34.2663765
45.81	-121.95	9.544672	106	-17.49759293
47.03	-121.7	9.7773581	58	3.089298725
45.92	-120.19	9.5405912	44	2.030430555
42.22	-122.74	8.7200031	105	0.741040707
42.2	-122.71	8.7200031	108	0.741040707
42.22	-122.74	8.7200031	105	0.741040707
42.22	-122.74	8.7200031	105	0.741040707
42.12	-122.38	8.7200031	50	7.277238846
42.12	-122.38	8.7200031	50	7.277238846
42.2	-122.7	8.7200031	55	0.741040707
42.2	-122.7	8.7200031	55	0.741040707
42.19	-122.69	8.7200031	45	0.741040707
42.19	-122.69	8.7200031	45	0.741040707
42.18	-122.67	8.7200031	47	-25.3947506
37.63	-119.08	16.19442	174	-18.77026176
39.41	-119.75	16.215477	5904.8	5.977461815
45.84	-122.53	9.544672	41	-39.53856659
42.16	-121.7	8.7200031	67	3.540222883
39.79	-119.01	16.215477	280.9	-15.50262451
42.1	-121.9	8.7200031	13	19.13749313
42.15	-121.68	8.7200031	63	3.540222883
40.73	-124.21	8.9923286	52.77	-41.26629639
43.93	-122.91	9.5827484	41	-33.40747833
42.09	-120.06	18.00329	89.5	32.74620056
44.55	-121.96	9.8749847	97	43.89864349
44.98	-121.85	9.831625	7	26.92558861
44.91	-121.88	9.8163719	107	17.64155388
40.65	-119.38	16.676729	289	-27.88883018
40.9	-119.31	16.815744	113	-26.55411148
40.93	-119.32	16.815744	46	-26.55411148
40.98	-119.33	16.951086	54	-17.8360672
40.66	-119.35	16.676729	79	-27.88883018
40.67	-119.36	16.676729	305	-27.88883018
40.8	-119.33	16.815744	37	31.69000244
40.83	-119.33	16.815744	71	31.69000244
40.88	-119.33	16.815744	268	-26.55411148
40.89	-119.32	16.815744	134	-26.55411148
40.89	-119.31	16.815744	75	-26.55411148
40.91	-119.32	16.815744	92	-26.55411148
43.76	-122.43	9.5827484	47	-18.92689514
45.12	-122.16	9.68153	95	-2.369260788
40.85	-119.34	16.815744	300.7	-26.55411148
40.85	-119.33	16.815744	130	-26.55411148
40.87	-119.31	16.815744	255	-26.55411148
40.79	-119.34	16.815744	920	31.69000244
39.89	-119.13	16.215477	104.5	15.43356419
39.84	-119.12	16.215477	112.1	15.43356419
39.9	-119.11	16.215477	175.8	15.43356419
39.89	-119.09	16.215477	135	15.43356419
39.98	-119.05	16.215477	155.4	5.891718864
39.92	-119.09	16.215477	206.4	18.20953751
39.94	-119.05	16.215477	117.2	5.891718864
39.96	-119.01	16.215477	81.5	5.891718864
39.96	-119.02	16.215477	28	5.891718864
39.94	-119.02	16.215477	81.5	5.891718864
45.63	-121.48	9.5370016	65.3	-36.9323616
44.73	-122.18	9.8749847	61	-8.436624527
39.43	-123.73	18.287436	84	27.30547905
37.65	-122.01	16.364212	140	-8.995250702
43.58	-119.93	9.5827484	328.7	19.53007507
43.54	-119.91	9.5357075	132.5	19.53007507
43.51	-119.91	9.5357075	219.1	14.05619049
43.51	-119.96	9.5357075	122.3	14.05619049
43.5	-119.01	9.5357075	257.3	-19.61800575
43.51	-120.09	9.5357075	186	5.062514305
43.54	-120.13	9.5357075	262.4	-0.091019377
43.58	-120.1	9.5827484	265	27.84170914
43.6	-120.01	9.5827484	272.6	27.84170914
43.54	-120.01	9.5357075	104.6	27.84170914
43.59	-120.14	9.5827484	142.7	-0.091019377
43.62	-120.07	9.5827484	188.6	27.84170914
43.6	-119.93	9.5827484	122.3	19.53007507
43.57	-119.88	9.5827484	126.8	19.53007507
43.57	-119.97	9.5827484	331.2	19.53007507
43.56	-120	9.5827484	107	27.84170914
43.55	-119.99	9.5357075	66.2	19.53007507
43.58	-120.05	9.5827484	137.6	27.84170914
43.64	-119.98	9.5827484	122.3	19.53007507
43.55	-119.98	9.5357075	366.1	19.53007507
43.57	-120.18	9.5827484	234.4	-0.091019377
43.5	-119.82	9.5357075	108.8	6.097518921
43.55	-119.91	9.5357075	186.6	19.53007507
43.52	-120.15	9.5357075	63.7	3.472289085
43.5	-119.91	9.5357075	127.4	14.05619049
43.56	-119.97	9.5827484	160.5	19.53007507
43.56	-119.96	9.5827484	313.4	19.53007507
43.47	-119.89	9.5357075	145	14.05619049
43.47	-119.89	9.5357075	128.9	14.05619049
43.51	-119.9	9.5357075	163.2	14.05619049
43.51	-119.9	9.5357075	120.3	14.05619049
43.52	-120	9.5357075	103.6	5.062514305
43.55	-119.84	9.5357075	69.5	11.73509693
43.57	-119.88	9.5827484	115.5	19.53007507
43.65	-119.92	9.5827484	77.4	6.098480225
43.48	-120.1	9.5357075	81.2	5.062514305
43.52	-120.03	9.5357075	123	5.062514305
43.52	-119.7	9.5357075	130.1	8.098041534
43.53	-119.97	9.5357075	229.3	19.53007507
43.56	-119.95	9.5827484	127.4	19.53007507
43.51	-119.96	9.5357075	89.2	14.05619049
43.55	-120.01	9.5357075	89.2	27.84170914
43.54	-119.96	9.5357075	188.6	19.53007507
43.56	-119.93	9.5827484	145.2	19.53007507
43.54	-119.92	9.5357075	86.6	19.53007507
43.51	-119.95	9.5357075	86.6	14.05619049
38.82	-122.89	17.834578	204	37.64468002
38.78	-122.87	17.725136	194	37.64468002
38.79	-122.86	17.725136	181	37.64468002
38.78	-122.85	17.725136	195	37.64468002
38.81	-122.62	17.580811	179	18.75132561
38.78	-122.62	17.580811	177	18.75132561
38.79	-122.62	17.580811	183	18.75132561
38.77	-122.63	17.580811	187	18.75132561
38.76	-122.61	17.580811	160	18.75132561
38.77	-122.63	17.580811	177	18.75132561
38.8	-122.62	17.580811	157	18.75132561
38.79	-122.62	17.580811	160	18.75132561
38.75	-122.64	17.580811	191	18.75132561
43.64	-121.24	9.5827484	151	33.66347885
43.64	-121.24	9.5827484	151	33.66347885
43.83	-121.25	9.5827484	96	69.37815094
43.83	-121.25	9.5827484	96	69.37815094
38.92	-122.88	17.834578	146	29.22932434
38.9	-122.87	17.834578	181	29.22932434
38.75	-122.59	17.580811	154	18.75132561
38.73	-122.61	17.580811	157	36.47542191
38.87	-122.91	17.834578	202	48.62863159
38.89	-122.9	17.834578	239	29.22932434
40.61	-119.4	16.676729	98	-27.88883018
40.62	-119.37	16.676729	76.4	-27.88883018
38.89	-122.9	17.834578	164	29.22932434
38.9	-122.91	17.834578	153	48.62863159
38.8	-122.89	17.725136	153	37.64468002
38.8	-122.59	17.580811	144	18.75132561
38.9	-122.57	17.580811	161	21.14631844
38.9	-122.56	17.580811	164	21.14631844
38.71	-122.68	17.580811	160	18.10768318
42.19	-121.71	8.7200031	105	3.540222883
42.03	-120.3	18.00329	97	43.47267532
44.77	-122.56	9.8749847	67	-47.82718277
46.61	-120.38	9.7773581	42	-33.21891403
43.8	-123.88	9.5827484	36.8	32.81764984
43.21	-123.25	9.2272873	25	0.504339039
43.21	-123.25	9.2272873	25	0.504339039
46.54	-122.48	9.6252508	32	-11.95248985
40.77	-119.13	16.524179	242.2	-13.53714085
40.77	-119.17	16.676729	21	-13.53714085
40.77	-119.15	16.676729	406	-13.53714085
40.77	-119.15	16.676729	1302	-13.53714085
40.77	-119.15	16.676729	924	-13.53714085
40.77	-119.15	16.676729	84	-13.53714085
40.71	-119.29	16.676729	71	-1.788173914
40.77	-119.22	16.676729	59	-20.22464371
39.52	-119.75	16.215477	127.7	-17.4012146
40.82	-119.17	16.676729	92	-13.53714085
40.84	-119.14	16.676729	109	-13.53714085
40.8	-119.13	16.676729	67	-13.53714085
40.77	-119.18	16.676729	88	-20.22464371
45.6	-119.6	9.5370016	59	-43.9274559
45.9	-122.66	9.5405912	42	-17.16711617
40.55	-124.18	9.0263643	77.51	-46.74324799
40.77	-119.25	16.676729	67	-20.22464371
42.49	-123.38	8.1746902	40	-10.87535667
40.65	-119.35	16.676729	210	-27.88883018
39.97	-119.03	16.215477	188.6	5.891718864
39.99	-119.35	16.215477	180.9	-16.27442932
40	-119.07	16.215477	191.1	18.20953751
39.98	-119.04	16.215477	145.2	5.891718864
39.98	-119.01	16.215477	173.3	5.891718864
39.96	-119.07	16.215477	81.5	18.20953751
39.96	-119.06	16.215477	81.5	18.20953751
39.38	-119.73	16.215477	4252.5	5.977461815
39.4	-119.75	16.215477	3950	5.977461815
39.39	-119.75	16.215477	2780	5.977461815
39.39	-119.75	16.215477	3584	5.977461815
39.39	-119.75	16.215477	3088	5.977461815
39.4	-119.75	16.215477	4585	5.977461815
39.39	-119.77	16.215477	3296	2.469632149
39.39	-119.75	16.215477	8052.5	5.977461815
39.39	-119.75	16.215477	231	5.977461815
39.39	-119.75	16.215477	1688.4	5.977461815
39.59	-119.11	16.215477	139.2	-20.9081974
38.87	-122.73	17.725136	278	30.45727158
38.92	-122.8	17.834578	334	29.22932434
41.86	-123.37	8.7200031	36	-49.16899872
44.61	-123.3	9.8749847	44	34.0663414
45.65	-121.47	9.5370016	41	-36.9323616
44.59	-120.92	9.8749847	85	31.81876373
39.41	-119.75	16.215477	2262.3	5.977461815
42.46	-121.37	8.7200031	48.3	9.680673599
42.46	-121.37	8.7200031	64	9.680673599
39.5	-119.75	16.215477	97.9	-17.4012146
42.22	-120.35	8.7200031	1426	-25.04924774
42.22	-120.35	8.7200031	2862	-25.04924774
40.71	-119.43	16.815744	83.7	-46.11700821
44.25	-120.97	9.8749847	109	-22.19685745
44.24	-120.97	9.8749847	109	-22.19685745
43.21	-119.04	9.2272873	126	-0.940447748
43.21	-119	9.2272873	128	-0.940447748
38.85	-122.8	17.725136	282.4	37.64468002
42.18	-121.7	8.7200031	38	3.540222883
42.22	-120.36	8.7200031	895	-25.04924774
38.77	-122.82	17.725136	219.1	37.64468002
37.49	-119.3	16.19442	54	135.9580841
43.95	-122.9	9.5827484	45	-36.44744873
42.13	-121.74	8.7200031	63	3.540222883
39.05	-122.74	17.834578	172	27.23161507
38.94	-122.69	17.725136	214	30.45727158
43.69	-122.37	9.5827484	156	-40.80078506
42.19	-121.77	8.7200031	92	-2.806406498
40.39	-119.42	16.524179	20.4	-14.39539051
40.39	-119.41	16.524179	0.6	-14.39539051
40.39	-119.42	16.524179	134.7	-14.39539051
42.17	-121.68	8.7200031	21	3.540222883
45.7	-121.24	9.5560369	42	-34.41330338
41.73	-121.67	8.7112598	17	2.515234709
43.9	-121.36	9.5827484	59	14.33618832
43.91	-121.36	9.8749847	60.9	14.33618832
46.33	-120.78	9.5389538	74	-57.34260178
41.83	-121.55	8.7181835	100	-6.442855835
42.7	-122.6	8.0918245	105	-28.21739769
42.7	-122.6	8.0918245	105	-28.21739769
42.7	-122.6	8.0918245	93	-28.21739769
42.7	-122.6	8.0918245	93	-28.21739769
42.22	-120.36	8.7200031	992	-25.04924774
42.22	-120.36	8.7200031	118	-25.04924774
47.94	-128.9	0.43398958	84	-4.45633316
47.92	-128.85	0.66285837	136	-10.49689579
47.9	-128.74	0.91232389	440	-8.577288628
47.74	-127.91	2.9722376	345	-0.58204329
47.73	-127.88	2.9722376	129	-0.58204329
47.87	-128.59	1.1679138	439	-5.80466938
47.85	-128.47	1.414219	334	-8.135784149
47.89	-128.66	0.91232389	900	-8.577288628
47.79	-128.21	2.1661963	267	-3.510086775
42.01	-121.82	8.7200031	13	-10.34061337
46.53	-122.56	9.6252508	31	-18.87744522
42.19	-120.35	8.7200031	146	-25.04924774
39.51	-119.65	16.215477	295.6	-17.4012146
38.83	-121.17	16.676729	26	-82.50362396
39.39	-119.72	16.215477	425.5	5.977461815
40.39	-121.54	18.00329	132	111.5407791
40.36	-121.5	18.00329	231	34.33236694
40.41	-121.45	18.00329	85	78.76473999
40.37	-120.95	17.580811	97	54.99201965
44.55	-122.03	9.8749847	82	5.320100784
39.03	-122.43	17.580811	109	7.078770638
46.57	-120.17	9.7773581	53	24.61705589
42.64	-122.82	8.1765585	42	-18.60934258
42.64	-122.82	8.1765585	42	-18.60934258
45.7	-121.42	9.5560369	52	-36.9323616
39.39	-119.76	16.215477	8295	2.469632149
42.37	-120.57	8.7200031	126	62.26567459
41.63	-121.37	17.755274	29	-8.07553196
41.7	-121.35	17.755274	144.6	2.494198561
41.7	-121.35	17.755274	243	2.494198561
46.3	-122.87	9.5389538	21	-13.46061039
42.22	-121.78	8.7200031	377	-2.806406498
46.58	-123.03	9.7773581	47	-5.653169632
42.24	-121.77	8.7200031	1488.2	-2.806406498
45.61	-121.23	9.5370016	69	-26.10076523
42.38	-122.53	8.7200031	49	-15.68583679
47.17	-119.32	9.7773581	81	-24.49332237
41.65	-121.18	17.755274	78	-4.762607574
41.56	-121.12	18.100437	147	-2.16358757
41.74	-121.87	8.7112598	8	-2.013237953
41.59	-121.96	8.7299252	13	-1.570258617
41	-120.89	18.00329	98	35.25090027
41.27	-122.61	15.872827	37	44.55010605
41.83	-121.25	8.7181835	67	15.57495403
41.57	-122.88	8.7299252	18	-27.20770073
41.56	-122.53	8.7299252	29	-10.83724976
41.43	-122.5	8.7199984	39	11.80708408
41.89	-122.4	8.7200031	11	-15.8863039
41.98	-122.32	8.7200031	72	10.44643593
41.9	-122.53	8.7200031	11	-18.12549019
41.95	-122	8.7200031	142	2.259691238
41.73	-120.38	18.00329	8	-2.09282589
44.43	-122.72	9.8749847	45	-41.92197037
42.18	-120.36	8.7200031	125	-25.04924774
42.18	-120.34	8.7200031	190	52.84307098
42.22	-120.36	8.7200031	2883	-25.04924774
43.53	-120.09	9.5357075	277.7	27.84170914
40.41	-120.65	17.370102	700	-5.224923134
39.9	-119.16	16.215477	172.9	15.43356419
39.9	-119.19	16.215477	276.6	15.45901203
39.88	-119.22	16.215477	380.4	15.45901203
39.91	-119.22	16.215477	380.4	20.23330116
39.8	-119.3	16.215477	69.2	-47.74105835
39.94	-119.29	16.215477	69.2	20.23330116
39.99	-119.23	16.215477	172.9	20.23330116
39.85	-119.23	16.215477	276.6	15.45901203
39.88	-119.24	16.215477	380.4	15.45901203
39.9	-119.23	16.215477	380.4	15.45901203
39.92	-119.21	16.215477	276.6	20.23330116
39.91	-119.22	16.215477	380.4	20.23330116
39.96	-119.28	16.215477	103.7	20.23330116
39.95	-119.26	16.215477	103.7	20.23330116
39.96	-119.26	16.215477	242.1	20.23330116
39.96	-119.24	16.215477	103.7	20.23330116
39.97	-119.25	16.215477	242.1	20.23330116
39.92	-119.25	16.215477	207.5	20.23330116
39.89	-119.29	16.215477	276.6	15.45901203
39.89	-119.26	16.215477	380.4	15.45901203
39.84	-119.26	16.215477	242.1	15.45901203
39.86	-119.25	16.215477	311.2	15.45901203
39.92	-119.2	16.215477	345.8	20.23330116
39.88	-119.21	16.215477	380.4	15.45901203
39.89	-119.21	16.215477	380.4	15.45901203
39.92	-119.18	16.215477	242.1	20.23330116
39.88	-119.18	16.215477	172.9	15.45901203
39.93	-119.19	16.215477	138.3	20.23330116
39.82	-119.26	16.215477	179.1	15.45901203
39.85	-119.31	16.215477	138.3	-47.74105835
39.88	-119.28	16.215477	242.1	15.45901203
39.88	-119.31	16.215477	138.3	-47.74105835
39.83	-119.31	16.215477	69.2	-47.74105835
38.85	-122.76	17.725136	351	64.02696228
38.85	-122.76	17.725136	389	64.02696228
38.86	-122.77	17.725136	322	30.45727158
38.86	-122.78	17.725136	293	30.45727158
38.87	-122.77	17.725136	285	30.45727158
38.86	-122.75	17.725136	305	30.45727158
38.86	-122.75	17.725136	305	30.45727158
38.94	-122.76	17.834578	232	30.45727158
42.21	-122.68	8.7200031	49	0.741040707
40.21	-119.15	16.215477	84.1	60.92185974
40.23	-119.14	16.215477	33.1	60.92185974
40.19	-119.18	16.215477	84.1	19.07897758
40.21	-119.23	16.215477	61.2	19.07897758
40.22	-119.22	16.215477	150.3	19.07897758
40.25	-119.21	16.215477	63.7	19.07897758
45.71	-121.87	9.5560369	46	-61.11421204
45.32	-121.8	9.5414743	41	41.99193954
45.41	-121.82	9.5483627	110	22.76212502
45.37	-121.82	9.5483627	110	41.99193954
45.28	-121.74	9.5414743	95	91.14661407
43.32	-119.7	9.4671307	83.7	1.97349596
43.31	-119.77	9.4671307	83.7	17.96736908
43.32	-119.71	9.4671307	175.7	1.97349596
43.21	-119.52	9.2272873	142.3	-4.520259857
43.2	-119.57	9.2272873	347.3	11.04546738
43.1	-119.73	8.97577	46	4.349617004
47.37	-120.3	9.7773581	58	4.587833405
39.39	-119.75	16.215477	2659.7	5.977461815
39.39	-119.75	16.215477	748	5.977461815
39.39	-119.76	16.215477	2722.3	2.469632149
39.91	-119.22	16.215477	380.4	20.23330116
44.33	-122.99	9.8749847	39	-4.155235291
45.75	-121.12	9.5560369	56	-17.11548996
43.75	-122.47	9.5827484	78	-20.92564011
43.75	-122.47	9.5827484	87	-20.92564011
44.15	-122.54	9.8749847	55.89	-17.94156837
39.49	-119.8	16.215477	122.4	-38.60483551
44.19	-123.83	9.8100004	30	48.94464111
44.71	-123.03	9.8749847	42	-14.42333031
38.89	-122.61	17.580811	75.3	21.14631844
38.89	-122.64	17.725136	242.7	21.14631844
38.9	-122.65	17.725136	192	21.14631844
38.91	-122.63	17.725136	157.8	21.14631844
38.88	-122.72	17.725136	117.2	30.45727158
38.95	-122.85	17.834578	62	29.22932434
38.76	-122.64	17.580811	125	18.75132561
38.99	-122.82	17.834578	8.4	8.355085373
38.76	-122.64	17.580811	130	18.75132561
38.8	-122.56	17.580811	192.4	18.75132561
38.88	-122.62	17.580811	71.1	21.14631844
38.88	-122.62	17.580811	58.6	21.14631844
46.15	-124.41	9.5399418	39.5	-63.70323944
44.22	-124.47	9.8100004	39.9	-14.34396076
44.5	-124.42	9.8749847	44.7	-32.19318008
44.86	-124.28	9.8163719	46.2	-28.17596626
43.26	-124.59	9.4671307	43.2	-23.38480186
44.06	-124.65	9.5543547	48.8	-29.26899529
45.44	-119.78	9.5483627	46	-22.86091423
42.23	-121.77	8.7200031	746.2	-2.806406498
42.23	-121.77	8.7200031	1150	-2.806406498
45.61	-122.13	9.5370016	80	-28.07614899
37.25	-122.4	17.13776	116.3	-3.76199007
42.24	-121.78	8.7200031	975	-2.806406498
38.9	-122.86	17.834578	283	29.22932434
38.86	-122.87	17.834578	274	29.22932434
38.98	-122.89	17.834578	94	8.355085373
38.97	-122.89	17.834578	96	29.22932434
38.96	-122.81	17.834578	105	29.22932434
38.88	-122.78	17.725136	217	30.45727158
46.82	-120.66	9.7773581	37	2.712940931
45.73	-122.41	9.5560369	36	-6.739209175
43.59	-122.23	9.5827484	127	29.22591782
39.53	-119.76	16.215477	162.1	-38.60483551
39.53	-119.76	16.215477	124.5	-38.60483551
43.84	-119.9	9.8749847	67	16.43052101
43.84	-119.9	9.8749847	105	16.43052101
42.21	-120.36	8.7200031	171	-25.04924774
45.94	-120.97	9.5405912	50	-3.672776699
44.27	-120.81	9.8749847	79	-14.38903713
45.69	-120.13	9.5560369	114	-41.06179047
38.1	-122.89	17.370102	88.67	26.03423882
38.85	-122.85	17.834578	344.1	37.64468002
38.84	-122.84	17.725136	379.3	37.64468002
39.74	-119.57	16.215477	131	0.154857606
39.74	-119.59	16.215477	147.4	0.154857606
39.74	-119.59	16.215477	212.9	0.154857606
39.74	-119.58	16.215477	264.8	0.154857606
39.81	-119.65	16.215477	10.9	-9.602243423
48.69	-119.5	9.57864	77	-64.93816376
44.84	-120.46	9.8749847	70	-11.49353981
44.82	-120.56	9.8749847	85.5	-11.49353981
44.84	-120.48	9.8749847	67.5	-11.49353981
44.83	-120.49	9.8749847	70.6	-11.49353981
44.82	-120.48	9.8749847	96.8	-11.49353981
44.82	-120.54	9.8749847	198	-11.49353981
44.86	-120.55	9.8163719	44.8	-11.49353981
44.87	-120.55	9.8163719	69	-11.49353981
45.03	-121.96	9.831625	341	2.68540144
44.78	-122.04	9.8749847	109	-7.28012085
45.5	-122.31	9.5407829	218	-38.38925934
45.02	-122.01	9.831625	398	-2.388395548
44.2	-122.05	9.8749847	154	-29.06661987
45.07	-121.96	9.68153	341	17.84023285
44.72	-121.91	9.8749847	117	18.00877953
44.56	-121.61	9.8749847	123	4.56726265
44.56	-121.61	9.8749847	123	4.56726265
43.72	-122.42	9.5827484	57	-40.80078506
43.72	-122.42	9.5827484	57	-40.80078506
45.52	-122.27	9.5407829	54	-42.50707626
45.51	-122.27	9.5407829	54	-42.50707626
45.61	-122	9.5370016	81	-14.72300243
43.72	-122.33	9.5827484	137	-40.80078506
45.65	-121.95	9.5370016	209	-61.11421204
45.34	-121.36	9.5414743	60	7.478405952
46.72	-121.58	9.7773581	98	8.267661095
46.52	-121.94	9.6252508	73	-40.55765533
45.34	-121.92	9.5414743	70	-11.65816784
45.28	-121.84	9.5414743	90	41.99193954
45.5	-122.28	9.5407829	55	-38.38925934
45.5	-122.28	9.5407829	55	-38.38925934
46.17	-122.27	9.546627	45	44.67371368
46.55	-122.85	9.6252508	37	-35.00421906
45.63	-121.95	9.5370016	105	-61.11421204
45.63	-121.95	9.5370016	105	-61.11421204
46.64	-121.39	9.7773581	96	34.2663765
42.13	-121.8	8.7200031	38	-2.806406498
45.72	-119.02	9.5560369	67	-48.98023987
38.84	-122.63	17.580811	196	18.75132561
38.86	-122.67	17.725136	231	21.14631844
38.85	-122.66	17.725136	231	18.75132561
38.85	-122.66	17.725136	219	18.75132561
44.45	-122.83	9.8749847	30	-18.78920174
42.01	-121.63	8.7200031	84	3.120653868
44.63	-122.72	9.8749847	38	-47.05020523
38.7	-122.72	17.580811	225	18.10768318
39.48	-119.81	16.215477	2998.8	-38.60483551
39.48	-119.79	16.215477	358.2	-38.60483551
39.48	-119.79	16.215477	81.9	-38.60483551
39.48	-119.81	16.215477	1166.4	-38.60483551
39.48	-119.81	16.215477	1380.6	-38.60483551
39.48	-119.81	16.215477	1488.6	-38.60483551
39.48	-119.81	16.215477	1657.8	-38.60483551
39.48	-119.83	16.215477	830	-38.60483551
39.48	-119.81	16.215477	132	-38.60483551
39.48	-119.81	16.215477	754	-38.60483551
39.48	-119.81	16.215477	3123	-38.60483551
39.5	-119.83	16.215477	120.5	-38.60483551
39.48	-119.81	16.215477	676	-38.60483551
39.48	-119.81	16.215477	1090.8	-38.60483551
39.58	-119.81	16.215477	334	2.059766531
39.48	-119.79	16.215477	698.4	-38.60483551
39.48	-119.79	16.215477	880.2	-38.60483551
45.16	-122.11	9.5008411	88.43	-15.92332268
42.04	-120.31	18.00329	175	43.47267532
42.04	-120.31	18.00329	572	43.47267532
39.39	-119.75	16.215477	4727.5	5.977461815
45.68	-121.31	9.5560369	46	-35.03733826
42.13	-121.92	8.7200031	42	7.86083889
46.43	-119.78	9.543684	56	24.76720619
42.45	-121.36	8.7200031	155.7	9.680673599
39.54	-122.08	17.725136	28	-0.248731673
39.54	-122.08	17.725136	28	-0.248731673
39.62	-119.31	16.215477	62.8	-11.9738245
37.1	-119.73	16.19442	26	27.38141632
39.4	-120.88	16.815744	30	26.55622482
46.43	-120.18	9.543684	44	-47.70885086
39.45	-119.76	16.215477	45	-38.60483551
39.34	-119.74	16.215477	131.4	5.977461815
39.34	-119.73	16.215477	66.2	5.977461815
39.37	-119.75	16.215477	321.6	5.977461815
39.34	-119.78	16.215477	221.3	2.469632149
39.45	-119.72	16.215477	20.7	-17.4012146
39.39	-119.81	16.215477	65.7	2.469632149
39.43	-119.71	16.215477	415	5.977461815
39.33	-119.76	16.215477	79	2.469632149
39.42	-119.76	16.215477	491	2.469632149
39.37	-119.79	16.215477	141.8	2.469632149
39.43	-119.77	16.215477	100.3	2.469632149
39.4	-119.75	16.215477	2188.9	5.977461815
39.37	-119.77	16.215477	536	2.469632149
39.42	-119.74	16.215477	397.7	5.977461815
39.44	-119.73	16.215477	255.9	5.977461815
39.4	-119.74	16.215477	1628.7	5.977461815
39.32	-119.75	16.215477	58.6	25.26992607
39.4	-119.77	16.215477	110.7	2.469632149
39.31	-119.7	16.215477	51	25.26992607
39.31	-119.77	16.215477	35.7	-21.98574066
39.29	-119.74	16.215477	38.2	25.26992607
39.36	-119.82	16.215477	110.7	2.469632149
39.38	-119.84	16.215477	3.5	2.469632149
39.41	-119.8	16.215477	51.9	2.469632149
39.37	-119.73	16.215477	162.5	5.977461815
45.39	-122.36	9.5483627	41	-47.45264053
40.38	-119.4	16.524179	546	9.464454651
40.46	-119.4	16.524179	200.2	9.464454651
40.37	-119.4	16.524179	157.1	-3.986682653
40.42	-119.41	16.524179	2380	-14.39539051
40.43	-119.39	16.524179	109.2	9.464454651
40.36	-119.43	16.524179	176.2	12.98807621
40.39	-119.37	16.524179	152.9	9.464454651
40.38	-119.37	16.524179	152.9	9.464454651
40.44	-119.43	16.524179	120.1	-14.39539051
40.44	-119.42	16.524179	127.4	-14.39539051
40.43	-119.47	16.524179	72.8	-14.39539051
40.41	-119.48	16.524179	98.3	-14.39539051
40.39	-119.45	16.524179	134.7	-14.39539051
40.37	-119.47	16.524179	269.4	12.98807621
40.34	-119.47	16.524179	61.9	12.98807621
40.32	-119.46	16.524179	305.8	12.98807621
40.34	-119.41	16.524179	240.2	12.98807621
48.67	-126.86	5.5437579	62.2	-33.3253479
48.69	-126.9	5.5437579	7.5	-27.44796753
48.68	-126.88	5.5437579	58	-27.44796753
48.68	-126.88	5.5437579	58.7	-27.44796753
48.68	-126.88	5.5437579	59.5	-27.44796753
48.67	-126.88	5.5437579	59.4	-27.44796753
48.67	-126.88	5.5437579	59.6	-27.44796753
48.67	-126.88	5.5437579	59.3	-27.44796753
48.67	-126.88	5.5437579	61.4	-27.44796753
48.67	-126.87	5.5437579	58.8	-33.3253479
48.67	-126.87	5.5437579	62.3	-33.3253479
48.67	-126.86	5.5437579	59.4	-33.3253479
48.67	-126.87	5.5437579	66	-33.3253479
48.66	-126.87	5.5437579	63.8	-33.3253479
48.67	-126.86	5.5437579	62	-33.3253479
48.68	-126.86	5.5437579	60.7	-33.3253479
48.68	-126.86	5.5437579	62.3	-33.3253479
48.68	-126.86	5.5437579	60.3	-33.3253479
48.68	-126.87	5.5437579	60.4	-33.3253479
48.68	-126.87	5.5437579	60.4	-33.3253479
48.68	-126.87	5.5437579	57.7	-33.3253479
48.65	-126.91	5.0980859	74.2	-40.77328873
48.66	-126.89	5.5437579	66.6	-27.44796753
48.67	-126.88	5.5437579	75.7	-27.44796753
48.67	-126.88	5.5437579	65	-27.44796753
48.67	-126.88	5.5437579	65.9	-27.44796753
48.67	-126.88	5.5437579	64.2	-27.44796753
48.67	-126.87	5.5437579	67.9	-33.3253479
48.67	-126.87	5.5437579	58.4	-33.3253479
48.67	-126.87	5.5437579	59.4	-33.3253479
48.67	-126.87	5.5437579	61.8	-33.3253479
48.68	-126.86	5.5437579	61.9	-33.3253479
48.65	-126.91	5.0980859	70	-40.77328873
48.68	-126.86	5.5437579	61.4	-33.3253479
48.68	-126.86	5.5437579	62.3	-33.3253479
48.67	-126.88	5.5437579	64	-27.44796753
48.67	-126.88	5.5437579	62.8	-27.44796753
48.67	-126.87	5.5437579	64.2	-33.3253479
48.67	-126.87	5.5437579	66.3	-33.3253479
48.67	-126.87	5.5437579	66.6	-33.3253479
48.67	-126.87	5.5437579	59.4	-33.3253479
48.67	-126.86	5.5437579	59	-33.3253479
48.68	-126.86	5.5437579	56.3	-33.3253479
48.65	-126.91	5.0980859	66.2	-40.77328873
48.68	-126.86	5.5437579	59	-33.3253479
48.68	-126.86	5.5437579	60	-33.3253479
48.68	-126.86	5.5437579	60.6	-33.3253479
48.68	-126.85	5.752306	60.4	-33.3253479
48.68	-126.85	5.752306	56.4	-33.3253479
48.68	-126.85	5.752306	52	-33.3253479
48.68	-126.85	5.752306	42.3	-33.3253479
48.68	-126.84	5.752306	42.4	-33.3253479
48.68	-126.84	5.752306	38.4	-33.3253479
48.69	-126.84	5.752306	41.8	-33.3253479
48.65	-126.9	5.0980859	67.1	-40.77328873
48.69	-126.84	5.752306	56.3	-33.3253479
48.69	-126.84	5.752306	36.5	-33.3253479
48.69	-126.83	5.752306	54.2	-33.3253479
48.69	-126.83	5.752306	70.9	-33.3253479
48.69	-126.82	5.752306	69.9	-33.3253479
48.69	-126.82	5.752306	71.3	-33.3253479
48.69	-126.82	5.752306	76.2	-33.3253479
48.7	-126.82	5.752306	77.7	-33.3253479
48.7	-126.82	5.752306	78.2	-33.3253479
48.66	-126.9	5.5437579	65.2	-27.44796753
48.7	-126.81	5.752306	63.5	-33.3253479
48.7	-126.81	5.752306	65.8	-33.3253479
48.71	-126.79	5.752306	61.1	-33.3253479
48.71	-126.79	5.752306	43.5	-33.3253479
48.66	-126.9	5.5437579	71.3	-27.44796753
48.66	-126.9	5.5437579	67.9	-27.44796753
48.66	-126.9	5.5437579	68.8	-27.44796753
48.66	-126.89	5.5437579	67.4	-27.44796753
39.4	-119.75	16.215477	5563.8	5.977461815
44.19	-123.83	9.8100004	35	48.94464111
43.72	-121.29	9.5827484	221.4	46.96601105
41.55	-122.26	8.7135773	62	5.899012566
37.17	-120.07	16.19442	19	55.00428009
38.72	-122.69	17.580811	140	18.10768318
38.72	-122.69	17.580811	167	18.10768318
38.71	-122.72	17.580811	154	18.10768318
38.71	-122.73	17.580811	270	18.10768318
38.71	-122.76	17.580811	280	18.10768318
38.74	-122.73	17.580811	328	18.10768318
38.78	-122.68	17.580811	283	64.02696228
38.75	-122.78	17.725136	319	64.02696228
38.82	-122.9	17.834578	111	37.64468002
38.82	-122.91	17.834578	164	9.416354179
38.83	-122.9	17.834578	156	37.64468002
38.83	-122.9	17.834578	219	37.64468002
38.83	-122.92	17.834578	290	9.416354179
38.85	-122.91	17.834578	58	9.416354179
43.9	-121.03	9.8749847	46	-9.529028893
43.87	-121.01	9.5827484	79	17.47746277
43.85	-120.99	9.5827484	54	17.47746277
46.73	-120.78	9.7773581	53	-24.01036263
42.21	-121.72	8.7200031	148.4	3.540222883
43.54	-121.6	9.5357075	46	-7.539115906
39.38	-119.73	16.215477	2058.5	5.977461815
39.9	-119.1	16.215477	341.4	15.43356419
39.6	-119.42	16.215477	124.5	21.39317513
40.4	-119.41	16.524179	478.4	-14.39539051
39.63	-119.35	16.215477	100.3	-11.9738245
39.66	-119.17	16.215477	580	-20.9081974
39.67	-119.34	16.215477	105	-11.9738245
39.67	-119.17	16.215477	277.9	-20.9081974
39.87	-119.13	16.215477	119.8	15.43356419
39.93	-119.07	16.215477	155.4	18.20953751
39.9	-119.06	16.215477	91.7	15.43356419
39.64	-119.4	16.215477	65.7	-11.9738245
39.89	-119.06	16.215477	132.5	15.43356419
39.91	-119.14	16.215477	124.9	18.20953751
39.91	-119.06	16.215477	114.7	18.20953751
39.93	-119.07	16.215477	140.1	18.20953751
39.65	-119.26	16.215477	51.9	-32.42662811
39.82	-119.22	16.215477	235.1	15.45901203
39.82	-119.92	16.524179	241.1	14.08341789
39.84	-119.92	16.524179	96.8	14.08341789
39.96	-119.16	16.215477	141.8	18.20953751
39.95	-119.16	16.215477	104.5	18.20953751
40.02	-119.22	16.215477	56.1	20.23330116
39.67	-119.37	16.215477	96.8	-11.9738245
40.03	-119.15	16.215477	183.3	51.61672592
40.06	-119.06	16.215477	55.3	51.61672592
39.8	-119.01	16.215477	99	-2.713376045
39.8	-119.01	16.215477	121	-2.713376045
39.8	-119.01	16.215477	247.6	-2.713376045
45.78	-122.2	9.544672	57	36.1395874
45.77	-122.19	9.544672	66	36.1395874
45.77	-122.22	9.544672	65	24.33252525
45.78	-122.2	9.544672	44	36.1395874
45.77	-122.2	9.544672	82	36.1395874
44.16	-122.24	9.8749847	71	-44.25658798
42.23	-121.77	8.7200031	4854.6	-2.806406498
42.8	-120.1	8.7200031	47.9	18.20910645
39.37	-119.77	16.215477	25.5	2.469632149
42.24	-120.36	8.7200031	841	-25.04924774
39.38	-119.73	16.215477	6487.5	5.977461815
39.38	-119.78	16.215477	127.4	2.469632149
39.76	-119	16.215477	127.4	-15.50262451
42.17	-122.69	8.7200031	54	0.741040707
42.17	-122.69	8.7200031	54	0.741040707
46.53	-122.82	9.6252508	38	-35.00421906
38.89	-122.79	17.725136	737	30.45727158
44.76	-121.96	9.8749847	105	18.00877953
44.77	-121.93	9.8749847	130	18.00877953
44.77	-121.93	9.8749847	130	18.00877953
44.76	-121.96	9.8749847	259	18.00877953
44.76	-121.96	9.8749847	259	18.00877953
44.75	-121.89	9.8749847	121	18.00877953
44.75	-121.89	9.8749847	121	18.00877953
44.76	-121.99	9.8749847	117	-7.28012085
44.8	-121.99	9.8749847	75	-7.28012085
44.8	-121.99	9.8749847	75	-7.28012085
44.82	-121.94	9.8749847	88	17.64155388
44.82	-121.94	9.8749847	88	17.64155388
44.69	-121.93	9.8749847	159	8.348934174
44.69	-121.93	9.8749847	159	8.348934174
44.69	-121.89	9.8749847	121	8.348934174
44.69	-121.89	9.8749847	121	8.348934174
44.67	-121.93	9.8749847	117	8.348934174
44.67	-121.93	9.8749847	117	8.348934174
44.75	-121.94	9.8749847	142	18.00877953
44.73	-121.97	9.8749847	96	18.00877953
44.73	-121.97	9.8749847	96	18.00877953
44.69	-121.99	9.8749847	151	4.170080185
37.45	-122.03	16.215477	85	-8.995250702
44.15	-122.12	9.8749847	120	-36.91886139
44.15	-122.12	9.8749847	120	-36.91886139
44.35	-122.07	9.8749847	101	7.945203781
44.35	-122.07	9.8749847	159	7.945203781
44.31	-122.01	9.8749847	67	-14.8179388
44.3	-122.01	9.8749847	67	-14.8179388
44.27	-121.97	9.8749847	78.7	40.1894455
44.15	-122.04	9.8749847	40.6	-29.06661987
44.16	-122	9.8749847	80	-29.06661987
44.46	-122.05	9.8749847	20.9	5.320100784
44.44	-122.01	9.8749847	37.7	7.945203781
44.42	-122.06	9.8749847	85	7.945203781
44.42	-122.06	9.8749847	85	7.945203781
43.3	-122.89	9.4671307	53	-20.90678978
43.3	-122.89	9.4671307	53	-20.90678978
40.39	-120.62	17.370102	700	-5.224923134
40.51	-120.66	17.50819	77	37.74178696
40.45	-120.68	17.50819	364	-5.224923134
40.4	-120.63	17.370102	406	-5.224923134
40.41	-120.66	17.370102	343	-5.224923134
40.4	-120.64	17.370102	525	-5.224923134
40.39	-120.6	17.370102	182	-5.224923134
40.38	-120.61	17.370102	700	-5.224923134
40.37	-120.63	17.370102	341.6	54.62891388
40.44	-120.64	17.370102	609	-5.224923134
40.43	-120.67	17.50819	453.6	-5.224923134
40.43	-120.67	17.50819	700	-5.224923134
41.62	-120.04	18.00329	318	-31.16370392
38.84	-121.84	17.088528	27	-18.61419868
41.74	-120.08	18.00329	113	-3.021029472
39.46	-121.99	17.580811	33	-0.248731673
41.66	-119.81	18.00329	166.3	-2.914054632
38.92	-121.61	17.088528	29	-40.74996567
42.02	-120.3	18.00329	91	43.47267532
44.84	-122.84	9.8749847	55	-24.73096466
41.39	-119.79	17.50819	2094.4	24.42730141
40.06	-119.16	16.215477	103.7	51.61672592
39.99	-119.03	16.215477	203.8	5.891718864
40	-119.19	16.215477	138.3	20.23330116
41.38	-119.79	17.50819	6132	24.42730141
40.08	-119.02	16.215477	107.2	-23.44298172
41.38	-119.78	17.50819	128.8	24.42730141
41.39	-119.79	17.50819	1785	24.42730141
39.96	-119.03	16.215477	79	5.891718864
39.95	-119.09	16.215477	176.4	18.20953751
40	-119.19	16.215477	139.2	20.23330116
41.38	-119.79	17.50819	6521.2	24.42730141
39.86	-119.16	16.215477	169.4	15.43356419
41.39	-119.78	17.50819	508.2	24.42730141
41.39	-119.78	17.50819	128.8	24.42730141
41.39	-119.79	17.50819	1520.4	24.42730141
41.47	-119.79	17.50819	870.8	11.69147587
41.37	-119.8	17.50819	6132	24.42730141
40.23	-119	16.215477	152.2	-18.10324478
41.38	-119.79	17.50819	1940.4	24.42730141
39.98	-119.11	16.215477	89.9	18.20953751
40.04	-119.2	16.215477	54.6	33.6928978
40.01	-119.16	16.215477	76.4	18.20953751
40.03	-119.04	16.215477	124.5	-23.44298172
41.39	-119.79	17.50819	193.2	24.42730141
40.14	-119.04	16.215477	106.5	-23.44298172
39.95	-119.2	16.215477	86.5	20.23330116
39.99	-119.29	16.215477	56.1	20.23330116
39.92	-119.33	16.215477	190.2	-16.27442932
40.09	-119.1	16.215477	34.6	51.61672592
40.06	-119.16	16.215477	81.9	51.61672592
40.1	-119.04	16.215477	71	-23.44298172
41.38	-119.79	17.50819	128.8	24.42730141
42	-123.76	8.7200031	25	15.16902351
39.16	-119.19	16.215477	57	-13.39577103
39.17	-120	16.215477	73	-24.76078415
39.2	-119.98	16.215477	59	61.28885269
39.15	-120.02	16.215477	76	-24.76078415
39.07	-120.03	16.215477	67	-8.291594505
39.1	-120.07	16.215477	75	-24.76078415
46.54	-122.62	9.6252508	21	-18.87744522
39.51	-119.77	16.215477	109.8	-38.60483551
40.42	-120.62	17.370102	239.4	-5.224923134
40.37	-120.6	17.370102	2195.2	54.62891388
40.41	-120.49	17.217102	449.1	-10.80360031
40.4	-120.47	17.217102	66.4	-10.80360031
40.41	-120.46	17.217102	92	-10.80360031
40.4	-120.44	17.217102	58.7	19.80501938
38.8	-122.84	17.725136	183.5	37.64468002
40.33	-120.41	17.217102	53.6	-54.70210648
38.78	-122.82	17.725136	306	37.64468002
38.79	-122.81	17.725136	354	37.64468002
38.8	-122.84	17.725136	403	37.64468002
38.74	-122.7	17.580811	412	18.10768318
40.38	-120.63	17.370102	61.3	-5.224923134
38.73	-122.69	17.580811	367	18.10768318
40.41	-120.67	17.370102	293.4	-5.224923134
38.73	-122.7	17.580811	167	18.10768318
40.46	-120.62	17.370102	170.9	-5.224923134
38.73	-122.71	17.580811	248	18.10768318
38.73	-122.71	17.580811	184	18.10768318
38.79	-122.83	17.725136	283	37.64468002
40.41	-120.46	17.217102	97	-10.80360031
38.81	-122.86	17.725136	370	37.64468002
38.81	-122.84	17.725136	74	37.64468002
38.81	-122.84	17.725136	599	37.64468002
38.8	-122.86	17.725136	290	37.64468002
38.8	-122.85	17.725136	184	37.64468002
38.89	-122.67	17.725136	257	21.14631844
38.88	-122.6	17.580811	154	21.14631844
38.75	-122.8	17.725136	223	37.64468002
38.75	-122.8	17.725136	256.2	37.64468002
38.75	-122.8	17.725136	192	37.64468002
38.75	-122.8	17.725136	251.2	37.64468002
38.75	-122.78	17.725136	314.7	64.02696228
38.76	-122.78	17.725136	268.5	64.02696228
38.74	-122.78	17.725136	424.6	18.10768318
38.74	-122.77	17.725136	166	18.10768318
38.74	-122.77	17.725136	265.4	18.10768318
38.79	-122.82	17.725136	242	37.64468002
38.73	-122.76	17.580811	207	18.10768318
38.73	-122.76	17.580811	238	18.10768318
38.74	-122.76	17.580811	227.6	18.10768318
38.74	-122.76	17.580811	316	18.10768318
38.74	-122.75	17.580811	354	18.10768318
38.75	-122.75	17.580811	412	64.02696228
38.73	-122.75	17.580811	280	18.10768318
38.74	-122.79	17.725136	196	18.10768318
38.74	-122.79	17.725136	207	18.10768318
38.73	-122.77	17.580811	165	18.10768318
38.73	-122.77	17.580811	229	18.10768318
38.73	-122.73	17.580811	199	18.10768318
38.73	-122.73	17.580811	196	18.10768318
38.78	-122.81	17.725136	250	37.64468002
38.79	-122.69	17.580811	237	64.02696228
38.8	-122.69	17.580811	249	64.02696228
38.78	-122.83	17.725136	203	37.64468002
38.9	-122.63	17.725136	177	21.14631844
38.92	-122.85	17.834578	209	29.22932434
38.79	-122.69	17.580811	408	64.02696228
38.73	-122.69	17.580811	224	18.10768318
38.77	-122.84	17.725136	201	37.64468002
38.77	-122.84	17.725136	245	37.64468002
38.77	-122.81	17.725136	183	37.64468002
38.77	-122.81	17.725136	305	37.64468002
45.3	-121.77	9.5414743	112	41.99193954
47.12	-120.68	9.7773581	41	-46.54034424
42	-121.71	8.7200031	75	-29.57883453
40.03	-119.01	16.215477	193.6	-23.44298172
40.02	-119.02	16.215477	183.3	5.891718864
40.02	-119.02	16.215477	183.3	5.891718864
40.03	-119.02	16.215477	186	-23.44298172
40.02	-119	16.215477	200.6	5.891718864
40.03	-119.01	16.215477	140.1	-23.44298172
39.99	-119.04	16.215477	214	5.891718864
39.99	-119.04	16.215477	226.8	5.891718864
39.99	-119.01	16.215477	180.9	5.891718864
39.9	-119.22	16.215477	527.4	15.45901203
39.97	-119.25	16.215477	244.6	20.23330116
39.9	-119.13	16.215477	168.2	15.43356419
40.03	-119.09	16.215477	38	51.61672592
39.98	-119.03	16.215477	175.8	5.891718864
39.98	-119.02	16.215477	165.6	5.891718864
39.37	-119.71	16.215477	107	5.977461815
39.58	-119.52	16.215477	363.1	21.39317513
39.57	-119.52	16.215477	127.9	21.39317513
39.57	-119.54	16.215477	622.4	10.65083694
39.57	-119.54	16.215477	1279.5	10.65083694
39.57	-119.51	16.215477	103.7	21.39317513
39.53	-119.62	16.215477	121	-7.161396027
39.57	-119.55	16.215477	204	10.65083694
39.58	-119.51	16.215477	138.3	21.39317513
39.58	-119.53	16.215477	210.9	10.65083694
39.59	-119.53	16.215477	138.3	10.65083694
39.59	-119.49	16.215477	169.4	21.39317513
39.58	-119.51	16.215477	176.4	21.39317513
42.45	-121.47	8.7200031	83	21.1390934
38.86	-122.89	17.834578	272	29.22932434
40.6	-119.42	16.676729	33	-14.61512184
40.63	-119.4	16.676729	100	-27.88883018
40.64	-119.37	16.676729	100	-27.88883018
40.64	-119.36	16.676729	71	-27.88883018
40.84	-119.31	16.815744	46	31.69000244
38.82	-122.8	17.725136	583	37.64468002
38.85	-122.8	17.725136	84	37.64468002
38.83	-122.74	17.725136	475	64.02696228
38.83	-122.8	17.725136	580	37.64468002
38.84	-122.8	17.725136	396	37.64468002
38.83	-122.81	17.725136	689	37.64468002
38.83	-122.79	17.725136	575	64.02696228
38.83	-122.91	17.834578	363.9	9.416354179
38.81	-122.8	17.725136	660	37.64468002
38.75	-122.83	17.725136	177	37.64468002
38.75	-122.83	17.725136	162	37.64468002
38.79	-122.81	17.725136	235	37.64468002
38.77	-122.77	17.725136	361	64.02696228
38.84	-122.76	17.725136	580	64.02696228
38.81	-122.77	17.725136	283	64.02696228
38.78	-122.67	17.580811	201	18.75132561
38.86	-122.75	17.725136	243	30.45727158
38.86	-122.67	17.725136	208	21.14631844
38.88	-122.72	17.725136	126	30.45727158
38.91	-122.68	17.725136	117	30.45727158
38.82	-122.79	17.725136	457.2	64.02696228
38.79	-122.8	17.725136	445	37.64468002
38.78	-122.75	17.725136	1938	64.02696228
38.85	-122.78	17.725136	280	64.02696228
38.76	-122.82	17.725136	185	37.64468002
38.76	-122.82	17.725136	261	37.64468002
38.79	-122.76	17.725136	307	64.02696228
38.8	-122.77	17.725136	258	64.02696228
38.87	-122.81	17.725136	126	29.22932434
38.93	-122.69	17.725136	402	30.45727158
38.77	-122.9	17.725136	145	37.64468002
38.78	-122.77	17.725136	404	64.02696228
38.8	-122.77	17.725136	353	64.02696228
38.8	-122.76	17.725136	235	64.02696228
38.82	-122.76	17.725136	493	64.02696228
38.84	-122.81	17.725136	319	37.64468002
38.84	-122.78	17.725136	325	64.02696228
38.86	-122.79	17.725136	138	30.45727158
38.87	-122.84	17.834578	167	29.22932434
38.92	-122.67	17.725136	435	21.14631844
38.91	-122.63	17.725136	178	21.14631844
38.93	-122.71	17.725136	305	30.45727158
38.93	-122.71	17.725136	418	30.45727158
38.86	-122.67	17.725136	224	21.14631844
38.89	-122.69	17.725136	690	30.45727158
38.83	-122.63	17.580811	224	18.75132561
38.89	-122.79	17.725136	276	30.45727158
38.74	-122.72	17.580811	394	18.10768318
38.76	-122.75	17.725136	367.1	64.02696228
38.83	-122.87	17.834578	241.5	37.64468002
38.7	-122.74	17.580811	141	18.10768318
38.7	-122.74	17.580811	225.4	18.10768318
38.68	-122.74	17.580811	147.6	18.10768318
38.89	-122.64	17.725136	183	21.14631844
38.99	-122.82	17.834578	368	8.355085373
38.99	-122.81	17.834578	163	8.355085373
38.97	-122.74	17.834578	397.6	30.45727158
38.77	-122.63	17.580811	188	18.75132561
38.94	-122.78	17.834578	368	30.45727158
38.86	-122.74	17.725136	366	30.45727158
38.8	-122.61	17.580811	73	18.75132561
38.91	-122.64	17.725136	276	21.14631844
38.87	-122.68	17.725136	324	30.45727158
39.06	-122.63	17.725136	67	12.66122627
38.75	-122.59	17.580811	192	18.75132561
38.77	-122.95	17.834578	126	9.416354179
38.91	-122.85	17.834578	366	29.22932434
38.94	-122.82	17.834578	368	29.22932434
38.91	-122.68	17.725136	335	30.45727158
38.94	-122.86	17.834578	251	29.22932434
38.93	-122.81	17.834578	167	29.22932434
44.56	-122.03	9.8749847	109	5.320100784
38.99	-122.64	17.725136	54	12.66122627
45.91	-121.05	9.5405912	47	-11.54324436
44.23	-122.18	9.8749847	66	2.031518221
40.7	-119.35	16.676729	43.7	-27.88883018
39.78	-119	16.215477	1305.3	-15.50262451
39.76	-119.01	16.215477	614.3	-15.50262451
45.44	-121.72	9.5483627	38	40.6076355
40.65	-119.37	16.676729	1841	-27.88883018
40.65	-119.36	16.676729	105	-27.88883018
40.65	-119.36	16.676729	209	-27.88883018
40.65	-119.37	16.676729	682	-27.88883018
40.65	-119.37	16.676729	4180	-27.88883018
45.29	-121.71	9.5414743	73	91.14661407
42.1	-119.92	18.00329	105	8.631074905
45.42	-121.77	9.5483627	148	22.76212502
43.71	-121.23	9.5827484	1594	104.7018356
43.71	-121.23	9.5827484	1594	104.7018356
42.19	-120.38	8.7200031	77	-25.04924774
45.67	-122.38	9.5560369	37	-6.739209175
37.24	-122.07	16.352819	97.5	-8.995250702
42.43	-121.37	8.7200031	87	9.680673599
42.43	-121.37	8.7200031	205.8	9.680673599
39.54	-119.78	16.215477	143.6	-38.60483551
47.24	-124.19	9.8133631	36	-54.26169968
39.34	-119.6	16.215477	207.5	42.94220352
39.43	-119.69	16.215477	121	5.977461815
39.43	-119.68	16.215477	179.8	5.977461815
39.42	-119.67	16.215477	145.2	5.977461815
39.4	-119.65	16.215477	100.3	5.977461815
39.4	-119.67	16.215477	1549.2	5.977461815
39.53	-119.69	16.215477	86.5	-17.4012146
42.11	-121.87	8.7200031	109	19.13749313
39.41	-119.75	16.215477	4978.6	5.977461815
40.4	-120.62	17.370102	910	-5.224923134
38.78	-119.17	16.215477	731.3	-23.63700485
38.77	-119.15	16.215477	109.6	-23.63700485
38.78	-119.17	16.215477	282.8	-23.63700485
38.77	-119.16	16.215477	193.6	-23.63700485
38.78	-119.14	16.215477	76.4	-23.63700485
38.77	-119.13	16.215477	122.3	-23.63700485
38.77	-119.15	16.215477	224.2	-23.63700485
38.76	-119.16	16.215477	405.1	-23.63700485
38.77	-119.18	16.215477	733.8	-35.63735199
38.77	-119.17	16.215477	519.8	-23.63700485
38.75	-119.18	16.215477	463.7	-35.63735199
38.76	-119.15	16.215477	392.4	-23.63700485
38.77	-119.14	16.215477	183.5	-23.63700485
38.78	-119.13	16.215477	147.8	-23.63700485
38.78	-119.13	16.215477	155.4	-23.63700485
38.77	-119.12	16.215477	81.5	-23.63700485
38.79	-119.17	16.215477	466.3	-23.63700485
38.77	-119.16	16.215477	244.6	-23.63700485
38.79	-119.17	16.215477	468.8	-23.63700485
38.8	-119.17	16.215477	237	-23.63700485
38.8	-119.16	16.215477	152.9	-23.63700485
38.81	-119.17	16.215477	188.6	-23.63700485
38.81	-119.17	16.215477	84.1	-23.63700485
38.81	-119.17	16.215477	196.2	-23.63700485
38.82	-119.18	16.215477	175.8	-35.63735199
38.75	-119.19	16.215477	127.4	-35.63735199
38.74	-119.19	16.215477	53.5	18.64333344
38.75	-119.17	16.215477	158	-23.63700485
38.74	-119.17	16.215477	63.7	61.18935013
38.75	-119.14	16.215477	275.2	-23.63700485
38.76	-119.15	16.215477	252.3	-23.63700485
38.8	-119.16	16.215477	122.3	-23.63700485
38.82	-119.18	16.215477	331.2	-35.63735199
38.82	-119.19	16.215477	555.5	-35.63735199
45.77	-121.12	9.544672	44	-17.11548996
43.8	-122.31	9.5827484	82	-14.94464779
45.12	-120.85	9.68153	60	-11.03338528
39.47	-119.63	16.215477	94	-7.161396027
46.62	-120.41	9.7773581	40	-33.21891403
44.44	-122.99	9.8749847	25	-14.83332443
42.14	-122.73	8.7200031	50	0.741040707
42.36	-121.98	8.7200031	42	5.041152
39.04	-122.43	17.580811	107	7.078770638
39.39	-119.72	16.215477	198.7	5.977461815
38.91	-122.78	17.725136	232	30.45727158
42.33	-120.52	8.7200031	69	31.84213638
42.34	-120.52	8.7200031	113	31.84213638
42.34	-120.52	8.7200031	78	31.84213638
44.89	-122.69	9.8163719	48	-25.45111656
44.89	-122.69	9.8163719	48	-25.45111656
42.2	-121.73	8.7200031	126	3.540222883
41.02	-119.56	17.088528	106.9	32.55911255
46.83	-120.21	9.7773581	47	13.95737648
38.93	-119.07	16.215477	78	-32.75069046
45.73	-122.44	9.5560369	42	-6.739209175
44.85	-121.83	9.8163719	110	49.58501434
42.24	-120.36	8.7200031	794	-25.04924774
42.24	-120.36	8.7200031	1221	-25.04924774
42.01	-120.3	18.00329	96	43.47267532
44.21	-121.03	9.8749847	148	14.129426
42.22	-120.35	8.7200031	3309	-25.04924774
42.22	-120.35	8.7200031	1425	-25.04924774
42.22	-120.34	8.7200031	309	52.84307098
44.23	-120.97	9.8749847	99	-22.19685745
42.22	-120.36	8.7200031	991	-25.04924774
42.21	-120.36	8.7200031	158	-25.04924774
42.04	-120.31	18.00329	51	43.47267532
42.04	-120.31	18.00329	174	43.47267532
42.21	-120.36	8.7200031	1895	-25.04924774
42.02	-120.3	18.00329	90	43.47267532
44.85	-121.83	9.8163719	110	49.58501434
42.37	-120.45	8.7200031	134	15.18670559
45.68	-119.84	9.5560369	58	-50.60709
45.7	-120.14	9.5560369	54	-41.06179047
45.7	-120.14	9.5560369	54	-41.06179047
45.7	-120.14	9.5560369	54	-41.06179047
44.55	-122.81	9.8749847	50	-21.49716759
42.82	-122.94	8.0320463	61	51.63679123
45.47	-121.2	9.5407829	58	-5.653716087
42.34	-120.54	8.7200031	71	31.84213638
42.37	-120.57	8.7200031	125	62.26567459
45.69	-120.13	9.5560369	87	-41.06179047
42.33	-120.57	8.7200031	100	31.84213638
42.36	-121.98	8.7200031	41	5.041152
42.33	-120.52	8.7200031	66	31.84213638
43.54	-119.95	9.5357075	192	19.53007507
42.33	-120.57	8.7200031	100	31.84213638
40.84	-127.52	0.009965586	54	-34.42725754
38.59	-127.27	31.536203	32	-34.93425369
38.32	-124.03	19.94416	73	-79.9813385
38.5	-124.26	20.470812	70	-70.51306915
37.93	-123.83	20.19767	79	-83.89137268
37.79	-124.28	22.031677	84	-42.79533768
38.42	-126.14	27.247425	117	-27.55595016
38.43	-126.33	28.011539	86	-25.08587646
38.49	-126.79	29.741478	108	-30.46888542
38.53	-127.06	30.950256	28	-31.03629494
38.57	-127.21	31.244743	36	-38.93375778
39.03	-130	30.501097	24	-18.28802299
38.49	-126.72	29.393053	59	-32.38405991
38.59	-127.52	32.307262	13	-34.40950012
38.75	-128.98	30.290819	20	-7.517631531
38.52	-127.14	30.950256	53	-38.93375778
38.49	-126.72	29.393053	59	-32.38405991
38.46	-126.48	28.539879	75	-26.32499504
37.47	-123.84	21.01218	82	-83.89137268
38	-124.89	23.57716	70	-27.93582344
38.17	-125.47	25.24065	74	-8.621296883
38.4	-126.04	26.842258	76	-29.63839531
39.2	-121.06	16.815744	29	40.8380661
40.91	-127.45	0.047450688	217	11.60944366
40.91	-127.5	0.047450688	219	-44.38734818
40.9	-127.51	0.047450688	317	-44.38734818
40.9	-127.52	0.047450688	707	-44.38734818
40.91	-127.54	0.047450688	160	-44.38734818
40.91	-127.45	0.047450688	201	11.60944366
40.91	-127.55	0.27203998	137	-44.38734818
40.91	-127.56	0.27203998	409	-44.38734818
40.91	-127.46	0.047450688	176	-44.38734818
40.91	-127.47	0.047450688	155	-44.38734818
40.91	-127.49	0.047450688	229	-44.38734818
41	-127.51	0.021391379	2495	-37.00662231
41	-127.51	0.021391379	1117	-37.00662231
41	-127.5	0.021391379	3176	-37.00662231
41	-127.55	0.27136731	851	-37.00662231
41	-127.55	0.27136731	670	-37.00662231
41	-127.54	0.021391379	482	-37.00662231
41	-127.52	0.021391379	410	-37.00662231
41	-127.52	0.021391379	726	-37.00662231
40.96	-127.48	0.021391379	416	-37.00662231
40.96	-127.49	0.021391379	396	-37.00662231
40.96	-127.5	0.021391379	207	-37.00662231
40.96	-127.52	0.021391379	160	-37.00662231
40.96	-127.53	0.021391379	219	-37.00662231
40.96	-127.42	0.23963241	693	-4.417859077
40.96	-127.42	0.23963241	444	-4.417859077
40.93	-127.5	0.047450688	192	-44.38734818
40.94	-127.52	0.047450688	133	-44.38734818
40.93	-127.54	0.047450688	179	-44.38734818
40.93	-127.55	0.27203998	204	-44.38734818
40.93	-127.56	0.27203998	247	-44.38734818
40.94	-127.46	0.047450688	174	-44.38734818
40.93	-127.47	0.047450688	152	-44.38734818
40.93	-127.49	0.047450688	160	-44.38734818
48.44	-128.47	1.1955065	338	-4.410299301
48.44	-128.47	1.1955065	493	-4.410299301
48.44	-128.46	1.1955065	295	-4.410299301
48.44	-128.45	1.3642263	293	-4.410299301
48.44	-128.45	1.3642263	293	-4.410299301
48.44	-128.44	1.3642263	292	-4.410299301
48.44	-128.43	1.3642263	303	-4.410299301
48.44	-128.42	1.3642263	330	-4.410299301
48.44	-128.42	1.3642263	326	-4.410299301
48.44	-128.41	1.3642263	310	-4.410299301
48.44	-128.4	1.3642263	368	-4.410299301
48.43	-128.4	1.3642263	369	-4.410299301
48.43	-128.39	1.3642263	389	1.557503343
50.14	-130.45	0.64635819	441	-2.300307989
49.17	-128.25	3.9386008	200	-26.03686333
49.12	-128.97	2.3481965	181	-19.04327583
50.57	-130.82	1.5733372	19	18.80345917
48.46	-128.67	0.59159386	170	-10.74924183
49.17	-128.25	3.9386008	202	-26.03686333
49.11	-128.96	2.3481965	177	-19.04327583
50.47	-130.27	0.06584172	145	-19.9920826
50.57	-130.83	1.5733372	16	18.80345917
49.11	-128.96	2.3481965	194	-19.04327583
50.56	-130.84	1.5733372	13	18.80345917
50.13	-130.43	0.64635819	739	-2.300307989
49.11	-128.96	2.3481965	200	-19.04327583
50.56	-130.85	1.5733372	15	-20.30074692
49.66	-130.09	0.59459901	156	-2.230593443
49.18	-128.25	3.9386008	198	-26.03686333
49.1	-128.95	2.6050727	225	-19.04327583
50.55	-130.87	2.2212367	33	-20.30074692
49.1	-128.95	2.6050727	188	-19.04327583
50.55	-130.88	2.2212367	20	-20.30074692
50.12	-130.42	0.64635819	382	-2.300307989
48.46	-128.64	0.8665905	512	-10.74924183
49.1	-128.94	2.6050727	204	-19.04327583
50.54	-130.89	2.2212367	12	-20.30074692
50.12	-130.41	0.64635819	258	-2.300307989
49.66	-130.07	0.59459901	534	-2.230593443
49.09	-128.94	2.6050727	187	-19.04327583
49.65	-130.06	0.68830746	285	-2.230593443
49.09	-128.93	2.6050727	175	-19.04327583
48.46	-128.62	0.8665905	458	8.065933228
49.09	-128.93	2.6050727	187	-19.04327583
48.46	-128.61	0.8665905	1360	8.065933228
50.14	-130.45	0.64635819	441	-2.300307989
50.13	-130.44	0.64635819	723	-2.300307989
50.13	-130.44	0.64635819	386	-2.300307989
50.13	-130.43	0.64635819	739	-2.300307989
50.12	-130.43	0.64635819	704	-2.300307989
50.12	-130.42	0.64635819	382	-2.300307989
50.12	-130.41	0.64635819	258	-2.300307989
50.11	-130.41	0.64635819	218	-2.300307989
50.11	-130.4	0.64635819	269	-2.300307989
49.68	-130.11	0.59459901	96	-2.230593443
49.67	-130.1	0.59459901	49	-2.230593443
49.67	-130.1	0.59459901	152	-2.230593443
49.66	-130.09	0.59459901	156	-2.230593443
49.66	-130.08	0.59459901	106	-2.230593443
49.66	-130.07	0.59459901	534	-2.230593443
49.65	-130.06	0.68830746	285	-2.230593443
49.65	-130.06	0.68830746	327	-2.230593443
49.65	-130.05	0.68830746	342	-2.230593443
49.64	-130.04	0.81696123	393	-2.230593443
49.64	-130.04	0.81696123	274	-2.230593443
49.64	-130.03	0.81696123	292	-2.230593443
49.64	-130.03	0.81696123	344	-2.230593443
49.63	-130.02	0.81696123	320	2.02973175
49.63	-130.01	0.81696123	268	2.02973175
49.62	-130	0.81696123	188	2.02973175
49.62	-130	0.81696123	81	2.02973175
49.62	-129.99	0.81696123	236	2.02973175
49.62	-129.98	0.81696123	366	2.02973175
49.61	-129.98	0.81696123	194	2.02973175
49.61	-129.97	0.81696123	100	2.02973175
49.61	-129.97	0.81696123	124	2.02973175
49.6	-129.96	0.81696123	272	2.02973175
49.6	-129.96	0.81696123	382	2.02973175
49.6	-129.95	1.0505846	390	2.02973175
48.46	-128.68	0.59159386	348	-10.74924183
48.46	-128.67	0.59159386	170	-10.74924183
48.46	-128.67	0.59159386	185	-10.74924183
48.46	-128.66	0.59159386	376	-10.74924183
48.46	-128.65	0.59159386	229	-10.74924183
48.46	-128.65	0.59159386	526	-10.74924183
48.46	-128.64	0.8665905	512	-10.74924183
48.46	-128.63	0.8665905	209	-10.74924183
48.46	-128.62	0.8665905	303	8.065933228
48.46	-128.62	0.8665905	458	8.065933228
48.46	-128.61	0.8665905	1360	8.065933228
48.46	-128.6	0.8665905	396	8.065933228
48.45	-128.59	0.8665905	155	8.065933228
48.45	-128.58	0.8665905	333	8.065933228
48.45	-128.57	0.8665905	145	8.065933228
48.45	-128.57	0.8665905	155	8.065933228
48.45	-128.56	0.8665905	134	8.065933228
48.45	-128.55	0.8665905	233	8.065933228
48.45	-128.53	1.1157724	173	8.065933228
48.45	-128.52	1.1157724	335	8.065933228
48.45	-128.52	1.1157724	389	8.065933228
48.45	-128.51	1.1157724	137	8.065933228
48.45	-128.5	1.1157724	145	-4.410299301
48.45	-128.5	1.1157724	154	-4.410299301
48.44	-128.49	1.1955065	171	-4.410299301
48.44	-128.48	1.1955065	184	-4.410299301
48.44	-128.47	1.1955065	338	-4.410299301
48.44	-128.47	1.1955065	493	-4.410299301
49.17	-128.25	3.9386008	200	-26.03686333
49.17	-128.25	3.9386008	202	-26.03686333
49.18	-128.25	3.9386008	192	-26.03686333
49.18	-128.25	3.9386008	194	-26.03686333
49.18	-128.25	3.9386008	198	-26.03686333
49.12	-128.97	2.3481965	181	-19.04327583
49.11	-128.96	2.3481965	177	-19.04327583
49.11	-128.96	2.3481965	194	-19.04327583
49.11	-128.96	2.3481965	200	-19.04327583
49.1	-128.95	2.6050727	225	-19.04327583
49.1	-128.95	2.6050727	188	-19.04327583
49.1	-128.94	2.6050727	204	-19.04327583
49.09	-128.94	2.6050727	187	-19.04327583
49.09	-128.93	2.6050727	175	-19.04327583
49.09	-128.93	2.6050727	187	-19.04327583
50.73	-131.12	2.265857	25	-5.360367775
50.73	-131.1	2.265857	23	-5.360367775
50.73	-131.09	2.265857	41	-5.360367775
50.73	-131.08	2.265857	65	-5.360367775
50.47	-130.28	0.06584172	243	-19.9920826
50.47	-130.27	0.06584172	145	-19.9920826
50.48	-130.26	0.06584172	153	-19.9920826
50.57	-130.82	1.5733372	19	18.80345917
50.57	-130.83	1.5733372	16	18.80345917
50.56	-130.84	1.5733372	13	18.80345917
50.56	-130.85	1.5733372	15	-20.30074692
50.55	-130.87	2.2212367	33	-20.30074692
50.55	-130.88	2.2212367	20	-20.30074692
50.54	-130.89	2.2212367	12	-20.30074692
49.64	-130.04	0.81696123	274	-2.230593443
48.46	-128.6	0.8665905	396	8.065933228
48.45	-128.59	0.8665905	155	8.065933228
48.45	-128.58	0.8665905	333	8.065933228
49.63	-130.02	0.81696123	320	2.02973175
48.45	-128.57	0.8665905	145	8.065933228
48.45	-128.57	0.8665905	155	8.065933228
48.45	-128.56	0.8665905	134	8.065933228
48.45	-128.55	0.8665905	233	8.065933228
49.62	-130	0.81696123	81	2.02973175
49.62	-129.98	0.81696123	366	2.02973175
48.45	-128.53	1.1157724	173	8.065933228
48.45	-128.52	1.1157724	335	8.065933228
48.45	-128.52	1.1157724	389	8.065933228
48.45	-128.51	1.1157724	137	8.065933228
48.45	-128.5	1.1157724	145	-4.410299301
48.45	-128.5	1.1157724	154	-4.410299301
48.44	-128.49	1.1955065	171	-4.410299301
48.44	-128.48	1.1955065	184	-4.410299301
49.65	-130.06	0.68830746	327	-2.230593443
49.65	-130.05	0.68830746	342	-2.230593443
49.64	-130.04	0.81696123	393	-2.230593443
49.64	-130.03	0.81696123	292	-2.230593443
49.64	-130.03	0.81696123	344	-2.230593443
49.63	-130.01	0.81696123	268	2.02973175
49.62	-130	0.81696123	188	2.02973175
49.62	-129.99	0.81696123	236	2.02973175
49.61	-129.98	0.81696123	194	2.02973175
49.6	-129.95	1.0505846	390	2.02973175
50.13	-130.44	0.64635819	723	-2.300307989
49.18	-128.25	3.9386008	192	-26.03686333
50.13	-130.44	0.64635819	386	-2.300307989
49.18	-128.25	3.9386008	194	-26.03686333
50.12	-130.43	0.64635819	704	-2.300307989
49.66	-130.08	0.59459901	106	-2.230593443
50.11	-130.41	0.64635819	218	-2.300307989
48.36	-126.23	6.6210885	87	-8.39423275
48.35	-126.24	6.6210885	92	-8.39423275
48.35	-126.24	6.6210885	82	-8.39423275
48.35	-126.25	6.40137	83	-8.39423275
48.35	-126.25	6.40137	81	-8.39423275
48.34	-126.26	6.5365396	90	-8.39423275
48.32	-126.31	6.5365396	103	-18.40250206
48.32	-126.33	6.5365396	66	-18.40250206
48.31	-126.35	6.5365396	76	-18.40250206
48.31	-126.37	6.2660885	91	-18.40250206
48.3	-126.39	6.2660885	79	-23.99115753
48.3	-126.42	6.2660885	95	-40.74657059
48.29	-126.44	6.2660885	93	-40.74657059
48.29	-126.46	5.9780002	89	-40.74657059
48.28	-126.48	5.9780002	124	-40.74657059
48.27	-126.5	5.9780002	119	-40.74657059
48.27	-126.52	5.9780002	118	-40.74657059
48.26	-126.55	5.7164354	103	-44.26250076
48.26	-126.57	5.7164354	91	-44.26250076
48.16	-126.61	5.7203693	106	-45.47949982
48.15	-126.63	5.9089842	112	-45.47949982
48.14	-126.64	5.9089842	115	-45.47949982
48.14	-126.65	5.7152658	116	-42.68918228
48.13	-126.66	5.7152658	114	-42.68918228
48.13	-126.67	5.7152658	122	-42.68918228
48.12	-126.68	5.7152658	127	-42.68918228
48.12	-126.69	5.7152658	120	-42.68918228
48.11	-126.7	5.7152658	118	-42.68918228
48.11	-126.71	5.7152658	124	-42.68918228
48.1	-126.72	5.7152658	123	-42.68918228
48.09	-126.73	5.7152658	141	-42.68918228
48.09	-126.74	5.7152658	142	-42.68918228
48.08	-126.75	5.4567189	136	-42.68918228
48.08	-126.76	5.4567189	121	-35.76579285
48.07	-126.77	5.4567189	78	-23.55309105
48.07	-126.78	5.4567189	135	-23.55309105
48.56	-127.08	4.5077429	109	-50.09257126
48.55	-127.09	4.3637662	108	-50.09257126
48.55	-127.09	4.3637662	112	-50.09257126
48.55	-127.1	4.3637662	118	-50.09257126
48.55	-127.1	4.3637662	118	-50.09257126
48.68	-126.84	5.752306	89	-33.3253479
48.67	-126.86	5.5437579	96	-33.3253479
48.67	-126.86	5.5437579	88	-33.3253479
48.66	-126.87	5.5437579	92	-33.3253479
48.66	-126.88	5.5437579	97	-27.44796753
48.66	-126.89	5.5437579	96	-27.44796753
48.65	-126.89	5.0980859	107	-40.77328873
48.65	-126.9	5.0980859	107	-40.77328873
48.64	-126.91	5.0980859	96	-40.77328873
48.64	-126.92	5.0980859	103	-40.77328873
48.64	-126.92	5.0980859	93	-40.77328873
48.63	-126.93	5.0980859	84	-40.77328873
48.63	-126.94	5.0980859	84	-40.77328873
48.63	-126.95	4.8090472	109	-40.77328873
48.62	-126.96	4.8090472	102	-40.77328873
48.62	-126.96	4.8090472	110	-40.77328873
48.61	-126.97	4.8090472	109	-40.77328873
48.61	-126.98	4.8090472	110	-40.77328873
48.76	-126.67	6.336699	82	-26.99560928
48.74	-126.7	5.9347811	81	-26.99560928
48.74	-126.72	5.9347811	75	-26.99560928
48.73	-126.73	5.9347811	67	-26.99560928
48.72	-126.75	5.752306	82	-26.99560928
48.71	-126.76	5.752306	72	-33.3253479
48.71	-126.78	5.752306	92	-33.3253479
48.26	-126.37	6.2660885	95	-23.99115753
48.26	-126.38	6.2660885	92	-23.99115753
48.26	-126.39	6.2660885	95	-23.99115753
48.25	-126.39	6.2521348	103	-23.99115753
48.25	-126.4	6.2521348	94	-23.99115753
48.25	-126.41	6.2521348	105	-40.74657059
48.24	-126.41	6.2521348	106	-40.74657059
48.24	-126.42	6.2521348	100	-40.74657059
48.24	-126.42	6.2521348	95	-40.74657059
48.24	-126.43	6.2521348	97	-40.74657059
48.23	-126.44	6.2521348	99	-40.74657059
48.23	-126.44	6.2521348	103	-40.74657059
48.23	-126.45	6.2521348	109	-40.74657059
48.23	-126.45	6.2521348	127	-40.74657059
48.22	-126.46	5.9770608	101	-40.74657059
48.22	-126.47	5.9770608	91	-40.74657059
48.22	-126.47	5.9770608	94	-40.74657059
48.21	-126.48	5.9770608	100	-40.74657059
48.21	-126.48	5.9770608	93	-40.74657059
48.21	-126.49	5.9770608	89	-40.74657059
48.21	-126.5	5.9770608	66	-40.74657059
48.2	-126.5	5.9770608	129	-40.74657059
48.2	-126.51	5.9770608	46	-40.74657059
48.2	-126.51	5.9770608	69	-40.74657059
48.2	-126.52	5.9770608	67	-40.74657059
48.19	-126.53	5.9770608	94	-45.47949982
48.19	-126.53	5.9770608	115	-45.47949982
48.19	-126.54	5.9770608	121	-45.47949982
48.18	-126.54	5.9770608	97	-45.47949982
48.18	-126.55	5.7203693	120	-45.47949982
48.18	-126.56	5.7203693	110	-45.47949982
48.18	-126.56	5.7203693	114	-45.47949982
48.17	-126.57	5.7203693	112	-45.47949982
48.17	-126.57	5.7203693	111	-45.47949982
48.17	-126.58	5.7203693	114	-45.47949982
48.17	-126.59	5.7203693	130	-45.47949982
48.42	-126.97	4.6329985	147	-46.6350174
48.43	-126.98	4.6329985	147	-47.87159729
48.43	-126.98	4.6329985	142	-47.87159729
48.44	-126.99	4.6329985	145	-47.87159729
48.44	-127	4.6329985	145	-51.45562744
48.45	-127	4.6428313	139	-51.45562744
48.45	-127.01	4.6428313	117	-51.45562744
48.36	-126.22	6.6210885	89	-8.39423275
48.56	-127.08	4.5077429	109	-50.09257126
48.56	-127.08	4.5077429	108	-50.09257126
48.55	-127.09	4.3637662	112	-50.09257126
48.55	-127.1	4.3637662	118	-50.09257126
48.68	-126.84	5.752306	89	-33.3253479
48.67	-126.85	5.752306	96	-33.3253479
48.67	-126.86	5.5437579	88	-33.3253479
48.67	-126.86	5.5437579	92	-33.3253479
48.66	-126.87	5.5437579	97	-33.3253479
48.66	-126.88	5.5437579	96	-27.44796753
48.65	-126.89	5.0980859	107	-40.77328873
48.65	-126.91	5.0980859	96	-40.77328873
48.64	-126.91	5.0980859	103	-40.77328873
48.64	-126.92	5.0980859	93	-40.77328873
48.63	-126.93	5.0980859	84	-40.77328873
48.63	-126.95	4.8090472	109	-40.77328873
48.62	-126.95	4.8090472	102	-40.77328873
48.62	-126.96	4.8090472	110	-40.77328873
48.61	-126.97	4.8090472	109	-40.77328873
48.61	-126.98	4.8090472	110	-40.77328873
48.76	-126.67	6.336699	82	-26.99560928
48.75	-126.69	5.9347811	81	-26.99560928
48.74	-126.71	5.9347811	75	-26.99560928
48.73	-126.73	5.9347811	67	-26.99560928
48.72	-126.74	5.9347811	82	-26.99560928
48.72	-126.76	5.752306	72	-33.3253479
48.71	-126.78	5.752306	92	-33.3253479
48.26	-126.37	6.2660885	95	-23.99115753
48.26	-126.38	6.2660885	92	-23.99115753
48.26	-126.38	6.2660885	95	-23.99115753
48.25	-126.39	6.2521348	103	-23.99115753
48.25	-126.39	6.2521348	94	-23.99115753
48.25	-126.4	6.2521348	105	-23.99115753
48.25	-126.41	6.2521348	106	-40.74657059
48.24	-126.41	6.2521348	100	-40.74657059
48.24	-126.42	6.2521348	95	-40.74657059
48.24	-126.43	6.2521348	97	-40.74657059
48.24	-126.43	6.2521348	99	-40.74657059
48.23	-126.44	6.2521348	103	-40.74657059
48.23	-126.44	6.2521348	109	-40.74657059
48.23	-126.45	6.2521348	127	-40.74657059
48.22	-126.46	5.9770608	101	-40.74657059
48.22	-126.46	5.9770608	91	-40.74657059
48.22	-126.47	5.9770608	94	-40.74657059
48.22	-126.48	5.9770608	100	-40.74657059
48.21	-126.48	5.9770608	93	-40.74657059
48.21	-126.49	5.9770608	89	-40.74657059
48.21	-126.49	5.9770608	66	-40.74657059
48.2	-126.5	5.9770608	129	-40.74657059
48.2	-126.51	5.9770608	46	-40.74657059
48.2	-126.51	5.9770608	69	-40.74657059
48.2	-126.52	5.9770608	67	-40.74657059
48.19	-126.52	5.9770608	94	-35.12231064
48.19	-126.53	5.9770608	115	-45.47949982
48.19	-126.54	5.9770608	121	-45.47949982
48.18	-126.54	5.9770608	97	-45.47949982
48.18	-126.55	5.7203693	120	-45.47949982
48.18	-126.56	5.7203693	110	-45.47949982
48.18	-126.56	5.7203693	114	-45.47949982
48.17	-126.57	5.7203693	112	-45.47949982
48.17	-126.57	5.7203693	111	-45.47949982
48.17	-126.58	5.7203693	114	-45.47949982
48.17	-126.59	5.7203693	130	-45.47949982
48.41	-126.97	4.6329985	147	-46.6350174
48.42	-126.98	4.6329985	142	-46.6350174
48.43	-126.99	4.6329985	145	-47.87159729
48.44	-127	4.6329985	139	-51.45562744
48.45	-127.01	4.6428313	117	-51.45562744
48.36	-126.22	6.6210885	89	-8.39423275
48.36	-126.23	6.6210885	87	-8.39423275
48.36	-126.23	6.6210885	92	-8.39423275
48.35	-126.24	6.6210885	82	-8.39423275
48.35	-126.24	6.6210885	83	-8.39423275
48.35	-126.25	6.40137	81	-8.39423275
48.34	-126.26	6.5365396	90	-8.39423275
48.33	-126.27	6.5365396	103	-8.39423275
48.33	-126.28	6.5365396	66	-8.39423275
48.32	-126.29	6.5365396	76	-8.39423275
48.32	-126.3	6.5365396	91	-18.40250206
48.31	-126.31	6.5365396	79	-18.40250206
48.29	-126.51	5.9780002	95	-40.74657059
48.28	-126.52	5.9780002	93	-40.74657059
48.28	-126.52	5.9780002	89	-40.74657059
48.27	-126.53	5.9780002	124	-44.26250076
48.27	-126.54	5.9780002	119	-44.26250076
48.27	-126.55	5.7164354	118	-44.26250076
48.26	-126.56	5.7164354	103	-44.26250076
48.26	-126.57	5.7164354	91	-44.26250076
48.16	-126.61	5.7203693	106	-45.47949982
48.15	-126.62	5.9089842	112	-45.47949982
48.15	-126.63	5.9089842	115	-45.47949982
48.14	-126.64	5.9089842	116	-45.47949982
48.14	-126.65	5.7152658	114	-42.68918228
48.13	-126.66	5.7152658	122	-42.68918228
48.12	-126.67	5.7152658	127	-42.68918228
48.12	-126.68	5.7152658	120	-42.68918228
48.11	-126.69	5.7152658	118	-42.68918228
48.11	-126.7	5.7152658	124	-42.68918228
48.1	-126.72	5.7152658	123	-42.68918228
48.1	-126.73	5.7152658	141	-42.68918228
48.09	-126.74	5.7152658	142	-42.68918228
48.09	-126.75	5.4567189	136	-42.68918228
48.07	-126.77	5.4567189	78	-23.55309105
48.07	-126.78	5.4567189	135	-23.55309105
47.93	-128.85	0.66285837	166	-10.49689579
47.92	-128.84	0.66285837	149	-10.49689579
47.92	-128.84	0.66285837	94	-10.49689579
47.92	-128.83	0.66285837	113	-10.49689579
47.92	-128.82	0.66285837	111	-10.49689579
47.92	-128.82	0.66285837	115	-10.49689579
47.92	-128.81	0.66285837	98	-10.49689579
47.91	-128.81	0.66285837	88	-10.49689579
47.91	-128.8	0.66285837	96	-10.49689579
47.91	-128.8	0.66285837	115	-10.49689579
47.91	-128.79	0.66285837	131	-10.49689579
47.9	-128.78	0.66285837	166	-10.49689579
47.88	-128.73	0.91232389	247	-8.577288628
47.88	-128.72	0.91232389	228	-8.577288628
47.88	-128.71	0.91232389	249	-8.577288628
47.87	-128.71	0.91232389	260	-8.577288628
47.87	-128.7	0.91232389	290	-8.577288628
47.87	-128.7	0.91232389	282	-8.577288628
47.87	-128.69	0.91232389	357	-8.577288628
47.86	-128.68	0.91232389	273	-8.577288628
47.86	-128.67	0.91232389	290	-8.577288628
47.86	-128.67	0.91232389	273	-8.577288628
47.86	-128.66	0.91232389	333	-8.577288628
47.86	-128.66	0.91232389	456	-8.577288628
47.85	-128.64	1.1679138	334	-8.577288628
47.85	-128.64	1.1679138	245	-8.577288628
47.85	-128.63	1.1679138	275	-8.577288628
47.96	-128.81	0.50150979	358	-5.608677864
47.96	-128.81	0.50150979	478	-5.608677864
47.95	-128.81	0.50150979	390	-10.49689579
47.95	-128.81	0.50150979	386	-10.49689579
47.94	-128.81	0.66285837	364	-10.49689579
47.93	-128.83	0.66285837	304	-10.49689579
47.93	-128.82	0.66285837	112	-10.49689579
47.93	-128.82	0.66285837	153	-10.49689579
47.92	-128.82	0.66285837	73	-10.49689579
47.92	-128.83	0.66285837	175	-10.49689579
47.91	-128.82	0.66285837	113	-10.49689579
47.9	-128.83	0.66285837	110	-10.49689579
47.9	-128.83	0.66285837	180	-10.49689579
47.89	-128.83	0.66285837	139	-10.49689579
47.89	-128.83	0.66285837	123	-10.49689579
47.88	-128.83	0.66285837	114	-10.49689579
47.87	-128.83	0.66285837	119	-10.49689579
47.87	-128.84	0.66285837	125	-10.49689579
47.86	-128.84	0.66285837	265	-10.49689579
47.99	-128.79	0.50150979	208	-5.608677864
47.99	-128.8	0.50150979	170	-5.608677864
47.98	-128.8	0.50150979	172	-5.608677864
47.98	-128.8	0.50150979	148	-5.608677864
47.97	-128.81	0.50150979	177	-5.608677864
47.97	-128.81	0.50150979	161	-5.608677864
47.97	-128.83	0.50150979	131	-5.608677864
47.96	-128.82	0.50150979	139	-5.608677864
47.94	-128.76	0.66285837	91	-10.49689579
47.94	-128.77	0.66285837	106	-10.49689579
47.95	-128.78	0.50150979	111	-10.49689579
47.95	-128.79	0.50150979	85	-10.49689579
47.95	-128.8	0.50150979	85	-10.49689579
47.95	-128.81	0.50150979	157	-10.49689579
47.96	-128.83	0.50150979	92	-5.608677864
47.82	-128.67	1.1115648	571	-12.46199608
47.83	-128.67	1.1115648	542	-12.46199608
47.84	-128.68	1.1115648	409	-12.46199608
47.84	-128.68	1.1115648	427	-12.46199608
47.85	-128.68	0.91232389	312	-8.577288628
47.86	-128.68	0.91232389	298	-8.577288628
47.87	-128.69	0.91232389	360	-8.577288628
47.87	-128.69	0.91232389	274	-8.577288628
47.88	-128.69	0.91232389	251	-8.577288628
47.88	-128.7	0.91232389	291	-8.577288628
47.88	-128.7	0.91232389	304	-8.577288628
47.89	-128.7	0.91232389	266	-8.577288628
47.86	-128.64	1.1679138	271	-8.577288628
47.87	-128.64	1.1679138	274	-8.577288628
47.87	-128.64	1.1679138	358	-8.577288628
47.88	-128.65	0.91232389	245	-8.577288628
47.88	-128.65	0.91232389	309	-8.577288628
47.89	-128.65	0.91232389	298	-8.577288628
47.89	-128.66	0.91232389	207	-8.577288628
47.89	-128.66	0.91232389	384	-8.577288628
47.89	-128.66	0.91232389	364	-8.577288628
47.9	-128.66	0.91232389	398	-8.577288628
47.9	-128.67	0.91232389	387	-8.577288628
47.75	-127.22	4.6330013	146	-5.541047096
47.75	-127.23	4.6330013	140	-10.34975338
47.75	-127.24	4.6330013	146	-10.34975338
47.76	-127.25	4.2658925	142	-10.34975338
47.76	-127.26	4.2658925	143	-10.34975338
47.76	-127.27	4.2658925	147	-10.34975338
47.77	-127.33	4.2658925	161	-10.34975338
47.78	-127.35	4.2658925	154	-4.742084503
47.78	-127.35	4.2658925	166	-4.742084503
47.78	-127.36	4.1103892	158	-4.742084503
47.78	-127.37	4.1103892	181	-4.742084503
47.79	-127.39	4.1103892	155	-4.742084503
47.79	-127.4	4.1103892	145	-4.742084503
47.84	-127.72	3.3711357	1164	-0.975069642
47.84	-127.74	3.3711357	759	-0.975069642
47.84	-127.75	3.1612465	310	-0.975069642
47.84	-127.77	3.1612465	253	-0.975069642
47.84	-127.77	3.1612465	223	-0.975069642
47.85	-127.78	2.9645884	194	-0.518282652
47.85	-127.79	2.9645884	213	-0.518282652
47.85	-127.8	2.9645884	209	-0.518282652
47.85	-127.81	2.9645884	237	3.526834726
47.85	-127.82	2.9645884	255	3.526834726
47.85	-127.82	2.9645884	277	3.526834726
47.85	-127.83	2.9645884	258	3.526834726
47.86	-127.84	2.9645884	269	3.526834726
47.86	-127.87	2.6994836	213	3.526834726
47.86	-127.91	2.6994836	221	3.526834726
47.85	-127.63	3.4528952	1741	3.032176971
47.85	-127.64	3.4528952	366	3.032176971
47.85	-127.65	3.1907601	460	3.032176971
47.86	-127.67	3.1907601	215	3.032176971
47.86	-127.67	3.1907601	200	3.032176971
47.86	-127.68	3.1907601	171	3.032176971
47.86	-127.7	3.1907601	202	-0.518282652
47.86	-127.7	3.1907601	244	-0.518282652
47.86	-127.71	3.1907601	326	-0.518282652
47.86	-127.71	3.1907601	440	-0.518282652
47.87	-127.72	3.1907601	1004	-0.518282652
47.87	-127.72	3.1907601	1169	-0.518282652
47.87	-127.72	3.1907601	353	-0.518282652
47.87	-127.73	3.1907601	253	-0.518282652
47.87	-127.74	3.1907601	300	-0.518282652
47.87	-127.74	3.1907601	297	-0.518282652
47.87	-127.62	3.4528952	720	3.032176971
47.9	-127.64	3.4528952	262	3.032176971
47.91	-127.64	3.4528952	225	3.032176971
47.92	-127.65	3.1907601	197	3.032176971
47.92	-127.65	3.1907601	170	3.032176971
47.93	-127.65	3.1907601	157	3.032176971
47.94	-127.66	3.1907601	153	3.032176971
47.86	-127.68	3.1907601	154	3.032176971
47.86	-127.68	3.1907601	177	3.032176971
47.87	-127.69	3.1907601	196	3.032176971
47.87	-127.69	3.1907601	244	3.032176971
47.88	-127.69	3.1907601	246	3.032176971
47.89	-127.7	3.1907601	223	-0.518282652
47.89	-127.7	3.1907601	283	-0.518282652
47.89	-127.7	3.1907601	338	-0.518282652
47.9	-127.71	3.1907601	512	-0.518282652
47.9	-127.71	3.1907601	988	-0.518282652
47.91	-127.71	3.1907601	429	-0.518282652
47.92	-127.71	3.1907601	277	-0.518282652
47.92	-127.72	3.1907601	340	-0.518282652
47.93	-127.72	3.1907601	273	-0.518282652
47.94	-127.73	3.1907601	277	-0.518282652
47.94	-127.73	3.1907601	279	-0.518282652
47.95	-127.73	3.0129824	195	-0.518282652
47.96	-127.74	3.0129824	178	-0.881052673
47.96	-127.74	3.0129824	180	-0.881052673
47.76	-127.63	3.5786738	159	-0.419886947
47.83	-127.66	3.3711357	222	-0.419886947
47.84	-127.67	3.3711357	196	-0.419886947
47.84	-127.67	3.3711357	210	-0.419886947
47.85	-127.67	3.1907601	260	3.032176971
47.85	-127.67	3.1907601	211	3.032176971
47.86	-127.68	3.1907601	199	3.032176971
47.82	-127.49	3.8465323	208	-0.675474346
47.82	-127.49	3.8465323	185	-0.675474346
47.82	-127.51	3.8465323	216	-0.675474346
47.82	-127.52	3.8465323	146	-0.675474346
47.83	-127.53	3.8465323	132	-0.675474346
47.83	-127.54	3.8465323	132	-0.675474346
47.83	-127.55	3.5786738	160	-0.675474346
47.83	-127.56	3.5786738	251	-0.675474346
47.84	-127.57	3.5786738	275	-0.675474346
47.84	-127.58	3.5786738	393	-0.419886947
47.84	-127.59	3.5786738	237	-0.419886947
47.84	-127.6	3.5786738	197	-0.419886947
47.84	-127.61	3.5786738	253	-0.419886947
47.89	-127.49	3.7126944	221	-1.241449118
47.91	-127.59	3.4528952	205	3.032176971
47.91	-127.59	3.4528952	224	3.032176971
47.72	-127.82	3.251128	184	-3.409561634
47.72	-127.82	3.251128	181	-3.409561634
47.72	-127.81	3.251128	172	-3.409561634
47.72	-127.8	3.251128	218	1.003651619
47.71	-127.79	3.251128	269	1.003651619
47.71	-127.79	3.251128	302	1.003651619
47.71	-127.79	3.251128	971	1.003651619
47.71	-127.78	3.251128	1234	1.003651619
47.71	-127.78	3.251128	465	1.003651619
47.71	-127.78	3.251128	434	1.003651619
47.71	-127.78	3.251128	311	1.003651619
47.71	-127.77	3.251128	227	1.003651619
47.71	-127.77	3.251128	210	1.003651619
47.71	-127.76	3.251128	197	1.003651619
47.76	-127.76	3.1612465	179	-0.975069642
47.7	-127.75	3.251128	178	1.003651619
47.7	-127.75	3.251128	162	1.003651619
47.86	-127.7	3.1907601	217	-0.518282652
47.86	-127.7	3.1907601	214	-0.518282652
47.86	-127.7	3.1907601	245	-0.518282652
47.86	-127.71	3.1907601	309	-0.518282652
47.86	-127.71	3.1907601	392	-0.518282652
47.87	-127.72	3.1907601	564	-0.518282652
47.87	-127.72	3.1907601	1066	-0.518282652
47.87	-127.72	3.1907601	1003	-0.518282652
47.87	-127.73	3.1907601	335	-0.518282652
47.87	-127.73	3.1907601	214	-0.518282652
47.87	-127.74	3.1907601	217	-0.518282652
47.85	-127.73	3.1907601	266	-0.518282652
47.85	-127.73	3.1907601	295	-0.518282652
47.85	-127.72	3.1907601	452	-0.518282652
47.85	-127.72	3.1907601	684	-0.518282652
47.85	-127.72	3.1907601	485	-0.518282652
47.85	-127.72	3.1907601	435	-0.518282652
47.85	-127.72	3.1907601	367	-0.518282652
47.85	-127.71	3.1907601	255	-0.518282652
47.85	-127.7	3.1907601	208	-0.518282652
47.79	-127.85	3.1612465	220	-0.58204329
47.92	-128.72	0.91232389	171	-8.577288628
47.92	-128.72	0.91232389	164	-8.577288628
47.92	-128.71	0.91232389	170	-8.577288628
47.92	-128.71	0.91232389	183	-8.577288628
47.92	-128.7	0.91232389	168	-8.577288628
47.92	-128.7	0.91232389	222	-8.577288628
47.92	-128.69	0.91232389	236	-8.577288628
47.92	-128.69	0.91232389	258	-8.577288628
47.92	-128.68	0.91232389	276	-8.577288628
47.91	-128.67	0.91232389	284	-8.577288628
47.91	-128.67	0.91232389	296	-8.577288628
47.91	-128.66	0.91232389	313	-8.577288628
47.91	-128.66	0.91232389	328	-8.577288628
47.91	-128.65	0.91232389	338	-8.577288628
47.91	-128.65	0.91232389	345	-8.577288628
47.91	-128.64	1.1679138	342	-8.577288628
47.9	-128.63	1.1679138	360	-8.577288628
47.9	-128.63	1.1679138	351	-8.577288628
47.9	-128.62	1.1679138	327	-5.80466938
47.9	-128.62	1.1679138	305	-5.80466938
47.9	-128.61	1.1679138	336	-5.80466938
47.9	-128.61	1.1679138	283	-5.80466938
47.9	-128.61	1.1679138	308	-5.80466938
47.9	-128.6	1.1679138	346	-5.80466938
47.9	-128.59	1.1679138	311	-5.80466938
47.9	-128.59	1.1679138	325	-5.80466938
47.9	-128.58	1.1679138	330	-5.80466938
47.89	-128.58	1.1679138	357	-5.80466938
47.89	-128.57	1.1679138	616	-5.80466938
47.89	-128.57	1.1679138	783	-5.80466938
47.89	-128.57	1.1679138	497	-5.80466938
47.89	-128.56	1.1679138	697	-5.80466938
47.89	-128.56	1.1679138	759	-5.80466938
47.89	-128.56	1.1679138	499	-5.80466938
47.89	-128.55	1.1679138	381	-5.80466938
47.89	-128.54	1.414219	358	-5.80466938
47.89	-128.54	1.414219	324	-5.80466938
47.89	-128.54	1.414219	228	-5.80466938
47.89	-128.53	1.414219	175	-5.80466938
47.89	-128.53	1.414219	217	-5.80466938
47.88	-128.52	1.414219	262	-5.80466938
47.92	-128.52	1.414219	177	-5.80466938
47.92	-128.52	1.414219	173	-5.80466938
47.92	-128.53	1.414219	179	-5.80466938
47.92	-128.53	1.414219	180	-5.80466938
47.92	-128.53	1.414219	202	-5.80466938
47.92	-128.54	1.414219	213	-5.80466938
47.92	-128.54	1.414219	233	-5.80466938
47.92	-128.54	1.414219	247	-5.80466938
47.92	-128.55	1.1679138	267	-5.80466938
47.92	-128.55	1.1679138	278	-5.80466938
47.92	-128.55	1.1679138	282	-5.80466938
47.92	-128.55	1.1679138	374	-5.80466938
47.92	-128.55	1.1679138	539	-5.80466938
47.93	-128.56	1.1679138	453	-5.80466938
47.93	-128.56	1.1679138	450	-5.80466938
47.93	-128.56	1.1679138	380	-5.80466938
47.93	-128.57	1.1679138	290	-5.80466938
47.93	-128.57	1.1679138	287	-5.80466938
47.93	-128.57	1.1679138	308	-5.80466938
47.93	-128.58	1.1679138	257	-5.80466938
47.93	-128.58	1.1679138	251	-5.80466938
47.93	-128.58	1.1679138	240	-5.80466938
47.93	-128.58	1.1679138	238	-5.80466938
47.93	-128.59	1.1679138	245	-5.80466938
47.93	-128.59	1.1679138	242	-5.80466938
47.93	-128.59	1.1679138	248	-5.80466938
47.93	-128.59	1.1679138	256	-5.80466938
47.93	-128.59	1.1679138	274	-5.80466938
47.93	-128.59	1.1679138	280	-5.80466938
47.93	-128.59	1.1679138	280	-5.80466938
47.93	-128.6	1.1679138	265	-5.80466938
47.93	-128.6	1.1679138	259	-5.80466938
47.93	-128.6	1.1679138	255	-5.80466938
47.93	-128.6	1.1679138	249	-5.80466938
47.93	-128.6	1.1679138	245	-5.80466938
47.93	-128.6	1.1679138	252	-5.80466938
47.93	-128.6	1.1679138	258	-5.80466938
47.93	-128.6	1.1679138	266	-5.80466938
47.93	-128.61	1.1679138	268	-5.80466938
47.93	-128.61	1.1679138	274	-5.80466938
47.93	-128.61	1.1679138	281	-5.80466938
47.93	-128.61	1.1679138	285	-5.80466938
47.93	-128.61	1.1679138	294	-5.80466938
47.93	-128.61	1.1679138	289	-5.80466938
47.93	-128.61	1.1679138	290	-5.80466938
47.93	-128.61	1.1679138	299	-5.80466938
47.93	-128.61	1.1679138	295	-5.80466938
47.94	-128.61	1.1679138	295	-5.80466938
47.94	-128.62	1.1679138	289	-5.80466938
47.94	-128.62	1.1679138	284	-5.80466938
47.94	-128.62	1.1679138	280	-5.80466938
47.94	-128.62	1.1679138	277	-5.80466938
47.94	-128.62	1.1679138	273	-5.80466938
47.94	-128.62	1.1679138	275	-5.80466938
47.94	-128.63	1.1679138	293	-8.577288628
47.94	-128.63	1.1679138	293	-8.577288628
47.94	-128.63	1.1679138	295	-8.577288628
47.94	-128.63	1.1679138	291	-8.577288628
47.94	-128.63	1.1679138	289	-8.577288628
47.94	-128.63	1.1679138	272	-8.577288628
47.94	-128.63	1.1679138	269	-8.577288628
47.94	-128.63	1.1679138	264	-8.577288628
47.94	-128.63	1.1679138	267	-8.577288628
47.94	-128.64	1.1679138	265	-8.577288628
47.91	-128.55	1.1679138	239	-5.80466938
47.91	-128.55	1.1679138	273	-5.80466938
47.91	-128.55	1.1679138	386	-5.80466938
47.91	-128.55	1.1679138	421	-5.80466938
47.91	-128.56	1.1679138	439	-5.80466938
47.91	-128.56	1.1679138	368	-5.80466938
47.91	-128.56	1.1679138	453	-5.80466938
47.91	-128.56	1.1679138	654	-5.80466938
47.91	-128.57	1.1679138	395	-5.80466938
47.91	-128.57	1.1679138	296	-5.80466938
47.91	-128.57	1.1679138	291	-5.80466938
47.91	-128.57	1.1679138	287	-5.80466938
47.91	-128.58	1.1679138	305	-5.80466938
47.91	-128.58	1.1679138	305	-5.80466938
47.91	-128.58	1.1679138	330	-5.80466938
47.91	-128.59	1.1679138	338	-5.80466938
47.91	-128.59	1.1679138	337	-5.80466938
47.91	-128.59	1.1679138	334	-5.80466938
47.91	-128.59	1.1679138	321	-5.80466938
47.92	-128.6	1.1679138	309	-5.80466938
47.92	-128.6	1.1679138	309	-5.80466938
47.92	-128.6	1.1679138	308	-5.80466938
47.92	-128.6	1.1679138	276	-5.80466938
47.72	-127.79	3.251128	1354	1.003651619
47.71	-127.79	3.251128	2350	1.003651619
47.72	-127.79	3.251128	3082	1.003651619
47.72	-127.79	3.251128	1865	1.003651619
47.72	-127.78	3.251128	598	1.003651619
47.72	-127.78	3.251128	429	1.003651619
47.72	-127.78	3.251128	389	1.003651619
47.72	-127.78	3.251128	382	1.003651619
47.72	-127.78	3.251128	346	1.003651619
47.72	-127.78	3.251128	282	1.003651619
47.73	-127.78	3.251128	274	-0.975069642
47.73	-127.78	3.251128	279	-0.975069642
47.73	-127.78	3.251128	269	-0.975069642
47.73	-127.78	3.251128	268	-0.975069642
47.73	-127.77	3.251128	268	-0.975069642
47.73	-127.77	3.251128	270	-0.975069642
47.74	-127.77	3.251128	272	-0.975069642
47.74	-127.77	3.251128	291	-0.975069642
47.69	-127.76	3.251128	150	1.003651619
47.69	-127.76	3.251128	161	1.003651619
47.69	-127.76	3.251128	160	1.003651619
47.69	-127.77	3.251128	162	1.003651619
47.69	-127.77	3.251128	164	1.003651619
47.69	-127.77	3.251128	167	1.003651619
47.69	-127.78	3.251128	184	1.003651619
47.69	-127.78	3.251128	199	1.003651619
47.69	-127.78	3.251128	210	1.003651619
47.69	-127.79	3.251128	231	1.003651619
47.69	-127.79	3.251128	284	1.003651619
47.69	-127.79	3.251128	292	1.003651619
47.69	-127.8	3.251128	288	1.003651619
47.7	-127.8	3.251128	234	1.003651619
47.7	-127.8	3.251128	253	1.003651619
47.7	-127.81	3.251128	227	-3.409561634
47.7	-127.81	3.251128	182	-3.409561634
47.72	-127.74	3.4946105	162	1.003651619
47.72	-127.75	3.251128	169	1.003651619
47.72	-127.75	3.251128	173	1.003651619
47.72	-127.76	3.251128	177	1.003651619
47.72	-127.76	3.251128	183	1.003651619
47.72	-127.77	3.251128	189	1.003651619
47.72	-127.77	3.251128	208	1.003651619
47.72	-127.77	3.251128	230	1.003651619
47.72	-127.78	3.251128	272	1.003651619
47.72	-127.78	3.251128	273	1.003651619
47.73	-127.78	3.251128	276	-0.975069642
47.73	-127.78	3.251128	278	-0.975069642
47.73	-127.79	3.251128	252	-0.975069642
47.73	-127.79	3.251128	232	-0.975069642
47.73	-127.79	3.251128	206	-0.975069642
47.73	-127.8	3.251128	186	-0.975069642
47.73	-127.8	3.251128	175	-0.975069642
47.73	-127.8	3.251128	188	-0.975069642
47.73	-127.81	3.251128	185	-0.58204329
47.73	-127.81	3.251128	186	-0.58204329
47.73	-127.81	3.251128	192	-0.58204329
47.73	-127.82	3.251128	180	-0.58204329
47.73	-127.82	3.251128	172	-0.58204329
47.73	-127.73	3.4946105	161	-0.975069642
47.73	-127.74	3.4946105	161	-0.975069642
47.74	-127.74	3.4946105	164	-0.975069642
47.74	-127.75	3.251128	170	-0.975069642
47.74	-127.75	3.251128	170	-0.975069642
47.74	-127.75	3.251128	179	-0.975069642
47.74	-127.76	3.251128	200	-0.975069642
47.74	-127.76	3.251128	220	-0.975069642
47.74	-127.77	3.251128	234	-0.975069642
47.74	-127.77	3.251128	266	-0.975069642
47.74	-127.77	3.251128	272	-0.975069642
47.74	-127.78	3.251128	272	-0.975069642
47.74	-127.78	3.251128	263	-0.975069642
47.74	-127.78	3.251128	229	-0.975069642
47.74	-127.78	3.251128	204	-0.975069642
47.75	-127.79	3.251128	211	-0.975069642
47.75	-127.79	3.251128	221	-0.975069642
47.75	-127.8	3.251128	219	-0.975069642
47.75	-127.8	3.251128	214	-0.975069642
47.75	-127.8	3.251128	205	-0.975069642
47.75	-127.81	3.251128	205	-0.58204329
47.75	-127.81	3.251128	207	-0.58204329
47.75	-127.81	3.251128	200	-0.58204329
47.75	-127.82	3.251128	192	-0.58204329
47.75	-127.82	3.251128	172	-0.58204329
47.75	-127.82	3.251128	169	-0.58204329
47.75	-127.83	3.251128	171	-0.58204329
47.69	-127.78	3.251128	200	1.003651619
47.69	-127.78	3.251128	212	1.003651619
47.69	-127.78	3.251128	233	1.003651619
47.69	-127.78	3.251128	239	1.003651619
47.69	-127.79	3.251128	244	1.003651619
47.69	-127.79	3.251128	268	1.003651619
47.69	-127.79	3.251128	294	1.003651619
47.69	-127.79	3.251128	306	1.003651619
47.69	-127.8	3.251128	311	1.003651619
47.69	-127.8	3.251128	261	1.003651619
47.69	-127.8	3.251128	235	1.003651619
47.69	-127.8	3.251128	233	1.003651619
47.69	-127.81	3.251128	221	-3.409561634
47.69	-127.81	3.251128	202	-3.409561634
47.69	-127.81	3.251128	200	-3.409561634
47.69	-127.8	3.251128	245	1.003651619
47.69	-127.8	3.251128	271	1.003651619
47.7	-127.79	3.251128	278	1.003651619
47.7	-127.79	3.251128	265	1.003651619
47.7	-127.79	3.251128	272	1.003651619
47.7	-127.75	3.251128	144	1.003651619
47.7	-127.75	3.251128	169	1.003651619
47.7	-127.75	3.251128	159	1.003651619
47.7	-127.75	3.251128	167	1.003651619
47.7	-127.76	3.251128	178	1.003651619
47.7	-127.76	3.251128	176	1.003651619
47.7	-127.76	3.251128	188	1.003651619
47.7	-127.77	3.251128	192	1.003651619
47.71	-127.77	3.251128	203	1.003651619
47.71	-127.77	3.251128	215	1.003651619
47.71	-127.77	3.251128	222	1.003651619
47.71	-127.78	3.251128	234	1.003651619
47.71	-127.78	3.251128	339	1.003651619
47.71	-127.78	3.251128	436	1.003651619
47.71	-127.78	3.251128	989	1.003651619
47.71	-127.79	3.251128	590	1.003651619
47.71	-127.8	3.251128	318	1.003651619
47.71	-127.8	3.251128	252	1.003651619
47.71	-127.8	3.251128	215	1.003651619
47.71	-127.8	3.251128	212	1.003651619
47.71	-127.81	3.251128	188	-3.409561634
47.72	-127.81	3.251128	192	-3.409561634
47.72	-127.81	3.251128	208	-3.409561634
47.72	-127.81	3.251128	167	-3.409561634
47.72	-127.82	3.251128	167	-3.409561634
47.72	-127.82	3.251128	179	-3.409561634
47.71	-127.77	3.251128	218	1.003651619
47.71	-127.77	3.251128	218	1.003651619
47.71	-127.79	3.251128	454	1.003651619
47.71	-127.79	3.251128	932	1.003651619
47.71	-127.78	3.251128	1108	1.003651619
47.71	-127.78	3.251128	763	1.003651619
47.71	-127.78	3.251128	468	1.003651619
47.71	-127.77	3.251128	202	1.003651619
47.71	-127.76	3.251128	212	1.003651619
47.71	-127.76	3.251128	199	1.003651619
47.71	-127.76	3.251128	195	1.003651619
47.71	-127.76	3.251128	191	1.003651619
47.71	-127.76	3.251128	192	1.003651619
47.72	-127.76	3.251128	186	1.003651619
47.72	-127.76	3.251128	184	1.003651619
47.72	-127.76	3.251128	183	1.003651619
47.72	-127.76	3.251128	179	1.003651619
47.72	-127.76	3.251128	181	1.003651619
47.72	-127.76	3.251128	178	1.003651619
47.73	-127.75	3.251128	177	-0.975069642
47.73	-127.75	3.251128	178	-0.975069642
47.73	-127.75	3.251128	174	-0.975069642
47.72	-127.64	3.5783212	138	-2.04963398
47.72	-127.64	3.5783212	140	-2.04963398
47.72	-127.64	3.5783212	153	-2.04963398
47.72	-127.65	3.4946105	171	-2.04963398
47.72	-127.65	3.4946105	185	-2.04963398
47.72	-127.66	3.4946105	193	-2.04963398
47.72	-127.66	3.4946105	209	-2.04963398
47.72	-127.67	3.4946105	200	-2.04963398
47.72	-127.68	3.4946105	189	-2.04963398
47.72	-127.68	3.4946105	209	-2.04963398
47.73	-127.69	3.4946105	255	-0.419886947
47.73	-127.69	3.4946105	232	-0.419886947
47.73	-127.7	3.4946105	189	-0.975069642
47.73	-127.7	3.4946105	177	-0.975069642
47.73	-127.7	3.4946105	182	-0.975069642
47.73	-127.71	3.4946105	177	-0.975069642
47.73	-127.71	3.4946105	186	-0.975069642
47.73	-127.71	3.4946105	179	-0.975069642
47.73	-127.72	3.4946105	170	-0.975069642
47.73	-127.72	3.4946105	161	-0.975069642
47.73	-127.72	3.4946105	158	-0.975069642
47.71	-127.8	3.251128	237	1.003651619
47.71	-127.8	3.251128	234	1.003651619
47.71	-127.8	3.251128	258	1.003651619
47.71	-127.8	3.251128	286	1.003651619
47.71	-127.8	3.251128	336	1.003651619
47.71	-127.79	3.251128	403	1.003651619
47.71	-127.79	3.251128	452	1.003651619
47.71	-127.79	3.251128	712	1.003651619
47.71	-127.79	3.251128	927	1.003651619
47.71	-127.79	3.251128	1272	1.003651619
47.71	-127.79	3.251128	1526	1.003651619
47.71	-127.79	3.251128	1710	1.003651619
47.71	-127.79	3.251128	1957	1.003651619
47.71	-127.78	3.251128	1219	1.003651619
47.71	-127.78	3.251128	902	1.003651619
47.71	-127.78	3.251128	920	1.003651619
47.71	-127.78	3.251128	706	1.003651619
47.71	-127.78	3.251128	508	1.003651619
47.71	-127.78	3.251128	402	1.003651619
47.71	-127.78	3.251128	360	1.003651619
47.71	-127.78	3.251128	313	1.003651619
47.71	-127.78	3.251128	270	1.003651619
47.71	-127.77	3.251128	253	1.003651619
47.71	-127.77	3.251128	253	1.003651619
47.72	-127.78	3.251128	299	1.003651619
47.72	-127.78	3.251128	294	1.003651619
47.72	-127.78	3.251128	325	1.003651619
47.72	-127.78	3.251128	390	1.003651619
47.72	-127.78	3.251128	413	1.003651619
47.72	-127.78	3.251128	451	1.003651619
47.72	-127.78	3.251128	485	1.003651619
47.72	-127.78	3.251128	531	1.003651619
47.72	-127.79	3.251128	565	1.003651619
47.7	-127.78	3.251128	252	1.003651619
47.7	-127.78	3.251128	263	1.003651619
47.7	-127.78	3.251128	268	1.003651619
47.7	-127.78	3.251128	284	1.003651619
47.7	-127.78	3.251128	284	1.003651619
47.7	-127.78	3.251128	302	1.003651619
47.7	-127.78	3.251128	291	1.003651619
47.7	-127.78	3.251128	293	1.003651619
47.7	-127.78	3.251128	304	1.003651619
47.71	-127.78	3.251128	317	1.003651619
47.7	-127.79	3.251128	328	1.003651619
47.71	-127.79	3.251128	366	1.003651619
47.71	-127.79	3.251128	455	1.003651619
47.71	-127.79	3.251128	926	1.003651619
47.71	-127.79	3.251128	1111	1.003651619
47.71	-127.79	3.251128	700	1.003651619
47.72	-127.79	3.251128	504	1.003651619
47.72	-127.79	3.251128	384	1.003651619
47.72	-127.79	3.251128	323	1.003651619
47.72	-127.79	3.251128	296	1.003651619
47.72	-127.79	3.251128	264	1.003651619
47.72	-127.79	3.251128	254	1.003651619
47.72	-127.79	3.251128	236	1.003651619
47.72	-127.79	3.251128	251	1.003651619
47.72	-127.79	3.251128	257	1.003651619
47.72	-127.79	3.251128	299	1.003651619
47.72	-127.79	3.251128	332	1.003651619
47.72	-127.79	3.251128	403	1.003651619
47.72	-127.79	3.251128	487	1.003651619
47.72	-127.78	3.251128	544	1.003651619
47.72	-127.78	3.251128	480	1.003651619
47.71	-127.77	3.251128	234	1.003651619
47.71	-127.78	3.251128	242	1.003651619
47.71	-127.78	3.251128	256	1.003651619
47.71	-127.78	3.251128	272	1.003651619
47.71	-127.78	3.251128	292	1.003651619
47.71	-127.78	3.251128	330	1.003651619
47.71	-127.78	3.251128	376	1.003651619
47.71	-127.78	3.251128	390	1.003651619
47.71	-127.78	3.251128	441	1.003651619
47.71	-127.78	3.251128	506	1.003651619
47.71	-127.78	3.251128	625	1.003651619
47.71	-127.78	3.251128	826	1.003651619
47.71	-127.78	3.251128	1244	1.003651619
47.71	-127.79	3.251128	1320	1.003651619
47.71	-127.79	3.251128	848	1.003651619
47.71	-127.79	3.251128	1433	1.003651619
47.71	-127.79	3.251128	704	1.003651619
47.71	-127.79	3.251128	642	1.003651619
47.71	-127.79	3.251128	433	1.003651619
47.71	-127.79	3.251128	373	1.003651619
47.71	-127.79	3.251128	323	1.003651619
47.71	-127.8	3.251128	317	1.003651619
47.71	-127.8	3.251128	280	1.003651619
47.71	-127.8	3.251128	254	1.003651619
47.71	-127.8	3.251128	228	1.003651619
47.72	-127.8	3.251128	224	1.003651619
47.71	-127.8	3.251128	217	1.003651619
47.72	-127.79	3.251128	335	1.003651619
47.71	-127.79	3.251128	513	1.003651619
47.71	-127.79	3.251128	731	1.003651619
47.71	-127.78	3.251128	1797	1.003651619
47.71	-127.78	3.251128	1001	1.003651619
47.71	-127.78	3.251128	817	1.003651619
47.71	-127.78	3.251128	1254	1.003651619
47.71	-127.78	3.251128	1415	1.003651619
47.71	-127.78	3.251128	1128	1.003651619
47.71	-127.79	3.251128	2662	1.003651619
47.71	-127.79	3.251128	1122	1.003651619
47.72	-127.78	3.251128	213	1.003651619
47.72	-127.78	3.251128	215	1.003651619
47.72	-127.78	3.251128	210	1.003651619
47.72	-127.78	3.251128	213	1.003651619
47.72	-127.78	3.251128	207	1.003651619
47.72	-127.78	3.251128	205	1.003651619
47.72	-127.78	3.251128	200	1.003651619
47.72	-127.78	3.251128	211	1.003651619
47.72	-127.79	3.251128	201	1.003651619
47.72	-127.78	3.251128	206	1.003651619
47.72	-127.78	3.251128	205	1.003651619
47.72	-127.78	3.251128	205	1.003651619
47.72	-127.78	3.251128	201	1.003651619
47.72	-127.78	3.251128	200	1.003651619
47.72	-127.78	3.251128	204	1.003651619
47.72	-127.78	3.251128	233	1.003651619
47.72	-127.78	3.251128	249	1.003651619
47.72	-127.78	3.251128	252	1.003651619
47.72	-127.77	3.251128	306	1.003651619
47.72	-127.79	3.251128	355	1.003651619
47.72	-127.78	3.251128	415	1.003651619
47.72	-127.79	3.251128	441	1.003651619
47.72	-127.79	3.251128	531	1.003651619
47.71	-127.79	3.251128	698	1.003651619
47.71	-127.79	3.251128	994	1.003651619
47.71	-127.79	3.251128	1381	1.003651619
47.71	-127.79	3.251128	4037	1.003651619
47.72	-127.79	3.251128	1285	1.003651619
47.93	-128.59	1.1679138	252	-5.80466938
47.93	-128.6	1.1679138	252	-5.80466938
47.93	-128.6	1.1679138	246	-5.80466938
47.93	-128.6	1.1679138	243	-5.80466938
47.93	-128.6	1.1679138	250	-5.80466938
47.93	-128.6	1.1679138	260	-5.80466938
47.93	-128.6	1.1679138	261	-5.80466938
47.93	-128.6	1.1679138	266	-5.80466938
47.93	-128.6	1.1679138	271	-5.80466938
47.93	-128.61	1.1679138	274	-5.80466938
47.93	-128.61	1.1679138	278	-5.80466938
47.94	-128.61	1.1679138	275	-5.80466938
47.94	-128.61	1.1679138	284	-5.80466938
47.94	-128.61	1.1679138	281	-5.80466938
47.94	-128.61	1.1679138	297	-5.80466938
47.94	-128.61	1.1679138	295	-5.80466938
47.94	-128.62	1.1679138	293	-5.80466938
47.94	-128.62	1.1679138	288	-5.80466938
47.94	-128.62	1.1679138	282	-5.80466938
47.94	-128.62	1.1679138	279	-5.80466938
47.94	-128.62	1.1679138	277	-5.80466938
47.94	-128.62	1.1679138	278	-5.80466938
47.94	-128.62	1.1679138	284	-5.80466938
47.94	-128.62	1.1679138	284	-5.80466938
47.94	-128.63	1.1679138	288	-8.577288628
47.94	-128.63	1.1679138	288	-8.577288628
47.94	-128.63	1.1679138	280	-8.577288628
47.94	-128.63	1.1679138	277	-8.577288628
47.94	-128.63	1.1679138	276	-8.577288628
47.94	-128.63	1.1679138	268	-8.577288628
47.94	-128.63	1.1679138	265	-8.577288628
47.94	-128.63	1.1679138	261	-8.577288628
47.94	-128.64	1.1679138	264	-8.577288628
47.94	-128.64	1.1679138	260	-8.577288628
47.94	-128.64	1.1679138	256	-8.577288628
47.94	-128.64	1.1679138	259	-8.577288628
47.94	-128.59	1.1679138	228	-5.80466938
47.94	-128.59	1.1679138	221	-5.80466938
47.94	-128.59	1.1679138	214	-5.80466938
47.94	-128.59	1.1679138	213	-5.80466938
47.94	-128.59	1.1679138	213	-5.80466938
47.94	-128.59	1.1679138	215	-5.80466938
47.94	-128.59	1.1679138	223	-5.80466938
47.94	-128.6	1.1679138	219	-5.80466938
47.94	-128.6	1.1679138	230	-5.80466938
47.94	-128.6	1.1679138	229	-5.80466938
47.94	-128.6	1.1679138	240	-5.80466938
47.94	-128.6	1.1679138	250	-5.80466938
47.94	-128.6	1.1679138	255	-5.80466938
47.94	-128.6	1.1679138	259	-5.80466938
47.94	-128.61	1.1679138	264	-5.80466938
47.94	-128.61	1.1679138	261	-5.80466938
47.95	-128.61	0.97481376	257	-5.80466938
47.95	-128.61	0.97481376	261	-5.80466938
47.95	-128.61	0.97481376	262	-5.80466938
47.95	-128.61	0.97481376	268	-5.80466938
47.95	-128.61	0.97481376	270	-5.80466938
47.95	-128.62	0.97481376	277	-5.80466938
47.95	-128.62	0.97481376	276	-5.80466938
47.95	-128.62	0.97481376	261	-5.80466938
47.95	-128.62	0.97481376	264	-5.80466938
47.95	-128.62	0.97481376	256	-5.80466938
47.95	-128.62	0.97481376	252	-5.80466938
47.95	-128.62	0.97481376	251	-5.80466938
47.95	-128.62	0.97481376	244	-5.80466938
47.95	-128.63	0.97481376	234	-8.577288628
47.95	-128.63	0.97481376	234	-8.577288628
47.95	-128.63	0.97481376	235	-8.577288628
47.95	-128.63	0.97481376	233	-8.577288628
47.95	-128.63	0.97481376	232	-8.577288628
47.95	-128.63	0.97481376	230	-8.577288628
47.95	-128.63	0.97481376	230	-8.577288628
47.95	-128.64	0.97481376	226	-8.577288628
47.95	-128.64	0.97481376	219	-8.577288628
47.95	-128.64	0.97481376	215	-8.577288628
47.95	-128.64	0.97481376	217	-8.577288628
47.95	-128.64	0.97481376	207	-8.577288628
47.95	-128.64	0.97481376	199	-8.577288628
47.95	-128.64	0.97481376	194	-8.577288628
47.95	-128.64	0.97481376	197	-8.577288628
47.95	-128.65	0.74019408	192	-8.577288628
47.95	-128.65	0.74019408	188	-8.577288628
47.95	-128.58	0.97481376	201	-5.80466938
47.95	-128.58	0.97481376	198	-5.80466938
47.95	-128.58	0.97481376	202	-5.80466938
47.95	-128.59	0.97481376	206	-5.80466938
47.95	-128.59	0.97481376	203	-5.80466938
47.95	-128.59	0.97481376	209	-5.80466938
47.95	-128.59	0.97481376	215	-5.80466938
47.95	-128.59	0.97481376	221	-5.80466938
47.95	-128.59	0.97481376	231	-5.80466938
47.95	-128.59	0.97481376	227	-5.80466938
47.95	-128.6	0.97481376	236	-5.80466938
47.95	-128.6	0.97481376	240	-5.80466938
47.95	-128.6	0.97481376	248	-5.80466938
47.95	-128.6	0.97481376	251	-5.80466938
47.95	-128.6	0.97481376	249	-5.80466938
47.95	-128.6	0.97481376	244	-5.80466938
47.95	-128.6	0.97481376	239	-5.80466938
47.95	-128.61	0.97481376	236	-5.80466938
47.96	-128.57	0.97481376	220	-6.473732948
47.96	-128.57	0.97481376	216	-6.473732948
47.96	-128.57	0.97481376	209	-6.473732948
47.96	-128.58	0.97481376	204	-6.473732948
47.96	-128.58	0.97481376	199	-6.473732948
47.96	-128.58	0.97481376	201	-6.473732948
47.96	-128.58	0.97481376	220	-6.473732948
47.96	-128.59	0.97481376	209	-6.473732948
47.96	-128.59	0.97481376	199	-6.473732948
47.89	-128.67	0.91232389	329	-8.577288628
47.89	-128.67	0.91232389	343	-8.577288628
47.89	-128.67	0.91232389	382	-8.577288628
47.89	-128.68	0.91232389	349	-8.577288628
47.89	-128.68	0.91232389	345	-8.577288628
47.9	-128.69	0.91232389	298	-8.577288628
47.9	-128.69	0.91232389	277	-8.577288628
47.9	-128.69	0.91232389	263	-8.577288628
47.9	-128.7	0.91232389	275	-8.577288628
47.9	-128.7	0.91232389	240	-8.577288628
47.9	-128.71	0.91232389	214	-8.577288628
47.9	-128.71	0.91232389	204	-8.577288628
47.9	-128.71	0.91232389	243	-8.577288628
47.9	-128.72	0.91232389	236	-8.577288628
47.9	-128.72	0.91232389	226	-8.577288628
47.9	-128.72	0.91232389	200	-8.577288628
47.9	-128.73	0.91232389	211	-8.577288628
47.9	-128.73	0.91232389	182	-8.577288628
47.91	-128.74	0.91232389	126	-8.577288628
47.91	-128.74	0.91232389	135	-8.577288628
47.91	-128.75	0.66285837	142	-10.49689579
47.91	-128.75	0.66285837	156	-10.49689579
47.91	-128.76	0.66285837	185	-10.49689579
47.91	-128.76	0.66285837	184	-10.49689579
47.91	-128.76	0.66285837	110	-10.49689579
47.91	-128.77	0.66285837	114	-10.49689579
47.91	-128.77	0.66285837	133	-10.49689579
47.91	-128.78	0.66285837	141	-10.49689579
47.91	-128.78	0.66285837	140	-10.49689579
47.92	-128.78	0.66285837	100	-10.49689579
47.92	-128.79	0.66285837	83	-10.49689579
47.92	-128.79	0.66285837	73	-10.49689579
47.92	-128.79	0.66285837	79	-10.49689579
47.92	-128.8	0.66285837	79	-10.49689579
47.92	-128.81	0.66285837	102	-10.49689579
47.92	-128.82	0.66285837	106	-10.49689579
47.92	-128.82	0.66285837	107	-10.49689579
47.92	-128.82	0.66285837	106	-10.49689579
47.92	-128.82	0.66285837	106	-10.49689579
47.92	-128.82	0.66285837	115	-10.49689579
47.92	-128.82	0.66285837	119	-10.49689579
47.92	-128.82	0.66285837	111	-10.49689579
47.92	-128.83	0.66285837	85	-10.49689579
47.92	-128.83	0.66285837	71	-10.49689579
47.92	-128.83	0.66285837	69	-10.49689579
47.92	-128.83	0.66285837	73	-10.49689579
47.92	-128.83	0.66285837	83	-10.49689579
47.93	-128.83	0.66285837	99	-10.49689579
47.93	-128.83	0.66285837	112	-10.49689579
47.93	-128.84	0.66285837	130	-10.49689579
47.94	-128.57	1.1679138	252	-5.80466938
47.94	-128.57	1.1679138	235	-5.80466938
47.94	-128.58	1.1679138	226	-5.80466938
47.94	-128.58	1.1679138	220	-5.80466938
47.94	-128.58	1.1679138	216	-5.80466938
47.94	-128.58	1.1679138	219	-5.80466938
47.94	-128.58	1.1679138	221	-5.80466938
47.94	-128.58	1.1679138	231	-5.80466938
47.94	-128.58	1.1679138	238	-5.80466938
47.94	-128.58	1.1679138	238	-5.80466938
47.93	-128.57	1.1679138	234	-5.80466938
47.86	-128.49	1.414219	418	-8.135784149
47.86	-128.5	1.414219	393	-8.135784149
47.86	-128.5	1.414219	389	-8.135784149
47.86	-128.51	1.414219	452	-5.80466938
47.86	-128.51	1.414219	455	-5.80466938
47.86	-128.51	1.414219	431	-5.80466938
47.86	-128.51	1.414219	363	-5.80466938
47.86	-128.52	1.414219	304	-5.80466938
47.86	-128.52	1.414219	302	-5.80466938
47.86	-128.52	1.414219	293	-5.80466938
47.86	-128.52	1.414219	279	-5.80466938
47.86	-128.53	1.414219	288	-5.80466938
47.86	-128.53	1.414219	324	-5.80466938
47.86	-128.53	1.414219	298	-5.80466938
47.86	-128.53	1.414219	334	-5.80466938
47.86	-128.54	1.414219	367	-5.80466938
47.86	-128.54	1.414219	318	-5.80466938
47.87	-128.54	1.414219	276	-5.80466938
47.87	-128.54	1.414219	267	-5.80466938
47.87	-128.55	1.1679138	269	-5.80466938
47.87	-128.55	1.1679138	283	-5.80466938
47.87	-128.55	1.1679138	299	-5.80466938
47.87	-128.55	1.1679138	313	-5.80466938
47.87	-128.56	1.1679138	302	-5.80466938
47.87	-128.56	1.1679138	308	-5.80466938
47.87	-128.56	1.1679138	330	-5.80466938
47.87	-128.56	1.1679138	299	-5.80466938
47.87	-128.57	1.1679138	394	-5.80466938
47.87	-128.57	1.1679138	552	-5.80466938
47.87	-128.57	1.1679138	606	-5.80466938
47.87	-128.57	1.1679138	483	-5.80466938
47.87	-128.58	1.1679138	448	-5.80466938
47.87	-128.58	1.1679138	532	-5.80466938
47.87	-128.58	1.1679138	503	-5.80466938
47.87	-128.59	1.1679138	463	-5.80466938
47.87	-128.59	1.1679138	450	-5.80466938
47.88	-128.59	1.1679138	411	-5.80466938
47.88	-128.59	1.1679138	464	-5.80466938
47.88	-128.6	1.1679138	474	-5.80466938
47.88	-128.6	1.1679138	533	-5.80466938
47.88	-128.6	1.1679138	477	-5.80466938
47.88	-128.6	1.1679138	404	-5.80466938
47.88	-128.61	1.1679138	386	-5.80466938
47.88	-128.61	1.1679138	453	-5.80466938
47.88	-128.61	1.1679138	338	-5.80466938
47.88	-128.62	1.1679138	283	-5.80466938
47.88	-128.62	1.1679138	283	-5.80466938
47.88	-128.63	1.1679138	280	-8.577288628
47.88	-128.63	1.1679138	303	-8.577288628
47.89	-128.64	1.1679138	349	-8.577288628
47.89	-128.64	1.1679138	415	-8.577288628
47.89	-128.64	1.1679138	368	-8.577288628
47.89	-128.65	0.91232389	462	-8.577288628
47.89	-128.65	0.91232389	401	-8.577288628
47.89	-128.66	0.91232389	311	-8.577288628
47.89	-128.66	0.91232389	313	-8.577288628
47.92	-128.79	0.66285837	85	-10.49689579
47.92	-128.79	0.66285837	85	-10.49689579
47.92	-128.8	0.66285837	84	-10.49689579
47.92	-128.8	0.66285837	82	-10.49689579
47.92	-128.81	0.66285837	82	-10.49689579
47.92	-128.81	0.66285837	92	-10.49689579
47.92	-128.81	0.66285837	103	-10.49689579
47.92	-128.81	0.66285837	98	-10.49689579
47.92	-128.81	0.66285837	113	-10.49689579
47.92	-128.81	0.66285837	114	-10.49689579
47.75	-127.71	3.4946105	164	-0.975069642
47.75	-127.72	3.4946105	158	-0.975069642
47.75	-127.72	3.4946105	150	-0.975069642
47.75	-127.72	3.4946105	150	-0.975069642
47.76	-127.72	3.3711357	155	-0.975069642
47.76	-127.73	3.3711357	157	-0.975069642
47.76	-127.73	3.3711357	158	-0.975069642
47.76	-127.73	3.3711357	160	-0.975069642
47.76	-127.73	3.3711357	156	-0.975069642
47.76	-127.74	3.3711357	162	-0.975069642
47.76	-127.74	3.3711357	169	-0.975069642
47.76	-127.74	3.3711357	182	-0.975069642
47.76	-127.74	3.3711357	195	-0.975069642
47.76	-127.75	3.1612465	204	-0.975069642
47.76	-127.75	3.1612465	220	-0.975069642
47.76	-127.75	3.1612465	255	-0.975069642
47.76	-127.75	3.1612465	283	-0.975069642
47.76	-127.76	3.1612465	326	-0.975069642
47.76	-127.76	3.1612465	343	-0.975069642
47.76	-127.76	3.1612465	320	-0.975069642
47.76	-127.77	3.1612465	297	-0.975069642
47.76	-127.77	3.1612465	256	-0.975069642
47.76	-127.77	3.1612465	245	-0.975069642
47.77	-127.77	3.1612465	245	-0.975069642
47.77	-127.78	3.1612465	235	-0.975069642
47.77	-127.78	3.1612465	229	-0.975069642
47.77	-127.78	3.1612465	222	-0.975069642
47.77	-127.78	3.1612465	219	-0.975069642
47.77	-127.79	3.1612465	213	-0.975069642
47.77	-127.79	3.1612465	197	-0.975069642
47.77	-127.79	3.1612465	198	-0.975069642
47.77	-127.7	3.3711357	208	-0.975069642
47.77	-127.7	3.3711357	206	-0.975069642
47.77	-127.7	3.3711357	202	-0.975069642
47.77	-127.7	3.3711357	205	-0.975069642
47.77	-127.71	3.3711357	205	-0.975069642
47.77	-127.71	3.3711357	198	-0.975069642
47.77	-127.71	3.3711357	176	-0.975069642
47.77	-127.71	3.3711357	178	-0.975069642
47.77	-127.72	3.3711357	180	-0.975069642
47.77	-127.72	3.3711357	182	-0.975069642
47.77	-127.72	3.3711357	191	-0.975069642
47.77	-127.72	3.3711357	190	-0.975069642
47.78	-127.73	3.3711357	196	-0.975069642
47.78	-127.73	3.3711357	202	-0.975069642
47.78	-127.73	3.3711357	197	-0.975069642
47.78	-127.73	3.3711357	196	-0.975069642
47.78	-127.73	3.3711357	198	-0.975069642
47.78	-127.73	3.3711357	198	-0.975069642
47.78	-127.73	3.3711357	198	-0.975069642
47.78	-127.73	3.3711357	212	-0.975069642
47.78	-127.74	3.3711357	203	-0.975069642
47.78	-127.74	3.3711357	215	-0.975069642
47.78	-127.74	3.3711357	229	-0.975069642
47.78	-127.74	3.3711357	254	-0.975069642
47.78	-127.74	3.3711357	279	-0.975069642
47.78	-127.74	3.3711357	300	-0.975069642
47.78	-127.74	3.3711357	315	-0.975069642
47.78	-127.75	3.1612465	334	-0.975069642
47.78	-127.75	3.1612465	341	-0.975069642
47.78	-127.75	3.1612465	342	-0.975069642
47.78	-127.75	3.1612465	359	-0.975069642
47.78	-127.75	3.1612465	365	-0.975069642
47.78	-127.75	3.1612465	362	-0.975069642
47.78	-127.75	3.1612465	361	-0.975069642
47.78	-127.76	3.1612465	361	-0.975069642
47.78	-127.76	3.1612465	345	-0.975069642
47.78	-127.76	3.1612465	325	-0.975069642
47.78	-127.76	3.1612465	319	-0.975069642
47.78	-127.76	3.1612465	330	-0.975069642
47.78	-127.76	3.1612465	296	-0.975069642
47.78	-127.76	3.1612465	278	-0.975069642
47.78	-127.77	3.1612465	243	-0.975069642
47.78	-127.77	3.1612465	230	-0.975069642
47.79	-127.77	3.1612465	229	-0.975069642
47.79	-127.77	3.1612465	226	-0.975069642
47.79	-127.78	3.1612465	215	-0.975069642
47.79	-127.78	3.1612465	207	-0.975069642
47.79	-127.78	3.1612465	201	-0.975069642
47.79	-127.78	3.1612465	193	-0.975069642
47.79	-127.79	3.1612465	193	-0.975069642
47.79	-127.79	3.1612465	191	-0.975069642
47.79	-127.79	3.1612465	194	-0.975069642
47.79	-127.79	3.1612465	202	-0.975069642
47.79	-127.8	3.1612465	207	-0.975069642
47.79	-127.8	3.1612465	195	-0.975069642
47.76	-127.75	3.1612465	199	-0.975069642
47.76	-127.75	3.1612465	217	-0.975069642
47.76	-127.75	3.1612465	248	-0.975069642
47.76	-127.75	3.1612465	256	-0.975069642
47.76	-127.75	3.1612465	273	-0.975069642
47.76	-127.76	3.1612465	308	-0.975069642
47.76	-127.76	3.1612465	320	-0.975069642
47.76	-127.76	3.1612465	338	-0.975069642
47.76	-127.76	3.1612465	340	-0.975069642
47.76	-127.76	3.1612465	353	-0.975069642
47.76	-127.76	3.1612465	349	-0.975069642
47.76	-127.76	3.1612465	327	-0.975069642
47.76	-127.76	3.1612465	316	-0.975069642
47.76	-127.77	3.1612465	294	-0.975069642
47.76	-127.77	3.1612465	278	-0.975069642
47.76	-127.77	3.1612465	257	-0.975069642
47.76	-127.77	3.1612465	238	-0.975069642
47.76	-127.77	3.1612465	235	-0.975069642
47.77	-127.77	3.1612465	250	-0.975069642
47.77	-127.77	3.1612465	246	-0.975069642
47.77	-127.77	3.1612465	240	-0.975069642
47.77	-127.79	3.1612465	218	-0.975069642
47.77	-127.79	3.1612465	207	-0.975069642
47.77	-127.79	3.1612465	192	-0.975069642
47.77	-127.8	3.1612465	193	-0.975069642
47.77	-127.8	3.1612465	181	-0.975069642
47.77	-127.8	3.1612465	181	-0.975069642
47.77	-127.8	3.1612465	199	-0.975069642
47.77	-127.81	3.1612465	180	-0.58204329
47.77	-127.81	3.1612465	182	-0.58204329
47.77	-127.81	3.1612465	184	-0.58204329
47.77	-127.81	3.1612465	187	-0.58204329
49.83	-120.83	9.2849312	77	7.49375248
49.83	-120.8	9.2849312	81	10.79877949
49.82	-120.71	9.2849312	70	-16.8208313
49.84	-120.61	9.2849312	76	10.98878765
49.71	-120.44	9.2849312	79	44.19837189
49.74	-120.41	9.2849312	68	44.19837189
49.78	-120.49	9.2849312	68	24.02601624
49.81	-120	9.2849312	80	-5.302611351
49.67	-119.25	9.2849312	67	13.5632019
49.7	-119.21	9.2849312	74	13.5632019
49.73	-119.16	9.2849312	69	8.031478882
49.79	-119.1	9.2849312	81	8.031478882
49.96	-119.79	9.2849312	81	38.36306
49.57	-119.65	9.2849312	73	-64.18450928
49.01	-128.54	2.9651117	234.64	-24.28501511
49.01	-128.54	2.9651117	234.64	-24.28501511
48.33	-129.5	1.0923868	252.24	0.952193856
48.71	-129.33	1.0676979	273.61	-25.78291321
48.81	-128.53	1.6490558	338.97	-8.860430717
48.7	-128.64	0.59841609	185.2	-31.13194656
48.82	-128.75	0.68546021	87.99	-29.66418266
48.82	-128.75	0.68546021	87.99	-29.66418266
48.82	-128.75	0.68546021	87.99	-29.66418266
48.33	-128.65	0.80387408	256.43	0.947541118
48.36	-128.57	1.033847	300	2.668863773
48.39	-128.44	1.3642263	272.35	-2.548873425
48.36	-128.25	1.6470286	274.86	5.411941528
48.48	-128.27	1.6329716	321.79	8.752602577
48.46	-128.45	1.3784287	433.25	-4.410299301
48.46	-128.56	0.8665905	423.19	8.065933228
48.46	-128.67	0.59159386	339.39	-10.74924183
48.46	-128.67	0.59159386	339.39	-10.74924183
48.46	-128.67	0.59159386	339.39	-10.74924183
48.45	-128.81	0.34311613	527.94	-13.25694942
48.45	-128.81	0.34311613	527.94	-13.25694942
48.45	-128.81	0.34311613	527.94	-13.25694942
48.47	-128.99	0.2075969	366.63	-29.15257072
48.47	-129.08	0.41323298	202.38	-29.15257072
48.47	-129.22	0.6946314	319.28	-2.554271936
48.55	-129.45	1.1500742	237.57	-13.8628149
48.53	-129.34	0.93639433	234.64	12.00231552
48.55	-129.23	0.6946314	193.16	-8.629146576
48.55	-128.93	0.15120271	419	-19.70304871
48.55	-128.67	0.59159386	104.75	-24.77534676
48.55	-128.67	0.59159386	104.75	-24.77534676
48.55	-128.67	0.59159386	104.75	-24.77534676
48.56	-128.69	0.44956386	360.34	-24.77534676
48.56	-128.69	0.44956386	360.34	-24.77534676
48.56	-128.69	0.44956386	360.34	-24.77534676
48.56	-128.54	0.96464723	190.23	1.792574644
48.57	-128.39	1.2363625	351.96	-3.286632776
48.56	-128.28	1.5076998	295.4	-3.286632776
48.64	-128.26	1.5076998	199.03	2.654664516
48.67	-128.43	1.2233963	162.99	-10.13027668
48.66	-128.5	0.88008928	227.1	-10.13027668
48.65	-128.68	0.44956386	217.88	-24.77534676
48.65	-128.68	0.44956386	217.88	-24.77534676
48.65	-128.68	0.44956386	217.88	-24.77534676
48.64	-129.47	1.3595402	224.17	-13.8628149
48.72	-129.49	1.4873363	171.37	-26.31522369
48.82	-129.51	1.4191555	307.55	-23.59581757
49.03	-129.49	0.30543268	414.39	-5.20979023
49.03	-129.36	0.60623562	134.92	-10.64613438
49.03	-129.21	1.1776359	155.03	-18.11326599
49	-129.12	1.4348531	134.92	-1.22399497
49.01	-128.83	2.2600608	122.77	-21.98124123
49.03	-128.69	2.5147243	165.92	-20.34945679
49.01	-128.41	3.2341127	163.41	-22.28199005
49.01	-128.41	3.2341127	163.41	-22.28199005
49.02	-128.27	3.4966569	234.64	-22.46779251
49.02	-128.27	3.4966569	234.64	-22.46779251
49.09	-128.26	3.8800023	175.98	-22.46779251
49.09	-128.26	3.8800023	175.98	-22.46779251
48.47	-129.4	1.1500742	597.49	12.00231552
48.34	-128.97	0.12862568	114.39	2.990579128
48.36	-128.81	0.53057241	328.08	-3.627408266
48.54	-129.08	0.41323298	423.19	-29.15257072
48.65	-129.08	0.54729426	234.64	-30.70441246
48.63	-129	0.29284939	316.76	-30.70441246
48.69	-129.08	0.52265346	45.67	-13.6266613
48.8	-129.11	0.14601907	238.83	-9.584189415
48.91	-129.07	0.62740594	207.41	-4.754152298
48.83	-128.94	0.31936482	136.59	-4.243466377
48.71	-128.91	0.24071789	275.28	-11.20665169
48.7	-128.76	0.14280756	129.89	-19.29531097
48.7	-128.76	0.14280756	129.89	-19.29531097
48.7	-128.76	0.14280756	129.89	-19.29531097
48.82	-128.79	0.68546021	146.65	-29.66418266
48.82	-128.79	0.68546021	146.65	-29.66418266
48.82	-128.79	0.68546021	146.65	-29.66418266
49	-128.92	2.0014477	163.83	-12.48082924
49.07	-128.92	2.6050727	247.21	-19.04327583
49.07	-128.92	2.6050727	247.21	-19.04327583
48.89	-128.94	1.2405514	343.16	-4.243466377
48.89	-128.8	1.5536753	175.98	-29.66418266
48.89	-128.8	1.5536753	175.98	-29.66418266
48.89	-128.8	1.5536753	175.98	-29.66418266
48.9	-128.7	1.8434017	146.65	-30.76771736
48.9	-128.7	1.8434017	146.65	-30.76771736
48.9	-128.7	1.8434017	146.65	-30.76771736
48.72	-128.25	1.5736516	199.86	-6.987557411
48.71	-128.4	1.2233963	157.54	-10.13027668
48.71	-128.54	0.88008928	263.97	0.323105454
48.7	-128.67	0.33493531	87.99	-31.13194656
48.7	-128.67	0.33493531	87.99	-31.13194656
48.7	-128.67	0.33493531	87.99	-31.13194656
48.65	-129.22	0.81750315	400.98	-8.629146576
48.64	-129.3	1.0900034	313.83	-8.629146576
48.71	-129.19	0.7853657	350.7	-20.09845352
48.8	-129.22	0.54567164	201.96	-17.66074944
48.9	-129.19	0.37818527	460.9	-1.22399497
48.82	-129.32	0.79428655	298.75	-17.66074944
48.91	-129.43	0.2667374	258.94	-3.570052385
48.91	-129.31	0.1802076	196.09	-3.492266893
49.08	-129.46	1.125061	222.07	-5.20979023
49.08	-129.46	1.125061	222.07	-5.20979023
49.08	-129.35	1.6374265	201.12	-10.64613438
49.08	-129.35	1.6374265	201.12	-10.64613438
49.18	-129.49	1.7575538	192.74	-12.97815609
49.18	-129.49	1.7575538	192.74	-12.97815609
49.17	-129.33	2.1800005	406.43	-13.58819103
49.17	-129.33	2.1800005	406.43	-13.58819103
49.19	-129.21	2.3781426	268.16	-15.92974758
49.19	-129.21	2.3781426	268.16	-15.92974758
49.09	-129.2	1.8879606	217.88	-20.16272545
49.09	-129.2	1.8879606	217.88	-20.16272545
49.08	-129.06	2.1360242	310.06	-18.71659088
49.08	-129.06	2.1360242	310.06	-18.71659088
49.19	-129.06	2.577539	201.12	-13.39474583
49.19	-129.06	2.577539	201.12	-13.39474583
49.2	-128.95	3.0559139	364.53	-4.92743206
49.2	-128.95	3.0559139	364.53	-4.92743206
49.19	-128.81	3.1512382	448.33	-3.988745928
49.19	-128.81	3.1512382	448.33	-3.988745928
49.1	-128.79	2.8598702	272.35	-21.98124123
49.1	-128.79	2.8598702	272.35	-21.98124123
48.82	-128.67	1.0121025	87.99	-38.92121506
48.82	-128.67	1.0121025	87.99	-38.92121506
48.82	-128.67	1.0121025	87.99	-38.92121506
48.9	-128.53	2.3829148	320.12	-21.02902031
48.92	-128.4	2.6493433	149.58	-19.92098999
48.91	-128.26	2.8614984	190.23	-16.00354195
48.81	-128.24	2.5568075	297.07	-16.03022385
48.81	-128.41	1.9969267	294.14	-2.498618126
48.65	-128.78	0.16636826	138.27	-20.98010063
48.65	-128.78	0.16636826	138.27	-20.98010063
48.65	-128.78	0.16636826	138.27	-20.98010063
49.08	-128.72	3.0358994	217.88	-20.34945679
49.08	-128.72	3.0358994	217.88	-20.34945679
49.08	-128.72	3.0358994	217.88	-20.34945679
49.19	-128.72	3.2810533	540.51	-8.446536064
49.19	-128.72	3.2810533	540.51	-8.446536064
49.19	-128.72	3.2810533	540.51	-8.446536064
49.18	-128.54	3.5768967	301.68	-13.29758263
49.18	-128.54	3.5768967	301.68	-13.29758263
49.18	-128.43	3.8025918	230.45	-21.71464348
49.18	-128.43	3.8025918	230.45	-21.71464348
49.18	-128.26	3.9386008	192.74	-26.03686333
49.18	-128.26	3.9386008	192.74	-26.03686333
49.07	-128.55	3.3163073	167.6	-24.28501511
49.07	-128.55	3.3163073	167.6	-24.28501511
49.07	-128.55	3.3163073	167.6	-24.28501511
49.09	-128.55	3.3163073	213.69	-24.28501511
49.09	-128.55	3.3163073	213.69	-24.28501511
48.72	-128.39	1.2233963	154.19	-7.863620758
48.7	-128.56	0.59841609	195.67	0.323105454
48.71	-128.61	0.59841609	408.11	0.323105454
48.71	-128.52	0.88008928	667.05	0.323105454
48.89	-128.3	2.8614984	70	-9.438058853
50.26	-128.82	2.7159307	59	-120.0017242
50.48	-129.53	1.2588239	77	-63.82077408
50.18	-129.38	1.5338509	90	-24.13278008
50.45	-129.81	1.0826941	105	-21.10007858
50.32	-129.74	0.80569011	135	-17.49588585
50.33	-129.73	0.80569011	119	-17.49588585
50.33	-129.72	0.80569011	125	-17.49588585
50.33	-129.71	0.80569011	112	-17.49588585
50.33	-129.7	0.80569011	127	-17.49588585
50.34	-129.7	0.80569011	111	-17.49588585
50.34	-129.69	0.80569011	122	-17.49588585
50.33	-129.74	0.80569011	129	-17.49588585
50.35	-129.65	1.0622153	121	-28.19542313
50.31	-129.75	0.80569011	134	-17.49588585
50.3	-129.79	0.54671323	109	-17.49588585
50.29	-129.79	0.54671323	110	16.97843361
50.28	-129.8	0.54671323	118	14.63254833
50.26	-129.83	0.54671323	111	14.63254833
50.25	-129.85	0.72064608	105	14.63254833
50.25	-129.86	0.57892931	101	14.63254833
50.47	-129.69	1.2723374	95	-39.2351799
50.44	-129.73	1.0622153	117	-39.2351799
50.41	-129.8	0.7868275	130	-21.10007858
50.4	-129.83	0.7868275	126	4.388763428
50.52	-129.47	1.2588239	61	-63.82077408
50.53	-129.45	1.2588239	58	-102.2899704
50.59	-129.36	1.3816251	23	-117.7381287
50.34	-129.11	1.7557638	79	-103.1302261
50.39	-129.63	1.2588239	120	-28.19542313
50.38	-129.65	1.0622153	77	-28.19542313
50.37	-129.66	1.0622153	111	-28.19542313
49.77	-128.82	2.8893144	147	-17.13167
49.78	-128.81	2.8893144	125	-17.13167
49.81	-128.78	2.8893144	133	-17.13167
49.93	-128.63	3.2735121	38	-45.36664581
49.83	-128.76	2.8893144	113	-42.92567444
48.47	-128.78	0.34311613	404	-13.25694942
48.47	-128.8	0.34311613	397	-13.25694942
48.57	-128.69	0.44956386	371	-24.77534676
48.57	-128.69	0.44956386	262	-24.77534676
48.57	-128.69	0.44956386	267	-24.77534676
48.57	-128.7	0.44956386	338	-24.77534676
48.57	-128.7	0.44956386	388	-24.77534676
48.56	-128.7	0.44956386	359	-24.77534676
48.56	-128.7	0.44956386	474	-24.77534676
48.55	-128.71	0.59159386	587	-24.77534676
48.55	-128.71	0.59159386	494	-24.77534676
48.55	-128.72	0.59159386	413	-24.77534676
48.54	-128.72	0.59159386	335	-10.74924183
48.53	-128.72	0.59159386	302	-10.74924183
48.52	-128.73	0.59159386	278	-10.74924183
48.52	-128.73	0.59159386	305	-10.74924183
48.51	-128.74	0.59159386	306	-10.74924183
48.51	-128.74	0.59159386	217	-10.74924183
48.52	-128.82	0.34311613	165	-13.25694942
48.52	-128.8	0.34311613	159	-13.25694942
48.53	-128.79	0.34311613	161	-13.25694942
48.52	-128.78	0.34311613	150	-13.25694942
48.52	-128.77	0.34311613	169	-13.25694942
48.51	-128.77	0.34311613	133	-13.25694942
48.5	-128.77	0.34311613	230	-13.25694942
48.49	-128.76	0.34311613	263	-13.25694942
48.49	-128.76	0.34311613	268	-13.25694942
48.48	-128.76	0.34311613	272	-13.25694942
48.47	-128.75	0.34311613	309	-13.25694942
48.47	-128.75	0.34311613	348	-13.25694942
48.46	-128.74	0.59159386	424	-10.74924183
48.45	-128.74	0.59159386	412	-10.74924183
48.45	-128.74	0.59159386	1005	-10.74924183
48.51	-128.78	0.34311613	151	-13.25694942
48.51	-128.78	0.34311613	189	-13.25694942
48.51	-128.77	0.34311613	120	-13.25694942
48.51	-128.77	0.34311613	203	-13.25694942
48.5	-128.76	0.34311613	299	-13.25694942
48.5	-128.76	0.34311613	320	-13.25694942
48.5	-128.75	0.34311613	246	-13.25694942
48.49	-128.74	0.59159386	206	-10.74924183
48.49	-128.73	0.59159386	341	-10.74924183
48.49	-128.73	0.59159386	395	-10.74924183
48.49	-128.72	0.59159386	390	-10.74924183
48.48	-128.72	0.59159386	570	-10.74924183
48.48	-128.71	0.59159386	744	-10.74924183
48.45	-128.72	0.59159386	774	-10.74924183
48.45	-128.72	0.59159386	1073	-10.74924183
48.46	-128.71	0.59159386	2894	-10.74924183
48.46	-128.71	0.59159386	1528	-10.74924183
48.45	-128.7	0.59159386	1313	-10.74924183
48.45	-128.7	0.59159386	729	-10.74924183
48.44	-128.69	0.79336768	581	-10.74924183
48.44	-128.69	0.79336768	605	-10.74924183
48.44	-128.69	0.79336768	707	-10.74924183
48.44	-128.68	0.79336768	1507	-10.74924183
48.43	-128.68	0.79336768	3200	-10.74924183
48.43	-128.68	0.79336768	2129	-10.74924183
48.43	-128.67	0.79336768	883	-10.74924183
48.43	-128.67	0.79336768	684	-10.74924183
48.43	-128.67	0.79336768	556	-10.74924183
48.43	-128.66	0.79336768	466	-10.74924183
48.4	-128.73	0.79336768	841	0.947541118
48.4	-128.73	0.79336768	677	0.947541118
48.4	-128.72	0.79336768	995	0.947541118
48.4	-128.72	0.79336768	772	0.947541118
48.4	-128.72	0.79336768	659	0.947541118
48.4	-128.71	0.79336768	654	0.947541118
48.4	-128.7	0.79336768	683	0.947541118
48.4	-128.7	0.79336768	687	0.947541118
48.4	-128.69	0.79336768	616	0.947541118
48.4	-128.69	0.79336768	631	0.947541118
48.39	-128.68	0.79336768	788	0.947541118
48.39	-128.68	0.79336768	690	0.947541118
48.39	-128.67	0.79336768	589	0.947541118
48.39	-128.66	0.79336768	648	0.947541118
48.39	-128.66	0.79336768	686	0.947541118
48.39	-128.65	0.79336768	548	0.947541118
48.39	-128.64	1.033847	699	0.947541118
48.39	-128.64	1.033847	787	0.947541118
48.39	-128.63	1.033847	902	0.947541118
48.39	-128.63	1.033847	534	0.947541118
48.38	-128.62	1.033847	465	2.668863773
48.38	-128.61	1.033847	355	2.668863773
48.38	-128.61	1.033847	304	2.668863773
48.4	-128.84	0.53057241	1319	-3.627408266
48.4	-128.83	0.53057241	1429	-3.627408266
48.39	-128.83	0.53057241	1497	-3.627408266
48.39	-128.82	0.53057241	952	-3.627408266
48.39	-128.82	0.53057241	865	-3.627408266
48.39	-128.81	0.53057241	763	-3.627408266
48.39	-128.79	0.53057241	602	-3.627408266
48.38	-128.79	0.53057241	598	-3.627408266
48.39	-128.78	0.53057241	586	-3.627408266
48.39	-128.77	0.53057241	539	-3.627408266
48.39	-128.77	0.53057241	510	-3.627408266
48.39	-128.76	0.53057241	487	-3.627408266
48.39	-128.75	0.53057241	530	-3.627408266
48.39	-128.73	0.79336768	914	0.947541118
48.39	-128.72	0.79336768	758	0.947541118
48.39	-128.72	0.79336768	666	0.947541118
48.39	-128.71	0.79336768	620	0.947541118
48.39	-128.71	0.79336768	553	0.947541118
48.44	-128.76	0.53057241	573	-13.25694942
48.44	-128.76	0.53057241	559	-13.25694942
48.44	-128.75	0.53057241	594	-13.25694942
48.44	-128.75	0.53057241	641	-13.25694942
48.44	-128.74	0.79336768	567	-10.74924183
48.44	-128.73	0.79336768	661	-10.74924183
48.44	-128.72	0.79336768	704	-10.74924183
48.44	-128.72	0.79336768	812	-10.74924183
48.44	-128.7	0.79336768	857	-10.74924183
48.44	-128.7	0.79336768	653	-10.74924183
48.44	-128.69	0.79336768	594	-10.74924183
48.44	-128.69	0.79336768	637	-10.74924183
48.44	-128.68	0.79336768	1665	-10.74924183
48.44	-128.68	0.79336768	2298	-10.74924183
48.44	-128.67	0.79336768	727	-10.74924183
48.44	-128.66	0.79336768	419	-10.74924183
48.44	-128.65	0.79336768	218	-10.74924183
48.44	-128.63	1.033847	290	-10.74924183
48.29	-128.69	0.80387408	532	-1.013275385
48.3	-128.7	0.80387408	1101	-1.013275385
48.31	-128.7	0.80387408	387	0.947541118
48.32	-128.71	0.80387408	278	0.947541118
48.32	-128.71	0.80387408	325	0.947541118
48.33	-128.72	0.80387408	322	0.947541118
48.34	-128.72	0.80387408	395	0.947541118
48.34	-128.73	0.80387408	422	0.947541118
48.35	-128.73	0.79336768	502	0.947541118
48.36	-128.74	0.79336768	550	0.947541118
48.37	-128.74	0.79336768	788	0.947541118
48.37	-128.74	0.79336768	935	0.947541118
48.38	-128.75	0.53057241	673	-3.627408266
48.39	-128.75	0.53057241	586	-3.627408266
48.4	-128.76	0.53057241	587	-3.627408266
48.29	-128.78	0.54432315	313	-5.456256866
48.29	-128.78	0.54432315	290	-5.456256866
48.31	-128.78	0.54432315	292	-3.627408266
48.33	-128.78	0.54432315	322	-3.627408266
48.33	-128.78	0.54432315	361	-3.627408266
48.34	-128.78	0.54432315	353	-3.627408266
48.34	-128.78	0.54432315	365	-3.627408266
48.35	-128.78	0.53057241	354	-3.627408266
48.35	-128.78	0.53057241	335	-3.627408266
48.36	-128.8	0.53057241	303	-3.627408266
48.36	-128.81	0.53057241	385	-3.627408266
48.36	-128.83	0.53057241	469	-3.627408266
48.36	-128.83	0.53057241	627	-3.627408266
48.36	-128.83	0.53057241	807	-3.627408266
48.36	-128.84	0.53057241	1022	-3.627408266
48.36	-128.85	0.53057241	1289	-3.627408266
48.37	-128.86	0.25480604	1150	2.990579128
48.37	-128.87	0.25480604	1095	2.990579128
48.38	-128.88	0.25480604	1158	2.990579128
48.38	-128.9	0.25480604	1076	2.990579128
48.35	-128.77	0.53057241	367	-3.627408266
48.36	-128.77	0.53057241	341	-3.627408266
48.39	-128.77	0.53057241	533	-3.627408266
48.41	-128.73	0.79336768	858	0.947541118
48.42	-128.73	0.79336768	861	0.947541118
48.41	-128.74	0.79336768	740	0.947541118
48.41	-128.75	0.53057241	624	-3.627408266
48.42	-128.75	0.53057241	679	-3.627408266
48.42	-128.77	0.53057241	763	-3.627408266
48.42	-128.77	0.53057241	698	-3.627408266
48.42	-128.78	0.53057241	706	-3.627408266
48.42	-128.78	0.53057241	743	-3.627408266
48.42	-128.79	0.53057241	788	-3.627408266
48.42	-128.79	0.53057241	881	-3.627408266
48.43	-128.8	0.53057241	959	-13.25694942
48.43	-128.8	0.53057241	1023	-13.25694942
48.43	-128.81	0.53057241	1153	-13.25694942
48.43	-128.82	0.53057241	1665	-13.25694942
48.43	-128.83	0.53057241	1124	-13.25694942
48.43	-128.84	0.53057241	888	-13.25694942
48.43	-128.85	0.53057241	1018	-13.25694942
48.43	-128.85	0.53057241	792	-13.25694942
48.43	-128.85	0.53057241	912	-13.25694942
48.43	-128.86	0.25480604	897	-8.025933266
48.44	-128.76	0.53057241	765	-13.25694942
48.44	-128.76	0.53057241	690	-13.25694942
48.44	-128.77	0.53057241	546	-13.25694942
48.44	-128.78	0.53057241	550	-13.25694942
48.45	-128.78	0.34311613	502	-13.25694942
48.45	-128.79	0.34311613	477	-13.25694942
48.45	-128.79	0.34311613	481	-13.25694942
48.46	-128.8	0.34311613	426	-13.25694942
48.46	-128.81	0.34311613	477	-13.25694942
48.46	-128.82	0.34311613	429	-13.25694942
48.46	-128.82	0.34311613	540	-13.25694942
48.46	-128.83	0.34311613	840	-13.25694942
48.46	-128.84	0.34311613	1246	-13.25694942
48.46	-128.85	0.34311613	1171	-13.25694942
48.47	-128.86	0.15120271	1531	-8.025933266
48.47	-128.57	0.8665905	416	8.065933228
48.47	-128.58	0.8665905	421	8.065933228
48.47	-128.58	0.8665905	481	8.065933228
48.47	-128.59	0.8665905	461	8.065933228
48.47	-128.59	0.8665905	444	8.065933228
48.47	-128.6	0.8665905	518	8.065933228
48.47	-128.6	0.8665905	221	8.065933228
48.48	-128.61	0.8665905	619	8.065933228
48.48	-128.62	0.8665905	358	8.065933228
48.48	-128.62	0.8665905	368	8.065933228
48.48	-128.63	0.8665905	363	-10.74924183
48.48	-128.63	0.8665905	639	-10.74924183
48.48	-128.63	0.8665905	526	-10.74924183
48.48	-128.64	0.8665905	549	-10.74924183
48.48	-128.65	0.59159386	411	-10.74924183
48.45	-128.61	0.8665905	924	8.065933228
48.46	-128.61	0.8665905	1090	8.065933228
48.46	-128.62	0.8665905	425	8.065933228
48.46	-128.62	0.8665905	355	8.065933228
48.45	-128.63	0.8665905	387	-10.74924183
48.45	-128.63	0.8665905	325	-10.74924183
48.45	-128.63	0.8665905	250	-10.74924183
48.45	-128.63	0.8665905	829	-10.74924183
48.45	-128.64	0.8665905	631	-10.74924183
48.45	-128.64	0.8665905	376	-10.74924183
48.45	-128.65	0.59159386	470	-10.74924183
48.45	-128.65	0.59159386	440	-10.74924183
48.45	-128.65	0.59159386	418	-10.74924183
48.45	-128.65	0.59159386	493	-10.74924183
48.45	-128.66	0.59159386	396	-10.74924183
48.43	-128.73	0.79336768	697	-10.74924183
48.44	-128.73	0.79336768	698	-10.74924183
48.44	-128.73	0.79336768	699	-10.74924183
48.45	-128.73	0.59159386	680	-10.74924183
48.45	-128.72	0.59159386	777	-10.74924183
48.46	-128.72	0.59159386	1760	-10.74924183
48.46	-128.71	0.59159386	1233	-10.74924183
48.47	-128.71	0.59159386	1488	-10.74924183
48.47	-128.71	0.59159386	1496	-10.74924183
48.47	-128.7	0.59159386	963	-10.74924183
48.47	-128.7	0.59159386	937	-10.74924183
48.48	-128.7	0.59159386	1062	-10.74924183
48.48	-128.7	0.59159386	1044	-10.74924183
48.48	-128.69	0.59159386	1088	-10.74924183
48.49	-128.69	0.59159386	896	-10.74924183
48.49	-128.69	0.59159386	742	-10.74924183
48.5	-128.69	0.59159386	637	-10.74924183
48.5	-128.69	0.59159386	636	-10.74924183
48.51	-128.69	0.59159386	519	-10.74924183
48.51	-128.68	0.59159386	418	-10.74924183
48.45	-128.65	0.59159386	453	-10.74924183
48.45	-128.66	0.59159386	362	-10.74924183
48.45	-128.66	0.59159386	399	-10.74924183
48.45	-128.66	0.59159386	386	-10.74924183
48.45	-128.67	0.59159386	176	-10.74924183
48.45	-128.67	0.59159386	153	-10.74924183
48.45	-128.68	0.59159386	411	-10.74924183
48.45	-128.68	0.59159386	426	-10.74924183
48.45	-128.69	0.59159386	466	-10.74924183
48.45	-128.69	0.59159386	524	-10.74924183
48.46	-128.7	0.59159386	729	-10.74924183
48.46	-128.7	0.59159386	994	-10.74924183
48.46	-128.7	0.59159386	1663	-10.74924183
48.46	-128.71	0.59159386	2653	-10.74924183
48.46	-128.71	0.59159386	4439	-10.74924183
48.46	-128.71	0.59159386	1898	-10.74924183
48.46	-128.71	0.59159386	1099	-10.74924183
48.46	-128.72	0.59159386	904	-10.74924183
48.47	-128.72	0.59159386	832	-10.74924183
48.47	-128.72	0.59159386	800	-10.74924183
48.47	-128.71	0.59159386	862	-10.74924183
48.47	-128.71	0.59159386	923	-10.74924183
48.47	-128.71	0.59159386	1049	-10.74924183
48.47	-128.71	0.59159386	1181	-10.74924183
48.48	-128.7	0.59159386	1052	-10.74924183
48.48	-128.7	0.59159386	851	-10.74924183
48.48	-128.7	0.59159386	791	-10.74924183
48.48	-128.69	0.59159386	609	-10.74924183
48.48	-128.68	0.59159386	421	-10.74924183
48.48	-128.67	0.59159386	427	-10.74924183
48.48	-128.67	0.59159386	390	-10.74924183
48.47	-128.73	0.59159386	618	-10.74924183
48.47	-128.73	0.59159386	606	-10.74924183
48.47	-128.73	0.59159386	679	-10.74924183
48.47	-128.73	0.59159386	872	-10.74924183
48.46	-128.72	0.59159386	918	-10.74924183
48.46	-128.72	0.59159386	1511	-10.74924183
48.46	-128.71	0.59159386	4559	-10.74924183
48.46	-128.71	0.59159386	3022	-10.74924183
48.46	-128.71	0.59159386	1926	-10.74924183
48.46	-128.71	0.59159386	1742	-10.74924183
48.46	-128.71	0.59159386	1813	-10.74924183
48.46	-128.71	0.59159386	2029	-10.74924183
48.46	-128.71	0.59159386	2031	-10.74924183
48.46	-128.71	0.59159386	1815	-10.74924183
48.46	-128.71	0.59159386	1644	-10.74924183
48.46	-128.71	0.59159386	1498	-10.74924183
48.47	-128.71	0.59159386	1317	-10.74924183
48.47	-128.71	0.59159386	1236	-10.74924183
48.47	-128.71	0.59159386	1076	-10.74924183
48.48	-128.68	0.59159386	418	-10.74924183
48.48	-128.67	0.59159386	413	-10.74924183
48.47	-128.68	0.59159386	406	-10.74924183
48.47	-128.68	0.59159386	409	-10.74924183
48.47	-128.68	0.59159386	412	-10.74924183
48.47	-128.68	0.59159386	418	-10.74924183
48.46	-128.68	0.59159386	420	-10.74924183
48.46	-128.68	0.59159386	418	-10.74924183
48.45	-128.68	0.59159386	433	-10.74924183
48.45	-128.68	0.59159386	424	-10.74924183
48.45	-128.68	0.59159386	362	-10.74924183
48.44	-128.68	0.79336768	187	-10.74924183
48.44	-128.68	0.79336768	509	-10.74924183
48.44	-128.68	0.79336768	539	-10.74924183
48.44	-128.68	0.79336768	584	-10.74924183
48.44	-128.68	0.79336768	684	-10.74924183
48.44	-128.68	0.79336768	632	-10.74924183
48.44	-128.68	0.79336768	965	-10.74924183
48.44	-128.68	0.79336768	764	-10.74924183
48.43	-128.68	0.79336768	4907	-10.74924183
48.43	-128.68	0.79336768	3646	-10.74924183
48.43	-128.68	0.79336768	1484	-10.74924183
48.42	-128.68	0.79336768	842	0.947541118
48.42	-128.68	0.79336768	600	0.947541118
48.41	-128.68	0.79336768	529	0.947541118
48.41	-128.68	0.79336768	307	0.947541118
48.4	-128.68	0.79336768	484	0.947541118
48.4	-128.68	0.79336768	298	0.947541118
48.4	-128.68	0.79336768	311	0.947541118
48.38	-128.68	0.79336768	1405	0.947541118
48.38	-128.68	0.79336768	851	0.947541118
48.42	-128.72	0.79336768	901	0.947541118
48.42	-128.71	0.79336768	757	0.947541118
48.42	-128.71	0.79336768	658	0.947541118
48.43	-128.7	0.79336768	641	-10.74924183
48.43	-128.69	0.79336768	663	-10.74924183
48.43	-128.69	0.79336768	885	-10.74924183
48.44	-128.69	0.79336768	1062	-10.74924183
48.44	-128.68	0.79336768	368	-10.74924183
48.45	-128.67	0.59159386	393	-10.74924183
48.46	-128.66	0.59159386	323	-10.74924183
48.44	-128.67	0.79336768	469	-10.74924183
48.44	-128.67	0.79336768	460	-10.74924183
48.45	-128.67	0.59159386	433	-10.74924183
48.45	-128.66	0.59159386	404	-10.74924183
48.45	-128.66	0.59159386	391	-10.74924183
48.44	-128.66	0.79336768	407	-10.74924183
48.44	-128.66	0.79336768	409	-10.74924183
48.43	-128.66	0.79336768	432	-10.74924183
48.43	-128.66	0.79336768	462	-10.74924183
48.43	-128.66	0.79336768	276	-10.74924183
48.43	-128.66	0.79336768	505	-10.74924183
48.42	-128.66	0.79336768	491	0.947541118
48.42	-128.67	0.79336768	485	0.947541118
48.41	-128.67	0.79336768	454	0.947541118
48.41	-128.67	0.79336768	248	0.947541118
48.4	-128.67	0.79336768	451	0.947541118
48.4	-128.66	0.79336768	321	0.947541118
48.4	-128.66	0.79336768	526	0.947541118
48.41	-128.65	0.79336768	414	0.947541118
48.4	-128.64	1.033847	433	0.947541118
48.4	-128.64	1.033847	486	0.947541118
48.4	-128.64	1.033847	583	0.947541118
48.49	-128.63	0.8665905	1239	-10.74924183
48.49	-128.63	0.8665905	1207	-10.74924183
48.49	-128.63	0.8665905	1262	-10.74924183
48.49	-128.64	0.8665905	507	-10.74924183
48.48	-128.64	0.8665905	508	-10.74924183
48.48	-128.64	0.8665905	494	-10.74924183
48.48	-128.64	0.8665905	478	-10.74924183
48.48	-128.64	0.8665905	449	-10.74924183
48.48	-128.64	0.8665905	535	-10.74924183
48.47	-128.64	0.8665905	493	-10.74924183
48.47	-128.64	0.8665905	552	-10.74924183
48.47	-128.64	0.8665905	685	-10.74924183
48.46	-128.64	0.8665905	962	-10.74924183
48.46	-128.64	0.8665905	6555	-10.74924183
48.46	-128.64	0.8665905	1294	-10.74924183
48.45	-128.64	0.8665905	542	-10.74924183
48.45	-128.64	0.8665905	503	-10.74924183
48.45	-128.64	0.8665905	480	-10.74924183
48.44	-128.64	1.033847	479	-10.74924183
48.44	-128.64	1.033847	504	-10.74924183
48.44	-128.64	1.033847	475	-10.74924183
48.44	-128.65	0.79336768	467	-10.74924183
48.44	-128.65	0.79336768	480	-10.74924183
48.43	-128.65	0.79336768	469	-10.74924183
48.43	-128.65	0.79336768	565	-10.74924183
48.43	-128.65	0.79336768	644	-10.74924183
48.42	-128.65	0.79336768	742	0.947541118
48.42	-128.65	0.79336768	712	0.947541118
48.42	-128.65	0.79336768	661	0.947541118
48.42	-128.65	0.79336768	605	0.947541118
48.41	-128.65	0.79336768	518	0.947541118
48.41	-128.66	0.79336768	566	0.947541118
48.41	-128.66	0.79336768	298	0.947541118
48.41	-128.66	0.79336768	496	0.947541118
48.43	-128.69	0.79336768	810	-10.74924183
48.43	-128.69	0.79336768	907	-10.74924183
48.43	-128.69	0.79336768	1134	-10.74924183
48.43	-128.69	0.79336768	1648	-10.74924183
48.43	-128.68	0.79336768	3092	-10.74924183
48.43	-128.68	0.79336768	4714	-10.74924183
48.43	-128.68	0.79336768	1872	-10.74924183
48.43	-128.67	0.79336768	1072	-10.74924183
48.43	-128.66	0.79336768	551	-10.74924183
48.43	-128.66	0.79336768	502	-10.74924183
48.42	-128.65	0.79336768	420	0.947541118
48.42	-128.65	0.79336768	305	0.947541118
48.42	-128.59	1.033847	401	2.668863773
48.42	-128.6	1.033847	407	2.668863773
48.42	-128.6	1.033847	429	2.668863773
48.42	-128.6	1.033847	460	2.668863773
48.42	-128.61	1.033847	463	2.668863773
48.42	-128.61	1.033847	416	2.668863773
48.42	-128.62	1.033847	432	2.668863773
48.42	-128.62	1.033847	589	2.668863773
48.42	-128.63	1.033847	458	0.947541118
48.42	-128.63	1.033847	506	0.947541118
48.42	-128.63	1.033847	461	0.947541118
48.42	-128.63	1.033847	451	0.947541118
48.42	-128.64	1.033847	450	0.947541118
48.42	-128.64	1.033847	411	0.947541118
48.42	-128.64	1.033847	354	0.947541118
48.42	-128.64	1.033847	365	0.947541118
48.42	-128.65	0.79336768	276	0.947541118
48.42	-128.65	0.79336768	656	0.947541118
48.42	-128.65	0.79336768	355	0.947541118
48.42	-128.65	0.79336768	558	0.947541118
48.42	-128.66	0.79336768	513	0.947541118
48.42	-128.66	0.79336768	484	0.947541118
48.42	-128.67	0.79336768	471	0.947541118
48.42	-128.67	0.79336768	520	0.947541118
48.42	-128.67	0.79336768	585	0.947541118
48.42	-128.68	0.79336768	309	0.947541118
48.42	-128.68	0.79336768	926	0.947541118
48.43	-128.68	0.79336768	1285	-10.74924183
48.43	-128.68	0.79336768	1677	-10.74924183
48.43	-128.68	0.79336768	1877	-10.74924183
48.43	-128.68	0.79336768	3484	-10.74924183
48.43	-128.68	0.79336768	4183	-10.74924183
48.43	-128.68	0.79336768	979	-10.74924183
48.44	-128.69	0.79336768	845	-10.74924183
48.44	-128.69	0.79336768	652	-10.74924183
48.44	-128.69	0.79336768	588	-10.74924183
48.44	-128.7	0.79336768	584	-10.74924183
48.44	-128.7	0.79336768	629	-10.74924183
48.44	-128.7	0.79336768	699	-10.74924183
48.44	-128.71	0.79336768	819	-10.74924183
48.44	-128.71	0.79336768	1037	-10.74924183
48.44	-128.71	0.79336768	999	-10.74924183
48.44	-128.72	0.79336768	934	-10.74924183
48.45	-128.71	0.59159386	882	-10.74924183
48.45	-128.71	0.59159386	1001	-10.74924183
48.45	-128.71	0.59159386	1113	-10.74924183
48.45	-128.71	0.59159386	1716	-10.74924183
48.46	-128.71	0.59159386	5393	-10.74924183
48.46	-128.71	0.59159386	1866	-10.74924183
48.46	-128.71	0.59159386	1292	-10.74924183
48.47	-128.71	0.59159386	1477	-10.74924183
48.47	-128.7	0.59159386	1708	-10.74924183
48.47	-128.7	0.59159386	1293	-10.74924183
48.48	-128.7	0.59159386	1088	-10.74924183
48.47	-128.66	0.59159386	160	-10.74924183
48.47	-128.66	0.59159386	371	-10.74924183
48.47	-128.66	0.59159386	379	-10.74924183
48.46	-128.65	0.59159386	443	-10.74924183
48.46	-128.65	0.59159386	519	-10.74924183
48.46	-128.65	0.59159386	697	-10.74924183
48.46	-128.64	0.8665905	1127	-10.74924183
48.46	-128.64	0.8665905	2489	-10.74924183
48.46	-128.64	0.8665905	2421	-10.74924183
48.46	-128.63	0.8665905	402	-10.74924183
48.46	-128.63	0.8665905	371	-10.74924183
48.46	-128.62	0.8665905	421	8.065933228
48.46	-128.62	0.8665905	472	8.065933228
48.46	-128.62	0.8665905	653	8.065933228
48.46	-128.61	0.8665905	1444	8.065933228
48.46	-128.61	0.8665905	1460	8.065933228
48.45	-128.61	0.8665905	541	8.065933228
48.45	-128.6	0.8665905	433	8.065933228
48.45	-128.6	0.8665905	417	8.065933228
48.45	-128.59	0.8665905	460	8.065933228
48.45	-128.59	0.8665905	433	8.065933228
48.46	-128.63	0.8665905	536	-10.74924183
48.46	-128.63	0.8665905	617	-10.74924183
48.46	-128.63	0.8665905	1162	-10.74924183
48.46	-128.63	0.8665905	817	-10.74924183
48.46	-128.64	0.8665905	860	-10.74924183
48.46	-128.64	0.8665905	706	-10.74924183
48.46	-128.64	0.8665905	806	-10.74924183
48.46	-128.64	0.8665905	650	-10.74924183
48.46	-128.65	0.59159386	476	-10.74924183
48.46	-128.66	0.59159386	347	-10.74924183
48.46	-128.66	0.59159386	323	-10.74924183
48.46	-128.66	0.59159386	282	-10.74924183
48.46	-128.67	0.59159386	295	-10.74924183
48.46	-128.67	0.59159386	323	-10.74924183
48.46	-128.68	0.59159386	338	-10.74924183
48.46	-128.68	0.59159386	373	-10.74924183
48.46	-128.69	0.59159386	405	-10.74924183
48.46	-128.7	0.59159386	496	-10.74924183
48.46	-128.7	0.59159386	1247	-10.74924183
48.46	-128.71	0.59159386	113	-10.74924183
48.46	-128.71	0.59159386	2440	-10.74924183
48.46	-128.71	0.59159386	6280	-10.74924183
48.46	-128.71	0.59159386	3479	-10.74924183
48.46	-128.71	0.59159386	39	-10.74924183
48.46	-128.71	0.59159386	7932	-10.74924183
48.46	-128.71	0.59159386	2282	-10.74924183
48.46	-128.72	0.59159386	1228	-10.74924183
48.46	-128.72	0.59159386	1209	-10.74924183
48.46	-128.72	0.59159386	1318	-10.74924183
48.46	-128.72	0.59159386	1033	-10.74924183
48.46	-128.72	0.59159386	1155	-10.74924183
48.46	-128.72	0.59159386	1306	-10.74924183
48.46	-128.71	0.59159386	1538	-10.74924183
48.46	-128.71	0.59159386	6788	-10.74924183
48.46	-128.71	0.59159386	2142	-10.74924183
48.46	-128.71	0.59159386	1643	-10.74924183
48.46	-128.7	0.59159386	1029	-10.74924183
48.46	-128.71	0.59159386	1300	-10.74924183
48.46	-128.71	0.59159386	4818	-10.74924183
48.46	-128.71	0.59159386	7599	-10.74924183
48.46	-128.71	0.59159386	4106	-10.74924183
48.46	-128.71	0.59159386	1505	-10.74924183
48.46	-128.72	0.59159386	1240	-10.74924183
48.46	-128.71	0.59159386	1484	-10.74924183
48.46	-128.71	0.59159386	1916	-10.74924183
48.46	-128.71	0.59159386	4434	-10.74924183
48.46	-128.71	0.59159386	5963	-10.74924183
48.46	-128.71	0.59159386	2371	-10.74924183
48.46	-128.71	0.59159386	1615	-10.74924183
47.88	-128.73	0.91232389	243	-8.577288628
47.86	-128.67	0.91232389	269	-8.577288628
47.86	-128.66	0.91232389	328	-8.577288628
47.86	-128.66	0.91232389	449	-8.577288628
47.85	-128.64	1.1679138	329	-8.577288628
47.85	-128.64	1.1679138	241	-8.577288628
47.85	-128.63	1.1679138	271	-8.577288628
47.88	-128.72	0.91232389	225	-8.577288628
47.88	-128.71	0.91232389	245	-8.577288628
47.87	-128.71	0.91232389	256	-8.577288628
47.87	-128.7	0.91232389	286	-8.577288628
47.87	-128.7	0.91232389	278	-8.577288628
47.87	-128.69	0.91232389	352	-8.577288628
47.86	-128.68	0.91232389	269	-8.577288628
47.86	-128.67	0.91232389	286	-8.577288628
47.96	-128.81	0.50150979	353	-5.608677864
47.92	-128.83	0.66285837	172	-10.49689579
47.91	-128.82	0.66285837	111	-10.49689579
47.9	-128.83	0.66285837	108	-10.49689579
47.9	-128.83	0.66285837	177	-10.49689579
47.96	-128.81	0.50150979	471	-5.608677864
47.95	-128.81	0.50150979	384	-10.49689579
47.94	-128.81	0.66285837	380	-10.49689579
47.94	-128.81	0.66285837	359	-10.49689579
47.93	-128.83	0.66285837	300	-10.49689579
47.93	-128.82	0.66285837	110	-10.49689579
47.93	-128.82	0.66285837	151	-10.49689579
47.92	-128.82	0.66285837	72	-10.49689579
47.89	-128.83	0.66285837	137	-10.49689579
47.89	-128.83	0.66285837	121	-10.49689579
47.88	-128.83	0.66285837	112	-10.49689579
47.87	-128.83	0.66285837	117	-10.49689579
47.87	-128.84	0.66285837	123	-10.49689579
47.86	-128.84	0.66285837	261	-10.49689579
47.99	-128.79	0.50150979	205	-5.608677864
47.99	-128.8	0.50150979	168	-5.608677864
47.98	-128.79	0.50150979	170	-5.608677864
47.98	-128.8	0.50150979	146	-5.608677864
47.97	-128.8	0.50150979	174	-5.608677864
47.97	-128.81	0.50150979	159	-5.608677864
47.97	-128.83	0.50150979	129	-5.608677864
47.96	-128.82	0.50150979	137	-5.608677864
47.93	-128.85	0.66285837	164	-10.49689579
47.91	-128.8	0.66285837	95	-10.49689579
47.94	-128.76	0.66285837	90	-10.49689579
47.94	-128.82	0.66285837	362	-10.49689579
47.96	-128.83	0.50150979	91	-5.608677864
47.94	-128.77	0.66285837	104	-10.49689579
47.91	-128.8	0.66285837	113	-10.49689579
47.94	-128.78	0.66285837	900	-10.49689579
47.91	-128.79	0.66285837	129	-10.49689579
47.95	-128.78	0.50150979	109	-10.49689579
47.9	-128.78	0.66285837	164	-10.49689579
47.95	-128.79	0.50150979	84	-10.49689579
47.95	-128.81	0.50150979	155	-10.49689579
47.95	-128.81	0.50150979	171	-10.49689579
47.95	-128.82	0.50150979	233	-10.49689579
47.92	-128.84	0.66285837	147	-10.49689579
47.92	-128.84	0.66285837	93	-10.49689579
47.82	-128.67	1.1115648	563	-12.46199608
47.88	-128.7	0.91232389	287	-8.577288628
47.88	-128.7	0.91232389	300	-8.577288628
47.89	-128.7	0.91232389	262	-8.577288628
47.83	-128.67	1.1115648	534	-12.46199608
47.84	-128.67	1.1115648	403	-12.46199608
47.84	-128.68	1.1115648	421	-12.46199608
47.85	-128.68	0.91232389	307	-8.577288628
47.86	-128.68	0.91232389	294	-8.577288628
47.87	-128.69	0.91232389	355	-8.577288628
47.87	-128.69	0.91232389	270	-8.577288628
47.88	-128.69	0.91232389	247	-8.577288628
47.86	-128.64	1.1679138	267	-8.577288628
47.9	-128.66	0.91232389	392	-8.577288628
47.9	-128.67	0.91232389	381	-8.577288628
47.87	-128.64	1.1679138	270	-8.577288628
47.87	-128.64	1.1679138	353	-8.577288628
47.88	-128.65	0.91232389	241	-8.577288628
47.88	-128.65	0.91232389	305	-8.577288628
47.89	-128.65	0.91232389	294	-8.577288628
47.89	-128.66	0.91232389	204	-8.577288628
47.89	-128.66	0.91232389	378	-8.577288628
47.89	-128.66	0.91232389	359	-8.577288628
47.92	-128.83	0.66285837	111	-10.49689579
47.92	-128.82	0.66285837	109	-10.49689579
47.92	-128.82	0.66285837	113	-10.49689579
47.92	-128.81	0.66285837	97	-10.49689579
47.91	-128.81	0.66285837	87	-10.49689579
47.87	-127.62	3.4528952	556	3.032176971
47.92	-127.65	3.1907601	184	3.032176971
47.92	-127.65	3.1907601	164	3.032176971
47.93	-127.65	3.1907601	150	3.032176971
47.93	-127.66	3.1907601	123	3.032176971
47.94	-127.66	3.1907601	144	3.032176971
47.94	-127.66	3.1907601	155	3.032176971
47.95	-127.66	3.0129824	150	3.032176971
47.87	-127.62	3.4528952	688	3.032176971
47.88	-127.62	3.4528952	184	3.032176971
47.88	-127.63	3.4528952	114	3.032176971
47.89	-127.63	3.4528952	120	3.032176971
47.89	-127.64	3.4528952	187	3.032176971
47.9	-127.64	3.4528952	247	3.032176971
47.9	-127.64	3.4528952	148	3.032176971
47.91	-127.64	3.4528952	251	3.032176971
47.86	-127.68	3.1907601	143	3.032176971
47.9	-127.71	3.1907601	959	-0.518282652
47.91	-127.71	3.1907601	412	-0.518282652
47.91	-127.71	3.1907601	216	-0.518282652
47.92	-127.71	3.1907601	265	-0.518282652
47.92	-127.72	3.1907601	327	-0.518282652
47.93	-127.72	3.1907601	262	-0.518282652
47.93	-127.72	3.1907601	237	-0.518282652
47.94	-127.73	3.1907601	267	-0.518282652
47.95	-127.73	3.0129824	186	-0.518282652
47.86	-127.68	3.1907601	162	3.032176971
47.96	-127.74	3.0129824	171	-0.881052673
47.96	-127.74	3.0129824	174	-0.881052673
47.87	-127.68	3.1907601	184	3.032176971
47.87	-127.69	3.1907601	205	3.032176971
47.88	-127.69	3.1907601	231	3.032176971
47.89	-127.7	3.1907601	214	-0.518282652
47.89	-127.7	3.1907601	258	-0.518282652
47.89	-127.7	3.1907601	324	-0.518282652
47.9	-127.7	3.1907601	489	-0.518282652
47.75	-127.62	3.5783212	74	-0.419886947
47.79	-127.64	3.5786738	159	-0.419886947
47.8	-127.64	3.5786738	260	-0.419886947
47.8	-127.65	3.3711357	179	-0.419886947
47.81	-127.65	3.3711357	128	-0.419886947
47.81	-127.65	3.3711357	145	-0.419886947
47.82	-127.65	3.3711357	117	-0.419886947
47.82	-127.66	3.3711357	236	-0.419886947
47.83	-127.66	3.3711357	180	-0.419886947
47.83	-127.66	3.3711357	220	-0.419886947
47.84	-127.67	3.3711357	186	-0.419886947
47.75	-127.62	3.5783212	148	-0.419886947
47.84	-127.67	3.3711357	199	-0.419886947
47.85	-127.67	3.1907601	228	3.032176971
47.85	-127.67	3.1907601	197	3.032176971
47.86	-127.68	3.1907601	188	3.032176971
47.76	-127.62	3.5786738	69	-0.419886947
47.76	-127.62	3.5786738	155	-0.419886947
47.76	-127.63	3.5786738	91	-0.419886947
47.77	-127.63	3.5786738	63	-0.419886947
47.78	-127.63	3.5786738	74	-0.419886947
47.78	-127.64	3.5786738	87	-0.419886947
47.78	-127.64	3.5786738	156	-0.419886947
47.82	-127.49	3.8465323	214	-0.675474346
47.83	-127.55	3.5786738	139	-0.675474346
47.83	-127.55	3.5786738	72	-0.675474346
47.83	-127.56	3.5786738	231	-0.675474346
47.84	-127.57	3.5786738	261	-0.675474346
47.84	-127.58	3.5786738	362	-0.419886947
47.84	-127.58	3.5786738	189	-0.419886947
47.84	-127.59	3.5786738	212	-0.419886947
47.84	-127.6	3.5786738	181	-0.419886947
47.84	-127.6	3.5786738	187	-0.419886947
47.84	-127.61	3.5786738	232	-0.419886947
47.82	-127.49	3.8465323	172	-0.675474346
47.82	-127.5	3.8465323	89	-0.675474346
47.82	-127.5	3.8465323	206	-0.675474346
47.82	-127.51	3.8465323	199	-0.675474346
47.82	-127.51	3.8465323	37	-0.675474346
47.82	-127.52	3.8465323	145	-0.675474346
47.83	-127.53	3.8465323	123	-0.675474346
47.83	-127.54	3.8465323	122	-0.675474346
47.75	-127.22	4.6330013	154	-5.541047096
47.76	-127.29	4.2658925	131	-10.34975338
47.77	-127.3	4.2658925	101	-10.34975338
47.77	-127.31	4.2658925	111	-10.34975338
47.77	-127.33	4.2658925	200	-10.34975338
47.75	-127.23	4.6330013	141	-10.34975338
47.75	-127.24	4.6330013	145	-10.34975338
47.75	-127.24	4.6330013	150	-10.34975338
47.76	-127.25	4.2658925	151	-10.34975338
47.76	-127.26	4.2658925	162	-10.34975338
47.76	-127.27	4.2658925	157	-10.34975338
47.76	-127.27	4.2658925	106	-10.34975338
47.76	-127.28	4.2658925	164	-10.34975338
47.77	-127.33	4.2658925	145	-10.34975338
47.79	-127.4	4.1103892	135	-4.742084503
47.79	-127.4	4.1103892	188	-4.742084503
47.79	-127.41	4.1103892	108	-4.742084503
47.78	-127.34	4.2658925	106	-10.34975338
47.78	-127.35	4.2658925	141	-4.742084503
47.78	-127.35	4.2658925	163	-4.742084503
47.78	-127.36	4.1103892	150	-4.742084503
47.78	-127.37	4.1103892	105	-4.742084503
47.78	-127.37	4.1103892	171	-4.742084503
47.78	-127.38	4.1103892	133	-4.742084503
47.79	-127.39	4.1103892	142	-4.742084503
47.84	-127.72	3.3711357	1091	-0.975069642
47.85	-127.81	2.9645884	224	3.526834726
47.85	-127.82	2.9645884	239	3.526834726
47.85	-127.82	2.9645884	233	3.526834726
47.85	-127.83	2.9645884	241	3.526834726
47.86	-127.84	2.9645884	252	3.526834726
47.86	-127.85	2.9645884	102	3.526834726
47.86	-127.86	2.6994836	97	3.526834726
47.86	-127.87	2.6994836	210	3.526834726
47.86	-127.88	2.6994836	95	3.526834726
47.86	-127.89	2.6994836	257	3.526834726
47.84	-127.74	3.3711357	710	-0.975069642
47.86	-127.9	2.6994836	217	3.526834726
47.86	-127.91	2.6994836	182	3.526834726
47.84	-127.75	3.1612465	292	-0.975069642
47.84	-127.76	3.1612465	137	-0.975069642
47.84	-127.76	3.1612465	234	-0.975069642
47.84	-127.77	3.1612465	209	-0.975069642
47.85	-127.78	2.9645884	201	-0.518282652
47.85	-127.79	2.9645884	200	-0.518282652
47.85	-127.8	2.9645884	197	-0.518282652
47.85	-127.63	3.4528952	1659	3.032176971
47.86	-127.71	3.1907601	309	-0.518282652
47.86	-127.71	3.1907601	410	-0.518282652
47.87	-127.72	3.1907601	935	-0.518282652
47.87	-127.72	3.1907601	1109	-0.518282652
47.87	-127.72	3.1907601	311	-0.518282652
47.87	-127.73	3.1907601	226	-0.518282652
47.87	-127.74	3.1907601	283	-0.518282652
47.87	-127.74	3.1907601	281	-0.518282652
47.85	-127.64	3.4528952	346	3.032176971
47.85	-127.65	3.1907601	425	3.032176971
47.85	-127.66	3.1907601	216	3.032176971
47.86	-127.67	3.1907601	200	3.032176971
47.86	-127.67	3.1907601	191	3.032176971
47.86	-127.68	3.1907601	162	3.032176971
47.86	-127.7	3.1907601	191	-0.518282652
47.86	-127.7	3.1907601	227	-0.518282652
47.86	-127.7	3.1907601	217	-0.518282652
47.87	-127.73	3.1907601	211	-0.518282652
47.87	-127.73	3.1907601	225	-0.518282652
47.85	-127.74	3.1907601	233	-0.518282652
47.85	-127.73	3.1907601	285	-0.518282652
47.85	-127.73	3.1907601	283	-0.518282652
47.85	-127.72	3.1907601	451	-0.518282652
47.85	-127.72	3.1907601	712	-0.518282652
47.85	-127.72	3.1907601	487	-0.518282652
47.85	-127.72	3.1907601	433	-0.518282652
47.85	-127.71	3.1907601	364	-0.518282652
47.86	-127.7	3.1907601	214	-0.518282652
47.85	-127.71	3.1907601	253	-0.518282652
47.85	-127.7	3.1907601	206	-0.518282652
47.86	-127.7	3.1907601	244	-0.518282652
47.86	-127.71	3.1907601	308	-0.518282652
47.86	-127.71	3.1907601	382	-0.518282652
47.87	-127.72	3.1907601	562	-0.518282652
47.87	-127.72	3.1907601	1043	-0.518282652
47.87	-127.72	3.1907601	1020	-0.518282652
47.87	-127.73	3.1907601	319	-0.518282652
47.79	-127.85	3.1612465	228	-0.58204329
47.92	-128.72	0.91232389	165	-8.577288628
47.92	-128.68	0.91232389	263	-8.577288628
47.91	-128.67	0.91232389	275	-8.577288628
47.91	-128.67	0.91232389	286	-8.577288628
47.91	-128.66	0.91232389	302	-8.577288628
47.91	-128.66	0.91232389	319	-8.577288628
47.91	-128.65	0.91232389	327	-8.577288628
47.91	-128.65	0.91232389	334	-8.577288628
47.91	-128.64	1.1679138	329	-8.577288628
47.91	-128.64	1.1679138	266	-8.577288628
47.9	-128.63	1.1679138	339	-8.577288628
47.92	-128.72	0.91232389	158	-8.577288628
47.9	-128.63	1.1679138	337	-8.577288628
47.9	-128.62	1.1679138	315	-5.80466938
47.92	-128.71	0.91232389	163	-8.577288628
47.92	-128.71	0.91232389	178	-8.577288628
47.92	-128.7	0.91232389	162	-8.577288628
47.92	-128.7	0.91232389	212	-8.577288628
47.92	-128.69	0.91232389	230	-8.577288628
47.92	-128.69	0.91232389	248	-8.577288628
47.92	-128.68	0.91232389	236	-8.577288628
47.9	-128.62	1.1679138	295	-5.80466938
47.89	-128.57	1.1679138	599	-5.80466938
47.89	-128.57	1.1679138	755	-5.80466938
47.89	-128.56	1.1679138	481	-5.80466938
47.89	-128.56	1.1679138	677	-5.80466938
47.89	-128.56	1.1679138	735	-5.80466938
47.89	-128.55	1.1679138	472	-5.80466938
47.89	-128.55	1.1679138	370	-5.80466938
47.89	-128.54	1.414219	346	-5.80466938
47.89	-128.54	1.414219	313	-5.80466938
47.89	-128.54	1.414219	237	-5.80466938
47.9	-128.61	1.1679138	325	-5.80466938
47.89	-128.53	1.414219	145	-5.80466938
47.89	-128.53	1.414219	168	-5.80466938
47.89	-128.52	1.414219	207	-5.80466938
47.88	-128.52	1.414219	253	-5.80466938
47.9	-128.61	1.1679138	272	-5.80466938
47.9	-128.61	1.1679138	293	-5.80466938
47.9	-128.6	1.1679138	339	-5.80466938
47.9	-128.59	1.1679138	315	-5.80466938
47.9	-128.58	1.1679138	314	-5.80466938
47.89	-128.57	1.1679138	345	-5.80466938
47.92	-128.52	1.414219	171	-5.80466938
47.92	-128.55	1.1679138	269	-5.80466938
47.92	-128.55	1.1679138	273	-5.80466938
47.92	-128.55	1.1679138	356	-5.80466938
47.92	-128.55	1.1679138	523	-5.80466938
47.93	-128.56	1.1679138	436	-5.80466938
47.93	-128.56	1.1679138	434	-5.80466938
47.93	-128.56	1.1679138	369	-5.80466938
47.93	-128.56	1.1679138	280	-5.80466938
47.93	-128.57	1.1679138	276	-5.80466938
47.93	-128.57	1.1679138	294	-5.80466938
47.92	-128.52	1.414219	168	-5.80466938
47.92	-128.53	1.414219	174	-5.80466938
47.92	-128.53	1.414219	175	-5.80466938
47.92	-128.54	1.414219	206	-5.80466938
47.92	-128.54	1.414219	227	-5.80466938
47.92	-128.54	1.414219	239	-5.80466938
47.92	-128.55	1.1679138	259	-5.80466938
47.93	-128.58	1.1679138	248	-5.80466938
47.93	-128.59	1.1679138	268	-5.80466938
47.93	-128.59	1.1679138	271	-5.80466938
47.93	-128.59	1.1679138	254	-5.80466938
47.93	-128.59	1.1679138	246	-5.80466938
47.93	-128.6	1.1679138	240	-5.80466938
47.93	-128.6	1.1679138	235	-5.80466938
47.93	-128.6	1.1679138	239	-5.80466938
47.93	-128.6	1.1679138	248	-5.80466938
47.93	-128.6	1.1679138	254	-5.80466938
47.93	-128.58	1.1679138	243	-5.80466938
47.93	-128.61	1.1679138	254	-5.80466938
47.93	-128.61	1.1679138	264	-5.80466938
47.93	-128.61	1.1679138	270	-5.80466938
47.93	-128.61	1.1679138	279	-5.80466938
47.93	-128.61	1.1679138	285	-5.80466938
47.93	-128.58	1.1679138	232	-5.80466938
47.93	-128.58	1.1679138	230	-5.80466938
47.93	-128.59	1.1679138	231	-5.80466938
47.93	-128.59	1.1679138	233	-5.80466938
47.93	-128.59	1.1679138	236	-5.80466938
47.93	-128.59	1.1679138	242	-5.80466938
47.93	-128.59	1.1679138	255	-5.80466938
47.93	-128.61	1.1679138	276	-5.80466938
47.94	-128.62	1.1679138	264	-5.80466938
47.94	-128.62	1.1679138	266	-5.80466938
47.94	-128.63	1.1679138	280	-8.577288628
47.94	-128.63	1.1679138	283	-8.577288628
47.94	-128.63	1.1679138	284	-8.577288628
47.94	-128.63	1.1679138	281	-8.577288628
47.94	-128.63	1.1679138	282	-8.577288628
47.94	-128.63	1.1679138	273	-8.577288628
47.94	-128.63	1.1679138	263	-8.577288628
47.94	-128.63	1.1679138	260	-8.577288628
47.93	-128.61	1.1679138	280	-5.80466938
47.94	-128.63	1.1679138	260	-8.577288628
47.94	-128.63	1.1679138	257	-8.577288628
47.93	-128.61	1.1679138	281	-5.80466938
47.93	-128.61	1.1679138	283	-5.80466938
47.94	-128.61	1.1679138	287	-5.80466938
47.94	-128.62	1.1679138	280	-5.80466938
47.94	-128.62	1.1679138	275	-5.80466938
47.94	-128.62	1.1679138	269	-5.80466938
47.94	-128.62	1.1679138	268	-5.80466938
47.91	-128.55	1.1679138	231	-5.80466938
47.91	-128.57	1.1679138	388	-5.80466938
47.91	-128.57	1.1679138	286	-5.80466938
47.91	-128.57	1.1679138	287	-5.80466938
47.91	-128.57	1.1679138	280	-5.80466938
47.91	-128.58	1.1679138	296	-5.80466938
47.91	-128.58	1.1679138	297	-5.80466938
47.91	-128.58	1.1679138	316	-5.80466938
47.91	-128.59	1.1679138	328	-5.80466938
47.91	-128.59	1.1679138	326	-5.80466938
47.91	-128.59	1.1679138	324	-5.80466938
47.91	-128.55	1.1679138	264	-5.80466938
47.91	-128.59	1.1679138	313	-5.80466938
47.91	-128.6	1.1679138	299	-5.80466938
47.92	-128.6	1.1679138	290	-5.80466938
47.92	-128.6	1.1679138	292	-5.80466938
47.92	-128.6	1.1679138	263	-5.80466938
47.91	-128.55	1.1679138	376	-5.80466938
47.91	-128.55	1.1679138	408	-5.80466938
47.91	-128.55	1.1679138	425	-5.80466938
47.91	-128.56	1.1679138	355	-5.80466938
47.91	-128.56	1.1679138	440	-5.80466938
47.91	-128.56	1.1679138	632	-5.80466938
47.72	-127.79	3.251128	1301	1.003651619
47.72	-127.78	3.251128	340	1.003651619
47.72	-127.78	3.251128	370	1.003651619
47.72	-127.78	3.251128	274	1.003651619
47.73	-127.78	3.251128	262	-0.975069642
47.73	-127.78	3.251128	267	-0.975069642
47.73	-127.78	3.251128	290	-0.975069642
47.73	-127.77	3.251128	257	-0.975069642
47.73	-127.77	3.251128	252	-0.975069642
47.73	-127.77	3.251128	261	-0.975069642
47.74	-127.77	3.251128	278	-0.975069642
47.74	-127.77	3.251128	270	-0.975069642
47.72	-127.79	3.251128	3144	1.003651619
47.72	-127.78	3.251128	2022	1.003651619
47.72	-127.78	3.251128	994	1.003651619
47.72	-127.78	3.251128	604	1.003651619
47.72	-127.78	3.251128	434	1.003651619
47.72	-127.78	3.251128	403	1.003651619
47.72	-127.78	3.251128	383	1.003651619
47.89	-127.49	3.7126944	250	-1.241449118
47.91	-127.59	3.4528952	215	3.032176971
47.91	-127.59	3.4528952	224	3.032176971
47.72	-127.82	3.251128	196	-3.409561634
47.71	-127.78	3.251128	1194	1.003651619
47.71	-127.78	3.251128	452	1.003651619
47.71	-127.78	3.251128	422	1.003651619
47.71	-127.78	3.251128	301	1.003651619
47.71	-127.77	3.251128	218	1.003651619
47.71	-127.77	3.251128	205	1.003651619
47.71	-127.76	3.251128	191	1.003651619
47.7	-127.75	3.251128	171	1.003651619
47.7	-127.75	3.251128	166	1.003651619
47.72	-127.8	3.251128	211	1.003651619
47.71	-127.79	3.251128	256	1.003651619
47.71	-127.79	3.251128	291	1.003651619
47.71	-127.79	3.251128	939	1.003651619
48.47	-128.78	0.34311613	404	-13.25694942
48.47	-128.8	0.34311613	397	-13.25694942
48.57	-128.69	0.44956386	371	-24.77534676
48.57	-128.69	0.44956386	262	-24.77534676
48.57	-128.69	0.44956386	267	-24.77534676
48.57	-128.7	0.44956386	338	-24.77534676
48.57	-128.7	0.44956386	388	-24.77534676
48.56	-128.7	0.44956386	359	-24.77534676
48.56	-128.7	0.44956386	474	-24.77534676
48.55	-128.71	0.59159386	587	-24.77534676
48.55	-128.71	0.59159386	494	-24.77534676
48.55	-128.72	0.59159386	413	-24.77534676
48.54	-128.72	0.59159386	335	-10.74924183
48.53	-128.72	0.59159386	302	-10.74924183
48.52	-128.73	0.59159386	278	-10.74924183
48.52	-128.73	0.59159386	305	-10.74924183
48.51	-128.74	0.59159386	306	-10.74924183
48.51	-128.74	0.59159386	217	-10.74924183
48.52	-128.82	0.34311613	165	-13.25694942
48.52	-128.8	0.34311613	159	-13.25694942
48.53	-128.79	0.34311613	161	-13.25694942
48.52	-128.78	0.34311613	150	-13.25694942
48.52	-128.77	0.34311613	169	-13.25694942
48.51	-128.77	0.34311613	133	-13.25694942
48.5	-128.77	0.34311613	230	-13.25694942
48.49	-128.76	0.34311613	263	-13.25694942
48.49	-128.76	0.34311613	268	-13.25694942
48.48	-128.76	0.34311613	272	-13.25694942
48.47	-128.75	0.34311613	309	-13.25694942
48.47	-128.75	0.34311613	348	-13.25694942
48.46	-128.74	0.59159386	424	-10.74924183
48.45	-128.74	0.59159386	412	-10.74924183
48.45	-128.74	0.59159386	1005	-10.74924183
48.51	-128.78	0.34311613	151	-13.25694942
48.51	-128.78	0.34311613	189	-13.25694942
48.51	-128.77	0.34311613	120	-13.25694942
48.51	-128.77	0.34311613	203	-13.25694942
48.5	-128.76	0.34311613	299	-13.25694942
48.5	-128.76	0.34311613	320	-13.25694942
48.5	-128.75	0.34311613	246	-13.25694942
48.49	-128.74	0.59159386	206	-10.74924183
48.49	-128.73	0.59159386	341	-10.74924183
48.49	-128.73	0.59159386	395	-10.74924183
48.49	-128.72	0.59159386	390	-10.74924183
48.48	-128.72	0.59159386	570	-10.74924183
48.48	-128.71	0.59159386	744	-10.74924183
48.45	-128.72	0.59159386	774	-10.74924183
48.45	-128.72	0.59159386	1073	-10.74924183
48.46	-128.71	0.59159386	2894	-10.74924183
48.46	-128.71	0.59159386	1528	-10.74924183
48.45	-128.7	0.59159386	1313	-10.74924183
48.45	-128.7	0.59159386	729	-10.74924183
48.44	-128.69	0.79336768	581	-10.74924183
48.44	-128.69	0.79336768	605	-10.74924183
48.44	-128.69	0.79336768	707	-10.74924183
48.44	-128.68	0.79336768	1507	-10.74924183
48.43	-128.68	0.79336768	3200	-10.74924183
48.43	-128.68	0.79336768	2129	-10.74924183
48.43	-128.67	0.79336768	883	-10.74924183
48.43	-128.67	0.79336768	684	-10.74924183
48.43	-128.67	0.79336768	556	-10.74924183
48.43	-128.66	0.79336768	466	-10.74924183
48.4	-128.73	0.79336768	841	0.947541118
48.4	-128.73	0.79336768	677	0.947541118
48.4	-128.72	0.79336768	995	0.947541118
48.4	-128.72	0.79336768	772	0.947541118
48.4	-128.72	0.79336768	659	0.947541118
48.4	-128.71	0.79336768	654	0.947541118
48.4	-128.7	0.79336768	683	0.947541118
48.4	-128.7	0.79336768	687	0.947541118
48.4	-128.69	0.79336768	616	0.947541118
48.4	-128.69	0.79336768	631	0.947541118
48.39	-128.68	0.79336768	788	0.947541118
48.39	-128.68	0.79336768	690	0.947541118
48.39	-128.67	0.79336768	589	0.947541118
48.39	-128.67	0.79336768	589	0.947541118
48.39	-128.66	0.79336768	648	0.947541118
48.39	-128.66	0.79336768	686	0.947541118
48.39	-128.65	0.79336768	548	0.947541118
48.39	-128.64	1.033847	699	0.947541118
48.39	-128.64	1.033847	787	0.947541118
48.39	-128.63	1.033847	902	0.947541118
48.39	-128.63	1.033847	534	0.947541118
48.38	-128.62	1.033847	465	2.668863773
48.38	-128.61	1.033847	355	2.668863773
48.38	-128.61	1.033847	304	2.668863773
48.4	-128.84	0.53057241	1319	-3.627408266
48.4	-128.83	0.53057241	1429	-3.627408266
48.39	-128.83	0.53057241	1497	-3.627408266
48.39	-128.82	0.53057241	952	-3.627408266
48.39	-128.82	0.53057241	865	-3.627408266
48.39	-128.81	0.53057241	763	-3.627408266
48.39	-128.79	0.53057241	602	-3.627408266
48.38	-128.79	0.53057241	598	-3.627408266
48.39	-128.78	0.53057241	586	-3.627408266
48.39	-128.77	0.53057241	539	-3.627408266
48.39	-128.77	0.53057241	510	-3.627408266
48.39	-128.76	0.53057241	487	-3.627408266
48.39	-128.75	0.53057241	530	-3.627408266
48.39	-128.73	0.79336768	914	0.947541118
48.39	-128.72	0.79336768	758	0.947541118
48.39	-128.72	0.79336768	666	0.947541118
48.39	-128.71	0.79336768	620	0.947541118
48.39	-128.71	0.79336768	553	0.947541118
48.44	-128.76	0.53057241	573	-13.25694942
48.44	-128.76	0.53057241	559	-13.25694942
48.44	-128.75	0.53057241	594	-13.25694942
48.44	-128.75	0.53057241	641	-13.25694942
48.44	-128.74	0.79336768	567	-10.74924183
48.44	-128.73	0.79336768	661	-10.74924183
48.44	-128.72	0.79336768	704	-10.74924183
48.44	-128.72	0.79336768	812	-10.74924183
48.44	-128.7	0.79336768	857	-10.74924183
48.44	-128.7	0.79336768	653	-10.74924183
48.44	-128.69	0.79336768	594	-10.74924183
48.44	-128.69	0.79336768	637	-10.74924183
48.44	-128.68	0.79336768	1665	-10.74924183
48.44	-128.68	0.79336768	2298	-10.74924183
48.44	-128.67	0.79336768	727	-10.74924183
48.44	-128.66	0.79336768	419	-10.74924183
48.44	-128.65	0.79336768	218	-10.74924183
48.44	-128.63	1.033847	290	-10.74924183
48.29	-128.69	0.80387408	532	-1.013275385
48.3	-128.7	0.80387408	1101	-1.013275385
48.31	-128.7	0.80387408	387	0.947541118
48.32	-128.71	0.80387408	278	0.947541118
48.32	-128.71	0.80387408	325	0.947541118
48.33	-128.72	0.80387408	322	0.947541118
48.34	-128.72	0.80387408	395	0.947541118
48.34	-128.73	0.80387408	422	0.947541118
48.35	-128.73	0.79336768	502	0.947541118
48.36	-128.74	0.79336768	550	0.947541118
48.37	-128.74	0.79336768	788	0.947541118
48.37	-128.74	0.79336768	935	0.947541118
48.38	-128.75	0.53057241	673	-3.627408266
48.39	-128.75	0.53057241	586	-3.627408266
48.4	-128.76	0.53057241	587	-3.627408266
48.29	-128.78	0.54432315	313	-5.456256866
48.29	-128.78	0.54432315	290	-5.456256866
48.31	-128.78	0.54432315	292	-3.627408266
48.33	-128.78	0.54432315	322	-3.627408266
48.33	-128.78	0.54432315	361	-3.627408266
48.34	-128.78	0.54432315	353	-3.627408266
48.34	-128.78	0.54432315	365	-3.627408266
48.35	-128.78	0.53057241	354	-3.627408266
48.35	-128.78	0.53057241	335	-3.627408266
48.36	-128.8	0.53057241	303	-3.627408266
48.36	-128.81	0.53057241	385	-3.627408266
48.36	-128.83	0.53057241	469	-3.627408266
48.36	-128.83	0.53057241	627	-3.627408266
48.36	-128.83	0.53057241	807	-3.627408266
48.36	-128.84	0.53057241	1022	-3.627408266
48.36	-128.85	0.53057241	1289	-3.627408266
48.37	-128.86	0.25480604	1150	2.990579128
48.37	-128.87	0.25480604	1095	2.990579128
48.38	-128.88	0.25480604	1158	2.990579128
48.38	-128.9	0.25480604	1076	2.990579128
48.35	-128.77	0.53057241	367	-3.627408266
48.36	-128.77	0.53057241	341	-3.627408266
48.39	-128.77	0.53057241	533	-3.627408266
48.41	-128.73	0.79336768	858	0.947541118
48.42	-128.73	0.79336768	861	0.947541118
48.41	-128.74	0.79336768	740	0.947541118
48.41	-128.75	0.53057241	624	-3.627408266
48.42	-128.75	0.53057241	679	-3.627408266
48.42	-128.77	0.53057241	763	-3.627408266
48.42	-128.77	0.53057241	698	-3.627408266
48.42	-128.78	0.53057241	706	-3.627408266
48.42	-128.78	0.53057241	743	-3.627408266
48.42	-128.79	0.53057241	788	-3.627408266
48.42	-128.79	0.53057241	881	-3.627408266
48.43	-128.8	0.53057241	959	-13.25694942
48.43	-128.8	0.53057241	1023	-13.25694942
48.43	-128.81	0.53057241	1153	-13.25694942
48.43	-128.82	0.53057241	1665	-13.25694942
48.43	-128.83	0.53057241	1124	-13.25694942
48.43	-128.84	0.53057241	888	-13.25694942
48.43	-128.85	0.53057241	1018	-13.25694942
48.43	-128.85	0.53057241	792	-13.25694942
48.43	-128.85	0.53057241	912	-13.25694942
48.43	-128.86	0.25480604	897	-8.025933266
48.44	-128.76	0.53057241	765	-13.25694942
48.44	-128.76	0.53057241	690	-13.25694942
48.44	-128.77	0.53057241	546	-13.25694942
48.44	-128.78	0.53057241	550	-13.25694942
48.45	-128.78	0.34311613	502	-13.25694942
48.45	-128.79	0.34311613	477	-13.25694942
48.45	-128.79	0.34311613	481	-13.25694942
48.46	-128.8	0.34311613	426	-13.25694942
48.46	-128.81	0.34311613	477	-13.25694942
48.46	-128.82	0.34311613	429	-13.25694942
48.46	-128.82	0.34311613	540	-13.25694942
48.46	-128.83	0.34311613	840	-13.25694942
48.46	-128.84	0.34311613	1246	-13.25694942
48.46	-128.85	0.34311613	1171	-13.25694942
48.47	-128.86	0.15120271	1531	-8.025933266
48.47	-128.57	0.8665905	416	8.065933228
48.47	-128.58	0.8665905	421	8.065933228
48.47	-128.58	0.8665905	481	8.065933228
48.47	-128.59	0.8665905	461	8.065933228
48.47	-128.59	0.8665905	444	8.065933228
48.47	-128.6	0.8665905	518	8.065933228
48.47	-128.6	0.8665905	221	8.065933228
48.48	-128.61	0.8665905	619	8.065933228
48.48	-128.62	0.8665905	358	8.065933228
48.48	-128.62	0.8665905	368	8.065933228
48.48	-128.63	0.8665905	363	-10.74924183
48.48	-128.63	0.8665905	639	-10.74924183
48.48	-128.63	0.8665905	526	-10.74924183
48.48	-128.64	0.8665905	549	-10.74924183
48.48	-128.65	0.59159386	411	-10.74924183
48.45	-128.61	0.8665905	924	8.065933228
48.46	-128.61	0.8665905	1090	8.065933228
48.46	-128.62	0.8665905	425	8.065933228
48.46	-128.62	0.8665905	355	8.065933228
48.45	-128.63	0.8665905	387	-10.74924183
48.45	-128.63	0.8665905	325	-10.74924183
48.45	-128.63	0.8665905	250	-10.74924183
48.45	-128.63	0.8665905	829	-10.74924183
48.45	-128.64	0.8665905	631	-10.74924183
48.45	-128.64	0.8665905	376	-10.74924183
48.45	-128.65	0.59159386	470	-10.74924183
48.45	-128.65	0.59159386	440	-10.74924183
48.45	-128.65	0.59159386	418	-10.74924183
48.45	-128.65	0.59159386	493	-10.74924183
48.45	-128.66	0.59159386	396	-10.74924183
48.43	-128.73	0.79336768	697	-10.74924183
48.44	-128.73	0.79336768	698	-10.74924183
48.44	-128.73	0.79336768	699	-10.74924183
48.45	-128.73	0.59159386	680	-10.74924183
48.45	-128.72	0.59159386	777	-10.74924183
48.46	-128.72	0.59159386	1760	-10.74924183
48.46	-128.71	0.59159386	1233	-10.74924183
48.47	-128.71	0.59159386	1488	-10.74924183
48.47	-128.71	0.59159386	1496	-10.74924183
48.47	-128.7	0.59159386	963	-10.74924183
48.47	-128.7	0.59159386	937	-10.74924183
48.48	-128.7	0.59159386	1062	-10.74924183
48.48	-128.7	0.59159386	1044	-10.74924183
48.48	-128.69	0.59159386	1088	-10.74924183
48.49	-128.69	0.59159386	896	-10.74924183
48.49	-128.69	0.59159386	742	-10.74924183
48.5	-128.69	0.59159386	637	-10.74924183
48.5	-128.69	0.59159386	636	-10.74924183
48.51	-128.69	0.59159386	519	-10.74924183
48.51	-128.68	0.59159386	418	-10.74924183
48.45	-128.65	0.59159386	453	-10.74924183
48.45	-128.65	0.59159386	453	-10.74924183
48.45	-128.66	0.59159386	362	-10.74924183
48.45	-128.66	0.59159386	399	-10.74924183
48.45	-128.66	0.59159386	386	-10.74924183
48.45	-128.67	0.59159386	176	-10.74924183
48.45	-128.67	0.59159386	153	-10.74924183
48.45	-128.68	0.59159386	411	-10.74924183
48.45	-128.68	0.59159386	426	-10.74924183
48.45	-128.69	0.59159386	466	-10.74924183
48.45	-128.69	0.59159386	524	-10.74924183
48.46	-128.7	0.59159386	729	-10.74924183
48.46	-128.7	0.59159386	994	-10.74924183
48.46	-128.7	0.59159386	1663	-10.74924183
48.46	-128.71	0.59159386	2653	-10.74924183
48.46	-128.71	0.59159386	4439	-10.74924183
48.46	-128.71	0.59159386	1898	-10.74924183
48.46	-128.71	0.59159386	1099	-10.74924183
48.46	-128.72	0.59159386	904	-10.74924183
48.47	-128.72	0.59159386	832	-10.74924183
48.47	-128.72	0.59159386	800	-10.74924183
48.47	-128.71	0.59159386	862	-10.74924183
48.47	-128.71	0.59159386	923	-10.74924183
48.47	-128.71	0.59159386	1049	-10.74924183
48.47	-128.71	0.59159386	1181	-10.74924183
48.48	-128.7	0.59159386	1052	-10.74924183
48.48	-128.7	0.59159386	851	-10.74924183
48.48	-128.7	0.59159386	791	-10.74924183
48.48	-128.69	0.59159386	609	-10.74924183
48.48	-128.68	0.59159386	421	-10.74924183
48.48	-128.67	0.59159386	427	-10.74924183
48.48	-128.67	0.59159386	390	-10.74924183
48.47	-128.73	0.59159386	618	-10.74924183
48.47	-128.73	0.59159386	606	-10.74924183
48.47	-128.73	0.59159386	679	-10.74924183
48.47	-128.73	0.59159386	872	-10.74924183
48.46	-128.72	0.59159386	918	-10.74924183
48.46	-128.72	0.59159386	1511	-10.74924183
48.46	-128.71	0.59159386	4559	-10.74924183
48.46	-128.71	0.59159386	3022	-10.74924183
48.46	-128.71	0.59159386	1926	-10.74924183
48.46	-128.71	0.59159386	1742	-10.74924183
48.46	-128.71	0.59159386	1813	-10.74924183
48.46	-128.71	0.59159386	2029	-10.74924183
48.46	-128.71	0.59159386	2031	-10.74924183
48.46	-128.71	0.59159386	1815	-10.74924183
48.46	-128.71	0.59159386	1644	-10.74924183
48.46	-128.71	0.59159386	1498	-10.74924183
48.47	-128.71	0.59159386	1317	-10.74924183
48.47	-128.71	0.59159386	1236	-10.74924183
48.47	-128.71	0.59159386	1076	-10.74924183
48.48	-128.68	0.59159386	418	-10.74924183
48.48	-128.67	0.59159386	413	-10.74924183
48.47	-128.68	0.59159386	406	-10.74924183
48.47	-128.68	0.59159386	409	-10.74924183
48.47	-128.68	0.59159386	412	-10.74924183
48.47	-128.68	0.59159386	418	-10.74924183
48.46	-128.68	0.59159386	420	-10.74924183
48.46	-128.68	0.59159386	418	-10.74924183
48.45	-128.68	0.59159386	433	-10.74924183
48.45	-128.68	0.59159386	424	-10.74924183
48.45	-128.68	0.59159386	362	-10.74924183
48.44	-128.68	0.79336768	187	-10.74924183
48.44	-128.68	0.79336768	509	-10.74924183
48.44	-128.68	0.79336768	539	-10.74924183
48.44	-128.68	0.79336768	584	-10.74924183
48.44	-128.68	0.79336768	684	-10.74924183
48.44	-128.68	0.79336768	632	-10.74924183
48.44	-128.68	0.79336768	965	-10.74924183
48.44	-128.68	0.79336768	764	-10.74924183
48.43	-128.68	0.79336768	4907	-10.74924183
48.43	-128.68	0.79336768	3646	-10.74924183
48.43	-128.68	0.79336768	1484	-10.74924183
48.42	-128.68	0.79336768	842	0.947541118
48.42	-128.68	0.79336768	600	0.947541118
48.41	-128.68	0.79336768	529	0.947541118
48.41	-128.68	0.79336768	307	0.947541118
48.4	-128.68	0.79336768	484	0.947541118
48.4	-128.68	0.79336768	298	0.947541118
48.4	-128.68	0.79336768	311	0.947541118
48.39	-128.68	0.79336768	270	0.947541118
48.38	-128.68	0.79336768	1405	0.947541118
48.38	-128.68	0.79336768	606	0.947541118
48.42	-128.72	0.79336768	901	0.947541118
48.42	-128.71	0.79336768	757	0.947541118
48.42	-128.71	0.79336768	658	0.947541118
48.43	-128.7	0.79336768	641	-10.74924183
48.43	-128.69	0.79336768	663	-10.74924183
48.43	-128.69	0.79336768	885	-10.74924183
48.44	-128.69	0.79336768	1062	-10.74924183
48.44	-128.68	0.79336768	368	-10.74924183
48.45	-128.67	0.59159386	393	-10.74924183
48.46	-128.66	0.59159386	323	-10.74924183
48.44	-128.67	0.79336768	469	-10.74924183
48.44	-128.67	0.79336768	460	-10.74924183
48.45	-128.67	0.59159386	433	-10.74924183
48.45	-128.66	0.59159386	404	-10.74924183
48.45	-128.66	0.59159386	391	-10.74924183
48.44	-128.66	0.79336768	407	-10.74924183
48.44	-128.66	0.79336768	409	-10.74924183
48.43	-128.66	0.79336768	432	-10.74924183
48.43	-128.66	0.79336768	462	-10.74924183
48.43	-128.66	0.79336768	276	-10.74924183
48.43	-128.66	0.79336768	505	-10.74924183
48.42	-128.66	0.79336768	491	0.947541118
48.42	-128.67	0.79336768	485	0.947541118
48.41	-128.67	0.79336768	454	0.947541118
48.41	-128.67	0.79336768	248	0.947541118
48.4	-128.67	0.79336768	451	0.947541118
48.4	-128.66	0.79336768	321	0.947541118
48.4	-128.66	0.79336768	526	0.947541118
48.41	-128.65	0.79336768	414	0.947541118
48.4	-128.64	1.033847	433	0.947541118
48.4	-128.64	1.033847	486	0.947541118
48.4	-128.64	1.033847	583	0.947541118
48.49	-128.63	0.8665905	1239	-10.74924183
48.49	-128.63	0.8665905	1207	-10.74924183
48.49	-128.63	0.8665905	1262	-10.74924183
48.49	-128.64	0.8665905	507	-10.74924183
48.48	-128.64	0.8665905	508	-10.74924183
48.48	-128.64	0.8665905	494	-10.74924183
48.48	-128.64	0.8665905	478	-10.74924183
48.48	-128.64	0.8665905	449	-10.74924183
48.48	-128.64	0.8665905	535	-10.74924183
48.47	-128.64	0.8665905	493	-10.74924183
48.47	-128.64	0.8665905	552	-10.74924183
48.47	-128.64	0.8665905	685	-10.74924183
48.46	-128.64	0.8665905	962	-10.74924183
48.46	-128.64	0.8665905	6555	-10.74924183
48.46	-128.64	0.8665905	1294	-10.74924183
48.45	-128.64	0.8665905	542	-10.74924183
48.45	-128.64	0.8665905	503	-10.74924183
48.45	-128.64	0.8665905	480	-10.74924183
48.44	-128.64	1.033847	479	-10.74924183
48.44	-128.64	1.033847	504	-10.74924183
48.44	-128.64	1.033847	475	-10.74924183
48.44	-128.65	0.79336768	467	-10.74924183
48.44	-128.65	0.79336768	480	-10.74924183
48.43	-128.65	0.79336768	469	-10.74924183
48.43	-128.65	0.79336768	469	-10.74924183
48.43	-128.65	0.79336768	565	-10.74924183
48.43	-128.65	0.79336768	644	-10.74924183
48.42	-128.65	0.79336768	742	0.947541118
48.42	-128.65	0.79336768	712	0.947541118
48.42	-128.65	0.79336768	661	0.947541118
48.42	-128.65	0.79336768	605	0.947541118
48.41	-128.65	0.79336768	518	0.947541118
48.41	-128.66	0.79336768	566	0.947541118
48.41	-128.66	0.79336768	298	0.947541118
48.41	-128.66	0.79336768	496	0.947541118
48.43	-128.69	0.79336768	810	-10.74924183
48.43	-128.69	0.79336768	907	-10.74924183
48.43	-128.69	0.79336768	1134	-10.74924183
48.43	-128.69	0.79336768	1648	-10.74924183
48.43	-128.68	0.79336768	3092	-10.74924183
48.43	-128.68	0.79336768	4714	-10.74924183
48.43	-128.68	0.79336768	1872	-10.74924183
48.43	-128.67	0.79336768	1072	-10.74924183
48.43	-128.66	0.79336768	551	-10.74924183
48.43	-128.66	0.79336768	502	-10.74924183
48.42	-128.65	0.79336768	420	0.947541118
48.42	-128.65	0.79336768	305	0.947541118
48.42	-128.59	1.033847	401	2.668863773
48.42	-128.6	1.033847	407	2.668863773
48.42	-128.6	1.033847	429	2.668863773
48.42	-128.6	1.033847	460	2.668863773
48.42	-128.61	1.033847	463	2.668863773
48.42	-128.61	1.033847	416	2.668863773
48.42	-128.62	1.033847	432	2.668863773
48.42	-128.62	1.033847	589	2.668863773
48.42	-128.63	1.033847	458	0.947541118
48.42	-128.63	1.033847	506	0.947541118
48.42	-128.63	1.033847	461	0.947541118
48.42	-128.63	1.033847	451	0.947541118
48.42	-128.64	1.033847	450	0.947541118
48.42	-128.64	1.033847	411	0.947541118
48.42	-128.64	1.033847	354	0.947541118
48.42	-128.64	1.033847	365	0.947541118
48.42	-128.65	0.79336768	276	0.947541118
48.42	-128.65	0.79336768	656	0.947541118
48.42	-128.65	0.79336768	355	0.947541118
48.42	-128.65	0.79336768	558	0.947541118
48.42	-128.66	0.79336768	513	0.947541118
48.42	-128.66	0.79336768	484	0.947541118
48.42	-128.67	0.79336768	471	0.947541118
48.42	-128.67	0.79336768	520	0.947541118
48.42	-128.67	0.79336768	585	0.947541118
48.42	-128.68	0.79336768	309	0.947541118
48.42	-128.68	0.79336768	926	0.947541118
48.43	-128.68	0.79336768	1285	-10.74924183
48.43	-128.68	0.79336768	1677	-10.74924183
48.43	-128.68	0.79336768	1877	-10.74924183
48.43	-128.68	0.79336768	3484	-10.74924183
48.43	-128.68	0.79336768	4183	-10.74924183
48.43	-128.68	0.79336768	979	-10.74924183
48.44	-128.69	0.79336768	845	-10.74924183
48.44	-128.69	0.79336768	652	-10.74924183
48.44	-128.69	0.79336768	588	-10.74924183
48.44	-128.7	0.79336768	584	-10.74924183
48.44	-128.7	0.79336768	629	-10.74924183
48.44	-128.7	0.79336768	699	-10.74924183
48.44	-128.71	0.79336768	819	-10.74924183
48.44	-128.71	0.79336768	1037	-10.74924183
48.44	-128.71	0.79336768	999	-10.74924183
48.44	-128.72	0.79336768	934	-10.74924183
48.45	-128.71	0.59159386	882	-10.74924183
48.45	-128.71	0.59159386	1001	-10.74924183
48.45	-128.71	0.59159386	1113	-10.74924183
48.45	-128.71	0.59159386	1716	-10.74924183
48.46	-128.71	0.59159386	5393	-10.74924183
48.46	-128.71	0.59159386	1866	-10.74924183
48.46	-128.71	0.59159386	1292	-10.74924183
48.47	-128.71	0.59159386	1477	-10.74924183
48.47	-128.7	0.59159386	1708	-10.74924183
48.47	-128.7	0.59159386	1293	-10.74924183
48.48	-128.7	0.59159386	1088	-10.74924183
48.47	-128.66	0.59159386	160	-10.74924183
48.47	-128.66	0.59159386	371	-10.74924183
48.47	-128.66	0.59159386	379	-10.74924183
48.46	-128.65	0.59159386	443	-10.74924183
48.46	-128.65	0.59159386	519	-10.74924183
48.46	-128.65	0.59159386	697	-10.74924183
48.46	-128.64	0.8665905	1127	-10.74924183
48.46	-128.64	0.8665905	2489	-10.74924183
48.46	-128.64	0.8665905	2421	-10.74924183
48.46	-128.63	0.8665905	402	-10.74924183
48.46	-128.63	0.8665905	371	-10.74924183
48.46	-128.62	0.8665905	421	8.065933228
48.46	-128.62	0.8665905	472	8.065933228
48.46	-128.62	0.8665905	653	8.065933228
48.46	-128.61	0.8665905	1444	8.065933228
48.46	-128.61	0.8665905	1460	8.065933228
48.45	-128.61	0.8665905	541	8.065933228
48.45	-128.6	0.8665905	433	8.065933228
48.45	-128.6	0.8665905	417	8.065933228
48.45	-128.59	0.8665905	460	8.065933228
48.45	-128.59	0.8665905	433	8.065933228
48.46	-128.63	0.8665905	536	-10.74924183
48.46	-128.63	0.8665905	617	-10.74924183
48.46	-128.63	0.8665905	1162	-10.74924183
48.46	-128.63	0.8665905	817	-10.74924183
48.46	-128.64	0.8665905	860	-10.74924183
48.46	-128.64	0.8665905	706	-10.74924183
48.46	-128.64	0.8665905	806	-10.74924183
48.46	-128.64	0.8665905	650	-10.74924183
48.46	-128.65	0.59159386	476	-10.74924183
48.46	-128.66	0.59159386	323	-10.74924183
48.46	-128.66	0.59159386	282	-10.74924183
48.46	-128.67	0.59159386	295	-10.74924183
48.46	-128.67	0.59159386	323	-10.74924183
48.46	-128.68	0.59159386	338	-10.74924183
48.46	-128.68	0.59159386	373	-10.74924183
48.46	-128.69	0.59159386	405	-10.74924183
48.46	-128.7	0.59159386	496	-10.74924183
48.46	-128.7	0.59159386	1247	-10.74924183
48.46	-128.71	0.59159386	113	-10.74924183
48.46	-128.71	0.59159386	2440	-10.74924183
48.46	-128.71	0.59159386	6280	-10.74924183
48.46	-128.71	0.59159386	3479	-10.74924183
48.46	-128.71	0.59159386	39	-10.74924183
48.46	-128.71	0.59159386	7932	-10.74924183
48.46	-128.71	0.59159386	2282	-10.74924183
48.46	-128.72	0.59159386	1228	-10.74924183
48.46	-128.72	0.59159386	1209	-10.74924183
48.46	-128.72	0.59159386	1318	-10.74924183
48.46	-128.72	0.59159386	1033	-10.74924183
48.46	-128.72	0.59159386	1155	-10.74924183
48.46	-128.72	0.59159386	1306	-10.74924183
48.46	-128.71	0.59159386	1538	-10.74924183
48.46	-128.71	0.59159386	6788	-10.74924183
48.46	-128.71	0.59159386	2142	-10.74924183
48.46	-128.71	0.59159386	1643	-10.74924183
48.46	-128.7	0.59159386	1029	-10.74924183
48.46	-128.71	0.59159386	1300	-10.74924183
48.46	-128.71	0.59159386	4818	-10.74924183
48.46	-128.71	0.59159386	7599	-10.74924183
48.46	-128.71	0.59159386	4106	-10.74924183
48.46	-128.71	0.59159386	1505	-10.74924183
48.46	-128.72	0.59159386	1240	-10.74924183
48.46	-128.71	0.59159386	1484	-10.74924183
48.46	-128.71	0.59159386	1916	-10.74924183
48.46	-128.71	0.59159386	4434	-10.74924183
48.46	-128.71	0.59159386	5963	-10.74924183
48.46	-128.71	0.59159386	2371	-10.74924183
48.46	-128.71	0.59159386	1615	-10.74924183
44.65	-130.85	1.9146042	190	-0.481376469
44.48	-129.88	0.78107381	40	-1.401518822
44.63	-130.13	0.36031222	80	-8.108915329
44.62	-130.52	0.67423803	560	6.715477943
44.65	-130.77	1.9146042	110	4.116728783
45.87	-130.57	2.5964611	210	-5.647596359
45.8	-130.82	3.3465738	280	-12.15638924
46.2	-130.02	1.1109359	140	15.83944607
50.07	-132.42	7.3883481	29	-2.727544546
48.32	-131.63	6.8122478	50	-13.53044987
46.25	-131.98	7.888742	33	-16.92653084
43.85	-130.92	5.6550808	134	-11.7550602
42.32	-130.65	6.8167458	21	-7.482584
40.6	-130.43	6.2645273	4	-6.07301712
40.58	-129.37	4.2579012	151	20.94943237
38.58	-127.75	33.229568	25	-36.44278717
46.8	-125.53	8.4658957	85	-17.84498596
46.8	-125.55	8.262826	84	-17.84498596
46.8	-125.55	8.262826	90	-17.84498596
46.8	-125.56	8.262826	94	-17.84498596
46.8	-125.57	8.262826	102	-17.84498596
46.8	-125.57	8.262826	117	-17.84498596
46.78	-125.76	7.7502818	84	-12.26125526
46.79	-125.69	8.0188046	103	-13.83868694
46.79	-125.71	8.0188046	91	-12.26125526
46.78	-125.77	7.7502818	86	-12.26125526
46.79	-125.72	8.0188046	89	-12.26125526
46.78	-125.78	7.7502818	114	-12.26125526
46.78	-125.73	8.0188046	86	-12.26125526
46.78	-125.75	7.7502818	87	-12.26125526
46.77	-125.92	7.4773855	111	-32.29166031
46.77	-125.94	7.4773855	113	-32.29166031
46.77	-125.95	7.2581306	110	-37.34703827
46.76	-125.96	7.2581306	105	-37.34703827
46.76	-125.98	7.2581306	107	-37.34703827
46.76	-125.98	7.2581306	105	-37.34703827
46.76	-125.98	7.2581306	102	-37.34703827
46.76	-126.04	7.2581306	114	-37.34703827
46.76	-126.04	7.2581306	108	-37.34703827
46.76	-126.05	7.0691643	107	-37.34703827
46.74	-126.23	6.8100848	312	-26.99987602
46.74	-126.22	6.8100848	182	-26.99987602
46.74	-126.2	6.8100848	107	-26.99987602
46.74	-126.19	6.8100848	127	-26.99987602
46.74	-126.18	6.8100848	116	-26.99987602
46.75	-126.16	6.8100848	116	-36.80311203
46.74	-126.18	6.8100848	119	-26.99987602
46.74	-126.2	6.8100848	135	-26.99987602
46.74	-126.21	6.8100848	153	-26.99987602
46.74	-126.21	6.8100848	160	-26.99987602
46.74	-126.22	6.8100848	255	-26.99987602
46.74	-126.24	6.8100848	424	-26.99987602
46.74	-126.24	6.8100848	438	-26.99987602
46.74	-126.25	6.8100848	401	-26.99987602
46.68	-126.14	7.0371647	109	-36.80311203
46.68	-126.15	6.8100848	111	-36.80311203
46.68	-126.16	6.8100848	122	-36.80311203
46.67	-126.18	6.8100848	115	-29.47881699
46.67	-126.19	6.8100848	124	-29.47881699
46.67	-126.2	6.8100848	126	-29.47881699
39.02	-120.07	16.215477	41	-8.291594505
39.05	-120	16.215477	65	-8.291594505
39.05	-120.03	16.215477	93	-8.291594505
39.12	-120.02	16.215477	92	-24.76078415
39.17	-120	16.215477	67	-24.76078415
39.2	-119.98	16.215477	48	61.28885269
39.2	-119.98	16.215477	48	61.28885269
39.15	-120.02	16.215477	70	-24.76078415
39.07	-120.03	16.215477	63	-8.291594505
39.07	-120.03	16.215477	63	-8.291594505
39.1	-120.07	16.215477	70	-24.76078415
43.52	-119.72	9.5357075	104	8.098041534
43.48	-119.54	9.5357075	75	13.5412674
43.48	-119.54	9.5357075	75	13.5412674
43.3	-119.15	9.4671307	75	-5.782003403
43.22	-119.25	9.2272873	87	-13.80374813
43.35	-119.12	9.4671307	46	-5.782003403
43.44	-119.02	9.5350513	41	-19.61800575
43.58	-119.41	9.5827484	62	-6.747107506
43.48	-119.54	9.5357075	142	13.5412674
43.48	-119.54	9.5357075	146	13.5412674
43.43	-119.62	9.5350513	96	13.5412674
43.31	-119.76	9.4671307	33	17.96736908
43.19	-119.89	9.2272873	83	2.610777855
43.31	-119.78	9.4671307	79	17.96736908
43.66	-119.94	9.5827484	62	6.098480225
43.51	-120.04	9.5357075	121	5.062514305
43.49	-120.1	9.5357075	79	5.062514305
43.77	-120.38	9.5827484	87	16.47670174
43.77	-120.38	9.5827484	87	16.47670174
43.86	-120.26	9.8749847	75	42.61938477
45.21	-119.34	9.5008411	79	42.94602966
43.21	-119.04	9.2272873	125	-0.940447748
52.22	-132.15	6.5335484	270	-74.888237
52.22	-132.14	6.103384	265	-74.888237
52.27	-132.1	6.1315002	144	-86.58365631
52.27	-132.09	6.1315002	134	-86.58365631
52.27	-132.09	6.1315002	139	-86.58365631
52.54	-132.31	7.263514	74	-84.23159027
52.54	-132.31	7.263514	69	-84.23159027
52.55	-132.3	7.263514	56	-84.23159027
52.58	-132.27	7.263514	67	-84.23159027
52.61	-132.16	7.0473046	66	-103.1614609
52.41	-131.94	5.7069907	77	-107.3900833
52.17	-131.72	4.5949821	66	-86.80726624
52.16	-131.77	5.1155453	80	-86.80726624
52.34	-131.99	5.8991323	77	-95.55770111
52.34	-131.99	5.8991323	84	-95.55770111
52.16	-132.03	5.6060786	247	-86.58365631
52.33	-131.99	5.8991323	111	-95.55770111
51.97	-131.53	3.7449136	104	-56.58182144
51.95	-131.55	3.8910007	128	-45.34212875
51.8	-131.25	2.4903505	98	-45.89249039
50.83	-124.89	7.2214351	46	-26.31177711
50.83	-124.89	7.2214351	46	-26.31177711
50.83	-124.89	7.2214351	46	-26.31177711
50.83	-124.89	7.2214351	46	-26.31177711
50.83	-124.89	7.2214351	46	-26.31177711
50.83	-124.89	7.2214351	46	-26.31177711
50.83	-124.89	7.2214351	46	-26.31177711
50.09	-124.81	7.2320395	38	-39.92813492
50.09	-124.81	7.2320395	38	-39.92813492
50.09	-124.81	7.2320395	38	-39.92813492
50.09	-124.81	7.2320395	38	-39.92813492
50.09	-124.81	7.2320395	38	-39.92813492
50.09	-124.81	7.2320395	38	-39.92813492
50.09	-124.81	7.2320395	38	-39.92813492
50.09	-124.81	7.2320395	38	-39.92813492
49.88	-124.06	7.9011574	33	-55.02227402
49.88	-124.06	7.9011574	33	-55.02227402
49.88	-124.06	7.9011574	33	-55.02227402
49.88	-124.06	7.9011574	33	-55.02227402
49.88	-124.06	7.9011574	33	-55.02227402
49.88	-124.06	7.9011574	33	-55.02227402
49.88	-124.06	7.9011574	33	-55.02227402
49.88	-124.06	7.9011574	33	-55.02227402
49.87	-124.05	7.9011574	33	-55.02227402
49.87	-124.05	7.9011574	33	-55.02227402
49.87	-124.05	7.9011574	33	-55.02227402
49.87	-124.05	7.9011574	33	-55.02227402
49.87	-124.05	7.9011574	33	-55.02227402
49.87	-124.05	7.9011574	33	-55.02227402
49.87	-124.05	7.9011574	33	-55.02227402
49.87	-124.05	7.9011574	33	-55.02227402
49.42	-123.4	8.9942894	38	-49.98095322
49.42	-123.4	8.9942894	38	-49.98095322
49.42	-123.4	8.9942894	38	-49.98095322
49.42	-123.4	8.9942894	38	-49.98095322
49.42	-123.4	8.9942894	38	-49.98095322
49.42	-123.4	8.9942894	38	-49.98095322
49.42	-123.4	8.9942894	38	-49.98095322
49.41	-122.87	8.9942894	63	-17.42521095
49.41	-122.87	8.9942894	63	-17.42521095
49.41	-122.87	8.9942894	63	-17.42521095
49.41	-122.87	8.9942894	63	-17.42521095
49.41	-122.87	8.9942894	63	-17.42521095
49.41	-122.87	8.9942894	63	-17.42521095
49.41	-122.87	8.9942894	63	-17.42521095
49.39	-122.88	8.9942894	42	-17.42521095
49.39	-122.88	8.9942894	42	-17.42521095
49.39	-122.88	8.9942894	42	-17.42521095
49.39	-122.88	8.9942894	42	-17.42521095
49.39	-122.88	8.9942894	42	-17.42521095
49.39	-122.88	8.9942894	42	-17.42521095
49.39	-122.88	8.9942894	42	-17.42521095
49.99	-123.99	7.9011574	42	-15.79265022
49.99	-123.99	7.9011574	42	-15.79265022
49.99	-123.99	7.9011574	42	-15.79265022
49.99	-123.99	7.9011574	42	-15.79265022
49.99	-123.99	7.9011574	42	-15.79265022
49.99	-123.99	7.9011574	42	-15.79265022
49.99	-123.99	7.9011574	42	-15.79265022
49.99	-123.99	7.9011574	42	-15.79265022
50.01	-123.94	7.9011574	38	-35.22808456
50.01	-123.94	7.9011574	38	-35.22808456
50.01	-123.94	7.9011574	38	-35.22808456
50.01	-123.94	7.9011574	38	-35.22808456
50.01	-123.94	7.9011574	38	-35.22808456
50.01	-123.94	7.9011574	38	-35.22808456
50.01	-123.94	7.9011574	38	-35.22808456
50.01	-123.94	7.9011574	38	-35.22808456
50.07	-123.8	7.9011574	42	-116.0660172
50.07	-123.8	7.9011574	42	-116.0660172
50.07	-123.8	7.9011574	42	-116.0660172
50.07	-123.8	7.9011574	42	-116.0660172
50.07	-123.8	7.9011574	42	-116.0660172
50.07	-123.8	7.9011574	42	-116.0660172
50.07	-123.8	7.9011574	42	-116.0660172
50.07	-123.8	7.9011574	42	-116.0660172
50.15	-123.85	7.9011574	63	-33.16109467
50.15	-123.85	7.9011574	63	-33.16109467
50.15	-123.85	7.9011574	63	-33.16109467
50.15	-123.85	7.9011574	63	-33.16109467
50.15	-123.85	7.9011574	63	-33.16109467
50.15	-123.85	7.9011574	63	-33.16109467
50.15	-123.85	7.9011574	63	-33.16109467
50.15	-123.85	7.9011574	63	-33.16109467
49.8	-124.04	7.9011574	46	-58.60387802
49.8	-124.04	7.9011574	46	-58.60387802
49.8	-124.04	7.9011574	46	-58.60387802
49.8	-124.04	7.9011574	46	-58.60387802
49.8	-124.04	7.9011574	46	-58.60387802
49.8	-124.04	7.9011574	46	-58.60387802
49.8	-124.04	7.9011574	46	-58.60387802
49.8	-124.04	7.9011574	46	-58.60387802
49.94	-124.53	7.1700683	29	-14.91578484
49.94	-124.53	7.1700683	29	-14.91578484
49.94	-124.53	7.1700683	29	-14.91578484
49.94	-124.53	7.1700683	29	-14.91578484
49.94	-124.53	7.1700683	29	-14.91578484
49.94	-124.53	7.1700683	29	-14.91578484
49.94	-124.53	7.1700683	29	-14.91578484
49.94	-124.53	7.1700683	29	-14.91578484
49.94	-124.53	7.1700683	25	-14.91578484
49.94	-124.53	7.1700683	25	-14.91578484
49.94	-124.53	7.1700683	25	-14.91578484
49.94	-124.53	7.1700683	25	-14.91578484
49.94	-124.53	7.1700683	25	-14.91578484
49.94	-124.53	7.1700683	25	-14.91578484
49.94	-124.53	7.1700683	25	-14.91578484
49.94	-124.53	7.1700683	25	-14.91578484
48.59	-123.5	8.9942894	21	24.44232368
48.59	-123.5	8.9942894	21	24.44232368
48.59	-123.5	8.9942894	21	24.44232368
48.59	-123.5	8.9942894	21	24.44232368
48.59	-123.5	8.9942894	21	24.44232368
48.59	-123.5	8.9942894	21	24.44232368
48.59	-123.5	8.9942894	21	24.44232368
48.59	-123.5	8.9942894	21	24.44232368
49.67	-130.11	0.59459901	96.37	-2.230593443
49.64	-130.04	0.81696123	326.82	-2.230593443
49.64	-130.04	0.81696123	342.74	-2.230593443
49.64	-130.03	0.81696123	392.6	-2.230593443
49.63	-130.02	0.81696123	274.03	2.02973175
49.63	-130.02	0.81696123	291.62	2.02973175
49.63	-130.01	0.81696123	343.58	2.02973175
49.63	-130.01	0.81696123	320.54	2.02973175
49.62	-129.99	0.81696123	267.74	2.02973175
49.62	-129.99	0.81696123	188.13	2.02973175
49.67	-130.1	0.59459901	49.44	-2.230593443
49.62	-129.98	0.81696123	81.29	2.02973175
49.61	-129.98	0.81696123	236.32	2.02973175
49.61	-129.98	0.81696123	366.63	2.02973175
49.61	-129.97	0.81696123	193.58	2.02973175
49.61	-129.97	0.81696123	100.14	2.02973175
49.61	-129.96	0.81696123	124.02	2.02973175
49.6	-129.96	0.81696123	272.35	2.02973175
49.6	-129.95	1.0505846	382.55	2.02973175
49.6	-129.95	1.0505846	389.67	2.02973175
49.67	-130.09	0.59459901	151.68	-2.230593443
49.66	-130.08	0.59459901	160.06	-2.230593443
49.66	-130.07	0.59459901	105.59	-2.230593443
49.65	-130.06	0.68830746	533.39	-2.230593443
49.65	-130.05	0.68830746	280.73	-2.230593443
49.89	-128.3	3.5512867	71.23	-103.8832474
50.26	-128.82	2.7159307	58.66	-120.0017242
50.48	-129.53	1.2588239	79.61	-63.82077408
50.18	-129.38	1.5338509	87.99	-24.13278008
50.45	-129.81	1.0826941	104.75	-21.10007858
50.9	-130.87	0.62095869	129.89	-33.55132294
48.46	-128.68	0.59159386	347.77	-10.74924183
48.46	-128.62	0.8665905	457.55	8.065933228
48.46	-128.61	0.8665905	1358.82	8.065933228
48.46	-128.58	0.8665905	395.96	8.065933228
48.46	-128.58	0.8665905	155.03	8.065933228
48.46	-128.57	0.8665905	333.11	8.065933228
48.46	-128.55	0.8665905	145.39	8.065933228
48.46	-128.55	0.8665905	155.03	8.065933228
48.46	-128.54	1.1157724	133.66	8.065933228
48.46	-128.53	1.1157724	232.96	8.065933228
48.46	-128.67	0.59159386	169.7	-10.74924183
48.46	-128.51	1.1157724	173.47	8.065933228
48.46	-128.5	1.1157724	334.36	-4.410299301
48.46	-128.49	1.1157724	389.25	-4.410299301
48.46	-128.49	1.1157724	136.59	-4.410299301
48.46	-128.48	1.1157724	144.56	-4.410299301
48.46	-128.48	1.1157724	154.19	-4.410299301
48.46	-128.47	1.1157724	183.94	-4.410299301
48.47	-128.47	1.1157724	183.94	-4.410299301
48.46	-128.66	0.59159386	185.2	-10.74924183
48.47	-128.46	1.1157724	338.13	-4.410299301
48.46	-128.66	0.59159386	376.68	-10.74924183
48.46	-128.65	0.59159386	229.19	-10.74924183
48.46	-128.65	0.59159386	526.26	-10.74924183
48.46	-128.64	0.8665905	511.6	-10.74924183
48.46	-128.63	0.8665905	209.08	-10.74924183
48.46	-128.63	0.8665905	303.36	-10.74924183
50.68	-131.01	1.8958869	16.34	-2.894367218
50.73	-131.12	2.265857	24.72	-5.360367775
50.73	-131.11	2.265857	23.46	-5.360367775
50.73	-131.09	2.265857	40.64	-5.360367775
50.73	-131.08	2.265857	64.95	-5.360367775
50.47	-130.28	0.06584172	243.44	-19.9920826
50.47	-130.27	0.06584172	146.65	-19.9920826
50.48	-130.26	0.06584172	152.94	-19.9920826
50.14	-130.45	0.64635819	440.37	-2.300307989
50.11	-130.4	0.64635819	269.42	-2.300307989
50.13	-130.45	0.64635819	724.03	-2.300307989
50.13	-130.44	0.64635819	386.32	-2.300307989
50.13	-130.44	0.64635819	739.95	-2.300307989
50.13	-130.44	0.64635819	704.34	-2.300307989
50.12	-130.42	0.64635819	381.71	-2.300307989
50.12	-130.42	0.64635819	258.1	-2.300307989
50.11	-130.41	0.64635819	217.88	-2.300307989
51.27	-131.01	0.12469516	196.93	-7.108880043
51.61	-130.85	0.98918939	171.79	-37.29896164
51.38	-130.76	0.051265415	205.31	-16.25857162
51.5	-130.61	0.3799772	159.22	-15.9166851
51.23	-130.54	0.91700733	347.77	-23.77970505
53.5	-130.61	4.3941827	159	14.39130878
52.34	-130.61	2.2681541	50	-8.846396446
51.92	-129.97	0.54942942	45	-17.85256767
52.41	-130.79	2.2681541	59	-8.533452988
51.59	-129.35	1.3081136	47	-17.68419456
51.58	-130.29	0.54942942	84	-12.11418056
51.51	-130.34	0.54942942	95	-39.28820038
51.58	-130.35	0.54942942	75	-12.11418056
51.54	-130.29	0.54942942	91	-39.28820038
51.53	-130.27	0.54942942	85	-39.28820038
51.55	-130.19	0.89558804	84	-26.02069092
51.44	-130.43	0.54942942	71	-29.86124611
51.42	-130.22	0.89558804	108	-25.76680946
51.38	-130.12	1.238132	83	-10.51989841
53.56	-131.43	7.0473046	60	1.417098403
52.79	-130.97	4.3941827	78	11.67023277
52.76	-132.05	7.0473046	47	119.8523636
52.76	-132.05	7.0473046	43	119.8523636
53.32	-131.34	5.7069907	69	-5.327207565
44.44	-122.12	9.8749847	113	23.42186356
44.44	-122.12	9.8749847	113	23.42186356
45.12	-122.16	9.68153	95	-2.369260788
44.55	-122.03	9.8749847	82	5.320100784
44.56	-122.03	9.8749847	109	5.320100784
44.9	-122.01	9.8163719	109	36.33436203
49.33	-119.63	9.2849312	77.93	-70.81789398
49.33	-119.63	9.2849312	77.93	-70.81789398
49.33	-119.63	9.2849312	77.93	-70.81789398
48.02	-129.2	0.28132188	25	2.136907578
48.02	-129.2	0.28132188	204	2.136907578
48.02	-129.2	0.28132188	202	2.136907578
48.02	-129.2	0.28132188	348	2.136907578
48.02	-129.2	0.28132188	355	2.136907578
48.01	-129.16	0.28132188	335	2.136907578
48.01	-129.16	0.28132188	383	2.136907578
48.01	-129.16	0.28132188	1675	2.136907578
48	-129.15	0.28132188	302	2.136907578
48	-129.15	0.28132188	354	2.136907578
48	-129.15	0.28132188	314	2.136907578
48	-129.15	0.28132188	177	2.136907578
48	-129.15	0.28132188	115	2.136907578
48	-129.15	0.28132188	225	2.136907578
47.99	-129.26	0.55420947	252	-1.18818295
47.99	-129.26	0.55420947	797	-1.18818295
47.99	-129.26	0.55420947	363	-1.18818295
47.99	-129.26	0.55420947	239	-1.18818295
48	-129.3	0.55420947	270	-1.18818295
48	-129.3	0.55420947	442	-1.18818295
48	-129.3	0.55420947	516	-1.18818295
48.05	-129.38	0.81750041	179	-4.333324432
48.05	-129.38	0.81750041	337	-4.333324432
48.01	-129.16	0.28132188	705	2.136907578
47.95	-129.1	0.02951305	1789.8	4.241880417
47.95	-129.1	0.02951305	42.4	4.241880417
47.95	-129.1	0.02951305	53	4.241880417
47.95	-129.1	0.02951305	95.3	4.241880417
47.95	-129.1	0.02951305	275.4	4.241880417
47.95	-129.1	0.02951305	16244.8	4.241880417
47.95	-129.1	0.02951305	262.1	4.241880417
47.95	-129.1	0.02951305	217.1	4.241880417
47.95	-129.09	0.02951305	264.8	-1.580559015
47.95	-129.1	0.02951305	211.8	4.241880417
47.95	-129.09	0.02951305	206.5	-1.580559015
47.95	-129.1	0.02951305	502	4.241880417
47.95	-129.1	0.02951305	95.3	4.241880417
47.95	-129.09	0.02951305	57.2	-1.580559015
47.95	-129.09	0.02951305	-38.1	-1.580559015
47.95	-129.1	0.02951305	-6.4	4.241880417
47.95	-129.08	0.02951305	688.4	-1.580559015
47.95	-129.1	0.02951305	-31.8	4.241880417
47.95	-129.1	0.02951305	1563.2	4.241880417
47.95	-129.1	0.02951305	-42.4	4.241880417
47.95	-129.1	0.02951305	180	4.241880417
47.95	-129.1	0.02951305	145.1	4.241880417
47.95	-129.1	0.02951305	116.5	4.241880417
47.95	-129.09	0.02951305	116.5	-1.580559015
47.95	-129.09	0.02951305	-63.5	-1.580559015
47.95	-129.1	0.02951305	195.9	4.241880417
47.95	-129.1	0.02951305	95.3	4.241880417
47.95	-129.1	0.02951305	995.5	4.241880417
47.95	-129.1	0.02951305	243.6	4.241880417
47.95	-129.1	0.02951305	6576.7	4.241880417
47.95	-129.1	0.02951305	95.3	4.241880417
47.95	-129.09	0.02951305	-169.4	-1.580559015
47.95	-129.09	0.02951305	201.2	-1.580559015
47.95	-129.1	0.02951305	699	4.241880417
47.95	-129.1	0.02951305	243.6	4.241880417
47.95	-129.1	0.02951305	148.3	4.241880417
47.95	-129.1	0.02951305	5422.4	4.241880417
47.95	-129.1	0.02951305	116.5	4.241880417
47.95	-129.09	0.02951305	-10.6	-1.580559015
47.95	-129.09	0.02951305	-182.2	-1.580559015
47.95	-129.1	0.02951305	10.6	4.241880417
47.95	-129.1	0.02951305	-53	4.241880417
46.52	-129.58	0.30251956	2250	4.870002747
46.52	-129.58	0.30251956	245	4.870002747
46.53	-129.58	0.30251956	3	4.870002747
46.53	-129.58	0.30251956	16	4.870002747
46.53	-129.57	0.30251956	8	4.870002747
46.53	-129.57	0.30251956	18	4.870002747
46.31	-129.72	0.39045012	14	10.67819881
46.31	-129.71	0.39045012	14	10.67819881
46.31	-129.71	0.39045012	30	10.67819881
46.31	-129.72	0.39045012	22	10.67819881
42.68	-126.78	0.10922085	4511	-12.2990694
42.68	-126.78	0.10922085	6950	-12.2990694
37.86	-119.08	16.19442	91	-18.77026176
37.63	-119.08	16.19442	156	-18.77026176
37.49	-119.3	16.19442	56	135.9580841
44.64	-125.07	9.5422888	140	-16.33102798
44.65	-125.14	9.5422888	121	-24.02614021
44.62	-125.06	9.5422888	116	-16.33102798
44.66	-125.14	9.5507097	142	-24.02614021
44.62	-125.06	9.5422888	62	-16.33102798
44.66	-125.57	8.5858335	93	-65.29970551
44.65	-125.57	8.6269598	103	-65.29970551
44.64	-125.58	8.6269598	103	-65.29970551
44.65	-125.58	8.6269598	106	-65.29970551
44.65	-125.59	8.6269598	83	-65.29970551
44.66	-125.6	8.5858335	117	-54.59931946
44.66	-125.69	8.4469986	116	-54.59931946
44.65	-125.72	8.4459772	106	-40.18680954
44.65	-125.73	8.4459772	88	-40.18680954
44.68	-125.66	8.4469986	55	-54.59931946
44.51	-126.67	6.5422888	73	-5.058589935
44.33	-127.43	5.4407101	155	-4.021282196
45.33	-129.32	1.3617047	99	-5.422812462
45.35	-129.18	1.5062964	103	-5.915492058
45.36	-129.19	1.5062964	167	-5.915492058
45.37	-129.19	1.5062964	164	-5.915492058
45.37	-129.2	1.5062964	151	-5.915492058
45.38	-129.15	1.5062964	106	-5.915492058
45.38	-129.19	1.5062964	155	-5.915492058
45.38	-129.19	1.5062964	159	-5.915492058
45.38	-129.19	1.5062964	185	-5.915492058
46.16	-129.2	0.92084652	302	-8.602049828
44.67	-125.58	8.5858335	93.37	-65.29970551
44.58	-127.3	5.4504809	151.99	-9.559578896
44.81	-127.97	4.1015091	140.26	-9.246604919
44.95	-128.39	3.2205846	118.91	-9.324359894
45.1	-128.85	2.4179773	181.3	-8.75272274
44.67	-125.58	8.5858335	110.12	-65.29970551
44.84	-125.6	8.5421562	148.64	-53.43785477
44.91	-124.61	9.8163719	45.22	-32.40454865
44.97	-125.1	9.5523081	72.44	-29.23491096
45.01	-125.15	9.2965679	65.32	-23.75463867
44.86	-125.13	9.5314922	82.07	-38.47733688
44.87	-125.28	9.1318445	87.09	-44.97027588
44.82	-125.59	8.5421562	130.63	-61.41485214
44.65	-125.58	8.6269598	123.52	-65.29970551
39.06	-123.15	18.00329	74	19.79611778
37.24	-122.07	16.352819	89	-8.995250702
38.1	-122.89	17.370102	79	26.03423882
37.51	-122.21	16.524179	77	-8.681152344
40.02	-124.07	16.881744	58	21.90467262
41.21	-119.06	16.815744	107	-5.834591866
40.88	-119.1	16.676729	69	-48.21202087
40.87	-119.17	16.676729	85	-48.21202087
41.08	-119.02	16.815744	94	-4.249658585
41.05	-119.02	16.676729	422	2.503382206
41.02	-119.06	16.676729	80	-31.2743721
40.94	-119.1	16.676729	56	-48.21202087
40.91	-119.14	16.676729	89	-48.21202087
40.39	-121.54	18.00329	131	111.5407791
40.36	-121.5	18.00329	230	34.33236694
40.41	-121.45	18.00329	84	78.76473999
40.75	-119.02	16.524179	188	0.526715934
40.68	-119.36	16.676729	370	-27.88883018
40.65	-119.39	16.676729	560	-27.88883018
40.65	-119.35	16.676729	58	-27.88883018
40.66	-119.38	16.676729	220	-27.88883018
40.69	-119.35	16.676729	42	-27.88883018
40.78	-119.34	16.815744	500	31.69000244
40.65	-119.37	16.676729	334	-27.88883018
40.66	-119.37	16.676729	1842	-27.88883018
40.66	-119.37	16.676729	9999	-27.88883018
38.72	-123.35	17.939177	90	32.73448944
38.72	-123.35	17.939177	90	32.73448944
37.12	-122.15	16.845156	67	-1.091421843
40.88	-123.98	8.9923286	49	-13.20193481
38.99	-123.35	18.00329	53	38.61075211
38.99	-123.35	18.00329	53	38.61075211
38.77	-122.97	17.834578	146	9.416354179
38.77	-122.97	17.834578	146	9.416354179
38.88	-121.9	17.217102	33	-23.10098839
39.84	-123.17	18.287436	58	-12.01821518
37.8	-121.94	16.524179	53	11.69815731
37.8	-121.94	16.524179	53	11.69815731
37.51	-122.13	16.364212	84	-1.091421843
37.51	-122.13	16.364212	84	-1.091421843
40.73	-124.21	8.9923286	34	-41.26629639
40.73	-124.21	8.9923286	34	-41.26629639
40.14	-124	15.872827	43	31.53661919
38.58	-122.65	17.50819	53	18.20681
38.58	-122.65	17.50819	53	18.20681
40.22	-123.64	17.755274	60	-38.96492767
40.09	-123.8	17.755274	43	-28.72209358
38.8	-122.83	17.725136	418	37.64468002
38.8	-122.83	17.725136	418	37.64468002
40.55	-124.18	9.0263643	54	-46.74324799
40.55	-124.18	9.0263643	54	-46.74324799
38.84	-122.2	17.370102	37	-19.4192791
40.24	-124.13	15.872827	75	34.86732101
40.24	-124.13	15.872827	75	34.86732101
40.14	-123.41	17.755274	50	-3.436744213
40.74	-124.21	8.9923286	38	-41.26629639
39.73	-123.5	18.371571	59	36.99104309
39.73	-123.5	18.371571	59	36.99104309
39.95	-123.35	18.371571	27	-19.33532715
39.95	-123.35	18.371571	27	-19.33532715
37.74	-121.75	16.215477	63	-34.53704453
37.74	-121.75	16.215477	63	-34.53704453
40.56	-124.35	9.0263643	34	-14.88657665
38.09	-122.75	17.217102	76	35.35039139
38.09	-122.75	17.217102	76	35.35039139
39.41	-123.75	18.287436	75	27.30547905
37.05	-121.24	16.347124	79	-31.15964508
37.06	-121.18	16.19442	68	-31.15964508
37.03	-121.31	16.347124	84	-31.35291862
37.03	-121.31	16.347124	84	-31.35291862
37.03	-121.31	16.347124	88	-31.35291862
37.03	-121.31	16.347124	88	-31.35291862
37.05	-121.21	16.347124	87	-31.15964508
37.05	-121.21	16.347124	87	-31.15964508
37.05	-121.19	16.347124	66	-31.15964508
37.05	-121.19	16.347124	66	-31.15964508
37.04	-121.25	16.347124	89	-31.15964508
37.04	-121.25	16.347124	89	-31.15964508
37.25	-122.4	17.13776	105	-3.76199007
40.32	-124.28	15.739372	76	14.31523895
39.34	-123.1	18.00329	75	27.27560234
38.93	-123.71	18.242743	60	31.5734539
38.1	-122.89	17.370102	79	26.03423882
37.51	-122.21	16.524179	77	-8.681152344
38.7	-123.42	18.027369	92	37.25107193
40.02	-124.07	16.881744	58	21.90467262
39.06	-123.15	18.00329	74	19.79611778
37.24	-122.07	16.352819	89	-8.995250702
44.68	-125.29	9.1196241	79	-66.54668427
44.66	-125.27	9.1196241	81	-66.54668427
44.66	-125.27	9.1196241	93	-66.54668427
44.66	-125.26	9.1196241	77	-66.54668427
44.66	-125.25	9.1196241	81	-66.54668427
44.66	-125.36	8.9653473	70	-77.86420441
44.66	-125.35	9.1196241	30	-66.54668427
44.66	-125.35	9.1196241	32	-66.54668427
44.66	-125.35	9.1196241	33	-66.54668427
44.65	-125.35	9.1559649	42	-66.54668427
45	-125.3	9.0883245	60	-38.20376205
45.01	-125.3	9.0883245	60	-38.20376205
45	-125.31	9.0883245	102	-38.20376205
45	-125.32	9.0883245	84	-38.20376205
44.99	-125.32	9.0883245	85	-38.20376205
44.99	-125.33	9.0883245	88	-38.20376205
44.94	-125.37	8.987608	72	-63.85134125
44.94	-125.36	8.987608	124	-63.85134125
44.93	-125.35	9.1318445	72	-38.20376205
47.06	-125.89	7.6291208	100	-4.992900848
47.06	-125.89	7.6291208	99	-4.992900848
47.07	-125.9	7.6291208	93	-4.992900848
47.07	-125.9	7.6291208	88	-4.992900848
47.07	-125.91	7.6291208	88	-4.992900848
47.08	-125.9	7.6291208	89	-4.992900848
47.07	-125.91	7.6291208	83	-4.992900848
47.08	-125.91	7.6291208	75	-4.992900848
47.08	-125.92	7.6291208	83	-4.992900848
47.08	-125.94	7.6291208	109	-4.992900848
47.08	-125.94	7.6291208	67	-4.992900848
46.97	-125.93	7.6286254	104	-14.90505123
46.98	-125.94	7.6286254	90	-14.90505123
46.97	-125.99	7.3567901	100	-35.51718903
46.97	-125.98	7.3567901	111	-35.51718903
46.97	-125.98	7.3567901	96	-35.51718903
46.98	-125.97	7.3567901	89	-35.51718903
46.98	-125.96	7.3567901	75	-35.51718903
46.98	-125.95	7.3567901	81	-35.51718903
46.98	-125.94	7.6286254	78	-14.90505123
46.98	-125.94	7.6286254	82	-14.90505123
46.99	-125.97	7.3567901	87	-35.51718903
47	-125.96	7.3567901	89	-35.51718903
46.99	-125.96	7.3567901	82	-35.51718903
46.99	-125.94	7.6286254	83	-14.90505123
46.99	-125.95	7.3567901	97	-35.51718903
50.55	-131.62	4.6901741	91	-6.861600876
47.9	-127.2	4.359262	161	-11.43339062
47.15	-130.12	2.7302463	189	-3.51950264
47.9	-127.65	3.1907601	304	3.032176971
44.65	-125.14	9.5422888	94	-24.02614021
44.65	-125.07	9.5422888	41	-16.33102798
44.65	-125.06	9.5422888	42	-16.33102798
44.65	-125.02	9.8048306	79	-16.33102798
44.65	-124.97	9.8048306	77	-22.01154518
47.23	-126.15	6.8040028	26	-25.05021858
47.23	-126.15	6.8040028	27	-25.05021858
47.24	-126.14	7.0875106	21	-25.05021858
47.29	-126.08	7.1277666	99	-14.81813812
47.3	-126.09	7.1277666	101	-14.81813812
47.3	-126.09	7.1277666	108	-14.81813812
47.3	-126.09	7.1277666	77	-14.81813812
47.29	-126.11	7.1277666	93	-14.81813812
47.28	-126.12	7.1277666	96	-14.81813812
47.28	-126.12	7.1277666	99	-14.81813812
47.28	-126.13	7.1277666	104	-14.81813812
47.27	-126.14	7.1277666	159	-14.81813812
47.27	-126.14	7.1277666	142	-14.81813812
47.27	-126.15	6.8401093	141	-14.81813812
47.27	-126.15	6.8401093	156	-14.81813812
47.25	-126.17	6.8040028	138	-25.05021858
47.44	-126.38	6.4628758	106	-26.69879341
47.44	-126.38	6.4628758	108	-26.69879341
47.44	-126.38	6.4628758	112	-26.69879341
47.45	-126.36	6.5422029	109	-26.69879341
47.45	-126.36	6.5422029	118	-26.69879341
47.46	-126.33	6.8071642	102	-26.69879341
47.46	-126.29	6.8071642	124	-24.73423767
47.46	-126.29	6.8071642	108	-24.73423767
47.46	-126.26	6.8071642	114	-24.73423767
47.46	-126.22	7.0861001	122	-24.73423767
47.46	-126.22	7.0861001	117	-24.73423767
47.46	-126.22	7.0861001	89	-24.73423767
47.46	-126.19	7.0861001	118	-24.73423767
47.46	-126.18	7.0861001	139	-24.73423767
47.46	-126.16	7.0861001	57	-6.165018082
44.95	-125.2	9.2965679	71	-23.75463867
44.95	-125.22	9.2965679	61	-23.75463867
44.95	-125.23	9.2965679	55	-23.75463867
44.95	-125.25	9.0883245	28	-38.20376205
44.95	-125.41	8.9141588	89	-63.85134125
44.95	-125.37	8.9141588	95	-63.85134125
44.95	-125.37	8.9141588	99	-63.85134125
44.95	-125.37	8.9141588	102	-63.85134125
44.95	-125.37	8.9141588	104	-63.85134125
44.95	-125.38	8.9141588	113	-63.85134125
44.95	-125.4	8.9141588	110	-63.85134125
44.95	-125.42	8.9141588	125	-63.85134125
44.93	-125.27	9.1318445	125	-38.20376205
44.93	-125.27	9.1318445	202	-38.20376205
44.95	-125.47	8.6826057	122	-63.85134125
44.95	-125.52	8.6826057	152	-59.42253876
44.95	-125.52	8.6826057	139	-59.42253876
44.95	-125.58	8.4492979	165	-59.42253876
44.95	-125.64	8.4492979	113	-50.7746315
44.65	-125.27	9.1559649	65	-66.54668427
44.65	-125.3	9.1559649	70	-66.54668427
44.65	-125.3	9.1559649	73	-66.54668427
44.65	-125.32	9.1559649	62	-66.54668427
44.65	-125.32	9.1559649	52	-66.54668427
44.65	-125.34	9.1559649	105	-66.54668427
44.65	-125.37	8.9884195	32	-77.86420441
44.65	-125.4	8.9884195	101	-77.86420441
44.65	-125.47	8.7853642	94	-77.86420441
49.33	-119.63	9.2849312	67	-70.81789398
49.36	-119.69	9.2849312	74	-46.83720779
49.37	-119.77	9.2849312	109	26.92463875
49.37	-119.76	9.2849312	76	26.92463875
49.37	-119.65	9.2849312	69	-46.83720779
50.58	-123.46	7.6288118	120	-53.69920349
50.57	-123.47	7.6288118	100	-53.69920349
50.57	-123.49	7.6288118	290	-53.69920349
50.57	-123.5	7.6288118	930	-3.67984128
50.57	-123.51	7.6288118	450	-3.67984128
50.66	-120.51	8.9942894	84	-64.65904236
50.77	-122.8	8.4487114	80	-45.89832306
49.61	-123.15	8.9942894	84	-85.60023499
49.61	-123.16	8.9942894	56	-85.60023499
49.61	-123.17	8.9942894	73	-85.60023499
49.61	-123.17	8.9942894	74	-85.60023499
49.61	-123.16	8.9942894	68	-85.60023499
49.61	-123.16	8.9942894	71	-85.60023499
50.47	-120.97	8.9942894	72	12.44054413
50.48	-120.97	8.9942894	72	12.44054413
50.48	-120.97	8.9942894	72	12.44054413
50.48	-120.97	8.9942894	72	12.44054413
51.52	-119.81	8.9942894	101	-12.22644329
51.52	-119.81	8.9942894	119	-12.22644329
51.52	-119.81	8.9942894	110	-12.22644329
49.51	-121.29	9.2849312	63	-22.32683182
49.51	-123.37	8.9942894	31	-84.17111969
50.65	-120.48	8.9942894	85	-64.65904236
50.61	-127.48	4.6360407	65	-7.656474113
50.69	-123.51	7.6288118	680	-64.40859985
50.67	-123.54	7.3612161	262	-64.40859985
50.68	-123.52	7.6288118	322	-64.40859985
50.66	-123.53	7.6288118	307	-64.40859985
50.68	-123.48	7.6288118	272	-10.23201275
50.63	-123.42	7.6288118	284	-53.69920349
50.65	-123.56	7.3612161	227	-64.40859985
50.68	-123.56	7.3612161	176	-64.40859985
50.64	-120.46	8.9942894	55	22.53708649
50.57	-123.48	7.6288118	185	-53.69920349
50.54	-123.48	7.6288118	148	-53.69920349
50.56	-123.46	7.6288118	146	-53.69920349
50.57	-123.5	7.6288118	1660	-3.67984128
50.57	-123.52	7.6288118	2530	-3.67984128
50.57	-123.54	7.6288118	309	-3.67984128
50.52	-123.5	7.6288118	120	-18.72964096
50.9	-121.41	8.9942894	67	-42.7322197
50.91	-121.41	8.9942894	81	-42.7322197
50.91	-121.41	8.9942894	74	-42.7322197
52.64	-121.56	7.6288118	62	-3.594347715
52.63	-121.56	7.6288118	70	-3.594347715
52.63	-121.56	7.6288118	66	-3.594347715
49.58	-125.61	7.2806315	36	103.4508743
49.57	-125.59	7.2806315	41	80.48721313
49.58	-125.61	7.2806315	38	103.4508743
50.43	-122.84	8.725028	41	0.965943575
49.32	-121.93	9.2849312	50	-39.17293549
50.08	-123.21	8.725028	114	74.86077118
49.81	-125.15	7.2320395	38	41.30764008
50.09	-124.81	7.2320395	32	-39.92813492
50.16	-123.4	8.4487114	77	-26.86304855
50.13	-123.45	8.4487114	102	-26.86304855
50.2	-123.54	8.1750021	107	0.306185842
50.19	-123.53	8.1750021	96	0.306185842
50.18	-123.53	8.1750021	66	0.306185842
50.29	-124.66	7.2320395	26	-57.69926453
50.27	-124.64	7.2320395	27	-10.7139225
50.2	-124.64	7.2320395	43	-10.7139225
50.24	-124.63	7.2320395	32	-10.7139225
50.02	-123.9	7.9011574	43	-35.22808456
50.08	-123.78	7.9011574	54	-116.0660172
50.18	-123.94	7.6288118	68	-63.33239365
50.16	-123.89	7.6288118	77	-33.16109467
50.14	-123.84	7.9011574	72	-116.0660172
49.85	-123.9	8.1750021	29	-49.93183899
49.85	-123.9	8.1750021	33	-49.93183899
49.81	-123.93	8.1750021	40	-13.69559383
49.79	-124.04	7.9011574	27	-58.60387802
49.79	-124.04	7.9011574	24	-58.60387802
50.06	-123.82	7.9011574	75	-116.0660172
50.04	-123.85	7.9011574	53	-35.22808456
50.04	-123.86	7.9011574	40	-35.22808456
50.01	-123.94	7.9011574	38	-35.22808456
49.97	-123.99	7.9011574	44	-15.79265022
50	-123.98	7.9011574	24	-15.79265022
50.63	-123.4	7.6288118	180	-53.69920349
50.58	-123.28	7.9011574	139	-51.02378845
50.09	-123.32	8.4487114	182	24.27928352
50.07	-123.33	8.4487114	148	24.27928352
48.87	-123.79	8.9942894	31	31.76561356
48.88	-123.79	8.9942894	29	31.76561356
48.88	-123.78	8.9942894	41	31.76561356
48.88	-123.78	8.9942894	32	31.76561356
48.88	-123.79	8.9942894	42	31.76561356
49.1	-123.86	8.9942894	38	10.13718033
49.1	-123.86	8.9942894	52	10.13718033
49.39	-124.95	7.3612161	43	89.43635559
50.46	-123.13	8.4487114	79	-41.64958572
50.46	-123.17	8.1750021	77	-13.4604969
50.45	-123.2	8.1750021	97	-13.4604969
48.65	-123.45	8.9942894	34	2.161957502
48.64	-123.5	8.9942894	19	24.44232368
50.11	-123.27	8.725028	329	24.27928352
50.72	-123.67	7.3612161	159	-5.683274269
50.12	-123.39	8.4487114	112	-26.86304855
50.11	-123.37	8.4487114	148	24.27928352
49.15	-124.66	7.9011574	48	37.62468338
49.16	-124.67	7.9011574	54	37.62468338
49.17	-124.67	7.9011574	48	37.62468338
49.78	-125.3	7.2806315	39	90.75709534
49.76	-124.54	7.3612161	42	-25.49456787
49.71	-124.53	7.3612161	18	-25.49456787
49.75	-124.55	7.3612161	36	-7.694890022
49.76	-124.55	7.3612161	35	-7.694890022
49.71	-124.54	7.3612161	27	-25.49456787
49.71	-124.54	7.3612161	23	-25.49456787
49.71	-124.53	7.3612161	35	-25.49456787
50.58	-123.28	7.9011574	80	-51.02378845
50.63	-123.37	7.6288118	132	-51.02378845
50.12	-123.39	8.4487114	69	-26.86304855
50.11	-123.37	8.4487114	89	24.27928352
51.97	-121.17	8.9942894	63	-4.029141426
51.96	-121.16	8.9942894	64	-4.029141426
51.83	-121.15	8.9942894	71	-22.07441711
51.82	-121.15	8.9942894	58	-22.07441711
51.82	-121.14	8.9942894	60	-22.07441711
52	-120.95	8.9942894	62	2.014045954
52	-120.96	8.9942894	49	2.014045954
52	-120.8	8.9942894	63	17.03552437
52	-120.81	8.9942894	65	36.96744537
52.01	-120.83	8.9942894	57	36.96744537
49.76	-124.55	7.3612161	33	-7.694890022
49.76	-124.55	7.3612161	33	-7.694890022
49.75	-124.54	7.3612161	21	-25.49456787
49.71	-124.53	7.3612161	8	-25.49456787
49.75	-124.54	7.3612161	33	-25.49456787
47.14	-132.33	8.9937639	8	0.678800166
46.99	-131.81	7.3728185	25	-17.21598434
46.97	-131.96	8.1711226	33	-12.95730209
46.93	-131.95	7.766191	31	-12.95730209
47.08	-131.89	7.8322406	28	-16.91009521
47.15	-131.2	5.7230005	37	-19.13101387
47.05	-131.5	6.5393829	24	1.229543805
46.92	-129.35	0.17201395	169	-0.414426655
47.99	-129.45	0.81750041	89	-10.64793491
46.97	-129.77	1.6545141	36	-9.399166107
47	-130.1	2.691802	456	-1.554810882
47.03	-131.17	5.7240138	10	-18.84595871
47.17	-131.73	7.114819	22	-20.49625397
47.08	-131.88	7.8322406	31	-16.91009521
47.99	-129.45	0.81750041	89	-10.64793491
47.08	-131.88	7.8322406	31	-16.91009521
50.25	-130.3	0.28004923	63	-6.314971924
50.35	-130.11	0.14511749	704	4.217946053
50.77	-130.61	0.047441658	201	-5.617687225
50.66	-130.55	0.28813139	168	-25.96837997
49.98	-129.54	1.449568	159	41.83436966
50.03	-129.72	1.1147752	352	7.617980957
50.07	-129.77	0.81750208	54	-15.00038338
50.13	-129.83	0.81750208	80	-12.51722431
50.13	-130.03	0.43329665	276	26.73298454
50.22	-130.15	0.035759509	197	0.071237326
47.14	-132.33	8.9937639	8	0.678800166
46.99	-131.81	7.3728185	25	-17.21598434
46.97	-131.96	8.1711226	33	-12.95730209
46.93	-131.95	7.766191	31	-12.95730209
47.08	-131.89	7.8322406	28	-16.91009521
47.15	-131.2	5.7230005	37	-19.13101387
47.05	-131.5	6.5393829	24	1.229543805
46.92	-129.35	0.17201395	169	-0.414426655
47.99	-129.45	0.81750041	89	-10.64793491
46.97	-129.77	1.6545141	36	-9.399166107
47	-130.1	2.691802	456	-1.554810882
47.03	-131.17	5.7240138	10	-18.84595871
47.17	-131.73	7.114819	22	-20.49625397
47.08	-131.88	7.8322406	31	-16.91009521
47.03	-130.78	4.5752077	396	-12.17156219
47.03	-130.36	3.4780302	142	-9.699836731
47.02	-130.29	3.2211773	142	-9.683075905
47.02	-130.08	2.691802	251	-1.554810882
47.02	-129.75	1.6545141	109	-9.399166107
47.05	-129.92	1.9294288	209	-0.326377809
46.98	-129.1	0.10327651	440	-2.68644762
46.98	-129.01	0.27250028	188	-1.394784212
46.98	-128.91	0.52644795	301	-5.478029251
47.02	-128.77	0.80191773	281	-7.069133759
47	-128.62	1.2944659	394	-10.06052589
47	-128.5	1.4704922	188	-5.500654221
54.94	-121.54	7.2214351	45	-20.68574715
54.94	-121.1	7.2214351	48	4.522824287
54.67	-121.1	7.2214351	50	4.522824287
54.94	-120.66	7.2214351	44	-52.16368484
54.94	-120.22	7.2806315	49	24.78108978
54.9	-119.9	7.1962852	68	69.16680145
54.63	-119.88	7.1700683	60	69.16680145
54.37	-119.87	7.3612161	63	48.42362595
54.9	-119.6	7.1700683	64	82.13694
54.63	-119.58	7.3612161	59	82.13694
54.37	-119.57	7.9011574	56	82.13694
54.9	-119.14	7.6288118	65	-10.1144495
54.63	-119.13	8.1750021	60	-10.1144495
54.37	-119.12	8.4487114	55	-10.1144495
40.92	-119.08	16.676729	64	-48.21202087
40.79	-119.34	16.815744	900	31.69000244
40.85	-119.33	16.815744	250	-26.55411148
40.87	-119.31	16.815744	128	-26.55411148
41.74	-121.87	8.7112598	7	-2.013237953
41.73	-121.67	8.7112598	14	2.515234709
41	-120.89	18.00329	97	35.25090027
40.21	-120.25	16.951086	112	-74.49780273
41.2	-121.14	18.00329	20	-1.299612403
41.27	-122.61	15.872827	36	44.55010605
41.81	-122.01	8.7181835	17	-35.57040024
41.83	-121.25	8.7181835	66	15.57495403
40.73	-120.31	17.370102	107	16.4484024
41.58	-122.88	8.7299252	38	-27.20770073
41.57	-122.89	8.7299252	14	-27.20770073
41.57	-122.88	8.7299252	17	-27.20770073
41.61	-122.53	8.7299252	76	-10.83724976
41.56	-122.53	8.7299252	28	-10.83724976
41.43	-122.5	8.7199984	38	11.80708408
41.89	-122.4	8.7200031	10	-15.8863039
41.9	-122.48	8.7200031	23	-18.12549019
41.73	-120.38	18.00329	7	-2.09282589
41.64	-120.4	18.00329	97	25.06893158
40.75	-119.02	16.524179	188	0.526715934
41.55	-122.26	8.7135773	59	5.899012566
40.7	-119.35	16.676729	25	-27.88883018
40.68	-119.36	16.676729	370	-27.88883018
40.88	-119.34	16.815744	328	-26.55411148
40.87	-119.33	16.815744	500	-26.55411148
40.65	-119.39	16.676729	560	-27.88883018
40.65	-119.35	16.676729	58	-27.88883018
40.65	-119.37	16.676729	320	-27.88883018
40.66	-119.38	16.676729	220	-27.88883018
40.65	-119.39	16.676729	424	-27.88883018
40.64	-119.41	16.676729	77	-46.11700821
40.69	-119.35	16.676729	42	-27.88883018
40.78	-119.34	16.815744	500	31.69000244
40.65	-119.37	16.676729	334	-27.88883018
40.67	-119.37	16.676729	1272	-27.88883018
40.66	-119.37	16.676729	1842	-27.88883018
40.66	-119.36	16.676729	150	-27.88883018
40.66	-119.37	16.676729	9999	-27.88883018
41.21	-119.06	16.815744	107	-5.834591866
40.88	-119.1	16.676729	69	-48.21202087
40.87	-119.17	16.676729	85	-48.21202087
41.13	-119	16.815744	516	-4.249658585
41.08	-119.02	16.815744	94	-4.249658585
41.05	-119.02	16.676729	422	2.503382206
41.05	-119.02	16.676729	317	2.503382206
41.05	-119.02	16.676729	330	2.503382206
41.05	-119.02	16.676729	249	2.503382206
40.99	-119.1	16.676729	85	-31.2743721
41.02	-119.06	16.676729	80	-31.2743721
40.94	-119.1	16.676729	56	-48.21202087
40.91	-119.14	16.676729	89	-48.21202087
40.39	-121.54	18.00329	131	111.5407791
40.35	-121.55	18.00329	71	61.5279808
40.34	-121.45	18.00329	64	34.33236694
40.36	-121.5	18.00329	230	34.33236694
40.41	-121.45	18.00329	84	78.76473999
40.17	-121.51	18.00329	46	51.88563538
40.37	-120.95	17.580811	92	54.99201965
42.02	-123.84	8.7200031	46	26.96927261
39.85	-120.47	16.951086	63	45.99776077
42.49	-123.38	8.1746902	35	-10.87535667
41.86	-123.37	8.7200031	41	-49.16899872
40.51	-122.61	17.755274	38	-12.46913433
40.51	-122.61	17.755274	41	-12.46913433
40.51	-122.61	17.755274	40	-12.46913433
41.47	-121.42	17.755274	40	11.82780933
41.68	-121.12	17.755274	55	3.587082863
41.65	-121.12	18.100437	82	-2.16358757
41.65	-121.18	17.755274	77	-4.762607574
41.61	-121.21	17.755274	32	-4.762607574
41.7	-121.34	17.755274	302	2.494198561
41.57	-121.35	17.755274	81	-8.07553196
41.65	-121.06	18.100437	64	-2.16358757
41.56	-121.12	18.100437	146	-2.16358757
41.81	-122.01	8.7181835	15	-35.57040024
41.69	-121.88	8.7112598	25	-2.013237953
41.74	-121.87	8.7112598	7	-2.013237953
41.73	-121.67	8.7112598	14	2.515234709
41.59	-121.96	8.7299252	12	-1.570258617
41	-120.89	18.00329	97	35.25090027
40.21	-120.25	16.951086	112	-74.49780273
41.47	-120.18	18.00329	89	-0.576235414
41.2	-121.14	18.00329	20	-1.299612403
41.15	-121.06	18.00329	184	-36.883564
41.27	-122.61	15.872827	36	44.55010605
41.81	-122.01	8.7181835	17	-35.57040024
41.83	-121.25	8.7181835	66	15.57495403
40.73	-120.31	17.370102	107	16.4484024
41.58	-122.88	8.7299252	38	-27.20770073
41.57	-122.89	8.7299252	14	-27.20770073
41.57	-122.88	8.7299252	17	-27.20770073
41.61	-122.53	8.7299252	76	-10.83724976
41.56	-122.53	8.7299252	28	-10.83724976
41.43	-122.5	8.7199984	38	11.80708408
41.82	-122.44	8.7181835	41	-15.8863039
41.67	-122.43	8.7112598	53	-35.26681519
41.89	-122.4	8.7200031	10	-15.8863039
41.96	-122.33	8.7200031	74	-33.93069077
41.98	-122.32	8.7200031	71	10.44643593
41.9	-122.48	8.7200031	23	-18.12549019
41.9	-122.53	8.7200031	10	-18.12549019
41.95	-122	8.7200031	141	2.259691238
41.73	-120.38	18.00329	7	-2.09282589
41.64	-120.4	18.00329	97	25.06893158
40.52	-120.68	17.50819	46	37.74178696
41.55	-122.26	8.7135773	59	5.899012566
42.14	-122.73	8.7200031	41	0.741040707
44.67	-125.58	8.5858335	93.37	-65.29970551
44.58	-127.3	5.4504809	151.99	-9.559578896
44.81	-127.97	4.1015091	140.26	-9.246604919
44.95	-128.39	3.2205846	118.91	-9.324359894
45.1	-128.85	2.4179773	181.3	-8.75272274
44.67	-125.58	8.5858335	110.12	-65.29970551
44.84	-125.6	8.5421562	148.64	-53.43785477
44.91	-124.61	9.8163719	45.22	-32.40454865
44.84	-124.72	9.8749847	0	-30.90057182
44.97	-125.1	9.5523081	72.44	-29.23491096
45.01	-125.15	9.2965679	65.32	-23.75463867
44.86	-125.13	9.5314922	82.07	-38.47733688
44.87	-125.28	9.1318445	87.09	-44.97027588
44.82	-125.59	8.5421562	130.63	-61.41485214
44.65	-125.58	8.6269598	123.52	-65.29970551
38.97	-119.27	16.215477	65	13.50798988
46.77	-128.36	1.8929226	68	-9.52539444
46.77	-128.3	2.0580494	113	-9.52539444
46.76	-128.29	2.0580494	88	-9.52539444
46.76	-128.28	2.0580494	97	-9.52539444
46.76	-128.26	2.0580494	50	-11.29348087
46.75	-128.26	2.1742797	47	-11.29348087
46.75	-128.25	2.1742797	91	-11.29348087
46.73	-128.23	2.4284899	68	-11.29348087
46.77	-128.35	2.0580494	55	-9.52539444
46.77	-128.35	2.0580494	43	-9.52539444
46.77	-128.34	2.0580494	62	-9.52539444
46.62	-127.83	3.3197627	104	-8.589700699
46.62	-127.83	3.3197627	127	-8.589700699
46.62	-127.83	3.3197627	123	-8.589700699
46.62	-127.78	3.3197627	124	-4.522679329
46.62	-127.78	3.3197627	117	-4.522679329
46.62	-127.78	3.3197627	134	-4.522679329
46.62	-127.78	3.3197627	165	-4.522679329
46.62	-127.78	3.3197627	171	-4.522679329
46.48	-127.25	4.6397758	159	-3.599548578
46.46	-127.2	4.6397758	131	-3.048153639
46.46	-127.19	4.6397758	141	-3.048153639
46.46	-127.19	4.6397758	167	-3.048153639
46.45	-127.18	4.6397758	161	-3.048153639
46.46	-127.18	4.6397758	131	-3.048153639
46.46	-127.16	4.6397758	165	-3.048153639
46.45	-127.16	4.6397758	161	-3.048153639
46.45	-127.14	4.9049993	164	-3.048153639
46.48	-127.25	4.6397758	174	-3.599548578
46.45	-127.13	4.9049993	187	-3.048153639
46.45	-127.13	4.9049993	170	-3.048153639
46.45	-127.12	4.9049993	189	-3.048153639
46.44	-127.1	4.9191098	174	-6.245225906
46.47	-127.24	4.6397758	143	-3.599548578
46.47	-127.23	4.6397758	142	-3.599548578
46.47	-127.23	4.6397758	153	-3.599548578
46.46	-127.22	4.6397758	158	-3.048153639
46.46	-127.21	4.6397758	167	-3.048153639
46.32	-126.62	5.9918666	119	-16.66739845
46.32	-126.62	5.9918666	106	-16.66739845
46.32	-126.62	5.9918666	130	-16.66739845
46.32	-126.62	5.9918666	143	-16.66739845
46.32	-126.62	5.9918666	119	-16.66739845
46.32	-126.62	5.9918666	117	-16.66739845
46.32	-126.62	5.9918666	126	-16.66739845
46.32	-126.62	5.9918666	139	-16.66739845
46.32	-126.62	5.9918666	130	-16.66739845
46.32	-126.62	5.9918666	133	-16.66739845
46.32	-126.62	5.9918666	124	-16.66739845
46.32	-126.62	5.9918666	144	-16.66739845
46.32	-126.62	5.9918666	149	-16.66739845
46.32	-126.62	5.9918666	146	-16.66739845
46.32	-126.62	5.9918666	139	-16.66739845
46.32	-126.62	5.9918666	156	-16.66739845
46.32	-126.62	5.9918666	165	-16.66739845
46.32	-126.62	5.9918666	144	-16.66739845
46.32	-126.62	5.9918666	158	-16.66739845
46.32	-126.62	5.9918666	135	-16.66739845
46.32	-126.62	5.9918666	129	-16.66739845
46.32	-126.62	5.9918666	167	-16.66739845
46.32	-126.62	5.9918666	162	-16.66739845
46.32	-126.62	5.9918666	144	-16.66739845
46.32	-126.62	5.9918666	143	-16.66739845
46.32	-126.62	5.9918666	146	-16.66739845
46.32	-126.62	5.9918666	137	-16.66739845
46.32	-126.62	5.9918666	116	-16.66739845
46.32	-126.62	5.9918666	126	-16.66739845
46.32	-126.62	5.9918666	113	-16.66739845
46.32	-126.62	5.9918666	119	-16.66739845
46.32	-126.62	5.9918666	124	-16.66739845
46.32	-126.62	5.9918666	149	-16.66739845
46.32	-126.62	5.9918666	128	-16.66739845
46.32	-126.62	5.9918666	125	-16.66739845
46.32	-126.62	5.9918666	145	-16.66739845
46.32	-126.62	5.9918666	126	-16.66739845
46.32	-126.62	5.9918666	130	-16.66739845
46.17	-125.95	7.3550162	121	-27.16911697
46.17	-125.95	7.3550162	122	-27.16911697
46.17	-125.95	7.3550162	131	-27.16911697
46.18	-125.9	7.4997277	123	-31.11706734
46.18	-125.9	7.4997277	110	-31.11706734
46.08	-125.6	8.179697	56	-26.44523621
46.08	-125.6	8.179697	81	-26.44523621
46.08	-125.6	8.179697	79	-26.44523621
46.08	-125.6	8.179697	83	-26.44523621
46.08	-125.6	8.179697	82	-26.44523621
46.08	-125.6	8.179697	79	-26.44523621
46.08	-125.6	8.179697	85	-26.44523621
46.08	-125.6	8.179697	74	-26.44523621
46.08	-125.6	8.179697	77	-26.44523621
46.08	-125.6	8.179697	71	-26.44523621
46.08	-125.6	8.179697	74	-26.44523621
46.08	-125.6	8.179697	84	-26.44523621
46.08	-125.6	8.179697	79	-26.44523621
46.08	-125.6	8.179697	78	-26.44523621
46.08	-125.6	8.179697	79	-26.44523621
46.08	-125.6	8.179697	80	-26.44523621
46.08	-125.6	8.179697	79	-26.44523621
46.87	-128.7	1.0900005	214	-12.24872017
46.87	-128.7	1.0900005	118	-12.24872017
46.87	-128.7	1.0900005	284	-12.24872017
46.87	-128.7	1.0900005	243	-12.24872017
46.87	-128.7	1.0900005	252	-12.24872017
46.87	-128.7	1.0900005	267	-12.24872017
46.87	-128.7	1.0900005	156	-12.24872017
47.15	-129.73	1.6300219	149	-8.214505196
47.15	-129.73	1.6300219	213	-8.214505196
47.15	-129.73	1.6300219	99	-8.214505196
47.15	-129.73	1.6300219	65	-8.214505196
47.15	-129.73	1.6300219	78	-8.214505196
47.15	-129.73	1.6300219	189	-8.214505196
47.15	-129.73	1.6300219	178	-8.214505196
47.15	-129.73	1.6300219	131	-8.214505196
47.15	-129.73	1.6300219	88	-8.214505196
47.15	-129.73	1.6300219	181	-8.214505196
47.15	-129.73	1.6300219	180	-8.214505196
47.15	-129.73	1.6300219	125	-8.214505196
47.15	-129.73	1.6300219	139	-8.214505196
47.15	-129.73	1.6300219	79	-8.214505196
47.15	-129.73	1.6300219	113	-8.214505196
46.82	-128.5	1.7001911	213	-2.88475275
46.82	-128.5	1.7001911	199	-2.88475275
46.82	-128.5	1.7001911	224	-2.88475275
46.82	-128.5	1.7001911	173	-2.88475275
46.82	-128.5	1.7001911	170	-2.88475275
46.8	-128.4	1.8929226	95	-2.88475275
46.8	-128.4	1.8929226	112	-2.88475275
46.8	-128.4	1.8929226	88	-2.88475275
46.8	-128.4	1.8929226	90	-2.88475275
43.89	-122.21	9.5827484	115	10.67171383
43.88	-122.37	9.5827484	91	3.500515223
43.88	-122.07	9.5827484	91	15.65432167
43.59	-122.23	9.5827484	100	29.22591782
44.08	-122.23	9.8749847	159	-0.133904234
43.8	-122.31	9.5827484	68	-14.94464779
44.11	-122.23	9.8749847	83	-44.25658798
46.77	-125.92	7.4773855	125	-32.29166031
46.77	-125.92	7.4773855	125	-32.29166031
46.76	-126.04	7.2581306	119	-37.34703827
46.76	-126.04	7.2581306	119	-37.34703827
46.76	-126.05	7.0691643	115	-37.34703827
46.76	-126.05	7.0691643	115	-37.34703827
46.77	-125.94	7.4773855	125	-32.29166031
46.77	-125.94	7.4773855	125	-32.29166031
46.77	-125.95	7.2581306	122	-37.34703827
46.77	-125.95	7.2581306	122	-37.34703827
46.76	-125.96	7.2581306	115	-37.34703827
46.76	-125.96	7.2581306	115	-37.34703827
46.76	-125.98	7.2581306	116	-37.34703827
46.76	-125.98	7.2581306	116	-37.34703827
46.76	-125.98	7.2581306	115	-37.34703827
46.76	-125.98	7.2581306	115	-37.34703827
46.76	-125.98	7.2581306	111	-37.34703827
46.76	-125.98	7.2581306	111	-37.34703827
46.76	-126.04	7.2581306	122	-37.34703827
46.76	-126.04	7.2581306	122	-37.34703827
46.74	-126.23	6.8100848	327	-26.99987602
46.74	-126.23	6.8100848	327	-26.99987602
46.74	-126.22	6.8100848	189	-26.99987602
46.74	-126.22	6.8100848	189	-26.99987602
46.74	-126.2	6.8100848	112	-26.99987602
46.74	-126.2	6.8100848	112	-26.99987602
46.74	-126.19	6.8100848	132	-26.99987602
46.74	-126.19	6.8100848	132	-26.99987602
46.74	-126.18	6.8100848	122	-26.99987602
46.74	-126.18	6.8100848	122	-26.99987602
46.75	-126.16	6.8100848	134	-36.80311203
46.75	-126.16	6.8100848	134	-36.80311203
46.74	-126.18	6.8100848	125	-26.99987602
46.74	-126.18	6.8100848	125	-26.99987602
46.74	-126.2	6.8100848	141	-26.99987602
46.74	-126.2	6.8100848	141	-26.99987602
46.74	-126.21	6.8100848	159	-26.99987602
46.74	-126.21	6.8100848	159	-26.99987602
46.74	-126.21	6.8100848	166	-26.99987602
46.74	-126.21	6.8100848	166	-26.99987602
46.74	-126.22	6.8100848	265	-26.99987602
46.74	-126.22	6.8100848	265	-26.99987602
46.74	-126.24	6.8100848	443	-26.99987602
46.74	-126.24	6.8100848	443	-26.99987602
46.74	-126.24	6.8100848	457	-26.99987602
46.74	-126.24	6.8100848	457	-26.99987602
46.74	-126.25	6.8100848	418	-26.99987602
46.74	-126.25	6.8100848	418	-26.99987602
45.43	-125.73	8.0344667	622	-33.81261826
45.43	-125.73	8.0344667	622	-33.81261826
45.43	-125.75	7.8805914	961	-33.81261826
45.43	-125.75	7.8805914	961	-33.81261826
45.43	-125.76	7.8805914	815	-33.81261826
45.43	-125.76	7.8805914	815	-33.81261826
45.43	-125.77	7.8805914	335	-33.81261826
45.43	-125.77	7.8805914	335	-33.81261826
45.43	-125.79	7.8805914	316	-33.81261826
45.43	-125.79	7.8805914	316	-33.81261826
45.42	-125.8	7.8805914	244	-33.81261826
45.42	-125.8	7.8805914	244	-33.81261826
45.42	-125.82	7.8805914	161	-33.81261826
45.42	-125.82	7.8805914	161	-33.81261826
45.43	-125.64	8.1844883	107	-43.49087906
45.43	-125.64	8.1844883	107	-43.49087906
45.43	-125.67	8.0344667	161	-43.49087906
45.43	-125.67	8.0344667	161	-43.49087906
45.43	-125.7	8.0344667	190	-43.49087906
45.43	-125.7	8.0344667	190	-43.49087906
45.43	-125.71	8.0344667	104	-33.81261826
45.43	-125.71	8.0344667	104	-33.81261826
45.43	-125.72	8.0344667	332	-33.81261826
45.43	-125.72	8.0344667	332	-33.81261826
45.36	-125.67	8.0344667	149	-44.40666962
45.36	-125.67	8.0344667	149	-44.40666962
45.48	-125.71	8.0390244	132	-33.81261826
45.48	-125.71	8.0390244	132	-33.81261826
45.5	-125.72	8.0390244	119	-33.81261826
45.5	-125.72	8.0390244	119	-33.81261826
45.37	-125.68	8.0344667	122	-44.40666962
45.37	-125.68	8.0344667	122	-44.40666962
45.45	-125.7	8.0390244	206	-43.49087906
45.45	-125.7	8.0390244	206	-43.49087906
45.47	-125.71	8.0390244	165	-33.81261826
45.47	-125.71	8.0390244	165	-33.81261826
46.68	-126.14	7.0371647	119	-36.80311203
46.68	-126.14	7.0371647	119	-36.80311203
46.68	-126.15	6.8100848	121	-36.80311203
46.68	-126.15	6.8100848	121	-36.80311203
46.68	-126.16	6.8100848	133	-36.80311203
46.68	-126.16	6.8100848	133	-36.80311203
46.67	-126.18	6.8100848	124	-29.47881699
46.67	-126.18	6.8100848	124	-29.47881699
46.67	-126.19	6.8100848	133	-29.47881699
46.67	-126.19	6.8100848	133	-29.47881699
46.67	-126.2	6.8100848	135	-29.47881699
46.67	-126.2	6.8100848	135	-29.47881699
41.68	-124.93	8.7112598	56	-2.632040501
41	-126.43	3.5363894	167	-3.302544832
39.09	-127.78	26.078346	46	-9.006035805
40.08	-125.34	16.723663	82	-30.17288971
47.92	-128.8	0.66285837	75	-10.49689579
47.91	-128.75	0.66285837	129	-10.49689579
47.89	-128.65	0.91232389	434	-8.577288628
47.77	-127.77	3.1612465	298	-0.975069642
47.77	-127.77	3.1612465	382	-0.975069642
47.76	-127.74	3.3711357	109	-0.975069642
47.86	-128.51	1.414219	464	-5.80466938
47.84	-128.38	1.6586365	350	-5.461304665
47.89	-128.58	1.1679138	889	-5.80466938
47.79	-128.13	2.4378891	296	-1.540216565
48.43	-128.68	0.79336768	1160	-10.74924183
48.43	-128.68	0.79336768	1968	-10.74924183
48.46	-128.71	0.59159386	4268	-10.74924183
40.95	-127.52	0.021391379	180	-44.38734818
41	-127.49	0.021391379	2726	-37.00662231
48.44	-128.6	1.033847	418	8.065933228
48.44	-128.7	0.79336768	748	-10.74924183
48.44	-128.7	0.79336768	2061	-10.74924183
48.44	-128.7	0.79336768	746	-10.74924183
48.44	-128.7	0.79336768	879	-10.74924183
48.46	-128.7	0.59159386	1866	-10.74924183
48.46	-128.7	0.59159386	13161	-10.74924183
48.46	-128.7	0.59159386	4104	-10.74924183
48.17	-126.7	5.5965943	120	-42.68918228
48.7	-126.9	5.5437579	75	-27.44796753
48.66	-126.9	5.5437579	26	-27.44796753
44.67	-125.1	9.5507097	78	-16.33102798
38.83	-121.17	16.676729	25	-82.50362396
45.68	-120.12	9.5560369	50	-41.06179047
38.98	-120.32	16.215477	52	70.58906555
38.55	-120.57	16.215477	30	46.32852554
39.7	-122.88	18.00329	66	69.20287323
46.58	-119.52	9.7773581	63	-38.76895523
46.35	-119.27	9.5389538	52	-41.72725677
39.43	-123.73	18.287436	83	27.30547905
39.38	-119.63	16.215477	115	42.94220352
37.32	-122.12	16.215477	92	-1.091421843
46.43	-119.78	9.543684	59	24.76720619
46.43	-119.78	9.543684	57	24.76720619
37.1	-119.73	16.19442	25	27.38141632
37.17	-120.07	16.19442	18	55.00428009
37.45	-122.03	16.215477	84	-8.995250702
37.8	-121.58	16.215477	40	-50.0063324
42.1	-119.92	18.00329	104	8.631074905
42.17	-119.86	18.00329	75	-22.93094254
39.47	-119.63	16.215477	87	-7.161396027
39.57	-123.12	18.100437	75	-2.564104795
38.93	-119.07	16.215477	77	-32.75069046
38.92	-119.07	16.215477	75	-32.75069046
42.23	-121.76	8.7200031	53	-2.806406498
42.15	-121.68	8.7200031	58	3.540222883
42.03	-121.59	8.7200031	54	24.7969265
42.06	-121.62	8.7200031	41	24.7969265
42.23	-121.76	8.7200031	715	-2.806406498
38.87	-120.65	16.364212	44	32.97882843
42.09	-121.7	8.7200031	58	3.120653868
42.17	-121.65	8.7200031	33	3.540222883
42.2	-121.74	8.7200031	129	3.540222883
42.15	-121.7	8.7200031	66	3.540222883
42.09	-121.9	8.7200031	12	19.13749313
42.15	-121.68	8.7200031	62	3.540222883
42	-121.7	8.7200031	66	-29.57883453
42.19	-121.8	8.7200031	167	-2.806406498
38.85	-119.75	16.215477	47	-20.63304329
42.19	-121.71	8.7200031	104	3.540222883
42.18	-121.7	8.7200031	37	3.540222883
42.13	-121.74	8.7200031	62	3.540222883
42.19	-121.77	8.7200031	8	-2.806406498
42.19	-121.78	8.7200031	121	-2.806406498
42.17	-121.68	8.7200031	20	3.540222883
42.06	-121.76	8.7200031	54	-10.34061337
42.06	-121.6	8.7200031	92	24.7969265
42.01	-121.82	8.7200031	12	-10.34061337
38.83	-121.17	16.676729	25	-82.50362396
38.98	-120.32	16.215477	52	70.58906555
42.17	-121.62	8.7200031	301	10.27960873
42.03	-121.75	8.7200031	60	-10.34061337
42.02	-121.69	8.7200031	96	3.120653868
38.55	-120.57	16.215477	30	46.32852554
42.24	-121.78	8.7200031	97	-2.806406498
42.25	-121.78	8.7200031	121	6.123045921
42.13	-121.8	8.7200031	37	-2.806406498
42.01	-121.63	8.7200031	83	3.120653868
38.97	-119.27	16.215477	65	13.50798988
46.54	-122.82	9.6252508	37	-35.00421906
46.54	-122.84	9.6252508	35	-35.00421906
42.07	-121.8	8.7200031	33	-10.34061337
42.11	-121.69	8.7200031	138	3.120653868
42.11	-121.87	8.7200031	108	19.13749313
42.2	-121.73	8.7200031	125	3.540222883
38.83	-120.25	16.215477	34	42.25470734
47.95	-129.1	0.02951305	26	4.241880417
47.95	-129.08	0.02951305	438	-1.580559015
47.95	-129.1	0.02951305	1986	4.241880417
47.95	-129.1	0.02951305	198	4.241880417
47.95	-129.1	0.02951305	17	4.241880417
47.95	-129.09	0.02951305	66	-1.580559015
47.95	-129.1	0.02951305	6102	4.241880417
47.95	-129.1	0.02951305	646	4.241880417
47.95	-129.1	0.02951305	28	4.241880417
47.95	-129.1	0.02951305	235	4.241880417
47.95	-129.1	0.02951305	2431	4.241880417
47.95	-129.1	0.02951305	174	4.241880417
47.95	-129.1	0.02951305	13216	4.241880417
47.95	-129.1	0.02951305	11398	4.241880417
47.95	-129.1	0.02951305	39	4.241880417
47.95	-129.09	0.02951305	101	-1.580559015
47.95	-129.09	0.02951305	167	-1.580559015
47.95	-129.1	0.02951305	155	4.241880417
47.96	-129.1	0.02951305	1471	2.136907578
47.96	-129.1	0.02951305	131	2.136907578
47.96	-129.1	0.02951305	77	2.136907578
47.96	-129.09	0.02951305	39	6.714704514
47.96	-129.09	0.02951305	33	6.714704514
47.95	-129.09	0.02951305	198	-1.580559015
47.95	-129.1	0.02951305	1703	4.241880417
47.96	-129.09	0.02951305	10061	6.714704514
47.96	-129.1	0.02951305	72	2.136907578
47.96	-129.1	0.02951305	137	2.136907578
47.96	-129.1	0.02951305	12967	2.136907578
47.96	-129.09	0.02951305	3894	6.714704514
47.96	-129.09	0.02951305	66	6.714704514
47.96	-129.09	0.02951305	22	6.714704514
47.95	-129.09	0.02951305	904	-1.580559015
47.95	-129.09	0.02951305	2083	-1.580559015
47.96	-129.1	0.02951305	217	2.136907578
47.96	-129.1	0.02951305	14417	2.136907578
47.96	-129.1	0.02951305	55	2.136907578
47.96	-129.09	0.02951305	6	6.714704514
47.95	-129.1	0.02951305	28	4.241880417
47.95	-129.1	0.02951305	89	4.241880417
47.95	-129.09	0.02951305	490	-1.580559015
47.95	-129.09	0.02951305	5629	-1.580559015
47.95	-129.09	0.02951305	149	-1.580559015
47.95	-129.09	0.02951305	66	-1.580559015
47.96	-129.1	0.02951305	7765	2.136907578
47.95	-129.1	0.02951305	242	4.241880417
47.95	-129.09	0.02951305	-6	-1.580559015
47.95	-129.09	0.02951305	4841	-1.580559015
47.96	-129.09	0.02951305	137	6.714704514
47.96	-129.1	0.02951305	4797	2.136907578
47.96	-129.09	0.02951305	6	6.714704514
47.95	-129.09	0.02951305	10882	-1.580559015
47.95	-129.09	0.02951305	137	-1.580559015
47.95	-129.09	0.02951305	17	-1.580559015
47.95	-129.1	0.02951305	161	4.241880417
47.95	-129.09	0.02951305	425	-1.580559015
47.95	-129.09	0.02951305	745	-1.580559015
47.95	-129.09	0.02951305	2718	-1.580559015
47.95	-129.1	0.02951305	125	4.241880417
47.95	-129.1	0.02951305	61	4.241880417
47.95	-129.1	0.02951305	61	4.241880417
47.95	-129.09	0.02951305	432	-1.580559015
47.95	-129.09	0.02951305	542	-1.580559015
47.95	-129.09	0.02951305	2000	-1.580559015
47.95	-129.09	0.02951305	33	-1.580559015
47.96	-129.09	0.02951305	393	6.714704514
47.95	-129.09	0.02951305	2543	-1.580559015
47.95	-129.1	0.02951305	66	4.241880417
47.95	-129.09	0.02951305	167	-1.580559015
47.96	-129.1	0.02951305	101	2.136907578
47.96	-129.1	0.02951305	1944	2.136907578
47.96	-129.1	0.02951305	745	2.136907578
47.96	-129.09	0.02951305	712	6.714704514
47.96	-129.09	0.02951305	39	6.714704514
47.96	-129.09	0.02951305	33	6.714704514
47.95	-129.1	0.02951305	304	4.241880417
47.95	-129.1	0.02951305	666	4.241880417
47.95	-129.09	0.02951305	1745	-1.580559015
47.95	-129.09	0.02951305	4173	-1.580559015
47.95	-129.09	0.02951305	33	-1.580559015
47.95	-129.09	0.02951305	17	-1.580559015
47.96	-129.1	0.02951305	904	2.136907578
47.95	-129.1	0.02951305	77	4.241880417
47.96	-129.1	0.02951305	2922	2.136907578
47.96	-129.1	0.02951305	12726	2.136907578
47.95	-129.1	0.02951305	438	4.241880417
47.95	-129.09	0.02951305	167	-1.580559015
47.96	-129.09	0.02951305	22	6.714704514
47.95	-129.1	0.02951305	1334	4.241880417
47.95	-129.1	0.02951305	180	4.241880417
47.95	-129.09	0.02951305	1498	-1.580559015
47.96	-129.1	0.02951305	4223	2.136907578
47.96	-129.09	0.02951305	61	6.714704514
47.95	-129.09	0.02951305	438	-1.580559015
47.96	-129.1	0.02951305	101	2.136907578
47.96	-129.1	0.02951305	50	2.136907578
47.96	-129.09	0.02951305	125	6.714704514
47.96	-129.09	0.02951305	490	6.714704514
47.96	-129.1	0.02951305	3758	2.136907578
47.96	-129.1	0.02951305	11	2.136907578
47.96	-129.1	0.02951305	613	2.136907578
47.95	-129.1	0.02951305	3965	4.241880417
47.95	-129.09	0.02951305	11	-1.580559015
47.95	-129.09	0.02951305	39	-1.580559015
47.95	-129.09	0.02951305	1827	-1.580559015
47.95	-129.1	0.02951305	13789	4.241880417
47.95	-129.1	0.02951305	22	4.241880417
47.95	-129.1	0.02951305	1145	4.241880417
47.95	-129.09	0.02951305	12283	-1.580559015
47.95	-129.09	0.02951305	2034	-1.580559015
47.96	-129.09	0.02951305	11	6.714704514
47.95	-129.1	0.02951305	336	4.241880417
47.96	-129.1	0.02951305	66	2.136907578
47.96	-129.1	0.02951305	406	2.136907578
47.96	-129.1	0.02951305	72	2.136907578
47.96	-129.09	0.02951305	39	6.714704514
47.96	-129.09	0.02951305	77	6.714704514
47.96	-129.1	0.02951305	10083	2.136907578
47.96	-129.1	0.02951305	217	2.136907578
47.96	-129.1	0.02951305	804	2.136907578
47.96	-129.09	0.02951305	180	6.714704514
42.2	-119.85	18.00329	75	-22.93094254
42.1	-119.92	18.00329	104	8.631074905
42.17	-119.86	18.00329	75	-22.93094254
38.88	-121.05	16.676729	29	-19.45288849
37.87	-122.25	16.815744	83	-8.681152344
39.7	-122.88	18.00329	66	69.20287323
46.58	-119.52	9.7773581	63	-38.76895523
46.35	-119.27	9.5389538	52	-41.72725677
46.35	-119.27	9.5389538	41	-41.72725677
46.35	-119.27	9.5389538	47	-41.72725677
39.7	-122.8	18.00329	48	69.20287323
39.43	-123.73	18.287436	83	27.30547905
37.1	-119.38	16.19442	32	135.9580841
39.38	-119.63	16.215477	115	42.94220352
37.45	-122.17	16.364212	91	-1.091421843
40.23	-120.8	17.370102	79	47.54650497
37.32	-122.12	16.215477	92	-1.091421843
38.88	-119.58	16.215477	96	20.78467941
46.54	-122.84	9.6252508	35	-35.00421906
46.43	-119.78	9.543684	59	24.76720619
46.43	-119.78	9.543684	57	24.76720619
37.1	-119.73	16.19442	25	27.38141632
39.4	-120.88	16.815744	28	26.55622482
37.48	-122.13	16.364212	94	-1.091421843
37.17	-120.07	16.19442	18	55.00428009
39.25	-119.67	16.215477	82	25.26992607
46.53	-122.81	9.6252508	32	-35.00421906
46.54	-122.82	9.6252508	37	-35.00421906
46.53	-122.81	9.6252508	35	-35.00421906
37.45	-122.03	16.215477	84	-8.995250702
37.8	-121.58	16.215477	40	-50.0063324
39.3	-119.65	16.215477	292	25.26992607
46.42	-119.59	9.543684	56	15.14950943
39.47	-119.63	16.215477	87	-7.161396027
39.57	-123.12	18.100437	75	-2.564104795
38.93	-119.07	16.215477	77	-32.75069046
38.93	-119.07	16.215477	77	-32.75069046
45.98	-121.62	9.5455904	74	10.58870697
46.1	-121.7	9.5399418	66	25.17150688
46	-121.89	9.5455904	61	18.4821701
45.41	-121.82	9.5483627	100	22.76212502
45.37	-121.82	9.5483627	98	41.99193954
45.39	-121.81	9.5483627	133	41.99193954
45.39	-121.86	9.5483627	87	-11.65816784
45.34	-121.92	9.5414743	65	-11.65816784
45.5	-121.56	9.5407829	91	27.73752022
45.28	-121.84	9.5414743	66	41.99193954
45.33	-121.71	9.5414743	371	91.14661407
45.3	-121.77	9.5414743	92	41.99193954
38.84	-121.84	17.088528	26	-18.61419868
39.46	-121.99	17.580811	32	-0.248731673
45.46	-121.65	9.5407829	56	40.6076355
45.42	-121.77	9.5483627	134	22.76212502
45.33	-121.66	9.5414743	153	91.14661407
42.97	-119.25	8.5979795	71	19.99212456
42.56	-119.04	18.00329	62	-24.32952118
42.56	-119.07	18.00329	53	-4.324602127
42.64	-119.09	8.7200031	44	-15.3409605
42.7	-119.06	8.7200031	52	-15.3409605
42.7	-119.12	8.7200031	46	-15.3409605
43.38	-119	9.5350513	71	-12.42782593
40.65	-119.36	16.676729	125	-27.88883018
40.85	-119.3	16.815744	125	-26.55411148
40.43	-119.23	16.364212	89	59.04402542
39.82	-119.81	16.364212	104	4.499360085
39.08	-119.63	16.215477	85	25.65934181
39.84	-119.48	16.215477	90	14.75334167
39.82	-119.91	16.524179	23	14.08341789
41.58	-119.83	18.00329	79	9.021509171
41.58	-119.75	17.580811	71	11.7555666
41.66	-119.81	18.00329	66	-2.914054632
39.3	-119.77	16.215477	104	-21.98574066
40.93	-119.01	16.676729	79	-21.24578857
40.91	-119.09	16.676729	62	-48.21202087
40.73	-119.27	16.676729	42	-20.22464371
40.75	-119.24	16.676729	42	-20.22464371
40.83	-119.2	16.676729	117	-20.22464371
40.79	-119.19	16.676729	75	-20.22464371
40.85	-119.05	16.524179	209	-21.24578857
40.65	-119.35	16.676729	650	-27.88883018
40.71	-119.29	16.676729	70	-1.788173914
40.77	-119.25	16.676729	65	-20.22464371
40.77	-119.22	16.676729	60	-20.22464371
40.77	-119.18	16.676729	89	-20.22464371
40.82	-119.17	16.676729	93	-13.53714085
40.84	-119.14	16.676729	107	-13.53714085
40.8	-119.13	16.676729	66	-13.53714085
54.91	-132.13	9.9456406	76	7.125473976
54.91	-132.13	9.9456406	69	7.125473976
54.91	-132.13	9.9456406	82	7.125473976
54.78	-132.05	9.9456406	46	9.265666962
37.74	-122.1	16.524179	83	-1.091421843
37.54	-122.1	16.364212	96	-1.091421843
37.61	-121.97	16.364212	80	11.69815731
37.62	-121.98	16.364212	80	-8.995250702
42.02	-123.84	8.7200031	46	26.96927261
42.49	-123.38	8.1746902	35	-10.87535667
40.51	-122.61	17.755274	41	-12.46913433
41.68	-121.12	17.755274	55	3.587082863
41.65	-121.12	18.100437	82	-2.16358757
41.7	-121.34	17.755274	302	2.494198561
41.65	-121.06	18.100437	64	-2.16358757
41.56	-121.12	18.100437	146	-2.16358757
37.17	-127.6	33.400661	56	-24.45638275
39.42	-127.55	25.494421	57	-17.75083542
41.05	-130.12	5.4735184	41	-11.58354759
45.36	-121.94	9.5483627	77	-11.65816784
45.4	-121.81	9.5483627	113	22.76212502
45.4	-121.81	9.5483627	118	22.76212502
45.4	-121.81	9.5483627	128	22.76212502
45.32	-121.8	9.5414743	36	41.99193954
45.41	-121.82	9.5483627	100	22.76212502
45.37	-121.82	9.5483627	98	41.99193954
45.39	-121.81	9.5483627	100	41.99193954
45.39	-121.81	9.5483627	96	41.99193954
45.39	-121.81	9.5483627	96	41.99193954
45.39	-121.81	9.5483627	133	41.99193954
45.39	-121.86	9.5483627	87	-11.65816784
45.28	-121.74	9.5414743	94	91.14661407
45.31	-121.83	9.5414743	61	41.99193954
45.34	-121.92	9.5414743	65	-11.65816784
45.5	-121.56	9.5407829	91	27.73752022
45.28	-121.84	9.5414743	66	41.99193954
45.33	-121.71	9.5414743	371	91.14661407
45.39	-122.32	9.5483627	50	-41.43912506
45.3	-121.77	9.5414743	92	41.99193954
45.3	-121.77	9.5414743	51	41.99193954
45.44	-121.72	9.5483627	41	40.6076355
45.44	-121.72	9.5483627	46	40.6076355
45.46	-121.65	9.5407829	38	40.6076355
45.46	-121.65	9.5407829	56	40.6076355
45.29	-121.71	9.5414743	72	91.14661407
45.42	-121.77	9.5483627	105	22.76212502
45.42	-121.77	9.5483627	133	22.76212502
45.42	-121.77	9.5483627	134	22.76212502
45.33	-121.66	9.5414743	153	91.14661407
45.33	-121.66	9.5414743	91	91.14661407
45.33	-121.66	9.5414743	138	91.14661407
45.32	-121.72	9.5414743	111	91.14661407
45.32	-121.72	9.5414743	120	91.14661407
45.31	-121.68	9.5414743	24	91.14661407
45.31	-121.68	9.5414743	114	91.14661407
48.46	-128.71	0.59159386	8210	-10.74924183
48.46	-128.71	0.59159386	7660	-10.74924183
48.46	-128.71	0.59159386	6040	-10.74924183
48.46	-128.71	0.59159386	8840	-10.74924183
48.46	-128.71	0.59159386	2770	-10.74924183
48.46	-128.71	0.59159386	8020	-10.74924183
48.46	-128.71	0.59159386	14070	-10.74924183
48.46	-128.71	0.59159386	13540	-10.74924183
48.46	-128.71	0.59159386	1500	-10.74924183
48.46	-128.71	0.59159386	6170	-10.74924183
48.45	-128.71	0.59159386	7000	-10.74924183
48.46	-128.71	0.59159386	11780	-10.74924183
48.43	-128.68	0.79336768	2090	-10.74924183
48.43	-128.68	0.79336768	4080	-10.74924183
48.43	-128.68	0.79336768	290	-10.74924183
48.43	-128.68	0.79336768	2490	-10.74924183
48.43	-128.68	0.79336768	2390	-10.74924183
48.46	-128.71	0.59159386	6980	-10.74924183
48.46	-128.71	0.59159386	14660	-10.74924183
48.46	-128.71	0.59159386	8000	-10.74924183
48.46	-128.71	0.59159386	9410	-10.74924183
48.49	-128.71	0.59159386	10450	-10.74924183
48.46	-128.71	0.59159386	5580	-10.74924183
48.43	-128.68	0.79336768	3180	-10.74924183
48.43	-128.68	0.79336768	1520	-10.74924183
48.43	-128.68	0.79336768	2390	-10.74924183
48.46	-128.7	0.59159386	1050	-10.74924183
48.46	-128.71	0.59159386	920	-10.74924183
48.46	-128.71	0.59159386	1090	-10.74924183
48.46	-128.71	0.59159386	1370	-10.74924183
48.46	-128.71	0.59159386	1570	-10.74924183
48.46	-128.71	0.59159386	2260	-10.74924183
48.46	-128.71	0.59159386	2910	-10.74924183
48.46	-128.71	0.59159386	9310	-10.74924183
48.46	-128.71	0.59159386	7750	-10.74924183
48.46	-128.71	0.59159386	8320	-10.74924183
48.46	-128.71	0.59159386	530	-10.74924183
48.45	-128.71	0.59159386	4100	-10.74924183
48.45	-128.71	0.59159386	1420	-10.74924183
48.45	-128.71	0.59159386	1010	-10.74924183
48.45	-128.71	0.59159386	890	-10.74924183
48.45	-128.71	0.59159386	830	-10.74924183
48.45	-128.71	0.59159386	940	-10.74924183
48.45	-128.71	0.59159386	1150	-10.74924183
48.45	-128.71	0.59159386	1310	-10.74924183
48.45	-128.71	0.59159386	1910	-10.74924183
48.45	-128.71	0.59159386	3130	-10.74924183
48.46	-128.71	0.59159386	7530	-10.74924183
48.46	-128.71	0.59159386	10310	-10.74924183
48.45	-128.71	0.59159386	890	-10.74924183
48.45	-128.71	0.59159386	950	-10.74924183
48.45	-128.71	0.59159386	1050	-10.74924183
48.45	-128.71	0.59159386	1320	-10.74924183
48.45	-128.71	0.59159386	4310	-10.74924183
48.46	-128.71	0.59159386	12950	-10.74924183
48.46	-128.71	0.59159386	8750	-10.74924183
48.46	-128.71	0.59159386	3800	-10.74924183
48.46	-128.71	0.59159386	4240	-10.74924183
48.46	-128.71	0.59159386	2770	-10.74924183
48.46	-128.71	0.59159386	1630	-10.74924183
48.46	-128.71	0.59159386	1620	-10.74924183
48.46	-128.7	0.59159386	1080	-10.74924183
48.46	-128.7	0.59159386	1030	-10.74924183
48.46	-128.7	0.59159386	1020	-10.74924183
48.45	-128.72	0.59159386	840	-10.74924183
48.45	-128.71	0.59159386	930	-10.74924183
48.46	-128.71	0.59159386	1530	-10.74924183
48.46	-128.71	0.59159386	1230	-10.74924183
48.45	-128.71	0.59159386	1390	-10.74924183
48.46	-128.71	0.59159386	1310	-10.74924183
48.45	-128.71	0.59159386	2520	-10.74924183
48.46	-128.71	0.59159386	2060	-10.74924183
48.46	-128.71	0.59159386	2060	-10.74924183
48.45	-128.7	0.59159386	1420	-10.74924183
48.46	-128.71	0.59159386	3210	-10.74924183
48.45	-128.7	0.59159386	1540	-10.74924183
48.46	-128.71	0.59159386	3240	-10.74924183
48.46	-128.71	0.59159386	2330	-10.74924183
48.46	-128.71	0.59159386	7400	-10.74924183
48.46	-128.71	0.59159386	3070	-10.74924183
48.46	-128.71	0.59159386	3480	-10.74924183
48.46	-128.71	0.59159386	3070	-10.74924183
48.46	-128.71	0.59159386	2640	-10.74924183
48.46	-128.71	0.59159386	1710	-10.74924183
48.46	-128.71	0.59159386	1980	-10.74924183
48.46	-128.71	0.59159386	1570	-10.74924183
48.46	-128.71	0.59159386	3600	-10.74924183
48.46	-128.71	0.59159386	1930	-10.74924183
48.46	-128.71	0.59159386	2150	-10.74924183
48.46	-128.71	0.59159386	2210	-10.74924183
48.45	-128.71	0.59159386	2850	-10.74924183
48.45	-128.71	0.59159386	2390	-10.74924183
48.45	-128.71	0.59159386	1100	-10.74924183
48.45	-128.71	0.59159386	910	-10.74924183
48.45	-128.71	0.59159386	940	-10.74924183
48.45	-128.71	0.59159386	1140	-10.74924183
48.45	-128.71	0.59159386	1230	-10.74924183
48.45	-128.71	0.59159386	2750	-10.74924183
48.45	-128.71	0.59159386	2660	-10.74924183
48.45	-128.71	0.59159386	2460	-10.74924183
48.45	-128.71	0.59159386	1510	-10.74924183
48.45	-128.7	0.59159386	1140	-10.74924183
48.45	-128.71	0.59159386	3090	-10.74924183
48.46	-128.71	0.59159386	7560	-10.74924183
48.46	-128.71	0.59159386	6870	-10.74924183
48.46	-128.71	0.59159386	1420	-10.74924183
48.46	-128.71	0.59159386	7150	-10.74924183
48.46	-128.71	0.59159386	8780	-10.74924183
48.46	-128.71	0.59159386	3260	-10.74924183
48.46	-128.71	0.59159386	3130	-10.74924183
48.46	-128.71	0.59159386	1390	-10.74924183
48.46	-128.71	0.59159386	980	-10.74924183
48.46	-128.71	0.59159386	1710	-10.74924183
48.46	-128.7	0.59159386	1450	-10.74924183
48.46	-128.71	0.59159386	1700	-10.74924183
48.46	-128.7	0.59159386	1380	-10.74924183
48.46	-128.71	0.59159386	3450	-10.74924183
48.46	-128.71	0.59159386	1380	-10.74924183
48.46	-128.71	0.59159386	4180	-10.74924183
48.46	-128.71	0.59159386	9590	-10.74924183
48.46	-128.71	0.59159386	1500	-10.74924183
48.46	-128.71	0.59159386	7570	-10.74924183
48.46	-128.71	0.59159386	2050	-10.74924183
48.46	-128.71	0.59159386	2030	-10.74924183
48.46	-128.71	0.59159386	5150	-10.74924183
48.46	-128.71	0.59159386	1400	-10.74924183
48.46	-128.71	0.59159386	6070	-10.74924183
48.46	-128.72	0.59159386	1030	-10.74924183
48.46	-128.71	0.59159386	3390	-10.74924183
48.46	-128.72	0.59159386	710	-10.74924183
48.46	-128.71	0.59159386	2300	-10.74924183
48.46	-128.71	0.59159386	860	-10.74924183
48.46	-128.71	0.59159386	2080	-10.74924183
48.46	-128.72	0.59159386	960	-10.74924183
48.46	-128.71	0.59159386	10360	-10.74924183
48.46	-128.71	0.59159386	1240	-10.74924183
48.46	-128.71	0.59159386	11540	-10.74924183
48.46	-128.71	0.59159386	2240	-10.74924183
48.46	-128.71	0.59159386	3660	-10.74924183
48.46	-128.71	0.59159386	13340	-10.74924183
48.46	-128.71	0.59159386	4920	-10.74924183
48.45	-128.71	0.59159386	6690	-10.74924183
48.46	-128.71	0.59159386	1690	-10.74924183
48.45	-128.71	0.59159386	1800	-10.74924183
48.46	-128.7	0.59159386	1160	-10.74924183
48.45	-128.71	0.59159386	1280	-10.74924183
48.46	-128.7	0.59159386	890	-10.74924183
48.45	-128.71	0.59159386	1060	-10.74924183
48.46	-128.7	0.59159386	740	-10.74924183
48.45	-128.71	0.59159386	1310	-10.74924183
48.46	-128.7	0.59159386	790	-10.74924183
48.45	-128.71	0.59159386	3940	-10.74924183
48.46	-128.7	0.59159386	840	-10.74924183
48.46	-128.71	0.59159386	6920	-10.74924183
48.46	-128.7	0.59159386	890	-10.74924183
48.46	-128.71	0.59159386	9510	-10.74924183
48.46	-128.7	0.59159386	1140	-10.74924183
48.46	-128.71	0.59159386	8430	-10.74924183
48.46	-128.71	0.59159386	1370	-10.74924183
48.46	-128.71	0.59159386	12380	-10.74924183
48.46	-128.71	0.59159386	2500	-10.74924183
48.46	-128.7	0.59159386	1380	-10.74924183
48.46	-128.71	0.59159386	2360	-10.74924183
48.46	-128.7	0.59159386	1080	-10.74924183
48.46	-128.71	0.59159386	3310	-10.74924183
48.46	-128.7	0.59159386	1040	-10.74924183
48.46	-128.7	0.59159386	1150	-10.74924183
48.46	-128.71	0.59159386	1690	-10.74924183
48.45	-128.71	0.59159386	1480	-10.74924183
48.45	-128.71	0.59159386	1880	-10.74924183
48.46	-128.71	0.59159386	13190	-10.74924183
48.46	-128.71	0.59159386	14240	-10.74924183
48.46	-128.71	0.59159386	1740	-10.74924183
48.46	-128.71	0.59159386	1300	-10.74924183
48.46	-128.71	0.59159386	1970	-10.74924183
48.46	-128.71	0.59159386	2950	-10.74924183
48.46	-128.71	0.59159386	2480	-10.74924183
48.45	-128.71	0.59159386	2630	-10.74924183
48.46	-128.71	0.59159386	9940	-10.74924183
48.45	-128.71	0.59159386	1250	-10.74924183
48.46	-128.71	0.59159386	3750	-10.74924183
48.45	-128.71	0.59159386	990	-10.74924183
48.46	-128.71	0.59159386	1930	-10.74924183
48.45	-128.71	0.59159386	1050	-10.74924183
48.46	-128.71	0.59159386	2210	-10.74924183
48.46	-128.71	0.59159386	1340	-10.74924183
48.46	-128.71	0.59159386	4550	-10.74924183
48.46	-128.71	0.59159386	7590	-10.74924183
48.46	-128.71	0.59159386	9960	-10.74924183
48.46	-128.71	0.59159386	2510	-10.74924183
48.45	-128.71	0.59159386	1780	-10.74924183
48.45	-128.71	0.59159386	1300	-10.74924183
48.45	-128.71	0.59159386	1190	-10.74924183
48.45	-128.71	0.59159386	1600	-10.74924183
48.45	-128.71	0.59159386	3540	-10.74924183
48.46	-128.71	0.59159386	9950	-10.74924183
48.46	-128.71	0.59159386	9130	-10.74924183
48.45	-128.71	0.59159386	7750	-10.74924183
48.45	-128.71	0.59159386	2070	-10.74924183
48.45	-128.71	0.59159386	1400	-10.74924183
48.45	-128.71	0.59159386	1300	-10.74924183
48.45	-128.71	0.59159386	1150	-10.74924183
48.45	-128.71	0.59159386	2500	-10.74924183
48.46	-128.71	0.59159386	1680	-10.74924183
48.45	-128.71	0.59159386	3040	-10.74924183
48.46	-128.71	0.59159386	2050	-10.74924183
48.46	-128.71	0.59159386	6980	-10.74924183
48.44	-128.68	0.79336768	470	-10.74924183
48.43	-128.68	0.79336768	2170	-10.74924183
48.44	-128.69	0.79336768	460	-10.74924183
48.43	-128.68	0.79336768	1730	-10.74924183
48.44	-128.69	0.79336768	530	-10.74924183
48.43	-128.68	0.79336768	1620	-10.74924183
48.44	-128.69	0.79336768	60	-10.74924183
48.43	-128.68	0.79336768	3580	-10.74924183
48.44	-128.69	0.79336768	680	-10.74924183
48.43	-128.68	0.79336768	2560	-10.74924183
48.43	-128.69	0.79336768	840	-10.74924183
48.43	-128.68	0.79336768	1680	-10.74924183
48.43	-128.69	0.79336768	1050	-10.74924183
48.43	-128.68	0.79336768	1610	-10.74924183
48.43	-128.69	0.79336768	1300	-10.74924183
48.44	-128.68	0.79336768	780	-10.74924183
48.43	-128.69	0.79336768	1260	-10.74924183
48.43	-128.68	0.79336768	1400	-10.74924183
48.44	-128.68	0.79336768	550	-10.74924183
48.43	-128.68	0.79336768	1670	-10.74924183
48.44	-128.68	0.79336768	180	-10.74924183
48.43	-128.69	0.79336768	1370	-10.74924183
48.44	-128.68	0.79336768	530	-10.74924183
48.43	-128.68	0.79336768	1100	-10.74924183
48.44	-128.68	0.79336768	480	-10.74924183
48.43	-128.69	0.79336768	820	-10.74924183
48.44	-128.68	0.79336768	480	-10.74924183
48.44	-128.69	0.79336768	690	-10.74924183
48.44	-128.68	0.79336768	550	-10.74924183
48.44	-128.68	0.79336768	590	-10.74924183
48.44	-128.68	0.79336768	520	-10.74924183
48.44	-128.68	0.79336768	740	-10.74924183
48.44	-128.68	0.79336768	460	-10.74924183
48.43	-128.68	0.79336768	1470	-10.74924183
48.44	-128.68	0.79336768	470	-10.74924183
48.43	-128.68	0.79336768	1840	-10.74924183
48.44	-128.68	0.79336768	640	-10.74924183
48.43	-128.68	0.79336768	2150	-10.74924183
48.44	-128.68	0.79336768	910	-10.74924183
48.43	-128.68	0.79336768	1630	-10.74924183
48.44	-128.68	0.79336768	1070	-10.74924183
48.43	-128.68	0.79336768	1410	-10.74924183
48.44	-128.68	0.79336768	970	-10.74924183
48.43	-128.68	0.79336768	1220	-10.74924183
48.43	-128.68	0.79336768	1890	-10.74924183
48.43	-128.68	0.79336768	2600	-10.74924183
48.43	-128.68	0.79336768	1140	-10.74924183
48.43	-128.68	0.79336768	10530	-10.74924183
48.43	-128.68	0.79336768	1260	-10.74924183
48.43	-128.68	0.79336768	25680	-10.74924183
48.43	-128.68	0.79336768	1530	-10.74924183
48.43	-128.68	0.79336768	1750	-10.74924183
48.43	-128.68	0.79336768	4230	-10.74924183
48.43	-128.68	0.79336768	1560	-10.74924183
48.43	-128.68	0.79336768	3510	-10.74924183
48.44	-128.68	0.79336768	790	-10.74924183
48.43	-128.68	0.79336768	3920	-10.74924183
48.44	-128.68	0.79336768	780	-10.74924183
48.43	-128.68	0.79336768	7890	-10.74924183
48.44	-128.68	0.79336768	560	-10.74924183
48.44	-128.68	0.79336768	470	-10.74924183
48.43	-128.68	0.79336768	900	-10.74924183
48.43	-128.68	0.79336768	960	-10.74924183
48.43	-128.68	0.79336768	1010	-10.74924183
48.43	-128.68	0.79336768	1040	-10.74924183
48.43	-128.68	0.79336768	1150	-10.74924183
48.44	-128.68	0.79336768	2140	-10.74924183
48.44	-128.68	0.79336768	560	-10.74924183
48.44	-128.68	0.79336768	530	-10.74924183
48.44	-128.68	0.79336768	460	-10.74924183
48.43	-128.68	0.79336768	1590	-10.74924183
48.43	-128.68	0.79336768	2540	-10.74924183
48.43	-128.68	0.79336768	4910	-10.74924183
48.43	-128.68	0.79336768	3000	-10.74924183
48.43	-128.68	0.79336768	3850	-10.74924183
48.43	-128.68	0.79336768	3400	-10.74924183
48.43	-128.68	0.79336768	17550	-10.74924183
48.43	-128.68	0.79336768	3550	-10.74924183
48.42	-128.68	0.79336768	920	0.947541118
48.44	-128.68	0.79336768	920	-10.74924183
48.42	-128.68	0.79336768	660	0.947541118
48.44	-128.68	0.79336768	270	-10.74924183
48.42	-128.68	0.79336768	480	0.947541118
48.44	-128.68	0.79336768	800	-10.74924183
48.42	-128.68	0.79336768	920	0.947541118
48.44	-128.68	0.79336768	310	-10.74924183
48.43	-128.68	0.79336768	1160	-10.74924183
48.44	-128.68	0.79336768	650	-10.74924183
48.43	-128.68	0.79336768	2030	-10.74924183
48.44	-128.69	0.79336768	560	-10.74924183
48.43	-128.68	0.79336768	2030	-10.74924183
48.44	-128.68	0.79336768	800	-10.74924183
48.43	-128.68	0.79336768	1830	-10.74924183
48.44	-128.68	0.79336768	970	-10.74924183
48.43	-128.68	0.79336768	1690	-10.74924183
48.44	-128.68	0.79336768	790	-10.74924183
48.43	-128.68	0.79336768	1730	-10.74924183
48.44	-128.68	0.79336768	790	-10.74924183
48.43	-128.68	0.79336768	2950	-10.74924183
48.44	-128.68	0.79336768	1920	-10.74924183
48.43	-128.68	0.79336768	4340	-10.74924183
48.43	-128.68	0.79336768	1340	-10.74924183
48.43	-128.68	0.79336768	2210	-10.74924183
48.43	-128.68	0.79336768	1830	-10.74924183
48.44	-128.68	0.79336768	2190	-10.74924183
48.43	-128.68	0.79336768	2130	-10.74924183
48.43	-128.68	0.79336768	1740	-10.74924183
48.43	-128.68	0.79336768	1830	-10.74924183
48.43	-128.68	0.79336768	900	-10.74924183
48.43	-128.68	0.79336768	1970	-10.74924183
48.44	-128.68	0.79336768	750	-10.74924183
48.44	-128.68	0.79336768	770	-10.74924183
48.44	-128.68	0.79336768	810	-10.74924183
48.43	-128.68	0.79336768	1070	-10.74924183
48.43	-128.68	0.79336768	2810	-10.74924183
48.43	-128.68	0.79336768	190	-10.74924183
48.43	-128.68	0.79336768	1980	-10.74924183
48.43	-128.68	0.79336768	2110	-10.74924183
48.43	-128.68	0.79336768	800	-10.74924183
48.44	-128.68	0.79336768	1160	-10.74924183
48.45	-128.71	0.59159386	1130	-10.74924183
48.45	-128.71	0.59159386	1460	-10.74924183
48.45	-128.71	0.59159386	2160	-10.74924183
48.45	-128.71	0.59159386	2190	-10.74924183
48.45	-128.71	0.59159386	3080	-10.74924183
48.45	-128.71	0.59159386	3210	-10.74924183
48.45	-128.71	0.59159386	4930	-10.74924183
48.45	-128.71	0.59159386	6290	-10.74924183
48.45	-128.71	0.59159386	7580	-10.74924183
48.46	-128.71	0.59159386	1460	-10.74924183
48.45	-128.71	0.59159386	1320	-10.74924183
48.45	-128.71	0.59159386	1310	-10.74924183
48.45	-128.71	0.59159386	1370	-10.74924183
48.43	-128.73	0.79336768	1400	-10.74924183
48.45	-128.71	0.59159386	1310	-10.74924183
48.45	-128.71	0.59159386	1740	-10.74924183
48.46	-128.71	0.59159386	1390	-10.74924183
48.46	-128.71	0.59159386	3340	-10.74924183
48.46	-128.71	0.59159386	5780	-10.74924183
48.46	-128.71	0.59159386	2780	-10.74924183
48.46	-128.71	0.59159386	3540	-10.74924183
48.46	-128.71	0.59159386	3280	-10.74924183
48.46	-128.71	0.59159386	2290	-10.74924183
48.46	-128.71	0.59159386	1970	-10.74924183
48.46	-128.71	0.59159386	4600	-10.74924183
48.46	-128.71	0.59159386	12080	-10.74924183
48.46	-128.71	0.59159386	12150	-10.74924183
48.46	-128.71	0.59159386	7980	-10.74924183
48.46	-128.71	0.59159386	6660	-10.74924183
48.46	-128.71	0.59159386	9300	-10.74924183
48.46	-128.71	0.59159386	2140	-10.74924183
48.46	-128.71	0.59159386	9090	-10.74924183
48.46	-128.71	0.59159386	6770	-10.74924183
48.46	-128.71	0.59159386	9050	-10.74924183
48.46	-128.71	0.59159386	10260	-10.74924183
48.46	-128.71	0.59159386	12670	-10.74924183
48.45	-128.71	0.59159386	1590	-10.74924183
48.46	-128.71	0.59159386	3150	-10.74924183
48.46	-128.71	0.59159386	14740	-10.74924183
48.45	-128.71	0.59159386	7920	-10.74924183
48.46	-128.71	0.59159386	11680	-10.74924183
48.45	-128.71	0.59159386	15570	-10.74924183
48.46	-128.71	0.59159386	3750	-10.74924183
48.46	-128.71	0.59159386	14170	-10.74924183
48.46	-128.71	0.59159386	3310	-10.74924183
48.46	-128.71	0.59159386	10680	-10.74924183
48.45	-128.71	0.59159386	3480	-10.74924183
48.45	-128.71	0.59159386	1980	-10.74924183
48.45	-128.71	0.59159386	3770	-10.74924183
48.45	-128.71	0.59159386	640	-10.74924183
48.46	-128.71	0.59159386	12310	-10.74924183
48.46	-128.71	0.59159386	1740	-10.74924183
48.46	-128.71	0.59159386	10570	-10.74924183
48.46	-128.71	0.59159386	13560	-10.74924183
48.46	-128.71	0.59159386	9550	-10.74924183
48.46	-128.71	0.59159386	7330	-10.74924183
48.46	-128.71	0.59159386	10290	-10.74924183
48.46	-128.71	0.59159386	9070	-10.74924183
48.46	-128.71	0.59159386	9810	-10.74924183
48.46	-128.71	0.59159386	10230	-10.74924183
48.46	-128.71	0.59159386	14150	-10.74924183
48.46	-128.7	0.59159386	1750	-10.74924183
48.46	-128.71	0.59159386	1140	-10.74924183
48.45	-128.71	0.59159386	4430	-10.74924183
48.46	-128.71	0.59159386	8830	-10.74924183
48.45	-128.71	0.59159386	4200	-10.74924183
48.46	-128.71	0.59159386	9410	-10.74924183
41.5	-126.53	2.9937565	242	-6.356840134
40.6	-127.42	0.174211	233	-30.74068832
40.12	-128.17	26.052788	79	-69.77036285
40.67	-129.22	3.8123386	173	16.69703293
40	-131	29.489016	48	-50.10230637
39.5	-131.78	33.939312	19	-27.57850266
40.73	-131.75	9.1340437	40	-3.75631094
39.6	-129.52	28.932394	47	-25.30717087
38.02	-128.77	35.199921	70	-24.72591972
38.42	-126.15	27.678125	144	-27.55595016
39.78	-126.35	22.17004	82	-24.76330757
40.52	-126.52	3.8898129	163	-4.398191452
40.93	-126.52	3.269613	193	-4.922991753
43.8	-122.42	9.5827484	42	-18.92689514
38.84	-121.84	17.088528	26	-18.61419868
39.46	-121.99	17.580811	32	-0.248731673
38.92	-121.61	17.088528	28	-40.74996567
38.69	-121.76	16.951086	31	-27.50870514
47.71	-127.79	3.251128	1020	1.003651619
47.71	-127.79	3.251128	3800	1.003651619
47.71	-127.79	3.251128	8900	1.003651619
47.71	-127.79	3.251128	2490	1.003651619
47.71	-127.78	3.251128	1290	1.003651619
47.71	-127.79	3.251128	800	1.003651619
47.71	-127.79	3.251128	1230	1.003651619
47.71	-127.79	3.251128	4890	1.003651619
47.71	-127.79	3.251128	2160	1.003651619
47.71	-127.79	3.251128	2270	1.003651619
47.71	-127.79	3.251128	2990	1.003651619
47.71	-127.79	3.251128	17900	1.003651619
47.71	-127.78	3.251128	2260	1.003651619
47.71	-127.79	3.251128	4180	1.003651619
47.71	-127.79	3.251128	9210	1.003651619
47.71	-127.79	3.251128	14400	1.003651619
47.71	-127.79	3.251128	18900	1.003651619
47.71	-127.79	3.251128	1370	1.003651619
47.71	-127.79	3.251128	4570	1.003651619
47.71	-127.79	3.251128	550	1.003651619
47.71	-127.79	3.251128	390	1.003651619
47.71	-127.79	3.251128	1770	1.003651619
47.71	-127.79	3.251128	12200	1.003651619
47.71	-127.79	3.251128	3370	1.003651619
47.71	-127.79	3.251128	11200	1.003651619
47.71	-127.79	3.251128	14300	1.003651619
47.71	-127.79	3.251128	2670	1.003651619
47.71	-127.79	3.251128	1210	1.003651619
47.71	-127.79	3.251128	1080	1.003651619
47.71	-127.79	3.251128	6240	1.003651619
47.71	-127.79	3.251128	2000	1.003651619
47.71	-127.79	3.251128	650	1.003651619
47.71	-127.79	3.251128	1340	1.003651619
47.71	-127.79	3.251128	9400	1.003651619
47.71	-127.79	3.251128	26000	1.003651619
47.71	-127.79	3.251128	25400	1.003651619
47.71	-127.79	3.251128	3260	1.003651619
47.71	-127.78	3.251128	2400	1.003651619
47.71	-127.78	3.251128	2490	1.003651619
47.71	-127.79	3.251128	5330	1.003651619
47.71	-127.79	3.251128	13100	1.003651619
47.71	-127.79	3.251128	4980	1.003651619
47.71	-127.78	3.251128	4670	1.003651619
47.71	-127.78	3.251128	1940	1.003651619
47.71	-127.79	3.251128	5670	1.003651619
47.71	-127.79	3.251128	13500	1.003651619
47.71	-127.79	3.251128	4220	1.003651619
47.71	-127.79	3.251128	19800	1.003651619
47.71	-127.79	3.251128	21300	1.003651619
47.71	-127.79	3.251128	22100	1.003651619
47.71	-127.79	3.251128	7980	1.003651619
47.71	-127.79	3.251128	12200	1.003651619
47.71	-127.79	3.251128	7160	1.003651619
47.71	-127.79	3.251128	18300	1.003651619
47.71	-127.79	3.251128	6210	1.003651619
47.71	-127.79	3.251128	9600	1.003651619
47.71	-127.79	3.251128	780	1.003651619
47.71	-127.79	3.251128	1550	1.003651619
47.71	-127.79	3.251128	3460	1.003651619
47.71	-127.79	3.251128	2560	1.003651619
47.71	-127.79	3.251128	540	1.003651619
47.71	-127.79	3.251128	7760	1.003651619
47.71	-127.79	3.251128	11500	1.003651619
47.71	-127.79	3.251128	1660	1.003651619
47.71	-127.79	3.251128	2220	1.003651619
47.71	-127.79	3.251128	1360	1.003651619
47.71	-127.79	3.251128	2600	1.003651619
47.71	-127.79	3.251128	6720	1.003651619
47.71	-127.79	3.251128	8110	1.003651619
47.71	-127.79	3.251128	5790	1.003651619
47.71	-127.79	3.251128	580	1.003651619
47.71	-127.79	3.251128	750	1.003651619
47.71	-127.79	3.251128	2290	1.003651619
47.71	-127.79	3.251128	590	1.003651619
47.71	-127.79	3.251128	1300	1.003651619
47.71	-127.79	3.251128	1800	1.003651619
47.71	-127.79	3.251128	1190	1.003651619
47.71	-127.79	3.251128	910	1.003651619
47.71	-127.79	3.251128	1830	1.003651619
47.71	-127.79	3.251128	1330	1.003651619
47.71	-127.79	3.251128	18000	1.003651619
47.71	-127.79	3.251128	18700	1.003651619
48.96	-122.13	9.2849312	96	-39.89882278
48.96	-122.1	9.2849312	8	-39.89882278
48.95	-122.1	9.2849312	46	-39.89882278
48.95	-122.11	9.2849312	46	-39.89882278
48.95	-122.11	9.2849312	63	-39.89882278
48.95	-122.11	9.2849312	126	-39.89882278
48.94	-122.12	9.2849312	138	-39.89882278
48.95	-122.1	9.2849312	121	-39.89882278
48.95	-122.1	9.2849312	67	-39.89882278
48.95	-122.12	9.2849312	67	-39.89882278
48.95	-122.09	9.2849312	151	-9.939455032
48.95	-122.09	9.2849312	247	-9.939455032
48.96	-122.09	9.2849312	477	-9.939455032
48.96	-122.08	9.2849312	167	-9.939455032
48.96	-122.07	9.2849312	272	-9.939455032
48.95	-122.08	9.2849312	117	-9.939455032
48.95	-122.08	9.2849312	67	-9.939455032
48.95	-122.08	9.2849312	50	-9.939455032
48.94	-122.09	9.2849312	59	-9.939455032
48.94	-122.08	9.2849312	88	-9.939455032
48.96	-122.12	9.2849312	54	-39.89882278
48.94	-122.09	9.2849312	105	-9.939455032
48.94	-122.09	9.2849312	163	-9.939455032
48.93	-122.1	9.2849312	142	-39.89882278
48.94	-122.1	9.2849312	100	-39.89882278
48.94	-122.08	9.2849312	38	-9.939455032
48.93	-122.08	9.2849312	180	-9.939455032
48.93	-122.09	9.2849312	197	-9.939455032
48.93	-122.09	9.2849312	142	-9.939455032
48.93	-122.09	9.2849312	92	-9.939455032
48.93	-122.1	9.2849312	184	-39.89882278
48.96	-122.11	9.2849312	59	-39.89882278
48.93	-122.1	9.2849312	142	-39.89882278
48.92	-122.11	9.2849312	167	-39.89882278
48.92	-122.12	9.2849312	79	-39.89882278
48.93	-122.12	9.2849312	71	-39.89882278
48.93	-122.13	9.2849312	67	-39.89882278
48.92	-122.13	9.2849312	84	-39.89882278
48.93	-122.11	9.2849312	226	-39.89882278
48.96	-122.11	9.2849312	63	-39.89882278
48.93	-122.11	9.2849312	485	-39.89882278
48.93	-122.11	9.2849312	887	-39.89882278
48.93	-122.11	9.2849312	1883	-39.89882278
48.93	-122.11	9.2849312	5146	-39.89882278
48.93	-122.11	9.2849312	1117	-39.89882278
48.93	-122.11	9.2849312	502	-39.89882278
48.93	-122.11	9.2849312	364	-39.89882278
48.93	-122.11	9.2849312	431	-39.89882278
48.93	-122.11	9.2849312	1092	-39.89882278
48.93	-122.11	9.2849312	155	-39.89882278
48.96	-122.1	9.2849312	54	-39.89882278
48.97	-122.1	9.2849312	100	-39.89882278
48.97	-122.1	9.2849312	54	-39.89882278
48.96	-122.09	9.2849312	113	-9.939455032
51.92	-129.97	0.54942942	45	-17.85256767
53.56	-131.43	7.0473046	60	1.417098403
