lat,long,age
49.62,-129.98,0.81696123
44.68,-125.29,9.1196241
44.66,-125.27,9.1196241
44.66,-125.27,9.1196241
44.66,-125.26,9.1196241
44.66,-125.25,9.1196241
44.66,-125.36,8.9653473
44.66,-125.35,9.1196241
44.66,-125.35,9.1196241
44.66,-125.35,9.1196241
44.65,-125.35,9.1559649
45,-125.3,9.0883245
45.01,-125.3,9.0883245
45,-125.31,9.0883245
45,-125.32,9.0883245
44.99,-125.32,9.0883245
44.99,-125.33,9.0883245
44.94,-125.37,8.987608
44.94,-125.36,8.987608
44.93,-125.35,9.1318445
47.06,-125.89,7.6291208
47.06,-125.89,7.6291208
47.07,-125.9,7.6291208
47.07,-125.9,7.6291208
47.07,-125.91,7.6291208
47.08,-125.9,7.6291208
47.07,-125.91,7.6291208
47.08,-125.91,7.6291208
47.08,-125.92,7.6291208
47.08,-125.94,7.6291208
47.08,-125.94,7.6291208
46.97,-125.93,7.6286254
46.98,-125.94,7.6286254
46.97,-125.99,7.3567901
46.97,-125.98,7.3567901
46.97,-125.98,7.3567901
46.98,-125.97,7.3567901
46.98,-125.96,7.3567901
46.98,-125.95,7.3567901
46.98,-125.94,7.6286254
46.98,-125.94,7.6286254
46.99,-125.97,7.3567901
47,-125.96,7.3567901
46.99,-125.96,7.3567901
46.99,-125.94,7.6286254
46.99,-125.95,7.3567901
50.55,-131.62,4.6901741
48.75,-127.75,2.9062791
47.45,-127.27,4.3656092
46.3,-128,3.1420634
47.9,-127.2,4.359262
47.15,-130.12,2.7302463
46.73,-131.58,6.8137112
41.07,-132.37,10.360166
47.9,-127.65,3.1907601
47.25,-131.03,5.1738672
44.65,-125.14,9.5422888
44.65,-125.07,9.5422888
44.65,-125.06,9.5422888
44.65,-125.02,9.8048306
44.65,-124.97,9.8048306
47.23,-126.15,6.8040028
47.23,-126.15,6.8040028
47.24,-126.14,7.0875106
47.29,-126.08,7.1277666
47.29,-126.08,7.1277666
47.3,-126.09,7.1277666
47.3,-126.09,7.1277666
47.3,-126.09,7.1277666
47.29,-126.11,7.1277666
47.28,-126.12,7.1277666
47.28,-126.12,7.1277666
47.28,-126.13,7.1277666
47.27,-126.14,7.1277666
47.27,-126.14,7.1277666
47.27,-126.15,6.8401093
47.27,-126.15,6.8401093
47.27,-126.15,6.8401093
47.25,-126.17,6.8040028
47.44,-126.38,6.4628758
47.44,-126.38,6.4628758
47.44,-126.38,6.4628758
47.45,-126.36,6.5422029
47.45,-126.36,6.5422029
47.46,-126.33,6.8071642
47.46,-126.29,6.8071642
47.46,-126.29,6.8071642
47.46,-126.26,6.8071642
47.46,-126.22,7.0861001
47.46,-126.22,7.0861001
47.46,-126.22,7.0861001
47.46,-126.19,7.0861001
47.46,-126.18,7.0861001
47.46,-126.16,7.0861001
44.95,-125.2,9.2965679
44.95,-125.22,9.2965679
44.95,-125.23,9.2965679
44.95,-125.25,9.0883245
44.95,-125.41,8.9141588
44.95,-125.37,8.9141588
44.95,-125.37,8.9141588
44.95,-125.37,8.9141588
44.95,-125.37,8.9141588
44.95,-125.38,8.9141588
44.95,-125.4,8.9141588
44.95,-125.42,8.9141588
44.93,-125.27,9.1318445
44.93,-125.27,9.1318445
44.95,-125.47,8.6826057
44.95,-125.52,8.6826057
44.95,-125.52,8.6826057
44.95,-125.58,8.4492979
44.95,-125.64,8.4492979
44.65,-125.27,9.1559649
44.65,-125.3,9.1559649
44.65,-125.3,9.1559649
44.65,-125.32,9.1559649
44.65,-125.32,9.1559649
44.65,-125.34,9.1559649
44.65,-125.37,8.9884195
44.65,-125.4,8.9884195
44.65,-125.47,8.7853642
40.75,-127.4,0.14659698
40.74,-127.55,0.22720698
40.74,-127.57,0.22720698
40.75,-127.4,0.14659698
40.75,-127.42,0.14659698
40.75,-127.43,0.14659698
40.74,-127.58,0.22720698
40.75,-127.6,0.22720698
40.75,-127.62,0.22720698
40.76,-127.66,0.53983307
40.75,-127.66,0.52487373
40.76,-127.67,0.53983307
40.76,-127.69,0.53983307
40.98,-127.54,0.021391379
41,-127.54,0.021391379
41,-127.53,0.021391379
41,-127.52,0.021391379
41.01,-127.51,0.021391379
41.02,-127.47,0.021391379
41,-127.47,0.021391379
41.01,-127.47,0.021391379
41.01,-127.47,0.021391379
41.02,-127.47,0.021391379
40.94,-127.51,0.047450688
40.93,-127.52,0.047450688
40.91,-127.52,0.047450688
40.91,-127.49,0.047450688
40.91,-127.48,0.047450688
50.15,-123.38,8.4487114
50.12,-123.45,8.4487114
50.2,-123.53,8.1750021
50.18,-123.52,8.1750021
50.17,-123.52,8.1750021
50.45,-123.12,8.4487114
50.45,-123.17,8.1750021
50.45,-123.2,8.1750021
51.97,-121.17,8.9942894
51.83,-121.15,8.9942894
52,-120.95,8.9942894
52,-120.82,8.9942894
51.78,-120.37,8.9942894
51.82,-120.47,8.9942894
51.73,-120.15,8.9942894
51.75,-120.07,8.9942894
51.15,-119.82,8.9942894
51.15,-119.8,8.9942894
51.15,-119.82,8.9942894
53.37,-130.15,2.2681541
53.35,-130.13,2.2681541
53.35,-130.13,2.2681541
53.36,-130.13,2.2681541
53.37,-130.16,2.2681541
53.37,-130.16,2.2681541
53.37,-130.12,2.2681541
53.37,-130.16,2.2681541
53.37,-130.16,2.2681541
53.37,-130.16,2.2681541
53.37,-130.16,2.2681541
51.38,-120.07,8.9942894
51.38,-120.07,8.9942894
51.38,-120.07,8.9942894
53.53,-132.22,9.16572
53.53,-132.22,9.16572
53.53,-132.22,9.16572
53.53,-132.22,9.16572
53.53,-132.22,9.16572
53.53,-132.22,9.16572
53.53,-132.22,9.16572
53.53,-132.22,9.16572
53.53,-132.22,9.16572
52.14,-128.05,1.3816251
52.15,-128.1,1.3816251
54.74,-126.62,1.238132
54.74,-126.62,1.238132
54.74,-126.62,1.238132
54.74,-126.62,1.238132
54.74,-126.62,1.238132
54.2,-126.26,4.2815824
54.18,-126.27,4.2815824
54.17,-126.28,4.2815824
52.3,-120.57,8.9942894
52.3,-120.57,8.9942894
54.23,-126.23,4.2815824
54.23,-126.24,4.2815824
52.72,-131.72,5.7069907
52.72,-131.71,5.7069907
48.89,-123.87,8.9942894
48.89,-123.87,8.9942894
48.89,-123.85,8.9942894
48.88,-123.82,8.9942894
52.92,-123.62,7.2214351
52.92,-123.63,7.2214351
52.9,-123.62,7.2214351
49.05,-123.91,8.9942894
49.05,-124,8.9942894
49.59,-119.68,9.2849312
51.73,-124.62,7.2214351
51.73,-124.63,7.2214351
51.45,-123.62,7.2806315
51.45,-123.62,7.2806315
50.62,-127.5,4.6360407
49.77,-125.3,7.2806315
54.02,-130.58,5.7069907
54.02,-130.58,5.7069907
54.02,-130.58,5.7069907
54.02,-130.58,5.7069907
54.02,-130.58,5.7069907
49.15,-124.65,8.1750021
49.15,-124.67,7.9011574
49.15,-124.67,7.9011574
49.33,-121.97,9.2849312
49.33,-121.97,9.2849312
49.33,-121.97,9.2849312
49.33,-121.97,9.2849312
49.33,-121.97,9.2849312
49.33,-121.97,9.2849312
49.33,-121.95,9.2849312
49.33,-121.97,9.2849312
49.3,-121.93,9.2849312
49.75,-124.53,7.3612161
49.7,-124.52,7.3612161
49.75,-124.53,7.3612161
49.75,-124.53,7.3612161
49.75,-124.53,7.3612161
49.75,-124.53,7.3612161
49.75,-124.53,7.3612161
49.75,-124.53,7.3612161
49.7,-124.53,7.3612161
49.7,-124.53,7.3612161
49.7,-124.53,7.3612161
49.7,-124.53,7.3612161
50.02,-126.78,6.2185445
50,-126.8,6.2185445
50,-126.8,6.2185445
50,-126.8,6.2185445
50.02,-126.78,6.2185445
47.51,-121.35,9.7773581
47.51,-121.35,9.7773581
47.68,-121.65,9.7773581
47.68,-121.65,9.7773581
47.49,-121.4,9.7773581
42.2,-121.83,8.7200031
48.46,-122.63,9.2849312
48.72,-119.59,9.57864
46.35,-122.11,9.543684
46.36,-122.07,9.543684
49,-119.49,9.57864
48.61,-120.38,9.57864
48.61,-120.39,9.57864
46.85,-124.1,9.7773581
47.24,-124.19,9.8133631
42.16,-120.34,8.7200031
42.19,-120.33,8.7200031
42.19,-120.34,8.7200031
42.2,-120.35,8.7200031
42.22,-120.35,8.7200031
42.22,-120.34,8.7200031
42.17,-120.34,8.7200031
42.22,-120.36,8.7200031
42.22,-120.36,8.7200031
42.19,-120.34,8.7200031
42.19,-120.35,8.7200031
42.18,-120.35,8.7200031
42.18,-120.34,8.7200031
42.22,-120.36,8.7200031
42.21,-120.36,8.7200031
44.27,-120.81,9.8749847
42.04,-120.3,18.00329
42.21,-120.36,8.7200031
42.24,-120.36,8.7200031
42.23,-120.37,8.7200031
42.02,-120.3,18.00329
42.19,-120.38,8.7200031
45.43,-121.46,9.5483627
45.61,-122,9.5370016
45.34,-121.36,9.5414743
43.96,-123.11,9.5827484
45.12,-120.85,9.68153
44.6,-122.06,9.8749847
44.6,-122.06,9.8749847
45.44,-121.16,9.5483627
45.54,-122.58,9.5407829
45.66,-121.33,9.5560369
45.25,-121.12,9.5008411
42.41,-120.48,8.7200031
45.69,-121.35,9.5560369
45.18,-121.07,9.5008411
45.84,-119.67,9.544672
45.32,-122.87,9.5414743
45.63,-121.36,9.5370016
44.78,-121.03,9.8749847
45.43,-120.93,9.5483627
42.06,-122.65,8.7200031
45.9,-119.22,9.5405912
45.6,-121.14,9.5370016
45.36,-121.28,9.5483627
45.38,-122.59,9.5483627
45.6,-119.6,9.5370016
45.65,-121.47,9.5370016
45.7,-123.13,9.5560369
42.19,-122.64,8.7200031
45.7,-121.35,9.5560369
42.48,-123.4,8.1746902
45.61,-121.23,9.5370016
45.91,-119.44,9.5405912
45.18,-121.2,9.5008411
42.32,-122.81,8.7200031
45.6,-121.64,9.5370016
45.53,-122.43,9.5407829
42.53,-122.64,8.7200031
42.8,-123.85,8.0320463
45.38,-122.02,9.5483627
45.72,-119.02,9.5560369
45.68,-121.31,9.5560369
42.49,-122.95,8.7200031
42.5,-122.98,8.7200031
45.39,-122.36,9.5483627
42.86,-123.38,8.5052891
44.87,-122.71,9.8163719
45.77,-119.12,9.544672
45.43,-121.29,9.5483627
45.54,-122.76,9.5407829
45.35,-121.13,9.5483627
45.35,-121.13,9.5483627
45.32,-121.1,9.5414743
45.69,-121.38,9.5560369
42.39,-122.98,8.7200031
45.36,-120.15,9.5483627
44.05,-122.88,9.8100004
43.8,-122.42,9.5827484
44.78,-121.98,9.8749847
44.78,-121.97,9.8749847
44.78,-121.97,9.8749847
44.78,-121.97,9.8749847
43.92,-120.82,9.8749847
43.69,-120.48,9.5827484
43.69,-120.48,9.5827484
43.69,-120.48,9.5827484
43.63,-120.46,9.5827484
43.62,-120.47,9.5827484
43.63,-120.46,9.5827484
43.63,-120.46,9.5827484
43.63,-120.46,9.5827484
43.78,-120.62,9.5827484
43.78,-120.62,9.5827484
43.62,-120.47,9.5827484
43.62,-120.47,9.5827484
43.62,-120.47,9.5827484
43.62,-120.47,9.5827484
43.62,-120.47,9.5827484
43.73,-121.36,9.5827484
43.73,-121.36,9.5827484
43.75,-120.94,9.5827484
43.75,-120.94,9.5827484
43.81,-120.99,9.5827484
44.17,-122.29,9.8749847
44.45,-122.8,9.8749847
44.61,-122.77,9.8749847
44.54,-123.29,9.8749847
44.83,-122.25,9.8749847
44.95,-122.17,9.831625
44.95,-122.17,9.831625
45.04,-121,9.831625
43.8,-122.42,9.5827484
43.8,-122.42,9.5827484
44.86,-122.88,9.8163719
44.06,-122.79,9.8100004
44.15,-122.25,9.8749847
44.15,-122.25,9.8749847
44.8,-124.06,9.8749847
44.8,-124.07,9.8749847
44.04,-122.84,9.8100004
43.93,-122.91,9.5827484
44.8,-122.41,9.8749847
44.81,-122.41,9.8749847
44.39,-121.99,9.8749847
44.39,-121.99,9.8749847
44.54,-121.96,9.8749847
43.76,-122.43,9.5827484
44.22,-120.99,9.8749847
44.73,-122.18,9.8749847
44.77,-122.56,9.8749847
44.89,-122.71,9.8163719
44.89,-122.71,9.8163719
44.61,-123.3,9.8749847
44.59,-120.92,9.8749847
44.04,-122.93,9.8100004
43.95,-122.9,9.5827484
43.91,-121.36,9.8749847
44.49,-122.85,9.8749847
44.24,-120.97,9.8749847
44.24,-120.97,9.8749847
44.19,-121.05,9.8749847
45.08,-120.96,9.68153
44.49,-122.86,9.8749847
45.01,-122.66,9.831625
45.01,-122.66,9.831625
44.81,-120.73,9.8749847
44.43,-122.72,9.8749847
44.4,-122.65,9.8749847
44.33,-122.99,9.8749847
45.01,-123.51,9.831625
43.8,-123.88,9.5827484
44.58,-122.84,9.8749847
44.98,-122.65,9.831625
44.19,-123.83,9.8100004
44.71,-123.03,9.8749847
44.71,-123.03,9.8749847
43.67,-122.45,9.5827484
43.96,-122.84,9.5827484
45.03,-121.96,9.831625
44.78,-121.95,9.8749847
44.78,-121.95,9.8749847
44.78,-122.04,9.8749847
44.83,-121.88,9.8749847
45.02,-122.01,9.831625
45,-122.06,9.831625
44.2,-122.05,9.8749847
44.15,-122.08,9.8749847
44.72,-121.91,9.8749847
43.95,-122.03,9.5827484
43.72,-122.33,9.5827484
43.64,-122.19,9.5827484
44.07,-122.02,9.8749847
44.63,-121.94,9.8749847
44.02,-122.16,9.8749847
44.02,-122.16,9.8749847
44.45,-122.83,9.8749847
44.62,-122.72,9.8749847
44.62,-122.72,9.8749847
44.61,-121.11,9.8749847
44.16,-122.24,9.8749847
44.47,-122.91,9.8749847
45.05,-122.62,9.831625
45.05,-122.62,9.831625
44.44,-122.99,9.8749847
44.3,-122.12,9.8749847
46.85,-122.26,9.7773581
46.31,-119.76,9.5389538
46.31,-119.76,9.5389538
46.63,-123.23,9.7773581
46.52,-122.46,9.6252508
46.89,-120.39,9.7773581
46.61,-119.12,9.7773581
46.37,-119.29,9.543684
46.36,-119.27,9.543684
46.36,-119.27,9.543684
46.43,-119.28,9.543684
46.44,-119.4,9.543684
45.86,-120.67,9.5405912
47.07,-122.22,9.7773581
46.55,-122.31,9.6252508
46.78,-122.26,9.7773581
45.71,-121.46,9.5560369
45.71,-121.31,9.5560369
46.6,-120.35,9.7773581
46.52,-120.01,9.6252508
46.42,-120.12,9.543684
46.42,-120.12,9.543684
46.48,-120.26,9.6252508
48.43,-119.52,9.7773581
46.78,-120.67,9.7773581
46.55,-120.67,9.6252508
46.55,-120.67,9.6252508
46.53,-120.2,9.6252508
46.27,-119.45,9.5389538
45.73,-121.8,9.5560369
46.53,-120.33,9.6252508
46.14,-119.63,9.5399418
46.25,-119.4,9.546627
45.82,-121.13,9.544672
45.96,-119.88,9.5455904
47.71,-121.14,9.7773581
47.71,-121.14,9.7773581
47.43,-121.41,9.7773581
46.65,-121.28,9.7773581
45.81,-121.95,9.544672
46.67,-121.03,9.7773581
46.75,-120.64,9.7773581
47.01,-121.7,9.7773581
46.04,-119.64,9.5455904
46.04,-119.64,9.5455904
45.92,-120.19,9.5405912
45.92,-120.19,9.5405912
45.88,-122.45,9.5405912
45.84,-122.53,9.544672
45.94,-122.71,9.5405912
47,-119.53,9.7773581
45.99,-120.38,9.5455904
45.99,-120.38,9.5455904
45.99,-120.38,9.5455904
47.45,-120.36,9.7773581
46.46,-120.23,9.6252508
46.6,-120.38,9.7773581
45.83,-120.82,9.544672
45.83,-120.82,9.544672
45.76,-120.53,9.544672
46.54,-122.48,9.6252508
45.9,-122.66,9.5405912
45.61,-122.13,9.5370016
45.61,-122.13,9.5370016
45.88,-120.93,9.5405912
45.89,-122.5,9.5405912
45.7,-121.41,9.5560369
45.74,-121.18,9.5560369
45.7,-120.92,9.5560369
45.61,-122.18,9.5370016
45.61,-122.18,9.5370016
46.33,-120.78,9.5389538
46.53,-122.55,9.6252508
45.7,-121.24,9.5560369
47.11,-120.68,9.7773581
46.53,-122.56,9.6252508
46.28,-120,9.5389538
46.73,-120.76,9.7773581
45.7,-121.42,9.5560369
46.67,-120.6,9.7773581
45.88,-120.69,9.5405912
45.88,-120.69,9.5405912
46.68,-120.75,9.7773581
46.3,-122.87,9.5389538
46.57,-123.03,9.7773581
47.16,-119.32,9.7773581
47.16,-119.32,9.7773581
46.51,-122.49,9.6252508
45.71,-121.87,9.5560369
45.82,-120.82,9.544672
45.74,-121.12,9.5560369
45.73,-121.11,9.5560369
45.61,-122.13,9.5370016
45.61,-122.13,9.5370016
46.82,-120.66,9.7773581
46.55,-122.58,9.6252508
45.73,-122.41,9.5560369
45.94,-120.97,9.5405912
46.44,-120.2,9.543684
45.74,-120.23,9.5560369
48.69,-119.5,9.57864
45.6,-122.4,9.5370016
45.64,-122.44,9.5370016
46.55,-121.79,9.6252508
46.73,-121.85,9.7773581
45.64,-121.98,9.5370016
45.65,-121.95,9.5370016
45.65,-121.96,9.5370016
46.71,-121.58,9.7773581
46.62,-121.69,9.7773581
46.52,-121.94,9.6252508
46.27,-122.24,9.5389538
46.17,-122.27,9.546627
46.53,-122.84,9.6252508
46.54,-122.85,9.6252508
47.57,-120.16,9.7773581
46.62,-122.23,9.7773581
46.43,-120.18,9.543684
46.73,-120.78,9.7773581
45.71,-121.88,9.5560369
46.41,-120.08,9.543684
46.41,-120.08,9.543684
45.77,-122.2,9.544672
45.77,-122.2,9.544672
45.77,-122.19,9.544672
45.77,-122.22,9.544672
45.77,-122.2,9.544672
45.77,-122.2,9.544672
45.77,-122.2,9.544672
45.77,-122.2,9.544672
45.77,-122.2,9.544672
45.77,-122.2,9.544672
45.78,-122.2,9.544672
46.53,-122.82,9.6252508
46.54,-122.82,9.6252508
46.54,-122.82,9.6252508
46.53,-122.83,9.6252508
46.53,-122.83,9.6252508
46.54,-122.62,9.6252508
45.76,-121.54,9.544672
45.76,-121.54,9.544672
46.63,-120.41,9.7773581
45.71,-121.89,9.5560369
47.12,-120.68,9.7773581
45.91,-121.05,9.5405912
45.67,-122.38,9.5560369
45.77,-121.12,9.544672
46.62,-120.41,9.7773581
47.24,-120.01,9.7773581
47.24,-120.01,9.7773581
45.82,-122.46,9.544672
46.83,-120.21,9.7773581
46.83,-120.21,9.7773581
39.51,-119.75,16.215477
43.33,-119.57,9.4671307
43.31,-119.54,9.4671307
43.35,-119.67,9.4671307
43.49,-119.54,9.5357075
43.15,-119.72,9.2272873
43.11,-119.73,8.97577
40.42,-119.41,16.524179
40.42,-119.4,16.524179
40.37,-119.4,16.524179
40.36,-119.4,16.524179
40.36,-119.41,16.524179
40.35,-119.36,16.524179
40.35,-119.4,16.524179
40.4,-119.4,16.524179
40.4,-119.4,16.524179
40.4,-119.41,16.524179
40.4,-119.4,16.524179
40.41,-119.4,16.524179
39.86,-119.01,16.215477
44.79,-122.57,9.8749847
44.4,-122.51,9.8749847
44.75,-122.39,9.8749847
44.4,-122.49,9.8749847
44.12,-122.41,9.8749847
44.75,-122.62,9.8749847
44.59,-122.37,9.8749847
44.12,-122.45,9.8749847
44.11,-122.43,9.8749847
39.91,-119.22,16.215477
39.95,-119.2,16.215477
39.95,-119,16.215477
39.95,-119.02,16.215477
39.96,-119.1,16.215477
39.96,-119.07,16.215477
39.96,-119.06,16.215477
39.96,-119.04,16.215477
39.96,-119.25,16.215477
39.97,-119.01,16.215477
39.97,-119.05,16.215477
39.98,-119.02,16.215477
39.98,-119.02,16.215477
39.98,-119.11,16.215477
39.99,-119.03,16.215477
39.99,-119.05,16.215477
39.99,-119.29,16.215477
39.99,-119.03,16.215477
39.99,-119.02,16.215477
39.99,-119.01,16.215477
40,-119.17,16.215477
40,-119.05,16.215477
44.31,-122.12,9.8749847
46.74,-121.51,9.7773581
46.71,-121.48,9.7773581
46.71,-121.55,9.7773581
44.16,-122.25,9.8749847
46.68,-121.45,9.7773581
46.66,-121.51,9.7773581
46.67,-121.57,9.7773581
38.76,-119.15,16.215477
40.41,-119.4,16.524179
40.39,-119.4,16.524179
45.45,-121.16,9.5407829
40.39,-119.4,16.524179
40.4,-119.4,16.524179
40.41,-119.41,16.524179
40.41,-119.4,16.524179
40.41,-119.39,16.524179
40.46,-119.42,16.524179
40.45,-119.42,16.524179
43.55,-119.95,9.5357075
43.55,-119.95,9.5357075
43.74,-121.29,9.5827484
43.74,-121.29,9.5827484
38.94,-122.97,17.939177
38.78,-122.7,17.580811
38.78,-122.7,17.580811
38.79,-122.7,17.580811
38.79,-122.7,17.580811
38.78,-122.69,17.580811
38.78,-122.69,17.580811
38.86,-122.89,17.834578
38.87,-122.87,17.834578
38.89,-122.92,17.834578
38.88,-122.95,17.834578
38.87,-122.9,17.834578
38.87,-122.9,17.834578
38.85,-122.92,17.834578
38.85,-122.92,17.834578
38.86,-122.9,17.834578
38.87,-122.92,17.834578
38.92,-122.95,17.834578
38.9,-122.91,17.834578
38.92,-122.8,17.834578
38.9,-122.8,17.834578
38.8,-122.68,17.580811
40.44,-119.41,16.524179
40.44,-119.41,16.524179
40.44,-119.41,16.524179
40.44,-119.41,16.524179
40.44,-119.42,16.524179
40.36,-119.39,16.524179
40.43,-119.41,16.524179
40.43,-119.4,16.524179
40.44,-119.39,16.524179
40.45,-119.4,16.524179
40.44,-119.4,16.524179
40.45,-119.4,16.524179
40.46,-119.41,16.524179
40.34,-119.39,16.524179
39.72,-119.02,16.215477
40.34,-119.43,16.524179
40.38,-119.4,16.524179
40.41,-119.43,16.524179
40.42,-119.43,16.524179
40.42,-119.41,16.524179
40.44,-119.43,16.524179
40.35,-119.42,16.524179
40.39,-119.41,16.524179
40.36,-119.42,16.524179
40.36,-119.43,16.524179
40.38,-119.44,16.524179
40.39,-119.44,16.524179
40.39,-119.44,16.524179
40.34,-119.42,16.524179
40.34,-119.4,16.524179
40.37,-119.39,16.524179
39.54,-119.74,16.215477
40.36,-119.39,16.524179
40.33,-119.41,16.524179
40.39,-119.4,16.524179
40.38,-119.39,16.524179
40.38,-119.39,16.524179
40.38,-119.39,16.524179
40.38,-119.4,16.524179
40.38,-119.39,16.524179
40.37,-119.38,16.524179
40.39,-119.39,16.524179
40.4,-119.39,16.524179
40.38,-119.4,16.524179
40.41,-119.39,16.524179
40.41,-119.39,16.524179
40.38,-119.39,16.524179
40.38,-119.39,16.524179
45.66,-121.33,9.5560369
43.75,-121.27,9.5827484
45.03,-121.97,9.831625
43.74,-121.29,9.5827484
43.74,-121.29,9.5827484
43.74,-121.29,9.5827484
40.37,-119.4,16.524179
41.74,-121.31,8.7112598
41.72,-121.3,17.755274
41.72,-121.3,17.755274
38.78,-122.72,17.580811
38.78,-122.7,17.580811
38.77,-122.73,17.580811
38.77,-122.72,17.580811
38.78,-122.69,17.580811
42.23,-121.76,8.7200031
38.76,-122.67,17.580811
38.76,-122.67,17.580811
38.76,-122.68,17.580811
38.77,-122.69,17.580811
38.77,-122.66,17.580811
43.8,-122.42,9.5827484
38.77,-122.85,17.725136
38.82,-122.87,17.725136
38.8,-122.89,17.725136
38.8,-122.87,17.725136
38.79,-122.84,17.725136
38.78,-122.86,17.725136
38.78,-122.8,17.725136
38.78,-122.79,17.725136
38.77,-122.79,17.725136
38.77,-122.77,17.725136
38.82,-122.89,17.834578
42.23,-121.76,8.7200031
40.68,-119.36,16.676729
39.79,-119.02,16.215477
40.88,-119.34,16.815744
40.87,-119.33,16.815744
40.7,-119.35,16.676729
39.76,-119.01,16.215477
39.8,-119.01,16.215477
39.81,-119,16.215477
40.65,-119.39,16.676729
39.78,-119.02,16.215477
39.78,-119.01,16.215477
40.65,-119.35,16.676729
40.65,-119.37,16.676729
40.66,-119.38,16.676729
39.81,-119.02,16.215477
40.65,-119.39,16.676729
40.64,-119.41,16.676729
39.78,-119.02,16.215477
40.78,-119.34,16.815744
38.78,-122.67,17.580811
38.78,-122.66,17.580811
38.77,-122.64,17.580811
45.02,-122.01,9.831625
45.02,-122.01,9.831625
38.74,-122.69,17.580811
38.74,-122.69,17.580811
38.68,-122.55,17.50819
38.68,-122.55,17.50819
38.69,-122.61,17.50819
38.69,-122.52,17.50819
38.69,-122.54,17.50819
38.67,-122.58,17.50819
38.67,-122.56,17.50819
38.68,-122.55,17.50819
38.68,-122.53,17.50819
38.68,-122.53,17.50819
38.69,-122.51,17.50819
38.69,-122.51,17.50819
38.68,-122.47,17.50819
38.68,-122.5,17.50819
38.67,-122.55,17.50819
38.67,-122.5,17.50819
38.67,-122.52,17.50819
38.67,-122.54,17.50819
38.66,-122.54,17.50819
38.66,-122.55,17.50819
38.65,-122.53,17.50819
38.65,-122.52,17.50819
38.65,-122.5,17.50819
38.66,-122.49,17.50819
38.66,-122.51,17.50819
38.67,-122.47,17.50819
38.64,-122.47,17.50819
38.6,-122.47,17.370102
38.56,-122.52,17.370102
38.55,-122.5,17.370102
38.65,-122.51,17.50819
38.66,-122.56,17.50819
38.66,-122.57,17.50819
38.66,-122.58,17.50819
38.67,-122.6,17.50819
38.74,-122.56,17.580811
38.67,-122.57,17.50819
38.62,-122.59,17.50819
46.85,-122.26,9.7773581
46.31,-119.76,9.5389538
38.9,-122.86,17.834578
38.86,-122.85,17.834578
38.86,-122.86,17.834578
38.86,-122.88,17.834578
38.85,-122.9,17.834578
38.85,-122.9,17.834578
38.84,-122.88,17.834578
38.85,-122.87,17.834578
38.84,-122.86,17.834578
38.87,-122.9,17.834578
38.85,-122.84,17.725136
38.84,-122.83,17.725136
38.9,-122.86,17.834578
38.83,-122.84,17.725136
38.83,-122.85,17.725136
38.83,-122.88,17.834578
38.82,-122.86,17.725136
38.84,-122.88,17.834578
38.85,-122.81,17.725136
38.86,-122.9,17.834578
38.87,-122.86,17.834578
38.88,-122.85,17.834578
38.87,-122.89,17.834578
38.87,-122.88,17.834578
38.87,-122.86,17.834578
38.86,-122.83,17.725136
41.84,-121.33,8.7181835
42.21,-122.71,8.7200031
42.21,-122.71,8.7200031
45.25,-121.12,9.5008411
38.75,-122.68,17.580811
39,-122.65,17.725136
45.86,-120.67,9.5405912
46.78,-122.26,9.7773581
40.6,-119.45,16.676729
40.6,-119.45,16.676729
39.79,-119.01,16.215477
40.64,-119.41,16.676729
39.79,-119.02,16.215477
40.66,-119.35,16.676729
39.79,-119.02,16.215477
39.79,-119.02,16.215477
39.79,-119.01,16.215477
39.79,-119.01,16.215477
40.37,-119.4,16.524179
39.79,-119.01,16.215477
46.89,-120.39,9.7773581
46.61,-119.12,9.7773581
43.16,-124.22,9.2272873
43.15,-124.22,8.97577
46.36,-119.27,9.543684
46.43,-119.28,9.543684
46.44,-119.4,9.543684
42.15,-121.68,8.7200031
44.78,-121.98,9.8749847
47.07,-122.22,9.7773581
43.47,-119.86,9.5357075
43.52,-119.72,9.5357075
43.22,-119.25,9.2272873
43.44,-119.02,9.5350513
43.19,-119.89,9.2272873
43.71,-119.93,9.5827484
43.66,-119.94,9.5827484
43.62,-120.47,9.5827484
42.06,-121.62,8.7200031
38.8,-122.71,17.725136
44.45,-122.8,9.8749847
40.91,-119.09,16.676729
45.18,-121.07,9.5008411
48.68,-126.87,5.5437579
48.69,-126.87,5.5437579
48.69,-126.87,5.5437579
48.69,-126.87,5.5437579
48.69,-126.88,5.5437579
48.69,-126.86,5.5437579
48.69,-126.87,5.5437579
48.69,-126.88,5.5437579
44.14,-122.02,9.8749847
44.14,-122.02,9.8749847
43.66,-119.08,9.5827484
43.66,-119.08,9.5827484
43.66,-119.08,9.5827484
43.72,-119.09,9.8749847
43.72,-119.09,9.8749847
44.22,-122.05,9.8749847
44.22,-122.05,9.8749847
44.2,-122.03,9.8749847
44.16,-122.09,9.8749847
44.16,-122.09,9.8749847
45.84,-119.67,9.544672
38.91,-122.77,17.725136
38.81,-122.68,17.580811
39,-122.67,17.725136
45.73,-122.44,9.5560369
38.75,-122.65,17.580811
41.19,-120.95,18.00329
41.21,-119.06,16.815744
40.88,-119.1,16.676729
40.87,-119.17,16.676729
41.12,-120.95,18.00329
41.09,-121,18.00329
41.09,-121,18.00329
41.11,-121.09,18.00329
41.08,-119.02,16.815744
41.11,-121.09,18.00329
41.1,-121.19,18.00329
41.1,-121.19,18.00329
41.1,-121.19,18.00329
41.09,-121.16,18.00329
41.02,-119.06,16.676729
41.17,-121.05,18.00329
43.58,-120.01,9.5827484
43.52,-120.03,9.5357075
43.48,-120.1,9.5357075
41.11,-121.11,18.00329
40.91,-119.14,16.676729
45.71,-121.31,9.5560369
39.03,-122.66,17.725136
39.03,-122.66,17.725136
40.78,-119.34,16.815744
40.87,-119.34,16.815744
40.71,-119.33,16.676729
40.76,-119.32,16.676729
40.78,-119.36,16.815744
40.9,-119.36,16.815744
40.87,-119.27,16.815744
40.81,-119.22,16.676729
40.84,-119.24,16.676729
40.92,-119.37,16.815744
40.93,-119.4,16.951086
40.69,-119.3,16.676729
40.87,-119.23,16.815744
40.73,-119.25,16.676729
40.77,-119.25,16.676729
40.8,-119.29,16.676729
40.78,-119.3,16.676729
40.81,-119.34,16.815744
44.8,-121.91,9.8749847
44.8,-121.91,9.8749847
42.02,-123.84,8.7200031
44.6,-122.06,9.8749847
42.19,-120.34,8.7200031
48.67,-126.85,5.752306
48.67,-126.85,5.752306
48.67,-126.85,5.752306
48.67,-126.85,5.752306
48.67,-126.85,5.752306
48.67,-126.85,5.752306
48.67,-126.85,5.752306
48.67,-126.85,5.752306
48.67,-126.85,5.752306
48.67,-126.85,5.752306
48.67,-126.85,5.752306
48.67,-126.85,5.752306
48.67,-126.85,5.752306
48.67,-126.85,5.752306
42.23,-121.76,8.7200031
42.64,-119.09,8.7200031
39.16,-119.77,16.215477
45.36,-121.94,9.5483627
42.9,-121.99,8.5052891
42.9,-121.99,8.5052891
45.63,-121.36,9.5370016
46.15,-123.88,9.5399418
46.6,-120.35,9.7773581
46.52,-120.01,9.6252508
40.36,-119.4,16.524179
40.38,-119.4,16.524179
40.42,-119.44,16.524179
40.36,-119.42,16.524179
40.38,-119.44,16.524179
39.39,-119.71,16.215477
38.76,-122.65,17.580811
38.74,-122.66,17.580811
38.73,-122.65,17.580811
38.73,-122.66,17.580811
38.73,-122.66,17.580811
38.73,-122.65,17.580811
38.99,-122.62,17.725136
38.98,-122.62,17.725136
39.01,-122.6,17.725136
38.99,-122.65,17.725136
39.03,-122.65,17.725136
39.01,-122.64,17.725136
38.99,-122.65,17.725136
38.99,-122.63,17.725136
38.99,-122.64,17.725136
43.88,-122.37,9.5827484
45.65,-123.17,9.5370016
42.66,-119.74,8.7200031
45.09,-122.09,9.68153
44.8,-121.88,9.8749847
44.45,-121.99,9.8749847
44.46,-121.98,9.8749847
44.41,-122.04,9.8749847
39.03,-122.57,17.725136
45.09,-122.25,9.68153
45.03,-122.16,9.831625
44.93,-122.15,9.8163719
44.97,-122.14,9.831625
45,-122.13,9.831625
38.77,-122.97,17.834578
42.09,-121.7,8.7200031
39.7,-122.88,18.00329
42.7,-120.57,8.7200031
42.69,-120.57,8.7200031
44.44,-122.12,9.8749847
39.39,-119.78,16.215477
45.9,-119.22,9.5405912
39.6,-119.05,16.215477
39.7,-119.1,16.215477
39.53,-119,16.215477
39.6,-119.1,16.215477
43.8,-122.42,9.5827484
44.06,-122.79,9.8100004
42.2,-121.74,8.7200031
42.24,-120.36,8.7200031
40.38,-120.64,17.370102
47.51,-121.35,9.7773581
47.68,-121.65,9.7773581
48.61,-120.38,9.57864
44.8,-124.06,9.8749847
45.47,-121.2,9.5407829
45.98,-121.62,9.5455904
46.13,-121.77,9.5399418
46.05,-121.75,9.5455904
46.58,-119.52,9.7773581
39.79,-119.01,16.215477
39.82,-119,16.215477
40.65,-119.37,16.676729
40.67,-119.37,16.676729
39.8,-119.01,16.215477
39.78,-119.01,16.215477
39.79,-119.02,16.215477
41.75,-121.3,8.7112598
40.32,-119.04,16.215477
40.41,-119.02,16.215477
40.17,-119.17,16.215477
40.22,-119.2,16.215477
40.5,-119.02,16.364212
40.6,-119.09,16.364212
40.26,-119.09,16.215477
40.31,-119.13,16.215477
40.38,-119.24,16.364212
40.3,-119.23,16.364212
40.4,-119.12,16.364212
40.47,-119.12,16.364212
40.49,-119.21,16.524179
40.57,-119.18,16.524179
37.51,-122.13,16.364212
43.78,-121.46,9.5827484
43.67,-120.02,9.5827484
46.35,-121.59,9.543684
46.34,-121.7,9.5389538
46.35,-121.55,9.543684
46.11,-121.32,9.5399418
46.02,-121.6,9.5455904
45.81,-121.95,9.544672
46.72,-121.51,9.7773581
46.39,-121.54,9.543684
46.3,-121.71,9.5389538
46.23,-121.66,9.546627
46.2,-121.83,9.546627
45.8,-121.67,9.544672
48.77,-121.81,9.2849312
48.77,-121.81,9.2849312
46.65,-121.33,9.7773581
46.14,-119.63,9.5399418
46.25,-119.4,9.546627
45.96,-119.88,9.5455904
47.71,-121.14,9.7773581
47.72,-121.12,9.7773581
47.43,-121.41,9.7773581
46.65,-121.28,9.7773581
45.81,-121.95,9.544672
47.03,-121.7,9.7773581
45.92,-120.19,9.5405912
42.22,-122.74,8.7200031
42.2,-122.71,8.7200031
42.22,-122.74,8.7200031
42.22,-122.74,8.7200031
42.12,-122.38,8.7200031
42.12,-122.38,8.7200031
42.2,-122.7,8.7200031
42.2,-122.7,8.7200031
42.19,-122.69,8.7200031
42.19,-122.69,8.7200031
42.18,-122.67,8.7200031
37.63,-119.08,16.19442
39.41,-119.75,16.215477
45.84,-122.53,9.544672
42.16,-121.7,8.7200031
39.79,-119.01,16.215477
42.1,-121.9,8.7200031
42.15,-121.68,8.7200031
40.73,-124.21,8.9923286
43.93,-122.91,9.5827484
42.09,-120.06,18.00329
44.55,-121.96,9.8749847
44.98,-121.85,9.831625
44.91,-121.88,9.8163719
40.65,-119.38,16.676729
40.9,-119.31,16.815744
40.93,-119.32,16.815744
40.98,-119.33,16.951086
40.66,-119.35,16.676729
40.67,-119.36,16.676729
40.8,-119.33,16.815744
40.83,-119.33,16.815744
40.88,-119.33,16.815744
40.89,-119.32,16.815744
40.89,-119.31,16.815744
40.91,-119.32,16.815744
43.76,-122.43,9.5827484
45.12,-122.16,9.68153
40.85,-119.34,16.815744
40.85,-119.33,16.815744
40.87,-119.31,16.815744
40.79,-119.34,16.815744
39.89,-119.13,16.215477
39.84,-119.12,16.215477
39.9,-119.11,16.215477
39.89,-119.09,16.215477
39.98,-119.05,16.215477
39.92,-119.09,16.215477
39.94,-119.05,16.215477
39.96,-119.01,16.215477
39.96,-119.02,16.215477
39.94,-119.02,16.215477
45.63,-121.48,9.5370016
44.73,-122.18,9.8749847
39.43,-123.73,18.287436
37.65,-122.01,16.364212
43.58,-119.93,9.5827484
43.54,-119.91,9.5357075
43.51,-119.91,9.5357075
43.51,-119.96,9.5357075
43.5,-119.01,9.5357075
43.51,-120.09,9.5357075
43.54,-120.13,9.5357075
43.58,-120.1,9.5827484
43.6,-120.01,9.5827484
43.54,-120.01,9.5357075
43.59,-120.14,9.5827484
43.62,-120.07,9.5827484
43.6,-119.93,9.5827484
43.57,-119.88,9.5827484
43.57,-119.97,9.5827484
43.56,-120,9.5827484
43.55,-119.99,9.5357075
43.58,-120.05,9.5827484
43.64,-119.98,9.5827484
43.55,-119.98,9.5357075
43.57,-120.18,9.5827484
43.5,-119.82,9.5357075
43.55,-119.91,9.5357075
43.52,-120.15,9.5357075
43.5,-119.91,9.5357075
43.56,-119.97,9.5827484
43.56,-119.96,9.5827484
43.47,-119.89,9.5357075
43.47,-119.89,9.5357075
43.51,-119.9,9.5357075
43.51,-119.9,9.5357075
43.52,-120,9.5357075
43.55,-119.84,9.5357075
43.57,-119.88,9.5827484
43.65,-119.92,9.5827484
43.48,-120.1,9.5357075
43.52,-120.03,9.5357075
43.52,-119.7,9.5357075
43.53,-119.97,9.5357075
43.56,-119.95,9.5827484
43.51,-119.96,9.5357075
43.55,-120.01,9.5357075
43.54,-119.96,9.5357075
43.56,-119.93,9.5827484
43.54,-119.92,9.5357075
43.51,-119.95,9.5357075
38.82,-122.89,17.834578
38.78,-122.87,17.725136
38.79,-122.86,17.725136
38.78,-122.85,17.725136
38.81,-122.62,17.580811
38.78,-122.62,17.580811
38.79,-122.62,17.580811
38.77,-122.63,17.580811
38.76,-122.61,17.580811
38.77,-122.63,17.580811
38.8,-122.62,17.580811
38.79,-122.62,17.580811
38.75,-122.64,17.580811
43.64,-121.24,9.5827484
43.64,-121.24,9.5827484
43.83,-121.25,9.5827484
43.83,-121.25,9.5827484
38.92,-122.88,17.834578
38.9,-122.87,17.834578
38.75,-122.59,17.580811
38.73,-122.61,17.580811
38.87,-122.91,17.834578
38.89,-122.9,17.834578
40.61,-119.4,16.676729
40.62,-119.37,16.676729
38.89,-122.9,17.834578
38.9,-122.91,17.834578
38.8,-122.89,17.725136
38.8,-122.59,17.580811
38.9,-122.57,17.580811
38.9,-122.56,17.580811
38.71,-122.68,17.580811
42.19,-121.71,8.7200031
42.03,-120.3,18.00329
44.77,-122.56,9.8749847
46.61,-120.38,9.7773581
43.8,-123.88,9.5827484
43.21,-123.25,9.2272873
43.21,-123.25,9.2272873
46.54,-122.48,9.6252508
40.77,-119.13,16.524179
40.77,-119.17,16.676729
40.77,-119.15,16.676729
40.77,-119.15,16.676729
40.77,-119.15,16.676729
40.77,-119.15,16.676729
40.71,-119.29,16.676729
40.77,-119.22,16.676729
39.52,-119.75,16.215477
40.82,-119.17,16.676729
40.84,-119.14,16.676729
40.8,-119.13,16.676729
40.77,-119.18,16.676729
45.6,-119.6,9.5370016
45.9,-122.66,9.5405912
40.55,-124.18,9.0263643
40.77,-119.25,16.676729
42.49,-123.38,8.1746902
40.65,-119.35,16.676729
39.97,-119.03,16.215477
39.99,-119.35,16.215477
40,-119.07,16.215477
39.98,-119.04,16.215477
39.98,-119.01,16.215477
39.96,-119.07,16.215477
39.96,-119.06,16.215477
39.38,-119.73,16.215477
39.4,-119.75,16.215477
39.39,-119.75,16.215477
39.39,-119.75,16.215477
39.39,-119.75,16.215477
39.4,-119.75,16.215477
39.39,-119.77,16.215477
39.39,-119.75,16.215477
39.39,-119.75,16.215477
39.39,-119.75,16.215477
39.59,-119.11,16.215477
38.87,-122.73,17.725136
38.92,-122.8,17.834578
41.86,-123.37,8.7200031
44.61,-123.3,9.8749847
45.65,-121.47,9.5370016
44.59,-120.92,9.8749847
39.41,-119.75,16.215477
42.46,-121.37,8.7200031
42.46,-121.37,8.7200031
39.5,-119.75,16.215477
42.22,-120.35,8.7200031
42.22,-120.35,8.7200031
40.71,-119.43,16.815744
44.25,-120.97,9.8749847
44.24,-120.97,9.8749847
43.21,-119.04,9.2272873
43.21,-119,9.2272873
38.85,-122.8,17.725136
42.18,-121.7,8.7200031
42.22,-120.36,8.7200031
38.77,-122.82,17.725136
37.49,-119.3,16.19442
43.95,-122.9,9.5827484
42.13,-121.74,8.7200031
39.05,-122.74,17.834578
38.94,-122.69,17.725136
43.69,-122.37,9.5827484
42.19,-121.77,8.7200031
40.39,-119.42,16.524179
40.39,-119.41,16.524179
40.39,-119.42,16.524179
42.17,-121.68,8.7200031
45.7,-121.24,9.5560369
41.73,-121.67,8.7112598
43.9,-121.36,9.5827484
43.91,-121.36,9.8749847
46.33,-120.78,9.5389538
41.83,-121.55,8.7181835
42.7,-122.6,8.0918245
42.7,-122.6,8.0918245
42.7,-122.6,8.0918245
42.7,-122.6,8.0918245
42.22,-120.36,8.7200031
42.22,-120.36,8.7200031
47.94,-128.9,0.43398958
47.92,-128.85,0.66285837
47.9,-128.74,0.91232389
47.74,-127.91,2.9722376
47.73,-127.88,2.9722376
47.87,-128.59,1.1679138
47.85,-128.47,1.414219
47.89,-128.66,0.91232389
47.79,-128.21,2.1661963
42.01,-121.82,8.7200031
46.53,-122.56,9.6252508
42.19,-120.35,8.7200031
39.51,-119.65,16.215477
38.83,-121.17,16.676729
39.39,-119.72,16.215477
40.39,-121.54,18.00329
40.36,-121.5,18.00329
40.41,-121.45,18.00329
40.37,-120.95,17.580811
44.55,-122.03,9.8749847
39.03,-122.43,17.580811
46.57,-120.17,9.7773581
42.64,-122.82,8.1765585
42.64,-122.82,8.1765585
45.7,-121.42,9.5560369
39.39,-119.76,16.215477
42.37,-120.57,8.7200031
41.63,-121.37,17.755274
41.7,-121.35,17.755274
41.7,-121.35,17.755274
46.3,-122.87,9.5389538
42.22,-121.78,8.7200031
46.58,-123.03,9.7773581
42.24,-121.77,8.7200031
45.61,-121.23,9.5370016
42.38,-122.53,8.7200031
47.17,-119.32,9.7773581
41.65,-121.18,17.755274
41.56,-121.12,18.100437
41.74,-121.87,8.7112598
41.59,-121.96,8.7299252
41,-120.89,18.00329
41.27,-122.61,15.872827
41.83,-121.25,8.7181835
41.57,-122.88,8.7299252
41.56,-122.53,8.7299252
41.43,-122.5,8.7199984
41.89,-122.4,8.7200031
41.98,-122.32,8.7200031
41.9,-122.53,8.7200031
41.95,-122,8.7200031
41.73,-120.38,18.00329
44.43,-122.72,9.8749847
42.18,-120.36,8.7200031
42.18,-120.34,8.7200031
42.22,-120.36,8.7200031
43.53,-120.09,9.5357075
40.41,-120.65,17.370102
39.9,-119.16,16.215477
39.9,-119.19,16.215477
39.88,-119.22,16.215477
39.91,-119.22,16.215477
39.8,-119.3,16.215477
39.94,-119.29,16.215477
39.99,-119.23,16.215477
39.85,-119.23,16.215477
39.88,-119.24,16.215477
39.9,-119.23,16.215477
39.92,-119.21,16.215477
39.91,-119.22,16.215477
39.96,-119.28,16.215477
39.95,-119.26,16.215477
39.96,-119.26,16.215477
39.96,-119.24,16.215477
39.97,-119.25,16.215477
39.92,-119.25,16.215477
39.89,-119.29,16.215477
39.89,-119.26,16.215477
39.84,-119.26,16.215477
39.86,-119.25,16.215477
39.92,-119.2,16.215477
39.88,-119.21,16.215477
39.89,-119.21,16.215477
39.92,-119.18,16.215477
39.88,-119.18,16.215477
39.93,-119.19,16.215477
39.82,-119.26,16.215477
39.85,-119.31,16.215477
39.88,-119.28,16.215477
39.88,-119.31,16.215477
39.83,-119.31,16.215477
38.85,-122.76,17.725136
38.85,-122.76,17.725136
38.86,-122.77,17.725136
38.86,-122.78,17.725136
38.87,-122.77,17.725136
38.86,-122.75,17.725136
38.86,-122.75,17.725136
38.94,-122.76,17.834578
42.21,-122.68,8.7200031
40.21,-119.15,16.215477
40.23,-119.14,16.215477
40.19,-119.18,16.215477
40.21,-119.23,16.215477
40.22,-119.22,16.215477
40.25,-119.21,16.215477
45.71,-121.87,9.5560369
45.32,-121.8,9.5414743
45.41,-121.82,9.5483627
45.37,-121.82,9.5483627
45.28,-121.74,9.5414743
43.32,-119.7,9.4671307
43.31,-119.77,9.4671307
43.32,-119.71,9.4671307
43.21,-119.52,9.2272873
43.2,-119.57,9.2272873
43.1,-119.73,8.97577
47.37,-120.3,9.7773581
39.39,-119.75,16.215477
39.39,-119.75,16.215477
39.39,-119.76,16.215477
39.91,-119.22,16.215477
44.33,-122.99,9.8749847
45.75,-121.12,9.5560369
43.75,-122.47,9.5827484
43.75,-122.47,9.5827484
44.15,-122.54,9.8749847
39.49,-119.8,16.215477
44.19,-123.83,9.8100004
44.71,-123.03,9.8749847
38.89,-122.61,17.580811
38.89,-122.64,17.725136
38.9,-122.65,17.725136
38.91,-122.63,17.725136
38.88,-122.72,17.725136
38.95,-122.85,17.834578
38.76,-122.64,17.580811
38.99,-122.82,17.834578
38.76,-122.64,17.580811
38.8,-122.56,17.580811
38.88,-122.62,17.580811
38.88,-122.62,17.580811
46.15,-124.41,9.5399418
44.22,-124.47,9.8100004
44.5,-124.42,9.8749847
44.86,-124.28,9.8163719
43.26,-124.59,9.4671307
44.06,-124.65,9.5543547
45.44,-119.78,9.5483627
42.23,-121.77,8.7200031
42.23,-121.77,8.7200031
45.61,-122.13,9.5370016
37.25,-122.4,17.13776
42.24,-121.78,8.7200031
38.9,-122.86,17.834578
38.86,-122.87,17.834578
38.98,-122.89,17.834578
38.97,-122.89,17.834578
38.96,-122.81,17.834578
38.88,-122.78,17.725136
46.82,-120.66,9.7773581
45.73,-122.41,9.5560369
43.59,-122.23,9.5827484
39.53,-119.76,16.215477
39.53,-119.76,16.215477
43.84,-119.9,9.8749847
43.84,-119.9,9.8749847
42.21,-120.36,8.7200031
45.94,-120.97,9.5405912
44.27,-120.81,9.8749847
45.69,-120.13,9.5560369
38.1,-122.89,17.370102
38.85,-122.85,17.834578
38.84,-122.84,17.725136
39.74,-119.57,16.215477
39.74,-119.59,16.215477
39.74,-119.59,16.215477
39.74,-119.58,16.215477
39.81,-119.65,16.215477
48.69,-119.5,9.57864
44.84,-120.46,9.8749847
44.82,-120.56,9.8749847
44.84,-120.48,9.8749847
44.83,-120.49,9.8749847
44.82,-120.48,9.8749847
44.82,-120.54,9.8749847
44.86,-120.55,9.8163719
44.87,-120.55,9.8163719
45.03,-121.96,9.831625
44.78,-122.04,9.8749847
45.5,-122.31,9.5407829
45.02,-122.01,9.831625
44.2,-122.05,9.8749847
45.07,-121.96,9.68153
44.72,-121.91,9.8749847
44.56,-121.61,9.8749847
44.56,-121.61,9.8749847
43.72,-122.42,9.5827484
43.72,-122.42,9.5827484
45.52,-122.27,9.5407829
45.51,-122.27,9.5407829
45.61,-122,9.5370016
43.72,-122.33,9.5827484
45.65,-121.95,9.5370016
45.34,-121.36,9.5414743
46.72,-121.58,9.7773581
46.52,-121.94,9.6252508
45.34,-121.92,9.5414743
45.28,-121.84,9.5414743
45.5,-122.28,9.5407829
45.5,-122.28,9.5407829
46.17,-122.27,9.546627
46.55,-122.85,9.6252508
45.63,-121.95,9.5370016
45.63,-121.95,9.5370016
46.64,-121.39,9.7773581
42.13,-121.8,8.7200031
45.72,-119.02,9.5560369
38.84,-122.63,17.580811
38.86,-122.67,17.725136
38.85,-122.66,17.725136
38.85,-122.66,17.725136
44.45,-122.83,9.8749847
42.01,-121.63,8.7200031
44.63,-122.72,9.8749847
38.7,-122.72,17.580811
39.48,-119.81,16.215477
39.48,-119.79,16.215477
39.48,-119.79,16.215477
39.48,-119.81,16.215477
39.48,-119.81,16.215477
39.48,-119.81,16.215477
39.48,-119.81,16.215477
39.48,-119.83,16.215477
39.48,-119.81,16.215477
39.48,-119.81,16.215477
39.48,-119.81,16.215477
39.5,-119.83,16.215477
39.48,-119.81,16.215477
39.48,-119.81,16.215477
39.58,-119.81,16.215477
39.48,-119.79,16.215477
39.48,-119.79,16.215477
45.16,-122.11,9.5008411
42.04,-120.31,18.00329
42.04,-120.31,18.00329
39.39,-119.75,16.215477
45.68,-121.31,9.5560369
42.13,-121.92,8.7200031
46.43,-119.78,9.543684
42.45,-121.36,8.7200031
39.54,-122.08,17.725136
39.54,-122.08,17.725136
39.62,-119.31,16.215477
37.1,-119.73,16.19442
39.4,-120.88,16.815744
46.43,-120.18,9.543684
39.45,-119.76,16.215477
39.34,-119.74,16.215477
39.34,-119.73,16.215477
39.37,-119.75,16.215477
39.34,-119.78,16.215477
39.45,-119.72,16.215477
39.39,-119.81,16.215477
39.43,-119.71,16.215477
39.33,-119.76,16.215477
39.42,-119.76,16.215477
39.37,-119.79,16.215477
39.43,-119.77,16.215477
39.4,-119.75,16.215477
39.37,-119.77,16.215477
39.42,-119.74,16.215477
39.44,-119.73,16.215477
39.4,-119.74,16.215477
39.32,-119.75,16.215477
39.4,-119.77,16.215477
39.31,-119.7,16.215477
39.31,-119.77,16.215477
39.29,-119.74,16.215477
39.36,-119.82,16.215477
39.38,-119.84,16.215477
39.41,-119.8,16.215477
39.37,-119.73,16.215477
45.39,-122.36,9.5483627
40.38,-119.4,16.524179
40.46,-119.4,16.524179
40.37,-119.4,16.524179
40.42,-119.41,16.524179
40.43,-119.39,16.524179
40.36,-119.43,16.524179
40.39,-119.37,16.524179
40.38,-119.37,16.524179
40.44,-119.43,16.524179
40.44,-119.42,16.524179
40.43,-119.47,16.524179
40.41,-119.48,16.524179
40.39,-119.45,16.524179
40.37,-119.47,16.524179
40.34,-119.47,16.524179
40.32,-119.46,16.524179
40.34,-119.41,16.524179
48.67,-126.86,5.5437579
48.69,-126.9,5.5437579
48.68,-126.88,5.5437579
48.68,-126.88,5.5437579
48.68,-126.88,5.5437579
48.67,-126.88,5.5437579
48.67,-126.88,5.5437579
48.67,-126.88,5.5437579
48.67,-126.88,5.5437579
48.67,-126.87,5.5437579
48.67,-126.87,5.5437579
48.67,-126.86,5.5437579
48.67,-126.87,5.5437579
48.66,-126.87,5.5437579
48.67,-126.86,5.5437579
48.68,-126.86,5.5437579
48.68,-126.86,5.5437579
48.68,-126.86,5.5437579
48.68,-126.87,5.5437579
48.68,-126.87,5.5437579
48.68,-126.87,5.5437579
48.65,-126.91,5.0980859
48.66,-126.89,5.5437579
48.67,-126.88,5.5437579
48.67,-126.88,5.5437579
48.67,-126.88,5.5437579
48.67,-126.88,5.5437579
48.67,-126.87,5.5437579
48.67,-126.87,5.5437579
48.67,-126.87,5.5437579
48.67,-126.87,5.5437579
48.68,-126.86,5.5437579
48.65,-126.91,5.0980859
48.68,-126.86,5.5437579
48.68,-126.86,5.5437579
48.67,-126.88,5.5437579
48.67,-126.88,5.5437579
48.67,-126.87,5.5437579
48.67,-126.87,5.5437579
48.67,-126.87,5.5437579
48.67,-126.87,5.5437579
48.67,-126.86,5.5437579
48.68,-126.86,5.5437579
48.65,-126.91,5.0980859
48.68,-126.86,5.5437579
48.68,-126.86,5.5437579
48.68,-126.86,5.5437579
48.68,-126.85,5.752306
48.68,-126.85,5.752306
48.68,-126.85,5.752306
48.68,-126.85,5.752306
48.68,-126.84,5.752306
48.68,-126.84,5.752306
48.69,-126.84,5.752306
48.65,-126.9,5.0980859
48.69,-126.84,5.752306
48.69,-126.84,5.752306
48.69,-126.83,5.752306
48.69,-126.83,5.752306
48.69,-126.82,5.752306
48.69,-126.82,5.752306
48.69,-126.82,5.752306
48.7,-126.82,5.752306
48.7,-126.82,5.752306
48.66,-126.9,5.5437579
48.7,-126.81,5.752306
48.7,-126.81,5.752306
48.71,-126.79,5.752306
48.71,-126.79,5.752306
48.66,-126.9,5.5437579
48.66,-126.9,5.5437579
48.66,-126.9,5.5437579
48.66,-126.89,5.5437579
39.4,-119.75,16.215477
44.19,-123.83,9.8100004
43.72,-121.29,9.5827484
41.55,-122.26,8.7135773
37.17,-120.07,16.19442
38.72,-122.69,17.580811
38.72,-122.69,17.580811
38.71,-122.72,17.580811
38.71,-122.73,17.580811
38.71,-122.76,17.580811
38.74,-122.73,17.580811
38.78,-122.68,17.580811
38.75,-122.78,17.725136
38.82,-122.9,17.834578
38.82,-122.91,17.834578
38.83,-122.9,17.834578
38.83,-122.9,17.834578
38.83,-122.92,17.834578
38.85,-122.91,17.834578
43.9,-121.03,9.8749847
43.87,-121.01,9.5827484
43.85,-120.99,9.5827484
46.73,-120.78,9.7773581
42.21,-121.72,8.7200031
43.54,-121.6,9.5357075
39.38,-119.73,16.215477
39.9,-119.1,16.215477
39.6,-119.42,16.215477
40.4,-119.41,16.524179
39.63,-119.35,16.215477
39.66,-119.17,16.215477
39.67,-119.34,16.215477
39.67,-119.17,16.215477
39.87,-119.13,16.215477
39.93,-119.07,16.215477
39.9,-119.06,16.215477
39.64,-119.4,16.215477
39.89,-119.06,16.215477
39.91,-119.14,16.215477
39.91,-119.06,16.215477
39.93,-119.07,16.215477
39.65,-119.26,16.215477
39.82,-119.22,16.215477
39.82,-119.92,16.524179
39.84,-119.92,16.524179
39.96,-119.16,16.215477
39.95,-119.16,16.215477
40.02,-119.22,16.215477
39.67,-119.37,16.215477
40.03,-119.15,16.215477
40.06,-119.06,16.215477
39.8,-119.01,16.215477
39.8,-119.01,16.215477
39.8,-119.01,16.215477
45.78,-122.2,9.544672
45.77,-122.19,9.544672
45.77,-122.22,9.544672
45.78,-122.2,9.544672
45.77,-122.2,9.544672
44.16,-122.24,9.8749847
42.23,-121.77,8.7200031
42.8,-120.1,8.7200031
39.37,-119.77,16.215477
42.24,-120.36,8.7200031
39.38,-119.73,16.215477
39.38,-119.78,16.215477
39.76,-119,16.215477
42.17,-122.69,8.7200031
42.17,-122.69,8.7200031
46.53,-122.82,9.6252508
38.89,-122.79,17.725136
44.76,-121.96,9.8749847
44.77,-121.93,9.8749847
44.77,-121.93,9.8749847
44.76,-121.96,9.8749847
44.76,-121.96,9.8749847
44.75,-121.89,9.8749847
44.75,-121.89,9.8749847
44.76,-121.99,9.8749847
44.8,-121.99,9.8749847
44.8,-121.99,9.8749847
44.82,-121.94,9.8749847
44.82,-121.94,9.8749847
44.69,-121.93,9.8749847
44.69,-121.93,9.8749847
44.69,-121.89,9.8749847
44.69,-121.89,9.8749847
44.67,-121.93,9.8749847
44.67,-121.93,9.8749847
44.75,-121.94,9.8749847
44.73,-121.97,9.8749847
44.73,-121.97,9.8749847
44.69,-121.99,9.8749847
37.45,-122.03,16.215477
44.15,-122.12,9.8749847
44.15,-122.12,9.8749847
44.35,-122.07,9.8749847
44.35,-122.07,9.8749847
44.31,-122.01,9.8749847
44.3,-122.01,9.8749847
44.27,-121.97,9.8749847
44.15,-122.04,9.8749847
44.16,-122,9.8749847
44.46,-122.05,9.8749847
44.44,-122.01,9.8749847
44.42,-122.06,9.8749847
44.42,-122.06,9.8749847
43.3,-122.89,9.4671307
43.3,-122.89,9.4671307
40.39,-120.62,17.370102
40.51,-120.66,17.50819
40.45,-120.68,17.50819
40.4,-120.63,17.370102
40.41,-120.66,17.370102
40.4,-120.64,17.370102
40.39,-120.6,17.370102
40.38,-120.61,17.370102
40.37,-120.63,17.370102
40.44,-120.64,17.370102
40.43,-120.67,17.50819
40.43,-120.67,17.50819
41.62,-120.04,18.00329
38.84,-121.84,17.088528
41.74,-120.08,18.00329
39.46,-121.99,17.580811
41.66,-119.81,18.00329
38.92,-121.61,17.088528
42.02,-120.3,18.00329
44.84,-122.84,9.8749847
41.39,-119.79,17.50819
40.06,-119.16,16.215477
39.99,-119.03,16.215477
40,-119.19,16.215477
41.38,-119.79,17.50819
40.08,-119.02,16.215477
41.38,-119.78,17.50819
41.39,-119.79,17.50819
39.96,-119.03,16.215477
39.95,-119.09,16.215477
40,-119.19,16.215477
41.38,-119.79,17.50819
39.86,-119.16,16.215477
41.39,-119.78,17.50819
41.39,-119.78,17.50819
41.39,-119.79,17.50819
41.47,-119.79,17.50819
41.37,-119.8,17.50819
40.23,-119,16.215477
41.38,-119.79,17.50819
39.98,-119.11,16.215477
40.04,-119.2,16.215477
40.01,-119.16,16.215477
40.03,-119.04,16.215477
41.39,-119.79,17.50819
40.14,-119.04,16.215477
39.95,-119.2,16.215477
39.99,-119.29,16.215477
39.92,-119.33,16.215477
40.09,-119.1,16.215477
40.06,-119.16,16.215477
40.1,-119.04,16.215477
41.38,-119.79,17.50819
42,-123.76,8.7200031
39.16,-119.19,16.215477
39.17,-120,16.215477
39.2,-119.98,16.215477
39.15,-120.02,16.215477
39.07,-120.03,16.215477
39.1,-120.07,16.215477
46.54,-122.62,9.6252508
39.51,-119.77,16.215477
40.42,-120.62,17.370102
40.37,-120.6,17.370102
40.41,-120.49,17.217102
40.4,-120.47,17.217102
40.41,-120.46,17.217102
40.4,-120.44,17.217102
38.8,-122.84,17.725136
40.33,-120.41,17.217102
38.78,-122.82,17.725136
38.79,-122.81,17.725136
38.8,-122.84,17.725136
38.74,-122.7,17.580811
40.38,-120.63,17.370102
38.73,-122.69,17.580811
40.41,-120.67,17.370102
38.73,-122.7,17.580811
40.46,-120.62,17.370102
38.73,-122.71,17.580811
38.73,-122.71,17.580811
38.79,-122.83,17.725136
40.41,-120.46,17.217102
38.81,-122.86,17.725136
38.81,-122.84,17.725136
38.81,-122.84,17.725136
38.8,-122.86,17.725136
38.8,-122.85,17.725136
38.89,-122.67,17.725136
38.88,-122.6,17.580811
38.75,-122.8,17.725136
38.75,-122.8,17.725136
38.75,-122.8,17.725136
38.75,-122.8,17.725136
38.75,-122.78,17.725136
38.76,-122.78,17.725136
38.74,-122.78,17.725136
38.74,-122.77,17.725136
38.74,-122.77,17.725136
38.79,-122.82,17.725136
38.73,-122.76,17.580811
38.73,-122.76,17.580811
38.74,-122.76,17.580811
38.74,-122.76,17.580811
38.74,-122.75,17.580811
38.75,-122.75,17.580811
38.73,-122.75,17.580811
38.74,-122.79,17.725136
38.74,-122.79,17.725136
38.73,-122.77,17.580811
38.73,-122.77,17.580811
38.73,-122.73,17.580811
38.73,-122.73,17.580811
38.78,-122.81,17.725136
38.79,-122.69,17.580811
38.8,-122.69,17.580811
38.78,-122.83,17.725136
38.9,-122.63,17.725136
38.92,-122.85,17.834578
38.79,-122.69,17.580811
38.73,-122.69,17.580811
38.77,-122.84,17.725136
38.77,-122.84,17.725136
38.77,-122.81,17.725136
38.77,-122.81,17.725136
45.3,-121.77,9.5414743
47.12,-120.68,9.7773581
42,-121.71,8.7200031
40.03,-119.01,16.215477
40.02,-119.02,16.215477
40.02,-119.02,16.215477
40.03,-119.02,16.215477
40.02,-119,16.215477
40.03,-119.01,16.215477
39.99,-119.04,16.215477
39.99,-119.04,16.215477
39.99,-119.01,16.215477
39.9,-119.22,16.215477
39.97,-119.25,16.215477
39.9,-119.13,16.215477
40.03,-119.09,16.215477
39.98,-119.03,16.215477
39.98,-119.02,16.215477
39.37,-119.71,16.215477
39.58,-119.52,16.215477
39.57,-119.52,16.215477
39.57,-119.54,16.215477
39.57,-119.54,16.215477
39.57,-119.51,16.215477
39.53,-119.62,16.215477
39.57,-119.55,16.215477
39.58,-119.51,16.215477
39.58,-119.53,16.215477
39.59,-119.53,16.215477
39.59,-119.49,16.215477
39.58,-119.51,16.215477
42.45,-121.47,8.7200031
38.86,-122.89,17.834578
40.6,-119.42,16.676729
40.63,-119.4,16.676729
40.64,-119.37,16.676729
40.64,-119.36,16.676729
40.84,-119.31,16.815744
38.82,-122.8,17.725136
38.85,-122.8,17.725136
38.83,-122.74,17.725136
38.83,-122.8,17.725136
38.84,-122.8,17.725136
38.83,-122.81,17.725136
38.83,-122.79,17.725136
38.83,-122.91,17.834578
38.81,-122.8,17.725136
38.75,-122.83,17.725136
38.75,-122.83,17.725136
38.79,-122.81,17.725136
38.77,-122.77,17.725136
38.84,-122.76,17.725136
38.81,-122.77,17.725136
38.78,-122.67,17.580811
38.86,-122.75,17.725136
38.86,-122.67,17.725136
38.88,-122.72,17.725136
38.91,-122.68,17.725136
38.82,-122.79,17.725136
38.79,-122.8,17.725136
38.78,-122.75,17.725136
38.85,-122.78,17.725136
38.76,-122.82,17.725136
38.76,-122.82,17.725136
38.79,-122.76,17.725136
38.8,-122.77,17.725136
38.87,-122.81,17.725136
38.93,-122.69,17.725136
38.77,-122.9,17.725136
38.78,-122.77,17.725136
38.8,-122.77,17.725136
38.8,-122.76,17.725136
38.82,-122.76,17.725136
38.84,-122.81,17.725136
38.84,-122.78,17.725136
38.86,-122.79,17.725136
38.87,-122.84,17.834578
38.92,-122.67,17.725136
38.91,-122.63,17.725136
38.93,-122.71,17.725136
38.93,-122.71,17.725136
38.86,-122.67,17.725136
38.89,-122.69,17.725136
38.83,-122.63,17.580811
38.89,-122.79,17.725136
38.74,-122.72,17.580811
38.76,-122.75,17.725136
38.83,-122.87,17.834578
38.7,-122.74,17.580811
38.7,-122.74,17.580811
38.68,-122.74,17.580811
38.89,-122.64,17.725136
38.99,-122.82,17.834578
38.99,-122.81,17.834578
38.97,-122.74,17.834578
38.77,-122.63,17.580811
38.94,-122.78,17.834578
38.86,-122.74,17.725136
38.8,-122.61,17.580811
38.91,-122.64,17.725136
38.87,-122.68,17.725136
39.06,-122.63,17.725136
38.75,-122.59,17.580811
38.77,-122.95,17.834578
38.91,-122.85,17.834578
38.94,-122.82,17.834578
38.91,-122.68,17.725136
38.94,-122.86,17.834578
38.93,-122.81,17.834578
44.56,-122.03,9.8749847
38.99,-122.64,17.725136
45.91,-121.05,9.5405912
44.23,-122.18,9.8749847
40.7,-119.35,16.676729
39.78,-119,16.215477
39.76,-119.01,16.215477
45.44,-121.72,9.5483627
40.65,-119.37,16.676729
40.65,-119.36,16.676729
40.65,-119.36,16.676729
40.65,-119.37,16.676729
40.65,-119.37,16.676729
45.29,-121.71,9.5414743
42.1,-119.92,18.00329
45.42,-121.77,9.5483627
43.71,-121.23,9.5827484
43.71,-121.23,9.5827484
42.19,-120.38,8.7200031
45.67,-122.38,9.5560369
37.24,-122.07,16.352819
42.43,-121.37,8.7200031
42.43,-121.37,8.7200031
39.54,-119.78,16.215477
47.24,-124.19,9.8133631
39.34,-119.6,16.215477
39.43,-119.69,16.215477
39.43,-119.68,16.215477
39.42,-119.67,16.215477
39.4,-119.65,16.215477
39.4,-119.67,16.215477
39.53,-119.69,16.215477
42.11,-121.87,8.7200031
39.41,-119.75,16.215477
40.4,-120.62,17.370102
38.78,-119.17,16.215477
38.77,-119.15,16.215477
38.78,-119.17,16.215477
38.77,-119.16,16.215477
38.78,-119.14,16.215477
38.77,-119.13,16.215477
38.77,-119.15,16.215477
38.76,-119.16,16.215477
38.77,-119.18,16.215477
38.77,-119.17,16.215477
38.75,-119.18,16.215477
38.76,-119.15,16.215477
38.77,-119.14,16.215477
38.78,-119.13,16.215477
38.78,-119.13,16.215477
38.77,-119.12,16.215477
38.79,-119.17,16.215477
38.77,-119.16,16.215477
38.79,-119.17,16.215477
38.8,-119.17,16.215477
38.8,-119.16,16.215477
38.81,-119.17,16.215477
38.81,-119.17,16.215477
38.81,-119.17,16.215477
38.82,-119.18,16.215477
38.75,-119.19,16.215477
38.74,-119.19,16.215477
38.75,-119.17,16.215477
38.74,-119.17,16.215477
38.75,-119.14,16.215477
38.76,-119.15,16.215477
38.8,-119.16,16.215477
38.82,-119.18,16.215477
38.82,-119.19,16.215477
45.77,-121.12,9.544672
43.8,-122.31,9.5827484
45.12,-120.85,9.68153
39.47,-119.63,16.215477
46.62,-120.41,9.7773581
44.44,-122.99,9.8749847
42.14,-122.73,8.7200031
42.36,-121.98,8.7200031
39.04,-122.43,17.580811
39.39,-119.72,16.215477
38.91,-122.78,17.725136
42.33,-120.52,8.7200031
42.34,-120.52,8.7200031
42.34,-120.52,8.7200031
44.89,-122.69,9.8163719
44.89,-122.69,9.8163719
42.2,-121.73,8.7200031
41.02,-119.56,17.088528
46.83,-120.21,9.7773581
38.93,-119.07,16.215477
45.73,-122.44,9.5560369
44.85,-121.83,9.8163719
42.24,-120.36,8.7200031
42.24,-120.36,8.7200031
42.01,-120.3,18.00329
44.21,-121.03,9.8749847
42.22,-120.35,8.7200031
42.22,-120.35,8.7200031
42.22,-120.34,8.7200031
44.23,-120.97,9.8749847
42.22,-120.36,8.7200031
42.21,-120.36,8.7200031
42.04,-120.31,18.00329
42.04,-120.31,18.00329
42.21,-120.36,8.7200031
42.02,-120.3,18.00329
44.85,-121.83,9.8163719
42.37,-120.45,8.7200031
45.68,-119.84,9.5560369
45.7,-120.14,9.5560369
45.7,-120.14,9.5560369
45.7,-120.14,9.5560369
44.55,-122.81,9.8749847
42.82,-122.94,8.0320463
45.47,-121.2,9.5407829
42.34,-120.54,8.7200031
42.37,-120.57,8.7200031
45.69,-120.13,9.5560369
42.33,-120.57,8.7200031
42.36,-121.98,8.7200031
42.33,-120.52,8.7200031
43.54,-119.95,9.5357075
42.33,-120.57,8.7200031
40.84,-127.52,0.009965586
38.59,-127.27,31.536203
38.32,-124.03,19.94416
38.5,-124.26,20.470812
37.93,-123.83,20.19767
37.79,-124.28,22.031677
38.42,-126.14,27.247425
38.43,-126.33,28.011539
38.49,-126.79,29.741478
38.53,-127.06,30.950256
38.57,-127.21,31.244743
39.03,-130,30.501097
38.49,-126.72,29.393053
38.59,-127.52,32.307262
38.75,-128.98,30.290819
38.52,-127.14,30.950256
38.49,-126.72,29.393053
38.46,-126.48,28.539879
37.47,-123.84,21.01218
38,-124.89,23.57716
38.17,-125.47,25.24065
38.4,-126.04,26.842258
39.2,-121.06,16.815744
40.91,-127.45,0.047450688
40.91,-127.5,0.047450688
40.9,-127.51,0.047450688
40.9,-127.52,0.047450688
40.91,-127.54,0.047450688
40.91,-127.45,0.047450688
40.91,-127.55,0.27203998
40.91,-127.56,0.27203998
40.91,-127.46,0.047450688
40.91,-127.47,0.047450688
40.91,-127.49,0.047450688
41,-127.51,0.021391379
41,-127.51,0.021391379
41,-127.5,0.021391379
41,-127.55,0.27136731
41,-127.55,0.27136731
41,-127.54,0.021391379
41,-127.52,0.021391379
41,-127.52,0.021391379
40.96,-127.48,0.021391379
40.96,-127.49,0.021391379
40.96,-127.5,0.021391379
40.96,-127.52,0.021391379
40.96,-127.53,0.021391379
40.96,-127.42,0.23963241
40.96,-127.42,0.23963241
40.93,-127.5,0.047450688
40.94,-127.52,0.047450688
40.93,-127.54,0.047450688
40.93,-127.55,0.27203998
40.93,-127.56,0.27203998
40.94,-127.46,0.047450688
40.93,-127.47,0.047450688
40.93,-127.49,0.047450688
48.44,-128.47,1.1955065
48.44,-128.47,1.1955065
48.44,-128.46,1.1955065
48.44,-128.45,1.3642263
48.44,-128.45,1.3642263
48.44,-128.44,1.3642263
48.44,-128.43,1.3642263
48.44,-128.42,1.3642263
48.44,-128.42,1.3642263
48.44,-128.41,1.3642263
48.44,-128.4,1.3642263
48.43,-128.4,1.3642263
48.43,-128.39,1.3642263
50.14,-130.45,0.64635819
49.17,-128.25,3.9386008
49.12,-128.97,2.3481965
50.57,-130.82,1.5733372
48.46,-128.67,0.59159386
49.17,-128.25,3.9386008
49.11,-128.96,2.3481965
50.47,-130.27,0.06584172
50.57,-130.83,1.5733372
49.11,-128.96,2.3481965
50.56,-130.84,1.5733372
50.13,-130.43,0.64635819
49.11,-128.96,2.3481965
50.56,-130.85,1.5733372
49.66,-130.09,0.59459901
49.18,-128.25,3.9386008
49.1,-128.95,2.6050727
50.55,-130.87,2.2212367
49.1,-128.95,2.6050727
50.55,-130.88,2.2212367
50.12,-130.42,0.64635819
48.46,-128.64,0.8665905
49.1,-128.94,2.6050727
50.54,-130.89,2.2212367
50.12,-130.41,0.64635819
49.66,-130.07,0.59459901
49.09,-128.94,2.6050727
49.65,-130.06,0.68830746
49.09,-128.93,2.6050727
48.46,-128.62,0.8665905
49.09,-128.93,2.6050727
48.46,-128.61,0.8665905
50.14,-130.45,0.64635819
50.13,-130.44,0.64635819
50.13,-130.44,0.64635819
50.13,-130.43,0.64635819
50.12,-130.43,0.64635819
50.12,-130.42,0.64635819
50.12,-130.41,0.64635819
50.11,-130.41,0.64635819
50.11,-130.4,0.64635819
49.68,-130.11,0.59459901
49.67,-130.1,0.59459901
49.67,-130.1,0.59459901
49.66,-130.09,0.59459901
49.66,-130.08,0.59459901
49.66,-130.07,0.59459901
49.65,-130.06,0.68830746
49.65,-130.06,0.68830746
49.65,-130.05,0.68830746
49.64,-130.04,0.81696123
49.64,-130.04,0.81696123
49.64,-130.03,0.81696123
49.64,-130.03,0.81696123
49.63,-130.02,0.81696123
49.63,-130.01,0.81696123
49.62,-130,0.81696123
49.62,-130,0.81696123
49.62,-129.99,0.81696123
49.62,-129.98,0.81696123
49.61,-129.98,0.81696123
49.61,-129.97,0.81696123
49.61,-129.97,0.81696123
49.6,-129.96,0.81696123
49.6,-129.96,0.81696123
49.6,-129.95,1.0505846
48.46,-128.68,0.59159386
48.46,-128.67,0.59159386
48.46,-128.67,0.59159386
48.46,-128.66,0.59159386
48.46,-128.65,0.59159386
48.46,-128.65,0.59159386
48.46,-128.64,0.8665905
48.46,-128.63,0.8665905
48.46,-128.62,0.8665905
48.46,-128.62,0.8665905
48.46,-128.61,0.8665905
48.46,-128.6,0.8665905
48.45,-128.59,0.8665905
48.45,-128.58,0.8665905
48.45,-128.57,0.8665905
48.45,-128.57,0.8665905
48.45,-128.56,0.8665905
48.45,-128.55,0.8665905
48.45,-128.53,1.1157724
48.45,-128.52,1.1157724
48.45,-128.52,1.1157724
48.45,-128.51,1.1157724
48.45,-128.5,1.1157724
48.45,-128.5,1.1157724
48.44,-128.49,1.1955065
48.44,-128.48,1.1955065
48.44,-128.47,1.1955065
48.44,-128.47,1.1955065
49.17,-128.25,3.9386008
49.17,-128.25,3.9386008
49.18,-128.25,3.9386008
49.18,-128.25,3.9386008
49.18,-128.25,3.9386008
49.12,-128.97,2.3481965
49.11,-128.96,2.3481965
49.11,-128.96,2.3481965
49.11,-128.96,2.3481965
49.1,-128.95,2.6050727
49.1,-128.95,2.6050727
49.1,-128.94,2.6050727
49.09,-128.94,2.6050727
49.09,-128.93,2.6050727
49.09,-128.93,2.6050727
50.73,-131.12,2.265857
50.73,-131.1,2.265857
50.73,-131.09,2.265857
50.73,-131.08,2.265857
50.47,-130.28,0.06584172
50.47,-130.27,0.06584172
50.48,-130.26,0.06584172
50.57,-130.82,1.5733372
50.57,-130.83,1.5733372
50.56,-130.84,1.5733372
50.56,-130.85,1.5733372
50.55,-130.87,2.2212367
50.55,-130.88,2.2212367
50.54,-130.89,2.2212367
49.64,-130.04,0.81696123
48.46,-128.6,0.8665905
48.45,-128.59,0.8665905
48.45,-128.58,0.8665905
49.63,-130.02,0.81696123
48.45,-128.57,0.8665905
48.45,-128.57,0.8665905
48.45,-128.56,0.8665905
48.45,-128.55,0.8665905
49.62,-130,0.81696123
49.62,-129.98,0.81696123
48.45,-128.53,1.1157724
48.45,-128.52,1.1157724
48.45,-128.52,1.1157724
48.45,-128.51,1.1157724
48.45,-128.5,1.1157724
48.45,-128.5,1.1157724
48.44,-128.49,1.1955065
48.44,-128.48,1.1955065
49.65,-130.06,0.68830746
49.65,-130.05,0.68830746
49.64,-130.04,0.81696123
49.64,-130.03,0.81696123
49.64,-130.03,0.81696123
49.63,-130.01,0.81696123
49.62,-130,0.81696123
49.62,-129.99,0.81696123
49.61,-129.98,0.81696123
49.6,-129.95,1.0505846
50.13,-130.44,0.64635819
49.18,-128.25,3.9386008
50.13,-130.44,0.64635819
49.18,-128.25,3.9386008
50.12,-130.43,0.64635819
49.66,-130.08,0.59459901
50.11,-130.41,0.64635819
48.36,-126.23,6.6210885
48.35,-126.24,6.6210885
48.35,-126.24,6.6210885
48.35,-126.25,6.40137
48.35,-126.25,6.40137
48.34,-126.26,6.5365396
48.32,-126.31,6.5365396
48.32,-126.33,6.5365396
48.31,-126.35,6.5365396
48.31,-126.37,6.2660885
48.3,-126.39,6.2660885
48.3,-126.42,6.2660885
48.29,-126.44,6.2660885
48.29,-126.46,5.9780002
48.28,-126.48,5.9780002
48.27,-126.5,5.9780002
48.27,-126.52,5.9780002
48.26,-126.55,5.7164354
48.26,-126.57,5.7164354
48.16,-126.61,5.7203693
48.15,-126.63,5.9089842
48.14,-126.64,5.9089842
48.14,-126.65,5.7152658
48.13,-126.66,5.7152658
48.13,-126.67,5.7152658
48.12,-126.68,5.7152658
48.12,-126.69,5.7152658
48.11,-126.7,5.7152658
48.11,-126.71,5.7152658
48.1,-126.72,5.7152658
48.09,-126.73,5.7152658
48.09,-126.74,5.7152658
48.08,-126.75,5.4567189
48.08,-126.76,5.4567189
48.07,-126.77,5.4567189
48.07,-126.78,5.4567189
48.56,-127.08,4.5077429
48.55,-127.09,4.3637662
48.55,-127.09,4.3637662
48.55,-127.1,4.3637662
48.55,-127.1,4.3637662
48.68,-126.84,5.752306
48.67,-126.86,5.5437579
48.67,-126.86,5.5437579
48.66,-126.87,5.5437579
48.66,-126.88,5.5437579
48.66,-126.89,5.5437579
48.65,-126.89,5.0980859
48.65,-126.9,5.0980859
48.64,-126.91,5.0980859
48.64,-126.92,5.0980859
48.64,-126.92,5.0980859
48.63,-126.93,5.0980859
48.63,-126.94,5.0980859
48.63,-126.95,4.8090472
48.62,-126.96,4.8090472
48.62,-126.96,4.8090472
48.61,-126.97,4.8090472
48.61,-126.98,4.8090472
48.76,-126.67,6.336699
48.74,-126.7,5.9347811
48.74,-126.72,5.9347811
48.73,-126.73,5.9347811
48.72,-126.75,5.752306
48.71,-126.76,5.752306
48.71,-126.78,5.752306
48.26,-126.37,6.2660885
48.26,-126.38,6.2660885
48.26,-126.39,6.2660885
48.25,-126.39,6.2521348
48.25,-126.4,6.2521348
48.25,-126.41,6.2521348
48.24,-126.41,6.2521348
48.24,-126.42,6.2521348
48.24,-126.42,6.2521348
48.24,-126.43,6.2521348
48.23,-126.44,6.2521348
48.23,-126.44,6.2521348
48.23,-126.45,6.2521348
48.23,-126.45,6.2521348
48.22,-126.46,5.9770608
48.22,-126.47,5.9770608
48.22,-126.47,5.9770608
48.21,-126.48,5.9770608
48.21,-126.48,5.9770608
48.21,-126.49,5.9770608
48.21,-126.5,5.9770608
48.2,-126.5,5.9770608
48.2,-126.51,5.9770608
48.2,-126.51,5.9770608
48.2,-126.52,5.9770608
48.19,-126.53,5.9770608
48.19,-126.53,5.9770608
48.19,-126.54,5.9770608
48.18,-126.54,5.9770608
48.18,-126.55,5.7203693
48.18,-126.56,5.7203693
48.18,-126.56,5.7203693
48.17,-126.57,5.7203693
48.17,-126.57,5.7203693
48.17,-126.58,5.7203693
48.17,-126.59,5.7203693
48.42,-126.97,4.6329985
48.43,-126.98,4.6329985
48.43,-126.98,4.6329985
48.44,-126.99,4.6329985
48.44,-127,4.6329985
48.45,-127,4.6428313
48.45,-127.01,4.6428313
48.36,-126.22,6.6210885
48.56,-127.08,4.5077429
48.56,-127.08,4.5077429
48.55,-127.09,4.3637662
48.55,-127.1,4.3637662
48.68,-126.84,5.752306
48.67,-126.85,5.752306
48.67,-126.86,5.5437579
48.67,-126.86,5.5437579
48.66,-126.87,5.5437579
48.66,-126.88,5.5437579
48.65,-126.89,5.0980859
48.65,-126.91,5.0980859
48.64,-126.91,5.0980859
48.64,-126.92,5.0980859
48.63,-126.93,5.0980859
48.63,-126.95,4.8090472
48.62,-126.95,4.8090472
48.62,-126.96,4.8090472
48.61,-126.97,4.8090472
48.61,-126.98,4.8090472
48.76,-126.67,6.336699
48.75,-126.69,5.9347811
48.74,-126.71,5.9347811
48.73,-126.73,5.9347811
48.72,-126.74,5.9347811
48.72,-126.76,5.752306
48.71,-126.78,5.752306
48.26,-126.37,6.2660885
48.26,-126.38,6.2660885
48.26,-126.38,6.2660885
48.25,-126.39,6.2521348
48.25,-126.39,6.2521348
48.25,-126.4,6.2521348
48.25,-126.41,6.2521348
48.24,-126.41,6.2521348
48.24,-126.42,6.2521348
48.24,-126.43,6.2521348
48.24,-126.43,6.2521348
48.23,-126.44,6.2521348
48.23,-126.44,6.2521348
48.23,-126.45,6.2521348
48.22,-126.46,5.9770608
48.22,-126.46,5.9770608
48.22,-126.47,5.9770608
48.22,-126.48,5.9770608
48.21,-126.48,5.9770608
48.21,-126.49,5.9770608
48.21,-126.49,5.9770608
48.2,-126.5,5.9770608
48.2,-126.51,5.9770608
48.2,-126.51,5.9770608
48.2,-126.52,5.9770608
48.19,-126.52,5.9770608
48.19,-126.53,5.9770608
48.19,-126.54,5.9770608
48.18,-126.54,5.9770608
48.18,-126.55,5.7203693
48.18,-126.56,5.7203693
48.18,-126.56,5.7203693
48.17,-126.57,5.7203693
48.17,-126.57,5.7203693
48.17,-126.58,5.7203693
48.17,-126.59,5.7203693
48.41,-126.97,4.6329985
48.42,-126.98,4.6329985
48.43,-126.99,4.6329985
48.44,-127,4.6329985
48.45,-127.01,4.6428313
48.36,-126.22,6.6210885
48.36,-126.23,6.6210885
48.36,-126.23,6.6210885
48.35,-126.24,6.6210885
48.35,-126.24,6.6210885
48.35,-126.25,6.40137
48.34,-126.26,6.5365396
48.33,-126.27,6.5365396
48.33,-126.28,6.5365396
48.32,-126.29,6.5365396
48.32,-126.3,6.5365396
48.31,-126.31,6.5365396
48.29,-126.51,5.9780002
48.28,-126.52,5.9780002
48.28,-126.52,5.9780002
48.27,-126.53,5.9780002
48.27,-126.54,5.9780002
48.27,-126.55,5.7164354
48.26,-126.56,5.7164354
48.26,-126.57,5.7164354
48.16,-126.61,5.7203693
48.15,-126.62,5.9089842
48.15,-126.63,5.9089842
48.14,-126.64,5.9089842
48.14,-126.65,5.7152658
48.13,-126.66,5.7152658
48.12,-126.67,5.7152658
48.12,-126.68,5.7152658
48.11,-126.69,5.7152658
48.11,-126.7,5.7152658
48.1,-126.72,5.7152658
48.1,-126.73,5.7152658
48.09,-126.74,5.7152658
48.09,-126.75,5.4567189
48.07,-126.77,5.4567189
48.07,-126.78,5.4567189
47.93,-128.85,0.66285837
47.92,-128.84,0.66285837
47.92,-128.84,0.66285837
47.92,-128.83,0.66285837
47.92,-128.82,0.66285837
47.92,-128.82,0.66285837
47.92,-128.81,0.66285837
47.91,-128.81,0.66285837
47.91,-128.8,0.66285837
47.91,-128.8,0.66285837
47.91,-128.79,0.66285837
47.9,-128.78,0.66285837
47.88,-128.73,0.91232389
47.88,-128.72,0.91232389
47.88,-128.71,0.91232389
47.87,-128.71,0.91232389
47.87,-128.7,0.91232389
47.87,-128.7,0.91232389
47.87,-128.69,0.91232389
47.86,-128.68,0.91232389
47.86,-128.67,0.91232389
47.86,-128.67,0.91232389
47.86,-128.66,0.91232389
47.86,-128.66,0.91232389
47.85,-128.64,1.1679138
47.85,-128.64,1.1679138
47.85,-128.63,1.1679138
47.96,-128.81,0.50150979
47.96,-128.81,0.50150979
47.95,-128.81,0.50150979
47.95,-128.81,0.50150979
47.94,-128.81,0.66285837
47.93,-128.83,0.66285837
47.93,-128.82,0.66285837
47.93,-128.82,0.66285837
47.92,-128.82,0.66285837
47.92,-128.83,0.66285837
47.91,-128.82,0.66285837
47.9,-128.83,0.66285837
47.9,-128.83,0.66285837
47.89,-128.83,0.66285837
47.89,-128.83,0.66285837
47.88,-128.83,0.66285837
47.87,-128.83,0.66285837
47.87,-128.84,0.66285837
47.86,-128.84,0.66285837
47.99,-128.79,0.50150979
47.99,-128.8,0.50150979
47.98,-128.8,0.50150979
47.98,-128.8,0.50150979
47.97,-128.81,0.50150979
47.97,-128.81,0.50150979
47.97,-128.83,0.50150979
47.96,-128.82,0.50150979
47.94,-128.76,0.66285837
47.94,-128.77,0.66285837
47.95,-128.78,0.50150979
47.95,-128.79,0.50150979
47.95,-128.8,0.50150979
47.95,-128.81,0.50150979
47.96,-128.83,0.50150979
47.82,-128.67,1.1115648
47.83,-128.67,1.1115648
47.84,-128.68,1.1115648
47.84,-128.68,1.1115648
47.85,-128.68,0.91232389
47.86,-128.68,0.91232389
47.87,-128.69,0.91232389
47.87,-128.69,0.91232389
47.88,-128.69,0.91232389
47.88,-128.7,0.91232389
47.88,-128.7,0.91232389
47.89,-128.7,0.91232389
47.86,-128.64,1.1679138
47.87,-128.64,1.1679138
47.87,-128.64,1.1679138
47.88,-128.65,0.91232389
47.88,-128.65,0.91232389
47.89,-128.65,0.91232389
47.89,-128.66,0.91232389
47.89,-128.66,0.91232389
47.89,-128.66,0.91232389
47.9,-128.66,0.91232389
47.9,-128.67,0.91232389
47.75,-127.22,4.6330013
47.75,-127.23,4.6330013
47.75,-127.24,4.6330013
47.76,-127.25,4.2658925
47.76,-127.26,4.2658925
47.76,-127.27,4.2658925
47.77,-127.33,4.2658925
47.78,-127.35,4.2658925
47.78,-127.35,4.2658925
47.78,-127.36,4.1103892
47.78,-127.37,4.1103892
47.79,-127.39,4.1103892
47.79,-127.4,4.1103892
47.84,-127.72,3.3711357
47.84,-127.74,3.3711357
47.84,-127.75,3.1612465
47.84,-127.77,3.1612465
47.84,-127.77,3.1612465
47.85,-127.78,2.9645884
47.85,-127.79,2.9645884
47.85,-127.8,2.9645884
47.85,-127.81,2.9645884
47.85,-127.82,2.9645884
47.85,-127.82,2.9645884
47.85,-127.83,2.9645884
47.86,-127.84,2.9645884
47.86,-127.87,2.6994836
47.86,-127.91,2.6994836
47.85,-127.63,3.4528952
47.85,-127.64,3.4528952
47.85,-127.65,3.1907601
47.86,-127.67,3.1907601
47.86,-127.67,3.1907601
47.86,-127.68,3.1907601
47.86,-127.7,3.1907601
47.86,-127.7,3.1907601
47.86,-127.71,3.1907601
47.86,-127.71,3.1907601
47.87,-127.72,3.1907601
47.87,-127.72,3.1907601
47.87,-127.72,3.1907601
47.87,-127.73,3.1907601
47.87,-127.74,3.1907601
47.87,-127.74,3.1907601
47.87,-127.62,3.4528952
47.9,-127.64,3.4528952
47.91,-127.64,3.4528952
47.92,-127.65,3.1907601
47.92,-127.65,3.1907601
47.93,-127.65,3.1907601
47.94,-127.66,3.1907601
47.86,-127.68,3.1907601
47.86,-127.68,3.1907601
47.87,-127.69,3.1907601
47.87,-127.69,3.1907601
47.88,-127.69,3.1907601
47.89,-127.7,3.1907601
47.89,-127.7,3.1907601
47.89,-127.7,3.1907601
47.9,-127.71,3.1907601
47.9,-127.71,3.1907601
47.91,-127.71,3.1907601
47.92,-127.71,3.1907601
47.92,-127.72,3.1907601
47.93,-127.72,3.1907601
47.94,-127.73,3.1907601
47.94,-127.73,3.1907601
47.95,-127.73,3.0129824
47.96,-127.74,3.0129824
47.96,-127.74,3.0129824
47.76,-127.63,3.5786738
47.83,-127.66,3.3711357
47.84,-127.67,3.3711357
47.84,-127.67,3.3711357
47.85,-127.67,3.1907601
47.85,-127.67,3.1907601
47.86,-127.68,3.1907601
47.82,-127.49,3.8465323
47.82,-127.49,3.8465323
47.82,-127.51,3.8465323
47.82,-127.52,3.8465323
47.83,-127.53,3.8465323
47.83,-127.54,3.8465323
47.83,-127.55,3.5786738
47.83,-127.56,3.5786738
47.84,-127.57,3.5786738
47.84,-127.58,3.5786738
47.84,-127.59,3.5786738
47.84,-127.6,3.5786738
47.84,-127.61,3.5786738
47.89,-127.49,3.7126944
47.91,-127.59,3.4528952
47.91,-127.59,3.4528952
47.72,-127.82,3.251128
47.72,-127.82,3.251128
47.72,-127.81,3.251128
47.72,-127.8,3.251128
47.71,-127.79,3.251128
47.71,-127.79,3.251128
47.71,-127.79,3.251128
47.71,-127.78,3.251128
47.71,-127.78,3.251128
47.71,-127.78,3.251128
47.71,-127.78,3.251128
47.71,-127.77,3.251128
47.71,-127.77,3.251128
47.71,-127.76,3.251128
47.76,-127.76,3.1612465
47.7,-127.75,3.251128
47.7,-127.75,3.251128
47.86,-127.7,3.1907601
47.86,-127.7,3.1907601
47.86,-127.7,3.1907601
47.86,-127.71,3.1907601
47.86,-127.71,3.1907601
47.87,-127.72,3.1907601
47.87,-127.72,3.1907601
47.87,-127.72,3.1907601
47.87,-127.73,3.1907601
47.87,-127.73,3.1907601
47.87,-127.74,3.1907601
47.85,-127.73,3.1907601
47.85,-127.73,3.1907601
47.85,-127.72,3.1907601
47.85,-127.72,3.1907601
47.85,-127.72,3.1907601
47.85,-127.72,3.1907601
47.85,-127.72,3.1907601
47.85,-127.71,3.1907601
47.85,-127.7,3.1907601
47.79,-127.85,3.1612465
47.92,-128.72,0.91232389
47.92,-128.72,0.91232389
47.92,-128.71,0.91232389
47.92,-128.71,0.91232389
47.92,-128.7,0.91232389
47.92,-128.7,0.91232389
47.92,-128.69,0.91232389
47.92,-128.69,0.91232389
47.92,-128.68,0.91232389
47.91,-128.67,0.91232389
47.91,-128.67,0.91232389
47.91,-128.66,0.91232389
47.91,-128.66,0.91232389
47.91,-128.65,0.91232389
47.91,-128.65,0.91232389
47.91,-128.64,1.1679138
47.9,-128.63,1.1679138
47.9,-128.63,1.1679138
47.9,-128.62,1.1679138
47.9,-128.62,1.1679138
47.9,-128.61,1.1679138
47.9,-128.61,1.1679138
47.9,-128.61,1.1679138
47.9,-128.6,1.1679138
47.9,-128.59,1.1679138
47.9,-128.59,1.1679138
47.9,-128.58,1.1679138
47.89,-128.58,1.1679138
47.89,-128.57,1.1679138
47.89,-128.57,1.1679138
47.89,-128.57,1.1679138
47.89,-128.56,1.1679138
47.89,-128.56,1.1679138
47.89,-128.56,1.1679138
47.89,-128.55,1.1679138
47.89,-128.54,1.414219
47.89,-128.54,1.414219
47.89,-128.54,1.414219
47.89,-128.53,1.414219
47.89,-128.53,1.414219
47.88,-128.52,1.414219
47.92,-128.52,1.414219
47.92,-128.52,1.414219
47.92,-128.53,1.414219
47.92,-128.53,1.414219
47.92,-128.53,1.414219
47.92,-128.54,1.414219
47.92,-128.54,1.414219
47.92,-128.54,1.414219
47.92,-128.55,1.1679138
47.92,-128.55,1.1679138
47.92,-128.55,1.1679138
47.92,-128.55,1.1679138
47.92,-128.55,1.1679138
47.93,-128.56,1.1679138
47.93,-128.56,1.1679138
47.93,-128.56,1.1679138
47.93,-128.57,1.1679138
47.93,-128.57,1.1679138
47.93,-128.57,1.1679138
47.93,-128.58,1.1679138
47.93,-128.58,1.1679138
47.93,-128.58,1.1679138
47.93,-128.58,1.1679138
47.93,-128.59,1.1679138
47.93,-128.59,1.1679138
47.93,-128.59,1.1679138
47.93,-128.59,1.1679138
47.93,-128.59,1.1679138
47.93,-128.59,1.1679138
47.93,-128.59,1.1679138
47.93,-128.6,1.1679138
47.93,-128.6,1.1679138
47.93,-128.6,1.1679138
47.93,-128.6,1.1679138
47.93,-128.6,1.1679138
47.93,-128.6,1.1679138
47.93,-128.6,1.1679138
47.93,-128.6,1.1679138
47.93,-128.61,1.1679138
47.93,-128.61,1.1679138
47.93,-128.61,1.1679138
47.93,-128.61,1.1679138
47.93,-128.61,1.1679138
47.93,-128.61,1.1679138
47.93,-128.61,1.1679138
47.93,-128.61,1.1679138
47.93,-128.61,1.1679138
47.94,-128.61,1.1679138
47.94,-128.62,1.1679138
47.94,-128.62,1.1679138
47.94,-128.62,1.1679138
47.94,-128.62,1.1679138
47.94,-128.62,1.1679138
47.94,-128.62,1.1679138
47.94,-128.63,1.1679138
47.94,-128.63,1.1679138
47.94,-128.63,1.1679138
47.94,-128.63,1.1679138
47.94,-128.63,1.1679138
47.94,-128.63,1.1679138
47.94,-128.63,1.1679138
47.94,-128.63,1.1679138
47.94,-128.63,1.1679138
47.94,-128.64,1.1679138
47.91,-128.55,1.1679138
47.91,-128.55,1.1679138
47.91,-128.55,1.1679138
47.91,-128.55,1.1679138
47.91,-128.56,1.1679138
47.91,-128.56,1.1679138
47.91,-128.56,1.1679138
47.91,-128.56,1.1679138
47.91,-128.57,1.1679138
47.91,-128.57,1.1679138
47.91,-128.57,1.1679138
47.91,-128.57,1.1679138
47.91,-128.58,1.1679138
47.91,-128.58,1.1679138
47.91,-128.58,1.1679138
47.91,-128.59,1.1679138
47.91,-128.59,1.1679138
47.91,-128.59,1.1679138
47.91,-128.59,1.1679138
47.92,-128.6,1.1679138
47.92,-128.6,1.1679138
47.92,-128.6,1.1679138
47.92,-128.6,1.1679138
47.72,-127.79,3.251128
47.71,-127.79,3.251128
47.72,-127.79,3.251128
47.72,-127.79,3.251128
47.72,-127.78,3.251128
47.72,-127.78,3.251128
47.72,-127.78,3.251128
47.72,-127.78,3.251128
47.72,-127.78,3.251128
47.72,-127.78,3.251128
47.73,-127.78,3.251128
47.73,-127.78,3.251128
47.73,-127.78,3.251128
47.73,-127.78,3.251128
47.73,-127.77,3.251128
47.73,-127.77,3.251128
47.74,-127.77,3.251128
47.74,-127.77,3.251128
47.69,-127.76,3.251128
47.69,-127.76,3.251128
47.69,-127.76,3.251128
47.69,-127.77,3.251128
47.69,-127.77,3.251128
47.69,-127.77,3.251128
47.69,-127.78,3.251128
47.69,-127.78,3.251128
47.69,-127.78,3.251128
47.69,-127.79,3.251128
47.69,-127.79,3.251128
47.69,-127.79,3.251128
47.69,-127.8,3.251128
47.7,-127.8,3.251128
47.7,-127.8,3.251128
47.7,-127.81,3.251128
47.7,-127.81,3.251128
47.72,-127.74,3.4946105
47.72,-127.75,3.251128
47.72,-127.75,3.251128
47.72,-127.76,3.251128
47.72,-127.76,3.251128
47.72,-127.77,3.251128
47.72,-127.77,3.251128
47.72,-127.77,3.251128
47.72,-127.78,3.251128
47.72,-127.78,3.251128
47.73,-127.78,3.251128
47.73,-127.78,3.251128
47.73,-127.79,3.251128
47.73,-127.79,3.251128
47.73,-127.79,3.251128
47.73,-127.8,3.251128
47.73,-127.8,3.251128
47.73,-127.8,3.251128
47.73,-127.81,3.251128
47.73,-127.81,3.251128
47.73,-127.81,3.251128
47.73,-127.82,3.251128
47.73,-127.82,3.251128
47.73,-127.73,3.4946105
47.73,-127.74,3.4946105
47.74,-127.74,3.4946105
47.74,-127.75,3.251128
47.74,-127.75,3.251128
47.74,-127.75,3.251128
47.74,-127.76,3.251128
47.74,-127.76,3.251128
47.74,-127.77,3.251128
47.74,-127.77,3.251128
47.74,-127.77,3.251128
47.74,-127.78,3.251128
47.74,-127.78,3.251128
47.74,-127.78,3.251128
47.74,-127.78,3.251128
47.75,-127.79,3.251128
47.75,-127.79,3.251128
47.75,-127.8,3.251128
47.75,-127.8,3.251128
47.75,-127.8,3.251128
47.75,-127.81,3.251128
47.75,-127.81,3.251128
47.75,-127.81,3.251128
47.75,-127.82,3.251128
47.75,-127.82,3.251128
47.75,-127.82,3.251128
47.75,-127.83,3.251128
47.69,-127.78,3.251128
47.69,-127.78,3.251128
47.69,-127.78,3.251128
47.69,-127.78,3.251128
47.69,-127.79,3.251128
47.69,-127.79,3.251128
47.69,-127.79,3.251128
47.69,-127.79,3.251128
47.69,-127.8,3.251128
47.69,-127.8,3.251128
47.69,-127.8,3.251128
47.69,-127.8,3.251128
47.69,-127.81,3.251128
47.69,-127.81,3.251128
47.69,-127.81,3.251128
47.69,-127.8,3.251128
47.69,-127.8,3.251128
47.7,-127.79,3.251128
47.7,-127.79,3.251128
47.7,-127.79,3.251128
47.7,-127.75,3.251128
47.7,-127.75,3.251128
47.7,-127.75,3.251128
47.7,-127.75,3.251128
47.7,-127.76,3.251128
47.7,-127.76,3.251128
47.7,-127.76,3.251128
47.7,-127.77,3.251128
47.71,-127.77,3.251128
47.71,-127.77,3.251128
47.71,-127.77,3.251128
47.71,-127.78,3.251128
47.71,-127.78,3.251128
47.71,-127.78,3.251128
47.71,-127.78,3.251128
47.71,-127.79,3.251128
47.71,-127.8,3.251128
47.71,-127.8,3.251128
47.71,-127.8,3.251128
47.71,-127.8,3.251128
47.71,-127.81,3.251128
47.72,-127.81,3.251128
47.72,-127.81,3.251128
47.72,-127.81,3.251128
47.72,-127.82,3.251128
47.72,-127.82,3.251128
47.71,-127.77,3.251128
47.71,-127.77,3.251128
47.71,-127.79,3.251128
47.71,-127.79,3.251128
47.71,-127.78,3.251128
47.71,-127.78,3.251128
47.71,-127.78,3.251128
47.71,-127.77,3.251128
47.71,-127.76,3.251128
47.71,-127.76,3.251128
47.71,-127.76,3.251128
47.71,-127.76,3.251128
47.71,-127.76,3.251128
47.72,-127.76,3.251128
47.72,-127.76,3.251128
47.72,-127.76,3.251128
47.72,-127.76,3.251128
47.72,-127.76,3.251128
47.72,-127.76,3.251128
47.73,-127.75,3.251128
47.73,-127.75,3.251128
47.73,-127.75,3.251128
47.72,-127.64,3.5783212
47.72,-127.64,3.5783212
47.72,-127.64,3.5783212
47.72,-127.65,3.4946105
47.72,-127.65,3.4946105
47.72,-127.66,3.4946105
47.72,-127.66,3.4946105
47.72,-127.67,3.4946105
47.72,-127.68,3.4946105
47.72,-127.68,3.4946105
47.73,-127.69,3.4946105
47.73,-127.69,3.4946105
47.73,-127.7,3.4946105
47.73,-127.7,3.4946105
47.73,-127.7,3.4946105
47.73,-127.71,3.4946105
47.73,-127.71,3.4946105
47.73,-127.71,3.4946105
47.73,-127.72,3.4946105
47.73,-127.72,3.4946105
47.73,-127.72,3.4946105
47.71,-127.8,3.251128
47.71,-127.8,3.251128
47.71,-127.8,3.251128
47.71,-127.8,3.251128
47.71,-127.8,3.251128
47.71,-127.79,3.251128
47.71,-127.79,3.251128
47.71,-127.79,3.251128
47.71,-127.79,3.251128
47.71,-127.79,3.251128
47.71,-127.79,3.251128
47.71,-127.79,3.251128
47.71,-127.79,3.251128
47.71,-127.78,3.251128
47.71,-127.78,3.251128
47.71,-127.78,3.251128
47.71,-127.78,3.251128
47.71,-127.78,3.251128
47.71,-127.78,3.251128
47.71,-127.78,3.251128
47.71,-127.78,3.251128
47.71,-127.78,3.251128
47.71,-127.77,3.251128
47.71,-127.77,3.251128
47.72,-127.78,3.251128
47.72,-127.78,3.251128
47.72,-127.78,3.251128
47.72,-127.78,3.251128
47.72,-127.78,3.251128
47.72,-127.78,3.251128
47.72,-127.78,3.251128
47.72,-127.78,3.251128
47.72,-127.79,3.251128
47.7,-127.78,3.251128
47.7,-127.78,3.251128
47.7,-127.78,3.251128
47.7,-127.78,3.251128
47.7,-127.78,3.251128
47.7,-127.78,3.251128
47.7,-127.78,3.251128
47.7,-127.78,3.251128
47.7,-127.78,3.251128
47.71,-127.78,3.251128
47.7,-127.79,3.251128
47.71,-127.79,3.251128
47.71,-127.79,3.251128
47.71,-127.79,3.251128
47.71,-127.79,3.251128
47.71,-127.79,3.251128
47.72,-127.79,3.251128
47.72,-127.79,3.251128
47.72,-127.79,3.251128
47.72,-127.79,3.251128
47.72,-127.79,3.251128
47.72,-127.79,3.251128
47.72,-127.79,3.251128
47.72,-127.79,3.251128
47.72,-127.79,3.251128
47.72,-127.79,3.251128
47.72,-127.79,3.251128
47.72,-127.79,3.251128
47.72,-127.79,3.251128
47.72,-127.78,3.251128
47.72,-127.78,3.251128
47.71,-127.77,3.251128
47.71,-127.78,3.251128
47.71,-127.78,3.251128
47.71,-127.78,3.251128
47.71,-127.78,3.251128
47.71,-127.78,3.251128
47.71,-127.78,3.251128
47.71,-127.78,3.251128
47.71,-127.78,3.251128
47.71,-127.78,3.251128
47.71,-127.78,3.251128
47.71,-127.78,3.251128
47.71,-127.78,3.251128
47.71,-127.79,3.251128
47.71,-127.79,3.251128
47.71,-127.79,3.251128
47.71,-127.79,3.251128
47.71,-127.79,3.251128
47.71,-127.79,3.251128
47.71,-127.79,3.251128
47.71,-127.79,3.251128
47.71,-127.8,3.251128
47.71,-127.8,3.251128
47.71,-127.8,3.251128
47.71,-127.8,3.251128
47.72,-127.8,3.251128
47.71,-127.8,3.251128
47.72,-127.79,3.251128
47.71,-127.79,3.251128
47.71,-127.79,3.251128
47.71,-127.78,3.251128
47.71,-127.78,3.251128
47.71,-127.78,3.251128
47.71,-127.78,3.251128
47.71,-127.78,3.251128
47.71,-127.78,3.251128
47.71,-127.79,3.251128
47.71,-127.79,3.251128
47.72,-127.78,3.251128
47.72,-127.78,3.251128
47.72,-127.78,3.251128
47.72,-127.78,3.251128
47.72,-127.78,3.251128
47.72,-127.78,3.251128
47.72,-127.78,3.251128
47.72,-127.78,3.251128
47.72,-127.79,3.251128
47.72,-127.78,3.251128
47.72,-127.78,3.251128
47.72,-127.78,3.251128
47.72,-127.78,3.251128
47.72,-127.78,3.251128
47.72,-127.78,3.251128
47.72,-127.78,3.251128
47.72,-127.78,3.251128
47.72,-127.78,3.251128
47.72,-127.77,3.251128
47.72,-127.79,3.251128
47.72,-127.78,3.251128
47.72,-127.79,3.251128
47.72,-127.79,3.251128
47.71,-127.79,3.251128
47.71,-127.79,3.251128
47.71,-127.79,3.251128
47.71,-127.79,3.251128
47.72,-127.79,3.251128
47.93,-128.59,1.1679138
47.93,-128.6,1.1679138
47.93,-128.6,1.1679138
47.93,-128.6,1.1679138
47.93,-128.6,1.1679138
47.93,-128.6,1.1679138
47.93,-128.6,1.1679138
47.93,-128.6,1.1679138
47.93,-128.6,1.1679138
47.93,-128.61,1.1679138
47.93,-128.61,1.1679138
47.94,-128.61,1.1679138
47.94,-128.61,1.1679138
47.94,-128.61,1.1679138
47.94,-128.61,1.1679138
47.94,-128.61,1.1679138
47.94,-128.62,1.1679138
47.94,-128.62,1.1679138
47.94,-128.62,1.1679138
47.94,-128.62,1.1679138
47.94,-128.62,1.1679138
47.94,-128.62,1.1679138
47.94,-128.62,1.1679138
47.94,-128.62,1.1679138
47.94,-128.63,1.1679138
47.94,-128.63,1.1679138
47.94,-128.63,1.1679138
47.94,-128.63,1.1679138
47.94,-128.63,1.1679138
47.94,-128.63,1.1679138
47.94,-128.63,1.1679138
47.94,-128.63,1.1679138
47.94,-128.64,1.1679138
47.94,-128.64,1.1679138
47.94,-128.64,1.1679138
47.94,-128.64,1.1679138
47.94,-128.59,1.1679138
47.94,-128.59,1.1679138
47.94,-128.59,1.1679138
47.94,-128.59,1.1679138
47.94,-128.59,1.1679138
47.94,-128.59,1.1679138
47.94,-128.59,1.1679138
47.94,-128.6,1.1679138
47.94,-128.6,1.1679138
47.94,-128.6,1.1679138
47.94,-128.6,1.1679138
47.94,-128.6,1.1679138
47.94,-128.6,1.1679138
47.94,-128.6,1.1679138
47.94,-128.61,1.1679138
47.94,-128.61,1.1679138
47.95,-128.61,0.97481376
47.95,-128.61,0.97481376
47.95,-128.61,0.97481376
47.95,-128.61,0.97481376
47.95,-128.61,0.97481376
47.95,-128.62,0.97481376
47.95,-128.62,0.97481376
47.95,-128.62,0.97481376
47.95,-128.62,0.97481376
47.95,-128.62,0.97481376
47.95,-128.62,0.97481376
47.95,-128.62,0.97481376
47.95,-128.62,0.97481376
47.95,-128.63,0.97481376
47.95,-128.63,0.97481376
47.95,-128.63,0.97481376
47.95,-128.63,0.97481376
47.95,-128.63,0.97481376
47.95,-128.63,0.97481376
47.95,-128.63,0.97481376
47.95,-128.64,0.97481376
47.95,-128.64,0.97481376
47.95,-128.64,0.97481376
47.95,-128.64,0.97481376
47.95,-128.64,0.97481376
47.95,-128.64,0.97481376
47.95,-128.64,0.97481376
47.95,-128.64,0.97481376
47.95,-128.65,0.74019408
47.95,-128.65,0.74019408
47.95,-128.58,0.97481376
47.95,-128.58,0.97481376
47.95,-128.58,0.97481376
47.95,-128.59,0.97481376
47.95,-128.59,0.97481376
47.95,-128.59,0.97481376
47.95,-128.59,0.97481376
47.95,-128.59,0.97481376
47.95,-128.59,0.97481376
47.95,-128.59,0.97481376
47.95,-128.6,0.97481376
47.95,-128.6,0.97481376
47.95,-128.6,0.97481376
47.95,-128.6,0.97481376
47.95,-128.6,0.97481376
47.95,-128.6,0.97481376
47.95,-128.6,0.97481376
47.95,-128.61,0.97481376
47.96,-128.57,0.97481376
47.96,-128.57,0.97481376
47.96,-128.57,0.97481376
47.96,-128.58,0.97481376
47.96,-128.58,0.97481376
47.96,-128.58,0.97481376
47.96,-128.58,0.97481376
47.96,-128.59,0.97481376
47.96,-128.59,0.97481376
47.89,-128.67,0.91232389
47.89,-128.67,0.91232389
47.89,-128.67,0.91232389
47.89,-128.68,0.91232389
47.89,-128.68,0.91232389
47.9,-128.69,0.91232389
47.9,-128.69,0.91232389
47.9,-128.69,0.91232389
47.9,-128.7,0.91232389
47.9,-128.7,0.91232389
47.9,-128.71,0.91232389
47.9,-128.71,0.91232389
47.9,-128.71,0.91232389
47.9,-128.72,0.91232389
47.9,-128.72,0.91232389
47.9,-128.72,0.91232389
47.9,-128.73,0.91232389
47.9,-128.73,0.91232389
47.91,-128.74,0.91232389
47.91,-128.74,0.91232389
47.91,-128.75,0.66285837
47.91,-128.75,0.66285837
47.91,-128.76,0.66285837
47.91,-128.76,0.66285837
47.91,-128.76,0.66285837
47.91,-128.77,0.66285837
47.91,-128.77,0.66285837
47.91,-128.78,0.66285837
47.91,-128.78,0.66285837
47.92,-128.78,0.66285837
47.92,-128.79,0.66285837
47.92,-128.79,0.66285837
47.92,-128.79,0.66285837
47.92,-128.8,0.66285837
47.92,-128.81,0.66285837
47.92,-128.82,0.66285837
47.92,-128.82,0.66285837
47.92,-128.82,0.66285837
47.92,-128.82,0.66285837
47.92,-128.82,0.66285837
47.92,-128.82,0.66285837
47.92,-128.82,0.66285837
47.92,-128.83,0.66285837
47.92,-128.83,0.66285837
47.92,-128.83,0.66285837
47.92,-128.83,0.66285837
47.92,-128.83,0.66285837
47.93,-128.83,0.66285837
47.93,-128.83,0.66285837
47.93,-128.84,0.66285837
47.94,-128.57,1.1679138
47.94,-128.57,1.1679138
47.94,-128.58,1.1679138
47.94,-128.58,1.1679138
47.94,-128.58,1.1679138
47.94,-128.58,1.1679138
47.94,-128.58,1.1679138
47.94,-128.58,1.1679138
47.94,-128.58,1.1679138
47.94,-128.58,1.1679138
47.93,-128.57,1.1679138
47.86,-128.49,1.414219
47.86,-128.5,1.414219
47.86,-128.5,1.414219
47.86,-128.51,1.414219
47.86,-128.51,1.414219
47.86,-128.51,1.414219
47.86,-128.51,1.414219
47.86,-128.52,1.414219
47.86,-128.52,1.414219
47.86,-128.52,1.414219
47.86,-128.52,1.414219
47.86,-128.53,1.414219
47.86,-128.53,1.414219
47.86,-128.53,1.414219
47.86,-128.53,1.414219
47.86,-128.54,1.414219
47.86,-128.54,1.414219
47.87,-128.54,1.414219
47.87,-128.54,1.414219
47.87,-128.55,1.1679138
47.87,-128.55,1.1679138
47.87,-128.55,1.1679138
47.87,-128.55,1.1679138
47.87,-128.56,1.1679138
47.87,-128.56,1.1679138
47.87,-128.56,1.1679138
47.87,-128.56,1.1679138
47.87,-128.57,1.1679138
47.87,-128.57,1.1679138
47.87,-128.57,1.1679138
47.87,-128.57,1.1679138
47.87,-128.58,1.1679138
47.87,-128.58,1.1679138
47.87,-128.58,1.1679138
47.87,-128.59,1.1679138
47.87,-128.59,1.1679138
47.88,-128.59,1.1679138
47.88,-128.59,1.1679138
47.88,-128.6,1.1679138
47.88,-128.6,1.1679138
47.88,-128.6,1.1679138
47.88,-128.6,1.1679138
47.88,-128.61,1.1679138
47.88,-128.61,1.1679138
47.88,-128.61,1.1679138
47.88,-128.62,1.1679138
47.88,-128.62,1.1679138
47.88,-128.63,1.1679138
47.88,-128.63,1.1679138
47.89,-128.64,1.1679138
47.89,-128.64,1.1679138
47.89,-128.64,1.1679138
47.89,-128.65,0.91232389
47.89,-128.65,0.91232389
47.89,-128.66,0.91232389
47.89,-128.66,0.91232389
47.92,-128.79,0.66285837
47.92,-128.79,0.66285837
47.92,-128.8,0.66285837
47.92,-128.8,0.66285837
47.92,-128.81,0.66285837
47.92,-128.81,0.66285837
47.92,-128.81,0.66285837
47.92,-128.81,0.66285837
47.92,-128.81,0.66285837
47.92,-128.81,0.66285837
47.75,-127.71,3.4946105
47.75,-127.72,3.4946105
47.75,-127.72,3.4946105
47.75,-127.72,3.4946105
47.76,-127.72,3.3711357
47.76,-127.73,3.3711357
47.76,-127.73,3.3711357
47.76,-127.73,3.3711357
47.76,-127.73,3.3711357
47.76,-127.74,3.3711357
47.76,-127.74,3.3711357
47.76,-127.74,3.3711357
47.76,-127.74,3.3711357
47.76,-127.75,3.1612465
47.76,-127.75,3.1612465
47.76,-127.75,3.1612465
47.76,-127.75,3.1612465
47.76,-127.76,3.1612465
47.76,-127.76,3.1612465
47.76,-127.76,3.1612465
47.76,-127.77,3.1612465
47.76,-127.77,3.1612465
47.76,-127.77,3.1612465
47.77,-127.77,3.1612465
47.77,-127.78,3.1612465
47.77,-127.78,3.1612465
47.77,-127.78,3.1612465
47.77,-127.78,3.1612465
47.77,-127.79,3.1612465
47.77,-127.79,3.1612465
47.77,-127.79,3.1612465
47.77,-127.7,3.3711357
47.77,-127.7,3.3711357
47.77,-127.7,3.3711357
47.77,-127.7,3.3711357
47.77,-127.71,3.3711357
47.77,-127.71,3.3711357
47.77,-127.71,3.3711357
47.77,-127.71,3.3711357
47.77,-127.72,3.3711357
47.77,-127.72,3.3711357
47.77,-127.72,3.3711357
47.77,-127.72,3.3711357
47.78,-127.73,3.3711357
47.78,-127.73,3.3711357
47.78,-127.73,3.3711357
47.78,-127.73,3.3711357
47.78,-127.73,3.3711357
47.78,-127.73,3.3711357
47.78,-127.73,3.3711357
47.78,-127.73,3.3711357
47.78,-127.74,3.3711357
47.78,-127.74,3.3711357
47.78,-127.74,3.3711357
47.78,-127.74,3.3711357
47.78,-127.74,3.3711357
47.78,-127.74,3.3711357
47.78,-127.74,3.3711357
47.78,-127.75,3.1612465
47.78,-127.75,3.1612465
47.78,-127.75,3.1612465
47.78,-127.75,3.1612465
47.78,-127.75,3.1612465
47.78,-127.75,3.1612465
47.78,-127.75,3.1612465
47.78,-127.76,3.1612465
47.78,-127.76,3.1612465
47.78,-127.76,3.1612465
47.78,-127.76,3.1612465
47.78,-127.76,3.1612465
47.78,-127.76,3.1612465
47.78,-127.76,3.1612465
47.78,-127.77,3.1612465
47.78,-127.77,3.1612465
47.79,-127.77,3.1612465
47.79,-127.77,3.1612465
47.79,-127.78,3.1612465
47.79,-127.78,3.1612465
47.79,-127.78,3.1612465
47.79,-127.78,3.1612465
47.79,-127.79,3.1612465
47.79,-127.79,3.1612465
47.79,-127.79,3.1612465
47.79,-127.79,3.1612465
47.79,-127.8,3.1612465
47.79,-127.8,3.1612465
47.76,-127.75,3.1612465
47.76,-127.75,3.1612465
47.76,-127.75,3.1612465
47.76,-127.75,3.1612465
47.76,-127.75,3.1612465
47.76,-127.76,3.1612465
47.76,-127.76,3.1612465
47.76,-127.76,3.1612465
47.76,-127.76,3.1612465
47.76,-127.76,3.1612465
47.76,-127.76,3.1612465
47.76,-127.76,3.1612465
47.76,-127.76,3.1612465
47.76,-127.77,3.1612465
47.76,-127.77,3.1612465
47.76,-127.77,3.1612465
47.76,-127.77,3.1612465
47.76,-127.77,3.1612465
47.77,-127.77,3.1612465
47.77,-127.77,3.1612465
47.77,-127.77,3.1612465
47.77,-127.79,3.1612465
47.77,-127.79,3.1612465
47.77,-127.79,3.1612465
47.77,-127.8,3.1612465
47.77,-127.8,3.1612465
47.77,-127.8,3.1612465
47.77,-127.8,3.1612465
47.77,-127.81,3.1612465
47.77,-127.81,3.1612465
47.77,-127.81,3.1612465
47.77,-127.81,3.1612465
49.83,-120.83,9.2849312
49.83,-120.8,9.2849312
49.82,-120.71,9.2849312
49.84,-120.61,9.2849312
49.71,-120.44,9.2849312
49.74,-120.41,9.2849312
49.78,-120.49,9.2849312
49.81,-120,9.2849312
49.67,-119.25,9.2849312
49.7,-119.21,9.2849312
49.73,-119.16,9.2849312
49.79,-119.1,9.2849312
49.96,-119.79,9.2849312
49.57,-119.65,9.2849312
49.01,-128.54,2.9651117
49.01,-128.54,2.9651117
48.33,-129.5,1.0923868
48.71,-129.33,1.0676979
48.81,-128.53,1.6490558
48.7,-128.64,0.59841609
48.82,-128.75,0.68546021
48.82,-128.75,0.68546021
48.82,-128.75,0.68546021
48.33,-128.65,0.80387408
48.36,-128.57,1.033847
48.39,-128.44,1.3642263
48.36,-128.25,1.6470286
48.48,-128.27,1.6329716
48.46,-128.45,1.3784287
48.46,-128.56,0.8665905
48.46,-128.67,0.59159386
48.46,-128.67,0.59159386
48.46,-128.67,0.59159386
48.45,-128.81,0.34311613
48.45,-128.81,0.34311613
48.45,-128.81,0.34311613
48.47,-128.99,0.2075969
48.47,-129.08,0.41323298
48.47,-129.22,0.6946314
48.55,-129.45,1.1500742
48.53,-129.34,0.93639433
48.55,-129.23,0.6946314
48.55,-128.93,0.15120271
48.55,-128.67,0.59159386
48.55,-128.67,0.59159386
48.55,-128.67,0.59159386
48.56,-128.69,0.44956386
48.56,-128.69,0.44956386
48.56,-128.69,0.44956386
48.56,-128.54,0.96464723
48.57,-128.39,1.2363625
48.56,-128.28,1.5076998
48.64,-128.26,1.5076998
48.67,-128.43,1.2233963
48.66,-128.5,0.88008928
48.65,-128.68,0.44956386
48.65,-128.68,0.44956386
48.65,-128.68,0.44956386
48.64,-129.47,1.3595402
48.72,-129.49,1.4873363
48.82,-129.51,1.4191555
49.03,-129.49,0.30543268
49.03,-129.36,0.60623562
49.03,-129.21,1.1776359
49,-129.12,1.4348531
49.01,-128.83,2.2600608
49.03,-128.69,2.5147243
49.01,-128.41,3.2341127
49.01,-128.41,3.2341127
49.02,-128.27,3.4966569
49.02,-128.27,3.4966569
49.09,-128.26,3.8800023
49.09,-128.26,3.8800023
48.47,-129.4,1.1500742
48.34,-128.97,0.12862568
48.36,-128.81,0.53057241
48.54,-129.08,0.41323298
48.65,-129.08,0.54729426
48.63,-129,0.29284939
48.69,-129.08,0.52265346
48.8,-129.11,0.14601907
48.91,-129.07,0.62740594
48.83,-128.94,0.31936482
48.71,-128.91,0.24071789
48.7,-128.76,0.14280756
48.7,-128.76,0.14280756
48.7,-128.76,0.14280756
48.82,-128.79,0.68546021
48.82,-128.79,0.68546021
48.82,-128.79,0.68546021
49,-128.92,2.0014477
49.07,-128.92,2.6050727
49.07,-128.92,2.6050727
48.89,-128.94,1.2405514
48.89,-128.8,1.5536753
48.89,-128.8,1.5536753
48.89,-128.8,1.5536753
48.9,-128.7,1.8434017
48.9,-128.7,1.8434017
48.9,-128.7,1.8434017
48.72,-128.25,1.5736516
48.71,-128.4,1.2233963
48.71,-128.54,0.88008928
48.7,-128.67,0.33493531
48.7,-128.67,0.33493531
48.7,-128.67,0.33493531
48.65,-129.22,0.81750315
48.64,-129.3,1.0900034
48.71,-129.19,0.7853657
48.8,-129.22,0.54567164
48.9,-129.19,0.37818527
48.82,-129.32,0.79428655
48.91,-129.43,0.2667374
48.91,-129.31,0.1802076
49.08,-129.46,1.125061
49.08,-129.46,1.125061
49.08,-129.35,1.6374265
49.08,-129.35,1.6374265
49.18,-129.49,1.7575538
49.18,-129.49,1.7575538
49.17,-129.33,2.1800005
49.17,-129.33,2.1800005
49.19,-129.21,2.3781426
49.19,-129.21,2.3781426
49.09,-129.2,1.8879606
49.09,-129.2,1.8879606
49.08,-129.06,2.1360242
49.08,-129.06,2.1360242
49.19,-129.06,2.577539
49.19,-129.06,2.577539
49.2,-128.95,3.0559139
49.2,-128.95,3.0559139
49.19,-128.81,3.1512382
49.19,-128.81,3.1512382
49.1,-128.79,2.8598702
49.1,-128.79,2.8598702
48.82,-128.67,1.0121025
48.82,-128.67,1.0121025
48.82,-128.67,1.0121025
48.9,-128.53,2.3829148
48.92,-128.4,2.6493433
48.91,-128.26,2.8614984
48.81,-128.24,2.5568075
48.81,-128.41,1.9969267
48.65,-128.78,0.16636826
48.65,-128.78,0.16636826
48.65,-128.78,0.16636826
49.08,-128.72,3.0358994
49.08,-128.72,3.0358994
49.08,-128.72,3.0358994
49.19,-128.72,3.2810533
49.19,-128.72,3.2810533
49.19,-128.72,3.2810533
49.18,-128.54,3.5768967
49.18,-128.54,3.5768967
49.18,-128.43,3.8025918
49.18,-128.43,3.8025918
49.18,-128.26,3.9386008
49.18,-128.26,3.9386008
49.07,-128.55,3.3163073
49.07,-128.55,3.3163073
49.07,-128.55,3.3163073
49.09,-128.55,3.3163073
49.09,-128.55,3.3163073
48.72,-128.39,1.2233963
48.7,-128.56,0.59841609
48.71,-128.61,0.59841609
48.71,-128.52,0.88008928
48.89,-128.3,2.8614984
50.26,-128.82,2.7159307
50.48,-129.53,1.2588239
50.18,-129.38,1.5338509
50.45,-129.81,1.0826941
50.32,-129.74,0.80569011
50.33,-129.73,0.80569011
50.33,-129.72,0.80569011
50.33,-129.71,0.80569011
50.33,-129.7,0.80569011
50.34,-129.7,0.80569011
50.34,-129.69,0.80569011
50.33,-129.74,0.80569011
50.35,-129.65,1.0622153
50.31,-129.75,0.80569011
50.3,-129.79,0.54671323
50.29,-129.79,0.54671323
50.28,-129.8,0.54671323
50.26,-129.83,0.54671323
50.25,-129.85,0.72064608
50.25,-129.86,0.57892931
50.47,-129.69,1.2723374
50.44,-129.73,1.0622153
50.41,-129.8,0.7868275
50.4,-129.83,0.7868275
50.52,-129.47,1.2588239
50.53,-129.45,1.2588239
50.59,-129.36,1.3816251
50.34,-129.11,1.7557638
50.39,-129.63,1.2588239
50.38,-129.65,1.0622153
50.37,-129.66,1.0622153
49.77,-128.82,2.8893144
49.78,-128.81,2.8893144
49.81,-128.78,2.8893144
49.93,-128.63,3.2735121
49.83,-128.76,2.8893144
48.47,-128.78,0.34311613
48.47,-128.8,0.34311613
48.57,-128.69,0.44956386
48.57,-128.69,0.44956386
48.57,-128.69,0.44956386
48.57,-128.7,0.44956386
48.57,-128.7,0.44956386
48.56,-128.7,0.44956386
48.56,-128.7,0.44956386
48.55,-128.71,0.59159386
48.55,-128.71,0.59159386
48.55,-128.72,0.59159386
48.54,-128.72,0.59159386
48.53,-128.72,0.59159386
48.52,-128.73,0.59159386
48.52,-128.73,0.59159386
48.51,-128.74,0.59159386
48.51,-128.74,0.59159386
48.52,-128.82,0.34311613
48.52,-128.8,0.34311613
48.53,-128.79,0.34311613
48.52,-128.78,0.34311613
48.52,-128.77,0.34311613
48.51,-128.77,0.34311613
48.5,-128.77,0.34311613
48.49,-128.76,0.34311613
48.49,-128.76,0.34311613
48.48,-128.76,0.34311613
48.47,-128.75,0.34311613
48.47,-128.75,0.34311613
48.46,-128.74,0.59159386
48.45,-128.74,0.59159386
48.45,-128.74,0.59159386
48.51,-128.78,0.34311613
48.51,-128.78,0.34311613
48.51,-128.77,0.34311613
48.51,-128.77,0.34311613
48.5,-128.76,0.34311613
48.5,-128.76,0.34311613
48.5,-128.75,0.34311613
48.49,-128.74,0.59159386
48.49,-128.73,0.59159386
48.49,-128.73,0.59159386
48.49,-128.72,0.59159386
48.48,-128.72,0.59159386
48.48,-128.71,0.59159386
48.45,-128.72,0.59159386
48.45,-128.72,0.59159386
48.46,-128.71,0.59159386
48.46,-128.71,0.59159386
48.45,-128.7,0.59159386
48.45,-128.7,0.59159386
48.44,-128.69,0.79336768
48.44,-128.69,0.79336768
48.44,-128.69,0.79336768
48.44,-128.68,0.79336768
48.43,-128.68,0.79336768
48.43,-128.68,0.79336768
48.43,-128.67,0.79336768
48.43,-128.67,0.79336768
48.43,-128.67,0.79336768
48.43,-128.66,0.79336768
48.4,-128.73,0.79336768
48.4,-128.73,0.79336768
48.4,-128.72,0.79336768
48.4,-128.72,0.79336768
48.4,-128.72,0.79336768
48.4,-128.71,0.79336768
48.4,-128.7,0.79336768
48.4,-128.7,0.79336768
48.4,-128.69,0.79336768
48.4,-128.69,0.79336768
48.39,-128.68,0.79336768
48.39,-128.68,0.79336768
48.39,-128.67,0.79336768
48.39,-128.66,0.79336768
48.39,-128.66,0.79336768
48.39,-128.65,0.79336768
48.39,-128.64,1.033847
48.39,-128.64,1.033847
48.39,-128.63,1.033847
48.39,-128.63,1.033847
48.38,-128.62,1.033847
48.38,-128.61,1.033847
48.38,-128.61,1.033847
48.4,-128.84,0.53057241
48.4,-128.83,0.53057241
48.39,-128.83,0.53057241
48.39,-128.82,0.53057241
48.39,-128.82,0.53057241
48.39,-128.81,0.53057241
48.39,-128.79,0.53057241
48.38,-128.79,0.53057241
48.39,-128.78,0.53057241
48.39,-128.77,0.53057241
48.39,-128.77,0.53057241
48.39,-128.76,0.53057241
48.39,-128.75,0.53057241
48.39,-128.73,0.79336768
48.39,-128.72,0.79336768
48.39,-128.72,0.79336768
48.39,-128.71,0.79336768
48.39,-128.71,0.79336768
48.44,-128.76,0.53057241
48.44,-128.76,0.53057241
48.44,-128.75,0.53057241
48.44,-128.75,0.53057241
48.44,-128.74,0.79336768
48.44,-128.73,0.79336768
48.44,-128.72,0.79336768
48.44,-128.72,0.79336768
48.44,-128.7,0.79336768
48.44,-128.7,0.79336768
48.44,-128.69,0.79336768
48.44,-128.69,0.79336768
48.44,-128.68,0.79336768
48.44,-128.68,0.79336768
48.44,-128.67,0.79336768
48.44,-128.66,0.79336768
48.44,-128.65,0.79336768
48.44,-128.63,1.033847
48.29,-128.69,0.80387408
48.3,-128.7,0.80387408
48.31,-128.7,0.80387408
48.32,-128.71,0.80387408
48.32,-128.71,0.80387408
48.33,-128.72,0.80387408
48.34,-128.72,0.80387408
48.34,-128.73,0.80387408
48.35,-128.73,0.79336768
48.36,-128.74,0.79336768
48.37,-128.74,0.79336768
48.37,-128.74,0.79336768
48.38,-128.75,0.53057241
48.39,-128.75,0.53057241
48.4,-128.76,0.53057241
48.29,-128.78,0.54432315
48.29,-128.78,0.54432315
48.31,-128.78,0.54432315
48.33,-128.78,0.54432315
48.33,-128.78,0.54432315
48.34,-128.78,0.54432315
48.34,-128.78,0.54432315
48.35,-128.78,0.53057241
48.35,-128.78,0.53057241
48.36,-128.8,0.53057241
48.36,-128.81,0.53057241
48.36,-128.83,0.53057241
48.36,-128.83,0.53057241
48.36,-128.83,0.53057241
48.36,-128.84,0.53057241
48.36,-128.85,0.53057241
48.37,-128.86,0.25480604
48.37,-128.87,0.25480604
48.38,-128.88,0.25480604
48.38,-128.9,0.25480604
48.35,-128.77,0.53057241
48.36,-128.77,0.53057241
48.39,-128.77,0.53057241
48.41,-128.73,0.79336768
48.42,-128.73,0.79336768
48.41,-128.74,0.79336768
48.41,-128.75,0.53057241
48.42,-128.75,0.53057241
48.42,-128.77,0.53057241
48.42,-128.77,0.53057241
48.42,-128.78,0.53057241
48.42,-128.78,0.53057241
48.42,-128.79,0.53057241
48.42,-128.79,0.53057241
48.43,-128.8,0.53057241
48.43,-128.8,0.53057241
48.43,-128.81,0.53057241
48.43,-128.82,0.53057241
48.43,-128.83,0.53057241
48.43,-128.84,0.53057241
48.43,-128.85,0.53057241
48.43,-128.85,0.53057241
48.43,-128.85,0.53057241
48.43,-128.86,0.25480604
48.44,-128.76,0.53057241
48.44,-128.76,0.53057241
48.44,-128.77,0.53057241
48.44,-128.78,0.53057241
48.45,-128.78,0.34311613
48.45,-128.79,0.34311613
48.45,-128.79,0.34311613
48.46,-128.8,0.34311613
48.46,-128.81,0.34311613
48.46,-128.82,0.34311613
48.46,-128.82,0.34311613
48.46,-128.83,0.34311613
48.46,-128.84,0.34311613
48.46,-128.85,0.34311613
48.47,-128.86,0.15120271
48.47,-128.57,0.8665905
48.47,-128.58,0.8665905
48.47,-128.58,0.8665905
48.47,-128.59,0.8665905
48.47,-128.59,0.8665905
48.47,-128.6,0.8665905
48.47,-128.6,0.8665905
48.48,-128.61,0.8665905
48.48,-128.62,0.8665905
48.48,-128.62,0.8665905
48.48,-128.63,0.8665905
48.48,-128.63,0.8665905
48.48,-128.63,0.8665905
48.48,-128.64,0.8665905
48.48,-128.65,0.59159386
48.45,-128.61,0.8665905
48.46,-128.61,0.8665905
48.46,-128.62,0.8665905
48.46,-128.62,0.8665905
48.45,-128.63,0.8665905
48.45,-128.63,0.8665905
48.45,-128.63,0.8665905
48.45,-128.63,0.8665905
48.45,-128.64,0.8665905
48.45,-128.64,0.8665905
48.45,-128.65,0.59159386
48.45,-128.65,0.59159386
48.45,-128.65,0.59159386
48.45,-128.65,0.59159386
48.45,-128.66,0.59159386
48.43,-128.73,0.79336768
48.44,-128.73,0.79336768
48.44,-128.73,0.79336768
48.45,-128.73,0.59159386
48.45,-128.72,0.59159386
48.46,-128.72,0.59159386
48.46,-128.71,0.59159386
48.47,-128.71,0.59159386
48.47,-128.71,0.59159386
48.47,-128.7,0.59159386
48.47,-128.7,0.59159386
48.48,-128.7,0.59159386
48.48,-128.7,0.59159386
48.48,-128.69,0.59159386
48.49,-128.69,0.59159386
48.49,-128.69,0.59159386
48.5,-128.69,0.59159386
48.5,-128.69,0.59159386
48.51,-128.69,0.59159386
48.51,-128.68,0.59159386
48.45,-128.65,0.59159386
48.45,-128.66,0.59159386
48.45,-128.66,0.59159386
48.45,-128.66,0.59159386
48.45,-128.67,0.59159386
48.45,-128.67,0.59159386
48.45,-128.68,0.59159386
48.45,-128.68,0.59159386
48.45,-128.69,0.59159386
48.45,-128.69,0.59159386
48.46,-128.7,0.59159386
48.46,-128.7,0.59159386
48.46,-128.7,0.59159386
48.46,-128.71,0.59159386
48.46,-128.71,0.59159386
48.46,-128.71,0.59159386
48.46,-128.71,0.59159386
48.46,-128.72,0.59159386
48.47,-128.72,0.59159386
48.47,-128.72,0.59159386
48.47,-128.71,0.59159386
48.47,-128.71,0.59159386
48.47,-128.71,0.59159386
48.47,-128.71,0.59159386
48.48,-128.7,0.59159386
48.48,-128.7,0.59159386
48.48,-128.7,0.59159386
48.48,-128.69,0.59159386
48.48,-128.68,0.59159386
48.48,-128.67,0.59159386
48.48,-128.67,0.59159386
48.47,-128.73,0.59159386
48.47,-128.73,0.59159386
48.47,-128.73,0.59159386
48.47,-128.73,0.59159386
48.46,-128.72,0.59159386
48.46,-128.72,0.59159386
48.46,-128.71,0.59159386
48.46,-128.71,0.59159386
48.46,-128.71,0.59159386
48.46,-128.71,0.59159386
48.46,-128.71,0.59159386
48.46,-128.71,0.59159386
48.46,-128.71,0.59159386
48.46,-128.71,0.59159386
48.46,-128.71,0.59159386
48.46,-128.71,0.59159386
48.47,-128.71,0.59159386
48.47,-128.71,0.59159386
48.47,-128.71,0.59159386
48.48,-128.68,0.59159386
48.48,-128.67,0.59159386
48.47,-128.68,0.59159386
48.47,-128.68,0.59159386
48.47,-128.68,0.59159386
48.47,-128.68,0.59159386
48.46,-128.68,0.59159386
48.46,-128.68,0.59159386
48.45,-128.68,0.59159386
48.45,-128.68,0.59159386
48.45,-128.68,0.59159386
48.44,-128.68,0.79336768
48.44,-128.68,0.79336768
48.44,-128.68,0.79336768
48.44,-128.68,0.79336768
48.44,-128.68,0.79336768
48.44,-128.68,0.79336768
48.44,-128.68,0.79336768
48.44,-128.68,0.79336768
48.43,-128.68,0.79336768
48.43,-128.68,0.79336768
48.43,-128.68,0.79336768
48.42,-128.68,0.79336768
48.42,-128.68,0.79336768
48.41,-128.68,0.79336768
48.41,-128.68,0.79336768
48.4,-128.68,0.79336768
48.4,-128.68,0.79336768
48.4,-128.68,0.79336768
48.38,-128.68,0.79336768
48.38,-128.68,0.79336768
48.42,-128.72,0.79336768
48.42,-128.71,0.79336768
48.42,-128.71,0.79336768
48.43,-128.7,0.79336768
48.43,-128.69,0.79336768
48.43,-128.69,0.79336768
48.44,-128.69,0.79336768
48.44,-128.68,0.79336768
48.45,-128.67,0.59159386
48.46,-128.66,0.59159386
48.44,-128.67,0.79336768
48.44,-128.67,0.79336768
48.45,-128.67,0.59159386
48.45,-128.66,0.59159386
48.45,-128.66,0.59159386
48.44,-128.66,0.79336768
48.44,-128.66,0.79336768
48.43,-128.66,0.79336768
48.43,-128.66,0.79336768
48.43,-128.66,0.79336768
48.43,-128.66,0.79336768
48.42,-128.66,0.79336768
48.42,-128.67,0.79336768
48.41,-128.67,0.79336768
48.41,-128.67,0.79336768
48.4,-128.67,0.79336768
48.4,-128.66,0.79336768
48.4,-128.66,0.79336768
48.41,-128.65,0.79336768
48.4,-128.64,1.033847
48.4,-128.64,1.033847
48.4,-128.64,1.033847
48.49,-128.63,0.8665905
48.49,-128.63,0.8665905
48.49,-128.63,0.8665905
48.49,-128.64,0.8665905
48.48,-128.64,0.8665905
48.48,-128.64,0.8665905
48.48,-128.64,0.8665905
48.48,-128.64,0.8665905
48.48,-128.64,0.8665905
48.47,-128.64,0.8665905
48.47,-128.64,0.8665905
48.47,-128.64,0.8665905
48.46,-128.64,0.8665905
48.46,-128.64,0.8665905
48.46,-128.64,0.8665905
48.45,-128.64,0.8665905
48.45,-128.64,0.8665905
48.45,-128.64,0.8665905
48.44,-128.64,1.033847
48.44,-128.64,1.033847
48.44,-128.64,1.033847
48.44,-128.65,0.79336768
48.44,-128.65,0.79336768
48.43,-128.65,0.79336768
48.43,-128.65,0.79336768
48.43,-128.65,0.79336768
48.42,-128.65,0.79336768
48.42,-128.65,0.79336768
48.42,-128.65,0.79336768
48.42,-128.65,0.79336768
48.41,-128.65,0.79336768
48.41,-128.66,0.79336768
48.41,-128.66,0.79336768
48.41,-128.66,0.79336768
48.43,-128.69,0.79336768
48.43,-128.69,0.79336768
48.43,-128.69,0.79336768
48.43,-128.69,0.79336768
48.43,-128.68,0.79336768
48.43,-128.68,0.79336768
48.43,-128.68,0.79336768
48.43,-128.67,0.79336768
48.43,-128.66,0.79336768
48.43,-128.66,0.79336768
48.42,-128.65,0.79336768
48.42,-128.65,0.79336768
48.42,-128.59,1.033847
48.42,-128.6,1.033847
48.42,-128.6,1.033847
48.42,-128.6,1.033847
48.42,-128.61,1.033847
48.42,-128.61,1.033847
48.42,-128.62,1.033847
48.42,-128.62,1.033847
48.42,-128.63,1.033847
48.42,-128.63,1.033847
48.42,-128.63,1.033847
48.42,-128.63,1.033847
48.42,-128.64,1.033847
48.42,-128.64,1.033847
48.42,-128.64,1.033847
48.42,-128.64,1.033847
48.42,-128.65,0.79336768
48.42,-128.65,0.79336768
48.42,-128.65,0.79336768
48.42,-128.65,0.79336768
48.42,-128.66,0.79336768
48.42,-128.66,0.79336768
48.42,-128.67,0.79336768
48.42,-128.67,0.79336768
48.42,-128.67,0.79336768
48.42,-128.68,0.79336768
48.42,-128.68,0.79336768
48.43,-128.68,0.79336768
48.43,-128.68,0.79336768
48.43,-128.68,0.79336768
48.43,-128.68,0.79336768
48.43,-128.68,0.79336768
48.43,-128.68,0.79336768
48.44,-128.69,0.79336768
48.44,-128.69,0.79336768
48.44,-128.69,0.79336768
48.44,-128.7,0.79336768
48.44,-128.7,0.79336768
48.44,-128.7,0.79336768
48.44,-128.71,0.79336768
48.44,-128.71,0.79336768
48.44,-128.71,0.79336768
48.44,-128.72,0.79336768
48.45,-128.71,0.59159386
48.45,-128.71,0.59159386
48.45,-128.71,0.59159386
48.45,-128.71,0.59159386
48.46,-128.71,0.59159386
48.46,-128.71,0.59159386
48.46,-128.71,0.59159386
48.47,-128.71,0.59159386
48.47,-128.7,0.59159386
48.47,-128.7,0.59159386
48.48,-128.7,0.59159386
48.47,-128.66,0.59159386
48.47,-128.66,0.59159386
48.47,-128.66,0.59159386
48.46,-128.65,0.59159386
48.46,-128.65,0.59159386
48.46,-128.65,0.59159386
48.46,-128.64,0.8665905
48.46,-128.64,0.8665905
48.46,-128.64,0.8665905
48.46,-128.63,0.8665905
48.46,-128.63,0.8665905
48.46,-128.62,0.8665905
48.46,-128.62,0.8665905
48.46,-128.62,0.8665905
48.46,-128.61,0.8665905
48.46,-128.61,0.8665905
48.45,-128.61,0.8665905
48.45,-128.6,0.8665905
48.45,-128.6,0.8665905
48.45,-128.59,0.8665905
48.45,-128.59,0.8665905
48.46,-128.63,0.8665905
48.46,-128.63,0.8665905
48.46,-128.63,0.8665905
48.46,-128.63,0.8665905
48.46,-128.64,0.8665905
48.46,-128.64,0.8665905
48.46,-128.64,0.8665905
48.46,-128.64,0.8665905
48.46,-128.65,0.59159386
48.46,-128.66,0.59159386
48.46,-128.66,0.59159386
48.46,-128.66,0.59159386
48.46,-128.67,0.59159386
48.46,-128.67,0.59159386
48.46,-128.68,0.59159386
48.46,-128.68,0.59159386
48.46,-128.69,0.59159386
48.46,-128.7,0.59159386
48.46,-128.7,0.59159386
48.46,-128.71,0.59159386
48.46,-128.71,0.59159386
48.46,-128.71,0.59159386
48.46,-128.71,0.59159386
48.46,-128.71,0.59159386
48.46,-128.71,0.59159386
48.46,-128.71,0.59159386
48.46,-128.72,0.59159386
48.46,-128.72,0.59159386
48.46,-128.72,0.59159386
48.46,-128.72,0.59159386
48.46,-128.72,0.59159386
48.46,-128.72,0.59159386
48.46,-128.71,0.59159386
48.46,-128.71,0.59159386
48.46,-128.71,0.59159386
48.46,-128.71,0.59159386
48.46,-128.7,0.59159386
48.46,-128.71,0.59159386
48.46,-128.71,0.59159386
48.46,-128.71,0.59159386
48.46,-128.71,0.59159386
48.46,-128.71,0.59159386
48.46,-128.72,0.59159386
48.46,-128.71,0.59159386
48.46,-128.71,0.59159386
48.46,-128.71,0.59159386
48.46,-128.71,0.59159386
48.46,-128.71,0.59159386
48.46,-128.71,0.59159386
47.88,-128.73,0.91232389
47.86,-128.67,0.91232389
47.86,-128.66,0.91232389
47.86,-128.66,0.91232389
47.85,-128.64,1.1679138
47.85,-128.64,1.1679138
47.85,-128.63,1.1679138
47.88,-128.72,0.91232389
47.88,-128.71,0.91232389
47.87,-128.71,0.91232389
47.87,-128.7,0.91232389
47.87,-128.7,0.91232389
47.87,-128.69,0.91232389
47.86,-128.68,0.91232389
47.86,-128.67,0.91232389
47.96,-128.81,0.50150979
47.92,-128.83,0.66285837
47.91,-128.82,0.66285837
47.9,-128.83,0.66285837
47.9,-128.83,0.66285837
47.96,-128.81,0.50150979
47.95,-128.81,0.50150979
47.94,-128.81,0.66285837
47.94,-128.81,0.66285837
47.93,-128.83,0.66285837
47.93,-128.82,0.66285837
47.93,-128.82,0.66285837
47.92,-128.82,0.66285837
47.89,-128.83,0.66285837
47.89,-128.83,0.66285837
47.88,-128.83,0.66285837
47.87,-128.83,0.66285837
47.87,-128.84,0.66285837
47.86,-128.84,0.66285837
47.99,-128.79,0.50150979
47.99,-128.8,0.50150979
47.98,-128.79,0.50150979
47.98,-128.8,0.50150979
47.97,-128.8,0.50150979
47.97,-128.81,0.50150979
47.97,-128.83,0.50150979
47.96,-128.82,0.50150979
47.93,-128.85,0.66285837
47.91,-128.8,0.66285837
47.94,-128.76,0.66285837
47.94,-128.82,0.66285837
47.96,-128.83,0.50150979
47.94,-128.77,0.66285837
47.91,-128.8,0.66285837
47.94,-128.78,0.66285837
47.91,-128.79,0.66285837
47.95,-128.78,0.50150979
47.9,-128.78,0.66285837
47.95,-128.79,0.50150979
47.95,-128.81,0.50150979
47.95,-128.81,0.50150979
47.95,-128.82,0.50150979
47.92,-128.84,0.66285837
47.92,-128.84,0.66285837
47.82,-128.67,1.1115648
47.88,-128.7,0.91232389
47.88,-128.7,0.91232389
47.89,-128.7,0.91232389
47.83,-128.67,1.1115648
47.84,-128.67,1.1115648
47.84,-128.68,1.1115648
47.85,-128.68,0.91232389
47.86,-128.68,0.91232389
47.87,-128.69,0.91232389
47.87,-128.69,0.91232389
47.88,-128.69,0.91232389
47.86,-128.64,1.1679138
47.9,-128.66,0.91232389
47.9,-128.67,0.91232389
47.87,-128.64,1.1679138
47.87,-128.64,1.1679138
47.88,-128.65,0.91232389
47.88,-128.65,0.91232389
47.89,-128.65,0.91232389
47.89,-128.66,0.91232389
47.89,-128.66,0.91232389
47.89,-128.66,0.91232389
47.92,-128.83,0.66285837
47.92,-128.82,0.66285837
47.92,-128.82,0.66285837
47.92,-128.81,0.66285837
47.91,-128.81,0.66285837
47.87,-127.62,3.4528952
47.92,-127.65,3.1907601
47.92,-127.65,3.1907601
47.93,-127.65,3.1907601
47.93,-127.66,3.1907601
47.94,-127.66,3.1907601
47.94,-127.66,3.1907601
47.95,-127.66,3.0129824
47.87,-127.62,3.4528952
47.88,-127.62,3.4528952
47.88,-127.63,3.4528952
47.89,-127.63,3.4528952
47.89,-127.64,3.4528952
47.9,-127.64,3.4528952
47.9,-127.64,3.4528952
47.91,-127.64,3.4528952
47.86,-127.68,3.1907601
47.9,-127.71,3.1907601
47.91,-127.71,3.1907601
47.91,-127.71,3.1907601
47.92,-127.71,3.1907601
47.92,-127.72,3.1907601
47.93,-127.72,3.1907601
47.93,-127.72,3.1907601
47.94,-127.73,3.1907601
47.95,-127.73,3.0129824
47.86,-127.68,3.1907601
47.96,-127.74,3.0129824
47.96,-127.74,3.0129824
47.87,-127.68,3.1907601
47.87,-127.69,3.1907601
47.88,-127.69,3.1907601
47.89,-127.7,3.1907601
47.89,-127.7,3.1907601
47.89,-127.7,3.1907601
47.9,-127.7,3.1907601
47.75,-127.62,3.5783212
47.79,-127.64,3.5786738
47.8,-127.64,3.5786738
47.8,-127.65,3.3711357
47.81,-127.65,3.3711357
47.81,-127.65,3.3711357
47.82,-127.65,3.3711357
47.82,-127.66,3.3711357
47.83,-127.66,3.3711357
47.83,-127.66,3.3711357
47.84,-127.67,3.3711357
47.75,-127.62,3.5783212
47.84,-127.67,3.3711357
47.85,-127.67,3.1907601
47.85,-127.67,3.1907601
47.86,-127.68,3.1907601
47.76,-127.62,3.5786738
47.76,-127.62,3.5786738
47.76,-127.63,3.5786738
47.77,-127.63,3.5786738
47.78,-127.63,3.5786738
47.78,-127.64,3.5786738
47.78,-127.64,3.5786738
47.82,-127.49,3.8465323
47.83,-127.55,3.5786738
47.83,-127.55,3.5786738
47.83,-127.56,3.5786738
47.84,-127.57,3.5786738
47.84,-127.58,3.5786738
47.84,-127.58,3.5786738
47.84,-127.59,3.5786738
47.84,-127.6,3.5786738
47.84,-127.6,3.5786738
47.84,-127.61,3.5786738
47.82,-127.49,3.8465323
47.82,-127.5,3.8465323
47.82,-127.5,3.8465323
47.82,-127.51,3.8465323
47.82,-127.51,3.8465323
47.82,-127.52,3.8465323
47.83,-127.53,3.8465323
47.83,-127.54,3.8465323
47.75,-127.22,4.6330013
47.76,-127.29,4.2658925
47.77,-127.3,4.2658925
47.77,-127.31,4.2658925
47.77,-127.33,4.2658925
47.75,-127.23,4.6330013
47.75,-127.24,4.6330013
47.75,-127.24,4.6330013
47.76,-127.25,4.2658925
47.76,-127.26,4.2658925
47.76,-127.27,4.2658925
47.76,-127.27,4.2658925
47.76,-127.28,4.2658925
47.77,-127.33,4.2658925
47.79,-127.4,4.1103892
47.79,-127.4,4.1103892
47.79,-127.41,4.1103892
47.78,-127.34,4.2658925
47.78,-127.35,4.2658925
47.78,-127.35,4.2658925
47.78,-127.36,4.1103892
47.78,-127.37,4.1103892
47.78,-127.37,4.1103892
47.78,-127.38,4.1103892
47.79,-127.39,4.1103892
47.84,-127.72,3.3711357
47.85,-127.81,2.9645884
47.85,-127.82,2.9645884
47.85,-127.82,2.9645884
47.85,-127.83,2.9645884
47.86,-127.84,2.9645884
47.86,-127.85,2.9645884
47.86,-127.86,2.6994836
47.86,-127.87,2.6994836
47.86,-127.88,2.6994836
47.86,-127.89,2.6994836
47.84,-127.74,3.3711357
47.86,-127.9,2.6994836
47.86,-127.91,2.6994836
47.84,-127.75,3.1612465
47.84,-127.76,3.1612465
47.84,-127.76,3.1612465
47.84,-127.77,3.1612465
47.85,-127.78,2.9645884
47.85,-127.79,2.9645884
47.85,-127.8,2.9645884
47.85,-127.63,3.4528952
47.86,-127.71,3.1907601
47.86,-127.71,3.1907601
47.87,-127.72,3.1907601
47.87,-127.72,3.1907601
47.87,-127.72,3.1907601
47.87,-127.73,3.1907601
47.87,-127.74,3.1907601
47.87,-127.74,3.1907601
47.85,-127.64,3.4528952
47.85,-127.65,3.1907601
47.85,-127.66,3.1907601
47.86,-127.67,3.1907601
47.86,-127.67,3.1907601
47.86,-127.68,3.1907601
47.86,-127.7,3.1907601
47.86,-127.7,3.1907601
47.86,-127.7,3.1907601
47.87,-127.73,3.1907601
47.87,-127.73,3.1907601
47.85,-127.74,3.1907601
47.85,-127.73,3.1907601
47.85,-127.73,3.1907601
47.85,-127.72,3.1907601
47.85,-127.72,3.1907601
47.85,-127.72,3.1907601
47.85,-127.72,3.1907601
47.85,-127.71,3.1907601
47.86,-127.7,3.1907601
47.85,-127.71,3.1907601
47.85,-127.7,3.1907601
47.86,-127.7,3.1907601
47.86,-127.71,3.1907601
47.86,-127.71,3.1907601
47.87,-127.72,3.1907601
47.87,-127.72,3.1907601
47.87,-127.72,3.1907601
47.87,-127.73,3.1907601
47.79,-127.85,3.1612465
47.92,-128.72,0.91232389
47.92,-128.68,0.91232389
47.91,-128.67,0.91232389
47.91,-128.67,0.91232389
47.91,-128.66,0.91232389
47.91,-128.66,0.91232389
47.91,-128.65,0.91232389
47.91,-128.65,0.91232389
47.91,-128.64,1.1679138
47.91,-128.64,1.1679138
47.9,-128.63,1.1679138
47.92,-128.72,0.91232389
47.9,-128.63,1.1679138
47.9,-128.62,1.1679138
47.92,-128.71,0.91232389
47.92,-128.71,0.91232389
47.92,-128.7,0.91232389
47.92,-128.7,0.91232389
47.92,-128.69,0.91232389
47.92,-128.69,0.91232389
47.92,-128.68,0.91232389
47.9,-128.62,1.1679138
47.89,-128.57,1.1679138
47.89,-128.57,1.1679138
47.89,-128.56,1.1679138
47.89,-128.56,1.1679138
47.89,-128.56,1.1679138
47.89,-128.55,1.1679138
47.89,-128.55,1.1679138
47.89,-128.54,1.414219
47.89,-128.54,1.414219
47.89,-128.54,1.414219
47.9,-128.61,1.1679138
47.89,-128.53,1.414219
47.89,-128.53,1.414219
47.89,-128.52,1.414219
47.88,-128.52,1.414219
47.9,-128.61,1.1679138
47.9,-128.61,1.1679138
47.9,-128.6,1.1679138
47.9,-128.59,1.1679138
47.9,-128.58,1.1679138
47.89,-128.57,1.1679138
47.92,-128.52,1.414219
47.92,-128.55,1.1679138
47.92,-128.55,1.1679138
47.92,-128.55,1.1679138
47.92,-128.55,1.1679138
47.93,-128.56,1.1679138
47.93,-128.56,1.1679138
47.93,-128.56,1.1679138
47.93,-128.56,1.1679138
47.93,-128.57,1.1679138
47.93,-128.57,1.1679138
47.92,-128.52,1.414219
47.92,-128.53,1.414219
47.92,-128.53,1.414219
47.92,-128.54,1.414219
47.92,-128.54,1.414219
47.92,-128.54,1.414219
47.92,-128.55,1.1679138
47.93,-128.58,1.1679138
47.93,-128.59,1.1679138
47.93,-128.59,1.1679138
47.93,-128.59,1.1679138
47.93,-128.59,1.1679138
47.93,-128.6,1.1679138
47.93,-128.6,1.1679138
47.93,-128.6,1.1679138
47.93,-128.6,1.1679138
47.93,-128.6,1.1679138
47.93,-128.58,1.1679138
47.93,-128.61,1.1679138
47.93,-128.61,1.1679138
47.93,-128.61,1.1679138
47.93,-128.61,1.1679138
47.93,-128.61,1.1679138
47.93,-128.58,1.1679138
47.93,-128.58,1.1679138
47.93,-128.59,1.1679138
47.93,-128.59,1.1679138
47.93,-128.59,1.1679138
47.93,-128.59,1.1679138
47.93,-128.59,1.1679138
47.93,-128.61,1.1679138
47.94,-128.62,1.1679138
47.94,-128.62,1.1679138
47.94,-128.63,1.1679138
47.94,-128.63,1.1679138
47.94,-128.63,1.1679138
47.94,-128.63,1.1679138
47.94,-128.63,1.1679138
47.94,-128.63,1.1679138
47.94,-128.63,1.1679138
47.94,-128.63,1.1679138
47.93,-128.61,1.1679138
47.94,-128.63,1.1679138
47.94,-128.63,1.1679138
47.93,-128.61,1.1679138
47.93,-128.61,1.1679138
47.94,-128.61,1.1679138
47.94,-128.62,1.1679138
47.94,-128.62,1.1679138
47.94,-128.62,1.1679138
47.94,-128.62,1.1679138
47.91,-128.55,1.1679138
47.91,-128.57,1.1679138
47.91,-128.57,1.1679138
47.91,-128.57,1.1679138
47.91,-128.57,1.1679138
47.91,-128.58,1.1679138
47.91,-128.58,1.1679138
47.91,-128.58,1.1679138
47.91,-128.59,1.1679138
47.91,-128.59,1.1679138
47.91,-128.59,1.1679138
47.91,-128.55,1.1679138
47.91,-128.59,1.1679138
47.91,-128.6,1.1679138
47.92,-128.6,1.1679138
47.92,-128.6,1.1679138
47.92,-128.6,1.1679138
47.91,-128.55,1.1679138
47.91,-128.55,1.1679138
47.91,-128.55,1.1679138
47.91,-128.56,1.1679138
47.91,-128.56,1.1679138
47.91,-128.56,1.1679138
47.72,-127.79,3.251128
47.72,-127.78,3.251128
47.72,-127.78,3.251128
47.72,-127.78,3.251128
47.73,-127.78,3.251128
47.73,-127.78,3.251128
47.73,-127.78,3.251128
47.73,-127.77,3.251128
47.73,-127.77,3.251128
47.73,-127.77,3.251128
47.74,-127.77,3.251128
47.74,-127.77,3.251128
47.72,-127.79,3.251128
47.72,-127.78,3.251128
47.72,-127.78,3.251128
47.72,-127.78,3.251128
47.72,-127.78,3.251128
47.72,-127.78,3.251128
47.72,-127.78,3.251128
47.89,-127.49,3.7126944
47.91,-127.59,3.4528952
47.91,-127.59,3.4528952
47.72,-127.82,3.251128
47.71,-127.78,3.251128
47.71,-127.78,3.251128
47.71,-127.78,3.251128
47.71,-127.78,3.251128
47.71,-127.77,3.251128
47.71,-127.77,3.251128
47.71,-127.76,3.251128
47.7,-127.75,3.251128
47.7,-127.75,3.251128
47.72,-127.8,3.251128
47.71,-127.79,3.251128
47.71,-127.79,3.251128
47.71,-127.79,3.251128
48.47,-128.78,0.34311613
48.47,-128.8,0.34311613
48.57,-128.69,0.44956386
48.57,-128.69,0.44956386
48.57,-128.69,0.44956386
48.57,-128.7,0.44956386
48.57,-128.7,0.44956386
48.56,-128.7,0.44956386
48.56,-128.7,0.44956386
48.55,-128.71,0.59159386
48.55,-128.71,0.59159386
48.55,-128.72,0.59159386
48.54,-128.72,0.59159386
48.53,-128.72,0.59159386
48.52,-128.73,0.59159386
48.52,-128.73,0.59159386
48.51,-128.74,0.59159386
48.51,-128.74,0.59159386
48.52,-128.82,0.34311613
48.52,-128.8,0.34311613
48.53,-128.79,0.34311613
48.52,-128.78,0.34311613
48.52,-128.77,0.34311613
48.51,-128.77,0.34311613
48.5,-128.77,0.34311613
48.49,-128.76,0.34311613
48.49,-128.76,0.34311613
48.48,-128.76,0.34311613
48.47,-128.75,0.34311613
48.47,-128.75,0.34311613
48.46,-128.74,0.59159386
48.45,-128.74,0.59159386
48.45,-128.74,0.59159386
48.51,-128.78,0.34311613
48.51,-128.78,0.34311613
48.51,-128.77,0.34311613
48.51,-128.77,0.34311613
48.5,-128.76,0.34311613
48.5,-128.76,0.34311613
48.5,-128.75,0.34311613
48.49,-128.74,0.59159386
48.49,-128.73,0.59159386
48.49,-128.73,0.59159386
48.49,-128.72,0.59159386
48.48,-128.72,0.59159386
48.48,-128.71,0.59159386
48.45,-128.72,0.59159386
48.45,-128.72,0.59159386
48.46,-128.71,0.59159386
48.46,-128.71,0.59159386
48.45,-128.7,0.59159386
48.45,-128.7,0.59159386
48.44,-128.69,0.79336768
48.44,-128.69,0.79336768
48.44,-128.69,0.79336768
48.44,-128.68,0.79336768
48.43,-128.68,0.79336768
48.43,-128.68,0.79336768
48.43,-128.67,0.79336768
48.43,-128.67,0.79336768
48.43,-128.67,0.79336768
48.43,-128.66,0.79336768
48.4,-128.73,0.79336768
48.4,-128.73,0.79336768
48.4,-128.72,0.79336768
48.4,-128.72,0.79336768
48.4,-128.72,0.79336768
48.4,-128.71,0.79336768
48.4,-128.7,0.79336768
48.4,-128.7,0.79336768
48.4,-128.69,0.79336768
48.4,-128.69,0.79336768
48.39,-128.68,0.79336768
48.39,-128.68,0.79336768
48.39,-128.67,0.79336768
48.39,-128.67,0.79336768
48.39,-128.66,0.79336768
48.39,-128.66,0.79336768
48.39,-128.65,0.79336768
48.39,-128.64,1.033847
48.39,-128.64,1.033847
48.39,-128.63,1.033847
48.39,-128.63,1.033847
48.38,-128.62,1.033847
48.38,-128.61,1.033847
48.38,-128.61,1.033847
48.4,-128.84,0.53057241
48.4,-128.83,0.53057241
48.39,-128.83,0.53057241
48.39,-128.82,0.53057241
48.39,-128.82,0.53057241
48.39,-128.81,0.53057241
48.39,-128.79,0.53057241
48.38,-128.79,0.53057241
48.39,-128.78,0.53057241
48.39,-128.77,0.53057241
48.39,-128.77,0.53057241
48.39,-128.76,0.53057241
48.39,-128.75,0.53057241
48.39,-128.73,0.79336768
48.39,-128.72,0.79336768
48.39,-128.72,0.79336768
48.39,-128.71,0.79336768
48.39,-128.71,0.79336768
48.44,-128.76,0.53057241
48.44,-128.76,0.53057241
48.44,-128.75,0.53057241
48.44,-128.75,0.53057241
48.44,-128.74,0.79336768
48.44,-128.73,0.79336768
48.44,-128.72,0.79336768
48.44,-128.72,0.79336768
48.44,-128.7,0.79336768
48.44,-128.7,0.79336768
48.44,-128.69,0.79336768
48.44,-128.69,0.79336768
48.44,-128.68,0.79336768
48.44,-128.68,0.79336768
48.44,-128.67,0.79336768
48.44,-128.66,0.79336768
48.44,-128.65,0.79336768
48.44,-128.63,1.033847
48.29,-128.69,0.80387408
48.3,-128.7,0.80387408
48.31,-128.7,0.80387408
48.32,-128.71,0.80387408
48.32,-128.71,0.80387408
48.33,-128.72,0.80387408
48.34,-128.72,0.80387408
48.34,-128.73,0.80387408
48.35,-128.73,0.79336768
48.36,-128.74,0.79336768
48.37,-128.74,0.79336768
48.37,-128.74,0.79336768
48.38,-128.75,0.53057241
48.39,-128.75,0.53057241
48.4,-128.76,0.53057241
48.29,-128.78,0.54432315
48.29,-128.78,0.54432315
48.31,-128.78,0.54432315
48.33,-128.78,0.54432315
48.33,-128.78,0.54432315
48.34,-128.78,0.54432315
48.34,-128.78,0.54432315
48.35,-128.78,0.53057241
48.35,-128.78,0.53057241
48.36,-128.8,0.53057241
48.36,-128.81,0.53057241
48.36,-128.83,0.53057241
48.36,-128.83,0.53057241
48.36,-128.83,0.53057241
48.36,-128.84,0.53057241
48.36,-128.85,0.53057241
48.37,-128.86,0.25480604
48.37,-128.87,0.25480604
48.38,-128.88,0.25480604
48.38,-128.9,0.25480604
48.35,-128.77,0.53057241
48.36,-128.77,0.53057241
48.39,-128.77,0.53057241
48.41,-128.73,0.79336768
48.42,-128.73,0.79336768
48.41,-128.74,0.79336768
48.41,-128.75,0.53057241
48.42,-128.75,0.53057241
48.42,-128.77,0.53057241
48.42,-128.77,0.53057241
48.42,-128.78,0.53057241
48.42,-128.78,0.53057241
48.42,-128.79,0.53057241
48.42,-128.79,0.53057241
48.43,-128.8,0.53057241
48.43,-128.8,0.53057241
48.43,-128.81,0.53057241
48.43,-128.82,0.53057241
48.43,-128.83,0.53057241
48.43,-128.84,0.53057241
48.43,-128.85,0.53057241
48.43,-128.85,0.53057241
48.43,-128.85,0.53057241
48.43,-128.86,0.25480604
48.44,-128.76,0.53057241
48.44,-128.76,0.53057241
48.44,-128.77,0.53057241
48.44,-128.78,0.53057241
48.45,-128.78,0.34311613
48.45,-128.79,0.34311613
48.45,-128.79,0.34311613
48.46,-128.8,0.34311613
48.46,-128.81,0.34311613
48.46,-128.82,0.34311613
48.46,-128.82,0.34311613
48.46,-128.83,0.34311613
48.46,-128.84,0.34311613
48.46,-128.85,0.34311613
48.47,-128.86,0.15120271
48.47,-128.57,0.8665905
48.47,-128.58,0.8665905
48.47,-128.58,0.8665905
48.47,-128.59,0.8665905
48.47,-128.59,0.8665905
48.47,-128.6,0.8665905
48.47,-128.6,0.8665905
48.48,-128.61,0.8665905
48.48,-128.62,0.8665905
48.48,-128.62,0.8665905
48.48,-128.63,0.8665905
48.48,-128.63,0.8665905
48.48,-128.63,0.8665905
48.48,-128.64,0.8665905
48.48,-128.65,0.59159386
48.45,-128.61,0.8665905
48.46,-128.61,0.8665905
48.46,-128.62,0.8665905
48.46,-128.62,0.8665905
48.45,-128.63,0.8665905
48.45,-128.63,0.8665905
48.45,-128.63,0.8665905
48.45,-128.63,0.8665905
48.45,-128.64,0.8665905
48.45,-128.64,0.8665905
48.45,-128.65,0.59159386
48.45,-128.65,0.59159386
48.45,-128.65,0.59159386
48.45,-128.65,0.59159386
48.45,-128.66,0.59159386
48.43,-128.73,0.79336768
48.44,-128.73,0.79336768
48.44,-128.73,0.79336768
48.45,-128.73,0.59159386
48.45,-128.72,0.59159386
48.46,-128.72,0.59159386
48.46,-128.71,0.59159386
48.47,-128.71,0.59159386
48.47,-128.71,0.59159386
48.47,-128.7,0.59159386
48.47,-128.7,0.59159386
48.48,-128.7,0.59159386
48.48,-128.7,0.59159386
48.48,-128.69,0.59159386
48.49,-128.69,0.59159386
48.49,-128.69,0.59159386
48.5,-128.69,0.59159386
48.5,-128.69,0.59159386
48.51,-128.69,0.59159386
48.51,-128.68,0.59159386
48.45,-128.65,0.59159386
48.45,-128.65,0.59159386
48.45,-128.66,0.59159386
48.45,-128.66,0.59159386
48.45,-128.66,0.59159386
48.45,-128.67,0.59159386
48.45,-128.67,0.59159386
48.45,-128.68,0.59159386
48.45,-128.68,0.59159386
48.45,-128.69,0.59159386
48.45,-128.69,0.59159386
48.46,-128.7,0.59159386
48.46,-128.7,0.59159386
48.46,-128.7,0.59159386
48.46,-128.71,0.59159386
48.46,-128.71,0.59159386
48.46,-128.71,0.59159386
48.46,-128.71,0.59159386
48.46,-128.72,0.59159386
48.47,-128.72,0.59159386
48.47,-128.72,0.59159386
48.47,-128.71,0.59159386
48.47,-128.71,0.59159386
48.47,-128.71,0.59159386
48.47,-128.71,0.59159386
48.48,-128.7,0.59159386
48.48,-128.7,0.59159386
48.48,-128.7,0.59159386
48.48,-128.69,0.59159386
48.48,-128.68,0.59159386
48.48,-128.67,0.59159386
48.48,-128.67,0.59159386
48.47,-128.73,0.59159386
48.47,-128.73,0.59159386
48.47,-128.73,0.59159386
48.47,-128.73,0.59159386
48.46,-128.72,0.59159386
48.46,-128.72,0.59159386
48.46,-128.71,0.59159386
48.46,-128.71,0.59159386
48.46,-128.71,0.59159386
48.46,-128.71,0.59159386
48.46,-128.71,0.59159386
48.46,-128.71,0.59159386
48.46,-128.71,0.59159386
48.46,-128.71,0.59159386
48.46,-128.71,0.59159386
48.46,-128.71,0.59159386
48.47,-128.71,0.59159386
48.47,-128.71,0.59159386
48.47,-128.71,0.59159386
48.48,-128.68,0.59159386
48.48,-128.67,0.59159386
48.47,-128.68,0.59159386
48.47,-128.68,0.59159386
48.47,-128.68,0.59159386
48.47,-128.68,0.59159386
48.46,-128.68,0.59159386
48.46,-128.68,0.59159386
48.45,-128.68,0.59159386
48.45,-128.68,0.59159386
48.45,-128.68,0.59159386
48.44,-128.68,0.79336768
48.44,-128.68,0.79336768
48.44,-128.68,0.79336768
48.44,-128.68,0.79336768
48.44,-128.68,0.79336768
48.44,-128.68,0.79336768
48.44,-128.68,0.79336768
48.44,-128.68,0.79336768
48.43,-128.68,0.79336768
48.43,-128.68,0.79336768
48.43,-128.68,0.79336768
48.42,-128.68,0.79336768
48.42,-128.68,0.79336768
48.41,-128.68,0.79336768
48.41,-128.68,0.79336768
48.4,-128.68,0.79336768
48.4,-128.68,0.79336768
48.4,-128.68,0.79336768
48.39,-128.68,0.79336768
48.38,-128.68,0.79336768
48.38,-128.68,0.79336768
48.42,-128.72,0.79336768
48.42,-128.71,0.79336768
48.42,-128.71,0.79336768
48.43,-128.7,0.79336768
48.43,-128.69,0.79336768
48.43,-128.69,0.79336768
48.44,-128.69,0.79336768
48.44,-128.68,0.79336768
48.45,-128.67,0.59159386
48.46,-128.66,0.59159386
48.44,-128.67,0.79336768
48.44,-128.67,0.79336768
48.45,-128.67,0.59159386
48.45,-128.66,0.59159386
48.45,-128.66,0.59159386
48.44,-128.66,0.79336768
48.44,-128.66,0.79336768
48.43,-128.66,0.79336768
48.43,-128.66,0.79336768
48.43,-128.66,0.79336768
48.43,-128.66,0.79336768
48.42,-128.66,0.79336768
48.42,-128.67,0.79336768
48.41,-128.67,0.79336768
48.41,-128.67,0.79336768
48.4,-128.67,0.79336768
48.4,-128.66,0.79336768
48.4,-128.66,0.79336768
48.41,-128.65,0.79336768
48.4,-128.64,1.033847
48.4,-128.64,1.033847
48.4,-128.64,1.033847
48.49,-128.63,0.8665905
48.49,-128.63,0.8665905
48.49,-128.63,0.8665905
48.49,-128.64,0.8665905
48.48,-128.64,0.8665905
48.48,-128.64,0.8665905
48.48,-128.64,0.8665905
48.48,-128.64,0.8665905
48.48,-128.64,0.8665905
48.47,-128.64,0.8665905
48.47,-128.64,0.8665905
48.47,-128.64,0.8665905
48.46,-128.64,0.8665905
48.46,-128.64,0.8665905
48.46,-128.64,0.8665905
48.45,-128.64,0.8665905
48.45,-128.64,0.8665905
48.45,-128.64,0.8665905
48.44,-128.64,1.033847
48.44,-128.64,1.033847
48.44,-128.64,1.033847
48.44,-128.65,0.79336768
48.44,-128.65,0.79336768
48.43,-128.65,0.79336768
48.43,-128.65,0.79336768
48.43,-128.65,0.79336768
48.43,-128.65,0.79336768
48.42,-128.65,0.79336768
48.42,-128.65,0.79336768
48.42,-128.65,0.79336768
48.42,-128.65,0.79336768
48.41,-128.65,0.79336768
48.41,-128.66,0.79336768
48.41,-128.66,0.79336768
48.41,-128.66,0.79336768
48.43,-128.69,0.79336768
48.43,-128.69,0.79336768
48.43,-128.69,0.79336768
48.43,-128.69,0.79336768
48.43,-128.68,0.79336768
48.43,-128.68,0.79336768
48.43,-128.68,0.79336768
48.43,-128.67,0.79336768
48.43,-128.66,0.79336768
48.43,-128.66,0.79336768
48.42,-128.65,0.79336768
48.42,-128.65,0.79336768
48.42,-128.59,1.033847
48.42,-128.6,1.033847
48.42,-128.6,1.033847
48.42,-128.6,1.033847
48.42,-128.61,1.033847
48.42,-128.61,1.033847
48.42,-128.62,1.033847
48.42,-128.62,1.033847
48.42,-128.63,1.033847
48.42,-128.63,1.033847
48.42,-128.63,1.033847
48.42,-128.63,1.033847
48.42,-128.64,1.033847
48.42,-128.64,1.033847
48.42,-128.64,1.033847
48.42,-128.64,1.033847
48.42,-128.65,0.79336768
48.42,-128.65,0.79336768
48.42,-128.65,0.79336768
48.42,-128.65,0.79336768
48.42,-128.66,0.79336768
48.42,-128.66,0.79336768
48.42,-128.67,0.79336768
48.42,-128.67,0.79336768
48.42,-128.67,0.79336768
48.42,-128.68,0.79336768
48.42,-128.68,0.79336768
48.43,-128.68,0.79336768
48.43,-128.68,0.79336768
48.43,-128.68,0.79336768
48.43,-128.68,0.79336768
48.43,-128.68,0.79336768
48.43,-128.68,0.79336768
48.44,-128.69,0.79336768
48.44,-128.69,0.79336768
48.44,-128.69,0.79336768
48.44,-128.7,0.79336768
48.44,-128.7,0.79336768
48.44,-128.7,0.79336768
48.44,-128.71,0.79336768
48.44,-128.71,0.79336768
48.44,-128.71,0.79336768
48.44,-128.72,0.79336768
48.45,-128.71,0.59159386
48.45,-128.71,0.59159386
48.45,-128.71,0.59159386
48.45,-128.71,0.59159386
48.46,-128.71,0.59159386
48.46,-128.71,0.59159386
48.46,-128.71,0.59159386
48.47,-128.71,0.59159386
48.47,-128.7,0.59159386
48.47,-128.7,0.59159386
48.48,-128.7,0.59159386
48.47,-128.66,0.59159386
48.47,-128.66,0.59159386
48.47,-128.66,0.59159386
48.46,-128.65,0.59159386
48.46,-128.65,0.59159386
48.46,-128.65,0.59159386
48.46,-128.64,0.8665905
48.46,-128.64,0.8665905
48.46,-128.64,0.8665905
48.46,-128.63,0.8665905
48.46,-128.63,0.8665905
48.46,-128.62,0.8665905
48.46,-128.62,0.8665905
48.46,-128.62,0.8665905
48.46,-128.61,0.8665905
48.46,-128.61,0.8665905
48.45,-128.61,0.8665905
48.45,-128.6,0.8665905
48.45,-128.6,0.8665905
48.45,-128.59,0.8665905
48.45,-128.59,0.8665905
48.46,-128.63,0.8665905
48.46,-128.63,0.8665905
48.46,-128.63,0.8665905
48.46,-128.63,0.8665905
48.46,-128.64,0.8665905
48.46,-128.64,0.8665905
48.46,-128.64,0.8665905
48.46,-128.64,0.8665905
48.46,-128.65,0.59159386
48.46,-128.66,0.59159386
48.46,-128.66,0.59159386
48.46,-128.67,0.59159386
48.46,-128.67,0.59159386
48.46,-128.68,0.59159386
48.46,-128.68,0.59159386
48.46,-128.69,0.59159386
48.46,-128.7,0.59159386
48.46,-128.7,0.59159386
48.46,-128.71,0.59159386
48.46,-128.71,0.59159386
48.46,-128.71,0.59159386
48.46,-128.71,0.59159386
48.46,-128.71,0.59159386
48.46,-128.71,0.59159386
48.46,-128.71,0.59159386
48.46,-128.72,0.59159386
48.46,-128.72,0.59159386
48.46,-128.72,0.59159386
48.46,-128.72,0.59159386
48.46,-128.72,0.59159386
48.46,-128.72,0.59159386
48.46,-128.71,0.59159386
48.46,-128.71,0.59159386
48.46,-128.71,0.59159386
48.46,-128.71,0.59159386
48.46,-128.7,0.59159386
48.46,-128.71,0.59159386
48.46,-128.71,0.59159386
48.46,-128.71,0.59159386
48.46,-128.71,0.59159386
48.46,-128.71,0.59159386
48.46,-128.72,0.59159386
48.46,-128.71,0.59159386
48.46,-128.71,0.59159386
48.46,-128.71,0.59159386
48.46,-128.71,0.59159386
48.46,-128.71,0.59159386
48.46,-128.71,0.59159386
44.65,-130.85,1.9146042
44.48,-129.88,0.78107381
44.63,-130.13,0.36031222
44.62,-130.52,0.67423803
44.65,-130.77,1.9146042
45.87,-130.57,2.5964611
45.8,-130.82,3.3465738
46.2,-130.02,1.1109359
50.07,-132.42,7.3883481
48.32,-131.63,6.8122478
46.25,-131.98,7.888742
43.85,-130.92,5.6550808
42.32,-130.65,6.8167458
40.6,-130.43,6.2645273
40.58,-129.37,4.2579012
38.58,-127.75,33.229568
46.8,-125.53,8.4658957
46.8,-125.55,8.262826
46.8,-125.55,8.262826
46.8,-125.56,8.262826
46.8,-125.57,8.262826
46.8,-125.57,8.262826
46.78,-125.76,7.7502818
46.79,-125.69,8.0188046
46.79,-125.71,8.0188046
46.78,-125.77,7.7502818
46.79,-125.72,8.0188046
46.78,-125.78,7.7502818
46.78,-125.73,8.0188046
46.78,-125.75,7.7502818
46.77,-125.92,7.4773855
46.77,-125.94,7.4773855
46.77,-125.95,7.2581306
46.76,-125.96,7.2581306
46.76,-125.98,7.2581306
46.76,-125.98,7.2581306
46.76,-125.98,7.2581306
46.76,-126.04,7.2581306
46.76,-126.04,7.2581306
46.76,-126.05,7.0691643
46.74,-126.23,6.8100848
46.74,-126.22,6.8100848
46.74,-126.2,6.8100848
46.74,-126.19,6.8100848
46.74,-126.18,6.8100848
46.75,-126.16,6.8100848
46.74,-126.18,6.8100848
46.74,-126.2,6.8100848
46.74,-126.21,6.8100848
46.74,-126.21,6.8100848
46.74,-126.22,6.8100848
46.74,-126.24,6.8100848
46.74,-126.24,6.8100848
46.74,-126.25,6.8100848
46.68,-126.14,7.0371647
46.68,-126.15,6.8100848
46.68,-126.16,6.8100848
46.67,-126.18,6.8100848
46.67,-126.19,6.8100848
46.67,-126.2,6.8100848
39.02,-120.07,16.215477
39.05,-120,16.215477
39.05,-120.03,16.215477
39.12,-120.02,16.215477
39.17,-120,16.215477
39.2,-119.98,16.215477
39.2,-119.98,16.215477
39.15,-120.02,16.215477
39.07,-120.03,16.215477
39.07,-120.03,16.215477
39.1,-120.07,16.215477
43.52,-119.72,9.5357075
43.48,-119.54,9.5357075
43.48,-119.54,9.5357075
43.3,-119.15,9.4671307
43.22,-119.25,9.2272873
43.35,-119.12,9.4671307
43.44,-119.02,9.5350513
43.58,-119.41,9.5827484
43.48,-119.54,9.5357075
43.48,-119.54,9.5357075
43.43,-119.62,9.5350513
43.31,-119.76,9.4671307
43.19,-119.89,9.2272873
43.31,-119.78,9.4671307
43.66,-119.94,9.5827484
43.51,-120.04,9.5357075
43.49,-120.1,9.5357075
43.77,-120.38,9.5827484
43.77,-120.38,9.5827484
43.86,-120.26,9.8749847
45.21,-119.34,9.5008411
43.21,-119.04,9.2272873
52.22,-132.15,6.5335484
52.22,-132.14,6.103384
52.27,-132.1,6.1315002
52.27,-132.09,6.1315002
52.27,-132.09,6.1315002
52.54,-132.31,7.263514
52.54,-132.31,7.263514
52.55,-132.3,7.263514
52.58,-132.27,7.263514
52.61,-132.16,7.0473046
52.41,-131.94,5.7069907
52.17,-131.72,4.5949821
52.16,-131.77,5.1155453
52.34,-131.99,5.8991323
52.34,-131.99,5.8991323
52.16,-132.03,5.6060786
52.33,-131.99,5.8991323
51.97,-131.53,3.7449136
51.95,-131.55,3.8910007
51.8,-131.25,2.4903505
50.83,-124.89,7.2214351
50.83,-124.89,7.2214351
50.83,-124.89,7.2214351
50.83,-124.89,7.2214351
50.83,-124.89,7.2214351
50.83,-124.89,7.2214351
50.83,-124.89,7.2214351
50.09,-124.81,7.2320395
50.09,-124.81,7.2320395
50.09,-124.81,7.2320395
50.09,-124.81,7.2320395
50.09,-124.81,7.2320395
50.09,-124.81,7.2320395
50.09,-124.81,7.2320395
50.09,-124.81,7.2320395
49.88,-124.06,7.9011574
49.88,-124.06,7.9011574
49.88,-124.06,7.9011574
49.88,-124.06,7.9011574
49.88,-124.06,7.9011574
49.88,-124.06,7.9011574
49.88,-124.06,7.9011574
49.88,-124.06,7.9011574
49.87,-124.05,7.9011574
49.87,-124.05,7.9011574
49.87,-124.05,7.9011574
49.87,-124.05,7.9011574
49.87,-124.05,7.9011574
49.87,-124.05,7.9011574
49.87,-124.05,7.9011574
49.87,-124.05,7.9011574
49.42,-123.4,8.9942894
49.42,-123.4,8.9942894
49.42,-123.4,8.9942894
49.42,-123.4,8.9942894
49.42,-123.4,8.9942894
49.42,-123.4,8.9942894
49.42,-123.4,8.9942894
49.41,-122.87,8.9942894
49.41,-122.87,8.9942894
49.41,-122.87,8.9942894
49.41,-122.87,8.9942894
49.41,-122.87,8.9942894
49.41,-122.87,8.9942894
49.41,-122.87,8.9942894
49.39,-122.88,8.9942894
49.39,-122.88,8.9942894
49.39,-122.88,8.9942894
49.39,-122.88,8.9942894
49.39,-122.88,8.9942894
49.39,-122.88,8.9942894
49.39,-122.88,8.9942894
49.99,-123.99,7.9011574
49.99,-123.99,7.9011574
49.99,-123.99,7.9011574
49.99,-123.99,7.9011574
49.99,-123.99,7.9011574
49.99,-123.99,7.9011574
49.99,-123.99,7.9011574
49.99,-123.99,7.9011574
50.01,-123.94,7.9011574
50.01,-123.94,7.9011574
50.01,-123.94,7.9011574
50.01,-123.94,7.9011574
50.01,-123.94,7.9011574
50.01,-123.94,7.9011574
50.01,-123.94,7.9011574
50.01,-123.94,7.9011574
50.07,-123.8,7.9011574
50.07,-123.8,7.9011574
50.07,-123.8,7.9011574
50.07,-123.8,7.9011574
50.07,-123.8,7.9011574
50.07,-123.8,7.9011574
50.07,-123.8,7.9011574
50.07,-123.8,7.9011574
50.15,-123.85,7.9011574
50.15,-123.85,7.9011574
50.15,-123.85,7.9011574
50.15,-123.85,7.9011574
50.15,-123.85,7.9011574
50.15,-123.85,7.9011574
50.15,-123.85,7.9011574
50.15,-123.85,7.9011574
49.8,-124.04,7.9011574
49.8,-124.04,7.9011574
49.8,-124.04,7.9011574
49.8,-124.04,7.9011574
49.8,-124.04,7.9011574
49.8,-124.04,7.9011574
49.8,-124.04,7.9011574
49.8,-124.04,7.9011574
49.94,-124.53,7.1700683
49.94,-124.53,7.1700683
49.94,-124.53,7.1700683
49.94,-124.53,7.1700683
49.94,-124.53,7.1700683
49.94,-124.53,7.1700683
49.94,-124.53,7.1700683
49.94,-124.53,7.1700683
49.94,-124.53,7.1700683
49.94,-124.53,7.1700683
49.94,-124.53,7.1700683
49.94,-124.53,7.1700683
49.94,-124.53,7.1700683
49.94,-124.53,7.1700683
49.94,-124.53,7.1700683
49.94,-124.53,7.1700683
48.59,-123.5,8.9942894
48.59,-123.5,8.9942894
48.59,-123.5,8.9942894
48.59,-123.5,8.9942894
48.59,-123.5,8.9942894
48.59,-123.5,8.9942894
48.59,-123.5,8.9942894
48.59,-123.5,8.9942894
49.67,-130.11,0.59459901
49.64,-130.04,0.81696123
49.64,-130.04,0.81696123
49.64,-130.03,0.81696123
49.63,-130.02,0.81696123
49.63,-130.02,0.81696123
49.63,-130.01,0.81696123
49.63,-130.01,0.81696123
49.62,-129.99,0.81696123
49.62,-129.99,0.81696123
49.67,-130.1,0.59459901
49.62,-129.98,0.81696123
49.61,-129.98,0.81696123
49.61,-129.98,0.81696123
49.61,-129.97,0.81696123
49.61,-129.97,0.81696123
49.61,-129.96,0.81696123
49.6,-129.96,0.81696123
49.6,-129.95,1.0505846
49.6,-129.95,1.0505846
49.67,-130.09,0.59459901
49.66,-130.08,0.59459901
49.66,-130.07,0.59459901
49.65,-130.06,0.68830746
49.65,-130.05,0.68830746
49.89,-128.3,3.5512867
50.26,-128.82,2.7159307
50.48,-129.53,1.2588239
50.18,-129.38,1.5338509
50.45,-129.81,1.0826941
50.9,-130.87,0.62095869
48.46,-128.68,0.59159386
48.46,-128.62,0.8665905
48.46,-128.61,0.8665905
48.46,-128.58,0.8665905
48.46,-128.58,0.8665905
48.46,-128.57,0.8665905
48.46,-128.55,0.8665905
48.46,-128.55,0.8665905
48.46,-128.54,1.1157724
48.46,-128.53,1.1157724
48.46,-128.67,0.59159386
48.46,-128.51,1.1157724
48.46,-128.5,1.1157724
48.46,-128.49,1.1157724
48.46,-128.49,1.1157724
48.46,-128.48,1.1157724
48.46,-128.48,1.1157724
48.46,-128.47,1.1157724
48.47,-128.47,1.1157724
48.46,-128.66,0.59159386
48.47,-128.46,1.1157724
48.46,-128.66,0.59159386
48.46,-128.65,0.59159386
48.46,-128.65,0.59159386
48.46,-128.64,0.8665905
48.46,-128.63,0.8665905
48.46,-128.63,0.8665905
50.68,-131.01,1.8958869
50.73,-131.12,2.265857
50.73,-131.11,2.265857
50.73,-131.09,2.265857
50.73,-131.08,2.265857
50.47,-130.28,0.06584172
50.47,-130.27,0.06584172
50.48,-130.26,0.06584172
50.14,-130.45,0.64635819
50.11,-130.4,0.64635819
50.13,-130.45,0.64635819
50.13,-130.44,0.64635819
50.13,-130.44,0.64635819
50.13,-130.44,0.64635819
50.12,-130.42,0.64635819
50.12,-130.42,0.64635819
50.11,-130.41,0.64635819
51.27,-131.01,0.12469516
51.61,-130.85,0.98918939
51.38,-130.76,0.051265415
51.5,-130.61,0.3799772
51.23,-130.54,0.91700733
53.5,-130.61,4.3941827
52.34,-130.61,2.2681541
51.92,-129.97,0.54942942
52.41,-130.79,2.2681541
51.59,-129.35,1.3081136
51.58,-130.29,0.54942942
51.51,-130.34,0.54942942
51.58,-130.35,0.54942942
51.54,-130.29,0.54942942
51.53,-130.27,0.54942942
51.55,-130.19,0.89558804
51.44,-130.43,0.54942942
51.42,-130.22,0.89558804
51.38,-130.12,1.238132
53.56,-131.43,7.0473046
52.79,-130.97,4.3941827
52.76,-132.05,7.0473046
52.76,-132.05,7.0473046
53.32,-131.34,5.7069907
44.44,-122.12,9.8749847
44.44,-122.12,9.8749847
45.12,-122.16,9.68153
44.55,-122.03,9.8749847
44.56,-122.03,9.8749847
44.9,-122.01,9.8163719
49.33,-119.63,9.2849312
49.33,-119.63,9.2849312
49.33,-119.63,9.2849312
48.02,-129.2,0.28132188
48.02,-129.2,0.28132188
48.02,-129.2,0.28132188
48.02,-129.2,0.28132188
48.02,-129.2,0.28132188
48.01,-129.16,0.28132188
48.01,-129.16,0.28132188
48.01,-129.16,0.28132188
48,-129.15,0.28132188
48,-129.15,0.28132188
48,-129.15,0.28132188
48,-129.15,0.28132188
48,-129.15,0.28132188
48,-129.15,0.28132188
47.99,-129.26,0.55420947
47.99,-129.26,0.55420947
47.99,-129.26,0.55420947
47.99,-129.26,0.55420947
48,-129.3,0.55420947
48,-129.3,0.55420947
48,-129.3,0.55420947
48.05,-129.38,0.81750041
48.05,-129.38,0.81750041
48.01,-129.16,0.28132188
47.95,-129.1,0.02951305
47.95,-129.1,0.02951305
47.95,-129.1,0.02951305
47.95,-129.1,0.02951305
47.95,-129.1,0.02951305
47.95,-129.1,0.02951305
47.95,-129.1,0.02951305
47.95,-129.1,0.02951305
47.95,-129.09,0.02951305
47.95,-129.1,0.02951305
47.95,-129.09,0.02951305
47.95,-129.1,0.02951305
47.95,-129.1,0.02951305
47.95,-129.09,0.02951305
47.95,-129.09,0.02951305
47.95,-129.1,0.02951305
47.95,-129.08,0.02951305
47.95,-129.1,0.02951305
47.95,-129.1,0.02951305
47.95,-129.1,0.02951305
47.95,-129.1,0.02951305
47.95,-129.1,0.02951305
47.95,-129.1,0.02951305
47.95,-129.09,0.02951305
47.95,-129.09,0.02951305
47.95,-129.1,0.02951305
47.95,-129.1,0.02951305
47.95,-129.1,0.02951305
47.95,-129.1,0.02951305
47.95,-129.1,0.02951305
47.95,-129.1,0.02951305
47.95,-129.09,0.02951305
47.95,-129.09,0.02951305
47.95,-129.1,0.02951305
47.95,-129.1,0.02951305
47.95,-129.1,0.02951305
47.95,-129.1,0.02951305
47.95,-129.1,0.02951305
47.95,-129.09,0.02951305
47.95,-129.09,0.02951305
47.95,-129.1,0.02951305
47.95,-129.1,0.02951305
46.52,-129.58,0.30251956
46.52,-129.58,0.30251956
46.53,-129.58,0.30251956
46.53,-129.58,0.30251956
46.53,-129.57,0.30251956
46.53,-129.57,0.30251956
46.31,-129.72,0.39045012
46.31,-129.71,0.39045012
46.31,-129.71,0.39045012
46.31,-129.72,0.39045012
42.68,-126.78,0.10922085
42.68,-126.78,0.10922085
37.86,-119.08,16.19442
37.63,-119.08,16.19442
37.49,-119.3,16.19442
44.64,-125.07,9.5422888
44.65,-125.14,9.5422888
44.62,-125.06,9.5422888
44.66,-125.14,9.5507097
44.62,-125.06,9.5422888
44.66,-125.57,8.5858335
44.65,-125.57,8.6269598
44.64,-125.58,8.6269598
44.65,-125.58,8.6269598
44.65,-125.59,8.6269598
44.66,-125.6,8.5858335
44.66,-125.69,8.4469986
44.65,-125.72,8.4459772
44.65,-125.73,8.4459772
44.68,-125.66,8.4469986
44.51,-126.67,6.5422888
44.33,-127.43,5.4407101
45.33,-129.32,1.3617047
45.35,-129.18,1.5062964
45.36,-129.19,1.5062964
45.37,-129.19,1.5062964
45.37,-129.2,1.5062964
45.38,-129.15,1.5062964
45.38,-129.19,1.5062964
45.38,-129.19,1.5062964
45.38,-129.19,1.5062964
46.16,-129.2,0.92084652
44.67,-125.58,8.5858335
44.58,-127.3,5.4504809
44.81,-127.97,4.1015091
44.95,-128.39,3.2205846
45.1,-128.85,2.4179773
44.67,-125.58,8.5858335
44.84,-125.6,8.5421562
44.91,-124.61,9.8163719
44.97,-125.1,9.5523081
45.01,-125.15,9.2965679
44.86,-125.13,9.5314922
44.87,-125.28,9.1318445
44.82,-125.59,8.5421562
44.65,-125.58,8.6269598
39.06,-123.15,18.00329
37.24,-122.07,16.352819
38.1,-122.89,17.370102
37.51,-122.21,16.524179
40.02,-124.07,16.881744
41.21,-119.06,16.815744
40.88,-119.1,16.676729
40.87,-119.17,16.676729
41.08,-119.02,16.815744
41.05,-119.02,16.676729
41.02,-119.06,16.676729
40.94,-119.1,16.676729
40.91,-119.14,16.676729
40.39,-121.54,18.00329
40.36,-121.5,18.00329
40.41,-121.45,18.00329
40.75,-119.02,16.524179
40.68,-119.36,16.676729
40.65,-119.39,16.676729
40.65,-119.35,16.676729
40.66,-119.38,16.676729
40.69,-119.35,16.676729
40.78,-119.34,16.815744
40.65,-119.37,16.676729
40.66,-119.37,16.676729
40.66,-119.37,16.676729
38.72,-123.35,17.939177
38.72,-123.35,17.939177
37.12,-122.15,16.845156
40.88,-123.98,8.9923286
38.99,-123.35,18.00329
38.99,-123.35,18.00329
38.77,-122.97,17.834578
38.77,-122.97,17.834578
38.88,-121.9,17.217102
39.84,-123.17,18.287436
37.8,-121.94,16.524179
37.8,-121.94,16.524179
37.51,-122.13,16.364212
37.51,-122.13,16.364212
40.73,-124.21,8.9923286
40.73,-124.21,8.9923286
40.14,-124,15.872827
38.58,-122.65,17.50819
38.58,-122.65,17.50819
40.22,-123.64,17.755274
40.09,-123.8,17.755274
38.8,-122.83,17.725136
38.8,-122.83,17.725136
40.55,-124.18,9.0263643
40.55,-124.18,9.0263643
38.84,-122.2,17.370102
40.24,-124.13,15.872827
40.24,-124.13,15.872827
40.14,-123.41,17.755274
40.74,-124.21,8.9923286
39.73,-123.5,18.371571
39.73,-123.5,18.371571
39.95,-123.35,18.371571
39.95,-123.35,18.371571
37.74,-121.75,16.215477
37.74,-121.75,16.215477
40.56,-124.35,9.0263643
38.09,-122.75,17.217102
38.09,-122.75,17.217102
39.41,-123.75,18.287436
37.05,-121.24,16.347124
37.06,-121.18,16.19442
37.03,-121.31,16.347124
37.03,-121.31,16.347124
37.03,-121.31,16.347124
37.03,-121.31,16.347124
37.05,-121.21,16.347124
37.05,-121.21,16.347124
37.05,-121.19,16.347124
37.05,-121.19,16.347124
37.04,-121.25,16.347124
37.04,-121.25,16.347124
37.25,-122.4,17.13776
40.32,-124.28,15.739372
39.34,-123.1,18.00329
38.93,-123.71,18.242743
38.1,-122.89,17.370102
37.51,-122.21,16.524179
38.7,-123.42,18.027369
40.02,-124.07,16.881744
39.06,-123.15,18.00329
37.24,-122.07,16.352819
44.68,-125.29,9.1196241
44.66,-125.27,9.1196241
44.66,-125.27,9.1196241
44.66,-125.26,9.1196241
44.66,-125.25,9.1196241
44.66,-125.36,8.9653473
44.66,-125.35,9.1196241
44.66,-125.35,9.1196241
44.66,-125.35,9.1196241
44.65,-125.35,9.1559649
45,-125.3,9.0883245
45.01,-125.3,9.0883245
45,-125.31,9.0883245
45,-125.32,9.0883245
44.99,-125.32,9.0883245
44.99,-125.33,9.0883245
44.94,-125.37,8.987608
44.94,-125.36,8.987608
44.93,-125.35,9.1318445
47.06,-125.89,7.6291208
47.06,-125.89,7.6291208
47.07,-125.9,7.6291208
47.07,-125.9,7.6291208
47.07,-125.91,7.6291208
47.08,-125.9,7.6291208
47.07,-125.91,7.6291208
47.08,-125.91,7.6291208
47.08,-125.92,7.6291208
47.08,-125.94,7.6291208
47.08,-125.94,7.6291208
46.97,-125.93,7.6286254
46.98,-125.94,7.6286254
46.97,-125.99,7.3567901
46.97,-125.98,7.3567901
46.97,-125.98,7.3567901
46.98,-125.97,7.3567901
46.98,-125.96,7.3567901
46.98,-125.95,7.3567901
46.98,-125.94,7.6286254
46.98,-125.94,7.6286254
46.99,-125.97,7.3567901
47,-125.96,7.3567901
46.99,-125.96,7.3567901
46.99,-125.94,7.6286254
46.99,-125.95,7.3567901
50.55,-131.62,4.6901741
47.9,-127.2,4.359262
47.15,-130.12,2.7302463
47.9,-127.65,3.1907601
44.65,-125.14,9.5422888
44.65,-125.07,9.5422888
44.65,-125.06,9.5422888
44.65,-125.02,9.8048306
44.65,-124.97,9.8048306
47.23,-126.15,6.8040028
47.23,-126.15,6.8040028
47.24,-126.14,7.0875106
47.29,-126.08,7.1277666
47.3,-126.09,7.1277666
47.3,-126.09,7.1277666
47.3,-126.09,7.1277666
47.29,-126.11,7.1277666
47.28,-126.12,7.1277666
47.28,-126.12,7.1277666
47.28,-126.13,7.1277666
47.27,-126.14,7.1277666
47.27,-126.14,7.1277666
47.27,-126.15,6.8401093
47.27,-126.15,6.8401093
47.25,-126.17,6.8040028
47.44,-126.38,6.4628758
47.44,-126.38,6.4628758
47.44,-126.38,6.4628758
47.45,-126.36,6.5422029
47.45,-126.36,6.5422029
47.46,-126.33,6.8071642
47.46,-126.29,6.8071642
47.46,-126.29,6.8071642
47.46,-126.26,6.8071642
47.46,-126.22,7.0861001
47.46,-126.22,7.0861001
47.46,-126.22,7.0861001
47.46,-126.19,7.0861001
47.46,-126.18,7.0861001
47.46,-126.16,7.0861001
44.95,-125.2,9.2965679
44.95,-125.22,9.2965679
44.95,-125.23,9.2965679
44.95,-125.25,9.0883245
44.95,-125.41,8.9141588
44.95,-125.37,8.9141588
44.95,-125.37,8.9141588
44.95,-125.37,8.9141588
44.95,-125.37,8.9141588
44.95,-125.38,8.9141588
44.95,-125.4,8.9141588
44.95,-125.42,8.9141588
44.93,-125.27,9.1318445
44.93,-125.27,9.1318445
44.95,-125.47,8.6826057
44.95,-125.52,8.6826057
44.95,-125.52,8.6826057
44.95,-125.58,8.4492979
44.95,-125.64,8.4492979
44.65,-125.27,9.1559649
44.65,-125.3,9.1559649
44.65,-125.3,9.1559649
44.65,-125.32,9.1559649
44.65,-125.32,9.1559649
44.65,-125.34,9.1559649
44.65,-125.37,8.9884195
44.65,-125.4,8.9884195
44.65,-125.47,8.7853642
49.33,-119.63,9.2849312
49.36,-119.69,9.2849312
49.37,-119.77,9.2849312
49.37,-119.76,9.2849312
49.37,-119.65,9.2849312
50.58,-123.46,7.6288118
50.57,-123.47,7.6288118
50.57,-123.49,7.6288118
50.57,-123.5,7.6288118
50.57,-123.51,7.6288118
50.66,-120.51,8.9942894
50.77,-122.8,8.4487114
49.61,-123.15,8.9942894
49.61,-123.16,8.9942894
49.61,-123.17,8.9942894
49.61,-123.17,8.9942894
49.61,-123.16,8.9942894
49.61,-123.16,8.9942894
50.47,-120.97,8.9942894
50.48,-120.97,8.9942894
50.48,-120.97,8.9942894
50.48,-120.97,8.9942894
51.52,-119.81,8.9942894
51.52,-119.81,8.9942894
51.52,-119.81,8.9942894
49.51,-121.29,9.2849312
49.51,-123.37,8.9942894
50.65,-120.48,8.9942894
50.61,-127.48,4.6360407
50.69,-123.51,7.6288118
50.67,-123.54,7.3612161
50.68,-123.52,7.6288118
50.66,-123.53,7.6288118
50.68,-123.48,7.6288118
50.63,-123.42,7.6288118
50.65,-123.56,7.3612161
50.68,-123.56,7.3612161
50.64,-120.46,8.9942894
50.57,-123.48,7.6288118
50.54,-123.48,7.6288118
50.56,-123.46,7.6288118
50.57,-123.5,7.6288118
50.57,-123.52,7.6288118
50.57,-123.54,7.6288118
50.52,-123.5,7.6288118
50.9,-121.41,8.9942894
50.91,-121.41,8.9942894
50.91,-121.41,8.9942894
52.64,-121.56,7.6288118
52.63,-121.56,7.6288118
52.63,-121.56,7.6288118
49.58,-125.61,7.2806315
49.57,-125.59,7.2806315
49.58,-125.61,7.2806315
50.43,-122.84,8.725028
49.32,-121.93,9.2849312
50.08,-123.21,8.725028
49.81,-125.15,7.2320395
50.09,-124.81,7.2320395
50.16,-123.4,8.4487114
50.13,-123.45,8.4487114
50.2,-123.54,8.1750021
50.19,-123.53,8.1750021
50.18,-123.53,8.1750021
50.29,-124.66,7.2320395
50.27,-124.64,7.2320395
50.2,-124.64,7.2320395
50.24,-124.63,7.2320395
50.02,-123.9,7.9011574
50.08,-123.78,7.9011574
50.18,-123.94,7.6288118
50.16,-123.89,7.6288118
50.14,-123.84,7.9011574
49.85,-123.9,8.1750021
49.85,-123.9,8.1750021
49.81,-123.93,8.1750021
49.79,-124.04,7.9011574
49.79,-124.04,7.9011574
50.06,-123.82,7.9011574
50.04,-123.85,7.9011574
50.04,-123.86,7.9011574
50.01,-123.94,7.9011574
49.97,-123.99,7.9011574
50,-123.98,7.9011574
50.63,-123.4,7.6288118
50.58,-123.28,7.9011574
50.09,-123.32,8.4487114
50.07,-123.33,8.4487114
48.87,-123.79,8.9942894
48.88,-123.79,8.9942894
48.88,-123.78,8.9942894
48.88,-123.78,8.9942894
48.88,-123.79,8.9942894
49.1,-123.86,8.9942894
49.1,-123.86,8.9942894
49.39,-124.95,7.3612161
50.46,-123.13,8.4487114
50.46,-123.17,8.1750021
50.45,-123.2,8.1750021
48.65,-123.45,8.9942894
48.64,-123.5,8.9942894
50.11,-123.27,8.725028
50.72,-123.67,7.3612161
50.12,-123.39,8.4487114
50.11,-123.37,8.4487114
49.15,-124.66,7.9011574
49.16,-124.67,7.9011574
49.17,-124.67,7.9011574
49.78,-125.3,7.2806315
49.76,-124.54,7.3612161
49.71,-124.53,7.3612161
49.75,-124.55,7.3612161
49.76,-124.55,7.3612161
49.71,-124.54,7.3612161
49.71,-124.54,7.3612161
49.71,-124.53,7.3612161
50.58,-123.28,7.9011574
50.63,-123.37,7.6288118
50.12,-123.39,8.4487114
50.11,-123.37,8.4487114
51.97,-121.17,8.9942894
51.96,-121.16,8.9942894
51.83,-121.15,8.9942894
51.82,-121.15,8.9942894
51.82,-121.14,8.9942894
52,-120.95,8.9942894
52,-120.96,8.9942894
52,-120.8,8.9942894
52,-120.81,8.9942894
52.01,-120.83,8.9942894
49.76,-124.55,7.3612161
49.76,-124.55,7.3612161
49.75,-124.54,7.3612161
49.71,-124.53,7.3612161
49.75,-124.54,7.3612161
47.14,-132.33,8.9937639
46.99,-131.81,7.3728185
46.97,-131.96,8.1711226
46.93,-131.95,7.766191
47.08,-131.89,7.8322406
47.15,-131.2,5.7230005
47.05,-131.5,6.5393829
46.92,-129.35,0.17201395
47.99,-129.45,0.81750041
46.97,-129.77,1.6545141
47,-130.1,2.691802
47.03,-131.17,5.7240138
47.17,-131.73,7.114819
47.08,-131.88,7.8322406
47.99,-129.45,0.81750041
47.08,-131.88,7.8322406
50.25,-130.3,0.28004923
50.35,-130.11,0.14511749
50.77,-130.61,0.047441658
50.66,-130.55,0.28813139
49.98,-129.54,1.449568
50.03,-129.72,1.1147752
50.07,-129.77,0.81750208
50.13,-129.83,0.81750208
50.13,-130.03,0.43329665
50.22,-130.15,0.035759509
47.14,-132.33,8.9937639
46.99,-131.81,7.3728185
46.97,-131.96,8.1711226
46.93,-131.95,7.766191
47.08,-131.89,7.8322406
47.15,-131.2,5.7230005
47.05,-131.5,6.5393829
46.92,-129.35,0.17201395
47.99,-129.45,0.81750041
46.97,-129.77,1.6545141
47,-130.1,2.691802
47.03,-131.17,5.7240138
47.17,-131.73,7.114819
47.08,-131.88,7.8322406
47.03,-130.78,4.5752077
47.03,-130.36,3.4780302
47.02,-130.29,3.2211773
47.02,-130.08,2.691802
47.02,-129.75,1.6545141
47.05,-129.92,1.9294288
46.98,-129.1,0.10327651
46.98,-129.01,0.27250028
46.98,-128.91,0.52644795
47.02,-128.77,0.80191773
47,-128.62,1.2944659
47,-128.5,1.4704922
54.94,-121.54,7.2214351
54.94,-121.1,7.2214351
54.67,-121.1,7.2214351
54.94,-120.66,7.2214351
54.94,-120.22,7.2806315
54.9,-119.9,7.1962852
54.63,-119.88,7.1700683
54.37,-119.87,7.3612161
54.9,-119.6,7.1700683
54.63,-119.58,7.3612161
54.37,-119.57,7.9011574
54.9,-119.14,7.6288118
54.63,-119.13,8.1750021
54.37,-119.12,8.4487114
40.92,-119.08,16.676729
40.79,-119.34,16.815744
40.85,-119.33,16.815744
40.87,-119.31,16.815744
41.74,-121.87,8.7112598
41.73,-121.67,8.7112598
41,-120.89,18.00329
40.21,-120.25,16.951086
41.2,-121.14,18.00329
41.27,-122.61,15.872827
41.81,-122.01,8.7181835
41.83,-121.25,8.7181835
40.73,-120.31,17.370102
41.58,-122.88,8.7299252
41.57,-122.89,8.7299252
41.57,-122.88,8.7299252
41.61,-122.53,8.7299252
41.56,-122.53,8.7299252
41.43,-122.5,8.7199984
41.89,-122.4,8.7200031
41.9,-122.48,8.7200031
41.73,-120.38,18.00329
41.64,-120.4,18.00329
40.75,-119.02,16.524179
41.55,-122.26,8.7135773
40.7,-119.35,16.676729
40.68,-119.36,16.676729
40.88,-119.34,16.815744
40.87,-119.33,16.815744
40.65,-119.39,16.676729
40.65,-119.35,16.676729
40.65,-119.37,16.676729
40.66,-119.38,16.676729
40.65,-119.39,16.676729
40.64,-119.41,16.676729
40.69,-119.35,16.676729
40.78,-119.34,16.815744
40.65,-119.37,16.676729
40.67,-119.37,16.676729
40.66,-119.37,16.676729
40.66,-119.36,16.676729
40.66,-119.37,16.676729
41.21,-119.06,16.815744
40.88,-119.1,16.676729
40.87,-119.17,16.676729
41.13,-119,16.815744
41.08,-119.02,16.815744
41.05,-119.02,16.676729
41.05,-119.02,16.676729
41.05,-119.02,16.676729
41.05,-119.02,16.676729
40.99,-119.1,16.676729
41.02,-119.06,16.676729
40.94,-119.1,16.676729
40.91,-119.14,16.676729
40.39,-121.54,18.00329
40.35,-121.55,18.00329
40.34,-121.45,18.00329
40.36,-121.5,18.00329
40.41,-121.45,18.00329
40.17,-121.51,18.00329
40.37,-120.95,17.580811
42.02,-123.84,8.7200031
39.85,-120.47,16.951086
42.49,-123.38,8.1746902
41.86,-123.37,8.7200031
40.51,-122.61,17.755274
40.51,-122.61,17.755274
40.51,-122.61,17.755274
41.47,-121.42,17.755274
41.68,-121.12,17.755274
41.65,-121.12,18.100437
41.65,-121.18,17.755274
41.61,-121.21,17.755274
41.7,-121.34,17.755274
41.57,-121.35,17.755274
41.65,-121.06,18.100437
41.56,-121.12,18.100437
41.81,-122.01,8.7181835
41.69,-121.88,8.7112598
41.74,-121.87,8.7112598
41.73,-121.67,8.7112598
41.59,-121.96,8.7299252
41,-120.89,18.00329
40.21,-120.25,16.951086
41.47,-120.18,18.00329
41.2,-121.14,18.00329
41.15,-121.06,18.00329
41.27,-122.61,15.872827
41.81,-122.01,8.7181835
41.83,-121.25,8.7181835
40.73,-120.31,17.370102
41.58,-122.88,8.7299252
41.57,-122.89,8.7299252
41.57,-122.88,8.7299252
41.61,-122.53,8.7299252
41.56,-122.53,8.7299252
41.43,-122.5,8.7199984
41.82,-122.44,8.7181835
41.67,-122.43,8.7112598
41.89,-122.4,8.7200031
41.96,-122.33,8.7200031
41.98,-122.32,8.7200031
41.9,-122.48,8.7200031
41.9,-122.53,8.7200031
41.95,-122,8.7200031
41.73,-120.38,18.00329
41.64,-120.4,18.00329
40.52,-120.68,17.50819
41.55,-122.26,8.7135773
42.14,-122.73,8.7200031
44.67,-125.58,8.5858335
44.58,-127.3,5.4504809
44.81,-127.97,4.1015091
44.95,-128.39,3.2205846
45.1,-128.85,2.4179773
44.67,-125.58,8.5858335
44.84,-125.6,8.5421562
44.91,-124.61,9.8163719
44.84,-124.72,9.8749847
44.97,-125.1,9.5523081
45.01,-125.15,9.2965679
44.86,-125.13,9.5314922
44.87,-125.28,9.1318445
44.82,-125.59,8.5421562
44.65,-125.58,8.6269598
38.97,-119.27,16.215477
46.77,-128.36,1.8929226
46.77,-128.3,2.0580494
46.76,-128.29,2.0580494
46.76,-128.28,2.0580494
46.76,-128.26,2.0580494
46.75,-128.26,2.1742797
46.75,-128.25,2.1742797
46.73,-128.23,2.4284899
46.77,-128.35,2.0580494
46.77,-128.35,2.0580494
46.77,-128.34,2.0580494
46.62,-127.83,3.3197627
46.62,-127.83,3.3197627
46.62,-127.83,3.3197627
46.62,-127.78,3.3197627
46.62,-127.78,3.3197627
46.62,-127.78,3.3197627
46.62,-127.78,3.3197627
46.62,-127.78,3.3197627
46.48,-127.25,4.6397758
46.46,-127.2,4.6397758
46.46,-127.19,4.6397758
46.46,-127.19,4.6397758
46.45,-127.18,4.6397758
46.46,-127.18,4.6397758
46.46,-127.16,4.6397758
46.45,-127.16,4.6397758
46.45,-127.14,4.9049993
46.48,-127.25,4.6397758
46.45,-127.13,4.9049993
46.45,-127.13,4.9049993
46.45,-127.12,4.9049993
46.44,-127.1,4.9191098
46.47,-127.24,4.6397758
46.47,-127.23,4.6397758
46.47,-127.23,4.6397758
46.46,-127.22,4.6397758
46.46,-127.21,4.6397758
46.32,-126.62,5.9918666
46.32,-126.62,5.9918666
46.32,-126.62,5.9918666
46.32,-126.62,5.9918666
46.32,-126.62,5.9918666
46.32,-126.62,5.9918666
46.32,-126.62,5.9918666
46.32,-126.62,5.9918666
46.32,-126.62,5.9918666
46.32,-126.62,5.9918666
46.32,-126.62,5.9918666
46.32,-126.62,5.9918666
46.32,-126.62,5.9918666
46.32,-126.62,5.9918666
46.32,-126.62,5.9918666
46.32,-126.62,5.9918666
46.32,-126.62,5.9918666
46.32,-126.62,5.9918666
46.32,-126.62,5.9918666
46.32,-126.62,5.9918666
46.32,-126.62,5.9918666
46.32,-126.62,5.9918666
46.32,-126.62,5.9918666
46.32,-126.62,5.9918666
46.32,-126.62,5.9918666
46.32,-126.62,5.9918666
46.32,-126.62,5.9918666
46.32,-126.62,5.9918666
46.32,-126.62,5.9918666
46.32,-126.62,5.9918666
46.32,-126.62,5.9918666
46.32,-126.62,5.9918666
46.32,-126.62,5.9918666
46.32,-126.62,5.9918666
46.32,-126.62,5.9918666
46.32,-126.62,5.9918666
46.32,-126.62,5.9918666
46.32,-126.62,5.9918666
46.17,-125.95,7.3550162
46.17,-125.95,7.3550162
46.17,-125.95,7.3550162
46.18,-125.9,7.4997277
46.18,-125.9,7.4997277
46.08,-125.6,8.179697
46.08,-125.6,8.179697
46.08,-125.6,8.179697
46.08,-125.6,8.179697
46.08,-125.6,8.179697
46.08,-125.6,8.179697
46.08,-125.6,8.179697
46.08,-125.6,8.179697
46.08,-125.6,8.179697
46.08,-125.6,8.179697
46.08,-125.6,8.179697
46.08,-125.6,8.179697
46.08,-125.6,8.179697
46.08,-125.6,8.179697
46.08,-125.6,8.179697
46.08,-125.6,8.179697
46.08,-125.6,8.179697
46.87,-128.7,1.0900005
46.87,-128.7,1.0900005
46.87,-128.7,1.0900005
46.87,-128.7,1.0900005
46.87,-128.7,1.0900005
46.87,-128.7,1.0900005
46.87,-128.7,1.0900005
47.15,-129.73,1.6300219
47.15,-129.73,1.6300219
47.15,-129.73,1.6300219
47.15,-129.73,1.6300219
47.15,-129.73,1.6300219
47.15,-129.73,1.6300219
47.15,-129.73,1.6300219
47.15,-129.73,1.6300219
47.15,-129.73,1.6300219
47.15,-129.73,1.6300219
47.15,-129.73,1.6300219
47.15,-129.73,1.6300219
47.15,-129.73,1.6300219
47.15,-129.73,1.6300219
47.15,-129.73,1.6300219
46.82,-128.5,1.7001911
46.82,-128.5,1.7001911
46.82,-128.5,1.7001911
46.82,-128.5,1.7001911
46.82,-128.5,1.7001911
46.8,-128.4,1.8929226
46.8,-128.4,1.8929226
46.8,-128.4,1.8929226
46.8,-128.4,1.8929226
43.89,-122.21,9.5827484
43.88,-122.37,9.5827484
43.88,-122.07,9.5827484
43.59,-122.23,9.5827484
44.08,-122.23,9.8749847
43.8,-122.31,9.5827484
44.11,-122.23,9.8749847
46.77,-125.92,7.4773855
46.77,-125.92,7.4773855
46.76,-126.04,7.2581306
46.76,-126.04,7.2581306
46.76,-126.05,7.0691643
46.76,-126.05,7.0691643
46.77,-125.94,7.4773855
46.77,-125.94,7.4773855
46.77,-125.95,7.2581306
46.77,-125.95,7.2581306
46.76,-125.96,7.2581306
46.76,-125.96,7.2581306
46.76,-125.98,7.2581306
46.76,-125.98,7.2581306
46.76,-125.98,7.2581306
46.76,-125.98,7.2581306
46.76,-125.98,7.2581306
46.76,-125.98,7.2581306
46.76,-126.04,7.2581306
46.76,-126.04,7.2581306
46.74,-126.23,6.8100848
46.74,-126.23,6.8100848
46.74,-126.22,6.8100848
46.74,-126.22,6.8100848
46.74,-126.2,6.8100848
46.74,-126.2,6.8100848
46.74,-126.19,6.8100848
46.74,-126.19,6.8100848
46.74,-126.18,6.8100848
46.74,-126.18,6.8100848
46.75,-126.16,6.8100848
46.75,-126.16,6.8100848
46.74,-126.18,6.8100848
46.74,-126.18,6.8100848
46.74,-126.2,6.8100848
46.74,-126.2,6.8100848
46.74,-126.21,6.8100848
46.74,-126.21,6.8100848
46.74,-126.21,6.8100848
46.74,-126.21,6.8100848
46.74,-126.22,6.8100848
46.74,-126.22,6.8100848
46.74,-126.24,6.8100848
46.74,-126.24,6.8100848
46.74,-126.24,6.8100848
46.74,-126.24,6.8100848
46.74,-126.25,6.8100848
46.74,-126.25,6.8100848
45.43,-125.73,8.0344667
45.43,-125.73,8.0344667
45.43,-125.75,7.8805914
45.43,-125.75,7.8805914
45.43,-125.76,7.8805914
45.43,-125.76,7.8805914
45.43,-125.77,7.8805914
45.43,-125.77,7.8805914
45.43,-125.79,7.8805914
45.43,-125.79,7.8805914
45.42,-125.8,7.8805914
45.42,-125.8,7.8805914
45.42,-125.82,7.8805914
45.42,-125.82,7.8805914
45.43,-125.64,8.1844883
45.43,-125.64,8.1844883
45.43,-125.67,8.0344667
45.43,-125.67,8.0344667
45.43,-125.7,8.0344667
45.43,-125.7,8.0344667
45.43,-125.71,8.0344667
45.43,-125.71,8.0344667
45.43,-125.72,8.0344667
45.43,-125.72,8.0344667
45.36,-125.67,8.0344667
45.36,-125.67,8.0344667
45.48,-125.71,8.0390244
45.48,-125.71,8.0390244
45.5,-125.72,8.0390244
45.5,-125.72,8.0390244
45.37,-125.68,8.0344667
45.37,-125.68,8.0344667
45.45,-125.7,8.0390244
45.45,-125.7,8.0390244
45.47,-125.71,8.0390244
45.47,-125.71,8.0390244
46.68,-126.14,7.0371647
46.68,-126.14,7.0371647
46.68,-126.15,6.8100848
46.68,-126.15,6.8100848
46.68,-126.16,6.8100848
46.68,-126.16,6.8100848
46.67,-126.18,6.8100848
46.67,-126.18,6.8100848
46.67,-126.19,6.8100848
46.67,-126.19,6.8100848
46.67,-126.2,6.8100848
46.67,-126.2,6.8100848
41.68,-124.93,8.7112598
41,-126.43,3.5363894
39.09,-127.78,26.078346
40.08,-125.34,16.723663
47.92,-128.8,0.66285837
47.91,-128.75,0.66285837
47.89,-128.65,0.91232389
47.77,-127.77,3.1612465
47.77,-127.77,3.1612465
47.76,-127.74,3.3711357
47.86,-128.51,1.414219
47.84,-128.38,1.6586365
47.89,-128.58,1.1679138
47.79,-128.13,2.4378891
48.43,-128.68,0.79336768
48.43,-128.68,0.79336768
48.46,-128.71,0.59159386
40.95,-127.52,0.021391379
41,-127.49,0.021391379
48.44,-128.6,1.033847
48.44,-128.7,0.79336768
48.44,-128.7,0.79336768
48.44,-128.7,0.79336768
48.44,-128.7,0.79336768
48.46,-128.7,0.59159386
48.46,-128.7,0.59159386
48.46,-128.7,0.59159386
48.17,-126.7,5.5965943
48.7,-126.9,5.5437579
48.66,-126.9,5.5437579
44.67,-125.1,9.5507097
38.83,-121.17,16.676729
45.68,-120.12,9.5560369
38.98,-120.32,16.215477
38.55,-120.57,16.215477
39.7,-122.88,18.00329
46.58,-119.52,9.7773581
46.35,-119.27,9.5389538
39.43,-123.73,18.287436
39.38,-119.63,16.215477
37.32,-122.12,16.215477
46.43,-119.78,9.543684
46.43,-119.78,9.543684
37.1,-119.73,16.19442
37.17,-120.07,16.19442
37.45,-122.03,16.215477
37.8,-121.58,16.215477
42.1,-119.92,18.00329
42.17,-119.86,18.00329
39.47,-119.63,16.215477
39.57,-123.12,18.100437
38.93,-119.07,16.215477
38.92,-119.07,16.215477
42.23,-121.76,8.7200031
42.15,-121.68,8.7200031
42.03,-121.59,8.7200031
42.06,-121.62,8.7200031
42.23,-121.76,8.7200031
38.87,-120.65,16.364212
42.09,-121.7,8.7200031
42.17,-121.65,8.7200031
42.2,-121.74,8.7200031
42.15,-121.7,8.7200031
42.09,-121.9,8.7200031
42.15,-121.68,8.7200031
42,-121.7,8.7200031
42.19,-121.8,8.7200031
38.85,-119.75,16.215477
42.19,-121.71,8.7200031
42.18,-121.7,8.7200031
42.13,-121.74,8.7200031
42.19,-121.77,8.7200031
42.19,-121.78,8.7200031
42.17,-121.68,8.7200031
42.06,-121.76,8.7200031
42.06,-121.6,8.7200031
42.01,-121.82,8.7200031
38.83,-121.17,16.676729
38.98,-120.32,16.215477
42.17,-121.62,8.7200031
42.03,-121.75,8.7200031
42.02,-121.69,8.7200031
38.55,-120.57,16.215477
42.24,-121.78,8.7200031
42.25,-121.78,8.7200031
42.13,-121.8,8.7200031
42.01,-121.63,8.7200031
38.97,-119.27,16.215477
46.54,-122.82,9.6252508
46.54,-122.84,9.6252508
42.07,-121.8,8.7200031
42.11,-121.69,8.7200031
42.11,-121.87,8.7200031
42.2,-121.73,8.7200031
38.83,-120.25,16.215477
47.95,-129.1,0.02951305
47.95,-129.08,0.02951305
47.95,-129.1,0.02951305
47.95,-129.1,0.02951305
47.95,-129.1,0.02951305
47.95,-129.09,0.02951305
47.95,-129.1,0.02951305
47.95,-129.1,0.02951305
47.95,-129.1,0.02951305
47.95,-129.1,0.02951305
47.95,-129.1,0.02951305
47.95,-129.1,0.02951305
47.95,-129.1,0.02951305
47.95,-129.1,0.02951305
47.95,-129.1,0.02951305
47.95,-129.09,0.02951305
47.95,-129.09,0.02951305
47.95,-129.1,0.02951305
47.96,-129.1,0.02951305
47.96,-129.1,0.02951305
47.96,-129.1,0.02951305
47.96,-129.09,0.02951305
47.96,-129.09,0.02951305
47.95,-129.09,0.02951305
47.95,-129.1,0.02951305
47.96,-129.09,0.02951305
47.96,-129.1,0.02951305
47.96,-129.1,0.02951305
47.96,-129.1,0.02951305
47.96,-129.09,0.02951305
47.96,-129.09,0.02951305
47.96,-129.09,0.02951305
47.95,-129.09,0.02951305
47.95,-129.09,0.02951305
47.96,-129.1,0.02951305
47.96,-129.1,0.02951305
47.96,-129.1,0.02951305
47.96,-129.09,0.02951305
47.95,-129.1,0.02951305
47.95,-129.1,0.02951305
47.95,-129.09,0.02951305
47.95,-129.09,0.02951305
47.95,-129.09,0.02951305
47.95,-129.09,0.02951305
47.96,-129.1,0.02951305
47.95,-129.1,0.02951305
47.95,-129.09,0.02951305
47.95,-129.09,0.02951305
47.96,-129.09,0.02951305
47.96,-129.1,0.02951305
47.96,-129.09,0.02951305
47.95,-129.09,0.02951305
47.95,-129.09,0.02951305
47.95,-129.09,0.02951305
47.95,-129.1,0.02951305
47.95,-129.09,0.02951305
47.95,-129.09,0.02951305
47.95,-129.09,0.02951305
47.95,-129.1,0.02951305
47.95,-129.1,0.02951305
47.95,-129.1,0.02951305
47.95,-129.09,0.02951305
47.95,-129.09,0.02951305
47.95,-129.09,0.02951305
47.95,-129.09,0.02951305
47.96,-129.09,0.02951305
47.95,-129.09,0.02951305
47.95,-129.1,0.02951305
47.95,-129.09,0.02951305
47.96,-129.1,0.02951305
47.96,-129.1,0.02951305
47.96,-129.1,0.02951305
47.96,-129.09,0.02951305
47.96,-129.09,0.02951305
47.96,-129.09,0.02951305
47.95,-129.1,0.02951305
47.95,-129.1,0.02951305
47.95,-129.09,0.02951305
47.95,-129.09,0.02951305
47.95,-129.09,0.02951305
47.95,-129.09,0.02951305
47.96,-129.1,0.02951305
47.95,-129.1,0.02951305
47.96,-129.1,0.02951305
47.96,-129.1,0.02951305
47.95,-129.1,0.02951305
47.95,-129.09,0.02951305
47.96,-129.09,0.02951305
47.95,-129.1,0.02951305
47.95,-129.1,0.02951305
47.95,-129.09,0.02951305
47.96,-129.1,0.02951305
47.96,-129.09,0.02951305
47.95,-129.09,0.02951305
47.96,-129.1,0.02951305
47.96,-129.1,0.02951305
47.96,-129.09,0.02951305
47.96,-129.09,0.02951305
47.96,-129.1,0.02951305
47.96,-129.1,0.02951305
47.96,-129.1,0.02951305
47.95,-129.1,0.02951305
47.95,-129.09,0.02951305
47.95,-129.09,0.02951305
47.95,-129.09,0.02951305
47.95,-129.1,0.02951305
47.95,-129.1,0.02951305
47.95,-129.1,0.02951305
47.95,-129.09,0.02951305
47.95,-129.09,0.02951305
47.96,-129.09,0.02951305
47.95,-129.1,0.02951305
47.96,-129.1,0.02951305
47.96,-129.1,0.02951305
47.96,-129.1,0.02951305
47.96,-129.09,0.02951305
47.96,-129.09,0.02951305
47.96,-129.1,0.02951305
47.96,-129.1,0.02951305
47.96,-129.1,0.02951305
47.96,-129.09,0.02951305
42.2,-119.85,18.00329
42.1,-119.92,18.00329
42.17,-119.86,18.00329
38.88,-121.05,16.676729
37.87,-122.25,16.815744
39.7,-122.88,18.00329
46.58,-119.52,9.7773581
46.35,-119.27,9.5389538
46.35,-119.27,9.5389538
46.35,-119.27,9.5389538
39.7,-122.8,18.00329
39.43,-123.73,18.287436
37.1,-119.38,16.19442
39.38,-119.63,16.215477
37.45,-122.17,16.364212
40.23,-120.8,17.370102
37.32,-122.12,16.215477
38.88,-119.58,16.215477
46.54,-122.84,9.6252508
46.43,-119.78,9.543684
46.43,-119.78,9.543684
37.1,-119.73,16.19442
39.4,-120.88,16.815744
37.48,-122.13,16.364212
37.17,-120.07,16.19442
39.25,-119.67,16.215477
46.53,-122.81,9.6252508
46.54,-122.82,9.6252508
46.53,-122.81,9.6252508
37.45,-122.03,16.215477
37.8,-121.58,16.215477
39.3,-119.65,16.215477
46.42,-119.59,9.543684
39.47,-119.63,16.215477
39.57,-123.12,18.100437
38.93,-119.07,16.215477
38.93,-119.07,16.215477
45.98,-121.62,9.5455904
46.1,-121.7,9.5399418
46,-121.89,9.5455904
45.41,-121.82,9.5483627
45.37,-121.82,9.5483627
45.39,-121.81,9.5483627
45.39,-121.86,9.5483627
45.34,-121.92,9.5414743
45.5,-121.56,9.5407829
45.28,-121.84,9.5414743
45.33,-121.71,9.5414743
45.3,-121.77,9.5414743
38.84,-121.84,17.088528
39.46,-121.99,17.580811
45.46,-121.65,9.5407829
45.42,-121.77,9.5483627
45.33,-121.66,9.5414743
42.97,-119.25,8.5979795
42.56,-119.04,18.00329
42.56,-119.07,18.00329
42.64,-119.09,8.7200031
42.7,-119.06,8.7200031
42.7,-119.12,8.7200031
43.38,-119,9.5350513
40.65,-119.36,16.676729
40.85,-119.3,16.815744
40.43,-119.23,16.364212
39.82,-119.81,16.364212
39.08,-119.63,16.215477
39.84,-119.48,16.215477
39.82,-119.91,16.524179
41.58,-119.83,18.00329
41.58,-119.75,17.580811
41.66,-119.81,18.00329
39.3,-119.77,16.215477
40.93,-119.01,16.676729
40.91,-119.09,16.676729
40.73,-119.27,16.676729
40.75,-119.24,16.676729
40.83,-119.2,16.676729
40.79,-119.19,16.676729
40.85,-119.05,16.524179
40.65,-119.35,16.676729
40.71,-119.29,16.676729
40.77,-119.25,16.676729
40.77,-119.22,16.676729
40.77,-119.18,16.676729
40.82,-119.17,16.676729
40.84,-119.14,16.676729
40.8,-119.13,16.676729
54.91,-132.13,9.9456406
54.91,-132.13,9.9456406
54.91,-132.13,9.9456406
54.78,-132.05,9.9456406
37.74,-122.1,16.524179
37.54,-122.1,16.364212
37.61,-121.97,16.364212
37.62,-121.98,16.364212
42.02,-123.84,8.7200031
42.49,-123.38,8.1746902
40.51,-122.61,17.755274
41.68,-121.12,17.755274
41.65,-121.12,18.100437
41.7,-121.34,17.755274
41.65,-121.06,18.100437
41.56,-121.12,18.100437
37.17,-127.6,33.400661
39.42,-127.55,25.494421
41.05,-130.12,5.4735184
45.36,-121.94,9.5483627
45.4,-121.81,9.5483627
45.4,-121.81,9.5483627
45.4,-121.81,9.5483627
45.32,-121.8,9.5414743
45.41,-121.82,9.5483627
45.37,-121.82,9.5483627
45.39,-121.81,9.5483627
45.39,-121.81,9.5483627
45.39,-121.81,9.5483627
45.39,-121.81,9.5483627
45.39,-121.86,9.5483627
45.28,-121.74,9.5414743
45.31,-121.83,9.5414743
45.34,-121.92,9.5414743
45.5,-121.56,9.5407829
45.28,-121.84,9.5414743
45.33,-121.71,9.5414743
45.39,-122.32,9.5483627
45.3,-121.77,9.5414743
45.3,-121.77,9.5414743
45.44,-121.72,9.5483627
45.44,-121.72,9.5483627
45.46,-121.65,9.5407829
45.46,-121.65,9.5407829
45.29,-121.71,9.5414743
45.42,-121.77,9.5483627
45.42,-121.77,9.5483627
45.42,-121.77,9.5483627
45.33,-121.66,9.5414743
45.33,-121.66,9.5414743
45.33,-121.66,9.5414743
45.32,-121.72,9.5414743
45.32,-121.72,9.5414743
45.31,-121.68,9.5414743
45.31,-121.68,9.5414743
48.46,-128.71,0.59159386
48.46,-128.71,0.59159386
48.46,-128.71,0.59159386
48.46,-128.71,0.59159386
48.46,-128.71,0.59159386
48.46,-128.71,0.59159386
48.46,-128.71,0.59159386
48.46,-128.71,0.59159386
48.46,-128.71,0.59159386
48.46,-128.71,0.59159386
48.45,-128.71,0.59159386
48.46,-128.71,0.59159386
48.43,-128.68,0.79336768
48.43,-128.68,0.79336768
48.43,-128.68,0.79336768
48.43,-128.68,0.79336768
48.43,-128.68,0.79336768
48.46,-128.71,0.59159386
48.46,-128.71,0.59159386
48.46,-128.71,0.59159386
48.46,-128.71,0.59159386
48.49,-128.71,0.59159386
48.46,-128.71,0.59159386
48.43,-128.68,0.79336768
48.43,-128.68,0.79336768
48.43,-128.68,0.79336768
48.46,-128.7,0.59159386
48.46,-128.71,0.59159386
48.46,-128.71,0.59159386
48.46,-128.71,0.59159386
48.46,-128.71,0.59159386
48.46,-128.71,0.59159386
48.46,-128.71,0.59159386
48.46,-128.71,0.59159386
48.46,-128.71,0.59159386
48.46,-128.71,0.59159386
48.46,-128.71,0.59159386
48.45,-128.71,0.59159386
48.45,-128.71,0.59159386
48.45,-128.71,0.59159386
48.45,-128.71,0.59159386
48.45,-128.71,0.59159386
48.45,-128.71,0.59159386
48.45,-128.71,0.59159386
48.45,-128.71,0.59159386
48.45,-128.71,0.59159386
48.45,-128.71,0.59159386
48.46,-128.71,0.59159386
48.46,-128.71,0.59159386
48.45,-128.71,0.59159386
48.45,-128.71,0.59159386
48.45,-128.71,0.59159386
48.45,-128.71,0.59159386
48.45,-128.71,0.59159386
48.46,-128.71,0.59159386
48.46,-128.71,0.59159386
48.46,-128.71,0.59159386
48.46,-128.71,0.59159386
48.46,-128.71,0.59159386
48.46,-128.71,0.59159386
48.46,-128.71,0.59159386
48.46,-128.7,0.59159386
48.46,-128.7,0.59159386
48.46,-128.7,0.59159386
48.45,-128.72,0.59159386
48.45,-128.71,0.59159386
48.46,-128.71,0.59159386
48.46,-128.71,0.59159386
48.45,-128.71,0.59159386
48.46,-128.71,0.59159386
48.45,-128.71,0.59159386
48.46,-128.71,0.59159386
48.46,-128.71,0.59159386
48.45,-128.7,0.59159386
48.46,-128.71,0.59159386
48.45,-128.7,0.59159386
48.46,-128.71,0.59159386
48.46,-128.71,0.59159386
48.46,-128.71,0.59159386
48.46,-128.71,0.59159386
48.46,-128.71,0.59159386
48.46,-128.71,0.59159386
48.46,-128.71,0.59159386
48.46,-128.71,0.59159386
48.46,-128.71,0.59159386
48.46,-128.71,0.59159386
48.46,-128.71,0.59159386
48.46,-128.71,0.59159386
48.46,-128.71,0.59159386
48.46,-128.71,0.59159386
48.45,-128.71,0.59159386
48.45,-128.71,0.59159386
48.45,-128.71,0.59159386
48.45,-128.71,0.59159386
48.45,-128.71,0.59159386
48.45,-128.71,0.59159386
48.45,-128.71,0.59159386
48.45,-128.71,0.59159386
48.45,-128.71,0.59159386
48.45,-128.71,0.59159386
48.45,-128.71,0.59159386
48.45,-128.7,0.59159386
48.45,-128.71,0.59159386
48.46,-128.71,0.59159386
48.46,-128.71,0.59159386
48.46,-128.71,0.59159386
48.46,-128.71,0.59159386
48.46,-128.71,0.59159386
48.46,-128.71,0.59159386
48.46,-128.71,0.59159386
48.46,-128.71,0.59159386
48.46,-128.71,0.59159386
48.46,-128.71,0.59159386
48.46,-128.7,0.59159386
48.46,-128.71,0.59159386
48.46,-128.7,0.59159386
48.46,-128.71,0.59159386
48.46,-128.71,0.59159386
48.46,-128.71,0.59159386
48.46,-128.71,0.59159386
48.46,-128.71,0.59159386
48.46,-128.71,0.59159386
48.46,-128.71,0.59159386
48.46,-128.71,0.59159386
48.46,-128.71,0.59159386
48.46,-128.71,0.59159386
48.46,-128.71,0.59159386
48.46,-128.72,0.59159386
48.46,-128.71,0.59159386
48.46,-128.72,0.59159386
48.46,-128.71,0.59159386
48.46,-128.71,0.59159386
48.46,-128.71,0.59159386
48.46,-128.72,0.59159386
48.46,-128.71,0.59159386
48.46,-128.71,0.59159386
48.46,-128.71,0.59159386
48.46,-128.71,0.59159386
48.46,-128.71,0.59159386
48.46,-128.71,0.59159386
48.46,-128.71,0.59159386
48.45,-128.71,0.59159386
48.46,-128.71,0.59159386
48.45,-128.71,0.59159386
48.46,-128.7,0.59159386
48.45,-128.71,0.59159386
48.46,-128.7,0.59159386
48.45,-128.71,0.59159386
48.46,-128.7,0.59159386
48.45,-128.71,0.59159386
48.46,-128.7,0.59159386
48.45,-128.71,0.59159386
48.46,-128.7,0.59159386
48.46,-128.71,0.59159386
48.46,-128.7,0.59159386
48.46,-128.71,0.59159386
48.46,-128.7,0.59159386
48.46,-128.71,0.59159386
48.46,-128.71,0.59159386
48.46,-128.71,0.59159386
48.46,-128.71,0.59159386
48.46,-128.7,0.59159386
48.46,-128.71,0.59159386
48.46,-128.7,0.59159386
48.46,-128.71,0.59159386
48.46,-128.7,0.59159386
48.46,-128.7,0.59159386
48.46,-128.71,0.59159386
48.45,-128.71,0.59159386
48.45,-128.71,0.59159386
48.46,-128.71,0.59159386
48.46,-128.71,0.59159386
48.46,-128.71,0.59159386
48.46,-128.71,0.59159386
48.46,-128.71,0.59159386
48.46,-128.71,0.59159386
48.46,-128.71,0.59159386
48.45,-128.71,0.59159386
48.46,-128.71,0.59159386
48.45,-128.71,0.59159386
48.46,-128.71,0.59159386
48.45,-128.71,0.59159386
48.46,-128.71,0.59159386
48.45,-128.71,0.59159386
48.46,-128.71,0.59159386
48.46,-128.71,0.59159386
48.46,-128.71,0.59159386
48.46,-128.71,0.59159386
48.46,-128.71,0.59159386
48.46,-128.71,0.59159386
48.45,-128.71,0.59159386
48.45,-128.71,0.59159386
48.45,-128.71,0.59159386
48.45,-128.71,0.59159386
48.45,-128.71,0.59159386
48.46,-128.71,0.59159386
48.46,-128.71,0.59159386
48.45,-128.71,0.59159386
48.45,-128.71,0.59159386
48.45,-128.71,0.59159386
48.45,-128.71,0.59159386
48.45,-128.71,0.59159386
48.45,-128.71,0.59159386
48.46,-128.71,0.59159386
48.45,-128.71,0.59159386
48.46,-128.71,0.59159386
48.46,-128.71,0.59159386
48.44,-128.68,0.79336768
48.43,-128.68,0.79336768
48.44,-128.69,0.79336768
48.43,-128.68,0.79336768
48.44,-128.69,0.79336768
48.43,-128.68,0.79336768
48.44,-128.69,0.79336768
48.43,-128.68,0.79336768
48.44,-128.69,0.79336768
48.43,-128.68,0.79336768
48.43,-128.69,0.79336768
48.43,-128.68,0.79336768
48.43,-128.69,0.79336768
48.43,-128.68,0.79336768
48.43,-128.69,0.79336768
48.44,-128.68,0.79336768
48.43,-128.69,0.79336768
48.43,-128.68,0.79336768
48.44,-128.68,0.79336768
48.43,-128.68,0.79336768
48.44,-128.68,0.79336768
48.43,-128.69,0.79336768
48.44,-128.68,0.79336768
48.43,-128.68,0.79336768
48.44,-128.68,0.79336768
48.43,-128.69,0.79336768
48.44,-128.68,0.79336768
48.44,-128.69,0.79336768
48.44,-128.68,0.79336768
48.44,-128.68,0.79336768
48.44,-128.68,0.79336768
48.44,-128.68,0.79336768
48.44,-128.68,0.79336768
48.43,-128.68,0.79336768
48.44,-128.68,0.79336768
48.43,-128.68,0.79336768
48.44,-128.68,0.79336768
48.43,-128.68,0.79336768
48.44,-128.68,0.79336768
48.43,-128.68,0.79336768
48.44,-128.68,0.79336768
48.43,-128.68,0.79336768
48.44,-128.68,0.79336768
48.43,-128.68,0.79336768
48.43,-128.68,0.79336768
48.43,-128.68,0.79336768
48.43,-128.68,0.79336768
48.43,-128.68,0.79336768
48.43,-128.68,0.79336768
48.43,-128.68,0.79336768
48.43,-128.68,0.79336768
48.43,-128.68,0.79336768
48.43,-128.68,0.79336768
48.43,-128.68,0.79336768
48.43,-128.68,0.79336768
48.44,-128.68,0.79336768
48.43,-128.68,0.79336768
48.44,-128.68,0.79336768
48.43,-128.68,0.79336768
48.44,-128.68,0.79336768
48.44,-128.68,0.79336768
48.43,-128.68,0.79336768
48.43,-128.68,0.79336768
48.43,-128.68,0.79336768
48.43,-128.68,0.79336768
48.43,-128.68,0.79336768
48.44,-128.68,0.79336768
48.44,-128.68,0.79336768
48.44,-128.68,0.79336768
48.44,-128.68,0.79336768
48.43,-128.68,0.79336768
48.43,-128.68,0.79336768
48.43,-128.68,0.79336768
48.43,-128.68,0.79336768
48.43,-128.68,0.79336768
48.43,-128.68,0.79336768
48.43,-128.68,0.79336768
48.43,-128.68,0.79336768
48.42,-128.68,0.79336768
48.44,-128.68,0.79336768
48.42,-128.68,0.79336768
48.44,-128.68,0.79336768
48.42,-128.68,0.79336768
48.44,-128.68,0.79336768
48.42,-128.68,0.79336768
48.44,-128.68,0.79336768
48.43,-128.68,0.79336768
48.44,-128.68,0.79336768
48.43,-128.68,0.79336768
48.44,-128.69,0.79336768
48.43,-128.68,0.79336768
48.44,-128.68,0.79336768
48.43,-128.68,0.79336768
48.44,-128.68,0.79336768
48.43,-128.68,0.79336768
48.44,-128.68,0.79336768
48.43,-128.68,0.79336768
48.44,-128.68,0.79336768
48.43,-128.68,0.79336768
48.44,-128.68,0.79336768
48.43,-128.68,0.79336768
48.43,-128.68,0.79336768
48.43,-128.68,0.79336768
48.43,-128.68,0.79336768
48.44,-128.68,0.79336768
48.43,-128.68,0.79336768
48.43,-128.68,0.79336768
48.43,-128.68,0.79336768
48.43,-128.68,0.79336768
48.43,-128.68,0.79336768
48.44,-128.68,0.79336768
48.44,-128.68,0.79336768
48.44,-128.68,0.79336768
48.43,-128.68,0.79336768
48.43,-128.68,0.79336768
48.43,-128.68,0.79336768
48.43,-128.68,0.79336768
48.43,-128.68,0.79336768
48.43,-128.68,0.79336768
48.44,-128.68,0.79336768
48.45,-128.71,0.59159386
48.45,-128.71,0.59159386
48.45,-128.71,0.59159386
48.45,-128.71,0.59159386
48.45,-128.71,0.59159386
48.45,-128.71,0.59159386
48.45,-128.71,0.59159386
48.45,-128.71,0.59159386
48.45,-128.71,0.59159386
48.46,-128.71,0.59159386
48.45,-128.71,0.59159386
48.45,-128.71,0.59159386
48.45,-128.71,0.59159386
48.43,-128.73,0.79336768
48.45,-128.71,0.59159386
48.45,-128.71,0.59159386
48.46,-128.71,0.59159386
48.46,-128.71,0.59159386
48.46,-128.71,0.59159386
48.46,-128.71,0.59159386
48.46,-128.71,0.59159386
48.46,-128.71,0.59159386
48.46,-128.71,0.59159386
48.46,-128.71,0.59159386
48.46,-128.71,0.59159386
48.46,-128.71,0.59159386
48.46,-128.71,0.59159386
48.46,-128.71,0.59159386
48.46,-128.71,0.59159386
48.46,-128.71,0.59159386
48.46,-128.71,0.59159386
48.46,-128.71,0.59159386
48.46,-128.71,0.59159386
48.46,-128.71,0.59159386
48.46,-128.71,0.59159386
48.46,-128.71,0.59159386
48.45,-128.71,0.59159386
48.46,-128.71,0.59159386
48.46,-128.71,0.59159386
48.45,-128.71,0.59159386
48.46,-128.71,0.59159386
48.45,-128.71,0.59159386
48.46,-128.71,0.59159386
48.46,-128.71,0.59159386
48.46,-128.71,0.59159386
48.46,-128.71,0.59159386
48.45,-128.71,0.59159386
48.45,-128.71,0.59159386
48.45,-128.71,0.59159386
48.45,-128.71,0.59159386
48.46,-128.71,0.59159386
48.46,-128.71,0.59159386
48.46,-128.71,0.59159386
48.46,-128.71,0.59159386
48.46,-128.71,0.59159386
48.46,-128.71,0.59159386
48.46,-128.71,0.59159386
48.46,-128.71,0.59159386
48.46,-128.71,0.59159386
48.46,-128.71,0.59159386
48.46,-128.71,0.59159386
48.46,-128.7,0.59159386
48.46,-128.71,0.59159386
48.45,-128.71,0.59159386
48.46,-128.71,0.59159386
48.45,-128.71,0.59159386
48.46,-128.71,0.59159386
41.5,-126.53,2.9937565
40.6,-127.42,0.174211
40.12,-128.17,26.052788
40.67,-129.22,3.8123386
40,-131,29.489016
39.5,-131.78,33.939312
40.73,-131.75,9.1340437
39.6,-129.52,28.932394
38.02,-128.77,35.199921
38.42,-126.15,27.678125
39.78,-126.35,22.17004
40.52,-126.52,3.8898129
40.93,-126.52,3.269613
43.8,-122.42,9.5827484
38.84,-121.84,17.088528
39.46,-121.99,17.580811
38.92,-121.61,17.088528
38.69,-121.76,16.951086
47.71,-127.79,3.251128
47.71,-127.79,3.251128
47.71,-127.79,3.251128
47.71,-127.79,3.251128
47.71,-127.78,3.251128
47.71,-127.79,3.251128
47.71,-127.79,3.251128
47.71,-127.79,3.251128
47.71,-127.79,3.251128
47.71,-127.79,3.251128
47.71,-127.79,3.251128
47.71,-127.79,3.251128
47.71,-127.78,3.251128
47.71,-127.79,3.251128
47.71,-127.79,3.251128
47.71,-127.79,3.251128
47.71,-127.79,3.251128
47.71,-127.79,3.251128
47.71,-127.79,3.251128
47.71,-127.79,3.251128
47.71,-127.79,3.251128
47.71,-127.79,3.251128
47.71,-127.79,3.251128
47.71,-127.79,3.251128
47.71,-127.79,3.251128
47.71,-127.79,3.251128
47.71,-127.79,3.251128
47.71,-127.79,3.251128
47.71,-127.79,3.251128
47.71,-127.79,3.251128
47.71,-127.79,3.251128
47.71,-127.79,3.251128
47.71,-127.79,3.251128
47.71,-127.79,3.251128
47.71,-127.79,3.251128
47.71,-127.79,3.251128
47.71,-127.79,3.251128
47.71,-127.78,3.251128
47.71,-127.78,3.251128
47.71,-127.79,3.251128
47.71,-127.79,3.251128
47.71,-127.79,3.251128
47.71,-127.78,3.251128
47.71,-127.78,3.251128
47.71,-127.79,3.251128
47.71,-127.79,3.251128
47.71,-127.79,3.251128
47.71,-127.79,3.251128
47.71,-127.79,3.251128
47.71,-127.79,3.251128
47.71,-127.79,3.251128
47.71,-127.79,3.251128
47.71,-127.79,3.251128
47.71,-127.79,3.251128
47.71,-127.79,3.251128
47.71,-127.79,3.251128
47.71,-127.79,3.251128
47.71,-127.79,3.251128
47.71,-127.79,3.251128
47.71,-127.79,3.251128
47.71,-127.79,3.251128
47.71,-127.79,3.251128
47.71,-127.79,3.251128
47.71,-127.79,3.251128
47.71,-127.79,3.251128
47.71,-127.79,3.251128
47.71,-127.79,3.251128
47.71,-127.79,3.251128
47.71,-127.79,3.251128
47.71,-127.79,3.251128
47.71,-127.79,3.251128
47.71,-127.79,3.251128
47.71,-127.79,3.251128
47.71,-127.79,3.251128
47.71,-127.79,3.251128
47.71,-127.79,3.251128
47.71,-127.79,3.251128
47.71,-127.79,3.251128
47.71,-127.79,3.251128
47.71,-127.79,3.251128
47.71,-127.79,3.251128
47.71,-127.79,3.251128
48.96,-122.13,9.2849312
48.96,-122.1,9.2849312
48.95,-122.1,9.2849312
48.95,-122.11,9.2849312
48.95,-122.11,9.2849312
48.95,-122.11,9.2849312
48.94,-122.12,9.2849312
48.95,-122.1,9.2849312
48.95,-122.1,9.2849312
48.95,-122.12,9.2849312
48.95,-122.09,9.2849312
48.95,-122.09,9.2849312
48.96,-122.09,9.2849312
48.96,-122.08,9.2849312
48.96,-122.07,9.2849312
48.95,-122.08,9.2849312
48.95,-122.08,9.2849312
48.95,-122.08,9.2849312
48.94,-122.09,9.2849312
48.94,-122.08,9.2849312
48.96,-122.12,9.2849312
48.94,-122.09,9.2849312
48.94,-122.09,9.2849312
48.93,-122.1,9.2849312
48.94,-122.1,9.2849312
48.94,-122.08,9.2849312
48.93,-122.08,9.2849312
48.93,-122.09,9.2849312
48.93,-122.09,9.2849312
48.93,-122.09,9.2849312
48.93,-122.1,9.2849312
48.96,-122.11,9.2849312
48.93,-122.1,9.2849312
48.92,-122.11,9.2849312
48.92,-122.12,9.2849312
48.93,-122.12,9.2849312
48.93,-122.13,9.2849312
48.92,-122.13,9.2849312
48.93,-122.11,9.2849312
48.96,-122.11,9.2849312
48.93,-122.11,9.2849312
48.93,-122.11,9.2849312
48.93,-122.11,9.2849312
48.93,-122.11,9.2849312
48.93,-122.11,9.2849312
48.93,-122.11,9.2849312
48.93,-122.11,9.2849312
48.93,-122.11,9.2849312
48.93,-122.11,9.2849312
48.93,-122.11,9.2849312
48.96,-122.1,9.2849312
48.97,-122.1,9.2849312
48.97,-122.1,9.2849312
48.96,-122.09,9.2849312
51.92,-129.97,0.54942942
53.56,-131.43,7.0473046
