52.9,-133,10.251687
52.9,-132.9,9.9456406
52.8,-133,10.205028
52.8,-132.9,9.6735001
52.8,-132.8,9.4052095
52.8,-132.7,9.16572
52.7,-133,10.135544
52.7,-132.9,9.6746922
52.7,-132.8,9.2446842
52.7,-132.7,8.8780947
52.7,-132.6,8.6267166
52.7,-132.5,8.4137268
52.6,-133,10.062156
52.6,-132.9,9.6219625
52.6,-132.8,9.2080278
52.6,-132.7,8.8527012
52.6,-132.6,8.3670721
52.6,-132.5,8.0964499
52.6,-132.4,7.8585005
52.5,-133,10.081665
52.5,-132.9,9.594389
52.5,-132.8,9.1654892
52.5,-132.7,8.7669678
52.5,-132.6,8.2690525
52.5,-132.5,7.8614092
52.5,-132.4,7.5072641
52.5,-132.3,7.263514
52.5,-132.2,7.0473046
52.4,-133,9.9622736
52.4,-132.9,9.5388517
52.4,-132.8,9.1337156
52.4,-132.7,8.7626762
52.4,-132.6,8.2255468
52.4,-132.5,7.8294883
52.4,-132.4,7.4783649
52.4,-132.3,6.9767694
52.4,-132.2,6.6269221
52.4,-132.1,6.4411178
52.3,-133,9.925458
52.3,-132.9,9.4812927
52.3,-132.8,9.1036253
52.3,-132.7,8.7373829
52.3,-132.6,8.2207499
52.3,-132.5,7.7814918
52.3,-132.4,7.3945365
52.3,-132.3,6.9069557
52.3,-132.2,6.5528359
52.3,-132.1,6.1315002
52.3,-132,5.8991323
52.3,-131.9,5.7069907
52.2,-133,9.8937721
52.2,-132.9,9.4809332
52.2,-132.8,9.0911083
52.2,-132.7,8.6562033
52.2,-132.6,8.1380777
52.2,-132.5,7.7567616
52.2,-132.4,7.3790846
52.2,-132.3,6.8689847
52.2,-132.2,6.5335484
52.2,-132.1,6.103384
52.2,-132,5.6060786
52.2,-131.9,5.2623229
52.2,-131.8,5.1155453
52.1,-133,9.8512621
52.1,-132.9,9.4010239
52.1,-132.8,9.0457726
52.1,-132.7,8.6288662
52.1,-132.6,8.1041479
52.1,-132.5,7.7242274
52.1,-132.4,7.2990646
52.1,-132.3,6.8786426
52.1,-132.2,6.5393333
52.1,-132.1,6.0316091
52.1,-132,5.5098052
52.1,-131.9,5.1882062
52.1,-131.8,4.8235698
52.1,-131.7,4.5949821
52.1,-131.6,4.3941827
52,-133,9.7671232
52,-132.9,9.401001
52,-132.8,9.0070744
52,-132.7,8.6378374
52,-132.6,8.0787621
52,-132.5,7.6926084
52,-132.4,7.2970285
52,-132.3,6.8120012
52,-132.2,6.4422894
52,-132.1,5.9950004
52,-132,5.5063968
52,-131.9,5.1759038
52,-131.8,4.698607
52,-131.7,4.2701764
52,-131.6,3.8910007
52,-131.5,3.7449136
51.9,-133,9.6382027
51.9,-132.9,9.2794924
51.9,-132.8,8.8736343
51.9,-132.7,8.4629507
51.9,-132.6,8.0286398
51.9,-132.5,7.6406565
51.9,-132.4,7.2022071
51.9,-132.3,6.8069887
51.9,-132.2,6.4293656
51.9,-132.1,5.9007797
51.9,-132,5.4504056
51.9,-131.9,5.106514
51.9,-131.8,4.6319146
51.9,-131.7,4.1865687
51.9,-131.6,3.8115628
51.9,-131.5,3.4231694
51.9,-131.4,3.1120577
51.9,-131.3,2.9687309
51.8,-133,9.4690924
51.8,-132.9,9.0398436
51.8,-132.8,8.7335291
51.8,-132.7,8.2694111
51.8,-132.6,7.8180914
51.8,-132.5,7.5009928
51.8,-132.4,7.1138988
51.8,-132.3,6.7591367
51.8,-132.2,6.3673091
51.8,-132.1,5.8696952
51.8,-132,5.4520521
51.8,-131.9,5.108686
51.8,-131.8,4.6351194
51.8,-131.7,4.2268462
51.8,-131.6,3.7977731
51.8,-131.5,3.3097346
51.8,-131.4,2.8614974
51.8,-131.3,2.4903505
51.8,-131.2,2.342417
51.8,-131.1,2.2681541
51.7,-133,9.2488031
51.7,-132.9,8.8586254
51.7,-132.8,8.4530077
51.7,-132.7,8.0405283
51.7,-132.6,7.7122836
51.7,-132.5,7.3508148
51.7,-132.4,6.9453917
51.7,-132.3,6.5718794
51.7,-132.2,6.1386294
51.7,-132.1,5.7331195
51.7,-132,5.3433032
51.7,-131.9,4.9425797
51.7,-131.8,4.5916944
51.7,-131.7,4.2300801
51.7,-131.6,3.7537656
51.7,-131.5,3.2689898
51.7,-131.4,2.815316
51.7,-131.3,2.4524305
51.7,-131.2,2.0174174
51.7,-131.1,1.7531449
51.7,-131,1.6578137
51.6,-133,9.1039219
51.6,-132.9,8.6833944
51.6,-132.8,8.313221
51.6,-132.7,7.9020009
51.6,-132.6,7.4909329
51.6,-132.5,7.0990586
51.6,-132.4,6.759871
51.6,-132.3,6.313612
51.6,-132.2,5.9273005
51.6,-132.1,5.5338149
51.6,-132,5.1410193
51.6,-131.9,4.7505689
51.6,-131.8,4.3911538
51.6,-131.7,4.0363259
51.6,-131.6,3.5801663
51.6,-131.5,3.1870971
51.6,-131.4,2.8294253
51.6,-131.3,2.3376846
51.6,-131.2,1.9173995
51.6,-131.1,1.3250935
51.6,-131,1.1186436
51.6,-130.9,1.0559219
51.6,-130.8,0.98918939
51.5,-133,8.8292694
51.5,-132.9,8.3689089
51.5,-132.8,7.9705243
51.5,-132.7,7.6268287
51.5,-132.6,7.224854
51.5,-132.5,6.8149185
51.5,-132.4,6.439816
51.5,-132.3,6.0571346
51.5,-132.2,5.6993604
51.5,-132.1,5.3101625
51.5,-132,4.9135814
51.5,-131.9,4.4910865
51.5,-131.8,4.106339
51.5,-131.7,3.7567735
51.5,-131.6,3.3881516
51.5,-131.5,2.9848561
51.5,-131.4,2.6155059
51.5,-131.3,2.2390604
51.5,-131.2,1.8204286
51.5,-131.1,1.429468
51.5,-131,1.0794889
51.5,-130.9,0.68681836
51.5,-130.8,0.36398077
51.5,-130.7,0.3799772
51.4,-133,8.7149839
51.4,-132.9,8.2741194
51.4,-132.8,7.8379483
51.4,-132.7,7.374845
51.4,-132.6,6.9047694
51.4,-132.5,6.4717999
51.4,-132.4,6.1135354
51.4,-132.3,5.7199011
51.4,-132.2,5.3425574
51.4,-132.1,4.9362149
51.4,-132,4.4887223
51.4,-131.9,4.0347281
51.4,-131.8,3.6700897
51.4,-131.7,3.2844329
51.4,-131.6,2.9136415
51.4,-131.5,2.546818
51.4,-131.4,2.1553645
51.4,-131.3,1.7622818
51.4,-131.2,1.3335794
51.4,-131.1,1.0461404
51.4,-131,0.60121328
51.4,-130.9,0.30413061
51.4,-130.8,0.051265415
51.4,-130.7,0.24911164
51.4,-130.6,0.32951102
51.4,-130.5,0.54942942
51.3,-133,8.6665907
51.3,-132.9,8.2173691
51.3,-132.8,7.8066769
51.3,-132.7,7.2401032
51.3,-132.6,6.8206892
51.3,-132.5,6.4054608
51.3,-132.4,5.8589997
51.3,-132.3,5.4524202
51.3,-132.2,5.0456052
51.3,-132.1,4.5919585
51.3,-132,4.2307296
51.3,-131.9,3.7615917
51.3,-131.8,3.2976398
51.3,-131.7,2.9205713
51.3,-131.6,2.5321605
51.3,-131.5,2.1395595
51.3,-131.4,1.746336
51.3,-131.3,1.3470008
51.3,-131.2,0.88715291
51.3,-131.1,0.47894299
51.3,-131,0.12469516
51.3,-130.9,0.005181704
51.3,-130.8,0.28060353
51.3,-130.7,0.49348292
51.3,-130.6,0.56847018
51.3,-130.5,0.76960862
51.3,-130.4,0.89558804
51.2,-133,8.7142229
51.2,-132.9,8.3014374
51.2,-132.8,7.9746003
51.2,-132.7,7.4845967
51.2,-132.6,7.0174093
51.2,-132.5,6.5835552
51.2,-132.4,6.1270685
51.2,-132.3,5.6778116
51.2,-132.2,5.260262
51.2,-132.1,4.7964115
51.2,-132,4.3167119
51.2,-131.9,3.8857965
51.2,-131.8,3.4259875
51.2,-131.7,2.8340435
51.2,-131.6,2.4309554
51.2,-131.5,1.8897367
51.2,-131.4,1.5153815
51.2,-131.3,1.0407032
51.2,-131.2,0.59149379
51.2,-131.1,0.17045674
51.2,-131,0.1244984
51.2,-130.9,0.25388631
51.2,-130.8,0.45465016
51.2,-130.7,0.6126014
51.2,-130.6,0.76498282
51.2,-130.5,0.91700733
51.2,-130.4,1.0838873
51.2,-130.3,1.238132
51.1,-133,8.8474684
51.1,-132.9,8.350297
51.1,-132.8,8.0547953
51.1,-132.7,7.6622152
51.1,-132.6,7.1924763
51.1,-132.5,6.7411451
51.1,-132.4,6.3606462
51.1,-132.3,5.9101954
51.1,-132.2,5.499589
51.1,-132.1,5.1258335
51.1,-132,4.6140332
51.1,-131.9,4.1883259
51.1,-131.8,3.8079429
51.1,-131.7,3.2911441
51.1,-131.6,2.8142316
51.1,-131.5,2.3925564
51.1,-131.4,1.8972396
51.1,-131.3,1.4822551
51.1,-131.2,1.0395033
51.1,-131.1,0.54373425
51.1,-131,0.13001463
51.1,-130.9,0.15577911
51.1,-130.8,0.30177656
51.1,-130.7,0.56679046
51.1,-130.6,0.74085122
51.1,-130.5,0.93307167
51.1,-130.4,1.1465209
51.1,-130.3,1.3346676
51,-133,8.956377
51,-132.9,8.4207716
51,-132.8,8.127203
51,-132.7,7.7864971
51,-132.6,7.4285464
51,-132.5,6.9142613
51,-132.4,6.5362368
51,-132.3,6.1358838
51,-132.2,5.7575088
51,-132.1,5.3963561
51,-132,5.0263433
51,-131.9,4.460844
51,-131.8,4.088974
51,-131.7,3.7048204
51,-131.6,3.2682672
51,-131.5,2.7648547
51,-131.4,2.3912356
51,-131.3,1.8952222
51,-131.2,1.504055
51,-131.1,1.0753305
51,-131,0.57481492
51,-130.9,0.14290178
51,-130.8,0.066216543
51,-130.7,0.28703818
51,-130.6,0.53908294
51,-130.5,0.73338938
51,-130.4,0.9254458
51,-130.3,1.1560814
51,-130.2,1.3150235
50.9,-133,9.0712938
50.9,-132.9,8.5441809
50.9,-132.8,8.2153788
50.9,-132.7,7.9289751
50.9,-132.6,7.5271311
50.9,-132.5,7.1565623
50.9,-132.4,6.689847
50.9,-132.3,6.3243589
50.9,-132.2,5.9402661
50.9,-132.1,5.5787497
50.9,-132,5.2746153
50.9,-131.9,4.8303652
50.9,-131.8,4.2955585
50.9,-131.7,3.996784
50.9,-131.6,3.6287527
50.9,-131.5,3.2217321
50.9,-131.4,2.7323358
50.9,-131.3,2.3443739
50.9,-131.2,1.8939798
50.9,-131.1,1.5242249
50.9,-131,1.1107404
50.9,-130.9,0.62095869
50.9,-130.8,0.21346927
50.9,-130.7,0.056436434
50.9,-130.6,0.27465233
50.9,-130.5,0.50269502
50.9,-130.4,0.70331126
50.9,-130.3,0.90791386
50.9,-130.2,1.1443034
50.9,-130.1,1.3081136
50.8,-133,9.1537037
50.8,-132.9,8.6281586
50.8,-132.8,8.2775965
50.8,-132.7,7.9948759
50.8,-132.6,7.6443906
50.8,-132.5,7.3441653
50.8,-132.4,6.8736019
50.8,-132.3,6.4823666
50.8,-132.2,6.1372848
50.8,-132.1,5.7976794
50.8,-132,5.4715486
50.8,-131.9,5.1330276
50.8,-131.8,4.637836
50.8,-131.7,4.2357306
50.8,-131.6,3.9181156
50.8,-131.5,3.5213866
50.8,-131.4,3.1790361
50.8,-131.3,2.7197523
50.8,-131.2,2.2854288
50.8,-131.1,1.890553
50.8,-131,1.5417339
50.8,-130.9,1.1400825
50.8,-130.8,0.67383915
50.8,-130.7,0.24496438
50.8,-130.6,0.047441658
50.8,-130.5,0.266285
50.8,-130.4,0.47550514
50.8,-130.3,0.66500133
50.8,-130.2,0.88870472
50.8,-130.1,1.1354907
50.8,-130,1.3011578
50.7,-133,9.2095013
50.7,-132.9,8.7731552
50.7,-132.8,8.3645439
50.7,-132.7,8.0780478
50.7,-132.6,7.7714257
50.7,-132.5,7.449698
50.7,-132.4,7.0340185
50.7,-132.3,6.6453509
50.7,-132.2,6.2813673
50.7,-132.1,5.9559546
50.7,-132,5.6491332
50.7,-131.9,5.361022
50.7,-131.8,4.967329
50.7,-131.7,4.5127721
50.7,-131.6,4.1591563
50.7,-131.5,3.8568661
50.7,-131.4,3.4691541
50.7,-131.3,3.0739164
50.7,-131.2,2.6720402
50.7,-131.1,2.265857
50.7,-131,1.8958869
50.7,-130.9,1.5578594
50.7,-130.8,1.1669511
50.7,-130.7,0.72315717
50.7,-130.6,0.28813139
50.7,-130.5,0.029021155
50.7,-130.4,0.23594135
50.7,-130.3,0.43460324
50.7,-130.2,0.62424964
50.7,-130.1,0.8684811
50.7,-130,1.1186323
50.7,-129.9,1.2919488
50.6,-133,9.2571964
50.6,-132.9,8.8317852
50.6,-132.8,8.4249668
50.6,-132.7,8.1476374
50.6,-132.6,7.8727593
50.6,-132.5,7.5823331
50.6,-132.4,7.2626901
50.6,-132.3,6.8378878
50.6,-132.2,6.4453282
50.6,-132.1,6.1380486
50.6,-132,5.8360548
50.6,-131.9,5.5441484
50.6,-131.8,5.2335658
50.6,-131.7,4.820065
50.6,-131.6,4.3574443
50.6,-131.5,4.0776505
50.6,-131.4,3.7775559
50.6,-131.3,3.4275897
50.6,-131.2,3.0330584
50.6,-131.1,2.6327369
50.6,-131,2.2394874
50.6,-130.9,1.8976158
50.6,-130.8,1.5733372
50.6,-130.7,1.1921684
50.6,-130.6,0.77037561
50.6,-130.5,0.32655609
50.6,-130.4,0.032664817
50.6,-130.3,0.22272101
50.6,-130.2,0.40240699
50.6,-130.1,0.58891767
50.6,-130,0.825252
50.6,-129.9,1.0974684
50.6,-129.8,1.2840617
50.5,-133,9.2620153
50.5,-132.9,8.7947226
50.5,-132.8,8.4529915
50.5,-132.7,8.1739902
50.5,-132.6,7.9123201
50.5,-132.5,7.5608602
50.5,-132.4,7.2833323
50.5,-132.3,6.9423237
50.5,-132.2,6.5550308
50.5,-132.1,6.2727418
50.5,-132,5.9949989
50.5,-131.9,5.723002
50.5,-131.8,5.4426622
50.5,-131.7,5.108952
50.5,-131.6,4.6901741
50.5,-131.5,4.2921658
50.5,-131.4,4.0078249
50.5,-131.3,3.6882789
50.5,-131.2,3.365737
50.5,-131.1,2.9922266
50.5,-131,2.6022029
50.5,-130.9,2.2212367
50.5,-130.8,1.8999584
50.5,-130.7,1.5896696
50.5,-130.6,1.2133819
50.5,-130.5,0.79885876
50.5,-130.4,0.37715489
50.5,-130.3,0.06584172
50.5,-130.2,0.21618189
50.5,-130.1,0.36432099
50.5,-130,0.55196816
50.5,-129.9,0.80573833
50.5,-129.8,1.0826941
50.5,-129.7,1.2723374
50.4,-133,9.1314888
50.4,-132.9,8.7239456
50.4,-132.8,8.4488401
50.4,-132.7,8.171092
50.4,-132.6,7.7739496
50.4,-132.5,7.3725815
50.4,-132.4,7.1291661
50.4,-132.3,6.8702784
50.4,-132.2,6.5338926
50.4,-132.1,6.2014227
50.4,-132,5.8925514
50.4,-131.9,5.5816069
50.4,-131.8,5.3189602
50.4,-131.7,5.0336237
50.4,-131.6,4.6274538
50.4,-131.5,4.2645683
50.4,-131.4,3.9754989
50.4,-131.3,3.7103565
50.4,-131.2,3.4871676
50.4,-131.1,3.2728696
50.4,-131,2.8807857
50.4,-130.9,2.4633088
50.4,-130.8,2.1809878
50.4,-130.7,1.8565171
50.4,-130.6,1.5613632
50.4,-130.5,1.192354
50.4,-130.4,0.8303045
50.4,-130.3,0.44637334
50.4,-130.2,0.10533293
50.4,-130.1,0.14511749
50.4,-130,0.33520651
50.4,-129.9,0.52297246
50.4,-129.8,0.7868275
50.4,-129.7,1.0622153
50.4,-129.6,1.2588239
50.3,-133,9.163106
50.3,-132.9,8.7840338
50.3,-132.8,8.4765682
50.3,-132.7,8.182436
50.3,-132.6,7.9041619
50.3,-132.5,7.4994445
50.3,-132.4,7.1042094
50.3,-132.3,6.8141055
50.3,-132.2,6.5399995
50.3,-132.1,6.1983953
50.3,-132,5.8326168
50.3,-131.9,5.4565701
50.3,-131.8,5.1860232
50.3,-131.7,4.901896
50.3,-131.6,4.4986343
50.3,-131.5,4.0982361
50.3,-131.4,3.8121622
50.3,-131.3,3.5619993
50.3,-131.2,3.3039234
50.3,-131.1,3.013694
50.3,-131,2.6746299
50.3,-130.9,2.2973597
50.3,-130.8,2.0427854
50.3,-130.7,1.7883364
50.3,-130.6,1.4862124
50.3,-130.5,1.1225811
50.3,-130.4,0.72072011
50.3,-130.3,0.41800436
50.3,-130.2,0.17911914
50.3,-130.1,0.089655779
50.3,-130,0.30801541
50.3,-129.9,0.4785977
50.3,-129.8,0.54671323
50.3,-129.7,0.80569011
50.3,-129.6,1.087785
50.3,-129.5,1.2786796
50.3,-129.4,1.3816251
50.2,-133,9.2797718
50.2,-132.9,8.9949322
50.2,-132.8,8.6290035
50.2,-132.7,8.2577057
50.2,-132.6,7.8930016
50.2,-132.5,7.588665
50.2,-132.4,7.2088289
50.2,-132.3,6.7808828
50.2,-132.2,6.4894629
50.2,-132.1,6.2735786
50.2,-132,5.9595079
50.2,-131.9,5.5175643
50.2,-131.8,5.1935787
50.2,-131.7,4.9038839
50.2,-131.6,4.6312957
50.2,-131.5,4.2145138
50.2,-131.4,3.8246074
50.2,-131.3,3.5444703
50.2,-131.2,3.2699986
50.2,-131.1,2.9011669
50.2,-131,2.5910597
50.2,-130.9,2.2556143
50.2,-130.8,1.916352
50.2,-130.7,1.640275
50.2,-130.6,1.2698259
50.2,-130.5,0.81750149
50.2,-130.4,0.54375982
50.2,-130.3,0.28004923
50.2,-130.2,0.035759509
50.2,-130.1,0.29965574
50.2,-130,0.51327324
50.2,-129.9,0.57892931
50.2,-129.8,0.72064608
50.2,-129.7,0.93372899
50.2,-129.6,1.1879689
50.2,-129.5,1.366477
50.2,-129.4,1.5338509
50.2,-129.3,1.7557638
50.1,-133,9.4661102
50.1,-132.9,9.1002016
50.1,-132.8,8.6974697
50.1,-132.7,8.3342581
50.1,-132.6,7.9867687
50.1,-132.5,7.6878366
50.1,-132.4,7.3883481
50.1,-132.3,7.1162996
50.1,-132.2,6.7138076
50.1,-132.1,6.2649603
50.1,-132,5.8802094
50.1,-131.9,5.5788136
50.1,-131.8,5.2690353
50.1,-131.7,4.9079165
50.1,-131.6,4.5450921
50.1,-131.5,4.2178149
50.1,-131.4,3.8954906
50.1,-131.3,3.5238149
50.1,-131.2,3.144516
50.1,-131.1,2.7495167
50.1,-131,2.5123525
50.1,-130.9,2.176656
50.1,-130.8,1.8299704
50.1,-130.7,1.6032125
50.1,-130.6,1.3741674
50.1,-130.5,1.0043007
50.1,-130.4,0.64635819
50.1,-130.3,0.25919998
50.1,-130.2,0.024990292
50.1,-130.1,0.26432455
50.1,-130,0.43329665
50.1,-129.9,0.54455233
50.1,-129.8,0.81750208
50.1,-129.7,1.0788944
50.1,-129.6,1.348912
50.1,-129.5,1.3951766
50.1,-129.4,1.6226894
50.1,-129.3,1.8740299
50.1,-129.2,2.02632
50.1,-129.1,2.1775608
50,-133,9.6526537
50,-132.9,9.2344551
50,-132.8,8.8453493
50,-132.7,8.424161
50,-132.6,8.1098404
50,-132.5,7.7721639
50,-132.4,7.3978391
50,-132.3,7.0745025
50,-132.2,6.674788
50,-132.1,6.2836967
50,-132,5.9913845
50,-131.9,5.6353683
50,-131.8,5.2583055
50,-131.7,4.9114594
50,-131.6,4.6306033
50,-131.5,4.2566628
50,-131.4,3.8906763
50,-131.3,3.4854021
50,-131.2,3.2185445
50,-131.1,2.925416
50,-131,2.5316038
50,-130.9,2.1539931
50,-130.8,1.8891773
50,-130.7,1.4971821
50,-130.6,1.1635324
50,-130.5,0.80564916
50,-130.4,0.44669709
50,-130.3,0.095766999
50,-130.2,0.037345998
50,-130.1,0.26309207
50,-130,0.53162211
50,-129.9,0.78848779
50,-129.8,0.9259997
50,-129.7,1.1147752
50,-129.6,1.3141239
50,-129.5,1.449568
50,-129.4,1.6612254
50,-129.3,1.9045137
50,-129.2,2.075778
50,-129.1,2.210799
50,-129,2.4567442
50,-128.9,2.7159307
49.9,-133,9.8579617
49.9,-132.9,9.3788929
49.9,-132.8,8.9588757
49.9,-132.7,8.5698385
49.9,-132.6,8.1893425
49.9,-132.5,7.7730217
49.9,-132.4,7.4277163
49.9,-132.3,7.1069994
49.9,-132.2,6.7213326
49.9,-132.1,6.2784753
49.9,-132,5.9897184
49.9,-131.9,5.5864968
49.9,-131.8,5.1855798
49.9,-131.7,4.9018316
49.9,-131.6,4.5010138
49.9,-131.5,4.1425385
49.9,-131.4,3.7033322
49.9,-131.3,3.3404329
49.9,-131.2,3.0755317
49.9,-131.1,2.7078705
49.9,-131,2.3096428
49.9,-130.9,2.0083344
49.9,-130.8,1.7424561
49.9,-130.7,1.3554859
49.9,-130.6,0.97339278
49.9,-130.5,0.6912722
49.9,-130.4,0.39100677
49.9,-130.3,0.054716386
49.9,-130.2,0.13348141
49.9,-130.1,0.32915044
49.9,-130,0.57908922
49.9,-129.9,0.75498575
49.9,-129.8,0.85431385
49.9,-129.7,1.1044304
49.9,-129.6,1.2613902
49.9,-129.5,1.3744208
49.9,-129.4,1.6342417
49.9,-129.3,1.9120995
49.9,-129.2,2.1646132
49.9,-129.1,2.1917324
49.9,-129,2.446527
49.9,-128.9,2.6933081
49.9,-128.8,2.9396369
49.9,-128.7,3.0852563
49.9,-128.6,3.2735121
49.8,-133,9.9950094
49.8,-132.9,9.5712004
49.8,-132.8,9.1513948
49.8,-132.7,8.7316942
49.8,-132.6,8.3024406
49.8,-132.5,7.8924842
49.8,-132.4,7.5904851
49.8,-132.3,7.1882439
49.8,-132.2,6.7778125
49.8,-132.1,6.3562865
49.8,-132,5.9887238
49.8,-131.9,5.5900216
49.8,-131.8,5.185513
49.8,-131.7,4.9026642
49.8,-131.6,4.4966235
49.8,-131.5,4.0893698
49.8,-131.4,3.6814716
49.8,-131.3,3.2990453
49.8,-131.2,2.9945607
49.8,-131.1,2.549773
49.8,-131,2.1614223
49.8,-130.9,1.8747553
49.8,-130.8,1.481598
49.8,-130.7,1.0900011
49.8,-130.6,0.8279742
49.8,-130.5,0.4402622
49.8,-130.4,0.077341512
49.8,-130.3,0.038905505
49.8,-130.2,0.23042305
49.8,-130.1,0.48245385
49.8,-130,0.68996334
49.8,-129.9,0.8664121
49.8,-129.8,1.026804
49.8,-129.7,1.2206684
49.8,-129.6,1.3861274
49.8,-129.5,1.5538604
49.8,-129.4,1.765541
49.8,-129.3,1.9643056
49.8,-129.2,2.1261485
49.8,-129.1,2.2607005
49.8,-129,2.5047464
49.8,-128.9,2.7026415
49.8,-128.8,2.8893144
49.8,-128.7,3.0467122
49.8,-128.6,3.2898216
49.8,-128.5,3.4346452
49.8,-128.4,3.5512867
49.7,-133,10.132484
49.7,-132.9,9.7363605
49.7,-132.8,9.2817745
49.7,-132.7,8.8476305
49.7,-132.6,8.435998
49.7,-132.5,8.1063595
49.7,-132.4,7.7426991
49.7,-132.3,7.3236165
49.7,-132.2,6.9051566
49.7,-132.1,6.4709082
49.7,-132,6.0492558
49.7,-131.9,5.6201091
49.7,-131.8,5.2448978
49.7,-131.7,4.9065986
49.7,-131.6,4.4980187
49.7,-131.5,4.0883317
49.7,-131.4,3.6790032
49.7,-131.3,3.2701988
49.7,-131.2,2.8682332
49.7,-131.1,2.467037
49.7,-131,2.093544
49.7,-130.9,1.7124183
49.7,-130.8,1.4192683
49.7,-130.7,1.0600046
49.7,-130.6,0.66840225
49.7,-130.5,0.30761999
49.7,-130.4,0.003239736
49.7,-130.3,0.12676401
49.7,-130.2,0.34427413
49.7,-130.1,0.59459901
49.7,-130,0.81866735
49.7,-129.9,0.99685103
49.7,-129.8,1.1378148
49.7,-129.7,1.369548
49.7,-129.6,1.4989041
49.7,-129.5,1.6349992
49.7,-129.4,1.8923547
49.7,-129.3,2.0345488
49.7,-129.2,2.1725276
49.7,-129.1,2.4151556
49.7,-129,2.5886772
49.7,-128.9,2.758682
49.7,-128.8,2.9495869
49.7,-128.7,3.1909716
49.7,-128.6,3.3496139
49.7,-128.5,3.4925587
49.7,-128.4,3.6840801
49.7,-128.3,3.8900869
49.7,-128.2,4.0873375
49.7,-128.1,4.2815824
49.6,-133,10.415531
49.6,-132.9,9.9412346
49.6,-132.8,9.5241137
49.6,-132.7,9.0972061
49.6,-132.6,8.650259
49.6,-132.5,8.2780733
49.6,-132.4,7.8784084
49.6,-132.3,7.4558258
49.6,-132.2,7.0110321
49.6,-132.1,6.5797729
49.6,-132,6.1613803
49.6,-131.9,5.7472997
49.6,-131.8,5.3179684
49.6,-131.7,4.9115458
49.6,-131.6,4.4967523
49.6,-131.5,4.0880022
49.6,-131.4,3.6790452
49.6,-131.3,3.2689266
49.6,-131.2,2.8616571
49.6,-131.1,2.4616263
49.6,-131,2.0667417
49.6,-130.9,1.7038416
49.6,-130.8,1.3629999
49.6,-130.7,0.9088698
49.6,-130.6,0.49088517
49.6,-130.5,0.13831966
49.6,-130.4,0.15203224
49.6,-130.3,0.29129371
49.6,-130.2,0.54499871
49.6,-130.1,0.68830746
49.6,-130,0.81696123
49.6,-129.9,1.0505846
49.6,-129.8,1.2102394
49.6,-129.7,1.3630008
49.6,-129.6,1.5721344
49.6,-129.5,1.7386268
49.6,-129.4,1.9204938
49.6,-129.3,2.0913544
49.6,-129.2,2.2453136
49.6,-129.1,2.444448
49.6,-129,2.6268542
49.6,-128.9,2.7824318
49.6,-128.8,2.9997804
49.6,-128.7,3.2621055
49.6,-128.6,3.4042203
49.6,-128.5,3.5584064
49.6,-128.4,3.8150001
49.6,-128.3,3.9486303
49.6,-128.2,4.0898809
49.6,-128.1,4.3255701
49.6,-128,4.4724154
49.6,-127.9,4.6360407
49.5,-133,10.36
49.5,-132.9,9.9415302
49.5,-132.8,9.5219917
49.5,-132.7,9.1055622
49.5,-132.6,8.6758223
49.5,-132.5,8.2637978
49.5,-132.4,7.8320198
49.5,-132.3,7.5408411
49.5,-132.2,7.0688615
49.5,-132.1,6.6345043
49.5,-132,6.1541195
49.5,-131.9,5.7281494
49.5,-131.8,5.3166704
49.5,-131.7,4.9049973
49.5,-131.6,4.4938316
49.5,-131.5,4.0823479
49.5,-131.4,3.6728766
49.5,-131.3,3.2823408
49.5,-131.2,2.8866863
49.5,-131.1,2.3417242
49.5,-131,1.9682469
49.5,-130.9,1.5894555
49.5,-130.8,1.1447088
49.5,-130.7,0.7576704
49.5,-130.6,0.37908909
49.5,-130.5,0.034640774
49.5,-130.4,0.26176158
49.5,-130.3,0.3888905
49.5,-130.2,0.54499942
49.5,-130.1,0.77236933
49.5,-130,0.91379207
49.5,-129.9,1.0801922
49.5,-129.8,1.3001955
49.5,-129.7,1.4589475
49.5,-129.6,1.6349972
49.5,-129.5,1.8076596
49.5,-129.4,1.9680634
49.5,-129.3,2.18764
49.5,-129.2,2.334626
49.5,-129.1,2.4692869
49.5,-129,2.7250006
49.5,-128.9,2.8643365
49.5,-128.8,2.9984477
49.5,-128.7,3.2408164
49.5,-128.6,3.3925247
49.5,-128.5,3.5429993
49.5,-128.4,3.807657
49.5,-128.3,3.95047
49.5,-128.2,4.0965099
49.5,-128.1,4.3599987
49.5,-128,4.4945111
49.5,-127.9,4.6366882
49.5,-127.8,4.909544
49.5,-127.7,5.1521845
49.5,-127.6,5.2519073
49.4,-133,10.425407
49.4,-132.9,10.048261
49.4,-132.8,9.6552467
49.4,-132.7,9.2636538
49.4,-132.6,8.8767309
49.4,-132.5,8.5455561
49.4,-132.4,8.0431652
49.4,-132.3,7.5923038
49.4,-132.2,7.1792407
49.4,-132.1,6.7394185
49.4,-132,6.297924
49.4,-131.9,5.869123
49.4,-131.8,5.3972735
49.4,-131.7,5.0112023
49.4,-131.6,4.5403132
49.4,-131.5,4.1142712
49.4,-131.4,3.5951321
49.4,-131.3,3.0707445
49.4,-131.2,2.7692418
49.4,-131.1,2.3839319
49.4,-131,1.9521033
49.4,-130.9,1.531244
49.4,-130.8,1.1165148
49.4,-130.7,0.69479877
49.4,-130.6,0.28549013
49.4,-130.5,1.18156E-05
49.4,-130.4,0.25784352
49.4,-130.3,0.40052316
49.4,-130.2,0.55856895
49.4,-130.1,0.80627406
49.4,-130,0.95119375
49.4,-129.9,1.106492
49.4,-129.8,1.3035126
49.4,-129.7,1.4869003
49.4,-129.6,1.6858555
49.4,-129.5,1.9074374
49.4,-129.4,2.0418246
49.4,-129.3,2.2006741
49.4,-129.2,2.4497054
49.4,-129.1,2.5727165
49.4,-129,2.7243419
49.4,-128.9,2.950536
49.4,-128.8,3.0963631
49.4,-128.7,3.2602122
49.4,-128.6,3.4040568
49.4,-128.5,3.5529387
49.4,-128.4,3.7650971
49.4,-128.3,3.9360332
49.4,-128.2,4.1053147
49.4,-128.1,4.3528109
49.4,-128,4.4936318
49.4,-127.9,4.637691
49.4,-127.8,4.9049973
49.4,-127.7,5.0672545
49.4,-127.6,5.1944108
49.4,-127.5,5.4496636
49.4,-127.4,5.7229991
49.4,-127.3,5.8518248
49.3,-133,10.509561
49.3,-132.9,10.201225
49.3,-132.8,9.8134394
49.3,-132.7,9.4747524
49.3,-132.6,9.121233
49.3,-132.5,8.7654867
49.3,-132.4,8.4054251
49.3,-132.3,7.9990983
49.3,-132.2,7.6600165
49.3,-132.1,7.2812934
49.3,-132,6.9228687
49.3,-131.9,6.4632792
49.3,-131.8,6.0577393
49.3,-131.7,5.6281185
49.3,-131.6,5.2454982
49.3,-131.5,4.77245
49.3,-131.4,4.347939
49.3,-131.3,3.8568907
49.3,-131.2,3.2288933
49.3,-131.1,2.8917632
49.3,-131,2.3660789
49.3,-130.9,1.9048276
49.3,-130.8,1.4477499
49.3,-130.7,0.98994052
49.3,-130.6,0.51610363
49.3,-130.5,0.096771091
49.3,-130.4,1.13225E-06
49.3,-130.3,0.31547064
49.3,-130.2,0.5372262
49.3,-130.1,0.7383095
49.3,-130,0.90232152
49.3,-129.9,1.0966152
49.3,-129.8,1.3010836
49.3,-129.7,1.4554832
49.3,-129.6,1.6339303
49.3,-129.5,1.8969511
49.3,-129.4,2.0415614
49.3,-129.3,2.1800029
49.3,-129.2,2.4474771
49.3,-129.1,2.5939279
49.3,-129,2.7365885
49.3,-128.9,2.9673741
49.3,-128.8,3.1207442
49.3,-128.7,3.2613144
49.3,-128.6,3.4264293
49.3,-128.5,3.6064379
49.3,-128.4,3.8161221
49.3,-128.3,3.9552622
49.3,-128.2,4.1076713
49.3,-128.1,4.3514991
49.3,-128,4.4923477
49.3,-127.9,4.6330004
49.3,-127.8,4.9004054
49.3,-127.7,5.0489473
49.3,-127.6,5.1911092
49.3,-127.5,5.4467926
49.3,-127.4,5.6326947
49.3,-127.3,5.7818227
49.3,-127.2,5.9976263
49.3,-127.1,6.2185445
49.2,-133,10.566708
49.2,-132.9,10.279048
49.2,-132.8,9.9449997
49.2,-132.7,9.6136503
49.2,-132.6,9.3164043
49.2,-132.5,8.9545355
49.2,-132.4,8.6565409
49.2,-132.3,8.306448
49.2,-132.2,7.9624901
49.2,-132.1,7.666533
49.2,-132,7.3691058
49.2,-131.9,7.036747
49.2,-131.8,6.6741533
49.2,-131.7,6.2786074
49.2,-131.6,5.8904166
49.2,-131.5,5.5059352
49.2,-131.4,5.125473
49.2,-131.3,4.725873
49.2,-131.2,4.3085704
49.2,-131.1,3.9133804
49.2,-131,3.4877028
49.2,-130.9,3.0631564
49.2,-130.8,2.6014407
49.2,-130.7,2.1673021
49.2,-130.6,1.6985241
49.2,-130.5,1.2268682
49.2,-130.4,0.77290517
49.2,-130.3,0.41013151
49.2,-130.2,0.11334541
49.2,-130.1,0.20254479
49.2,-130,0.58326447
49.2,-129.9,0.7101835
49.2,-129.8,1.0611278
49.2,-129.7,1.2891575
49.2,-129.6,1.5198852
49.2,-129.5,1.7575538
49.2,-129.4,1.9898286
49.2,-129.3,2.1800005
49.2,-129.2,2.3781426
49.2,-129.1,2.577539
49.2,-129,2.7905393
49.2,-128.9,3.0559139
49.2,-128.8,3.1512382
49.2,-128.7,3.2810533
49.2,-128.6,3.4212584
49.2,-128.5,3.5768967
49.2,-128.4,3.8025918
49.2,-128.3,3.9386008
49.2,-128.2,4.0897994
49.2,-128.1,4.3584323
49.2,-128,4.5026851
49.2,-127.9,4.644721
49.2,-127.8,4.8900409
49.2,-127.7,5.0389795
49.2,-127.6,5.1830544
49.2,-127.5,5.4070144
49.2,-127.4,5.5990472
49.2,-127.3,5.7812686
49.2,-127.2,5.9882221
49.2,-127.1,6.1393676
49.2,-127,6.2736936
49.2,-126.9,6.5318298
49.2,-126.8,6.6840925
49.1,-133,10.607159
49.1,-132.9,10.34011
49.1,-132.8,10.052853
49.1,-132.7,9.7550735
49.1,-132.6,9.4707222
49.1,-132.5,9.1832094
49.1,-132.4,8.8575201
49.1,-132.3,8.5617571
49.1,-132.2,8.2363787
49.1,-132.1,7.9145961
49.1,-132,7.6235733
49.1,-131.9,7.4263186
49.1,-131.8,7.1408753
49.1,-131.7,6.813036
49.1,-131.6,6.4820476
49.1,-131.5,6.1110196
49.1,-131.4,5.7520885
49.1,-131.3,5.392241
49.1,-131.2,5.0373712
49.1,-131.1,4.6742711
49.1,-131,4.2793279
49.1,-130.9,3.9511602
49.1,-130.8,3.6101909
49.1,-130.7,3.2074366
49.1,-130.6,2.7930217
49.1,-130.5,2.3807921
49.1,-130.4,1.9728292
49.1,-130.3,1.5372992
49.1,-130.2,1.0884838
49.1,-130.1,0.67941016
49.1,-130,0.30560097
49.1,-129.9,0.20419745
49.1,-129.8,0.32415673
49.1,-129.7,0.57424843
49.1,-129.6,0.82492334
49.1,-129.5,1.125061
49.1,-129.4,1.3478453
49.1,-129.3,1.6374265
49.1,-129.2,1.8879606
49.1,-129.1,2.1360242
49.1,-129,2.3481965
49.1,-128.9,2.6050727
49.1,-128.8,2.8598702
49.1,-128.7,3.0358994
49.1,-128.6,3.3163073
49.1,-128.5,3.5179641
49.1,-128.4,3.7639959
49.1,-128.3,3.8800023
49.1,-128.2,4.0668325
49.1,-128.1,4.2758665
49.1,-128,4.4740462
49.1,-127.9,4.667943
49.1,-127.8,4.9146733
49.1,-127.7,5.0304694
49.1,-127.6,5.1780028
49.1,-127.5,5.4282537
49.1,-127.4,5.5801253
49.1,-127.3,5.7319045
49.1,-127.2,5.9803958
49.1,-127.1,6.1239147
49.1,-127,6.268003
49.1,-126.9,6.5348334
49.1,-126.8,6.6792755
49.1,-126.7,6.8271403
49,-133,10.563363
49,-132.9,10.358343
49,-132.8,10.076654
49,-132.7,9.7995567
49,-132.6,9.536068
49,-132.5,9.2634773
49,-132.4,9.0052128
49,-132.3,8.7396259
49,-132.2,8.455925
49,-132.1,8.1750011
49,-132,7.8624864
49,-131.9,7.599884
49,-131.8,7.4336581
49,-131.7,7.2462897
49,-131.6,6.9261241
49,-131.5,6.6286297
49,-131.4,6.2895288
49,-131.3,5.9423637
49,-131.2,5.6275749
49,-131.1,5.2811427
49,-131,4.960433
49,-130.9,4.6163707
49,-130.8,4.2600389
49,-130.7,3.9987664
49,-130.6,3.7229092
49,-130.5,3.3728561
49,-130.4,2.9645836
49,-130.3,2.5948668
49,-130.2,2.2065814
49,-130.1,1.8187212
49,-130,1.4009835
49,-129.9,0.95488894
49,-129.8,0.59405571
49,-129.7,0.33814844
49,-129.6,0.18594062
49,-129.5,0.30543268
49,-129.4,0.60623562
49,-129.3,0.90164566
49,-129.2,1.1776359
49,-129.1,1.4348531
49,-129,1.7481714
49,-128.9,2.0014477
49,-128.8,2.2600608
49,-128.7,2.5147243
49,-128.6,2.7717795
49,-128.5,2.9651117
49,-128.4,3.2341127
49,-128.3,3.4966569
49,-128.2,3.7131572
49,-128.1,3.8899777
49,-128,4.1324749
49,-127.9,4.327898
49,-127.8,4.5672202
49,-127.7,4.8205023
49,-127.6,5.0278034
49,-127.5,5.2593989
49,-127.4,5.4919152
49,-127.3,5.6652613
49,-127.2,5.8526158
49,-127.1,6.0726247
49,-127,6.2680011
49,-126.9,6.4532409
49,-126.8,6.6336985
49,-126.7,6.8421292
49,-126.6,7.0821428
49,-126.5,7.2214351
48.9,-133,10.493002
48.9,-132.9,10.360002
48.9,-132.8,10.084454
48.9,-132.7,9.8174362
48.9,-132.6,9.5352316
48.9,-132.5,9.2634916
48.9,-132.4,8.9919863
48.9,-132.3,8.7206202
48.9,-132.2,8.4482365
48.9,-132.1,8.1784372
48.9,-132,7.9021311
48.9,-131.9,7.6309414
48.9,-131.8,7.4348135
48.9,-131.7,7.2480979
48.9,-131.6,6.9625425
48.9,-131.5,6.6876078
48.9,-131.4,6.4478998
48.9,-131.3,6.2129312
48.9,-131.2,6.028017
48.9,-131.1,5.7164998
48.9,-131,5.4206033
48.9,-130.9,5.1364031
48.9,-130.8,4.8392096
48.9,-130.7,4.5020385
48.9,-130.6,4.2054586
48.9,-130.5,3.9766371
48.9,-130.4,3.7775936
48.9,-130.3,3.4610846
48.9,-130.2,3.1272936
48.9,-130.1,2.7696395
48.9,-130,2.3919733
48.9,-129.9,2.0416319
48.9,-129.8,1.6535839
48.9,-129.7,1.2596709
48.9,-129.6,0.89547819
48.9,-129.5,0.57513064
48.9,-129.4,0.2667374
48.9,-129.3,0.1802076
48.9,-129.2,0.37818527
48.9,-129.1,0.62740594
48.9,-129,0.94977254
48.9,-128.9,1.2405514
48.9,-128.8,1.5536753
48.9,-128.7,1.8434017
48.9,-128.6,2.1507955
48.9,-128.5,2.3829148
48.9,-128.4,2.6493433
48.9,-128.3,2.8614984
48.9,-128.2,3.1059115
48.9,-128.1,3.4038935
48.9,-128,3.6332524
48.9,-127.9,3.874083
48.9,-127.8,4.1353416
48.9,-127.7,4.3541298
48.9,-127.6,4.6062789
48.9,-127.5,4.8712769
48.9,-127.4,5.09972
48.9,-127.3,5.359067
48.9,-127.2,5.5574827
48.9,-127.1,5.7642202
48.9,-127,6.0057859
48.9,-126.9,6.1988125
48.9,-126.8,6.443574
48.9,-126.7,6.639287
48.9,-126.6,6.8436646
48.9,-126.5,7.1178327
48.9,-126.4,7.3038201
48.8,-133,10.418659
48.8,-132.9,10.213547
48.8,-132.8,9.9654541
48.8,-132.7,9.73979
48.8,-132.6,9.5369024
48.8,-132.5,9.2649632
48.8,-132.4,8.9892368
48.8,-132.3,8.7122335
48.8,-132.2,8.4465809
48.8,-132.1,8.1803007
48.8,-132,7.9041719
48.8,-131.9,7.6300855
48.8,-131.8,7.3522758
48.8,-131.7,7.0850005
48.8,-131.6,6.8203006
48.8,-131.5,6.5521359
48.8,-131.4,6.2894673
48.8,-131.3,6.1433249
48.8,-131.2,5.9922619
48.8,-131.1,5.7268701
48.8,-131,5.4523587
48.8,-130.9,5.1843257
48.8,-130.8,4.9128809
48.8,-130.7,4.6347723
48.8,-130.6,4.3560677
48.8,-130.5,4.0855074
48.8,-130.4,3.874752
48.8,-130.3,3.6412761
48.8,-130.2,3.4380128
48.8,-130.1,3.1869893
48.8,-130,2.9104664
48.8,-129.9,2.6912239
48.8,-129.8,2.4282978
48.8,-129.7,2.1318638
48.8,-129.6,1.7944826
48.8,-129.5,1.4191555
48.8,-129.4,1.0684423
48.8,-129.3,0.79428655
48.8,-129.2,0.54567164
48.8,-129.1,0.14601907
48.8,-129,0.19392179
48.8,-128.9,0.31936482
48.8,-128.8,0.68546021
48.8,-128.7,1.0121025
48.8,-128.6,1.3284882
48.8,-128.5,1.6490558
48.8,-128.4,1.9969267
48.8,-128.3,2.2981756
48.8,-128.2,2.5568075
48.8,-128.1,2.7689886
48.8,-128,2.9932866
48.8,-127.9,3.3349042
48.8,-127.8,3.5991652
48.8,-127.7,3.8578737
48.8,-127.6,4.1311817
48.8,-127.5,4.3731232
48.8,-127.4,4.6456175
48.8,-127.3,4.9274368
48.8,-127.2,5.2008004
48.8,-127.1,5.4779873
48.8,-127,5.6430569
48.8,-126.9,5.8315406
48.8,-126.8,6.0918517
48.8,-126.7,6.336699
48.8,-126.6,6.5325232
48.8,-126.5,6.7839098
48.8,-126.4,7.0738521
48.8,-126.3,7.2806315
48.7,-133,10.358526
48.7,-132.9,10.077371
48.7,-132.8,9.8115797
48.7,-132.7,9.6655645
48.7,-132.6,9.5369997
48.7,-132.5,9.2729759
48.7,-132.4,9.0055342
48.7,-132.3,8.7344284
48.7,-132.2,8.4725046
48.7,-132.1,8.1740208
48.7,-132,7.9032469
48.7,-131.9,7.6319594
48.7,-131.8,7.3583689
48.7,-131.7,7.0853653
48.7,-131.6,6.8120003
48.7,-131.5,6.5400271
48.7,-131.4,6.2747602
48.7,-131.3,6.0839186
48.7,-131.2,5.9009557
48.7,-131.1,5.6306639
48.7,-131,5.3727965
48.7,-130.9,5.1422234
48.7,-130.8,4.8872395
48.7,-130.7,4.6193829
48.7,-130.6,4.3525658
48.7,-130.5,4.0880036
48.7,-130.4,3.8251588
48.7,-130.3,3.5592971
48.7,-130.2,3.2967515
48.7,-130.1,3.0304034
48.7,-130,2.7756026
48.7,-129.9,2.5523007
48.7,-129.8,2.3210318
48.7,-129.7,2.0634363
48.7,-129.6,1.7671317
48.7,-129.5,1.4873363
48.7,-129.4,1.2636552
48.7,-129.3,1.0676979
48.7,-129.2,0.7853657
48.7,-129.1,0.52265346
48.7,-129,0.33587793
48.7,-128.9,0.24071789
48.7,-128.8,0.14280756
48.7,-128.7,0.33493531
48.7,-128.6,0.59841609
48.7,-128.5,0.88008928
48.7,-128.4,1.2233963
48.7,-128.3,1.5736516
48.7,-128.2,1.8795755
48.7,-128.1,2.1774843
48.7,-128,2.4370508
48.7,-127.9,2.7086806
48.7,-127.8,2.9062791
48.7,-127.7,3.209326
48.7,-127.6,3.5382218
48.7,-127.5,3.8293848
48.7,-127.4,4.1289864
48.7,-127.3,4.418294
48.7,-127.2,4.741611
48.7,-127.1,5.0174499
48.7,-127,5.2941818
48.7,-126.9,5.5437579
48.7,-126.8,5.752306
48.7,-126.7,5.9347811
48.7,-126.6,6.1974874
48.7,-126.5,6.4763055
48.7,-126.4,6.7288799
48.7,-126.3,6.9891443
48.7,-126.2,7.2320395
48.6,-133,10.35988
48.6,-132.9,10.080002
48.6,-132.8,9.8097143
48.6,-132.7,9.556284
48.6,-132.6,9.342289
48.6,-132.5,9.0829754
48.6,-132.4,8.8150959
48.6,-132.3,8.5615759
48.6,-132.2,8.3561954
48.6,-132.1,8.1214647
48.6,-132,7.872735
48.6,-131.9,7.6202898
48.6,-131.8,7.3550434
48.6,-131.7,7.0850406
48.6,-131.6,6.8111181
48.6,-131.5,6.5400023
48.6,-131.4,6.268003
48.6,-131.3,5.997149
48.6,-131.2,5.7366319
48.6,-131.1,5.4680495
48.6,-131,5.2046814
48.6,-130.9,4.9847093
48.6,-130.8,4.7184696
48.6,-130.7,4.4639888
48.6,-130.6,4.2014465
48.6,-130.5,3.9407985
48.6,-130.4,3.679002
48.6,-130.3,3.4211929
48.6,-130.2,3.1666222
48.6,-130.1,2.8885601
48.6,-130,2.6684308
48.6,-129.9,2.4493785
48.6,-129.8,2.1815224
48.6,-129.7,1.8936812
48.6,-129.6,1.62387
48.6,-129.5,1.3595402
48.6,-129.4,1.2237568
48.6,-129.3,1.0900034
48.6,-129.2,0.81750315
48.6,-129.1,0.54729426
48.6,-129,0.29284939
48.6,-128.9,0.046565507
48.6,-128.8,0.16636826
48.6,-128.7,0.44956386
48.6,-128.6,0.70760685
48.6,-128.5,0.96464723
48.6,-128.4,1.2363625
48.6,-128.3,1.5076998
48.6,-128.2,1.7243286
48.6,-128.1,1.924335
48.6,-128,2.2004492
48.6,-127.9,2.4456069
48.6,-127.8,2.6472874
48.6,-127.7,2.8021867
48.6,-127.6,3.0438969
48.6,-127.5,3.3202453
48.6,-127.4,3.6072781
48.6,-127.3,3.8964386
48.6,-127.2,4.2276177
48.6,-127.1,4.5077429
48.6,-127,4.8090472
48.6,-126.9,5.0980859
48.6,-126.8,5.3825989
48.6,-126.7,5.5932608
48.6,-126.6,5.7905416
48.6,-126.5,6.0671444
48.6,-126.4,6.3501558
48.6,-126.3,6.645112
48.6,-126.2,6.9325261
48.6,-126.1,7.1962852
48.5,-133,10.359081
48.5,-132.9,10.080079
48.5,-132.8,9.8084564
48.5,-132.7,9.5407648
48.5,-132.6,9.3084736
48.5,-132.5,9.1476803
48.5,-132.4,8.9233551
48.5,-132.3,8.696043
48.5,-132.2,8.4018011
48.5,-132.1,8.1171045
48.5,-132,7.84268
48.5,-131.9,7.5715742
48.5,-131.8,7.3034811
48.5,-131.7,7.0436525
48.5,-131.6,6.8120003
48.5,-131.5,6.5399871
48.5,-131.4,6.267024
48.5,-131.3,5.9940844
48.5,-131.2,5.7217345
48.5,-131.1,5.4455581
48.5,-131,5.1805758
48.5,-130.9,4.9239612
48.5,-130.8,4.6433139
48.5,-130.7,4.3531084
48.5,-130.6,4.0727453
48.5,-130.5,3.8041096
48.5,-130.4,3.5368402
48.5,-130.3,3.2700031
48.5,-130.2,3.0053911
48.5,-130.1,2.7558196
48.5,-130,2.5909479
48.5,-129.9,2.4534061
48.5,-129.8,2.1948049
48.5,-129.7,1.9056587
48.5,-129.6,1.6360738
48.5,-129.5,1.360238
48.5,-129.4,1.1500742
48.5,-129.3,0.93639433
48.5,-129.2,0.6946314
48.5,-129.1,0.41323298
48.5,-129,0.2075969
48.5,-128.9,0.15120271
48.5,-128.8,0.34311613
48.5,-128.7,0.59159386
48.5,-128.6,0.8665905
48.5,-128.5,1.1157724
48.5,-128.4,1.3784287
48.5,-128.3,1.6329716
48.5,-128.2,1.7720255
48.5,-128.1,1.9069997
48.5,-128,2.1726727
48.5,-127.9,2.4344893
48.5,-127.8,2.70209
48.5,-127.7,2.943747
48.5,-127.6,3.190202
48.5,-127.5,3.4314377
48.5,-127.4,3.6934838
48.5,-127.3,3.9450531
48.5,-127.2,4.1711035
48.5,-127.1,4.3637662
48.5,-127,4.6428313
48.5,-126.9,4.9214554
48.5,-126.8,5.1974769
48.5,-126.7,5.4517198
48.5,-126.6,5.6172886
48.5,-126.5,5.7332377
48.5,-126.4,5.9791536
48.5,-126.3,6.3128643
48.5,-126.2,6.6065145
48.5,-126.1,6.8888712
48.5,-126,7.1700683
48.4,-133,10.357264
48.4,-132.9,10.080076
48.4,-132.8,9.8098106
48.4,-132.7,9.5377798
48.4,-132.6,9.2530327
48.4,-132.5,8.9904041
48.4,-132.4,8.7886858
48.4,-132.3,8.5763178
48.4,-132.2,8.3579988
48.4,-132.1,8.1029387
48.4,-132,7.8311911
48.4,-131.9,7.5619993
48.4,-131.8,7.2923074
48.4,-131.7,7.0776324
48.4,-131.6,6.8106222
48.4,-131.5,6.5385365
48.4,-131.4,6.2649827
48.4,-131.3,5.9887581
48.4,-131.2,5.7141156
48.4,-131.1,5.4493785
48.4,-131,5.1871414
48.4,-130.9,4.9276633
48.4,-130.8,4.6395812
48.4,-130.7,4.3717189
48.4,-130.6,4.1014576
48.4,-130.5,3.8256826
48.4,-130.4,3.5429976
48.4,-130.3,3.2622793
48.4,-130.2,2.9840789
48.4,-130.1,2.7018278
48.4,-130,2.4527576
48.4,-129.9,2.2720523
48.4,-129.8,2.0149031
48.4,-129.7,1.7714663
48.4,-129.6,1.5307165
48.4,-129.5,1.287196
48.4,-129.4,1.0266304
48.4,-129.3,0.76891863
48.4,-129.2,0.50536311
48.4,-129.1,0.22191472
48.4,-129,1.10054E-05
48.4,-128.9,0.25480604
48.4,-128.8,0.53057241
48.4,-128.7,0.79336768
48.4,-128.6,1.033847
48.4,-128.5,1.1955065
48.4,-128.4,1.3642263
48.4,-128.3,1.6470286
48.4,-128.2,1.8569833
48.4,-128.1,2.0581446
48.4,-128,2.3124146
48.4,-127.9,2.5738757
48.4,-127.8,2.8258307
48.4,-127.7,3.0618007
48.4,-127.6,3.3048747
48.4,-127.5,3.5406895
48.4,-127.4,3.8310096
48.4,-127.3,4.0851564
48.4,-127.2,4.2289405
48.4,-127.1,4.369463
48.4,-127,4.6329985
48.4,-126.9,4.8997235
48.4,-126.8,5.168561
48.4,-126.7,5.423378
48.4,-126.6,5.6963606
48.4,-126.5,5.9030523
48.4,-126.4,6.1532259
48.4,-126.3,6.40137
48.4,-126.2,6.6210885
48.4,-126.1,6.8130608
48.4,-126,7.0865893
48.4,-125.9,7.3612161
48.3,-133,10.360001
48.3,-132.9,10.080105
48.3,-132.8,9.8085728
48.3,-132.7,9.5352812
48.3,-132.6,9.2648163
48.3,-132.5,8.9924688
48.3,-132.4,8.7329006
48.3,-132.3,8.521534
48.3,-132.2,8.3209286
48.3,-132.1,8.0356226
48.3,-132,7.7556272
48.3,-131.9,7.5015082
48.3,-131.8,7.2836032
48.3,-131.7,7.0850878
48.3,-131.6,6.8122478
48.3,-131.5,6.5396848
48.3,-131.4,6.2706237
48.3,-131.3,5.9966669
48.3,-131.2,5.7235293
48.3,-131.1,5.4532666
48.3,-131,5.1781335
48.3,-130.9,4.9057894
48.3,-130.8,4.7663383
48.3,-130.7,4.4969101
48.3,-130.6,4.2224593
48.3,-130.5,3.996999
48.3,-130.4,3.7169421
48.3,-130.3,3.4299049
48.3,-130.2,3.1491497
48.3,-130.1,2.860934
48.3,-130,2.5952654
48.3,-129.9,2.3161271
48.3,-129.8,2.0072858
48.3,-129.7,1.6697605
48.3,-129.6,1.3614333
48.3,-129.5,1.0923868
48.3,-129.4,0.81900322
48.3,-129.3,0.54499537
48.3,-129.2,0.27249777
48.3,-129.1,0.0227105
48.3,-129,0.12862568
48.3,-128.9,0.3272137
48.3,-128.8,0.54432315
48.3,-128.7,0.80387408
48.3,-128.6,1.0532867
48.3,-128.5,1.2607418
48.3,-128.4,1.4584022
48.3,-128.3,1.7125276
48.3,-128.2,1.9715668
48.3,-128.1,2.2173002
48.3,-128,2.4601357
48.3,-127.9,2.7249994
48.3,-127.8,2.9893916
48.3,-127.7,3.2481744
48.3,-127.6,3.395714
48.3,-127.5,3.5458803
48.3,-127.4,3.8163817
48.3,-127.3,4.0845199
48.3,-127.2,4.3026533
48.3,-127.1,4.5207191
48.3,-127,4.778192
48.3,-126.9,5.0414982
48.3,-126.8,5.2889776
48.3,-126.7,5.5055933
48.3,-126.6,5.7164354
48.3,-126.5,5.9780002
48.3,-126.4,6.2660885
48.3,-126.3,6.5365396
48.3,-126.2,6.6882067
48.3,-126.1,6.8315082
48.3,-126,7.0929885
48.3,-125.9,7.3579969
48.3,-125.8,7.6288118
48.2,-133,10.359346
48.2,-132.9,10.079392
48.2,-132.8,9.806365
48.2,-132.7,9.5320482
48.2,-132.6,9.2578926
48.2,-132.5,8.9838409
48.2,-132.4,8.7063885
48.2,-132.3,8.4254856
48.2,-132.2,8.1631536
48.2,-132.1,7.8864117
48.2,-132,7.616425
48.2,-131.9,7.3527555
48.2,-131.8,7.2090402
48.2,-131.7,7.0850005
48.2,-131.6,6.8209209
48.2,-131.5,6.5556617
48.2,-131.4,6.2838116
48.2,-131.3,6.007143
48.2,-131.2,5.7247696
48.2,-131.1,5.4425735
48.2,-131,5.1732998
48.2,-130.9,4.9029436
48.2,-130.8,4.6374393
48.2,-130.7,4.4049201
48.2,-130.6,4.1720958
48.2,-130.5,3.9570379
48.2,-130.4,3.7446847
48.2,-130.3,3.4760399
48.2,-130.2,3.2161007
48.2,-130.1,2.9919188
48.2,-130,2.721664
48.2,-129.9,2.4169426
48.2,-129.8,2.1238818
48.2,-129.7,1.8447403
48.2,-129.6,1.5705835
48.2,-129.5,1.2947505
48.2,-129.4,1.0135913
48.2,-129.3,0.71906602
48.2,-129.2,0.43531743
48.2,-129.1,0.11032437
48.2,-129,0.14462899
48.2,-128.9,0.20115881
48.2,-128.8,0.56923115
48.2,-128.7,0.7907815
48.2,-128.6,1.0406454
48.2,-128.5,1.339571
48.2,-128.4,1.6271334
48.2,-128.3,1.9100951
48.2,-128.2,2.1787069
48.2,-128.1,2.306623
48.2,-128,2.4529972
48.2,-127.9,2.7202821
48.2,-127.8,3.0115807
48.2,-127.7,3.2751245
48.2,-127.6,3.4926157
48.2,-127.5,3.7851396
48.2,-127.4,3.9515004
48.2,-127.3,4.1628103
48.2,-127.2,4.3865085
48.2,-127.1,4.6571941
48.2,-127,4.9192572
48.2,-126.9,5.1854148
48.2,-126.8,5.4500036
48.2,-126.7,5.5965943
48.2,-126.6,5.7203693
48.2,-126.5,5.9770608
48.2,-126.4,6.2521348
48.2,-126.3,6.5405707
48.2,-126.2,6.7700877
48.2,-126.1,6.986341
48.2,-126,7.2444963
48.2,-125.9,7.5032868
48.2,-125.8,7.7037749
48.2,-125.7,7.9011574
48.1,-133,10.3593
48.1,-132.9,10.07937
48.1,-132.8,9.8083296
48.1,-132.7,9.5338192
48.1,-132.6,9.2601299
48.1,-132.5,8.9920006
48.1,-132.4,8.7261801
48.1,-132.3,8.4520483
48.1,-132.2,8.1783953
48.1,-132.1,7.9028769
48.1,-132,7.6307378
48.1,-131.9,7.3580003
48.1,-131.8,7.0916419
48.1,-131.7,6.8850918
48.1,-131.6,6.6206751
48.1,-131.5,6.3584852
48.1,-131.4,6.0913825
48.1,-131.3,5.8364635
48.1,-131.2,5.6128988
48.1,-131.1,5.3694453
48.1,-131,5.1023827
48.1,-130.9,4.837707
48.1,-130.8,4.5746732
48.1,-130.7,4.3082743
48.1,-130.6,4.0540662
48.1,-130.5,3.8149998
48.1,-130.4,3.5608928
48.1,-130.3,3.2981641
48.1,-130.2,3.0465531
48.1,-130.1,2.8104117
48.1,-130,2.5391312
48.1,-129.9,2.2755473
48.1,-129.8,2.0222003
48.1,-129.7,1.7825606
48.1,-129.6,1.5016946
48.1,-129.5,1.2363433
48.1,-129.4,0.99240923
48.1,-129.3,0.74367529
48.1,-129.2,0.47296163
48.1,-129.1,0.21226966
48.1,-129,0.05805321
48.1,-128.9,0.26666969
48.1,-128.8,0.50963223
48.1,-128.7,0.6575045
48.1,-128.6,0.87615991
48.1,-128.5,1.151239
48.1,-128.4,1.4275792
48.1,-128.3,1.7057942
48.1,-128.2,1.9795165
48.1,-128.1,2.2820547
48.1,-128,2.5500786
48.1,-127.9,2.6217482
48.1,-127.8,2.8343148
48.1,-127.7,3.0894434
48.1,-127.6,3.405437
48.1,-127.5,3.7376206
48.1,-127.4,4.052989
48.1,-127.3,4.2236309
48.1,-127.2,4.4069238
48.1,-127.1,4.6332793
48.1,-127,4.9043255
48.1,-126.9,5.1780043
48.1,-126.8,5.4567189
48.1,-126.7,5.7152658
48.1,-126.6,5.9089842
48.1,-126.5,6.0749207
48.1,-126.4,6.2742667
48.1,-126.3,6.5431743
48.1,-126.2,6.8237219
48.1,-126.1,7.1155419
48.1,-126,7.3818965
48.1,-125.9,7.6437364
48.1,-125.8,7.8007693
48.1,-125.7,7.9444661
48.1,-125.6,8.1750021
48,-133,10.357893
48,-132.9,10.077856
48,-132.8,9.8057499
48,-132.7,9.5308895
48,-132.6,9.2574835
48,-132.5,8.9907837
48,-132.4,8.7235279
48,-132.3,8.4520292
48,-132.2,8.1782026
48,-132.1,7.9028196
48,-132,7.6299915
48,-131.9,7.3580031
48,-131.8,7.085
48,-131.7,6.8158236
48,-131.6,6.5483317
48,-131.5,6.2786946
48,-131.4,6.0095434
48,-131.3,5.7178507
48,-131.2,5.4540296
48,-131.1,5.1563888
48,-131,4.8875136
48,-130.9,4.6241093
48,-130.8,4.3518381
48,-130.7,4.0879998
48,-130.6,3.8307805
48,-130.5,3.6131017
48,-130.4,3.3513677
48,-130.3,3.1037378
48,-130.2,2.919266
48,-130.1,2.7617536
48,-130,2.5046961
48,-129.9,2.1911652
48,-129.8,1.8745732
48,-129.7,1.6150042
48,-129.6,1.3502539
48,-129.5,1.0835044
48,-129.4,0.81750041
48,-129.3,0.55420947
48,-129.2,0.28132188
48,-129.1,0.02951305
48,-129,0.091218539
48,-128.9,0.26251078
48,-128.8,0.50150979
48,-128.7,0.74019408
48,-128.6,0.97481376
48,-128.5,1.2398914
48,-128.4,1.4938496
48,-128.3,1.7543057
48,-128.2,1.9904715
48,-128.1,2.2346332
48,-128,2.4562037
48,-127.9,2.7140753
48,-127.8,2.8642836
48,-127.7,3.0129824
48,-127.6,3.3159566
48,-127.5,3.6059489
48,-127.4,3.877743
48,-127.3,4.1541748
48,-127.2,4.3609324
48,-127.1,4.6337056
48,-127,4.90592
48,-126.9,5.176918
48,-126.8,5.2867413
48,-126.7,5.5409713
48,-126.6,5.8450317
48,-126.5,6.0989709
48,-126.4,6.4040012
48,-126.3,6.5613728
48,-126.2,6.8195448
48,-126.1,7.0852461
48,-126,7.3566418
48,-125.9,7.6247973
48,-125.8,7.9019995
48,-125.7,8.1665773
48,-125.6,8.2570982
48,-125.5,8.4487114
47.9,-133,10.359967
47.9,-132.9,10.080035
47.9,-132.8,9.809556
47.9,-132.7,9.5355186
47.9,-132.6,9.2618475
47.9,-132.5,8.9915028
47.9,-132.4,8.7189226
47.9,-132.3,8.4416561
47.9,-132.2,8.1700974
47.9,-132.1,7.9050417
47.9,-132,7.6300011
47.9,-131.9,7.351872
47.9,-131.8,7.0752654
47.9,-131.7,6.7927642
47.9,-131.6,6.5040441
47.9,-131.5,6.2238197
47.9,-131.4,5.9962583
47.9,-131.3,5.7436461
47.9,-131.2,5.4799409
47.9,-131.1,5.1980338
47.9,-131,4.9144673
47.9,-130.9,4.6354079
47.9,-130.8,4.3603096
47.9,-130.7,4.0875506
47.9,-130.6,3.814996
47.9,-130.5,3.5466518
47.9,-130.4,3.2782483
47.9,-130.3,3.0191672
47.9,-130.2,2.772424
47.9,-130.1,2.5594604
47.9,-130,2.316689
47.9,-129.9,2.1063888
47.9,-129.8,1.8791531
47.9,-129.7,1.6123244
47.9,-129.6,1.34929
47.9,-129.5,1.0900011
47.9,-129.4,0.79296488
47.9,-129.3,0.55473381
47.9,-129.2,0.28426456
47.9,-129.1,0.008896538
47.9,-129,0.18129742
47.9,-128.9,0.43398958
47.9,-128.8,0.66285837
47.9,-128.7,0.91232389
47.9,-128.6,1.1679138
47.9,-128.5,1.414219
47.9,-128.4,1.6523612
47.9,-128.3,1.9158459
47.9,-128.2,2.1799989
47.9,-128.1,2.3245943
47.9,-128,2.4525864
47.9,-127.9,2.6994836
47.9,-127.8,2.9645884
47.9,-127.7,3.1907601
47.9,-127.6,3.4528952
47.9,-127.5,3.7126944
47.9,-127.4,3.9592888
47.9,-127.3,4.1698327
47.9,-127.2,4.359262
47.9,-127.1,4.6305537
47.9,-127,4.9007974
47.9,-126.9,5.1778216
47.9,-126.8,5.3413682
47.9,-126.7,5.5032921
47.9,-126.6,5.7339835
47.9,-126.5,5.997345
47.9,-126.4,6.3125057
47.9,-126.3,6.5449057
47.9,-126.2,6.8116159
47.9,-126.1,7.0850601
47.9,-126,7.3583574
47.9,-125.9,7.6237311
47.9,-125.8,7.7273126
47.9,-125.7,7.9815922
47.9,-125.6,8.2743864
47.9,-125.5,8.4801674
47.9,-125.4,8.725028
47.8,-133,10.360083
47.8,-132.9,10.07993
47.8,-132.8,9.8087902
47.8,-132.7,9.5344629
47.8,-132.6,9.2625618
47.8,-132.5,8.9920044
47.8,-132.4,8.7199774
47.8,-132.3,8.4529886
47.8,-132.2,8.1994677
47.8,-132.1,8.0166988
47.8,-132,7.7800374
47.8,-131.9,7.5510859
47.8,-131.8,7.2983212
47.8,-131.7,7.0201063
47.8,-131.6,6.7321959
47.8,-131.5,6.4508104
47.8,-131.4,6.1236124
47.8,-131.3,5.8370295
47.8,-131.2,5.5712986
47.8,-131.1,5.2837052
47.8,-131,4.9952202
47.8,-130.9,4.6515245
47.8,-130.8,4.3600016
47.8,-130.7,4.0880032
47.8,-130.6,3.799546
47.8,-130.5,3.5166357
47.8,-130.4,3.220458
47.8,-130.3,2.9138687
47.8,-130.2,2.6373734
47.8,-130.1,2.4529972
47.8,-130,2.211925
47.8,-129.9,1.8971299
47.8,-129.8,1.6201047
47.8,-129.7,1.3418813
47.8,-129.6,1.0799109
47.8,-129.5,0.81750095
47.8,-129.4,0.54499805
47.8,-129.3,0.2829141
47.8,-129.2,0.024861453
47.8,-129.1,0.2891975
47.8,-129,0.50712526
47.8,-128.9,0.64522147
47.8,-128.8,0.81407863
47.8,-128.7,1.1115648
47.8,-128.6,1.3685176
47.8,-128.5,1.5189716
47.8,-128.4,1.6586365
47.8,-128.3,1.9069999
47.8,-128.2,2.1661963
47.8,-128.1,2.4378891
47.8,-128,2.6433239
47.8,-127.9,2.9021108
47.8,-127.8,3.1612465
47.8,-127.7,3.3711357
47.8,-127.6,3.5786738
47.8,-127.5,3.8465323
47.8,-127.4,4.1103892
47.8,-127.3,4.2658925
47.8,-127.2,4.4126673
47.8,-127.1,4.6644521
47.8,-127,4.9049959
47.8,-126.9,5.1676559
47.8,-126.8,5.4471855
47.8,-126.7,5.6959229
47.8,-126.6,5.9124236
47.8,-126.5,6.1593037
47.8,-126.4,6.3547511
47.8,-126.3,6.5489826
47.8,-126.2,6.8134723
47.8,-126.1,7.0846286
47.8,-126,7.3539534
47.8,-125.9,7.6157274
47.8,-125.8,7.9015937
47.8,-125.7,8.0670033
47.8,-125.6,8.2291746
47.8,-125.5,8.4484777
47.8,-125.4,8.718442
47.8,-125.3,8.9942894
47.7,-133,10.367173
47.7,-132.9,10.085053
47.7,-132.8,9.8100042
47.7,-132.7,9.5335064
47.7,-132.6,9.2631292
47.7,-132.5,8.9858494
47.7,-132.4,8.7131681
47.7,-132.3,8.4475136
47.7,-132.2,8.2234058
47.7,-132.1,8.0223761
47.7,-132,7.745173
47.7,-131.9,7.4884806
47.7,-131.8,7.283021
47.7,-131.7,7.085001
47.7,-131.6,6.8085165
47.7,-131.5,6.5310569
47.7,-131.4,6.2502303
47.7,-131.3,5.9772105
47.7,-131.2,5.7204776
47.7,-131.1,5.4790835
47.7,-131,5.1972852
47.7,-130.9,4.8849483
47.7,-130.8,4.5954843
47.7,-130.7,4.316668
47.7,-130.6,4.1091909
47.7,-130.5,3.890538
47.7,-130.4,3.5987325
47.7,-130.3,3.3049672
47.7,-130.2,3.0230911
47.7,-130.1,2.6719236
47.7,-130,2.4096174
47.7,-129.9,2.1114416
47.7,-129.8,1.6851091
47.7,-129.7,1.3889378
47.7,-129.6,1.0900022
47.7,-129.5,0.81750149
47.7,-129.4,0.52718282
47.7,-129.3,0.23596242
47.7,-129.2,0.002085061
47.7,-129.1,0.2734074
47.7,-129,0.47799397
47.7,-128.9,0.70345294
47.7,-128.8,0.90642273
47.7,-128.7,1.1363008
47.7,-128.6,1.374828
47.7,-128.5,1.6403445
47.7,-128.4,1.9141126
47.7,-128.3,2.1800022
47.7,-128.2,2.3235276
47.7,-128.1,2.4481068
47.7,-128,2.7006824
47.7,-127.9,2.9722376
47.7,-127.8,3.251128
47.7,-127.7,3.4946105
47.7,-127.6,3.5783212
47.7,-127.5,3.8319738
47.7,-127.4,4.0949717
47.7,-127.3,4.3738914
47.7,-127.2,4.6330013
47.7,-127.1,4.8875308
47.7,-127,5.0880022
47.7,-126.9,5.2567396
47.7,-126.8,5.4202104
47.7,-126.7,5.6631827
47.7,-126.6,5.9254093
47.7,-126.5,6.1825905
47.7,-126.4,6.4124837
47.7,-126.3,6.6191702
47.7,-126.2,6.8792396
47.7,-126.1,7.1290493
47.7,-126,7.3611956
47.7,-125.9,7.6300015
47.7,-125.8,7.9012408
47.7,-125.7,8.1588116
47.7,-125.6,8.3958569
47.7,-125.5,8.5485296
47.7,-125.4,8.7200871
47.7,-125.3,9.0022726
47.6,-133,10.458268
47.6,-132.9,10.171551
47.6,-132.8,9.8852625
47.6,-132.7,9.6035652
47.6,-132.6,9.3186054
47.6,-132.5,9.0064745
47.6,-132.4,8.7200031
47.6,-132.3,8.4398355
47.6,-132.2,8.1840391
47.6,-132.1,7.9045434
47.6,-132,7.6301713
47.6,-131.9,7.3601422
47.6,-131.8,7.1970806
47.6,-131.7,7.0615282
47.6,-131.6,6.8068628
47.6,-131.5,6.5400028
47.6,-131.4,6.267323
47.6,-131.3,5.9925933
47.6,-131.2,5.7229552
47.6,-131.1,5.4499488
47.6,-131,5.1780005
47.6,-130.9,4.9032187
47.6,-130.8,4.6454711
47.6,-130.7,4.414464
47.6,-130.6,4.2201176
47.6,-130.5,3.9402213
47.6,-130.4,3.6784737
47.6,-130.3,3.4026992
47.6,-130.2,3.1926672
47.6,-130.1,3.0064228
47.6,-130,2.7249985
47.6,-129.9,2.4309568
47.6,-129.8,2.1380742
47.6,-129.7,1.8439404
47.6,-129.6,1.5472845
47.6,-129.5,1.2602181
47.6,-129.4,0.96034044
47.6,-129.3,0.64596206
47.6,-129.2,0.35921076
47.6,-129.1,0.22991481
47.6,-129,0.28086588
47.6,-128.9,0.40419933
47.6,-128.8,0.80701852
47.6,-128.7,1.02198
47.6,-128.6,1.2210994
47.6,-128.5,1.602405
47.6,-128.4,1.9070034
47.6,-128.3,2.1980374
47.6,-128.2,2.4661705
47.6,-128.1,2.6294022
47.6,-128,2.8048205
47.6,-127.9,3.0238664
47.6,-127.8,3.2615407
47.6,-127.7,3.5277431
47.6,-127.6,3.8424382
47.6,-127.5,4.1035976
47.6,-127.4,4.2285724
47.6,-127.3,4.4075112
47.6,-127.2,4.6368737
47.6,-127.1,4.9049978
47.6,-127,5.1698837
47.6,-126.9,5.4250059
47.6,-126.8,5.6683316
47.6,-126.7,5.8416238
47.6,-126.6,6.0022888
47.6,-126.5,6.2633438
47.6,-126.4,6.5526791
47.6,-126.3,6.8319359
47.6,-126.2,7.0940742
47.6,-126.1,7.2460275
47.6,-126,7.390584
47.6,-125.9,7.6218805
47.6,-125.8,7.8996096
47.6,-125.7,8.1680098
47.6,-125.6,8.4179525
47.6,-125.5,8.628459
47.6,-125.4,8.8346605
47.6,-125.3,9.0615416
47.6,-125.2,9.2849312
47.5,-133,10.640515
47.5,-132.9,10.360001
47.5,-132.8,10.08
47.5,-132.7,9.79319
47.5,-132.6,9.5031862
47.5,-132.5,9.2113791
47.5,-132.4,8.9209375
47.5,-132.3,8.6360865
47.5,-132.2,8.3541403
47.5,-132.1,8.0467815
47.5,-132,7.7685428
47.5,-131.9,7.4798727
47.5,-131.8,7.1161323
47.5,-131.7,6.9237485
47.5,-131.6,6.741776
47.5,-131.5,6.5282636
47.5,-131.4,6.2678738
47.5,-131.3,5.9953513
47.5,-131.2,5.7230005
47.5,-131.1,5.4500022
47.5,-131,5.1777205
47.5,-130.9,4.9046021
47.5,-130.8,4.6321454
47.5,-130.7,4.3627272
47.5,-130.6,4.0919099
47.5,-130.5,3.8107686
47.5,-130.4,3.5429983
47.5,-130.3,3.2862341
47.5,-130.2,3.137198
47.5,-130.1,3.0074019
47.5,-130,2.748692
47.5,-129.9,2.4820962
47.5,-129.8,2.1800005
47.5,-129.7,1.9082848
47.5,-129.6,1.6463999
47.5,-129.5,1.3716128
47.5,-129.4,1.0927625
47.5,-129.3,0.84769213
47.5,-129.2,0.65794855
47.5,-129.1,0.39720464
47.5,-129,0.17939471
47.5,-128.9,0.11249328
47.5,-128.8,0.35399055
47.5,-128.7,0.64934283
47.5,-128.6,0.97969794
47.5,-128.5,1.2125002
47.5,-128.4,1.4723301
47.5,-128.3,1.7651021
47.5,-128.2,2.0579355
47.5,-128.1,2.3531337
47.5,-128,2.6631391
47.5,-127.9,2.7837639
47.5,-127.8,3.1050415
47.5,-127.7,3.3190086
47.5,-127.6,3.6651046
47.5,-127.5,3.9324403
47.5,-127.4,4.1318502
47.5,-127.3,4.3656092
47.5,-127.2,4.6330013
47.5,-127.1,4.9140396
47.5,-127,5.1936979
47.5,-126.9,5.4719906
47.5,-126.8,5.7544551
47.5,-126.7,6.0001612
47.5,-126.6,6.0814528
47.5,-126.5,6.2816491
47.5,-126.4,6.5422029
47.5,-126.3,6.8071642
47.5,-126.2,7.0861001
47.5,-126.1,7.3579993
47.5,-126,7.6152081
47.5,-125.9,7.7298412
47.5,-125.8,7.8951397
47.5,-125.7,8.1562977
47.5,-125.6,8.4418201
47.5,-125.5,8.7200031
47.5,-125.4,9.0108328
47.5,-125.3,9.1756678
47.5,-125.2,9.3191204
47.4,-133,10.761172
47.4,-132.9,10.507031
47.4,-132.8,10.227345
47.4,-132.7,9.9449978
47.4,-132.6,9.6585665
47.4,-132.5,9.3704987
47.4,-132.4,9.0663738
47.4,-132.3,8.793498
47.4,-132.2,8.5066595
47.4,-132.1,8.2257633
47.4,-132,7.9334931
47.4,-131.9,7.6482606
47.4,-131.8,7.365272
47.4,-131.7,7.0945172
47.4,-131.6,6.8119974
47.4,-131.5,6.5396256
47.4,-131.4,6.2666917
47.4,-131.3,5.9914479
47.4,-131.2,5.7172017
47.4,-131.1,5.4445534
47.4,-131,5.1753845
47.4,-130.9,4.9041443
47.4,-130.8,4.6325989
47.4,-130.7,4.3604426
47.4,-130.6,4.0888166
47.4,-130.5,3.8189242
47.4,-130.4,3.5457861
47.4,-130.3,3.2599435
47.4,-130.2,2.9941702
47.4,-130.1,2.7145724
47.4,-130,2.4530008
47.4,-129.9,2.1945317
47.4,-129.8,2.0571492
47.4,-129.7,1.9034753
47.4,-129.6,1.6319846
47.4,-129.5,1.365707
47.4,-129.4,1.0981935
47.4,-129.3,0.81009001
47.4,-129.2,0.5449993
47.4,-129.1,0.27249643
47.4,-129,0.016024768
47.4,-128.9,0.24510463
47.4,-128.8,0.52170664
47.4,-128.7,0.79091686
47.4,-128.6,0.91215014
47.4,-128.5,1.0915744
47.4,-128.4,1.3523787
47.4,-128.3,1.6312659
47.4,-128.2,1.9070003
47.4,-128.1,2.1862352
47.4,-128,2.4376853
47.4,-127.9,2.6102026
47.4,-127.8,2.893553
47.4,-127.7,3.0991302
47.4,-127.6,3.3323336
47.4,-127.5,3.5157666
47.4,-127.4,3.9078422
47.4,-127.3,4.2022429
47.4,-127.2,4.4145608
47.4,-127.1,4.6859822
47.4,-127,4.9700112
47.4,-126.9,5.2567787
47.4,-126.8,5.5477653
47.4,-126.7,5.8249846
47.4,-126.6,6.032506
47.4,-126.5,6.1938872
47.4,-126.4,6.4628758
47.4,-126.3,6.7349744
47.4,-126.2,7.085
47.4,-126.1,7.3678098
47.4,-126,7.6382279
47.4,-125.9,7.8441811
47.4,-125.8,7.9857168
47.4,-125.7,8.1925859
47.4,-125.6,8.4531107
47.4,-125.5,8.7242985
47.4,-125.4,8.9949884
47.4,-125.3,9.2643394
47.4,-125.2,9.4060555
47.3,-133,10.918529
47.3,-132.9,10.643346
47.3,-132.8,10.365969
47.3,-132.7,10.086698
47.3,-132.6,9.8100014
47.3,-132.5,9.5273438
47.3,-132.4,9.2336483
47.3,-132.3,8.9550028
47.3,-132.2,8.5764141
47.3,-132.1,8.1747341
47.3,-132,7.90797
47.3,-131.9,7.6429372
47.3,-131.8,7.3711219
47.3,-131.7,7.0872722
47.3,-131.6,6.812602
47.3,-131.5,6.5400004
47.3,-131.4,6.2674289
47.3,-131.3,5.9931021
47.3,-131.2,5.7189832
47.3,-131.1,5.4461088
47.3,-131,5.1778917
47.3,-130.9,4.9049916
47.3,-130.8,4.6358199
47.3,-130.7,4.3621149
47.3,-130.6,4.0883446
47.3,-130.5,3.8149986
47.3,-130.4,3.5429981
47.3,-130.3,3.2693396
47.3,-130.2,2.9954274
47.3,-130.1,2.7187707
47.3,-130,2.4464095
47.3,-129.9,2.2015111
47.3,-129.8,1.9931335
47.3,-129.7,1.7856059
47.3,-129.6,1.4990005
47.3,-129.5,1.2408891
47.3,-129.4,0.99812448
47.3,-129.3,0.74470431
47.3,-129.2,0.47657222
47.3,-129.1,0.22538321
47.3,-129,0.049288299
47.3,-128.9,0.27388981
47.3,-128.8,0.54499489
47.3,-128.7,0.81225854
47.3,-128.6,1.0828161
47.3,-128.5,1.327948
47.3,-128.4,1.4488633
47.3,-128.3,1.6324795
47.3,-128.2,1.8977246
47.3,-128.1,2.184293
47.3,-128,2.4529977
47.3,-127.9,2.7180851
47.3,-127.8,2.9845233
47.3,-127.7,3.2441237
47.3,-127.6,3.4855924
47.3,-127.5,3.6364655
47.3,-127.4,3.817898
47.3,-127.3,4.1002431
47.3,-127.2,4.354816
47.3,-127.1,4.6316299
47.3,-127,4.9068522
47.3,-126.9,5.1833692
47.3,-126.8,5.4461966
47.3,-126.7,5.6670303
47.3,-126.6,5.8291097
47.3,-126.5,6.046134
47.3,-126.4,6.2556162
47.3,-126.3,6.5281792
47.3,-126.2,6.8401093
47.3,-126.1,7.1277666
47.3,-126,7.4108186
47.3,-125.9,7.6947398
47.3,-125.8,7.9106946
47.3,-125.7,8.1746235
47.3,-125.6,8.4473248
47.3,-125.5,8.7218227
47.3,-125.4,8.9959555
47.3,-125.3,9.1788273
47.3,-125.2,9.3751402
47.3,-125.1,9.57864
47.2,-133,11.023829
47.2,-132.9,10.630821
47.2,-132.8,10.360029
47.2,-132.7,10.083657
47.2,-132.6,9.8123789
47.2,-132.5,9.5379868
47.2,-132.4,9.2649994
47.2,-132.3,8.9919996
47.2,-132.2,8.7085066
47.2,-132.1,8.4123459
47.2,-132,8.0477915
47.2,-131.9,7.7701321
47.2,-131.8,7.4855866
47.2,-131.7,7.114819
47.2,-131.6,6.8197227
47.2,-131.5,6.5410542
47.2,-131.4,6.2680054
47.2,-131.3,5.9944553
47.2,-131.2,5.7210345
47.2,-131.1,5.4459343
47.2,-131,5.1738672
47.2,-130.9,4.8999968
47.2,-130.8,4.6387506
47.2,-130.7,4.3646598
47.2,-130.6,4.0896387
47.2,-130.5,3.8162062
47.2,-130.4,3.5433872
47.2,-130.3,3.2699995
47.2,-130.2,2.9974318
47.2,-130.1,2.7232349
47.2,-130,2.4517908
47.2,-129.9,2.181145
47.2,-129.8,1.9076685
47.2,-129.7,1.6267729
47.2,-129.6,1.3437778
47.2,-129.5,1.0725179
47.2,-129.4,0.80540884
47.2,-129.3,0.54499775
47.2,-129.2,0.28448573
47.2,-129.1,0.049391806
47.2,-129,0.23447792
47.2,-128.9,0.35352054
47.2,-128.8,0.52509832
47.2,-128.7,0.80895531
47.2,-128.6,1.0889362
47.2,-128.5,1.3393916
47.2,-128.4,1.5462631
47.2,-128.3,1.7645992
47.2,-128.2,1.9884361
47.2,-128.1,2.2354293
47.2,-128,2.464808
47.2,-127.9,2.7275763
47.2,-127.8,2.9991562
47.2,-127.7,3.2700016
47.2,-127.6,3.5409107
47.2,-127.5,3.7960637
47.2,-127.4,4.0522642
47.2,-127.3,4.1257582
47.2,-127.2,4.3585148
47.2,-127.1,4.630794
47.2,-127,4.9055214
47.2,-126.9,5.1780038
47.2,-126.8,5.4488559
47.2,-126.7,5.7097898
47.2,-126.6,5.978992
47.2,-126.5,6.2243938
47.2,-126.4,6.3601155
47.2,-126.3,6.54
47.2,-126.2,6.8040028
47.2,-126.1,7.0875106
47.2,-126,7.3565965
47.2,-125.9,7.6300011
47.2,-125.8,7.903718
47.2,-125.7,8.1740685
47.2,-125.6,8.4266367
47.2,-125.5,8.6297579
47.2,-125.4,8.7884607
47.2,-125.3,9.0267315
47.2,-125.2,9.3573446
47.2,-125.1,9.5510826
47.1,-133,11.066232
47.1,-132.9,10.632452
47.1,-132.8,10.361417
47.1,-132.7,10.080392
47.1,-132.6,9.8096819
47.1,-132.5,9.5390587
47.1,-132.4,9.2661886
47.1,-132.3,8.9937639
47.1,-132.2,8.7203588
47.1,-132.1,8.4466486
47.1,-132,8.167964
47.1,-131.9,7.8322406
47.1,-131.8,7.5243998
47.1,-131.7,7.2631898
47.1,-131.6,6.9068761
47.1,-131.5,6.5627608
47.1,-131.4,6.2719946
47.1,-131.3,5.9953871
47.1,-131.2,5.7230005
47.1,-131.1,5.4500012
47.1,-131,5.1773124
47.1,-130.9,4.9044108
47.1,-130.8,4.6321368
47.1,-130.7,4.3571477
47.1,-130.6,4.0899634
47.1,-130.5,3.8189411
47.1,-130.4,3.5414817
47.1,-130.3,3.2675822
47.1,-130.2,2.9980018
47.1,-130.1,2.7302463
47.1,-130,2.4548891
47.1,-129.9,2.1900964
47.1,-129.8,1.9311674
47.1,-129.7,1.6300219
47.1,-129.6,1.364777
47.1,-129.5,1.0783048
47.1,-129.4,0.74067587
47.1,-129.3,0.42700231
47.1,-129.2,0.15964592
47.1,-129.1,0.033685412
47.1,-129,0.25526252
47.1,-128.9,0.44532749
47.1,-128.8,0.65805984
47.1,-128.7,0.89029819
47.1,-128.6,1.1550074
47.1,-128.5,1.4100745
47.1,-128.4,1.6525139
47.1,-128.3,1.9258178
47.1,-128.2,2.1850238
47.1,-128.1,2.318121
47.1,-128,2.453001
47.1,-127.9,2.7187378
47.1,-127.8,2.9955671
47.1,-127.7,3.2666755
47.1,-127.6,3.5328178
47.1,-127.5,3.7941153
47.1,-127.4,4.0322132
47.1,-127.3,4.2014661
47.1,-127.2,4.4022551
47.1,-127.1,4.6485205
47.1,-127,4.9147081
47.1,-126.9,5.182807
47.1,-126.8,5.4525409
47.1,-126.7,5.7234674
47.1,-126.6,5.9950004
47.1,-126.5,6.2680035
47.1,-126.4,6.5313339
47.1,-126.3,6.7853374
47.1,-126.2,6.9173403
47.1,-126.1,7.0863757
47.1,-126,7.3575363
47.1,-125.9,7.6291208
47.1,-125.8,7.9024129
47.1,-125.7,8.1750021
47.1,-125.6,8.4459686
47.1,-125.5,8.7043839
47.1,-125.4,8.9623308
47.1,-125.3,9.1798677
47.1,-125.2,9.3679724
47.1,-125.1,9.539403
47,-133,11.161327
47,-132.9,10.763703
47,-132.8,10.463426
47,-132.7,10.131266
47,-132.6,9.8053904
47,-132.5,9.5368433
47,-132.4,9.2651501
47,-132.3,8.9950228
47,-132.2,8.7219572
47,-132.1,8.4482813
47,-132,8.1711226
47,-131.9,7.769495
47,-131.8,7.3728185
47,-131.7,7.0944076
47,-131.6,6.8265748
47,-131.5,6.5393829
47,-131.4,6.267695
47,-131.3,5.9949293
47,-131.2,5.7240138
47,-131.1,5.4511247
47,-131,5.1780262
47,-130.9,4.9049978
47,-130.8,4.5752077
47,-130.7,4.2597518
47,-130.6,3.9820297
47,-130.5,3.7210801
47,-130.4,3.4780302
47,-130.3,3.2211773
47,-130.2,2.9747381
47,-130.1,2.691802
47,-130,2.3140726
47,-129.9,1.9294288
47,-129.8,1.6545141
47,-129.7,1.3911366
47,-129.6,1.1561366
47,-129.5,0.95375019
47,-129.4,0.62714666
47,-129.3,0.27988556
47,-129.2,0.013315527
47,-129.1,0.10327651
47,-129,0.27250028
47,-128.9,0.52644795
47,-128.8,0.80191773
47,-128.7,1.0624152
47,-128.6,1.2944659
47,-128.5,1.4704922
47,-128.4,1.6353973
47,-128.3,1.9303526
47,-128.2,2.1854362
47,-128.1,2.3912995
47,-128,2.5950065
47,-127.9,2.8029122
47,-127.8,2.9968686
47,-127.7,3.2667167
47,-127.6,3.540102
47,-127.5,3.8152933
47,-127.4,4.0847211
47,-127.3,4.2296143
47,-127.2,4.3795037
47,-127.1,4.6326642
47,-127,4.9047303
47,-126.9,5.1776228
47,-126.8,5.448945
47,-126.7,5.721931
47,-126.6,5.9907885
47,-126.5,6.1869664
47,-126.4,6.3798962
47,-126.3,6.6452727
47,-126.2,6.8833461
47,-126.1,7.0868764
47,-126,7.3567901
47,-125.9,7.6286254
47,-125.8,7.902142
47,-125.7,8.1751623
47,-125.6,8.4482861
47,-125.5,8.7099466
47,-125.4,8.9920006
47,-125.3,9.2702541
47,-125.2,9.5300226
47,-125.1,9.6503992
46.9,-133,11.175733
46.9,-132.9,10.845347
46.9,-132.8,10.629999
46.9,-132.7,10.21862
46.9,-132.6,9.808548
46.9,-132.5,9.5247726
46.9,-132.4,9.2597504
46.9,-132.3,8.9919586
46.9,-132.2,8.7199593
46.9,-132.1,8.4498672
46.9,-132,8.1682587
46.9,-131.9,7.766191
46.9,-131.8,7.3579998
46.9,-131.7,7.0846353
46.9,-131.6,6.8115654
46.9,-131.5,6.5372338
46.9,-131.4,6.2650414
46.9,-131.3,6.004612
46.9,-131.2,5.723321
46.9,-131.1,5.4417028
46.9,-131,5.1674132
46.9,-130.9,4.8890562
46.9,-130.8,4.4906816
46.9,-130.7,4.1029453
46.9,-130.6,3.8234372
46.9,-130.5,3.558845
46.9,-130.4,3.2927308
46.9,-130.3,3.0485322
46.9,-130.2,2.8069055
46.9,-130.1,2.5357947
46.9,-130,2.2302048
46.9,-129.9,1.899158
46.9,-129.8,1.569319
46.9,-129.7,1.2523031
46.9,-129.6,0.97603327
46.9,-129.5,0.72514468
46.9,-129.4,0.44092149
46.9,-129.3,0.17201395
46.9,-129.2,0.047017291
46.9,-129.1,0.30265835
46.9,-129,0.56033081
46.9,-128.9,0.68107873
46.9,-128.8,0.8297891
46.9,-128.7,1.0900005
46.9,-128.6,1.3561451
46.9,-128.5,1.6042088
46.9,-128.4,1.859437
46.9,-128.3,1.9457058
46.9,-128.2,2.174087
46.9,-128.1,2.4702828
46.9,-128,2.7301204
46.9,-127.9,2.8782206
46.9,-127.8,2.9979994
46.9,-127.7,3.2635953
46.9,-127.6,3.5408621
46.9,-127.5,3.8125751
46.9,-127.4,4.0665507
46.9,-127.3,4.2313089
46.9,-127.2,4.3607988
46.9,-127.1,4.6403508
46.9,-127,4.9063959
46.9,-126.9,5.1779995
46.9,-126.8,5.4500437
46.9,-126.7,5.7227035
46.9,-126.6,5.9318471
46.9,-126.5,6.1063833
46.9,-126.4,6.2999101
46.9,-126.3,6.5424709
46.9,-126.2,6.8028574
46.9,-126.1,7.0850654
46.9,-126,7.3516269
46.9,-125.9,7.6300011
46.9,-125.8,7.9092216
46.9,-125.7,8.1860743
46.9,-125.6,8.3529625
46.9,-125.5,8.5097227
46.9,-125.4,8.7870293
46.9,-125.3,9.0731478
46.9,-125.2,9.3538275
46.9,-125.1,9.608923
46.9,-125,9.8133631
46.8,-133,11.262517
46.8,-132.9,10.901413
46.8,-132.8,10.64222
46.8,-132.7,10.357902
46.8,-132.6,9.8656759
46.8,-132.5,9.5319748
46.8,-132.4,9.2617817
46.8,-132.3,8.9887056
46.8,-132.2,8.7156868
46.8,-132.1,8.4483471
46.8,-132,8.1728745
46.8,-131.9,7.7686234
46.8,-131.8,7.3631568
46.8,-131.7,7.0851212
46.8,-131.6,6.8119965
46.8,-131.5,6.5397177
46.8,-131.4,6.2687888
46.8,-131.3,5.994947
46.8,-131.2,5.6291747
46.8,-131.1,5.2552042
46.8,-131,4.9959068
46.8,-130.9,4.760541
46.8,-130.8,4.4153953
46.8,-130.7,4.0862613
46.8,-130.6,3.8141179
46.8,-130.5,3.543786
46.8,-130.4,3.2148781
46.8,-130.3,2.91432
46.8,-130.2,2.6507013
46.8,-130.1,2.386591
46.8,-130,2.1145048
46.8,-129.9,1.8328848
46.8,-129.8,1.470347
46.8,-129.7,1.085001
46.8,-129.6,0.81749785
46.8,-129.5,0.55869341
46.8,-129.4,0.28390992
46.8,-129.3,0.038215399
46.8,-129.2,0.22238472
46.8,-129.1,0.48241842
46.8,-129,0.64121664
46.8,-128.9,0.77632797
46.8,-128.8,0.98359811
46.8,-128.7,1.2249175
46.8,-128.6,1.4990008
46.8,-128.5,1.7001911
46.8,-128.4,1.8929226
46.8,-128.3,2.0580494
46.8,-128.2,2.2486126
46.8,-128.1,2.5166759
46.8,-128,2.7733974
46.8,-127.9,3.0005648
46.8,-127.8,3.1244338
46.8,-127.7,3.2861526
46.8,-127.6,3.5429993
46.8,-127.5,3.8084581
46.8,-127.4,4.0725255
46.8,-127.3,4.3286266
46.8,-127.2,4.4666967
46.8,-127.1,4.6316299
46.8,-127,4.8967376
46.8,-126.9,5.1767135
46.8,-126.8,5.4499998
46.8,-126.7,5.7212486
46.8,-126.6,5.8539681
46.8,-126.5,6.0143509
46.8,-126.4,6.2661252
46.8,-126.3,6.5384841
46.8,-126.2,6.8119564
46.8,-126.1,7.0691643
46.8,-126,7.2581306
46.8,-125.9,7.4773855
46.8,-125.8,7.7502818
46.8,-125.7,8.0188046
46.8,-125.6,8.262826
46.8,-125.5,8.4658957
46.8,-125.4,8.6656818
46.8,-125.3,8.9287443
46.8,-125.2,9.2105455
46.8,-125.1,9.4957685
46.8,-125,9.7754192
46.7,-133,11.294453
46.7,-132.9,10.926911
46.7,-132.8,10.641129
46.7,-132.7,10.362563
46.7,-132.6,9.9482527
46.7,-132.5,9.5369997
46.7,-132.4,9.2590799
46.7,-132.3,8.991312
46.7,-132.2,8.7195635
46.7,-132.1,8.4395466
46.7,-132,8.0498781
46.7,-131.9,7.6938343
46.7,-131.8,7.3598461
46.7,-131.7,7.0866113
46.7,-131.6,6.8137112
46.7,-131.5,6.5379014
46.7,-131.4,6.2080026
46.7,-131.3,5.8631535
46.7,-131.2,5.5255132
46.7,-131.1,5.1924052
46.7,-131,4.9181314
46.7,-130.9,4.6345
46.7,-130.8,4.3007445
46.7,-130.7,4.0527778
46.7,-130.6,3.8010974
46.7,-130.5,3.5320597
46.7,-130.4,3.1326354
46.7,-130.3,2.7407944
46.7,-130.2,2.4692385
46.7,-130.1,2.2078869
46.7,-130,1.9432784
46.7,-129.9,1.6693784
46.7,-129.8,1.4062836
46.7,-129.7,1.0567505
46.7,-129.6,0.66457546
46.7,-129.5,0.37979123
46.7,-129.4,0.13663585
46.7,-129.3,0.17578863
46.7,-129.2,0.32566762
46.7,-129.1,0.52453965
46.7,-129,0.70289505
46.7,-128.9,0.88278264
46.7,-128.8,1.1366559
46.7,-128.7,1.3817685
46.7,-128.6,1.6367615
46.7,-128.5,1.7720217
46.7,-128.4,1.9070038
46.7,-128.3,2.1742797
46.7,-128.2,2.4284899
46.7,-128.1,2.679426
46.7,-128,2.8426001
46.7,-127.9,2.9979997
46.7,-127.8,3.2020864
46.7,-127.7,3.4121454
46.7,-127.6,3.690124
46.7,-127.5,3.8889487
46.7,-127.4,4.0880013
46.7,-127.3,4.3496656
46.7,-127.2,4.550797
46.7,-127.1,4.7484941
46.7,-127,4.9588127
46.7,-126.9,5.1777511
46.7,-126.8,5.429883
46.7,-126.7,5.6113625
46.7,-126.6,5.7329249
46.7,-126.5,5.9950023
46.7,-126.4,6.2642827
46.7,-126.3,6.5386453
46.7,-126.2,6.8100848
46.7,-126.1,7.0371647
46.7,-126,7.1266122
46.7,-125.9,7.3455648
46.7,-125.8,7.6207252
46.7,-125.7,7.8968844
46.7,-125.6,8.1750011
46.7,-125.5,8.4425573
46.7,-125.4,8.5816021
46.7,-125.3,8.7649632
46.7,-125.2,9.0450134
46.7,-125.1,9.3373175
46.7,-125,9.6239967
46.6,-133,11.351677
46.6,-132.9,10.962733
46.6,-132.8,10.633121
46.6,-132.7,10.360004
46.6,-132.6,10.078148
46.6,-132.5,9.656374
46.6,-132.4,9.2777052
46.6,-132.3,8.9920712
46.6,-132.2,8.7200022
46.6,-132.1,8.4443874
46.6,-132,7.9759202
46.6,-131.9,7.6297274
46.6,-131.8,7.3578091
46.6,-131.7,7.085
46.6,-131.6,6.8167996
46.6,-131.5,6.5229368
46.6,-131.4,6.128912
46.6,-131.3,5.7230043
46.6,-131.2,5.4500022
46.6,-131.1,5.1859884
46.6,-131,4.9104266
46.6,-130.9,4.5306106
46.6,-130.8,4.1348953
46.6,-130.7,3.892693
46.6,-130.6,3.6265688
46.6,-130.5,3.3568935
46.6,-130.4,3.0514829
46.6,-130.3,2.7175324
46.6,-130.2,2.3361859
46.6,-130.1,2.057651
46.6,-130,1.7995442
46.6,-129.9,1.548085
46.6,-129.8,1.27371
46.6,-129.7,0.90244275
46.6,-129.6,0.5011996
46.6,-129.5,0.25622118
46.6,-129.4,0.0342144
46.6,-129.3,0.27315941
46.6,-129.2,0.40616259
46.6,-129.1,0.54499811
46.6,-129,0.78787029
46.6,-128.9,1.0461087
46.6,-128.8,1.3029853
46.6,-128.7,1.4661905
46.6,-128.6,1.6297435
46.6,-128.5,1.845673
46.6,-128.4,2.055886
46.6,-128.3,2.2524588
46.6,-128.2,2.4530005
46.6,-128.1,2.7162926
46.6,-128,2.903775
46.6,-127.9,3.0774264
46.6,-127.8,3.3197627
46.6,-127.7,3.5409288
46.6,-127.6,3.8152637
46.6,-127.5,3.9662042
46.6,-127.4,4.1126242
46.6,-127.3,4.3600025
46.6,-127.2,4.6234879
46.6,-127.1,4.8814311
46.6,-127,5.0292501
46.6,-126.9,5.179791
46.6,-126.8,5.4503875
46.6,-126.7,5.6701989
46.6,-126.6,5.8764305
46.6,-126.5,6.0709906
46.6,-126.4,6.2738166
46.6,-126.3,6.5400028
46.6,-126.2,6.8085141
46.6,-126.1,7.0128908
46.6,-126,7.1725469
46.6,-125.9,7.3608146
46.6,-125.8,7.6297688
46.6,-125.7,7.9067683
46.6,-125.6,8.1608267
46.6,-125.5,8.3252602
46.6,-125.4,8.4482527
46.6,-125.3,8.7235146
46.6,-125.2,8.9959908
46.6,-125.1,9.2626209
46.6,-125,9.5369997
46.6,-124.9,9.7773581
46.5,-133,11.450493
46.5,-132.9,10.999277
46.5,-132.8,10.630425
46.5,-132.7,10.357827
46.5,-132.6,10.064775
46.5,-132.5,9.6300478
46.5,-132.4,9.2650003
46.5,-132.3,8.9918871
46.5,-132.2,8.7122793
46.5,-132.1,8.3085155
46.5,-132,7.901999
46.5,-131.9,7.6300015
46.5,-131.8,7.3585858
46.5,-131.7,7.0846305
46.5,-131.6,6.6863618
46.5,-131.5,6.3355041
46.5,-131.4,6.0325966
46.5,-131.3,5.7306848
46.5,-131.2,5.4400053
46.5,-131.1,5.1072125
46.5,-131,4.7679534
46.5,-130.9,4.4286685
46.5,-130.8,4.1053114
46.5,-130.7,3.8237259
46.5,-130.6,3.4682884
46.5,-130.5,3.2027342
46.5,-130.4,2.9298067
46.5,-130.3,2.5783069
46.5,-130.2,2.1732323
46.5,-130.1,1.9070015
46.5,-130,1.6350005
46.5,-129.9,1.3790309
46.5,-129.8,1.1090508
46.5,-129.7,0.72312957
46.5,-129.6,0.30251956
46.5,-129.5,0.11148578
46.5,-129.4,0.14217509
46.5,-129.3,0.32105762
46.5,-129.2,0.4963806
46.5,-129.1,0.69177139
46.5,-129,0.93072075
46.5,-128.9,1.1510514
46.5,-128.8,1.3433427
46.5,-128.7,1.5257123
46.5,-128.6,1.7062323
46.5,-128.5,1.9533622
46.5,-128.4,2.1928451
46.5,-128.3,2.3334517
46.5,-128.2,2.4827609
46.5,-128.1,2.7367358
46.5,-128,2.998003
46.5,-127.9,3.2435873
46.5,-127.8,3.3933508
46.5,-127.7,3.5462401
46.5,-127.6,3.8161809
46.5,-127.5,4.0367141
46.5,-127.4,4.2412233
46.5,-127.3,4.436408
46.5,-127.2,4.6397758
46.5,-127.1,4.9049993
46.5,-127,5.0874529
46.5,-126.9,5.2375932
46.5,-126.8,5.4477262
46.5,-126.7,5.7230272
46.5,-126.6,5.9921641
46.5,-126.5,6.1515536
46.5,-126.4,6.2954588
46.5,-126.3,6.5458956
46.5,-126.2,6.8120008
46.5,-126.1,7.0768399
46.5,-126,7.2193832
46.5,-125.9,7.3612103
46.5,-125.8,7.6242156
46.5,-125.7,7.9019446
46.5,-125.6,8.1720371
46.5,-125.5,8.3162136
46.5,-125.4,8.4583292
46.5,-125.3,8.7196646
46.5,-125.2,8.9920368
46.5,-125.1,9.2626514
46.5,-125,9.4545765
46.5,-124.9,9.6252508
46.4,-133,11.49552
46.4,-132.9,11.062741
46.4,-132.8,10.648232
46.4,-132.7,10.360305
46.4,-132.6,10.079998
46.4,-132.5,9.6730003
46.4,-132.4,9.272913
46.4,-132.3,8.9953108
46.4,-132.2,8.7154779
46.4,-132.1,8.3103371
46.4,-132,7.9075923
46.4,-131.9,7.6282039
46.4,-131.8,7.3568416
46.4,-131.7,7.0782881
46.4,-131.6,6.601469
46.4,-131.5,6.2755594
46.4,-131.4,5.9415126
46.4,-131.3,5.6340375
46.4,-131.2,5.3626547
46.4,-131.1,5.0004559
46.4,-131,4.6182008
46.4,-130.9,4.3326745
46.4,-130.8,4.067944
46.4,-130.7,3.6789997
46.4,-130.6,3.2882464
46.4,-130.5,3.0202465
46.4,-130.4,2.7487903
46.4,-130.3,2.4437747
46.4,-130.2,2.1105437
46.4,-130.1,1.7380223
46.4,-130,1.4674065
46.4,-129.9,1.2091769
46.4,-129.8,0.91973782
46.4,-129.7,0.58389014
46.4,-129.6,0.1681222
46.4,-129.5,0.1875954
46.4,-129.4,0.29942158
46.4,-129.3,0.42910916
46.4,-129.2,0.59429359
46.4,-129.1,0.85082406
46.4,-129,1.0981863
46.4,-128.9,1.2325397
46.4,-128.8,1.3629992
46.4,-128.7,1.6192849
46.4,-128.6,1.8656344
46.4,-128.5,2.0290344
46.4,-128.4,2.1832385
46.4,-128.3,2.3959491
46.4,-128.2,2.6080887
46.4,-128.1,2.8795426
46.4,-128,3.0791698
46.4,-127.9,3.2700005
46.4,-127.8,3.4509008
46.4,-127.7,3.622925
46.4,-127.6,3.8574493
46.4,-127.5,4.0669761
46.4,-127.4,4.3569493
46.4,-127.3,4.5178423
46.4,-127.2,4.6611991
46.4,-127.1,4.9191098
46.4,-127,5.1774549
46.4,-126.9,5.3093472
46.4,-126.8,5.4477916
46.4,-126.7,5.7098765
46.4,-126.6,5.9880981
46.4,-126.5,6.2297688
46.4,-126.4,6.3606873
46.4,-126.3,6.5403228
46.4,-126.2,6.813293
46.4,-126.1,7.0851064
46.4,-126,7.2698879
46.4,-125.9,7.4201798
46.4,-125.8,7.6279778
46.4,-125.7,7.8996549
46.4,-125.6,8.1544218
46.4,-125.5,8.3029938
46.4,-125.4,8.4478569
46.4,-125.3,8.7214909
46.4,-125.2,8.9931564
46.4,-125.1,9.2649994
46.4,-125,9.4096842
46.4,-124.9,9.543684
46.3,-133,11.557873
46.3,-132.9,11.152396
46.3,-132.8,10.682344
46.3,-132.7,10.349774
46.3,-132.6,10.057111
46.3,-132.5,9.6628428
46.3,-132.4,9.2954779
46.3,-132.3,8.9809427
46.3,-132.2,8.6462412
46.3,-132.1,8.2884436
46.3,-132,7.9274364
46.3,-131.9,7.5894532
46.3,-131.8,7.2698917
46.3,-131.7,6.9281731
46.3,-131.6,6.5377979
46.3,-131.5,6.2536006
46.3,-131.4,5.8559742
46.3,-131.3,5.4499979
46.3,-131.2,5.1877093
46.3,-131.1,4.923676
46.3,-131,4.5335712
46.3,-130.9,4.155149
46.3,-130.8,3.8881135
46.3,-130.7,3.5738616
46.3,-130.6,3.1994529
46.3,-130.5,2.8770308
46.3,-130.4,2.5890019
46.3,-130.3,2.2604294
46.3,-130.2,1.9196414
46.3,-130.1,1.5665039
46.3,-130,1.2975771
46.3,-129.9,1.0292041
46.3,-129.8,0.73364741
46.3,-129.7,0.39045012
46.3,-129.6,0.017655566
46.3,-129.5,0.25374445
46.3,-129.4,0.38925171
46.3,-129.3,0.5287056
46.3,-129.2,0.76768786
46.3,-129.1,1.0147166
46.3,-129,1.187905
46.3,-128.9,1.3384072
46.3,-128.8,1.5312196
46.3,-128.7,1.7531612
46.3,-128.6,1.9765693
46.3,-128.5,2.1256053
46.3,-128.4,2.2988732
46.3,-128.3,2.5330005
46.3,-128.2,2.7729118
46.3,-128.1,2.9874792
46.3,-128,3.1420634
46.3,-127.9,3.2973459
46.3,-127.8,3.5573618
46.3,-127.7,3.8002141
46.3,-127.6,3.9427037
46.3,-127.5,4.0877976
46.3,-127.4,4.3321943
46.3,-127.3,4.5914888
46.3,-127.2,4.7254744
46.3,-127.1,4.9043655
46.3,-127,5.1802835
46.3,-126.9,5.3861833
46.3,-126.8,5.5880909
46.3,-126.7,5.7916408
46.3,-126.6,5.9918666
46.3,-126.5,6.249496
46.3,-126.4,6.4432945
46.3,-126.3,6.6127176
46.3,-126.2,6.8120589
46.3,-126.1,7.099925
46.3,-126,7.3555422
46.3,-125.9,7.4828334
46.3,-125.8,7.6300011
46.3,-125.7,7.9004221
46.3,-125.6,8.1614799
46.3,-125.5,8.3121395
46.3,-125.4,8.4515324
46.3,-125.3,8.7202158
46.3,-125.2,8.9925203
46.3,-125.1,9.2590256
46.3,-125,9.4002762
46.3,-124.9,9.5389538
46.2,-133,11.594276
46.2,-132.9,11.22148
46.2,-132.8,10.764267
46.2,-132.7,10.359726
46.2,-132.6,10.077389
46.2,-132.5,9.7153959
46.2,-132.4,9.2788153
46.2,-132.3,8.9903755
46.2,-132.2,8.5844221
46.2,-132.1,8.1823692
46.2,-132,7.888742
46.2,-131.9,7.4936767
46.2,-131.8,7.085
46.2,-131.7,6.8123407
46.2,-131.6,6.4171877
46.2,-131.5,6.0644751
46.2,-131.4,5.7686911
46.2,-131.3,5.3629041
46.2,-131.2,5.0481057
46.2,-131.1,4.7474351
46.2,-131,4.3601389
46.2,-130.9,3.966764
46.2,-130.8,3.6927357
46.2,-130.7,3.4049714
46.2,-130.6,3.0291176
46.2,-130.5,2.6654644
46.2,-130.4,2.3911119
46.2,-130.3,2.0360081
46.2,-130.2,1.6349994
46.2,-130.1,1.3630023
46.2,-130,1.1109359
46.2,-129.9,0.74276811
46.2,-129.8,0.37653938
46.2,-129.7,0.12036001
46.2,-129.6,0.14535835
46.2,-129.5,0.3183589
46.2,-129.4,0.48760018
46.2,-129.3,0.69485158
46.2,-129.2,0.92084652
46.2,-129.1,1.1385442
46.2,-129,1.2834222
46.2,-128.9,1.4425055
46.2,-128.8,1.6804167
46.2,-128.7,1.897985
46.2,-128.6,2.0532637
46.2,-128.5,2.1953247
46.2,-128.4,2.4530013
46.2,-128.3,2.7076528
46.2,-128.2,2.8540874
46.2,-128.1,2.9894495
46.2,-128,3.2234399
46.2,-127.9,3.4585211
46.2,-127.8,3.6448832
46.2,-127.7,3.829416
46.2,-127.6,4.0208874
46.2,-127.5,4.2253242
46.2,-127.4,4.4279428
46.2,-127.3,4.6187873
46.2,-127.2,4.7985425
46.2,-127.1,4.9792876
46.2,-127,5.2288995
46.2,-126.9,5.4656048
46.2,-126.8,5.7217102
46.2,-126.7,5.8587894
46.2,-126.6,5.9950008
46.2,-126.5,6.2606382
46.2,-126.4,6.5214987
46.2,-126.3,6.6678314
46.2,-126.2,6.81673
46.2,-126.1,7.0976257
46.2,-126,7.3550162
46.2,-125.9,7.4997277
46.2,-125.8,7.6398582
46.2,-125.7,7.9024339
46.2,-125.6,8.1718607
46.2,-125.5,8.3575735
46.2,-125.4,8.504405
46.2,-125.3,8.7136326
46.2,-125.2,8.9849272
46.2,-125.1,9.2563038
46.2,-125,9.4018402
46.2,-124.9,9.546627
46.1,-133,11.630911
46.1,-132.9,11.2717
46.1,-132.8,10.873773
46.1,-132.7,10.455607
46.1,-132.6,10.079416
46.1,-132.5,9.8046122
46.1,-132.4,9.34937
46.1,-132.3,8.9886236
46.1,-132.2,8.5817509
46.1,-132.1,8.1799011
46.1,-132,7.8986855
46.1,-131.9,7.5384874
46.1,-131.8,7.0894842
46.1,-131.7,6.8039789
46.1,-131.6,6.4023852
46.1,-131.5,6.0137854
46.1,-131.4,5.7223678
46.1,-131.3,5.2662549
46.1,-131.2,4.9011455
46.1,-131.1,4.598206
46.1,-131,4.2126431
46.1,-130.9,3.8034568
46.1,-130.8,3.5043035
46.1,-130.7,3.1219215
46.1,-130.6,2.7250013
46.1,-130.5,2.4638584
46.1,-130.4,2.0771632
46.1,-130.3,1.7071024
46.1,-130.2,1.4159119
46.1,-130.1,1.0780042
46.1,-130,0.76260656
46.1,-129.9,0.39188001
46.1,-129.8,0.15878892
46.1,-129.7,0.054608516
46.1,-129.6,0.30352414
46.1,-129.5,0.44949976
46.1,-129.4,0.61579353
46.1,-129.3,0.86447263
46.1,-129.2,1.0974822
46.1,-129.1,1.239702
46.1,-129,1.3791215
46.1,-128.9,1.616942
46.1,-128.8,1.7574055
46.1,-128.7,1.8988398
46.1,-128.6,2.1493831
46.1,-128.5,2.3552651
46.1,-128.4,2.5598483
46.1,-128.3,2.754189
46.1,-128.2,2.9457819
46.1,-128.1,3.1339991
46.1,-128,3.3297052
46.1,-127.9,3.5293872
46.1,-127.8,3.709311
46.1,-127.7,3.884326
46.1,-127.6,4.1307507
46.1,-127.5,4.3685942
46.1,-127.4,4.5107927
46.1,-127.3,4.6468568
46.1,-127.2,4.9050031
46.1,-127.1,5.1633282
46.1,-127,5.3104877
46.1,-126.9,5.4596481
46.1,-126.8,5.7216806
46.1,-126.7,5.9178166
46.1,-126.6,6.0863457
46.1,-126.5,6.2793894
46.1,-126.4,6.5404644
46.1,-126.3,6.7235284
46.1,-126.2,6.8742118
46.1,-126.1,7.0910749
46.1,-126,7.3578167
46.1,-125.9,7.5320716
46.1,-125.8,7.6739464
46.1,-125.7,7.9073434
46.1,-125.6,8.179697
46.1,-125.5,8.4469995
46.1,-125.4,8.5722437
46.1,-125.3,8.7203693
46.1,-125.2,8.9879293
46.1,-125.1,9.2640171
46.1,-125,9.4023018
46.1,-124.9,9.5399418
46,-133,11.664034
46,-132.9,11.317226
46,-132.8,10.964887
46,-132.7,10.54824
46,-132.6,10.165133
46,-132.5,9.8376951
46,-132.4,9.4111195
46,-132.3,9.0036726
46,-132.2,8.590004
46,-132.1,8.1750011
46,-132,7.9019985
46,-131.9,7.495152
46,-131.8,7.0934501
46,-131.7,6.796226
46,-131.6,6.4039731
46,-131.5,6.0069213
46,-131.4,5.6200085
46,-131.3,5.1869721
46,-131.2,4.9025111
46,-131.1,4.5439196
46,-131,4.0909357
46,-130.9,3.7342546
46,-130.8,3.3993552
46,-130.7,3.0406773
46,-130.6,2.6602433
46,-130.5,2.3422637
46,-130.4,1.992386
46,-130.3,1.6481758
46,-130.2,1.2639228
46,-130.1,0.9026261
46,-130,0.50271255
46,-129.9,0.21958788
46,-129.8,0.038516328
46,-129.7,0.25984818
46,-129.6,0.40707532
46,-129.5,0.55925453
46,-129.4,0.81750107
46,-129.3,1.0718548
46,-129.2,1.2109218
46,-129.1,1.3454725
46,-129,1.5428926
46,-128.9,1.7151227
46,-128.8,1.8568438
46,-128.7,2.0746551
46,-128.6,2.3164999
46,-128.5,2.4825728
46,-128.4,2.6410551
46,-128.3,2.7979279
46,-128.2,3.0423963
46,-128.1,3.2774549
46,-128,3.4192438
46,-127.9,3.5594018
46,-127.8,3.814997
46,-127.7,4.0717235
46,-127.6,4.2232747
46,-127.5,4.3683276
46,-127.4,4.5833764
46,-127.3,4.7304926
46,-127.2,4.9046845
46,-127.1,5.1830955
46,-127,5.3707094
46,-126.9,5.5270219
46,-126.8,5.7228065
46,-126.7,5.9950528
46,-126.6,6.1695518
46,-126.5,6.3183875
46,-126.4,6.5371075
46,-126.3,6.8100567
46,-126.2,6.9441686
46,-126.1,7.0849996
46,-126,7.3512096
46,-125.9,7.6097064
46,-125.8,7.7452779
46,-125.7,7.9065433
46,-125.6,8.1745491
46,-125.5,8.4410706
46,-125.4,8.5805216
46,-125.3,8.7221937
46,-125.2,8.9918137
46,-125.1,9.2581587
46,-125,9.4020214
46,-124.9,9.5455904
45.9,-133,11.721433
45.9,-132.9,11.381601
45.9,-132.8,10.969731
45.9,-132.7,10.651025
45.9,-132.6,10.149549
45.9,-132.5,9.8110523
45.9,-132.4,9.514184
45.9,-132.3,9.072813
45.9,-132.2,8.6614952
45.9,-132.1,8.2515144
45.9,-132,7.9025764
45.9,-131.9,7.5481296
45.9,-131.8,7.162044
45.9,-131.7,6.8028097
45.9,-131.6,6.3951445
45.9,-131.5,5.9902616
45.9,-131.4,5.6194139
45.9,-131.3,5.2163286
45.9,-131.2,4.9007664
45.9,-131.1,4.5010185
45.9,-131,4.0893803
45.9,-130.9,3.6805477
45.9,-130.8,3.2699981
45.9,-130.7,2.9921932
45.9,-130.6,2.5964611
45.9,-130.5,2.2331839
45.9,-130.4,1.9130175
45.9,-130.3,1.511156
45.9,-130.2,1.1497915
45.9,-130.1,0.7369014
45.9,-130,0.36015797
45.9,-129.9,0.052031964
45.9,-129.8,0.17965595
45.9,-129.7,0.33022189
45.9,-129.6,0.47810221
45.9,-129.5,0.68125272
45.9,-129.4,0.89494115
45.9,-129.3,1.0810957
45.9,-129.2,1.261637
45.9,-129.1,1.4419955
45.9,-129,1.660978
45.9,-128.9,1.8042051
45.9,-128.8,1.9620647
45.9,-128.7,2.2171648
45.9,-128.6,2.4443045
45.9,-128.5,2.5910039
45.9,-128.4,2.7477646
45.9,-128.3,2.9979982
45.9,-128.2,3.1281972
45.9,-128.1,3.2676663
45.9,-128,3.5139699
45.9,-127.9,3.7364123
45.9,-127.8,3.9214246
45.9,-127.7,4.1141267
45.9,-127.6,4.2996807
45.9,-127.5,4.4554434
45.9,-127.4,4.627882
45.9,-127.3,4.8082991
45.9,-127.2,4.9862185
45.9,-127.1,5.2319851
45.9,-127,5.4586668
45.9,-126.9,5.5978556
45.9,-126.8,5.7328963
45.9,-126.7,5.994997
45.9,-126.6,6.258935
45.9,-126.5,6.3939915
45.9,-126.4,6.543582
45.9,-126.3,6.8105593
45.9,-126.2,7.0060754
45.9,-126.1,7.1740775
45.9,-126,7.3697586
45.9,-125.9,7.6292448
45.9,-125.8,7.7680082
45.9,-125.7,7.9032874
45.9,-125.6,8.1724958
45.9,-125.5,8.4460754
45.9,-125.4,8.5854959
45.9,-125.3,8.7225847
45.9,-125.2,8.9935894
45.9,-125.1,9.2615252
45.9,-125,9.4011641
45.9,-124.9,9.5405912
45.8,-133,11.369308
45.8,-132.9,11.023078
45.8,-132.8,10.596015
45.8,-132.7,10.321987
45.8,-132.6,10.027816
45.8,-132.5,9.6734982
45.8,-132.4,9.3641939
45.8,-132.3,9.0393543
45.8,-132.2,8.6400099
45.8,-132.1,8.2656651
45.8,-132,7.8539753
45.8,-131.9,7.5210342
45.8,-131.8,7.224699
45.8,-131.7,6.8314376
45.8,-131.6,6.4134798
45.8,-131.5,6.0241151
45.8,-131.4,5.7077336
45.8,-131.3,5.283536
45.8,-131.2,4.9088635
45.8,-131.1,4.4919081
45.8,-131,4.095397
45.8,-130.9,3.7353017
45.8,-130.8,3.3465738
45.8,-130.7,2.9968655
45.8,-130.6,2.5882215
45.8,-130.5,2.19014
45.8,-130.4,1.8944825
45.8,-130.3,1.4923738
45.8,-130.2,1.0850664
45.8,-130.1,0.67239171
45.8,-130,0.27773753
45.8,-129.9,0.042522553
45.8,-129.8,0.26974672
45.8,-129.7,0.39720407
45.8,-129.6,0.54499424
45.8,-129.5,0.80751872
45.8,-129.4,0.94705623
45.8,-129.3,1.0884967
45.8,-129.2,1.3245921
45.8,-129.1,1.5780876
45.8,-129,1.7300767
45.8,-128.9,1.8749334
45.8,-128.8,2.1032441
45.8,-128.7,2.2762275
45.8,-128.6,2.4456058
45.8,-128.5,2.6484542
45.8,-128.4,2.8122697
45.8,-128.3,2.9954712
45.8,-128.2,3.1768427
45.8,-128.1,3.364728
45.8,-128,3.605598
45.8,-127.9,3.8125229
45.8,-127.8,3.9780812
45.8,-127.7,4.1396937
45.8,-127.6,4.3728852
45.8,-127.5,4.5189309
45.8,-127.4,4.6693339
45.8,-127.3,4.9266334
45.8,-127.2,5.177999
45.8,-127.1,5.3131199
45.8,-127,5.4494567
45.8,-126.9,5.6774931
45.8,-126.8,5.8228965
45.8,-126.7,5.9925141
45.8,-126.6,6.2248726
45.8,-126.5,6.4418197
45.8,-126.4,6.6269593
45.8,-126.3,6.8464398
45.8,-126.2,7.0863647
45.8,-126.1,7.2297525
45.8,-126,7.3903389
45.8,-125.9,7.63764
45.8,-125.8,7.8063073
45.8,-125.7,7.9433808
45.8,-125.6,8.1749973
45.8,-125.5,8.4424295
45.8,-125.4,8.5944042
45.8,-125.3,8.7255545
45.8,-125.2,8.9916754
45.8,-125.1,9.2606907
45.8,-125,9.4012327
45.8,-124.9,9.544672
45.7,-133,10.988883
45.7,-132.9,10.619227
45.7,-132.8,10.360001
45.7,-132.7,9.957963
45.7,-132.6,9.6244049
45.7,-132.5,9.3197432
45.7,-132.4,8.9729309
45.7,-132.3,8.6596136
45.7,-132.2,8.2902651
45.7,-132.1,7.9564033
45.7,-132,7.5894814
45.7,-131.9,7.2487988
45.7,-131.8,6.965168
45.7,-131.7,6.5711122
45.7,-131.6,6.1957369
45.7,-131.5,5.9168882
45.7,-131.4,5.5758967
45.7,-131.3,5.1780043
45.7,-131.2,4.7979465
45.7,-131.1,4.4294519
45.7,-131,4.0813074
45.7,-130.9,3.7332683
45.7,-130.8,3.3652387
45.7,-130.7,3.0071652
45.7,-130.6,2.5911844
45.7,-130.5,2.1926281
45.7,-130.4,1.9042479
45.7,-130.3,1.5081266
45.7,-130.2,1.107729
45.7,-130.1,0.68096966
45.7,-130,0.2865212
45.7,-129.9,0.060963865
45.7,-129.8,0.26570103
45.7,-129.7,0.40352106
45.7,-129.6,0.54762882
45.7,-129.5,0.81490988
45.7,-129.4,0.95727676
45.7,-129.3,1.0945897
45.7,-129.2,1.3516017
45.7,-129.1,1.6069131
45.7,-129,1.7683822
45.7,-128.9,1.9367323
45.7,-128.8,2.1745775
45.7,-128.7,2.3128519
45.7,-128.6,2.4613883
45.7,-128.5,2.724999
45.7,-128.4,2.8590388
45.7,-128.3,2.9993281
45.7,-128.2,3.2543981
45.7,-128.1,3.4989653
45.7,-128,3.6638489
45.7,-127.9,3.8315592
45.7,-127.8,4.0384645
45.7,-127.7,4.201982
45.7,-127.6,4.381403
45.7,-127.5,4.5691037
45.7,-127.4,4.7252889
45.7,-127.3,4.9099131
45.7,-127.2,5.1758976
45.7,-127.1,5.3603988
45.7,-127,5.5207486
45.7,-126.9,5.7253408
45.7,-126.8,5.8899674
45.7,-126.7,6.0532446
45.7,-126.6,6.2879992
45.7,-126.5,6.5403218
45.7,-126.4,6.6699014
45.7,-126.3,6.8142719
45.7,-126.2,7.0790462
45.7,-126.1,7.2271485
45.7,-126,7.3580036
45.7,-125.9,7.6239204
45.7,-125.8,7.8873429
45.7,-125.7,8.0158243
45.7,-125.6,8.1697979
45.7,-125.5,8.4239159
45.7,-125.4,8.6495628
45.7,-125.3,8.8096828
45.7,-125.2,9.0076008
45.7,-125.1,9.2261257
45.7,-125,9.3904657
45.7,-124.9,9.5560369
45.6,-133,11.015001
45.6,-132.9,10.632182
45.6,-132.8,10.35436
45.6,-132.7,9.9474497
45.6,-132.6,9.5464916
45.6,-132.5,9.2521534
45.6,-132.4,8.8730803
45.6,-132.3,8.5147638
45.6,-132.2,8.1452894
45.6,-132.1,7.7242956
45.6,-132,7.3376551
45.6,-131.9,7.0410461
45.6,-131.8,6.6529827
45.6,-131.7,6.2568889
45.6,-131.6,5.9751654
45.6,-131.5,5.5987201
45.6,-131.4,5.2444081
45.6,-131.3,4.9426303
45.6,-131.2,4.5775747
45.6,-131.1,4.1736293
45.6,-131,3.884258
45.6,-130.9,3.5311313
45.6,-130.8,3.1840255
45.6,-130.7,2.8570788
45.6,-130.6,2.5260448
45.6,-130.5,2.0909231
45.6,-130.4,1.7487363
45.6,-130.3,1.3521409
45.6,-130.2,1.0226607
45.6,-130.1,0.66060466
45.6,-130,0.2719197
45.6,-129.9,0.02539058
45.6,-129.8,0.27250454
45.6,-129.7,0.41618353
45.6,-129.6,0.54533595
45.6,-129.5,0.79441381
45.6,-129.4,0.96866465
45.6,-129.3,1.0900902
45.6,-129.2,1.3367741
45.6,-129.1,1.6048331
45.6,-129,1.7618045
45.6,-128.9,1.9079826
45.6,-128.8,2.1693938
45.6,-128.7,2.3173487
45.6,-128.6,2.4640207
45.6,-128.5,2.7239578
45.6,-128.4,2.8742187
45.6,-128.3,2.9996431
45.6,-128.2,3.2664261
45.6,-128.1,3.5239038
45.6,-128,3.6705191
45.6,-127.9,3.8162332
45.6,-127.8,4.0804243
45.6,-127.7,4.2312212
45.6,-127.6,4.3867331
45.6,-127.5,4.6304288
45.6,-127.4,4.7636948
45.6,-127.3,4.9049993
45.6,-127.2,5.1747561
45.6,-127.1,5.4118142
45.6,-127,5.5518613
45.6,-126.9,5.7235565
45.6,-126.8,5.9500289
45.6,-126.7,6.1119413
45.6,-126.6,6.2955694
45.6,-126.5,6.5347691
45.6,-126.4,6.6739583
45.6,-126.3,6.8175416
45.6,-126.2,7.0853753
45.6,-126.1,7.2791324
45.6,-126,7.4349661
45.6,-125.9,7.6401901
45.6,-125.8,7.900044
45.6,-125.7,8.0347862
45.6,-125.6,8.1759901
45.6,-125.5,8.4444876
45.6,-125.4,8.6824713
45.6,-125.3,8.8244181
45.6,-125.2,8.9949217
45.6,-125.1,9.2575665
45.6,-125,9.3959217
45.6,-124.9,9.5370016
45.5,-133,11.016525
45.5,-132.9,10.630002
45.5,-132.8,10.358294
45.5,-132.7,9.9451351
45.5,-132.6,9.5499039
45.5,-132.5,9.248888
45.5,-132.4,8.8180838
45.5,-132.3,8.4506903
45.5,-132.2,8.1713247
45.5,-132.1,7.7747569
45.5,-132,7.3666458
45.5,-131.9,7.0778437
45.5,-131.8,6.6742473
45.5,-131.7,6.2680016
45.5,-131.6,5.8656116
45.5,-131.5,5.510622
45.5,-131.4,5.1859932
45.5,-131.3,4.7893281
45.5,-131.2,4.4384332
45.5,-131.1,4.1049881
45.5,-131,3.7291059
45.5,-130.9,3.3178682
45.5,-130.8,2.9669149
45.5,-130.7,2.6721654
45.5,-130.6,2.2935169
45.5,-130.5,1.90012
45.5,-130.4,1.6178617
45.5,-130.3,1.2298635
45.5,-130.2,0.83399951
45.5,-130.1,0.54378855
45.5,-130,0.13019858
45.5,-129.9,0.066542208
45.5,-129.8,0.24655843
45.5,-129.7,0.46681678
45.5,-129.6,0.63693619
45.5,-129.5,0.86623132
45.5,-129.4,1.1128483
45.5,-129.3,1.2561936
45.5,-129.2,1.41467
45.5,-129.1,1.638767
45.5,-129,1.7866395
45.5,-128.9,1.907003
45.5,-128.8,2.1775775
45.5,-128.7,2.3263991
45.5,-128.6,2.4586515
45.5,-128.5,2.7150772
45.5,-128.4,2.9237802
45.5,-128.3,2.9980025
45.5,-128.2,3.2630305
45.5,-128.1,3.5292108
45.5,-128,3.6789191
45.5,-127.9,3.8203197
45.5,-127.8,4.0867605
45.5,-127.7,4.2355227
45.5,-127.6,4.3825717
45.5,-127.5,4.6323209
45.5,-127.4,4.786273
45.5,-127.3,4.9087558
45.5,-127.2,5.1769619
45.5,-127.1,5.3871064
45.5,-127,5.5115495
45.5,-126.9,5.7260933
45.5,-126.8,5.9699702
45.5,-126.7,6.1269531
45.5,-126.6,6.2909536
45.5,-126.5,6.5345292
45.5,-126.4,6.6776824
45.5,-126.3,6.8172941
45.5,-126.2,7.0849996
45.5,-126.1,7.3526158
45.5,-126,7.474196
45.5,-125.9,7.6337252
45.5,-125.8,7.9005942
45.5,-125.7,8.0390244
45.5,-125.6,8.1799965
45.5,-125.5,8.4456654
45.5,-125.4,8.626895
45.5,-125.3,8.7800407
45.5,-125.2,8.9965019
45.5,-125.1,9.2615871
45.5,-125,9.3994532
45.5,-124.9,9.5407829
45.4,-133,11.016636
45.4,-132.9,10.634249
45.4,-132.8,10.358559
45.4,-132.7,9.945509
45.4,-132.6,9.5386686
45.4,-132.5,9.1642122
45.4,-132.4,8.781806
45.4,-132.3,8.4717388
45.4,-132.2,8.1579218
45.4,-132.1,7.6927443
45.4,-132,7.3374648
45.4,-131.9,6.973711
45.4,-131.8,6.6312242
45.4,-131.7,6.2593126
45.4,-131.6,5.8242922
45.4,-131.5,5.4574113
45.4,-131.4,5.0930424
45.4,-131.3,4.7326231
45.4,-131.2,4.3742895
45.4,-131.1,4.0180483
45.4,-131,3.6534064
45.4,-130.9,3.2381999
45.4,-130.8,2.9569032
45.4,-130.7,2.603183
45.4,-130.6,2.1800008
45.4,-130.5,1.9070019
45.4,-130.4,1.5110258
45.4,-130.3,1.1461953
45.4,-130.2,0.82951128
45.4,-130.1,0.4242827
45.4,-130,0.11834493
45.4,-129.9,0.21671326
45.4,-129.8,0.35435587
45.4,-129.7,0.52329814
45.4,-129.6,0.70374465
45.4,-129.5,0.87077779
45.4,-129.4,1.0969909
45.4,-129.3,1.362354
45.4,-129.2,1.5062964
45.4,-129.1,1.6349959
45.4,-129,1.8750211
45.4,-128.9,2.0009234
45.4,-128.8,2.1635804
45.4,-128.7,2.3934569
45.4,-128.6,2.6229
45.4,-128.5,2.799608
45.4,-128.4,2.9760311
45.4,-128.3,3.1426754
45.4,-128.2,3.3336592
45.4,-128.1,3.5574498
45.4,-128,3.718267
45.4,-127.9,3.8616042
45.4,-127.8,4.0880003
45.4,-127.7,4.2407146
45.4,-127.6,4.3777342
45.4,-127.5,4.632997
45.4,-127.4,4.8584867
45.4,-127.3,4.917429
45.4,-127.2,5.1533661
45.4,-127.1,5.3389478
45.4,-127,5.4504466
45.4,-126.9,5.6961136
45.4,-126.8,5.9654732
45.4,-126.7,6.1202331
45.4,-126.6,6.2690487
45.4,-126.5,6.5367622
45.4,-126.4,6.6984682
45.4,-126.3,6.8243761
45.4,-126.2,7.0832701
45.4,-126.1,7.2945476
45.4,-126,7.4232435
45.4,-125.9,7.6369467
45.4,-125.8,7.8805914
45.4,-125.7,8.0344667
45.4,-125.6,8.1844883
45.4,-125.5,8.4413538
45.4,-125.4,8.5957327
45.4,-125.3,8.7315149
45.4,-125.2,8.9892597
45.4,-125.1,9.2649994
45.4,-125,9.3945732
45.4,-124.9,9.5483627
45.3,-133,11.016205
45.3,-132.9,10.638351
45.3,-132.8,10.356345
45.3,-132.7,9.9445915
45.3,-132.6,9.5369968
45.3,-132.5,9.1306458
45.3,-132.4,8.7302933
45.3,-132.3,8.4385967
45.3,-132.2,8.0331182
45.3,-132.1,7.6343555
45.3,-132,7.294457
45.3,-131.9,6.8955073
45.3,-131.8,6.5294919
45.3,-131.7,6.1724124
45.3,-131.6,5.7229958
45.3,-131.5,5.3602891
45.3,-131.4,5.0001969
45.3,-131.3,4.6947474
45.3,-131.2,4.3609662
45.3,-131.1,3.9511089
45.3,-131,3.5830207
45.3,-130.9,3.1505585
45.3,-130.8,2.8396623
45.3,-130.7,2.4922552
45.3,-130.6,2.0903218
45.3,-130.5,1.783323
45.3,-130.4,1.3884121
45.3,-130.3,1.016771
45.3,-130.2,0.71519083
45.3,-130.1,0.33497235
45.3,-130,0.045462213
45.3,-129.9,0.2820459
45.3,-129.8,0.420026
45.3,-129.7,0.57204688
45.3,-129.6,0.81484902
45.3,-129.5,0.94908696
45.3,-129.4,1.100984
45.3,-129.3,1.3617047
45.3,-129.2,1.6075053
45.3,-129.1,1.7285684
45.3,-129,1.8892921
45.3,-128.9,2.1128769
45.3,-128.8,2.2764316
45.3,-128.7,2.4608352
45.3,-128.6,2.6669304
45.3,-128.5,2.8446281
45.3,-128.4,3.0295033
45.3,-128.3,3.2735341
45.3,-128.2,3.4389706
45.3,-128.1,3.5870819
45.3,-128,3.8149965
45.3,-127.9,4.0430641
45.3,-127.8,4.1851921
45.3,-127.7,4.337162
45.3,-127.6,4.5429282
45.3,-127.5,4.7284794
45.3,-127.4,4.9136415
45.3,-127.3,5.0792241
45.3,-127.2,5.2701578
45.3,-127.1,5.4878583
45.3,-127,5.6134963
45.3,-126.9,5.7876306
45.3,-126.8,6.0164084
45.3,-126.7,6.1451359
45.3,-126.6,6.2680006
45.3,-126.5,6.5467415
45.3,-126.4,6.7767725
45.3,-126.3,6.8405867
45.3,-126.2,7.0709152
45.3,-126.1,7.2504039
45.3,-126,7.3579988
45.3,-125.9,7.6118221
45.3,-125.8,7.8713403
45.3,-125.7,8.0466995
45.3,-125.6,8.1816597
45.3,-125.5,8.4466715
45.3,-125.4,8.6151257
45.3,-125.3,8.7425814
45.3,-125.2,8.9895945
45.3,-125.1,9.2012796
45.3,-125,9.3291416
45.3,-124.9,9.5414743
45.2,-133,11.051631
45.2,-132.9,10.630003
45.2,-132.8,10.357596
45.2,-132.7,9.8956184
45.2,-132.6,9.5296497
45.2,-132.5,9.1280022
45.2,-132.4,8.7200022
45.2,-132.3,8.4444466
45.2,-132.2,7.9921336
45.2,-132.1,7.6216121
45.2,-132,7.1511235
45.2,-131.9,6.8101969
45.2,-131.8,6.4860568
45.2,-131.7,6.1221695
45.2,-131.6,5.7178407
45.2,-131.5,5.312499
45.2,-131.4,4.9050007
45.2,-131.3,4.6327248
45.2,-131.2,4.2136493
45.2,-131.1,3.8509178
45.2,-131,3.4157913
45.2,-130.9,3.0605905
45.2,-130.8,2.7688146
45.2,-130.7,2.365504
45.2,-130.6,1.9892588
45.2,-130.5,1.6015891
45.2,-130.4,1.2036179
45.2,-130.3,0.89289308
45.2,-130.2,0.51514268
45.2,-130.1,0.19629717
45.2,-130,0.12508726
45.2,-129.9,0.29129803
45.2,-129.8,0.45516837
45.2,-129.7,0.63205063
45.2,-129.6,0.86519182
45.2,-129.5,1.0139698
45.2,-129.4,1.1827166
45.2,-129.3,1.4245397
45.2,-129.2,1.6309565
45.2,-129.1,1.7905865
45.2,-129,1.9651613
45.2,-128.9,2.2049334
45.2,-128.8,2.350317
45.2,-128.7,2.4998965
45.2,-128.6,2.7341039
45.2,-128.5,2.8782618
45.2,-128.4,3.0246305
45.2,-128.3,3.2792366
45.2,-128.2,3.5429993
45.2,-128.1,3.6689694
45.2,-128,3.816376
45.2,-127.9,4.0597849
45.2,-127.8,4.2085757
45.2,-127.7,4.3490133
45.2,-127.6,4.5822744
45.2,-127.5,4.7966166
45.2,-127.4,4.9882793
45.2,-127.3,5.2343464
45.2,-127.2,5.4643974
45.2,-127.1,5.5893636
45.2,-127,5.7319212
45.2,-126.9,5.9950013
45.2,-126.8,6.1374421
45.2,-126.7,6.258039
45.2,-126.6,6.4631915
45.2,-126.5,6.7118011
45.2,-126.4,6.8831787
45.2,-126.3,7.0173564
45.2,-126.2,7.1977921
45.2,-126.1,7.4097867
45.2,-126,7.5316248
45.2,-125.9,7.7068996
45.2,-125.8,7.9584208
45.2,-125.7,8.1777716
45.2,-125.6,8.3151541
45.2,-125.5,8.4796915
45.2,-125.4,8.7031555
45.2,-125.3,8.7626181
45.2,-125.2,8.9878054
45.2,-125.1,9.1787195
45.2,-125,9.2650042
45.2,-124.9,9.5008411
45.1,-133,10.980169
45.1,-132.9,10.627021
45.1,-132.8,10.217193
45.1,-132.7,9.8098555
45.1,-132.6,9.5370007
45.1,-132.5,9.1288881
45.1,-132.4,8.7216501
45.1,-132.3,8.3577318
45.1,-132.2,7.9016366
45.1,-132.1,7.5514812
45.1,-132,7.0970206
45.1,-131.9,6.7348423
45.1,-131.8,6.3764062
45.1,-131.7,6.0414972
45.1,-131.6,5.6723585
45.1,-131.5,5.2612324
45.1,-131.4,4.8903742
45.1,-131.3,4.5264063
45.1,-131.2,4.1531758
45.1,-131.1,3.7193379
45.1,-131,3.3464789
45.1,-130.9,2.9468167
45.1,-130.8,2.6458712
45.1,-130.7,2.2503192
45.1,-130.6,1.858546
45.1,-130.5,1.4755424
45.1,-130.4,1.0824387
45.1,-130.3,0.80268973
45.1,-130.2,0.4133966
45.1,-130.1,0.025222465
45.1,-130,0.23959041
45.1,-129.9,0.3763749
45.1,-129.8,0.52375644
45.1,-129.7,0.76668936
45.1,-129.6,0.91993833
45.1,-129.5,1.0637556
45.1,-129.4,1.3047197
45.1,-129.3,1.4750146
45.1,-129.2,1.6389188
45.1,-129.1,1.8392593
45.1,-129,2.0632434
45.1,-128.9,2.26389
45.1,-128.8,2.4179773
45.1,-128.7,2.5948265
45.1,-128.6,2.7911489
45.1,-128.5,2.9263668
45.1,-128.4,3.0845141
45.1,-128.3,3.3403695
45.1,-128.2,3.5470698
45.1,-128.1,3.7093728
45.1,-128,3.8785825
45.1,-127.9,4.1215596
45.1,-127.8,4.2602992
45.1,-127.7,4.4103589
45.1,-127.6,4.6716623
45.1,-127.5,4.9002633
45.1,-127.4,5.0486031
45.1,-127.3,5.2081342
45.1,-127.2,5.447504
45.1,-127.1,5.588397
45.1,-127,5.7230039
45.1,-126.9,5.9809337
45.1,-126.8,6.2191672
45.1,-126.7,6.3569922
45.1,-126.6,6.5140576
45.1,-126.5,6.7420912
45.1,-126.4,6.9382391
45.1,-126.3,7.1376662
45.1,-126.2,7.3884044
45.1,-126.1,7.5407405
45.1,-126,7.6690469
45.1,-125.9,7.908114
45.1,-125.8,8.1750021
45.1,-125.7,8.3026304
45.1,-125.6,8.4390478
45.1,-125.5,8.6277809
45.1,-125.4,8.8075352
45.1,-125.3,8.9472284
45.1,-125.2,9.144824
45.1,-125.1,9.3546839
45.1,-125,9.5258493
45.1,-124.9,9.68153
45,-133,11.01995
45,-132.9,10.629508
45,-132.8,10.218331
45,-132.7,9.8179331
45,-132.6,9.5215731
45,-132.5,9.0851049
45,-132.4,8.7205687
45,-132.3,8.2889776
45,-132.2,7.8879137
45,-132.1,7.4877954
45,-132,7.080153
45,-131.9,6.673286
45,-131.8,6.2822709
45,-131.7,5.9964619
45,-131.6,5.6000128
45,-131.5,5.1707015
45,-131.4,4.7943587
45,-131.3,4.4262385
45,-131.2,4.0413032
45,-131.1,3.6339023
45,-131,3.1985099
45,-130.9,2.8295474
45,-130.8,2.4465148
45,-130.7,2.0476744
45,-130.6,1.7318543
45,-130.5,1.358658
45,-130.4,0.96170866
45,-130.3,0.668437
45,-130.2,0.28890514
45,-130.1,0.074835867
45,-130,0.30478314
45,-129.9,0.44707379
45,-129.8,0.59926069
45,-129.7,0.82486039
45,-129.6,0.97434926
45,-129.5,1.1328164
45,-129.4,1.375766
45,-129.3,1.5145564
45,-129.2,1.6564856
45,-129.1,1.9070027
45,-129,2.1683636
45,-128.9,2.3141291
45,-128.8,2.4516931
45,-128.7,2.6905682
45,-128.6,2.8359327
45,-128.5,2.9745362
45,-128.4,3.2205846
45,-128.3,3.3926785
45,-128.2,3.5577838
45,-128.1,3.7636454
45,-128,4.0011201
45,-127.9,4.1740785
45,-127.8,4.3091507
45,-127.7,4.5093598
45,-127.6,4.7158475
45,-127.5,4.8879056
45,-127.4,5.0870461
45,-127.3,5.266109
45,-127.2,5.4589844
45,-127.1,5.6225986
45,-127,5.7941861
45,-126.9,6.0480056
45,-126.8,6.2535748
45,-126.7,6.4174061
45,-126.6,6.583323
45,-126.5,6.812283
45,-126.4,6.9651537
45,-126.3,7.1145401
45,-126.2,7.3622484
45,-126.1,7.6292863
45,-126,7.7551713
45,-125.9,7.9020023
45,-125.8,8.1629019
45,-125.7,8.3115578
45,-125.6,8.4492979
45,-125.5,8.6826057
45,-125.4,8.9141588
45,-125.3,9.0883245
45,-125.2,9.2965679
45,-125.1,9.5523081
45,-125,9.6755524
45,-124.9,9.831625
44.9,-133,11.014392
44.9,-132.9,10.629514
44.9,-132.8,10.219995
44.9,-132.7,9.8130627
44.9,-132.6,9.4051123
44.9,-132.5,9.0018721
44.9,-132.4,8.5922756
44.9,-132.3,8.1749926
44.9,-132.2,7.8111672
44.9,-132.1,7.4330292
44.9,-132,7.0645919
44.9,-131.9,6.5934386
44.9,-131.8,6.2138338
44.9,-131.7,5.8409476
44.9,-131.6,5.4420485
44.9,-131.5,5.0364313
44.9,-131.4,4.6393676
44.9,-131.3,4.2551713
44.9,-131.2,3.8652308
44.9,-131.1,3.4673369
44.9,-131,3.0932424
44.9,-130.9,2.7015843
44.9,-130.8,2.3017404
44.9,-130.7,1.9069966
44.9,-130.6,1.6349947
44.9,-130.5,1.2482963
44.9,-130.4,0.85113919
44.9,-130.3,0.45382711
44.9,-130.2,0.060219456
44.9,-130.1,0.21586633
44.9,-130,0.36706489
44.9,-129.9,0.51736557
44.9,-129.8,0.74061185
44.9,-129.7,0.89371598
44.9,-129.6,1.0386741
44.9,-129.5,1.2660478
44.9,-129.4,1.428898
44.9,-129.3,1.5656407
44.9,-129.2,1.7477024
44.9,-129.1,1.9815415
44.9,-129,2.1859186
44.9,-128.9,2.3562303
44.9,-128.8,2.514998
44.9,-128.7,2.7207711
44.9,-128.6,2.8825059
44.9,-128.5,3.0517719
44.9,-128.4,3.2931902
44.9,-128.3,3.4326756
44.9,-128.2,3.5801392
44.9,-128.1,3.8360851
44.9,-128,4.0880003
44.9,-127.9,4.2264109
44.9,-127.8,4.3598552
44.9,-127.7,4.6060429
44.9,-127.6,4.75702
44.9,-127.5,4.9005046
44.9,-127.4,5.1364989
44.9,-127.3,5.3029723
44.9,-127.2,5.4697838
44.9,-127.1,5.6748133
44.9,-127,5.9170623
44.9,-126.9,6.1009331
44.9,-126.8,6.2644362
44.9,-126.7,6.4664464
44.9,-126.6,6.6281338
44.9,-126.5,6.8006382
44.9,-126.4,7.0008631
44.9,-126.3,7.1736026
44.9,-126.2,7.3769574
44.9,-126.1,7.629724
44.9,-126,7.8003664
44.9,-125.9,7.9583831
44.9,-125.8,8.1690321
44.9,-125.7,8.3364897
44.9,-125.6,8.4941263
44.9,-125.5,8.7091064
44.9,-125.4,8.987608
44.9,-125.3,9.1318445
44.9,-125.2,9.2881498
44.9,-125.1,9.5314922
44.9,-125,9.678565
44.9,-124.9,9.8163719
44.8,-133,11.015693
44.8,-132.9,10.629998
44.8,-132.8,10.219636
44.8,-132.7,9.8091278
44.8,-132.6,9.3953257
44.8,-132.5,8.9842176
44.8,-132.4,8.5734663
44.8,-132.3,8.2276096
44.8,-132.2,7.8779383
44.8,-132.1,7.3393192
44.8,-132,6.938869
44.8,-131.9,6.5310388
44.8,-131.8,6.1256256
44.8,-131.7,5.7198782
44.8,-131.6,5.3139954
44.8,-131.5,4.9113798
44.8,-131.4,4.5066528
44.8,-131.3,4.1047626
44.8,-131.2,3.7035787
44.8,-131.1,3.3211849
44.8,-131,2.9543366
44.8,-130.9,2.5468731
44.8,-130.8,2.1390364
44.8,-130.7,1.7681623
44.8,-130.6,1.420805
44.8,-130.5,1.0369948
44.8,-130.4,0.6764881
44.8,-130.3,0.33845985
44.8,-130.2,0.061183881
44.8,-130.1,0.24036267
44.8,-130,0.41935489
44.8,-129.9,0.58984888
44.8,-129.8,0.82182193
44.8,-129.7,0.96002144
44.8,-129.6,1.1030831
44.8,-129.5,1.3629984
44.8,-129.4,1.5018361
44.8,-129.3,1.6335765
44.8,-129.2,1.8704636
44.8,-129.1,2.0277991
44.8,-129,2.1799181
44.8,-128.9,2.4070363
44.8,-128.8,2.5690155
44.8,-128.7,2.7372859
44.8,-128.6,2.9380581
44.8,-128.5,3.1802824
44.8,-128.4,3.343858
44.8,-128.3,3.4856026
44.8,-128.2,3.7108042
44.8,-128.1,3.9099195
44.8,-128,4.1015091
44.8,-127.9,4.270967
44.8,-127.8,4.4292231
44.8,-127.7,4.6342773
44.8,-127.6,4.8004537
44.8,-127.5,4.9549046
44.8,-127.4,5.1595807
44.8,-127.3,5.3273745
44.8,-127.2,5.4858913
44.8,-127.1,5.7222791
44.8,-127,5.9946089
44.8,-126.9,6.1363373
44.8,-126.8,6.2680006
44.8,-126.7,6.5286613
44.8,-126.6,6.6708679
44.8,-126.5,6.8108239
44.8,-126.4,7.0515804
44.8,-126.3,7.2029839
44.8,-126.2,7.359436
44.8,-126.1,7.6371174
44.8,-126,7.8505182
44.8,-125.9,8.0072737
44.8,-125.8,8.1750021
44.8,-125.7,8.3797894
44.8,-125.6,8.5421562
44.8,-125.5,8.7205544
44.8,-125.4,8.968524
44.8,-125.3,9.1183395
44.8,-125.2,9.2670059
44.8,-125.1,9.5354443
44.8,-125,9.7157221
44.8,-124.9,9.8749847
44.7,-133,11.052855
44.7,-132.9,10.635732
44.7,-132.8,10.206511
44.7,-132.7,9.8179836
44.7,-132.6,9.4168739
44.7,-132.5,9.0033321
44.7,-132.4,8.5821438
44.7,-132.3,8.1329145
44.7,-132.2,7.6602578
44.7,-132.1,7.3640738
44.7,-132,6.9535608
44.7,-131.9,6.5387483
44.7,-131.8,6.1297851
44.7,-131.7,5.7230005
44.7,-131.6,5.3128467
44.7,-131.5,4.9059944
44.7,-131.4,4.4928155
44.7,-131.3,4.0772429
44.7,-131.2,3.6551726
44.7,-131.1,3.0417292
44.7,-131,2.7382367
44.7,-130.9,2.3936317
44.7,-130.8,2.0148873
44.7,-130.7,1.6125526
44.7,-130.6,1.2028162
44.7,-130.5,0.80460256
44.7,-130.4,0.54500234
44.7,-130.3,0.10551149
44.7,-130.2,0.12961075
44.7,-130.1,0.26629248
44.7,-130,0.49272367
44.7,-129.9,0.65487278
44.7,-129.8,0.81403518
44.7,-129.7,1.013164
44.7,-129.6,1.1898202
44.7,-129.5,1.375317
44.7,-129.4,1.5660622
44.7,-129.3,1.7250481
44.7,-129.2,1.8976122
44.7,-129.1,2.0837595
44.7,-129,2.2862027
44.7,-128.9,2.4670587
44.7,-128.8,2.6162128
44.7,-128.7,2.7715709
44.7,-128.6,3.0204244
44.7,-128.5,3.272887
44.7,-128.4,3.4125476
44.7,-128.3,3.5430036
44.7,-128.2,3.8026261
44.7,-128.1,3.9533641
44.7,-128,4.0949807
44.7,-127.9,4.3239903
44.7,-127.8,4.4856277
44.7,-127.7,4.6537824
44.7,-127.6,4.8580885
44.7,-127.5,5.0119243
44.7,-127.4,5.1770935
44.7,-127.3,5.3811932
44.7,-127.2,5.5413113
44.7,-127.1,5.7235565
44.7,-127,5.9927912
44.7,-126.9,6.1804237
44.7,-126.8,6.342309
44.7,-126.7,6.5454197
44.7,-126.6,6.7134089
44.7,-126.5,6.8713994
44.7,-126.4,7.0743599
44.7,-126.3,7.241034
44.7,-126.2,7.4015503
44.7,-126.1,7.6300049
44.7,-126,7.8952098
44.7,-125.9,8.0354109
44.7,-125.8,8.1826744
44.7,-125.7,8.4469986
44.7,-125.6,8.5858335
44.7,-125.5,8.7220335
44.7,-125.4,8.9653473
44.7,-125.3,9.1196241
44.7,-125.2,9.2691746
44.7,-125.1,9.5507097
44.7,-125,9.7679405
44.6,-133,10.977809
44.6,-132.9,10.625961
44.6,-132.8,10.240687
44.6,-132.7,9.8749561
44.6,-132.6,9.4828024
44.6,-132.5,9.0688334
44.6,-132.4,8.6858931
44.6,-132.3,8.2289686
44.6,-132.2,7.8411951
44.6,-132.1,7.3760657
44.6,-132,6.9413028
44.6,-131.9,6.5235071
44.6,-131.8,6.0842171
44.6,-131.7,5.6536894
44.6,-131.6,5.2633681
44.6,-131.5,4.9336886
44.6,-131.4,4.5664768
44.6,-131.3,4.1631026
44.6,-131.2,3.71562
44.6,-131.1,3.2315757
44.6,-131,2.7850108
44.6,-130.9,2.33922
44.6,-130.8,1.9146042
44.6,-130.7,1.4905519
44.6,-130.6,1.0844858
44.6,-130.5,0.67423803
44.6,-130.4,0.32120961
44.6,-130.3,0.098529257
44.6,-130.2,0.25636032
44.6,-130.1,0.36031222
44.6,-130,0.5443418
44.6,-129.9,0.73752993
44.6,-129.8,0.9201892
44.6,-129.7,1.1247276
44.6,-129.6,1.2783835
44.6,-129.5,1.4170396
44.6,-129.4,1.6381176
44.6,-129.3,1.8061091
44.6,-129.2,1.9459754
44.6,-129.1,2.1761706
44.6,-129,2.4303541
44.6,-128.9,2.5606658
44.6,-128.8,2.6992447
44.6,-128.7,2.8999085
44.6,-128.6,3.1005595
44.6,-128.5,3.2904315
44.6,-128.4,3.4857073
44.6,-128.3,3.6345091
44.6,-128.2,3.8150008
44.6,-128.1,4.0026855
44.6,-128,4.1681499
44.6,-127.9,4.3441644
44.6,-127.8,4.5234756
44.6,-127.7,4.6865616
44.6,-127.6,4.9012775
44.6,-127.5,5.0508766
44.6,-127.4,5.1968303
44.6,-127.3,5.4504809
44.6,-127.2,5.5873194
44.6,-127.1,5.7229991
44.6,-127,5.9811177
44.6,-126.9,6.2328973
44.6,-126.8,6.3827677
44.6,-126.7,6.5400462
44.6,-126.6,6.7627029
44.6,-126.5,6.9249029
44.6,-126.4,7.0894151
44.6,-126.3,7.2956185
44.6,-126.2,7.4535627
44.6,-126.1,7.6313372
44.6,-126,7.9000463
44.6,-125.9,8.0388737
44.6,-125.8,8.1769676
44.6,-125.7,8.4459772
44.6,-125.6,8.6269598
44.6,-125.5,8.7853642
44.6,-125.4,8.9884195
44.6,-125.3,9.1559649
44.6,-125.2,9.3136044
44.6,-125.1,9.5422888
44.6,-125,9.8048306
44.5,-133,11.015522
44.5,-132.9,10.634632
44.5,-132.8,10.274673
44.5,-132.7,9.9767179
44.5,-132.6,9.6848106
44.5,-132.5,9.2839804
44.5,-132.4,8.9204521
44.5,-132.3,8.5441599
44.5,-132.2,8.1549768
44.5,-132.1,7.754766
44.5,-132,7.333724
44.5,-131.9,6.9548273
44.5,-131.8,6.5887136
44.5,-131.7,6.1827211
44.5,-131.6,5.749465
44.5,-131.5,5.2162538
44.5,-131.4,4.8027792
44.5,-131.3,4.3983145
44.5,-131.2,3.9223607
44.5,-131.1,3.5153387
44.5,-131,3.0247929
44.5,-130.9,2.5548704
44.5,-130.8,2.0023193
44.5,-130.7,1.5124923
44.5,-130.6,1.1032407
44.5,-130.5,0.60273814
44.5,-130.4,0.12829527
44.5,-130.3,3.02866E-05
44.5,-130.2,0.11831589
44.5,-130.1,0.25953194
44.5,-130,0.48448738
44.5,-129.9,0.78107381
44.5,-129.8,0.94654006
44.5,-129.7,1.1184169
44.5,-129.6,1.3606054
44.5,-129.5,1.4902809
44.5,-129.4,1.6428721
44.5,-129.3,1.9070024
44.5,-129.2,2.0231957
44.5,-129.1,2.184757
44.5,-129,2.4395287
44.5,-128.9,2.5828791
44.5,-128.8,2.7396612
44.5,-128.7,2.9700463
44.5,-128.6,3.1299112
44.5,-128.5,3.2998466
44.5,-128.4,3.5376494
44.5,-128.3,3.6724577
44.5,-128.2,3.8217032
44.5,-128.1,4.0879998
44.5,-128,4.2387109
44.5,-127.9,4.3578868
44.5,-127.8,4.5970187
44.5,-127.7,4.7548237
44.5,-127.6,4.890027
44.5,-127.5,5.1050615
44.5,-127.4,5.2782993
44.5,-127.3,5.4626451
44.5,-127.2,5.644331
44.5,-127.1,5.807703
44.5,-127,5.994184
44.5,-126.9,6.2519021
44.5,-126.8,6.3972569
44.5,-126.7,6.5422888
44.5,-126.6,6.8100252
44.5,-126.5,6.9744115
44.5,-126.4,7.1153526
44.5,-126.3,7.3600516
44.5,-126.2,7.4957023
44.5,-126.1,7.6300001
44.5,-126,7.8935785
44.5,-125.9,8.0444775
44.5,-125.8,8.1815987
44.5,-125.7,8.4467602
44.5,-125.6,8.6789942
44.5,-125.5,8.8340912
44.5,-125.4,9.002346
44.5,-125.3,9.2134552
44.5,-125.2,9.3649826
44.5,-125.1,9.5374451
44.5,-125,9.7967329
44.4,-133,11.014997
44.4,-132.9,10.630066
44.4,-132.8,10.303524
44.4,-132.7,10.040335
44.4,-132.6,9.8175964
44.4,-132.5,9.5010195
44.4,-132.4,9.1386662
44.4,-132.3,8.8171091
44.4,-132.2,8.4370184
44.4,-132.1,8.1069641
44.4,-132,7.7121758
44.4,-131.9,7.3342738
44.4,-131.8,6.9731026
44.4,-131.7,6.6244941
44.4,-131.6,6.3293657
44.4,-131.5,5.9436722
44.4,-131.4,5.5449243
44.4,-131.3,5.0973611
44.4,-131.2,4.6957827
44.4,-131.1,4.2885046
44.4,-131,3.8606532
44.4,-130.9,3.4294899
44.4,-130.8,2.9597919
44.4,-130.7,2.5545273
44.4,-130.6,2.0180717
44.4,-130.5,1.5437632
44.4,-130.4,1.0315331
44.4,-130.3,0.58073527
44.4,-130.2,0.24069637
44.4,-130.1,0.15277705
44.4,-130,0.29456583
44.4,-129.9,0.63144356
44.4,-129.8,0.85269392
44.4,-129.7,1.0899991
44.4,-129.6,1.2868245
44.4,-129.5,1.4767872
44.4,-129.4,1.6754558
44.4,-129.3,1.8238105
44.4,-129.2,1.9636685
44.4,-129.1,2.1297801
44.4,-129,2.3382683
44.4,-128.9,2.5279636
44.4,-128.8,2.7161074
44.4,-128.7,2.9198344
44.4,-128.6,3.1061835
44.4,-128.5,3.2830973
44.4,-128.4,3.5324154
44.4,-128.3,3.6751039
44.4,-128.2,3.821197
44.4,-128.1,4.0879998
44.4,-128,4.3366666
44.4,-127.9,4.4526196
44.4,-127.8,4.6315908
44.4,-127.7,4.8615274
44.4,-127.6,4.9962397
44.4,-127.5,5.1631975
44.4,-127.4,5.3393869
44.4,-127.3,5.4932132
44.4,-127.2,5.7288256
44.4,-127.1,5.8938866
44.4,-127,6.036901
44.4,-126.9,6.2605057
44.4,-126.8,6.4134951
44.4,-126.7,6.5420065
44.4,-126.6,6.8041062
44.4,-126.5,7.0460949
44.4,-126.4,7.1917892
44.4,-126.3,7.3742423
44.4,-126.2,7.5535054
44.4,-126.1,7.7151279
44.4,-126,7.9051881
44.4,-125.9,8.0933266
44.4,-125.8,8.2528486
44.4,-125.7,8.4445572
44.4,-125.6,8.6965704
44.4,-125.5,8.8439522
44.4,-125.4,8.9932308
44.4,-125.3,9.2590122
44.4,-125.2,9.3964281
44.4,-125.1,9.5429544
44.4,-125,9.8100004
44.3,-133,11.014568
44.3,-132.9,10.628773
44.3,-132.8,10.357539
44.3,-132.7,10.037553
44.3,-132.6,9.8774767
44.3,-132.5,9.6360579
44.3,-132.4,9.2927647
44.3,-132.3,8.99716
44.3,-132.2,8.7170401
44.3,-132.1,8.3397808
44.3,-132,8.0426388
44.3,-131.9,7.6838408
44.3,-131.8,7.3385687
44.3,-131.7,7.0091224
44.3,-131.6,6.697803
44.3,-131.5,6.4916692
44.3,-131.4,6.1092682
44.3,-131.3,5.7395172
44.3,-131.2,5.3737793
44.3,-131.1,4.951623
44.3,-131,4.5632596
44.3,-130.9,4.198144
44.3,-130.8,3.810709
44.3,-130.7,3.4031098
44.3,-130.6,3.0544233
44.3,-130.5,2.6758695
44.3,-130.4,2.1734202
44.3,-130.3,1.7186829
44.3,-130.2,1.2747816
44.3,-130.1,0.82665879
44.3,-130,0.45042977
44.3,-129.9,0.18090828
44.3,-129.8,0.15246113
44.3,-129.7,0.53826672
44.3,-129.6,0.74957591
44.3,-129.5,1.0088304
44.3,-129.4,1.219449
44.3,-129.3,1.4645991
44.3,-129.2,1.743138
44.3,-129.1,1.9433824
44.3,-129,2.185843
44.3,-128.9,2.4079397
44.3,-128.8,2.614886
44.3,-128.7,2.8375032
44.3,-128.6,3.0700955
44.3,-128.5,3.2699995
44.3,-128.4,3.4622869
44.3,-128.3,3.6460731
44.3,-128.2,3.8440461
44.3,-128.1,4.0999937
44.3,-128,4.2870626
44.3,-127.9,4.4457765
44.3,-127.8,4.627058
44.3,-127.7,4.8215003
44.3,-127.6,5.0054903
44.3,-127.5,5.1947188
44.3,-127.4,5.4407101
44.3,-127.3,5.5726066
44.3,-127.2,5.7427015
44.3,-127.1,5.994977
44.3,-127,6.119957
44.3,-126.9,6.2679858
44.3,-126.8,6.4886088
44.3,-126.7,6.6281991
44.3,-126.6,6.8093052
44.3,-126.5,7.0469022
44.3,-126.4,7.2119632
44.3,-126.3,7.3907108
44.3,-126.2,7.6255741
44.3,-126.1,7.7627425
44.3,-126,7.917274
44.3,-125.9,8.1749964
44.3,-125.8,8.3051319
44.3,-125.7,8.4498444
44.3,-125.6,8.7081938
44.3,-125.5,8.8544817
44.3,-125.4,9.0036049
44.3,-125.3,9.2627525
44.3,-125.2,9.4019775
44.3,-125.1,9.5473757
44.2,-133,11.051634
44.2,-132.9,10.630003
44.2,-132.8,10.357855
44.2,-132.7,10.080235
44.2,-132.6,9.9282341
44.2,-132.5,9.774169
44.2,-132.4,9.4874601
44.2,-132.3,9.1845446
44.2,-132.2,8.8933506
44.2,-132.1,8.6079254
44.2,-132,8.2837076
44.2,-131.9,7.9820914
44.2,-131.8,7.6601353
44.2,-131.7,7.3383012
44.2,-131.6,7.0136361
44.2,-131.5,6.7461667
44.2,-131.4,6.5926909
44.2,-131.3,6.2966971
44.2,-131.2,5.9156771
44.2,-131.1,5.5821409
44.2,-131,5.2064762
44.2,-130.9,4.8582273
44.2,-130.8,4.4749217
44.2,-130.7,4.1012802
44.2,-130.6,3.742609
44.2,-130.5,3.3741472
44.2,-130.4,3.1163857
44.2,-130.3,2.7854273
44.2,-130.2,2.3227525
44.2,-130.1,1.9072353
44.2,-130,1.5107833
44.2,-129.9,1.0614641
44.2,-129.8,0.65844148
44.2,-129.7,0.31682673
44.2,-129.6,0.10718109
44.2,-129.5,0.39332169
44.2,-129.4,0.61977124
44.2,-129.3,0.84135723
44.2,-129.2,1.0961518
44.2,-129.1,1.3545942
44.2,-129,1.6214069
44.2,-128.9,1.8400017
44.2,-128.8,2.108108
44.2,-128.7,2.3889229
44.2,-128.6,2.6361597
44.2,-128.5,2.8408835
44.2,-128.4,3.1030903
44.2,-128.3,3.3358819
44.2,-128.2,3.52441
44.2,-128.1,3.7680767
44.2,-128,4.1125855
44.2,-127.9,4.3261561
44.2,-127.8,4.546011
44.2,-127.7,4.7401419
44.2,-127.6,4.967958
44.2,-127.5,5.1610384
44.2,-127.4,5.3613605
44.2,-127.3,5.5410175
44.2,-127.2,5.7483239
44.2,-127.1,6.003284
44.2,-127,6.1353064
44.2,-126.9,6.301846
44.2,-126.8,6.4672427
44.2,-126.7,6.6379361
44.2,-126.6,6.8175879
44.2,-126.5,7.0137663
44.2,-126.4,7.1909866
44.2,-126.3,7.3752933
44.2,-126.2,7.6232152
44.2,-126.1,7.7648339
44.2,-126,7.9075565
44.2,-125.9,8.1750011
44.2,-125.8,8.3143053
44.2,-125.7,8.4545031
44.2,-125.6,8.701808
44.2,-125.5,8.8536787
44.2,-125.4,9.0023451
44.2,-125.3,9.2189608
44.2,-125.2,9.3876886
44.2,-125.1,9.5543499
44.1,-133,10.976662
44.1,-132.9,10.63028
44.1,-132.8,10.36
44.1,-132.7,10.082731
44.1,-132.6,9.9386806
44.1,-132.5,9.7955446
44.1,-132.4,9.5260572
44.1,-132.3,9.2664089
44.1,-132.2,8.9906425
44.1,-132.1,8.7177601
44.1,-132,8.4656162
44.1,-131.9,8.1948013
44.1,-131.8,7.9115157
44.1,-131.7,7.5936646
44.1,-131.6,7.3350425
44.1,-131.5,7.0040936
44.1,-131.4,6.7700572
44.1,-131.3,6.6123352
44.1,-131.2,6.3897572
44.1,-131.1,6.079649
44.1,-131,5.7651877
44.1,-130.9,5.4093957
44.1,-130.8,5.0723233
44.1,-130.7,4.7422013
44.1,-130.6,4.3792744
44.1,-130.5,4.0405049
44.1,-130.4,3.7013025
44.1,-130.3,3.361959
44.1,-130.2,3.1096499
44.1,-130.1,2.8583329
44.1,-130,2.4580922
44.1,-129.9,2.0703218
44.1,-129.8,1.6805964
44.1,-129.7,1.2715088
44.1,-129.6,0.8607676
44.1,-129.5,0.43341723
44.1,-129.4,0.18335989
44.1,-129.3,0.22116478
44.1,-129.2,0.4336558
44.1,-129.1,0.70725805
44.1,-129,0.95693129
44.1,-128.9,1.2141529
44.1,-128.8,1.493786
44.1,-128.7,1.753561
44.1,-128.6,2.0372455
44.1,-128.5,2.3175254
44.1,-128.4,2.5647962
44.1,-128.3,2.8248532
44.1,-128.2,3.1004543
44.1,-128.1,3.3442767
44.1,-128,3.566597
44.1,-127.9,3.809257
44.1,-127.8,4.1133299
44.1,-127.7,4.3860955
44.1,-127.6,4.6427917
44.1,-127.5,4.8418641
44.1,-127.4,5.0726666
44.1,-127.3,5.2873802
44.1,-127.2,5.5012331
44.1,-127.1,5.7013755
44.1,-127,5.9398088
44.1,-126.9,6.1388278
44.1,-126.8,6.3588624
44.1,-126.7,6.5844851
44.1,-126.6,6.7759991
44.1,-126.5,6.9778728
44.1,-126.4,7.1576028
44.1,-126.3,7.3579979
44.1,-126.2,7.6313229
44.1,-126.1,7.7663755
44.1,-126,7.9196181
44.1,-125.9,8.1671028
44.1,-125.8,8.3093977
44.1,-125.7,8.4698725
44.1,-125.6,8.6758699
44.1,-125.5,8.8507175
44.1,-125.4,9.0328541
44.1,-125.3,9.2562637
44.1,-125.2,9.4001932
44.1,-125.1,9.5543547
44,-133,11.015386
44,-132.9,10.659909
44,-132.8,10.362831
44,-132.7,10.079997
44,-132.6,9.9462481
44,-132.5,9.8025093
44,-132.4,9.5321417
44,-132.3,9.2427673
44,-132.2,8.9705515
44,-132.1,8.6901598
44,-132,8.4438229
44,-131.9,8.1872139
44,-131.8,7.9172645
44,-131.7,7.6354332
44,-131.6,7.3580036
44,-131.5,7.0773005
44,-131.4,6.8070445
44,-131.3,6.6597795
44,-131.2,6.5123687
44,-131.1,6.2452545
44,-131,5.9469457
44,-130.9,5.7120771
44,-130.8,5.4965806
44,-130.7,5.1774359
44,-130.6,4.8707371
44,-130.5,4.56914
44,-130.4,4.2703977
44,-130.3,3.9438407
44,-130.2,3.6475258
44,-130.1,3.3531511
44,-130,3.1410348
44,-129.9,2.8887208
44,-129.8,2.5869584
44,-129.7,2.2075682
44,-129.6,1.8429971
44,-129.5,1.4515693
44,-129.4,1.0793674
44,-129.3,0.70668393
44,-129.2,0.38740289
44,-129.1,0.18565086
44,-129,0.26420304
44,-128.9,0.56032377
44,-128.8,0.79507548
44,-128.7,1.0596411
44,-128.6,1.3588016
44,-128.5,1.6495335
44,-128.4,1.9413645
44,-128.3,2.2386768
44,-128.2,2.5291412
44,-128.1,2.8001704
44,-128,3.0925512
44,-127.9,3.3441894
44,-127.8,3.617028
44,-127.7,3.8836217
44,-127.6,4.1798983
44,-127.5,4.4332237
44,-127.4,4.6975803
44,-127.3,4.92243
44,-127.2,5.1532326
44,-127.1,5.3797402
44,-127,5.5827279
44,-126.9,5.838685
44,-126.8,6.0665498
44,-126.7,6.2483516
44,-126.6,6.549861
44,-126.5,6.7433453
44,-126.4,6.9602571
44,-126.3,7.1748247
44,-126.2,7.3887944
44,-126.1,7.6380105
44,-126,7.8239317
44,-125.9,8.0248861
44,-125.8,8.2127724
44,-125.7,8.4049873
44,-125.6,8.6602726
44,-125.5,8.8208208
44,-125.4,8.9830704
44,-125.3,9.2550726
44,-125.2,9.3901253
44,-125.1,9.5370016
43.9,-133,11.014689
43.9,-132.9,10.707374
43.9,-132.8,10.438216
43.9,-132.7,10.187848
43.9,-132.6,10.008775
43.9,-132.5,9.8448572
43.9,-132.4,9.6257811
43.9,-132.3,9.3571253
43.9,-132.2,9.1028605
43.9,-132.1,8.8610029
43.9,-132,8.5884075
43.9,-131.9,8.2962999
43.9,-131.8,8.0082579
43.9,-131.7,7.7249041
43.9,-131.6,7.4360452
43.9,-131.5,7.1508284
43.9,-131.4,6.8796339
43.9,-131.3,6.6880178
43.9,-131.2,6.5239005
43.9,-131.1,6.2786384
43.9,-131,5.9526067
43.9,-130.9,5.6550808
43.9,-130.8,5.445858
43.9,-130.7,5.1986752
43.9,-130.6,4.9342699
43.9,-130.5,4.6443992
43.9,-130.4,4.3600001
43.9,-130.3,4.0776048
43.9,-130.2,3.7884147
43.9,-130.1,3.517118
43.9,-130,3.2465508
43.9,-129.9,3.0842621
43.9,-129.8,2.9620738
43.9,-129.7,2.7095993
43.9,-129.6,2.4582431
43.9,-129.5,2.1729589
43.9,-129.4,1.8704377
43.9,-129.3,1.533599
43.9,-129.2,1.2081267
43.9,-129.1,0.83752477
43.9,-129,0.5429849
43.9,-128.9,0.25063363
43.9,-128.8,0.18314146
43.9,-128.7,0.34615502
43.9,-128.6,0.67529964
43.9,-128.5,0.9181152
43.9,-128.4,1.195336
43.9,-128.3,1.517511
43.9,-128.2,1.8350219
43.9,-128.1,2.1605382
43.9,-128,2.4659193
43.9,-127.9,2.7741845
43.9,-127.8,3.083077
43.9,-127.7,3.3626907
43.9,-127.6,3.6509759
43.9,-127.5,3.9469655
43.9,-127.4,4.2299981
43.9,-127.3,4.4995346
43.9,-127.2,4.782115
43.9,-127.1,5.0433345
43.9,-127,5.2546291
43.9,-126.9,5.4561768
43.9,-126.8,5.6733708
43.9,-126.7,5.9468322
43.9,-126.6,6.1865888
43.9,-126.5,6.4421177
43.9,-126.4,6.6905894
43.9,-126.3,6.927146
43.9,-126.2,7.1610513
43.9,-126.1,7.3694177
43.9,-126,7.6439781
43.9,-125.9,7.8404145
43.9,-125.8,8.0858564
43.9,-125.7,8.2818403
43.9,-125.6,8.4753389
43.9,-125.5,8.7424822
43.9,-125.4,8.9276791
43.9,-125.3,9.1335793
43.9,-125.2,9.3274574
43.9,-125.1,9.5008011
43.8,-133,11.014928
43.8,-132.9,10.769014
43.8,-132.8,10.547332
43.8,-132.7,10.286253
43.8,-132.6,10.101821
43.8,-132.5,9.9272804
43.8,-132.4,9.7320404
43.8,-132.3,9.5416794
43.8,-132.2,9.2543955
43.8,-132.1,9.0611944
43.8,-132,8.8085108
43.8,-131.9,8.5698433
43.8,-131.8,8.3203745
43.8,-131.7,8.0522785
43.8,-131.6,7.7993464
43.8,-131.5,7.5251951
43.8,-131.4,7.2656488
43.8,-131.3,6.9630208
43.8,-131.2,6.7570372
43.8,-131.1,6.5962272
43.8,-131,6.3551869
43.8,-130.9,6.0675921
43.8,-130.8,5.769351
43.8,-130.7,5.445085
43.8,-130.6,5.1200256
43.8,-130.5,4.7972236
43.8,-130.4,4.5016818
43.8,-130.3,4.1847739
43.8,-130.2,3.8632121
43.8,-130.1,3.5754616
43.8,-130,3.3084109
43.8,-129.9,3.1010609
43.8,-129.8,2.9057336
43.8,-129.7,2.6348164
43.8,-129.6,2.4465997
43.8,-129.5,2.2174656
43.8,-129.4,1.9392577
43.8,-129.3,1.6565363
43.8,-129.2,1.3629984
43.8,-129.1,1.0728601
43.8,-129,0.77517343
43.8,-128.9,0.50176102
43.8,-128.8,0.23162186
43.8,-128.7,0.091657095
43.8,-128.6,0.28123567
43.8,-128.5,0.47369835
43.8,-128.4,0.67121434
43.8,-128.3,0.87031096
43.8,-128.2,1.1453917
43.8,-128.1,1.4633452
43.8,-128,1.774441
43.8,-127.9,2.1177874
43.8,-127.8,2.4264657
43.8,-127.7,2.7356503
43.8,-127.6,3.0412939
43.8,-127.5,3.3756669
43.8,-127.4,3.6786113
43.8,-127.3,4.0153527
43.8,-127.2,4.3125777
43.8,-127.1,4.5947542
43.8,-127,4.8620534
43.8,-126.9,5.1352763
43.8,-126.8,5.3456416
43.8,-126.7,5.5263586
43.8,-126.6,5.8100824
43.8,-126.5,6.083952
43.8,-126.4,6.3515916
43.8,-126.3,6.6238804
43.8,-126.2,6.8783202
43.8,-126.1,7.1443934
43.8,-126,7.3844466
43.8,-125.9,7.6524363
43.8,-125.8,7.8680644
43.8,-125.7,8.1527262
43.8,-125.6,8.3668413
43.8,-125.5,8.5906067
43.8,-125.4,8.8103828
43.8,-125.3,9.0226507
43.8,-125.2,9.2887478
43.8,-125.1,9.4690323
43.7,-133,11.023391
43.7,-132.9,10.804757
43.7,-132.8,10.60585
43.7,-132.7,10.341183
43.7,-132.6,10.173991
43.7,-132.5,10.01983
43.7,-132.4,9.7860174
43.7,-132.3,9.6254358
43.7,-132.2,9.4532833
43.7,-132.1,9.1951962
43.7,-132,9.0234184
43.7,-131.9,8.7850189
43.7,-131.8,8.550992
43.7,-131.7,8.3350773
43.7,-131.6,8.0890036
43.7,-131.5,7.8892698
43.7,-131.4,7.6119423
43.7,-131.3,7.3681636
43.7,-131.2,7.1501675
43.7,-131.1,6.9020796
43.7,-131,6.7075405
43.7,-130.9,6.4997234
43.7,-130.8,6.2890029
43.7,-130.7,5.9967051
43.7,-130.6,5.7304912
43.7,-130.5,5.4449487
43.7,-130.4,5.1682386
43.7,-130.3,4.8626342
43.7,-130.2,4.5507264
43.7,-130.1,4.2464643
43.7,-130,3.9451201
43.7,-129.9,3.6304545
43.7,-129.8,3.3860245
43.7,-129.7,3.1413317
43.7,-129.6,2.8821988
43.7,-129.5,2.5670469
43.7,-129.4,2.2436659
43.7,-129.3,1.8901792
43.7,-129.2,1.5728484
43.7,-129.1,1.2543212
43.7,-129,0.89396214
43.7,-128.9,0.54107356
43.7,-128.8,0.23670918
43.7,-128.7,2.41885E-06
43.7,-128.6,0.13220017
43.7,-128.5,0.41310266
43.7,-128.4,0.5247128
43.7,-128.3,0.76017457
43.7,-128.2,1.0577301
43.7,-128.1,1.3444835
43.7,-128,1.6349965
43.7,-127.9,1.9283936
43.7,-127.8,2.2051523
43.7,-127.7,2.4941478
43.7,-127.6,2.7400517
43.7,-127.5,2.9597361
43.7,-127.4,3.2187572
43.7,-127.3,3.5574832
43.7,-127.2,3.8656461
43.7,-127.1,4.1525846
43.7,-127,4.432621
43.7,-126.9,4.72328
43.7,-126.8,5.0085597
43.7,-126.7,5.2294016
43.7,-126.6,5.4133434
43.7,-126.5,5.6404152
43.7,-126.4,5.9681497
43.7,-126.3,6.2489014
43.7,-126.2,6.5429988
43.7,-126.1,6.8336043
43.7,-126,7.1207128
43.7,-125.9,7.3817863
43.7,-125.8,7.6668177
43.7,-125.7,7.9131889
43.7,-125.6,8.1993971
43.7,-125.5,8.425025
43.7,-125.4,8.7057619
43.7,-125.3,8.9309711
43.7,-125.2,9.2006636
43.7,-125.1,9.4100323
43.6,-133,11.019018
43.6,-132.9,10.81429
43.6,-132.8,10.625602
43.6,-132.7,10.363093
43.6,-132.6,10.213742
43.6,-132.5,10.078694
43.6,-132.4,9.8100042
43.6,-132.3,9.6781759
43.6,-132.2,9.5393152
43.6,-132.1,9.2762728
43.6,-132,9.1339684
43.6,-131.9,8.9920044
43.6,-131.8,8.7113066
43.6,-131.7,8.5412798
43.6,-131.6,8.339674
43.6,-131.5,8.1090221
43.6,-131.4,7.9413543
43.6,-131.3,7.709054
43.6,-131.2,7.5017233
43.6,-131.1,7.2889552
43.6,-131,7.0294623
43.6,-130.9,6.8449473
43.6,-130.8,6.6338716
43.6,-130.7,6.4201794
43.6,-130.6,6.1736288
43.6,-130.5,5.9667454
43.6,-130.4,5.7133079
43.6,-130.3,5.4449492
43.6,-130.2,5.1889095
43.6,-130.1,4.9346452
43.6,-130,4.6513643
43.6,-129.9,4.3851256
43.6,-129.8,4.0893264
43.6,-129.7,3.8462141
43.6,-129.6,3.5500352
43.6,-129.5,3.3046129
43.6,-129.4,3.057143
43.6,-129.3,2.7965024
43.6,-129.2,2.4735396
43.6,-129.1,2.1336513
43.6,-129,1.8023523
43.6,-128.9,1.4586998
43.6,-128.8,1.1275369
43.6,-128.7,0.74383742
43.6,-128.6,0.47386846
43.6,-128.5,0.31555331
43.6,-128.4,0.20227514
43.6,-128.3,0.32440037
43.6,-128.2,0.81420445
43.6,-128.1,1.0925536
43.6,-128,1.382337
43.6,-127.9,1.7859385
43.6,-127.8,2.1222425
43.6,-127.7,2.4432306
43.6,-127.6,2.7248919
43.6,-127.5,2.9823227
43.6,-127.4,3.2803841
43.6,-127.3,3.4885123
43.6,-127.2,3.7859559
43.6,-127.1,4.0701413
43.6,-127,4.3508396
43.6,-126.9,4.6330018
43.6,-126.8,4.9141426
43.6,-126.7,5.1839123
43.6,-126.6,5.3417072
43.6,-126.5,5.4890747
43.6,-126.4,5.722095
43.6,-126.3,6.0006237
43.6,-126.2,6.2410321
43.6,-126.1,6.5236077
43.6,-126,6.8484526
43.6,-125.9,7.0849991
43.6,-125.8,7.4097762
43.6,-125.7,7.6935773
43.6,-125.6,7.9680696
43.6,-125.5,8.2438269
43.6,-125.4,8.5183916
43.6,-125.3,8.8051643
43.6,-125.2,9.0661268
43.6,-125.1,9.331995
43.6,-125,9.5827484
43.5,-133,11.015706
43.5,-132.9,10.812354
43.5,-132.8,10.622849
43.5,-132.7,10.366269
43.5,-132.6,10.205245
43.5,-132.5,10.054444
43.5,-132.4,9.8856039
43.5,-132.3,9.7366076
43.5,-132.2,9.5565863
43.5,-132.1,9.3194466
43.5,-132,9.1758146
43.5,-131.9,8.9968443
43.5,-131.8,8.7304306
43.5,-131.7,8.603797
43.5,-131.6,8.4469986
43.5,-131.5,8.1687717
43.5,-131.4,8.0160007
43.5,-131.3,7.8535175
43.5,-131.2,7.6300011
43.5,-131.1,7.4538264
43.5,-131,7.2960563
43.5,-130.9,7.1037784
43.5,-130.8,6.9254203
43.5,-130.7,6.7336969
43.5,-130.6,6.5187745
43.5,-130.5,6.341063
43.5,-130.4,6.1030288
43.5,-130.3,5.894341
43.5,-130.2,5.6806102
43.5,-130.1,5.4560575
43.5,-130,5.1926494
43.5,-129.9,5.0104685
43.5,-129.8,4.7332578
43.5,-129.7,4.4804769
43.5,-129.6,4.2305264
43.5,-129.5,4.0015478
43.5,-129.4,3.7316716
43.5,-129.3,3.4572961
43.5,-129.2,3.2487059
43.5,-129.1,2.9925106
43.5,-129,2.6989241
43.5,-128.9,2.3705966
43.5,-128.8,2.064491
43.5,-128.7,1.7819594
43.5,-128.6,1.4697257
43.5,-128.5,1.1643984
43.5,-128.4,0.83141172
43.5,-128.3,0.59535182
43.5,-128.2,0.33523652
43.5,-128.1,0.29152253
43.5,-128,0.33356363
43.5,-127.9,0.78537321
43.5,-127.8,1.1230242
43.5,-127.7,1.5454917
43.5,-127.6,1.9239484
43.5,-127.5,2.3490083
43.5,-127.4,2.7325523
43.5,-127.3,3.1421165
43.5,-127.2,3.4884639
43.5,-127.1,3.8219807
43.5,-127,4.1995277
43.5,-126.9,4.5049577
43.5,-126.8,4.8156157
43.5,-126.7,5.1094069
43.5,-126.6,5.3004394
43.5,-126.5,5.4953876
43.5,-126.4,5.7655511
43.5,-126.3,6.0384336
43.5,-126.2,6.2751646
43.5,-126.1,6.5104127
43.5,-126,6.8010278
43.5,-125.9,7.0782485
43.5,-125.8,7.3579984
43.5,-125.7,7.6360602
43.5,-125.6,7.9057136
43.5,-125.5,8.1834497
43.5,-125.4,8.4499369
43.5,-125.3,8.7218409
43.5,-125.2,8.9862947
43.5,-125.1,9.26301
43.5,-125,9.5357075
43.4,-133,11.016319
43.4,-132.9,10.812505
43.4,-132.8,10.624585
43.4,-132.7,10.36
43.4,-132.6,10.209671
43.4,-132.5,10.076214
43.4,-132.4,9.9428291
43.4,-132.3,9.8054323
43.4,-132.2,9.5383816
43.4,-132.1,9.3819685
43.4,-132,9.2532387
43.4,-131.9,8.9919996
43.4,-131.8,8.823554
43.4,-131.7,8.710844
43.4,-131.6,8.5601892
43.4,-131.5,8.39258
43.4,-131.4,8.129138
43.4,-131.3,7.9663239
43.4,-131.2,7.8089962
43.4,-131.1,7.5509868
43.4,-131,7.3768311
43.4,-130.9,7.2011285
43.4,-130.8,7.0407948
43.4,-130.7,6.8446994
43.4,-130.6,6.622632
43.4,-130.5,6.4475861
43.4,-130.4,6.2679973
43.4,-130.3,6.0561776
43.4,-130.2,5.8662639
43.4,-130.1,5.6582961
43.4,-130,5.4500022
43.4,-129.9,5.2747035
43.4,-129.8,5.1174679
43.4,-129.7,4.9306765
43.4,-129.6,4.7434521
43.4,-129.5,4.5239577
43.4,-129.4,4.3169188
43.4,-129.3,4.0838938
43.4,-129.2,3.8523281
43.4,-129.1,3.5910504
43.4,-129,3.4269328
43.4,-128.9,3.179599
43.4,-128.8,2.8977873
43.4,-128.7,2.5910349
43.4,-128.6,2.3004248
43.4,-128.5,2.0389428
43.4,-128.4,1.750322
43.4,-128.3,1.4885774
43.4,-128.2,1.2196443
43.4,-128.1,0.9311645
43.4,-128,0.62139666
43.4,-127.9,0.38031751
43.4,-127.8,0.28269044
43.4,-127.7,0.30570996
43.4,-127.6,0.64286977
43.4,-127.5,1.1044017
43.4,-127.4,1.5546939
43.4,-127.3,1.9901278
43.4,-127.2,2.4134998
43.4,-127.1,2.8542593
43.4,-127,3.2894161
43.4,-126.9,3.6641617
43.4,-126.8,4.0542569
43.4,-126.7,4.4333701
43.4,-126.6,4.8162675
43.4,-126.5,5.1332531
43.4,-126.4,5.3544984
43.4,-126.3,5.6369767
43.4,-126.2,5.9727359
43.4,-126.1,6.3293796
43.4,-126,6.6568317
43.4,-125.9,6.956955
43.4,-125.8,7.2755699
43.4,-125.7,7.5682278
43.4,-125.6,7.8643093
43.4,-125.5,8.1965914
43.4,-125.4,8.4826202
43.4,-125.3,8.740201
43.4,-125.2,8.9962358
43.4,-125.1,9.2554379
43.4,-125,9.5350513
43.3,-133,11.017763
43.3,-132.9,10.80876
43.3,-132.8,10.624308
43.3,-132.7,10.375607
43.3,-132.6,10.225273
43.3,-132.5,10.079997
43.3,-132.4,9.9509954
43.3,-132.3,9.8054523
43.3,-132.2,9.5423403
43.3,-132.1,9.3921328
43.3,-132,9.2463131
43.3,-131.9,8.9930115
43.3,-131.8,8.8461208
43.3,-131.7,8.7271519
43.3,-131.6,8.5943222
43.3,-131.5,8.4449902
43.3,-131.4,8.1749973
43.3,-131.3,8.0270948
43.3,-131.2,7.8921494
43.3,-131.1,7.633853
43.3,-131,7.4738259
43.3,-130.9,7.3473916
43.3,-130.8,7.1760564
43.3,-130.7,7.058012
43.3,-130.6,6.8119965
43.3,-130.5,6.6223788
43.3,-130.4,6.503921
43.3,-130.3,6.3133459
43.3,-130.2,6.0907922
43.3,-130.1,5.9460268
43.3,-130,5.7307734
43.3,-129.9,5.4477654
43.3,-129.8,5.2709198
43.3,-129.7,5.0870028
43.3,-129.6,4.874784
43.3,-129.5,4.7047815
43.3,-129.4,4.4628463
43.3,-129.3,4.2707729
43.3,-129.2,4.0599504
43.3,-129.1,3.7792377
43.3,-129,3.6336603
43.3,-128.9,3.4506187
43.3,-128.8,3.269999
43.3,-128.7,3.149411
43.3,-128.6,2.9703281
43.3,-128.5,2.6962543
43.3,-128.4,2.453001
43.3,-128.3,2.1985762
43.3,-128.2,1.9779583
43.3,-128.1,1.6976784
43.3,-128,1.5170102
43.3,-127.9,1.2161477
43.3,-127.8,0.93140304
43.3,-127.7,0.72960722
43.3,-127.6,0.50886285
43.3,-127.5,0.23457986
43.3,-127.4,0.38702479
43.3,-127.3,0.54353088
43.3,-127.2,1.0474929
43.3,-127.1,1.5720086
43.3,-127,2.0403106
43.3,-126.9,2.5309901
43.3,-126.8,2.9772844
43.3,-126.7,3.4369099
43.3,-126.6,3.8476415
43.3,-126.5,4.2791991
43.3,-126.4,4.6941571
43.3,-126.3,5.0816212
43.3,-126.2,5.3826494
43.3,-126.1,5.7217207
43.3,-126,6.0851388
43.3,-125.9,6.4592814
43.3,-125.8,6.8201418
43.3,-125.7,7.1580992
43.3,-125.6,7.5323343
43.3,-125.5,7.886507
43.3,-125.4,8.2201605
43.3,-125.3,8.5147734
43.3,-125.2,8.8437138
43.3,-125.1,9.16924
43.3,-125,9.4671307
43.2,-133,11.015001
43.2,-132.9,10.804991
43.2,-132.8,10.618953
43.2,-132.7,10.438119
43.2,-132.6,10.276472
43.2,-132.5,10.088796
43.2,-132.4,9.9521532
43.2,-132.3,9.805685
43.2,-132.2,9.5370007
43.2,-132.1,9.3977356
43.2,-132,9.259284
43.2,-131.9,8.9996595
43.2,-131.8,8.8483095
43.2,-131.7,8.7200022
43.2,-131.6,8.5910196
43.2,-131.5,8.4391003
43.2,-131.4,8.1795397
43.2,-131.3,8.0394335
43.2,-131.2,7.9020028
43.2,-131.1,7.6335077
43.2,-131,7.4873366
43.2,-130.9,7.3474355
43.2,-130.8,7.1030927
43.2,-130.7,6.976182
43.2,-130.6,6.8221078
43.2,-130.5,6.6746383
43.2,-130.4,6.5361767
43.2,-130.3,6.273931
43.2,-130.2,6.1234026
43.2,-130.1,5.9872947
43.2,-130,5.7266684
43.2,-129.9,5.688251
43.2,-129.8,5.4464083
43.2,-129.7,5.262958
43.2,-129.6,5.1597476
43.2,-129.5,4.9830284
43.2,-129.4,4.8090234
43.2,-129.3,4.6129036
43.2,-129.2,4.379426
43.2,-129.1,4.1854362
43.2,-129,3.9439147
43.2,-128.9,3.7920146
43.2,-128.8,3.5930398
43.2,-128.7,3.4088745
43.2,-128.6,3.1571391
43.2,-128.5,2.9301012
43.2,-128.4,2.6098766
43.2,-128.3,2.4588277
43.2,-128.2,2.2231326
43.2,-128.1,1.9656972
43.2,-128,1.7572626
43.2,-127.9,1.5472522
43.2,-127.8,1.3810872
43.2,-127.7,1.2159046
43.2,-127.6,1.074544
43.2,-127.5,0.88118649
43.2,-127.4,0.65507269
43.2,-127.3,0.32499444
43.2,-127.2,0.12726462
43.2,-127.1,0.13758039
43.2,-127,0.50518638
43.2,-126.9,1.0398475
43.2,-126.8,1.569718
43.2,-126.7,2.1544354
43.2,-126.6,2.6442347
43.2,-126.5,3.1042638
43.2,-126.4,3.601655
43.2,-126.3,4.0623212
43.2,-126.2,4.575038
43.2,-126.1,5.0510292
43.2,-126,5.4088888
43.2,-125.9,5.8007593
43.2,-125.8,6.2041469
43.2,-125.7,6.6245422
43.2,-125.6,6.9872942
43.2,-125.5,7.4095478
43.2,-125.4,7.8361444
43.2,-125.3,8.2079725
43.2,-125.2,8.5313578
43.2,-125.1,8.9181118
43.2,-125,9.2272873
43.1,-133,11.130001
43.1,-132.9,10.864871
43.1,-132.8,10.629298
43.1,-132.7,10.480924
43.1,-132.6,10.341324
43.1,-132.5,10.079997
43.1,-132.4,9.9433012
43.1,-132.3,9.8051891
43.1,-132.2,9.5488434
43.1,-132.1,9.4052305
43.1,-132,9.2614336
43.1,-131.9,8.9958563
43.1,-131.8,8.8462906
43.1,-131.7,8.7177362
43.1,-131.6,8.5899887
43.1,-131.5,8.4438763
43.1,-131.4,8.1790142
43.1,-131.3,8.0377607
43.1,-131.2,7.895515
43.1,-131.1,7.6351905
43.1,-131,7.494112
43.1,-130.9,7.3549786
43.1,-130.8,7.0916634
43.1,-130.7,6.948153
43.1,-130.6,6.8114176
43.1,-130.5,6.657392
43.1,-130.4,6.5054336
43.1,-130.3,6.2720246
43.1,-130.2,6.1190495
43.1,-130.1,5.9877028
43.1,-130,5.7323008
43.1,-129.9,5.6109977
43.1,-129.8,5.4487333
43.1,-129.7,5.2077365
43.1,-129.6,5.0700045
43.1,-129.5,4.9078422
43.1,-129.4,4.7801723
43.1,-129.3,4.6239533
43.1,-129.2,4.3658276
43.1,-129.1,4.2241168
43.1,-129,4.0880036
43.1,-128.9,3.9192951
43.1,-128.8,3.8067417
43.1,-128.7,3.5530705
43.1,-128.6,3.5456488
43.1,-128.5,3.2605784
43.1,-128.4,3.0759413
43.1,-128.3,2.8967516
43.1,-128.2,2.6559594
43.1,-128.1,2.4901056
43.1,-128,2.3080125
43.1,-127.9,2.0433011
43.1,-127.8,1.8833566
43.1,-127.7,1.6080862
43.1,-127.6,1.3865248
43.1,-127.5,1.0645007
43.1,-127.4,0.91759068
43.1,-127.3,0.65188706
43.1,-127.2,0.40053114
43.1,-127.1,0.23920542
43.1,-127,0.099036381
43.1,-126.9,0.34713387
43.1,-126.8,0.96026927
43.1,-126.7,1.2956636
43.1,-126.6,1.7710034
43.1,-126.5,2.244597
43.1,-126.4,2.5846021
43.1,-126.3,3.0411975
43.1,-126.2,3.4476976
43.1,-126.1,4.0016918
43.1,-126,4.5219908
43.1,-125.9,4.9980597
43.1,-125.8,5.4714637
43.1,-125.7,5.8735237
43.1,-125.6,6.3755207
43.1,-125.5,6.8111639
43.1,-125.4,7.2379017
43.1,-125.3,7.7559924
43.1,-125.2,8.1818933
43.1,-125.1,8.5413332
43.1,-125,8.97577
43,-133,11.181691
43,-132.9,10.921873
43,-132.8,10.630937
43,-132.7,10.487397
43,-132.6,10.348308
43,-132.5,10.090343
43,-132.4,9.937562
43,-132.3,9.7864647
43,-132.2,9.5559053
43,-132.1,9.4075508
43,-132,9.257144
43,-131.9,8.9966002
43,-131.8,8.8491697
43,-131.7,8.7200022
43,-131.6,8.5794497
43,-131.5,8.4442215
43,-131.4,8.1917953
43,-131.3,8.0416174
43,-131.2,7.901998
43,-131.1,7.6340427
43,-131,7.494029
43,-130.9,7.3520947
43,-130.8,7.085
43,-130.7,6.9439654
43,-130.6,6.811286
43,-130.5,6.6040821
43,-130.4,6.4438119
43,-130.3,6.268002
43,-130.2,6.0614352
43,-130.1,5.9277248
43,-130,5.7211189
43,-129.9,5.5553722
43,-129.8,5.3889689
43,-129.7,5.1828156
43,-129.6,5.0438428
43,-129.5,4.9033818
43,-129.4,4.7510104
43,-129.3,4.5962114
43,-129.2,4.3651171
43,-129.1,4.2145596
43,-129,4.0812192
43,-128.9,3.8150001
43,-128.8,3.701143
43,-128.7,3.5484016
43,-128.6,3.2964523
43,-128.5,3.1485453
43,-128.4,2.9980021
43,-128.3,2.8694425
43,-128.2,2.7162147
43,-128.1,2.5643632
43,-128,2.4482496
43,-127.9,2.1799974
43,-127.8,2.0025101
43,-127.7,1.8766302
43,-127.6,1.6417766
43,-127.5,1.5285227
43,-127.4,1.343302
43,-127.3,1.1924574
43,-127.2,0.96195662
43,-127.1,0.73794872
43,-127,0.50934958
43,-126.9,0.38744828
43,-126.8,0.23303859
43,-126.7,0.33305871
43,-126.6,0.78112823
43,-126.5,1.4064956
43,-126.4,2.0197916
43,-126.3,2.4936137
43,-126.2,3.045171
43,-126.1,3.6302922
43,-126,4.0952969
43,-125.9,4.7176728
43,-125.8,5.1508937
43,-125.7,5.6971402
43,-125.6,6.0827465
43,-125.5,6.4039974
43,-125.4,6.8531661
43,-125.3,7.1759977
43,-125.2,7.7279487
43,-125.1,8.1750021
43,-125,8.5979795
42.9,-133,11.222312
42.9,-132.9,10.943701
42.9,-132.8,10.630927
42.9,-132.7,10.493657
42.9,-132.6,10.340969
42.9,-132.5,10.084958
42.9,-132.4,9.9373674
42.9,-132.3,9.7743244
42.9,-132.2,9.5379295
42.9,-132.1,9.4009123
42.9,-132,9.2556801
42.9,-131.9,8.9997082
42.9,-131.8,8.8543453
42.9,-131.7,8.7179747
42.9,-131.6,8.5151424
42.9,-131.5,8.3825026
42.9,-131.4,8.1847143
42.9,-131.3,8.0054903
42.9,-131.2,7.8504338
42.9,-131.1,7.6448836
42.9,-131,7.4986835
42.9,-130.9,7.3497992
42.9,-130.8,7.0956025
42.9,-130.7,6.9445148
42.9,-130.6,6.8045158
42.9,-130.5,6.539999
42.9,-130.4,6.4000344
42.9,-130.3,6.2605901
42.9,-130.2,6.0114908
42.9,-130.1,5.8715749
42.9,-130,5.7230353
42.9,-129.9,5.5079231
42.9,-129.8,5.3407416
42.9,-129.7,5.1768188
42.9,-129.6,5.0416737
42.9,-129.5,4.9050064
42.9,-129.4,4.6971116
42.9,-129.3,4.5380087
42.9,-129.2,4.3630452
42.9,-129.1,4.1556273
42.9,-129,4.0201907
42.9,-128.9,3.8109436
42.9,-128.8,3.6425316
42.9,-128.7,3.4810648
42.9,-128.6,3.2736225
42.9,-128.5,3.1067035
42.9,-128.4,2.96206
42.9,-128.3,2.8323526
42.9,-128.2,2.6835117
42.9,-128.1,2.4453654
42.9,-128,2.3218298
42.9,-127.9,2.1589673
42.9,-127.8,1.9069985
42.9,-127.7,1.7879424
42.9,-127.6,1.6365482
42.9,-127.5,1.3905519
42.9,-127.4,1.2630477
42.9,-127.3,1.1420996
42.9,-127.2,1.0522689
42.9,-127.1,0.82015336
42.9,-127,0.64385259
42.9,-126.9,0.54019952
42.9,-126.8,0.272497
42.9,-126.7,0.092460983
42.9,-126.6,0.11817495
42.9,-126.5,0.5329628
42.9,-126.4,1.0140464
42.9,-126.3,1.559534
42.9,-126.2,2.1033823
42.9,-126.1,2.5304265
42.9,-126,3.1657839
42.9,-125.9,3.648205
42.9,-125.8,4.2343717
42.9,-125.7,4.8788724
42.9,-125.6,5.424355
42.9,-125.5,5.8830371
42.9,-125.4,6.5245128
42.9,-125.3,6.9734092
42.9,-125.2,7.5064406
42.9,-125.1,8.0020475
42.9,-125,8.5052891
42.8,-133,11.254631
42.8,-132.9,10.980591
42.8,-132.8,10.747411
42.8,-132.7,10.57058
42.8,-132.6,10.373711
42.8,-132.5,10.172849
42.8,-132.4,9.9942179
42.8,-132.3,9.7818146
42.8,-132.2,9.5584974
42.8,-132.1,9.4111204
42.8,-132,9.2582188
42.8,-131.9,9.0026951
42.8,-131.8,8.8593159
42.8,-131.7,8.7176294
42.8,-131.6,8.4505739
42.8,-131.5,8.3190718
42.8,-131.4,8.1713295
42.8,-131.3,7.9337769
42.8,-131.2,7.7956553
42.8,-131.1,7.6517897
42.8,-131,7.490119
42.8,-130.9,7.3578191
42.8,-130.8,7.0867801
42.8,-130.7,6.9186792
42.8,-130.6,6.8005815
42.8,-130.5,6.5402231
42.8,-130.4,6.374413
42.8,-130.3,6.2633963
42.8,-130.2,6.0050707
42.8,-130.1,5.8410749
42.8,-130,5.715035
42.8,-129.9,5.4538593
42.8,-129.8,5.3079414
42.8,-129.7,5.1719112
42.8,-129.6,5.021266
42.8,-129.5,4.8681064
42.8,-129.4,4.6340694
42.8,-129.3,4.4965172
42.8,-129.2,4.3586049
42.8,-129.1,4.1019087
42.8,-129,3.9607768
42.8,-128.9,3.8091004
42.8,-128.8,3.5842414
42.8,-128.7,3.4281392
42.8,-128.6,3.2621152
42.8,-128.5,3.0560346
42.8,-128.4,2.9130251
42.8,-128.3,2.7695925
42.8,-128.2,2.5388243
42.8,-128.1,2.3730874
42.8,-128,2.2328405
42.8,-127.9,2.0930409
42.8,-127.8,1.8648748
42.8,-127.7,1.7179745
42.8,-127.6,1.5525099
42.8,-127.5,1.3164597
42.8,-127.4,1.1860033
42.8,-127.3,1.0538446
42.8,-127.2,0.90402132
42.8,-127.1,0.71425319
42.8,-127,0.53460139
42.8,-126.9,0.41202888
42.8,-126.8,0.23899646
42.8,-126.7,8.68223E-06
42.8,-126.6,0.3990725
42.8,-126.5,0.79560232
42.8,-126.4,1.1948656
42.8,-126.3,1.7074119
42.8,-126.2,2.2268791
42.8,-126.1,2.7153554
42.8,-126,3.1769409
42.8,-125.9,3.6835439
42.8,-125.8,4.2123833
42.8,-125.7,4.6329975
42.8,-125.6,5.0502272
42.8,-125.5,5.5932145
42.8,-125.4,6.1233821
42.8,-125.3,6.647922
42.8,-125.2,7.1071143
42.8,-125.1,7.5544786
42.8,-125,8.0320463
42.7,-133,11.292679
42.7,-132.9,11.029626
42.7,-132.8,10.798658
42.7,-132.7,10.596706
42.7,-132.6,10.391526
42.7,-132.5,10.230934
42.7,-132.4,10.079964
42.7,-132.3,9.8110495
42.7,-132.2,9.5479774
42.7,-132.1,9.4183483
42.7,-132,9.2578001
42.7,-131.9,8.9998932
42.7,-131.8,8.8556099
42.7,-131.7,8.6985197
42.7,-131.6,8.4565458
42.7,-131.5,8.3011923
42.7,-131.4,8.1463213
42.7,-131.3,7.9438052
42.7,-131.2,7.7714877
42.7,-131.1,7.5895452
42.7,-131,7.368587
42.7,-130.9,7.2418318
42.7,-130.8,7.0637507
42.7,-130.7,6.8244371
42.7,-130.6,6.7922597
42.7,-130.5,6.5399361
42.7,-130.4,6.280458
42.7,-130.3,6.268002
42.7,-130.2,6.0091515
42.7,-130.1,5.761662
42.7,-130,5.69487
42.7,-129.9,5.4772096
42.7,-129.8,5.301857
42.7,-129.7,5.1795764
42.7,-129.6,4.9664483
42.7,-129.5,4.7771811
42.7,-129.4,4.6225429
42.7,-129.3,4.4386744
42.7,-129.2,4.2594895
42.7,-129.1,4.0971231
42.7,-129,3.918293
42.7,-128.9,3.7451682
42.7,-128.8,3.5646605
42.7,-128.7,3.393909
42.7,-128.6,3.22753
42.7,-128.5,2.9997966
42.7,-128.4,2.8575313
42.7,-128.3,2.7128246
42.7,-128.2,2.453001
42.7,-128.1,2.3149672
42.7,-128,2.18472
42.7,-127.9,1.9472301
42.7,-127.8,1.8005487
42.7,-127.7,1.6584002
42.7,-127.6,1.4302922
42.7,-127.5,1.2709023
42.7,-127.4,1.132557
42.7,-127.3,0.94507492
42.7,-127.2,0.77483904
42.7,-127.1,0.60417032
42.7,-127,0.45803851
42.7,-126.9,0.3111431
42.7,-126.8,0.10922085
42.7,-126.7,0.13793565
42.7,-126.6,0.55900729
42.7,-126.5,0.99613369
42.7,-126.4,1.4218209
42.7,-126.3,1.9056135
42.7,-126.2,2.4131017
42.7,-126.1,2.8823619
42.7,-126,3.3402948
42.7,-125.9,3.755039
42.7,-125.8,4.2620697
42.7,-125.7,4.7821889
42.7,-125.6,5.3168497
42.7,-125.5,5.7230048
42.7,-125.4,6.1328564
42.7,-125.3,6.6664572
42.7,-125.2,7.1852431
42.7,-125.1,7.7003331
42.7,-125,8.0918245
42.6,-133,11.393219
42.6,-132.9,11.086311
42.6,-132.8,10.818613
42.6,-132.7,10.620451
42.6,-132.6,10.364796
42.6,-132.5,10.227749
42.6,-132.4,10.080008
42.6,-132.3,9.8123436
42.6,-132.2,9.6335573
42.6,-132.1,9.4906693
42.6,-132,9.2498093
42.6,-131.9,9.036005
42.6,-131.8,8.890379
42.6,-131.7,8.6945362
42.6,-131.6,8.4747066
42.6,-131.5,8.2990818
42.6,-131.4,8.1236811
42.6,-131.3,7.9179211
42.6,-131.2,7.7728596
42.6,-131.1,7.6223502
42.6,-131,7.3638062
42.6,-130.9,7.2265601
42.6,-130.8,7.0850048
42.6,-130.7,6.8283281
42.6,-130.6,6.6965442
42.6,-130.5,6.5306125
42.6,-130.4,6.2997856
42.6,-130.3,6.1550694
42.6,-130.2,5.9618626
42.6,-130.1,5.7490263
42.6,-130,5.5719328
42.6,-129.9,5.3871741
42.6,-129.8,5.1621742
42.6,-129.7,5.0160279
42.6,-129.6,4.8602419
42.6,-129.5,4.6326447
42.6,-129.4,4.5917172
42.6,-129.3,4.3528171
42.6,-129.2,4.1054153
42.6,-129.1,4.0867877
42.6,-129,3.838773
42.6,-128.9,3.5920911
42.6,-128.8,3.4445925
42.6,-128.7,3.3013401
42.6,-128.6,3.1313765
42.6,-128.5,2.9724486
42.6,-128.4,2.7914836
42.6,-128.3,2.6109807
42.6,-128.2,2.4473059
42.6,-128.1,2.2566671
42.6,-128,2.0804052
42.6,-127.9,1.9201009
42.6,-127.8,1.7522434
42.6,-127.7,1.5774503
42.6,-127.6,1.3677852
42.6,-127.5,1.2167703
42.6,-127.4,1.0691406
42.6,-127.3,0.81579536
42.6,-127.2,0.67908436
42.6,-127.1,0.54499966
42.6,-127,0.39892137
42.6,-126.9,0.27224883
42.6,-126.8,0.025844038
42.6,-126.7,0.35854879
42.6,-126.6,0.81517822
42.6,-126.5,1.2794095
42.6,-126.4,1.6896061
42.6,-126.3,2.1822457
42.6,-126.2,2.5975881
42.6,-126.1,3.0493586
42.6,-126,3.5139401
42.6,-125.9,3.9281685
42.6,-125.8,4.3681402
42.6,-125.7,4.8997273
42.6,-125.6,5.3821926
42.6,-125.5,5.7484512
42.6,-125.4,6.2206588
42.6,-125.3,6.749362
42.6,-125.2,7.2188606
42.6,-125.1,7.7530789
42.6,-125,8.1765585
42.5,-133,11.430946
42.5,-132.9,11.131231
42.5,-132.8,10.833656
42.5,-132.7,10.622542
42.5,-132.6,10.40477
42.5,-132.5,10.250297
42.5,-132.4,10.077435
42.5,-132.3,9.8266525
42.5,-132.2,9.6741638
42.5,-132.1,9.5333672
42.5,-132,9.2666035
42.5,-131.9,9.0130634
42.5,-131.8,8.9805508
42.5,-131.7,8.7200022
42.5,-131.6,8.4501114
42.5,-131.5,8.3054485
42.5,-131.4,8.1553917
42.5,-131.3,7.9070659
42.5,-131.2,7.7677574
42.5,-131.1,7.6254244
42.5,-131,7.3671474
42.5,-130.9,7.2172365
42.5,-130.8,7.0640669
42.5,-130.7,6.820303
42.5,-130.6,6.6393332
42.5,-130.5,6.4964166
42.5,-130.4,6.2949514
42.5,-130.3,6.1039672
42.5,-130.2,5.935998
42.5,-130.1,5.7028317
42.5,-130,5.455688
42.5,-129.9,5.3226099
42.5,-129.8,5.1688323
42.5,-129.7,4.9050012
42.5,-129.6,4.7797537
42.5,-129.5,4.636127
42.5,-129.4,4.4124351
42.5,-129.3,4.2619019
42.5,-129.2,4.1041408
42.5,-129.1,3.8919516
42.5,-129,3.7285249
42.5,-128.9,3.5437467
42.5,-128.8,3.3529427
42.5,-128.7,3.1733348
42.5,-128.6,2.9793985
42.5,-128.5,2.8296726
42.5,-128.4,2.692626
42.5,-128.3,2.4497423
42.5,-128.2,2.3092718
42.5,-128.1,2.1800022
42.5,-128,1.9273232
42.5,-127.9,1.7894741
42.5,-127.8,1.6532203
42.5,-127.7,1.4196215
42.5,-127.6,1.2768941
42.5,-127.5,1.1295805
42.5,-127.4,0.98677534
42.5,-127.3,0.79416203
42.5,-127.2,0.62001586
42.5,-127.1,0.44255751
42.5,-127,0.24397658
42.5,-126.9,0.10247491
42.5,-126.8,0.18499579
42.5,-126.7,0.60023594
42.5,-126.6,1.0173
42.5,-126.5,1.4641778
42.5,-126.4,1.8708045
42.5,-126.3,2.3628848
42.5,-126.2,2.7577853
42.5,-126.1,3.1422925
42.5,-126,3.6790011
42.5,-125.9,4.0760078
42.5,-125.8,4.4844728
42.5,-125.7,5.0073056
42.5,-125.6,5.4522381
42.5,-125.5,5.8253155
42.5,-125.4,6.3111558
42.5,-125.3,6.818965
42.5,-125.2,7.2304163
42.5,-125.1,7.7660017
42.5,-125,8.1746902
42.4,-133,11.474368
42.4,-132.9,11.170267
42.4,-132.8,10.85385
42.4,-132.7,10.632415
42.4,-132.6,10.458439
42.4,-132.5,10.29688
42.4,-132.4,10.074579
42.4,-132.3,9.812149
42.4,-132.2,9.6744747
42.4,-132.1,9.5351133
42.4,-132,9.2759314
42.4,-131.9,9.0586214
42.4,-131.8,8.9246969
42.4,-131.7,8.7197447
42.4,-131.6,8.4972105
42.4,-131.5,8.3371878
42.4,-131.4,8.1560631
42.4,-131.3,7.9027028
42.4,-131.2,7.7655058
42.4,-131.1,7.6280503
42.4,-131,7.369122
42.4,-130.9,7.2250767
42.4,-130.8,7.0829425
42.4,-130.7,6.8131247
42.4,-130.6,6.5641613
42.4,-130.5,6.5269012
42.4,-130.4,6.2738433
42.4,-130.3,6.0094819
42.4,-130.2,5.8733935
42.4,-130.1,5.7139449
42.4,-130,5.4535236
42.4,-129.9,5.3124013
42.4,-129.8,5.1686087
42.4,-129.7,4.9149232
42.4,-129.6,4.758563
42.4,-129.5,4.599956
42.4,-129.4,4.3933792
42.4,-129.3,4.212925
42.4,-129.2,4.0697455
42.4,-129.1,3.8740244
42.4,-129,3.7039587
42.4,-128.9,3.532969
42.4,-128.8,3.2758546
42.4,-128.7,3.1131816
42.4,-128.6,2.9837708
42.4,-128.5,2.724998
42.4,-128.4,2.5944831
42.4,-128.3,2.452004
42.4,-128.2,2.2130892
42.4,-128.1,1.978109
42.4,-128,1.8172404
42.4,-127.9,1.6684725
42.4,-127.8,1.4886504
42.4,-127.7,1.2968007
42.4,-127.6,1.1408639
42.4,-127.5,0.9582842
42.4,-127.4,0.78897244
42.4,-127.3,0.66036421
42.4,-127.2,0.5123356
42.4,-127.1,0.26034251
42.4,-127,0.093506321
42.4,-126.9,0.090899512
42.4,-126.8,0.51195168
42.4,-126.7,0.97882873
42.4,-126.6,1.2888253
42.4,-126.5,1.7543162
42.4,-126.4,2.1314063
42.4,-126.3,2.502986
42.4,-126.2,2.9190383
42.4,-126.1,3.3162441
42.4,-126,3.7937238
42.4,-125.9,4.2237349
42.4,-125.8,4.621325
42.4,-125.7,5.097404
42.4,-125.6,5.4340482
42.4,-125.5,5.9270916
42.4,-125.4,6.4730606
42.4,-125.3,6.8462501
42.4,-125.2,7.2494526
42.4,-125.1,7.7676163
42.4,-125,8.1794376
42.3,-133,11.526334
42.3,-132.9,11.214746
42.3,-132.8,10.881286
42.3,-132.7,10.644863
42.3,-132.6,10.496378
42.3,-132.5,10.356364
42.3,-132.4,10.085238
42.3,-132.3,9.8111582
42.3,-132.2,9.6796875
42.3,-132.1,9.5235338
42.3,-132,9.2691851
42.3,-131.9,9.1021109
42.3,-131.8,8.9554882
42.3,-131.7,8.7209072
42.3,-131.6,8.5510216
42.3,-131.5,8.3982391
42.3,-131.4,8.1736937
42.3,-131.3,7.9052515
42.3,-131.2,7.7613845
42.3,-131.1,7.6168885
42.3,-131,7.3599
42.3,-130.9,7.2211046
42.3,-130.8,7.0808086
42.3,-130.7,6.8167458
42.3,-130.6,6.5997105
42.3,-130.5,6.467
42.3,-130.4,6.2658486
42.3,-130.3,6.0031352
42.3,-130.2,5.86375
42.3,-130.1,5.7215567
42.3,-130,5.4542222
42.3,-129.9,5.312695
42.3,-129.8,5.17103
42.3,-129.7,4.9098721
42.3,-129.6,4.7666435
42.3,-129.5,4.625854
42.3,-129.4,4.3602142
42.3,-129.3,4.1291046
42.3,-129.2,4.0879989
42.3,-129.1,3.8353019
42.3,-129,3.6652682
42.3,-128.9,3.5381935
42.3,-128.8,3.2702472
42.3,-128.7,3.0164053
42.3,-128.6,2.9213305
42.3,-128.5,2.7357471
42.3,-128.4,2.5246012
42.3,-128.3,2.3642676
42.3,-128.2,2.1748025
42.3,-128.1,1.9534445
42.3,-128,1.7632436
42.3,-127.9,1.6145167
42.3,-127.8,1.3712013
42.3,-127.7,1.2224728
42.3,-127.6,1.0701574
42.3,-127.5,0.81713361
42.3,-127.4,0.6784901
42.3,-127.3,0.54914504
42.3,-127.2,0.30371457
42.3,-127.1,0.16600414
42.3,-127,0.10804684
42.3,-126.9,0.43500781
42.3,-126.8,0.82229304
42.3,-126.7,1.2494626
42.3,-126.6,1.6675218
42.3,-126.5,2.0401506
42.3,-126.4,2.4266534
42.3,-126.3,2.8127537
42.3,-126.2,3.1969008
42.3,-126.1,3.5964601
42.3,-126,4.0185189
42.3,-125.9,4.4435945
42.3,-125.8,4.8029084
42.3,-125.7,5.2290325
42.3,-125.6,5.6604576
42.3,-125.5,6.1306157
42.3,-125.4,6.5644131
42.3,-125.3,6.8942547
42.3,-125.2,7.3524256
42.3,-125.1,7.7924156
42.3,-125,8.2406321
42.2,-133,11.621164
42.2,-132.9,11.253071
42.2,-132.8,10.928661
42.2,-132.7,10.632494
42.2,-132.6,10.491868
42.2,-132.5,10.356079
42.2,-132.4,10.080415
42.2,-132.3,9.8957891
42.2,-132.2,9.7511873
42.2,-132.1,9.5357447
42.2,-132,9.3044024
42.2,-131.9,9.1194696
42.2,-131.8,8.9384727
42.2,-131.7,8.716383
42.2,-131.6,8.5759773
42.2,-131.5,8.4462557
42.2,-131.4,8.1811256
42.2,-131.3,7.9067731
42.2,-131.2,7.7658324
42.2,-131.1,7.6300006
42.2,-131,7.3626742
42.2,-130.9,7.2188926
42.2,-130.8,7.0717044
42.2,-130.7,6.8122783
42.2,-130.6,6.6365972
42.2,-130.5,6.4886079
42.2,-130.4,6.2686291
42.2,-130.3,5.9965672
42.2,-130.2,5.8585482
42.2,-130.1,5.7202229
42.2,-130,5.4580917
42.2,-129.9,5.3162422
42.2,-129.8,5.1757846
42.2,-129.7,4.9071832
42.2,-129.6,4.7665505
42.2,-129.5,4.628181
42.2,-129.4,4.3601356
42.2,-129.3,4.0918846
42.2,-129.2,3.9798307
42.2,-129.1,3.8124299
42.2,-129,3.5443242
42.2,-128.9,3.4276066
42.2,-128.8,3.2657216
42.2,-128.7,3.0030413
42.2,-128.6,2.8586149
42.2,-128.5,2.7168217
42.2,-128.4,2.4616199
42.2,-128.3,2.321969
42.2,-128.2,2.180002
42.2,-128.1,1.9084963
42.2,-128,1.6641717
42.2,-127.9,1.6201099
42.2,-127.8,1.3629992
42.2,-127.7,1.1982713
42.2,-127.6,1.0860285
42.2,-127.5,0.82923591
42.2,-127.4,0.59866601
42.2,-127.3,0.42411563
42.2,-127.2,0.21059434
42.2,-127.1,0.007149681
42.2,-127,0.23727047
42.2,-126.9,0.61574334
42.2,-126.8,1.0481285
42.2,-126.7,1.430921
42.2,-126.6,1.7963094
42.2,-126.5,2.2024055
42.2,-126.4,2.6017938
42.2,-126.3,2.9980037
42.2,-126.2,3.3910885
42.2,-126.1,3.7856004
42.2,-126,4.1882758
42.2,-125.9,4.6034212
42.2,-125.8,5.1076827
42.2,-125.7,5.4395347
42.2,-125.6,5.819242
42.2,-125.5,6.2377977
42.2,-125.4,6.6707263
42.2,-125.3,7.111836
42.2,-125.2,7.4927464
42.2,-125.1,7.8423572
42.2,-125,8.3119287
42.1,-133,11.670658
42.1,-132.9,11.278245
42.1,-132.8,10.978997
42.1,-132.7,10.638301
42.1,-132.6,10.484544
42.1,-132.5,10.329267
42.1,-132.4,10.079955
42.1,-132.3,9.9389095
42.1,-132.2,9.8099995
42.1,-132.1,9.5445013
42.1,-132,9.283742
42.1,-131.9,9.132865
42.1,-131.8,8.9851513
42.1,-131.7,8.7200022
42.1,-131.6,8.5591497
42.1,-131.5,8.4453068
42.1,-131.4,8.174552
42.1,-131.3,7.9113355
42.1,-131.2,7.7593937
42.1,-131.1,7.6196265
42.1,-131,7.4021244
42.1,-130.9,7.2340808
42.1,-130.8,7.0835476
42.1,-130.7,6.8471713
42.1,-130.6,6.6401448
42.1,-130.5,6.484066
42.1,-130.4,6.270082
42.1,-130.3,6.0116453
42.1,-130.2,5.859221
42.1,-130.1,5.7140951
42.1,-130,5.4500022
42.1,-129.9,5.3119931
42.1,-129.8,5.1731043
42.1,-129.7,4.9134626
42.1,-129.6,4.7612014
42.1,-129.5,4.6286936
42.1,-129.4,4.3610153
42.1,-129.3,4.095407
42.1,-129.2,3.958766
42.1,-129.1,3.8122644
42.1,-129,3.5460851
42.1,-128.9,3.4059405
42.1,-128.8,3.2627852
42.1,-128.7,2.9981236
42.1,-128.6,2.7871606
42.1,-128.5,2.6559865
42.1,-128.4,2.4495916
42.1,-128.3,2.2773337
42.1,-128.2,2.1192815
42.1,-128.1,1.9071209
42.1,-128,1.6478872
42.1,-127.9,1.5228957
42.1,-127.8,1.3480973
42.1,-127.7,1.0980847
42.1,-127.6,1.0609835
42.1,-127.5,0.81597829
42.1,-127.4,0.54647285
42.1,-127.3,0.40143999
42.1,-127.2,0.26260012
42.1,-127.1,0.005348643
42.1,-127,0.33012885
42.1,-126.9,0.69755554
42.1,-126.8,1.110293
42.1,-126.7,1.4803896
42.1,-126.6,1.8981252
42.1,-126.5,2.3001299
42.1,-126.4,2.6871171
42.1,-126.3,3.1020231
42.1,-126.2,3.4932942
42.1,-126.1,3.9106598
42.1,-126,4.2957487
42.1,-125.9,4.6748352
42.1,-125.8,5.0780935
42.1,-125.7,5.4587846
42.1,-125.6,5.8735633
42.1,-125.5,6.2788439
42.1,-125.4,6.6794629
42.1,-125.3,7.0858107
42.1,-125.2,7.4940042
42.1,-125.1,7.9041033
42.1,-125,8.3129406
42,-133,11.720092
42,-132.9,11.318021
42,-132.8,11.021271
42,-132.7,10.753948
42,-132.6,10.539414
42,-132.5,10.338996
42,-132.4,10.079997
42,-132.3,9.9427595
42,-132.2,9.8058271
42,-132.1,9.5394974
42,-132,9.2753019
42,-131.9,9.1331902
42,-131.8,8.988925
42,-131.7,8.7200022
42,-131.6,8.473649
42,-131.5,8.4384642
42,-131.4,8.1837244
42,-131.3,7.9189515
42,-131.2,7.7412806
42,-131.1,7.6032209
42,-131,7.3580036
42,-130.9,7.1889658
42,-130.8,7.0615358
42,-130.7,6.8105869
42,-130.6,6.5412221
42,-130.5,6.3899007
42,-130.4,6.2680068
42,-130.3,6.0021143
42,-130.2,5.8401704
42,-130.1,5.7166667
42,-130,5.4786558
42,-129.9,5.3123116
42,-129.8,5.1580467
42,-129.7,4.9228435
42,-129.6,4.7042689
42,-129.5,4.5448861
42,-129.4,4.3587637
42,-129.3,4.1109457
42,-129.2,3.9577222
42,-129.1,3.8068895
42,-129,3.5488338
42,-128.9,3.391686
42,-128.8,3.261785
42,-128.7,3.002193
42,-128.6,2.7353675
42,-128.5,2.5991471
42,-128.4,2.4485476
42,-128.3,2.2179964
42,-128.2,2.0630844
42,-128.1,1.8970362
42,-128,1.6370984
42,-127.9,1.4990667
42,-127.8,1.3608167
42,-127.7,1.1037222
42,-127.6,0.89685702
42,-127.5,0.74931228
42,-127.4,0.54871261
42,-127.3,0.3616651
42,-127.2,0.19206059
42,-127.1,0.008116859
42,-127,0.44770622
42,-126.9,0.8061204
42,-126.8,1.2130522
42,-126.7,1.6360574
42,-126.6,2.0170908
42,-126.5,2.3858576
42,-126.4,2.7432113
42,-126.3,3.1389658
42,-126.2,3.542995
42,-126.1,3.9199076
42,-126,4.360003
42,-125.9,4.701282
42,-125.8,5.0654058
42,-125.7,5.4864459
42,-125.6,5.8515692
42,-125.5,6.2621789
42,-125.4,6.6700668
42,-125.3,7.0792351
42,-125.2,7.4861364
42,-125.1,7.8545136
42,-125,8.191679
41.9,-133,11.762818
41.9,-132.9,11.371819
41.9,-132.8,11.059
41.9,-132.7,10.829192
41.9,-132.6,10.629998
41.9,-132.5,10.35861
41.9,-132.4,10.085922
41.9,-132.3,9.9432421
41.9,-132.2,9.7900133
41.9,-132.1,9.5369959
41.9,-132,9.2802916
41.9,-131.9,9.137723
41.9,-131.8,8.9886675
41.9,-131.7,8.7200956
41.9,-131.6,8.4495411
41.9,-131.5,8.3385763
41.9,-131.4,8.1703558
41.9,-131.3,7.8918242
41.9,-131.2,7.6632104
41.9,-131.1,7.5479121
41.9,-131,7.3545799
41.9,-130.9,7.098866
41.9,-130.8,7.0534272
41.9,-130.7,6.8129635
41.9,-130.6,6.5374064
41.9,-130.5,6.2800341
41.9,-130.4,6.2679973
41.9,-130.3,5.9984026
41.9,-130.2,5.7517591
41.9,-130.1,5.6121798
41.9,-130,5.466177
41.9,-129.9,5.2630277
41.9,-129.8,5.0627136
41.9,-129.7,4.877305
41.9,-129.6,4.6273532
41.9,-129.5,4.4763856
41.9,-129.4,4.3494067
41.9,-129.3,4.0879936
41.9,-129.2,3.940603
41.9,-129.1,3.8159657
41.9,-129,3.5652366
41.9,-128.9,3.322083
41.9,-128.8,3.1700048
41.9,-128.7,2.9822428
41.9,-128.6,2.7547209
41.9,-128.5,2.5780683
41.9,-128.4,2.4079669
41.9,-128.3,2.2030034
41.9,-128.2,2.0150149
41.9,-128.1,1.8542602
41.9,-128,1.6346004
41.9,-127.9,1.4661449
41.9,-127.8,1.3170271
41.9,-127.7,1.0888623
41.9,-127.6,0.82504588
41.9,-127.5,0.68709195
41.9,-127.4,0.54190642
41.9,-127.3,0.30725649
41.9,-127.2,0.15303403
41.9,-127.1,0.099130034
41.9,-127,0.5422737
41.9,-126.9,0.83256912
41.9,-126.8,1.2264981
41.9,-126.7,1.6339676
41.9,-126.6,2.0424581
41.9,-126.5,2.4535863
41.9,-126.4,2.7822816
41.9,-126.3,3.2163901
41.9,-126.2,3.5589004
41.9,-126.1,3.9520011
41.9,-126,4.360136
41.9,-125.9,4.7658958
41.9,-125.8,5.1684551
41.9,-125.7,5.5707393
41.9,-125.6,5.9952674
41.9,-125.5,6.3508615
41.9,-125.4,6.7338562
41.9,-125.3,7.0928364
41.9,-125.2,7.4936109
41.9,-125.1,7.901998
41.9,-125,8.3381996
41.9,-124.9,8.7200031
41.8,-133,11.827678
41.8,-132.9,11.435091
41.8,-132.8,11.111356
41.8,-132.7,10.846974
41.8,-132.6,10.6276
41.8,-132.5,10.364731
41.8,-132.4,10.14382
41.8,-132.3,9.9845104
41.8,-132.2,9.8062468
41.8,-132.1,9.5329094
41.8,-132,9.3019867
41.8,-131.9,9.1551676
41.8,-131.8,8.9894829
41.8,-131.7,8.7258291
41.8,-131.6,8.4534636
41.8,-131.5,8.3255959
41.8,-131.4,8.1750011
41.8,-131.3,7.9039841
41.8,-131.2,7.7392244
41.8,-131.1,7.6102834
41.8,-131,7.3518577
41.8,-130.9,7.0849996
41.8,-130.8,6.9662728
41.8,-130.7,6.7994514
41.8,-130.6,6.5397825
41.8,-130.5,6.2701154
41.8,-130.4,6.1626878
41.8,-130.3,5.995399
41.8,-130.2,5.7308178
41.8,-130.1,5.4677205
41.8,-130,5.3333831
41.8,-129.9,5.1588435
41.8,-129.8,4.9046659
41.8,-129.7,4.742311
41.8,-129.6,4.5942235
41.8,-129.5,4.3600054
41.8,-129.4,4.2177768
41.8,-129.3,4.0879984
41.8,-129.2,3.8392124
41.8,-129.1,3.5839813
41.8,-129,3.4157853
41.8,-128.9,3.2824879
41.8,-128.8,3.130609
41.8,-128.7,2.9882436
41.8,-128.6,2.7074857
41.8,-128.5,2.5377614
41.8,-128.4,2.3850117
41.8,-128.3,2.1538808
41.8,-128.2,1.906998
41.8,-128.1,1.7746394
41.8,-128,1.6373821
41.8,-127.9,1.3933313
41.8,-127.8,1.2412136
41.8,-127.7,1.0878245
41.8,-127.6,0.86445928
41.8,-127.5,0.64841145
41.8,-127.4,0.46289593
41.8,-127.3,0.2761662
41.8,-127.2,0.12240145
41.8,-127.1,0.13116992
41.8,-127,0.55810875
41.8,-126.9,0.90662861
41.8,-126.8,1.2436653
41.8,-126.7,1.6442689
41.8,-126.6,2.0462222
41.8,-126.5,2.4530025
41.8,-126.4,2.856591
41.8,-126.3,3.2480707
41.8,-126.2,3.5500901
41.8,-126.1,3.9519827
41.8,-126,4.356462
41.8,-125.9,4.7243295
41.8,-125.8,5.1801629
41.8,-125.7,5.5865026
41.8,-125.6,5.9878612
41.8,-125.5,6.2810836
41.8,-125.4,6.7524958
41.8,-125.3,7.0837936
41.8,-125.2,7.4513245
41.8,-125.1,7.9036279
41.8,-125,8.312068
41.8,-124.9,8.7181835
41.7,-133,11.893349
41.7,-132.9,11.482738
41.7,-132.8,11.204533
41.7,-132.7,10.827266
41.7,-132.6,10.618213
41.7,-132.5,10.360175
41.7,-132.4,10.193971
41.7,-132.3,10.037658
41.7,-132.2,9.8132477
41.7,-132.1,9.5408249
41.7,-132,9.3607225
41.7,-131.9,9.2011251
41.7,-131.8,8.9854326
41.7,-131.7,8.7240095
41.7,-131.6,8.5265169
41.7,-131.5,8.3665571
41.7,-131.4,8.1694746
41.7,-131.3,7.9093432
41.7,-131.2,7.7645197
41.7,-131.1,7.6288371
41.7,-131,7.3577957
41.7,-130.9,7.0905347
41.7,-130.8,6.9539242
41.7,-130.7,6.8106761
41.7,-130.6,6.5398607
41.7,-130.5,6.2772479
41.7,-130.4,6.1397958
41.7,-130.3,5.9915757
41.7,-130.2,5.723001
41.7,-130.1,5.4533601
41.7,-130,5.3106341
41.7,-129.9,5.1605392
41.7,-129.8,4.9042349
41.7,-129.7,4.6525617
41.7,-129.6,4.5157118
41.7,-129.5,4.347312
41.7,-129.4,4.0881681
41.7,-129.3,3.9193928
41.7,-129.2,3.7383382
41.7,-129.1,3.5446606
41.7,-129,3.2943783
41.7,-128.9,3.1239407
41.7,-128.8,2.9543445
41.7,-128.7,2.7109594
41.7,-128.6,2.5694394
41.7,-128.5,2.4137862
41.7,-128.4,2.1744237
41.7,-128.3,2.0281353
41.7,-128.2,1.7793969
41.7,-128.1,1.6449808
41.7,-128,1.4525893
41.7,-127.9,1.263741
41.7,-127.8,1.1252753
41.7,-127.7,0.98195827
41.7,-127.6,0.83706182
41.7,-127.5,0.55242443
41.7,-127.4,0.3797819
41.7,-127.3,0.22926016
41.7,-127.2,0.052517757
41.7,-127.1,0.29006153
41.7,-127,0.68125349
41.7,-126.9,1.0628608
41.7,-126.8,1.3331701
41.7,-126.7,1.720908
41.7,-126.6,2.12146
41.7,-126.5,2.4410849
41.7,-126.4,2.8867395
41.7,-126.3,3.265518
41.7,-126.2,3.6179843
41.7,-126.1,3.9919026
41.7,-126,4.424407
41.7,-125.9,4.8521986
41.7,-125.8,5.1969447
41.7,-125.7,5.5915914
41.7,-125.6,5.9900336
41.7,-125.5,6.27702
41.7,-125.4,6.6753592
41.7,-125.3,7.0884452
41.7,-125.2,7.5384521
41.7,-125.1,7.9054871
41.7,-125,8.3107166
41.7,-124.9,8.7112598
41.6,-133,11.92596
41.6,-132.9,11.587025
41.6,-132.8,11.227926
41.6,-132.7,10.896419
41.6,-132.6,10.625856
41.6,-132.5,10.402585
41.6,-132.4,10.245625
41.6,-132.3,10.078872
41.6,-132.2,9.81007
41.6,-132.1,9.5603771
41.6,-132,9.4131269
41.6,-131.9,9.2637978
41.6,-131.8,8.9927149
41.6,-131.7,8.7200022
41.6,-131.6,8.5774841
41.6,-131.5,8.4386244
41.6,-131.4,8.1728945
41.6,-131.3,7.9026299
41.6,-131.2,7.7629881
41.6,-131.1,7.6250563
41.6,-131,7.35955
41.6,-130.9,7.0882134
41.6,-130.8,6.9499459
41.6,-130.7,6.8092704
41.6,-130.6,6.53901
41.6,-130.5,6.2720404
41.6,-130.4,6.1343083
41.6,-130.3,5.994998
41.6,-130.2,5.7258325
41.6,-130.1,5.4560843
41.6,-130,5.3152895
41.6,-129.9,5.1765604
41.6,-129.8,4.9038815
41.6,-129.7,4.6385093
41.6,-129.6,4.5011044
41.6,-129.5,4.3586612
41.6,-129.4,4.0895319
41.6,-129.3,3.8217852
41.6,-129.2,3.686074
41.6,-129.1,3.5387614
41.6,-129,3.2732582
41.6,-128.9,3.0136371
41.6,-128.8,2.8776867
41.6,-128.7,2.7178679
41.6,-128.6,2.4529963
41.6,-128.5,2.2728798
41.6,-128.4,2.0949953
41.6,-128.3,1.8944778
41.6,-128.2,1.6350056
41.6,-128.1,1.4577512
41.6,-128,1.2965462
41.6,-127.9,1.1125796
41.6,-127.8,0.94171393
41.6,-127.7,0.76487374
41.6,-127.6,0.54500395
41.6,-127.5,0.34764209
41.6,-127.4,0.23913315
41.6,-127.3,0.10051236
41.6,-127.2,0.22582214
41.6,-127.1,0.55715126
41.6,-127,1.0405878
41.6,-126.9,1.3240813
41.6,-126.8,1.6716567
41.6,-126.7,1.9889678
41.6,-126.6,2.2552309
41.6,-126.5,2.6890669
41.6,-126.4,2.9905918
41.6,-126.3,3.3411899
41.6,-126.2,3.7200918
41.6,-126.1,4.1163096
41.6,-126,4.5031972
41.6,-125.9,4.905004
41.6,-125.8,5.1747427
41.6,-125.7,5.5752249
41.6,-125.6,5.9834003
41.6,-125.5,6.3677778
41.6,-125.4,6.7460861
41.6,-125.3,7.1160331
41.6,-125.2,7.537374
41.6,-125.1,7.9697714
41.6,-125,8.4349718
41.6,-124.9,8.7299252
41.5,-133,11.963471
41.5,-132.9,11.625488
41.5,-132.8,11.266512
41.5,-132.7,10.935075
41.5,-132.6,10.630003
41.5,-132.5,10.449154
41.5,-132.4,10.290682
41.5,-132.3,10.068927
41.5,-132.2,9.8042965
41.5,-132.1,9.6160364
41.5,-132,9.4585609
41.5,-131.9,9.2676935
41.5,-131.8,9.0044622
41.5,-131.7,8.7875071
41.5,-131.6,8.625495
41.5,-131.5,8.446826
41.5,-131.4,8.1745882
41.5,-131.3,7.9075861
41.5,-131.2,7.7594066
41.5,-131.1,7.6109204
41.5,-131,7.3577056
41.5,-130.9,7.0995727
41.5,-130.8,6.9525046
41.5,-130.7,6.8069143
41.5,-130.6,6.5400715
41.5,-130.5,6.268002
41.5,-130.4,6.1304116
41.5,-130.3,5.9910135
41.5,-130.2,5.723196
41.5,-130.1,5.4506545
41.5,-130,5.3109617
41.5,-129.9,5.1721253
41.5,-129.8,4.9048634
41.5,-129.7,4.6343908
41.5,-129.6,4.495996
41.5,-129.5,4.3574696
41.5,-129.4,4.0872588
41.5,-129.3,3.8168323
41.5,-129.2,3.6787264
41.5,-129.1,3.5411122
41.5,-129,3.2713935
41.5,-128.9,3.0004606
41.5,-128.8,2.8634613
41.5,-128.7,2.7237561
41.5,-128.6,2.4512975
41.5,-128.5,2.1849847
41.5,-128.4,2.0505357
41.5,-128.3,1.9049375
41.5,-128.2,1.6358854
41.5,-128.1,1.3654553
41.5,-128,1.2343701
41.5,-127.9,1.0899956
41.5,-127.8,0.82688308
41.5,-127.7,0.68643922
41.5,-127.6,0.53832018
41.5,-127.5,0.27249628
41.5,-127.4,0.031716667
41.5,-127.3,0.20002189
41.5,-127.2,0.55246204
41.5,-127.1,0.83874041
41.5,-127,1.2982861
41.5,-126.9,1.6150604
41.5,-126.8,1.8871318
41.5,-126.7,2.3410561
41.5,-126.6,2.7249992
41.5,-126.5,2.9937565
41.5,-126.4,3.2569177
41.5,-126.3,3.6019228
41.5,-126.2,3.9784005
41.5,-126.1,4.2418971
41.5,-126,4.6327538
41.5,-125.9,5.0220389
41.5,-125.8,5.3426127
41.5,-125.7,5.7379546
41.5,-125.6,6.0758653
41.5,-125.5,6.4097152
41.5,-125.4,6.7621803
41.5,-125.3,7.0849991
41.5,-125.2,7.4993534
41.5,-125.1,7.9047723
41.5,-125,8.312005
41.5,-124.9,8.7135773
41.4,-133,12.010126
41.4,-132.9,11.669993
41.4,-132.8,11.316242
41.4,-132.7,10.973551
41.4,-132.6,10.638412
41.4,-132.5,10.488673
41.4,-132.4,10.36
41.4,-132.3,10.077792
41.4,-132.2,9.8116026
41.4,-132.1,9.6560221
41.4,-132,9.5181189
41.4,-131.9,9.2660627
41.4,-131.8,8.9934511
41.4,-131.7,8.8282518
41.4,-131.6,8.6751881
41.4,-131.5,8.4504328
41.4,-131.4,8.1752148
41.4,-131.3,7.9050317
41.4,-131.2,7.763278
41.4,-131.1,7.6169143
41.4,-131,7.3521504
41.4,-130.9,7.0849996
41.4,-130.8,6.9454107
41.4,-130.7,6.8034983
41.4,-130.6,6.5430851
41.4,-130.5,6.2746739
41.4,-130.4,6.1343117
41.4,-130.3,5.9938197
41.4,-130.2,5.7224112
41.4,-130.1,5.4558172
41.4,-130,5.3066583
41.4,-129.9,5.1575656
41.4,-129.8,4.9051132
41.4,-129.7,4.6441994
41.4,-129.6,4.4917822
41.4,-129.5,4.3515959
41.4,-129.4,4.088212
41.4,-129.3,3.8190358
41.4,-129.2,3.6718757
41.4,-129.1,3.5336044
41.4,-129,3.2701473
41.4,-128.9,2.9992776
41.4,-128.8,2.8557224
41.4,-128.7,2.7199502
41.4,-128.6,2.451493
41.4,-128.5,2.1812232
41.4,-128.4,2.0410807
41.4,-128.3,1.9001768
41.4,-128.2,1.635191
41.4,-128.1,1.3629944
41.4,-128,1.2247552
41.4,-127.9,1.0857999
41.4,-127.8,0.82113218
41.4,-127.7,0.64172059
41.4,-127.6,0.48335961
41.4,-127.5,0.26970702
41.4,-127.4,0.027687643
41.4,-127.3,0.2712239
41.4,-127.2,0.54959178
41.4,-127.1,0.95751411
41.4,-127,1.3673536
41.4,-126.9,1.646917
41.4,-126.8,2.0404987
41.4,-126.7,2.4441018
41.4,-126.6,2.7179055
41.4,-126.5,2.9909494
41.4,-126.4,3.3759096
41.4,-126.3,3.7750969
41.4,-126.2,4.0795569
41.4,-126.1,4.3959351
41.4,-126,4.849009
41.4,-125.9,5.1779985
41.4,-125.8,5.4459381
41.4,-125.7,5.843864
41.4,-125.6,6.2323284
41.4,-125.5,6.5238376
41.4,-125.4,6.9394274
41.4,-125.3,7.3549871
41.4,-125.2,7.6029806
41.4,-125.1,7.9949098
41.4,-125,8.3625774
41.4,-124.9,8.7199984
41.3,-133,12.048315
41.3,-132.9,11.742648
41.3,-132.8,11.366103
41.3,-132.7,11.016693
41.3,-132.6,10.629998
41.3,-132.5,10.491706
41.3,-132.4,10.353729
41.3,-132.3,10.079417
41.3,-132.2,9.8154068
41.3,-132.1,9.6535463
41.3,-132,9.4913797
41.3,-131.9,9.2651806
41.3,-131.8,9.0322866
41.3,-131.7,8.8678503
41.3,-131.6,8.7143774
41.3,-131.5,8.4564667
41.3,-131.4,8.1809864
41.3,-131.3,7.9019976
41.3,-131.2,7.7796345
41.3,-131.1,7.6251779
41.3,-131,7.3559184
41.3,-130.9,7.092463
41.3,-130.8,6.9490314
41.3,-130.7,6.8101835
41.3,-130.6,6.5400229
41.3,-130.5,6.2817216
41.3,-130.4,6.1366124
41.3,-130.3,5.9903569
41.3,-130.2,5.7229848
41.3,-130.1,5.4539313
41.3,-130,5.3094282
41.3,-129.9,5.1657238
41.3,-129.8,4.8987646
41.3,-129.7,4.6329994
41.3,-129.6,4.4526968
41.3,-129.5,4.2986984
41.3,-129.4,4.0822005
41.3,-129.3,3.8165247
41.3,-129.2,3.6432693
41.3,-129.1,3.4893258
41.3,-129,3.2687912
41.3,-128.9,3.0051596
41.3,-128.8,2.8269107
41.3,-128.7,2.6656289
41.3,-128.6,2.4529517
41.3,-128.5,2.187454
41.3,-128.4,2.0379498
41.3,-128.3,1.900812
41.3,-128.2,1.6349965
41.3,-128.1,1.3670213
41.3,-128,1.2213185
41.3,-127.9,1.0824548
41.3,-127.8,0.81489873
41.3,-127.7,0.5850004
41.3,-127.6,0.43225828
41.3,-127.5,0.26451695
41.3,-127.4,0.005740192
41.3,-127.3,0.27031171
41.3,-127.2,0.62036729
41.3,-127.1,1.0860057
41.3,-127,1.3674649
41.3,-126.9,1.6883721
41.3,-126.8,2.1082735
41.3,-126.7,2.4556546
41.3,-126.6,2.7247643
41.3,-126.5,2.9989657
41.3,-126.4,3.450645
41.3,-126.3,3.799505
41.3,-126.2,4.0860324
41.3,-126.1,4.4959517
41.3,-126,4.9071274
41.3,-125.9,5.1849313
41.3,-125.8,5.455152
41.3,-125.7,5.8590007
41.3,-125.6,6.2626972
41.3,-125.5,6.5457907
41.3,-125.4,6.9469547
41.3,-125.3,7.3579988
41.3,-125.2,7.6311984
41.3,-125.1,7.993
41.3,-125,8.439352
41.3,-124.9,8.7211876
41.2,-133,12.048819
41.2,-132.9,11.693503
41.2,-132.8,11.360933
41.2,-132.7,11.015379
41.2,-132.6,10.702111
41.2,-132.5,10.541915
41.2,-132.4,10.359361
41.2,-132.3,10.081765
41.2,-132.2,9.8144732
41.2,-132.1,9.6719065
41.2,-132,9.5302448
41.2,-131.9,9.2699146
41.2,-131.8,8.99506
41.2,-131.7,8.8611784
41.2,-131.6,8.7178965
41.2,-131.5,8.4478493
41.2,-131.4,8.1716633
41.2,-131.3,7.9954686
41.2,-131.2,7.8596168
41.2,-131.1,7.6211448
41.2,-131,7.3520432
41.2,-130.9,7.0906224
41.2,-130.8,6.9336748
41.2,-130.7,6.7664161
41.2,-130.6,6.5277829
41.2,-130.5,6.2854443
41.2,-130.4,6.1373353
41.2,-130.3,5.9881043
41.2,-130.2,5.7240524
41.2,-130.1,5.4500012
41.2,-130,5.3112459
41.2,-129.9,5.1732378
41.2,-129.8,4.9040637
41.2,-129.7,4.6351972
41.2,-129.6,4.3961024
41.2,-129.5,4.2513294
41.2,-129.4,4.0857015
41.2,-129.3,3.8158028
41.2,-129.2,3.5981245
41.2,-129.1,3.4440682
41.2,-129,3.2693453
41.2,-128.9,3.0018613
41.2,-128.8,2.7847869
41.2,-128.7,2.6215346
41.2,-128.6,2.4422095
41.2,-128.5,2.181823
41.2,-128.4,2.0007367
41.2,-128.3,1.8449692
41.2,-128.2,1.6303115
41.2,-128.1,1.3637213
41.2,-128,1.1923374
41.2,-127.9,1.0221854
41.2,-127.8,0.76504195
41.2,-127.7,0.55651605
41.2,-127.6,0.39556652
41.2,-127.5,0.24077441
41.2,-127.4,0.05781655
41.2,-127.3,0.29397461
41.2,-127.2,0.68608767
41.2,-127.1,1.0899955
41.2,-127,1.3643464
41.2,-126.9,1.7584987
41.2,-126.8,2.178571
41.2,-126.7,2.4563193
41.2,-126.6,2.7251318
41.2,-126.5,3.0930579
41.2,-126.4,3.5407045
41.2,-126.3,3.8153732
41.2,-126.2,4.0890899
41.2,-126.1,4.4955869
41.2,-126,4.9019394
41.2,-125.9,5.1780925
41.2,-125.8,5.4499998
41.2,-125.7,5.8144064
41.2,-125.6,6.2637434
41.2,-125.5,6.5424514
41.2,-125.4,6.9481139
41.2,-125.3,7.3523746
41.2,-125.2,7.6359754
41.2,-125.1,8.0367546
41.2,-125,8.4474564
41.1,-133,12.057369
41.1,-132.9,11.737503
41.1,-132.8,11.360154
41.1,-132.7,11.01499
41.1,-132.6,10.795627
41.1,-132.5,10.630007
41.1,-132.4,10.360166
41.1,-132.3,10.070627
41.1,-132.2,9.8152504
41.1,-132.1,9.6818333
41.1,-132,9.5025826
41.1,-131.9,9.2699308
41.1,-131.8,9.0428019
41.1,-131.7,8.8812265
41.1,-131.6,8.6937094
41.1,-131.5,8.4531288
41.1,-131.4,8.2172003
41.1,-131.3,8.0511494
41.1,-131.2,7.9016519
41.1,-131.1,7.6294546
41.1,-131,7.3599911
41.1,-130.9,7.085
41.1,-130.8,6.958951
41.1,-130.7,6.8071704
41.1,-130.6,6.539546
41.1,-130.5,6.2701693
41.1,-130.4,6.1313062
41.1,-130.3,5.9883523
41.1,-130.2,5.7222552
41.1,-130.1,5.4528046
41.1,-130,5.312345
41.1,-129.9,5.1677642
41.1,-129.8,4.9012742
41.1,-129.7,4.6289334
41.1,-129.6,4.4025216
41.1,-129.5,4.2347536
41.1,-129.4,4.0553393
41.1,-129.3,3.8146331
41.1,-129.2,3.5579925
41.1,-129.1,3.4165778
41.1,-129,3.2657061
41.1,-128.9,2.9980054
41.1,-128.8,2.7303033
41.1,-128.7,2.5920331
41.1,-128.6,2.4461129
41.1,-128.5,2.1848495
41.1,-128.4,1.943615
41.1,-128.3,1.7908777
41.1,-128.2,1.6331164
41.1,-128.1,1.3619504
41.1,-128,1.1461873
41.1,-127.9,0.89955223
41.1,-127.8,0.72004747
41.1,-127.7,0.54774505
41.1,-127.6,0.32869461
41.1,-127.5,0.079569794
41.1,-127.4,0.12759008
41.1,-127.3,0.39962012
41.1,-127.2,0.75130206
41.1,-127.1,1.1047083
41.1,-127,1.4719566
41.1,-126.9,1.8254693
41.1,-126.8,2.1692007
41.1,-126.7,2.4507809
41.1,-126.6,2.7999351
41.1,-126.5,3.1674464
41.1,-126.4,3.5411716
41.1,-126.3,3.8202837
41.1,-126.2,4.1003523
41.1,-126.1,4.5003042
41.1,-126,4.9049997
41.1,-125.9,5.1772008
41.1,-125.8,5.454854
41.1,-125.7,5.9035792
41.1,-125.6,6.2671714
41.1,-125.5,6.5411272
41.1,-125.4,6.9045515
41.1,-125.3,7.353941
41.1,-125.2,7.6298656
41.1,-125.1,7.906291
41.1,-125,8.367403
41.1,-124.9,8.7159643
41,-133,12.051379
41,-132.9,11.751653
41,-132.8,11.360514
41,-132.7,11.024067
41,-132.6,10.816335
41,-132.5,10.629127
41,-132.4,10.36
41,-132.3,10.08151
41,-132.2,9.912775
41,-132.1,9.7875919
41,-132,9.5318394
41,-131.9,9.266715
41,-131.8,9.033638
41,-131.7,8.9323444
41,-131.6,8.7243872
41,-131.5,8.4507828
41,-131.4,8.1804247
41,-131.3,8.045435
41,-131.2,7.8974137
41,-131.1,7.6274757
41,-131,7.3524585
41,-130.9,7.1733637
41,-130.8,7.0286322
41,-130.7,6.793416
41,-130.6,6.5417709
41,-130.5,6.3082385
41,-130.4,6.1383681
41,-130.3,5.9589152
41,-130.2,5.7174411
41,-130.1,5.4735184
41,-130,5.3265615
41,-129.9,5.1748261
41,-129.8,4.9072928
41,-129.7,4.6330047
41,-129.6,4.3745198
41,-129.5,4.2425399
41,-129.4,4.0869179
41,-129.3,3.8128071
41,-129.2,3.5466511
41,-129.1,3.408654
41,-129,3.2537761
41,-128.9,2.9970217
41,-128.8,2.7299769
41,-128.7,2.5852261
41,-128.6,2.436862
41,-128.5,2.174217
41,-128.4,1.936438
41,-128.3,1.7311411
41,-128.2,1.5656186
41,-128.1,1.3502486
41,-128,1.088797
41,-127.9,0.81965041
41,-127.8,0.68676221
41,-127.7,0.544999
41,-127.6,0.27136731
41,-127.5,0.021391379
41,-127.4,0.23963241
41,-127.3,0.5013268
41,-127.2,0.81341147
41,-127.1,1.1530375
41,-127,1.5463313
41,-126.9,1.9072149
41,-126.8,2.1820633
41,-126.7,2.5257959
41,-126.6,2.8831375
41,-126.5,3.2453654
41,-126.4,3.5363894
41,-126.3,3.8149979
41,-126.2,4.0903411
41,-126.1,4.557106
41,-126,4.9072933
41,-125.9,5.1797404
41,-125.8,5.4530921
41,-125.7,5.909162
41,-125.6,6.2586422
41,-125.5,6.5445609
41,-125.4,6.9850526
41,-125.3,7.3565888
41,-125.2,7.6337895
41,-125.1,7.9069533
41,-125,8.3099566
41,-124.9,8.7199993
40.9,-133,12.05073
40.9,-132.9,11.758837
40.9,-132.8,11.360685
40.9,-132.7,11.019303
40.9,-132.6,10.817071
40.9,-132.5,10.629086
40.9,-132.4,10.359287
40.9,-132.3,10.091213
40.9,-132.2,9.9432058
40.9,-132.1,9.8072348
40.9,-132,9.5369968
40.9,-131.9,9.2653961
40.9,-131.8,9.1033278
40.9,-131.7,8.9786901
40.9,-131.6,8.7203989
40.9,-131.5,8.444562
40.9,-131.4,8.185976
40.9,-131.3,8.0705032
40.9,-131.2,7.9020014
40.9,-131.1,7.6250896
40.9,-131,7.3593273
40.9,-130.9,7.2314286
40.9,-130.8,7.061142
40.9,-130.7,6.7993031
40.9,-130.6,6.5362086
40.9,-130.5,6.3026137
40.9,-130.4,6.1675067
40.9,-130.3,5.9973578
40.9,-130.2,5.7277789
40.9,-130.1,5.4499974
40.9,-130,5.3336954
40.9,-129.9,5.1622705
40.9,-129.8,4.9040914
40.9,-129.7,4.62889
40.9,-129.6,4.4640431
40.9,-129.5,4.3004799
40.9,-129.4,4.0917354
40.9,-129.3,3.8460865
40.9,-129.2,3.6378
40.9,-129.1,3.457128
40.9,-129,3.2540805
40.9,-128.9,2.997745
40.9,-128.8,2.7333779
40.9,-128.7,2.591681
40.9,-128.6,2.4493465
40.9,-128.5,2.1800025
40.9,-128.4,1.9124221
40.9,-128.3,1.6389426
40.9,-128.2,1.5179918
40.9,-128.1,1.3616412
40.9,-128,1.0882809
40.9,-127.9,0.81749749
40.9,-127.8,0.68564785
40.9,-127.7,0.53955448
40.9,-127.6,0.27203998
40.9,-127.5,0.047450688
40.9,-127.4,0.26585749
40.9,-127.3,0.57000518
40.9,-127.2,0.94290841
40.9,-127.1,1.3658701
40.9,-127,1.6654627
40.9,-126.9,1.9199421
40.9,-126.8,2.1940472
40.9,-126.7,2.5895541
40.9,-126.6,2.9888799
40.9,-126.5,3.269613
40.9,-126.4,3.5400364
40.9,-126.3,3.8240891
40.9,-126.2,4.2172379
40.9,-126.1,4.6268983
40.9,-126,4.9171977
40.9,-125.9,5.1918097
40.9,-125.8,5.5410318
40.9,-125.7,5.9915223
40.9,-125.6,6.2664933
40.9,-125.5,6.5452738
40.9,-125.4,6.9485054
40.9,-125.3,7.3444905
40.9,-125.2,7.6300006
40.9,-125.1,7.9073796
40.9,-125,8.2564545
40.9,-124.9,8.7060871
40.8,-133,12.096749
40.8,-132.9,11.815116
40.8,-132.8,11.392502
40.8,-132.7,11.016389
40.8,-132.6,10.814291
40.8,-132.5,10.629475
40.8,-132.4,10.357115
40.8,-132.3,10.08238
40.8,-132.2,9.9448986
40.8,-132.1,9.8097572
40.8,-132,9.53685
40.8,-131.9,9.2696276
40.8,-131.8,9.1267452
40.8,-131.7,8.9916019
40.8,-131.6,8.7195873
40.8,-131.5,8.4445181
40.8,-131.4,8.2845058
40.8,-131.3,8.1740284
40.8,-131.2,7.9029284
40.8,-131.1,7.6451745
40.8,-131,7.4723177
40.8,-130.9,7.3576255
40.8,-130.8,7.0850005
40.8,-130.7,6.8109784
40.8,-130.6,6.6419544
40.8,-130.5,6.5129461
40.8,-130.4,6.268002
40.8,-130.3,5.9850841
40.8,-130.2,5.7333632
40.8,-130.1,5.5715265
40.8,-130,5.4500012
40.8,-129.9,5.1764288
40.8,-129.8,4.9006062
40.8,-129.7,4.7548304
40.8,-129.6,4.597167
40.8,-129.5,4.3496475
40.8,-129.4,4.1226468
40.8,-129.3,3.8559206
40.8,-129.2,3.715102
40.8,-129.1,3.543561
40.8,-129,3.269994
40.8,-128.9,2.9955461
40.8,-128.8,2.7246442
40.8,-128.7,2.5946505
40.8,-128.6,2.4260087
40.8,-128.5,2.1702762
40.8,-128.4,1.9562823
40.8,-128.3,1.738827
40.8,-128.2,1.5621487
40.8,-128.1,1.3607484
40.8,-128,1.0873641
40.8,-127.9,0.87102044
40.8,-127.8,0.7243607
40.8,-127.7,0.53983307
40.8,-127.6,0.2622861
40.8,-127.5,0.009965586
40.8,-127.4,0.25562534
40.8,-127.3,0.54145032
40.8,-127.2,0.90592837
40.8,-127.1,1.2683679
40.8,-127,1.6354924
40.8,-126.9,1.9099741
40.8,-126.8,2.1897585
40.8,-126.7,2.5886412
40.8,-126.6,2.9905715
40.8,-126.5,3.2730751
40.8,-126.4,3.5406985
40.8,-126.3,3.8120937
40.8,-126.2,4.2020035
40.8,-126.1,4.5892186
40.8,-126,4.900321
40.8,-125.9,5.1996813
40.8,-125.8,5.5913625
40.8,-125.7,5.9941568
40.8,-125.6,6.2685161
40.8,-125.5,6.5400028
40.8,-125.4,6.9462862
40.8,-125.3,7.3517618
40.8,-125.2,7.6395378
40.8,-125.1,7.9010062
40.8,-125,8.1804867
40.8,-124.9,8.5897627
40.7,-133,12.115318
40.7,-132.9,11.817572
40.7,-132.8,11.403391
40.7,-132.7,11.017396
40.7,-132.6,10.811947
40.7,-132.5,10.627537
40.7,-132.4,10.359863
40.7,-132.3,10.082897
40.7,-132.2,9.9432125
40.7,-132.1,9.8052654
40.7,-132,9.5359755
40.7,-131.9,9.2797852
40.7,-131.8,9.1340437
40.7,-131.7,8.9871235
40.7,-131.6,8.7214565
40.7,-131.5,8.4488258
40.7,-131.4,8.3029547
40.7,-131.3,8.1622496
40.7,-131.2,7.8978734
40.7,-131.1,7.6321673
40.7,-131,7.4755931
40.7,-130.9,7.3575563
40.7,-130.8,7.0849209
40.7,-130.7,6.8143902
40.7,-130.6,6.6622353
40.7,-130.5,6.5400038
40.7,-130.4,6.2682638
40.7,-130.3,5.9999261
40.7,-130.2,5.8288021
40.7,-130.1,5.7202892
40.7,-130,5.4720531
40.7,-129.9,5.1904502
40.7,-129.8,5.0147576
40.7,-129.7,4.9046454
40.7,-129.6,4.6330037
40.7,-129.5,4.3566475
40.7,-129.4,4.1300178
40.7,-129.3,4.0549827
40.7,-129.2,3.8123386
40.7,-129.1,3.5192719
40.7,-129,3.2863402
40.7,-128.9,3.1236002
40.7,-128.8,2.9980018
40.7,-128.7,2.7185619
40.7,-128.6,2.4294157
40.7,-128.5,2.2412212
40.7,-128.4,2.0717227
40.7,-128.3,1.8366482
40.7,-128.2,1.623018
40.7,-128.1,1.3652909
40.7,-128,1.1084507
40.7,-127.9,0.98148751
40.7,-127.8,0.81749761
40.7,-127.7,0.52487373
40.7,-127.6,0.22720698
40.7,-127.5,6.29633E-07
40.7,-127.4,0.14659698
40.7,-127.3,0.50913095
40.7,-127.2,0.7943635
40.7,-127.1,1.200459
40.7,-127,1.5785744
40.7,-126.9,1.9035729
40.7,-126.8,2.2150104
40.7,-126.7,2.5783021
40.7,-126.6,2.9434702
40.7,-126.5,3.2573781
40.7,-126.4,3.5382595
40.7,-126.3,3.8225694
40.7,-126.2,4.2678089
40.7,-126.1,4.6278296
40.7,-126,4.9072323
40.7,-125.9,5.1802859
40.7,-125.8,5.6235633
40.7,-125.7,5.9950008
40.7,-125.6,6.273262
40.7,-125.5,6.5494342
40.7,-125.4,6.8432717
40.7,-125.3,7.2427011
40.7,-125.2,7.6059108
40.7,-125.1,7.9266849
40.7,-125,8.2725296
40.7,-124.9,8.7132025
40.6,-133,12.126075
40.6,-132.9,11.819807
40.6,-132.8,11.418691
40.6,-132.7,11.019468
40.6,-132.6,10.809964
40.6,-132.5,10.623668
40.6,-132.4,10.360137
40.6,-132.3,10.086629
40.6,-132.2,9.9440231
40.6,-132.1,9.8059988
40.6,-132,9.5374842
40.6,-131.9,9.2705355
40.6,-131.8,9.1405602
40.6,-131.7,8.9892311
40.6,-131.6,8.7189445
40.6,-131.5,8.4482422
40.6,-131.4,8.3207016
40.6,-131.3,8.1735611
40.6,-131.2,7.9028788
40.6,-131.1,7.6401963
40.6,-131,7.4191842
40.6,-130.9,7.3623238
40.6,-130.8,7.0845485
40.6,-130.7,6.8156838
40.6,-130.6,6.6329789
40.6,-130.5,6.527245
40.6,-130.4,6.2645273
40.6,-130.3,5.994184
40.6,-130.2,5.8200431
40.6,-130.1,5.7092905
40.6,-130,5.4399533
40.6,-129.9,5.1758013
40.6,-129.8,5.0249228
40.6,-129.7,4.9002719
40.6,-129.6,4.6297207
40.6,-129.5,4.347765
40.6,-129.4,4.2579012
40.6,-129.3,4.0583735
40.6,-129.2,3.7724125
40.6,-129.1,3.7286463
40.6,-129,3.6503317
40.6,-128.9,3.3013315
40.6,-128.8,3.0418329
40.6,-128.7,2.7550731
40.6,-128.6,2.6398337
40.6,-128.5,2.4530046
40.6,-128.4,2.1017849
40.6,-128.3,2.0945251
40.6,-128.2,2.0182874
40.6,-128.1,1.2344137
40.6,-128,1.280099
40.6,-127.9,1.4306735
40.6,-127.8,1.0031703
40.6,-127.7,0.40749142
40.6,-127.6,0.84666294
40.6,-127.5,0.46130943
40.6,-127.4,0.174211
40.6,-127.3,0.53932256
40.6,-127.2,0.44513366
40.6,-127.1,0.91220057
40.6,-127,1.3432493
40.6,-126.9,1.7836506
40.6,-126.8,2.1151006
40.6,-126.7,2.4530034
40.6,-126.6,2.8263929
40.6,-126.5,3.2397916
40.6,-126.4,3.4290633
40.6,-126.3,3.8274105
40.6,-126.2,4.2887411
40.6,-126.1,4.5024519
40.6,-126,4.8942389
40.6,-125.9,5.2697597
40.6,-125.8,5.5892444
40.6,-125.7,5.9126439
40.6,-125.6,6.1959338
40.6,-125.5,6.4067535
40.6,-125.4,6.7416625
40.6,-125.3,7.1940351
40.6,-125.2,7.6132431
40.6,-125.1,7.8964868
40.6,-125,8.1717396
40.6,-124.9,8.5835066
40.6,-124.8,8.9923286
40.5,-133,12.123051
40.5,-132.9,11.812211
40.5,-132.8,11.45648
40.5,-132.7,11.030032
40.5,-132.6,10.830446
40.5,-132.5,10.620255
40.5,-132.4,10.354017
40.5,-132.3,10.079233
40.5,-132.2,9.9521208
40.5,-132.1,9.8062611
40.5,-132,9.5362053
40.5,-131.9,9.264946
40.5,-131.8,9.2031336
40.5,-131.7,8.953476
40.5,-131.6,8.701107
40.5,-131.5,8.4216223
40.5,-131.4,8.3975134
40.5,-131.3,8.1894703
40.5,-131.2,7.8464293
40.5,-131.1,7.5330367
40.5,-131,7.1453729
40.5,-130.9,7.3132715
40.5,-130.8,7.0612097
40.5,-130.7,6.8174319
40.5,-130.6,6.5941753
40.5,-130.5,6.54
40.5,-130.4,6.2752652
40.5,-130.3,5.9776063
40.5,-130.2,5.8405075
40.5,-130.1,5.533411
40.5,-130,5.233593
40.5,-129.9,5.029397
40.5,-129.8,5.155499
40.5,-129.7,4.7074099
40.5,-129.6,4.8765211
40.5,-129.5,4.5436425
40.5,-129.4,4.9159079
40.5,-129.3,4.3514051
40.5,-129.2,4.0362558
40.5,-129.1,4.584908
40.5,-129,4.9478245
40.5,-128.9,4.3847241
40.5,-128.8,2.8446634
40.5,-128.7,2.8458557
40.5,-128.6,3.8612895
40.5,-128.5,4.2536058
40.5,-128.4,4.6475153
40.5,-128.3,4.2132311
40.5,-128.2,4.5708065
40.5,-128.1,4.6454244
40.5,-128,4.3654952
40.5,-127.9,5.0504241
40.5,-127.8,4.7957563
40.5,-127.7,4.9597998
40.5,-127.6,4.9551282
40.5,-127.5,4.752162
40.5,-127.4,5.4280853
40.5,-127.3,4.5845556
40.5,-127.2,0.095611252
40.5,-127.1,1.4612271
40.5,-127,1.2265021
40.5,-126.9,0.9161194
40.5,-126.8,1.8298863
40.5,-126.7,2.8189237
40.5,-126.6,2.7249997
40.5,-126.5,3.8898129
40.5,-126.4,3.4439988
40.5,-126.3,2.6046319
40.5,-126.2,2.3703907
40.5,-126.1,4.3279924
40.5,-126,4.4304771
40.5,-125.9,5.9752951
40.5,-125.8,6.2477131
40.5,-125.7,6.1010509
40.5,-125.6,6.2680006
40.5,-125.5,6.3199825
40.5,-125.4,6.1525898
40.5,-125.3,7.1507139
40.5,-125.2,7.6383595
40.5,-125.1,7.8093681
40.5,-125,8.0700121
40.5,-124.9,8.4779148
40.5,-124.8,8.9221573
40.4,-133,12.046503
40.4,-132.9,11.562287
40.4,-132.8,11.439317
40.4,-132.7,11.080333
40.4,-132.6,11.103902
40.4,-132.5,10.727509
40.4,-132.4,10.225865
40.4,-132.3,9.9285603
40.4,-132.2,10.134255
40.4,-132.1,9.7324324
40.4,-132,9.4219236
40.4,-131.9,9.4657383
40.4,-131.8,9.8122072
40.4,-131.7,9.2082624
40.4,-131.6,9.0395794
40.4,-131.5,8.7737513
40.4,-131.4,9.0330257
40.4,-131.3,8.3220015
40.4,-131.2,7.0496454
40.4,-131.1,7.2203126
40.4,-131,7.0531464
40.4,-130.9,7.2580762
40.4,-130.8,7.2784705
40.4,-130.7,7.2697244
40.4,-130.6,7.4759607
40.4,-130.5,7.4939289
40.4,-130.4,7.5932422
40.4,-130.3,7.6048174
40.4,-130.2,7.8420782
40.4,-130.1,8.0829306
40.4,-130,7.9261456
40.4,-129.9,8.1898375
40.4,-129.8,8.4533033
40.4,-129.7,8.6893206
40.4,-129.6,8.7826576
40.4,-129.5,8.6929398
40.4,-129.4,9.2556763
40.4,-129.3,9.1274872
40.4,-129.2,9.3625374
40.4,-129.1,9.4443398
40.4,-129,9.5582809
40.4,-128.9,10.159616
40.4,-128.8,9.8478489
40.4,-128.7,11.281339
40.4,-128.6,11.998087
40.4,-128.5,12.210041
40.4,-128.4,12.453259
40.4,-128.3,12.406998
40.4,-128.2,12.618422
40.4,-128.1,12.747593
40.4,-128,12.671375
40.4,-127.9,12.844947
40.4,-127.8,12.754984
40.4,-127.7,12.880379
40.4,-127.6,12.997811
40.4,-127.5,12.913791
40.4,-127.4,13.059884
40.4,-127.3,12.472604
40.4,-127.2,11.155745
40.4,-127.1,11.018965
40.4,-127,8.7874098
40.4,-126.9,8.0364418
40.4,-126.8,13.277994
40.4,-126.7,11.055977
40.4,-126.6,10.057056
40.4,-126.5,12.579654
40.4,-126.4,14.041456
40.4,-126.3,12.902025
40.4,-126.2,11.244083
40.4,-126.1,14.33262
40.4,-126,13.207378
40.4,-125.9,13.421746
40.4,-125.8,13.730872
40.4,-125.7,13.654521
40.4,-125.6,13.102667
40.4,-125.5,16.545013
40.4,-125.4,13.34205
40.4,-125.3,6.5881848
40.4,-125.2,7.2224984
40.4,-125.1,6.9707685
40.4,-125,8.0895443
40.4,-124.9,8.4311953
40.4,-124.8,8.9726467
40.3,-133,15.956513
40.3,-132.9,15.576901
40.3,-132.8,14.84441
40.3,-132.7,14.145074
40.3,-132.6,13.60568
40.3,-132.5,13.273174
40.3,-132.4,12.840408
40.3,-132.3,12.62247
40.3,-132.2,13.018916
40.3,-132.1,13.625553
40.3,-132,12.736525
40.3,-131.9,12.895243
40.3,-131.8,13.128401
40.3,-131.7,12.594901
40.3,-131.6,13.021217
40.3,-131.5,12.794997
40.3,-131.4,12.849416
40.3,-131.3,14.26723
40.3,-131.2,16.603962
40.3,-131.1,18.851946
40.3,-131,19.223246
40.3,-130.9,19.076092
40.3,-130.8,18.49798
40.3,-130.7,18.521172
40.3,-130.6,18.755007
40.3,-130.5,18.722639
40.3,-130.4,18.964813
40.3,-130.3,18.936251
40.3,-130.2,19.105484
40.3,-130.1,19.258999
40.3,-130,18.963699
40.3,-129.9,19.243471
40.3,-129.8,19.231098
40.3,-129.7,19.372211
40.3,-129.6,19.607805
40.3,-129.5,19.479324
40.3,-129.4,19.798441
40.3,-129.3,19.614172
40.3,-129.2,19.600412
40.3,-129.1,19.970966
40.3,-129,19.761597
40.3,-128.9,20.163872
40.3,-128.8,20.128895
40.3,-128.7,20.158422
40.3,-128.6,20.636253
40.3,-128.5,20.371288
40.3,-128.4,20.681961
40.3,-128.3,20.542747
40.3,-128.2,20.840311
40.3,-128.1,21.05162
40.3,-128,20.788071
40.3,-127.9,20.868128
40.3,-127.8,20.517876
40.3,-127.7,20.730234
40.3,-127.6,21.128685
40.3,-127.5,20.795414
40.3,-127.4,21.20859
40.3,-127.3,20.93273
40.3,-127.2,21.094921
40.3,-127.1,21.242577
40.3,-127,21.088812
40.3,-126.9,21.583347
40.3,-126.8,20.16119
40.3,-126.7,20.243235
40.3,-126.6,17.941221
40.3,-126.5,19.475634
40.3,-126.4,19.327351
40.3,-126.3,18.664978
40.3,-126.2,15.624151
40.3,-126.1,17.826954
40.3,-126,17.934565
40.3,-125.9,13.828036
40.3,-125.8,11.060864
40.3,-125.7,12.901347
40.3,-125.6,11.225016
40.3,-125.5,11.355293
40.3,-125.4,13.840066
40.3,-125.3,15.14893
40.3,-125.2,15.742111
40.3,-125.1,11.535846
40.3,-125,13.583366
40.3,-124.9,8.8536005
40.3,-124.8,8.8559999
40.3,-124.7,9.0263643
40.2,-133,21.411907
40.2,-132.9,21.048878
40.2,-132.8,21.542191
40.2,-132.7,21.607944
40.2,-132.6,21.766035
40.2,-132.5,21.884081
40.2,-132.4,21.643394
40.2,-132.3,21.932379
40.2,-132.2,19.8729
40.2,-132.1,17.955744
40.2,-132,17.602991
40.2,-131.9,16.857508
40.2,-131.8,16.927462
40.2,-131.7,16.608332
40.2,-131.6,15.761771
40.2,-131.5,15.97635
40.2,-131.4,15.237452
40.2,-131.3,15.389087
40.2,-131.2,15.502628
40.2,-131.1,15.380283
40.2,-131,18.015232
40.2,-130.9,21.976212
40.2,-130.8,22.333988
40.2,-130.7,22.345802
40.2,-130.6,22.34025
40.2,-130.5,22.178011
40.2,-130.4,22.383596
40.2,-130.3,22.246635
40.2,-130.2,22.422449
40.2,-130.1,22.532215
40.2,-130,22.633759
40.2,-129.9,22.876137
40.2,-129.8,22.896357
40.2,-129.7,22.94973
40.2,-129.6,22.979244
40.2,-129.5,23.06461
40.2,-129.4,23.179794
40.2,-129.3,23.244001
40.2,-129.2,23.295946
40.2,-129.1,23.511496
40.2,-129,23.522249
40.2,-128.9,23.664652
40.2,-128.8,23.782757
40.2,-128.7,23.922907
40.2,-128.6,23.994719
40.2,-128.5,23.977575
40.2,-128.4,24.171026
40.2,-128.3,24.214363
40.2,-128.2,24.295462
40.2,-128.1,24.224586
40.2,-128,24.258926
40.2,-127.9,24.390203
40.2,-127.8,24.452028
40.2,-127.7,24.466192
40.2,-127.6,24.455832
40.2,-127.5,24.395992
40.2,-127.4,24.483461
40.2,-127.3,24.331623
40.2,-127.2,23.648045
40.2,-127.1,23.345497
40.2,-127,23.264757
40.2,-126.9,23.165995
40.2,-126.8,22.783829
40.2,-126.7,23.09725
40.2,-126.6,22.302742
40.2,-126.5,13.483105
40.2,-126.4,13.441253
40.2,-126.3,12.677393
40.2,-126.2,8.3291502
40.2,-126.1,4.7243938
40.2,-126,10.607238
40.2,-125.9,15.5428
40.2,-125.8,5.9070053
40.2,-125.7,15.057526
40.2,-125.6,13.243939
40.2,-125.5,6.8202801
40.2,-125.4,13.744112
40.2,-125.3,11.593909
40.2,-125.2,14.817773
40.2,-125.1,15.31889
40.2,-125,14.20532
40.2,-124.9,16.251898
40.2,-124.8,13.913616
40.2,-124.7,15.205595
40.1,-133,24.572983
40.1,-132.9,24.103727
40.1,-132.8,24.662663
40.1,-132.7,24.431776
40.1,-132.6,23.576824
40.1,-132.5,24.332731
40.1,-132.4,23.709471
40.1,-132.3,24.502729
40.1,-132.2,23.837786
40.1,-132.1,24.231512
40.1,-132,24.232622
40.1,-131.9,24.196215
40.1,-131.8,24.15987
40.1,-131.7,24.428471
40.1,-131.6,24.398445
40.1,-131.5,24.210091
40.1,-131.4,24.696709
40.1,-131.3,24.450384
40.1,-131.2,24.841812
40.1,-131.1,24.746708
40.1,-131,22.273903
40.1,-130.9,20.048176
40.1,-130.8,19.77173
40.1,-130.7,19.579062
40.1,-130.6,19.800909
40.1,-130.5,19.222275
40.1,-130.4,19.368795
40.1,-130.3,19.823315
40.1,-130.2,19.10684
40.1,-130.1,19.95117
40.1,-130,20.738192
40.1,-129.9,20.782803
40.1,-129.8,24.543554
40.1,-129.7,26.726324
40.1,-129.6,26.031403
40.1,-129.5,26.391502
40.1,-129.4,25.998669
40.1,-129.3,25.515215
40.1,-129.2,25.824816
40.1,-129.1,25.216124
40.1,-129,25.267342
40.1,-128.9,25.48995
40.1,-128.8,25.756857
40.1,-128.7,25.404568
40.1,-128.6,26.296803
40.1,-128.5,26.417139
40.1,-128.4,26.174034
40.1,-128.3,26.118307
40.1,-128.2,26.052788
40.1,-128.1,25.755823
40.1,-128,25.380131
40.1,-127.9,25.441328
40.1,-127.8,25.498882
40.1,-127.7,25.13887
40.1,-127.6,25.013338
40.1,-127.5,24.666019
40.1,-127.4,24.384399
40.1,-127.3,24.32266
40.1,-127.2,23.955738
40.1,-127.1,23.664761
40.1,-127,23.503428
40.1,-126.9,23.30588
40.1,-126.8,23.065533
40.1,-126.7,23.116789
40.1,-126.6,22.828581
40.1,-126.5,22.360388
40.1,-126.4,21.28965
40.1,-126.3,22.185423
40.1,-126.2,16.354683
40.1,-126.1,12.829526
40.1,-126,13.719765
40.1,-125.9,10.891129
40.1,-125.8,8.5979261
40.1,-125.7,6.1048913
40.1,-125.6,13.403744
40.1,-125.5,12.753282
40.1,-125.4,8.8893576
40.1,-125.3,16.723663
40.1,-125.2,14.235606
40.1,-125.1,12.9574
40.1,-125,16.847187
40.1,-124.9,14.981985
40.1,-124.8,14.073856
40.1,-124.7,15.54701
40.1,-124.6,15.739372
40,-133,27.458176
40,-132.9,27.57967
40,-132.8,28.114557
40,-132.7,27.568472
40,-132.6,28.368654
40,-132.5,27.998306
40,-132.4,28.037708
40,-132.3,28.433483
40,-132.2,28.294872
40,-132.1,28.792513
40,-132,28.612488
40,-131.9,28.923456
40,-131.8,29.488838
40,-131.7,28.769424
40,-131.6,29.756504
40,-131.5,29.59553
40,-131.4,30.70257
40,-131.3,30.560453
40,-131.2,29.148514
40,-131.1,29.950872
40,-131,29.489016
40,-130.9,29.607185
40,-130.8,28.905848
40,-130.7,29.827259
40,-130.6,28.664083
40,-130.5,29.617365
40,-130.4,28.78223
40,-130.3,27.754511
40,-130.2,28.857786
40,-130.1,27.719408
40,-130,28.252153
40,-129.9,15.597783
40,-129.8,13.732925
40,-129.7,12.502512
40,-129.6,12.252112
40,-129.5,12.587131
40,-129.4,13.065098
40,-129.3,13.492802
40,-129.2,13.860923
40,-129.1,14.139279
40,-129,13.425819
40,-128.9,12.918821
40,-128.8,15.112993
40,-128.7,16.972515
40,-128.6,20.456547
40,-128.5,21.597275
40,-128.4,24.175835
40,-128.3,23.196293
40,-128.2,25.41684
40,-128.1,24.964687
40,-128,22.999784
40,-127.9,24.477987
40,-127.8,25.233793
40,-127.7,23.396027
40,-127.6,24.304075
40,-127.5,24.451571
40,-127.4,24.452158
40,-127.3,24.26335
40,-127.2,24.052177
40,-127.1,24.157198
40,-127,23.596331
40,-126.9,23.228031
40,-126.8,23.208839
40,-126.7,23.048794
40,-126.6,22.676945
40,-126.5,22.715561
40,-126.4,22.505869
40,-126.3,22.859032
40,-126.2,21.747028
40,-126.1,20.938496
40,-126,20.18581
40,-125.9,20.255297
40,-125.8,16.750944
40,-125.7,5.7230005
40,-125.6,11.820508
40,-125.5,10.402018
40,-125.4,12.921574
40,-125.3,11.969995
40,-125.2,17.189924
40,-125.1,12.547502
40,-125,15.77968
40,-124.9,15.446379
40,-124.8,14.237822
40,-124.7,15.990977
40,-124.6,14.295403
40,-124.5,15.872827
39.9,-133,33.495884
39.9,-132.9,33.270405
39.9,-132.8,32.271553
39.9,-132.7,30.745584
39.9,-132.6,30.820993
39.9,-132.5,29.232355
39.9,-132.4,28.802414
39.9,-132.3,28.157246
39.9,-132.2,25.630001
39.9,-132.1,26.356754
39.9,-132,24.494379
39.9,-131.9,24.22278
39.9,-131.8,23.070797
39.9,-131.7,21.515284
39.9,-131.6,21.786068
39.9,-131.5,19.990013
39.9,-131.4,19.360004
39.9,-131.3,18.987392
39.9,-131.2,18.178221
39.9,-131.1,18.562141
39.9,-131,18.80374
39.9,-130.9,18.666172
39.9,-130.8,17.605194
39.9,-130.7,19.85166
39.9,-130.6,19.451067
39.9,-130.5,17.917473
39.9,-130.4,19.659851
39.9,-130.3,19.144892
39.9,-130.2,17.633902
39.9,-130.1,18.715498
39.9,-130,18.293337
39.9,-129.9,16.497276
39.9,-129.8,17.082081
39.9,-129.7,18.722359
39.9,-129.6,18.061224
39.9,-129.5,17.687567
39.9,-129.4,17.659889
39.9,-129.3,18.183918
39.9,-129.2,14.595605
39.9,-129.1,25.263561
39.9,-129,26.031397
39.9,-128.9,22.392757
39.9,-128.8,24.972425
39.9,-128.7,18.243002
39.9,-128.6,13.615905
39.9,-128.5,12.26995
39.9,-128.4,13.036756
39.9,-128.3,11.654173
39.9,-128.2,12.629705
39.9,-128.1,13.196875
39.9,-128,12.701044
39.9,-127.9,13.860771
39.9,-127.8,13.920693
39.9,-127.7,14.315608
39.9,-127.6,15.590823
39.9,-127.5,18.440624
39.9,-127.4,23.703949
39.9,-127.3,22.805962
39.9,-127.2,21.625818
39.9,-127.1,23.838732
39.9,-127,23.335617
39.9,-126.9,21.612831
39.9,-126.8,22.361698
39.9,-126.7,22.602129
39.9,-126.6,21.19512
39.9,-126.5,21.654573
39.9,-126.4,21.933563
39.9,-126.3,22.755215
39.9,-126.2,22.248138
39.9,-126.1,22.054541
39.9,-126,21.68244
39.9,-125.9,21.779957
39.9,-125.8,21.044409
39.9,-125.7,20.263327
39.9,-125.6,18.478086
39.9,-125.5,16.653971
39.9,-125.4,13.82568
39.9,-125.3,7.7819791
39.9,-125.2,13.549368
39.9,-125.1,11.983501
39.9,-125,15.165722
39.9,-124.9,16.845413
39.9,-124.8,15.718233
39.9,-124.7,14.120924
39.9,-124.6,15.366753
39.9,-124.5,14.314485
39.8,-133,36.127121
39.8,-132.9,35.880291
39.8,-132.8,35.666805
39.8,-132.7,35.573738
39.8,-132.6,35.432034
39.8,-132.5,35.441025
39.8,-132.4,35.357803
39.8,-132.3,34.417133
39.8,-132.2,34.020611
39.8,-132.1,34.337162
39.8,-132,34.175678
39.8,-131.9,34.08868
39.8,-131.8,32.627441
39.8,-131.7,32.333576
39.8,-131.6,32.485184
39.8,-131.5,26.782438
39.8,-131.4,25.129322
39.8,-131.3,23.529282
39.8,-131.2,21.922665
39.8,-131.1,23.033787
39.8,-131,22.504116
39.8,-130.9,22.226046
39.8,-130.8,20.613153
39.8,-130.7,20.838753
39.8,-130.6,20.810581
39.8,-130.5,20.158485
39.8,-130.4,20.148914
39.8,-130.3,19.854191
39.8,-130.2,20.105577
39.8,-130.1,19.698065
39.8,-130,19.477383
39.8,-129.9,19.459581
39.8,-129.8,18.771006
39.8,-129.7,18.632967
39.8,-129.6,18.405857
39.8,-129.5,17.969131
39.8,-129.4,17.862637
39.8,-129.3,18.129314
39.8,-129.2,17.028006
39.8,-129.1,17.327181
39.8,-129,17.889776
39.8,-128.9,16.930182
39.8,-128.8,17.39776
39.8,-128.7,16.953602
39.8,-128.6,15.764387
39.8,-128.5,15.824454
39.8,-128.4,14.918839
39.8,-128.3,15.210076
39.8,-128.2,14.977893
39.8,-128.1,14.488906
39.8,-128,15.206606
39.8,-127.9,14.319189
39.8,-127.8,14.523505
39.8,-127.7,13.797025
39.8,-127.6,12.923257
39.8,-127.5,13.220961
39.8,-127.4,14.059093
39.8,-127.3,13.097321
39.8,-127.2,11.878271
39.8,-127.1,12.634617
39.8,-127,11.621433
39.8,-126.9,13.40577
39.8,-126.8,12.992784
39.8,-126.7,14.235668
39.8,-126.6,14.646946
39.8,-126.5,13.811646
39.8,-126.4,18.148041
39.8,-126.3,22.17004
39.8,-126.2,21.118731
39.8,-126.1,21.654697
39.8,-126,20.86311
39.8,-125.9,21.568924
39.8,-125.8,21.240055
39.8,-125.7,20.217875
39.8,-125.6,20.964434
39.8,-125.5,20.294828
39.8,-125.4,20.173931
39.8,-125.3,19.823559
39.8,-125.2,18.019859
39.8,-125.1,16.283051
39.8,-125,16.142336
39.8,-124.9,15.962678
39.8,-124.8,17.205944
39.8,-124.7,14.570242
39.8,-124.6,16.558842
39.8,-124.5,16.444624
39.8,-124.4,13.925359
39.7,-133,36.453129
39.7,-132.9,36.279964
39.7,-132.8,36.065853
39.7,-132.7,35.831932
39.7,-132.6,35.632755
39.7,-132.5,35.440735
39.7,-132.4,35.236961
39.7,-132.3,34.931522
39.7,-132.2,34.71014
39.7,-132.1,34.577721
39.7,-132,34.417614
39.7,-131.9,34.297268
39.7,-131.8,33.997623
39.7,-131.7,33.741955
39.7,-131.6,33.741913
39.7,-131.5,33.415859
39.7,-131.4,32.625408
39.7,-131.3,32.444443
39.7,-131.2,30.278418
39.7,-131.1,30.861561
39.7,-131,30.94982
39.7,-130.9,30.037188
39.7,-130.8,30.765461
39.7,-130.7,29.583298
39.7,-130.6,30.930988
39.7,-130.5,30.571478
39.7,-130.4,28.881109
39.7,-130.3,29.882595
39.7,-130.2,29.734013
39.7,-130.1,28.066687
39.7,-130,29.071547
39.7,-129.9,30.137146
39.7,-129.8,27.852335
39.7,-129.7,28.405579
39.7,-129.6,28.712637
39.7,-129.5,27.315763
39.7,-129.4,28.715889
39.7,-129.3,26.589151
39.7,-129.2,26.805998
39.7,-129.1,28.01368
39.7,-129,27.090664
39.7,-128.9,24.787165
39.7,-128.8,25.142607
39.7,-128.7,27.93644
39.7,-128.6,25.775415
39.7,-128.5,26.492149
39.7,-128.4,25.518496
39.7,-128.3,26.793953
39.7,-128.2,24.613169
39.7,-128.1,25.241962
39.7,-128,25.756191
39.7,-127.9,21.838614
39.7,-127.8,21.233595
39.7,-127.7,20.566246
39.7,-127.6,19.065689
39.7,-127.5,18.898989
39.7,-127.4,18.38485
39.7,-127.3,18.725927
39.7,-127.2,18.312971
39.7,-127.1,17.797453
39.7,-127,17.785276
39.7,-126.9,17.33238
39.7,-126.8,17.090523
39.7,-126.7,16.746964
39.7,-126.6,16.794449
39.7,-126.5,16.394049
39.7,-126.4,15.877703
39.7,-126.3,16.047539
39.7,-126.2,15.535211
39.7,-126.1,15.711246
39.7,-126,15.647577
39.7,-125.9,15.68003
39.7,-125.8,15.81273
39.7,-125.7,15.659389
39.7,-125.6,20.043102
39.7,-125.5,20.727148
39.7,-125.4,20.850994
39.7,-125.3,20.73793
39.7,-125.2,20.017273
39.7,-125.1,19.386517
39.7,-125,19.740992
39.7,-124.9,19.407791
39.7,-124.8,17.293837
39.7,-124.7,14.614538
39.7,-124.6,14.874661
39.7,-124.5,16.453663
39.7,-124.4,15.33691
39.7,-124.3,16.881744
39.6,-133,36.461777
39.6,-132.9,36.29174
39.6,-132.8,36.088417
39.6,-132.7,35.787819
39.6,-132.6,35.594883
39.6,-132.5,35.425171
39.6,-132.4,35.247475
39.6,-132.3,34.9389
39.6,-132.2,34.748844
39.6,-132.1,34.553715
39.6,-132,34.381325
39.6,-131.9,34.215839
39.6,-131.8,33.930332
39.6,-131.7,33.702465
39.6,-131.6,33.523415
39.6,-131.5,33.403187
39.6,-131.4,33.172115
39.6,-131.3,33.020496
39.6,-131.2,32.283714
39.6,-131.1,32.291107
39.6,-131,32.343082
39.6,-130.9,32.067844
39.6,-130.8,31.760616
39.6,-130.7,31.335447
39.6,-130.6,31.491709
39.6,-130.5,31.194132
39.6,-130.4,30.659796
39.6,-130.3,30.758209
39.6,-130.2,30.590584
39.6,-130.1,30.046646
39.6,-130,30.208521
39.6,-129.9,30.040966
39.6,-129.8,29.492903
39.6,-129.7,29.506859
39.6,-129.6,29.444939
39.6,-129.5,28.932394
39.6,-129.4,28.966583
39.6,-129.3,28.497173
39.6,-129.2,28.585827
39.6,-129.1,28.377285
39.6,-129,28.231985
39.6,-128.9,27.828482
39.6,-128.8,27.363169
39.6,-128.7,27.673077
39.6,-128.6,27.241137
39.6,-128.5,27.299124
39.6,-128.4,26.930004
39.6,-128.3,26.850037
39.6,-128.2,26.267498
39.6,-128.1,26.267853
39.6,-128,26.383179
39.6,-127.9,25.68923
39.6,-127.8,25.900885
39.6,-127.7,24.917
39.6,-127.6,24.524055
39.6,-127.5,23.987841
39.6,-127.4,24.761246
39.6,-127.3,24.820599
39.6,-127.2,23.954674
39.6,-127.1,23.090097
39.6,-127,23.659012
39.6,-126.9,22.685581
39.6,-126.8,23.067057
39.6,-126.7,23.34914
39.6,-126.6,22.520237
39.6,-126.5,23.203501
39.6,-126.4,21.606457
39.6,-126.3,21.96192
39.6,-126.2,22.1626
39.6,-126.1,21.154367
39.6,-126,21.929556
39.6,-125.9,20.916643
39.6,-125.8,21.629791
39.6,-125.7,21.710825
39.6,-125.6,21.215952
39.6,-125.5,21.081347
39.6,-125.4,20.968872
39.6,-125.3,20.787319
39.6,-125.2,20.510502
39.6,-125.1,20.172533
39.6,-125,20.095427
39.6,-124.9,20.01193
39.6,-124.8,19.755001
39.6,-124.7,19.520533
39.6,-124.6,19.173571
39.6,-124.5,17.43758
39.6,-124.4,14.614238
39.6,-124.3,15.042789
39.6,-124.2,17.755274
39.5,-133,36.475121
39.5,-132.9,36.30233
39.5,-132.8,36.133411
39.5,-132.7,35.81498
39.5,-132.6,35.608025
39.5,-132.5,35.437496
39.5,-132.4,35.259621
39.5,-132.3,34.966106
39.5,-132.2,34.772259
39.5,-132.1,34.566509
39.5,-132,34.391029
39.5,-131.9,34.208237
39.5,-131.8,33.939312
39.5,-131.7,33.724445
39.5,-131.6,33.518536
39.5,-131.5,33.336266
39.5,-131.4,33.183128
39.5,-131.3,32.992111
39.5,-131.2,32.660297
39.5,-131.1,32.531731
39.5,-131,32.391182
39.5,-130.9,32.077187
39.5,-130.8,31.819786
39.5,-130.7,31.615093
39.5,-130.6,31.497948
39.5,-130.5,31.189934
39.5,-130.4,30.960913
39.5,-130.3,30.859285
39.5,-130.2,30.67268
39.5,-130.1,30.372225
39.5,-130,30.211025
39.5,-129.9,30.038206
39.5,-129.8,29.794994
39.5,-129.7,29.641665
39.5,-129.6,29.441586
39.5,-129.5,29.131046
39.5,-129.4,29.020432
39.5,-129.3,28.832855
39.5,-129.2,28.605865
39.5,-129.1,28.416027
39.5,-129,28.203596
39.5,-128.9,27.984512
39.5,-128.8,27.734934
39.5,-128.7,27.613907
39.5,-128.6,27.337263
39.5,-128.5,27.221966
39.5,-128.4,27.002598
39.5,-128.3,26.839687
39.5,-128.2,26.588509
39.5,-128.1,26.363522
39.5,-128,26.256447
39.5,-127.9,25.949999
39.5,-127.8,25.980915
39.5,-127.7,25.643143
39.5,-127.6,25.308992
39.5,-127.5,24.9876
39.5,-127.4,25.013691
39.5,-127.3,25.005051
39.5,-127.2,24.585888
39.5,-127.1,24.253294
39.5,-127,24.283173
39.5,-126.9,24.017672
39.5,-126.8,23.877384
39.5,-126.7,23.688416
39.5,-126.6,23.35
39.5,-126.5,23.40591
39.5,-126.4,22.87063
39.5,-126.3,22.797577
39.5,-126.2,22.687426
39.5,-126.1,22.399117
39.5,-126,22.387718
39.5,-125.9,22.00585
39.5,-125.8,21.958435
39.5,-125.7,21.734106
39.5,-125.6,21.425547
39.5,-125.5,21.221361
39.5,-125.4,21.048212
39.5,-125.3,20.890921
39.5,-125.2,20.706404
39.5,-125.1,20.419151
39.5,-125,20.233187
39.5,-124.9,20.064137
39.5,-124.8,19.894199
39.5,-124.7,19.676979
39.5,-124.6,19.395538
39.5,-124.5,19.06012
39.5,-124.4,18.681293
39.5,-124.3,18.991686
39.5,-124.2,18.581408
39.4,-133,36.493595
39.4,-132.9,36.318626
39.4,-132.8,36.149399
39.4,-132.7,35.852383
39.4,-132.6,35.628513
39.4,-132.5,35.451622
39.4,-132.4,35.275593
39.4,-132.3,35.001621
39.4,-132.2,34.79623
39.4,-132.1,34.584232
39.4,-132,34.405842
39.4,-131.9,34.229973
39.4,-131.8,33.971176
39.4,-131.7,33.759186
39.4,-131.6,33.534588
39.4,-131.5,33.353283
39.4,-131.4,33.184109
39.4,-131.3,32.990421
39.4,-131.2,32.740574
39.4,-131.1,32.577591
39.4,-131,32.403278
39.4,-130.9,32.084198
39.4,-130.8,31.859402
39.4,-130.7,31.687593
39.4,-130.6,31.529373
39.4,-130.5,31.239014
39.4,-130.4,31.035418
39.4,-130.3,30.880768
39.4,-130.2,30.699869
39.4,-130.1,30.469763
39.4,-130,30.25561
39.4,-129.9,30.055399
39.4,-129.8,29.83741
39.4,-129.7,29.681448
39.4,-129.6,29.496666
39.4,-129.5,29.198805
39.4,-129.4,29.044147
39.4,-129.3,28.879993
39.4,-129.2,28.673557
39.4,-129.1,28.465439
39.4,-129,28.246836
39.4,-128.9,28.04656
39.4,-128.8,27.841324
39.4,-128.7,27.687691
39.4,-128.6,27.498091
39.4,-128.5,27.219404
39.4,-128.4,27.03825
39.4,-128.3,26.890978
39.4,-128.2,26.677681
39.4,-128.1,26.463715
39.4,-128,26.251698
39.4,-127.9,26.033014
39.4,-127.8,25.903778
39.4,-127.7,25.718206
39.4,-127.6,25.494421
39.4,-127.5,25.213724
39.4,-127.4,25.076059
39.4,-127.3,24.923893
39.4,-127.2,24.70624
39.4,-127.1,24.42944
39.4,-127,24.291006
39.4,-126.9,24.093882
39.4,-126.8,23.923569
39.4,-126.7,23.712673
39.4,-126.6,23.474163
39.4,-126.5,23.307871
39.4,-126.4,23.069017
39.4,-126.3,22.93362
39.4,-126.2,22.769371
39.4,-126.1,22.505459
39.4,-126,22.32276
39.4,-125.9,22.142517
39.4,-125.8,21.981627
39.4,-125.7,21.781235
39.4,-125.6,21.57863
39.4,-125.5,21.335714
39.4,-125.4,21.156565
39.4,-125.3,21.000122
39.4,-125.2,20.830587
39.4,-125.1,20.625574
39.4,-125,20.361454
39.4,-124.9,20.178379
39.4,-124.8,20.007149
39.4,-124.7,19.822828
39.4,-124.6,19.586168
39.4,-124.5,19.323658
39.4,-124.4,19.099428
39.4,-124.3,18.90716
39.4,-124.2,18.679935
39.4,-124.1,18.443581
39.3,-133,36.508434
39.3,-132.9,36.334591
39.3,-132.8,36.165443
39.3,-132.7,35.915516
39.3,-132.6,35.646366
39.3,-132.5,35.469635
39.3,-132.4,35.29356
39.3,-132.3,35.068829
39.3,-132.2,34.865356
39.3,-132.1,34.603603
39.3,-132,34.429905
39.3,-131.9,34.248882
39.3,-131.8,34.03175
39.3,-131.7,33.828415
39.3,-131.6,33.543137
39.3,-131.5,33.38028
39.3,-131.4,33.199554
39.3,-131.3,33.009258
39.3,-131.2,32.767441
39.3,-131.1,32.607525
39.3,-131,32.434566
39.3,-130.9,32.119499
39.3,-130.8,31.899481
39.3,-130.7,31.721748
39.3,-130.6,31.555347
39.3,-130.5,31.346512
39.3,-130.4,31.076435
39.3,-130.3,30.911037
39.3,-130.2,30.750692
39.3,-130.1,30.528852
39.3,-130,30.315304
39.3,-129.9,30.104931
39.3,-129.8,29.890293
39.3,-129.7,29.729734
39.3,-129.6,29.559088
39.3,-129.5,29.268473
39.3,-129.4,29.08552
39.3,-129.3,28.926781
39.3,-129.2,28.735931
39.3,-129.1,28.529894
39.3,-129,28.308891
39.3,-128.9,28.101501
39.3,-128.8,27.900005
39.3,-128.7,27.748425
39.3,-128.6,27.58407
39.3,-128.5,27.279261
39.3,-128.4,27.100185
39.3,-128.3,26.946186
39.3,-128.2,26.761148
39.3,-128.1,26.558563
39.3,-128,26.324371
39.3,-127.9,26.120033
39.3,-127.8,25.933825
39.3,-127.7,25.782867
39.3,-127.6,25.598196
39.3,-127.5,25.308969
39.3,-127.4,25.136732
39.3,-127.3,24.991148
39.3,-127.2,24.808382
39.3,-127.1,24.59437
39.3,-127,24.311035
39.3,-126.9,24.146259
39.3,-126.8,23.991739
39.3,-126.7,23.810341
39.3,-126.6,23.612049
39.3,-126.5,23.364086
39.3,-126.4,23.172947
39.3,-126.3,23.013138
39.3,-126.2,22.861088
39.3,-126.1,22.679193
39.3,-126,22.398582
39.3,-125.9,22.224644
39.3,-125.8,22.067924
39.3,-125.7,21.898903
39.3,-125.6,21.719072
39.3,-125.5,21.458033
39.3,-125.4,21.264038
39.3,-125.3,21.102819
39.3,-125.2,20.95126
39.3,-125.1,20.784458
39.3,-125,20.505547
39.3,-124.9,20.310555
39.3,-124.8,20.152935
39.3,-124.7,19.922222
39.3,-124.6,19.746733
39.3,-124.5,19.481247
39.3,-124.4,19.23723
39.3,-124.3,19.028681
39.3,-124.2,18.805025
39.3,-124.1,18.589012
39.3,-124,18.371571
39.2,-133,36.527855
39.2,-132.9,36.350704
39.2,-132.8,36.179222
39.2,-132.7,35.962936
39.2,-132.6,35.658817
39.2,-132.5,35.486263
39.2,-132.4,35.310452
39.2,-132.3,35.091782
39.2,-132.2,34.900349
39.2,-132.1,34.611843
39.2,-132,34.439003
39.2,-131.9,34.264645
39.2,-131.8,34.060783
39.2,-131.7,33.863018
39.2,-131.6,33.555244
39.2,-131.5,33.391983
39.2,-131.4,33.217346
39.2,-131.3,33.032421
39.2,-131.2,32.794106
39.2,-131.1,32.637188
39.2,-131,32.469582
39.2,-130.9,32.160725
39.2,-130.8,31.944571
39.2,-130.7,31.757622
39.2,-130.6,31.597397
39.2,-130.5,31.417595
39.2,-130.4,31.117535
39.2,-130.3,30.947351
39.2,-130.2,30.791342
39.2,-130.1,30.583706
39.2,-130,30.371376
39.2,-129.9,30.148491
39.2,-129.8,29.943665
39.2,-129.7,29.773909
39.2,-129.6,29.612381
39.2,-129.5,29.391289
39.2,-129.4,29.13068
39.2,-129.3,28.966709
39.2,-129.2,28.805189
39.2,-129.1,28.603062
39.2,-129,28.388941
39.2,-128.9,28.165657
39.2,-128.8,27.962177
39.2,-128.7,27.807636
39.2,-128.6,27.649137
39.2,-128.5,27.42654
39.2,-128.4,27.160749
39.2,-128.3,26.998405
39.2,-128.2,26.842226
39.2,-128.1,26.646749
39.2,-128,26.433706
39.2,-127.9,26.196711
39.2,-127.8,26.006607
39.2,-127.7,25.851509
39.2,-127.6,25.685444
39.2,-127.5,25.465843
39.2,-127.4,25.216751
39.2,-127.3,25.055229
39.2,-127.2,24.905554
39.2,-127.1,24.711359
39.2,-127,24.43424
39.2,-126.9,24.234127
39.2,-126.8,24.068363
39.2,-126.7,23.913603
39.2,-126.6,23.732517
39.2,-126.5,23.489346
39.2,-126.4,23.272118
39.2,-126.3,23.09688
39.2,-126.2,22.947868
39.2,-126.1,22.779982
39.2,-126,22.533405
39.2,-125.9,22.313719
39.2,-125.8,22.14966
39.2,-125.7,22.004887
39.2,-125.6,21.835756
39.2,-125.5,21.636486
39.2,-125.4,21.373381
39.2,-125.3,21.196434
39.2,-125.2,21.055485
39.2,-125.1,20.900425
39.2,-125,20.717712
39.2,-124.9,20.425964
39.2,-124.8,20.247009
39.2,-124.7,20.084862
39.2,-124.6,19.902071
39.2,-124.5,19.669296
39.2,-124.4,19.404541
39.2,-124.3,19.164438
39.2,-124.2,18.970453
39.2,-124.1,18.727776
39.2,-124,18.500744
39.2,-123.9,18.287436
39.1,-133,36.545502
39.1,-132.9,36.365993
39.1,-132.8,36.197968
39.1,-132.7,35.994164
39.1,-132.6,35.670898
39.1,-132.5,35.498707
39.1,-132.4,35.32917
39.1,-132.3,35.132458
39.1,-132.2,34.929245
39.1,-132.1,34.629574
39.1,-132,34.453888
39.1,-131.9,34.282505
39.1,-131.8,34.088966
39.1,-131.7,33.883633
39.1,-131.6,33.579777
39.1,-131.5,33.406582
39.1,-131.4,33.231293
39.1,-131.3,33.050865
39.1,-131.2,32.820293
39.1,-131.1,32.664597
39.1,-131,32.499649
39.1,-130.9,32.20187
39.1,-130.8,31.982903
39.1,-130.7,31.79236
39.1,-130.6,31.640759
39.1,-130.5,31.471289
39.1,-130.4,31.15303
39.1,-130.3,30.980076
39.1,-130.2,30.827494
39.1,-130.1,30.638855
39.1,-130,30.440454
39.1,-129.9,30.1987
39.1,-129.8,29.998648
39.1,-129.7,29.818052
39.1,-129.6,29.658886
39.1,-129.5,29.472744
39.1,-129.4,29.178419
39.1,-129.3,29.010674
39.1,-129.2,28.858852
39.1,-129.1,28.67123
39.1,-129,28.47562
39.1,-128.9,28.223785
39.1,-128.8,28.030352
39.1,-128.7,27.858856
39.1,-128.6,27.69783
39.1,-128.5,27.521633
39.1,-128.4,27.222494
39.1,-128.3,27.050943
39.1,-128.2,26.904518
39.1,-128.1,26.722696
39.1,-128,26.53413
39.1,-127.9,26.272728
39.1,-127.8,26.078346
39.1,-127.7,25.915916
39.1,-127.6,25.751867
39.1,-127.5,25.576864
39.1,-127.4,25.285643
39.1,-127.3,25.107311
39.1,-127.2,24.971716
39.1,-127.1,24.789049
39.1,-127,24.607775
39.1,-126.9,24.31675
39.1,-126.8,24.128839
39.1,-126.7,24.000002
39.1,-126.6,23.823793
39.1,-126.5,23.651564
39.1,-126.4,23.378149
39.1,-126.3,23.184109
39.1,-126.2,23.043325
39.1,-126.1,22.866127
39.1,-126,22.721926
39.1,-125.9,22.432673
39.1,-125.8,22.23267
39.1,-125.7,22.080614
39.1,-125.6,21.923943
39.1,-125.5,21.772539
39.1,-125.4,21.539021
39.1,-125.3,21.300018
39.1,-125.2,21.160639
39.1,-125.1,21.011292
39.1,-125,20.859877
39.1,-124.9,20.640905
39.1,-124.8,20.365339
39.1,-124.7,20.194878
39.1,-124.6,20.023237
39.1,-124.5,19.846437
39.1,-124.4,19.590902
39.1,-124.3,19.322126
39.1,-124.2,19.074978
39.1,-124.1,18.858271
39.1,-124,18.647879
39.1,-123.9,18.403294
39.1,-123.8,18.194963
39,-133,36.591118
39,-132.9,36.379787
39,-132.8,36.211044
39,-132.7,36.020039
39,-132.6,35.736118
39,-132.5,35.514122
39,-132.4,35.344856
39,-132.3,35.161175
39,-132.2,34.941792
39,-132.1,34.704189
39,-132,34.47459
39,-131.9,34.299469
39,-131.8,34.115025
39,-131.7,33.909637
39,-131.6,33.662949
39,-131.5,33.419502
39,-131.4,33.243465
39,-131.3,33.066898
39,-131.2,32.845257
39,-131.1,32.685081
39,-131,32.524754
39,-130.9,32.242813
39,-130.8,32.017185
39,-130.7,31.828209
39,-130.6,31.671722
39,-130.5,31.509846
39,-130.4,31.207094
39,-130.3,31.018908
39,-130.2,30.865126
39,-130.1,30.686903
39,-130,30.501097
39,-129.9,30.250837
39,-129.8,30.046356
39,-129.7,29.865591
39,-129.6,29.708485
39,-129.5,29.538792
39,-129.4,29.244568
39,-129.3,29.059851
39,-129.2,28.905107
39,-129.1,28.724245
39,-129,28.550648
39,-128.9,28.289822
39,-128.8,28.083258
39,-128.7,27.918444
39,-128.6,27.716547
39,-128.5,27.580458
39,-128.4,27.304953
39,-128.3,27.095726
39,-128.2,26.954887
39,-128.1,26.768757
39,-128,26.615725
39,-127.9,26.347437
39,-127.8,26.12693
39,-127.7,25.977289
39,-127.6,25.811377
39,-127.5,25.671022
39,-127.4,25.38447
39,-127.3,25.131838
39,-127.2,24.977917
39,-127.1,24.806171
39,-127,24.657061
39,-126.9,24.417957
39,-126.8,24.166136
39,-126.7,24.048058
39,-126.6,23.894554
39,-126.5,23.776688
39,-126.4,23.544931
39,-126.3,23.307182
39,-126.2,23.189915
39,-126.1,22.967218
39,-126,22.903826
39,-125.9,22.635529
39,-125.8,22.391758
39,-125.7,22.164886
39,-125.6,22.055395
39,-125.5,21.919447
39,-125.4,21.780102
39,-125.3,21.570379
39,-125.2,21.410154
39,-125.1,21.254593
39,-125,21.138411
39,-124.9,20.954458
39,-124.8,20.670574
39,-124.7,20.402996
39,-124.6,20.193693
39,-124.5,19.956799
39,-124.4,19.764572
39,-124.3,19.501467
39,-124.2,19.229387
39,-124.1,19.019842
39,-124,18.778896
39,-123.9,18.557087
39,-123.8,18.327127
39,-123.7,18.100437
38.9,-133,36.627605
38.9,-132.9,36.39098
38.9,-132.8,36.221233
38.9,-132.7,36.042366
38.9,-132.6,35.766243
38.9,-132.5,35.523769
38.9,-132.4,35.352974
38.9,-132.3,35.172638
38.9,-132.2,34.970619
38.9,-132.1,34.727764
38.9,-132,34.484276
38.9,-131.9,34.302532
38.9,-131.8,34.126606
38.9,-131.7,33.940228
38.9,-131.6,33.685688
38.9,-131.5,33.44091
38.9,-131.4,33.264019
38.9,-131.3,33.093117
38.9,-131.2,32.882889
38.9,-131.1,32.698086
38.9,-131,32.531334
38.9,-130.9,32.321701
38.9,-130.8,32.043098
38.9,-130.7,31.860485
38.9,-130.6,31.689045
38.9,-130.5,31.543558
38.9,-130.4,31.259995
38.9,-130.3,31.04467
38.9,-130.2,30.897095
38.9,-130.1,30.718245
38.9,-130,30.546007
38.9,-129.9,30.319296
38.9,-129.8,30.083431
38.9,-129.7,29.898426
38.9,-129.6,29.738609
38.9,-129.5,29.567553
38.9,-129.4,29.313381
38.9,-129.3,29.105053
38.9,-129.2,28.944872
38.9,-129.1,28.751762
38.9,-129,28.60726
38.9,-128.9,28.351549
38.9,-128.8,28.091087
38.9,-128.7,27.901794
38.9,-128.6,27.59873
38.9,-128.5,27.396145
38.9,-128.4,27.398291
38.9,-128.3,27.101789
38.9,-128.2,26.937508
38.9,-128.1,26.762386
38.9,-128,26.645933
38.9,-127.9,26.436529
38.9,-127.8,26.209068
38.9,-127.7,26.117744
38.9,-127.6,25.945698
38.9,-127.5,25.887636
38.9,-127.4,25.621248
38.9,-127.3,25.243052
38.9,-127.2,24.961666
38.9,-127.1,24.9508
38.9,-127,24.693754
38.9,-126.9,24.686935
38.9,-126.8,24.455441
38.9,-126.7,24.339777
38.9,-126.6,24.259489
38.9,-126.5,24.187984
38.9,-126.4,24.117929
38.9,-126.3,23.98414
38.9,-126.2,23.938728
38.9,-126.1,23.840754
38.9,-126,23.774553
38.9,-125.9,23.617235
38.9,-125.8,23.511833
38.9,-125.7,23.403383
38.9,-125.6,23.350988
38.9,-125.5,23.191196
38.9,-125.4,22.964602
38.9,-125.3,22.715118
38.9,-125.2,22.544247
38.9,-125.1,22.214556
38.9,-125,21.8946
38.9,-124.9,21.602951
38.9,-124.8,21.352545
38.9,-124.7,20.939699
38.9,-124.6,20.509317
38.9,-124.5,20.150513
38.9,-124.4,19.916067
38.9,-124.3,19.676105
38.9,-124.2,19.41164
38.9,-124.1,19.152945
38.9,-124,18.935112
38.9,-123.9,18.701607
38.9,-123.8,18.44323
38.9,-123.7,18.242743
38.9,-123.6,18.00329
38.8,-133,36.707428
38.8,-132.9,36.461079
38.8,-132.8,36.193459
38.8,-132.7,36.05978
38.8,-132.6,35.811123
38.8,-132.5,35.531818
38.8,-132.4,35.289619
38.8,-132.3,35.123768
38.8,-132.2,34.979137
38.8,-132.1,34.791252
38.8,-132,34.564316
38.8,-131.9,34.378185
38.8,-131.8,34.199715
38.8,-131.7,34.032715
38.8,-131.6,33.845001
38.8,-131.5,33.555309
38.8,-131.4,33.3176
38.8,-131.3,33.150387
38.8,-131.2,32.924171
38.8,-131.1,32.695618
38.8,-131,32.577053
38.8,-130.9,32.358433
38.8,-130.8,32.04557
38.8,-130.7,31.891821
38.8,-130.6,31.690594
38.8,-130.5,31.608158
38.8,-130.4,31.337011
38.8,-130.3,31.091337
38.8,-130.2,31.013735
38.8,-130.1,30.691977
38.8,-130,30.344149
38.8,-129.9,30.324146
38.8,-129.8,30.063618
38.8,-129.7,29.806625
38.8,-129.6,29.752474
38.8,-129.5,29.574038
38.8,-129.4,29.458748
38.8,-129.3,29.218559
38.8,-129.2,29.075918
38.8,-129.1,28.838226
38.8,-129,28.817066
38.8,-128.9,28.524593
38.8,-128.8,28.06144
38.8,-128.7,27.680737
38.8,-128.6,27.669472
38.8,-128.5,27.337458
38.8,-128.4,27.470341
38.8,-128.3,27.320484
38.8,-128.2,27.156172
38.8,-128.1,27.073271
38.8,-128,27.028893
38.8,-127.9,27.023777
38.8,-127.8,26.982258
38.8,-127.7,27.042858
38.8,-127.6,27.0373
38.8,-127.5,27.036232
38.8,-127.4,26.950897
38.8,-127.3,26.996246
38.8,-127.2,27.078371
38.8,-127.1,27.195572
38.8,-127,27.084187
38.8,-126.9,27.09325
38.8,-126.8,27.295355
38.8,-126.7,27.07682
38.8,-126.6,26.960705
38.8,-126.5,26.809738
38.8,-126.4,26.737391
38.8,-126.3,26.568913
38.8,-126.2,26.348736
38.8,-126.1,26.097528
38.8,-126,25.941269
38.8,-125.9,25.587278
38.8,-125.8,25.275583
38.8,-125.7,25.021456
38.8,-125.6,24.703907
38.8,-125.5,24.194241
38.8,-125.4,23.754065
38.8,-125.3,23.430676
38.8,-125.2,23.144672
38.8,-125.1,22.738951
38.8,-125,22.26313
38.8,-124.9,21.934423
38.8,-124.8,21.624502
38.8,-124.7,21.274403
38.8,-124.6,20.841145
38.8,-124.5,20.41684
38.8,-124.4,20.054398
38.8,-124.3,19.862614
38.8,-124.2,19.601254
38.8,-124.1,19.326242
38.8,-124,19.086279
38.8,-123.9,18.832317
38.8,-123.8,18.620192
38.8,-123.7,18.363575
38.8,-123.6,18.135908
38.7,-133,37.452511
38.7,-132.9,37.318386
38.7,-132.8,37.210026
38.7,-132.7,37.099728
38.7,-132.6,36.956528
38.7,-132.5,36.825291
38.7,-132.4,36.660816
38.7,-132.3,36.497234
38.7,-132.2,36.311543
38.7,-132.1,36.095737
38.7,-132,35.857365
38.7,-131.9,35.659122
38.7,-131.8,35.310448
38.7,-131.7,34.918953
38.7,-131.6,34.655605
38.7,-131.5,34.198299
38.7,-131.4,33.735237
38.7,-131.3,33.406559
38.7,-131.2,33.160225
38.7,-131.1,32.812412
38.7,-131,32.907318
38.7,-130.9,32.533665
38.7,-130.8,32.040585
38.7,-130.7,32.212105
38.7,-130.6,31.849876
38.7,-130.5,32.106873
38.7,-130.4,31.587955
38.7,-130.3,31.530869
38.7,-130.2,31.748419
38.7,-130.1,31.173491
38.7,-130,30.276592
38.7,-129.9,30.253975
38.7,-129.8,29.907555
38.7,-129.7,29.923288
38.7,-129.6,29.949244
38.7,-129.5,30.018785
38.7,-129.4,30.060631
38.7,-129.3,30.080021
38.7,-129.2,30.1819
38.7,-129.1,30.328894
38.7,-129,30.290819
38.7,-128.9,30.33972
38.7,-128.8,30.605177
38.7,-128.7,30.860552
38.7,-128.6,31.157949
38.7,-128.5,31.121075
38.7,-128.4,31.227354
38.7,-128.3,31.35667
38.7,-128.2,31.232681
38.7,-128.1,31.315496
38.7,-128,31.241554
38.7,-127.9,31.271835
38.7,-127.8,31.293549
38.7,-127.7,31.264984
38.7,-127.6,31.217548
38.7,-127.5,31.153723
38.7,-127.4,30.9088
38.7,-127.3,30.875444
38.7,-127.2,30.851021
38.7,-127.1,30.563171
38.7,-127,30.278095
38.7,-126.9,30.031429
38.7,-126.8,29.38014
38.7,-126.7,28.943653
38.7,-126.6,28.572441
38.7,-126.5,28.24284
38.7,-126.4,27.973482
38.7,-126.3,27.590921
38.7,-126.2,27.053461
38.7,-126.1,26.745047
38.7,-126,26.407661
38.7,-125.9,26.025093
38.7,-125.8,25.599174
38.7,-125.7,25.198923
38.7,-125.6,24.870522
38.7,-125.5,24.508951
38.7,-125.4,24.061079
38.7,-125.3,23.638523
38.7,-125.2,23.327908
38.7,-125.1,23.017874
38.7,-125,22.609747
38.7,-124.9,22.15753
38.7,-124.8,21.818001
38.7,-124.7,21.496361
38.7,-124.6,21.115797
38.7,-124.5,20.717117
38.7,-124.4,20.312229
38.7,-124.3,19.977264
38.7,-124.2,19.776201
38.7,-124.1,19.509218
38.7,-124,19.241924
38.7,-123.9,19.006704
38.7,-123.8,18.751585
38.7,-123.7,18.514492
38.7,-123.6,18.289101
38.7,-123.5,18.027369
38.6,-133,40.194435
38.6,-132.9,40.184719
38.6,-132.8,40.137226
38.6,-132.7,40.082989
38.6,-132.6,40.085003
38.6,-132.5,39.919567
38.6,-132.4,39.919628
38.6,-132.3,39.859829
38.6,-132.2,39.697422
38.6,-132.1,39.6506
38.6,-132,39.479626
38.6,-131.9,39.25
38.6,-131.8,39.218719
38.6,-131.7,38.787815
38.6,-131.6,38.026627
38.6,-131.5,36.914192
38.6,-131.4,35.960964
38.6,-131.3,35.064507
38.6,-131.2,34.718708
38.6,-131.1,35.079884
38.6,-131,34.941055
38.6,-130.9,34.830219
38.6,-130.8,34.988262
38.6,-130.7,34.717834
38.6,-130.6,35.077984
38.6,-130.5,34.892063
38.6,-130.4,34.723728
38.6,-130.3,34.848812
38.6,-130.2,34.635635
38.6,-130.1,34.815418
38.6,-130,34.802025
38.6,-129.9,34.796654
38.6,-129.8,34.934048
38.6,-129.7,34.895969
38.6,-129.6,34.953011
38.6,-129.5,35.038452
38.6,-129.4,35.03347
38.6,-129.3,35.105637
38.6,-129.2,35.043289
38.6,-129.1,35.143288
38.6,-129,35.133278
38.6,-128.9,35.038918
38.6,-128.8,35.045975
38.6,-128.7,34.948689
38.6,-128.6,34.955894
38.6,-128.5,34.618259
38.6,-128.4,34.062172
38.6,-128.3,33.822895
38.6,-128.2,33.740353
38.6,-128.1,33.613049
38.6,-128,33.457394
38.6,-127.9,33.405857
38.6,-127.8,33.229568
38.6,-127.7,33.065868
38.6,-127.6,32.886093
38.6,-127.5,32.307262
38.6,-127.4,31.862495
38.6,-127.3,31.536203
38.6,-127.2,31.244743
38.6,-127.1,30.806335
38.6,-127,30.358578
38.6,-126.9,30.041496
38.6,-126.8,29.685894
38.6,-126.7,29.339514
38.6,-126.6,28.802135
38.6,-126.5,28.433643
38.6,-126.4,28.123541
38.6,-126.3,27.772631
38.6,-126.2,27.350548
38.6,-126.1,26.891584
38.6,-126,26.520607
38.6,-125.9,26.179354
38.6,-125.8,25.710295
38.6,-125.7,25.310862
38.6,-125.6,25.000746
38.6,-125.5,24.676426
38.6,-125.4,24.262335
38.6,-125.3,23.828745
38.6,-125.2,23.486002
38.6,-125.1,23.184284
38.6,-125,22.856997
38.6,-124.9,22.383238
38.6,-124.8,22.015287
38.6,-124.7,21.702194
38.6,-124.6,21.38872
38.6,-124.5,21.008308
38.6,-124.4,20.547749
38.6,-124.3,20.206585
38.6,-124.2,19.930338
38.6,-124.1,19.695053
38.6,-124,19.420071
38.6,-123.9,19.143064
38.6,-123.8,18.918325
38.6,-123.7,18.677485
38.6,-123.6,18.403059
38.6,-123.5,18.194166
38.6,-123.4,17.939177
38.5,-133,41.970894
38.5,-132.9,41.913471
38.5,-132.8,41.860672
38.5,-132.7,41.793884
38.5,-132.6,41.67662
38.5,-132.5,41.464088
38.5,-132.4,41.285477
38.5,-132.3,41.003811
38.5,-132.2,40.807388
38.5,-132.1,40.838543
38.5,-132,40.719452
38.5,-131.9,40.568703
38.5,-131.8,40.242985
38.5,-131.7,40.143799
38.5,-131.6,39.93
38.5,-131.5,39.721478
38.5,-131.4,39.626587
38.5,-131.3,39.634083
38.5,-131.2,39.6455
38.5,-131.1,39.600136
38.5,-131,39.433407
38.5,-130.9,38.850723
38.5,-130.8,38.477463
38.5,-130.7,37.933929
38.5,-130.6,37.743958
38.5,-130.5,37.626522
38.5,-130.4,37.595768
38.5,-130.3,37.448009
38.5,-130.2,37.420479
38.5,-130.1,37.24894
38.5,-130,37.180428
38.5,-129.9,37.011723
38.5,-129.8,36.912586
38.5,-129.7,36.737514
38.5,-129.6,36.578167
38.5,-129.5,36.443813
38.5,-129.4,36.24815
38.5,-129.3,35.878784
38.5,-129.2,35.716644
38.5,-129.1,35.560757
38.5,-129,35.39257
38.5,-128.9,35.222759
38.5,-128.8,35.043503
38.5,-128.7,34.893875
38.5,-128.6,34.712845
38.5,-128.5,34.510246
38.5,-128.4,34.321033
38.5,-128.3,34.141102
38.5,-128.2,33.9771
38.5,-128.1,33.803928
38.5,-128,33.624077
38.5,-127.9,33.465652
38.5,-127.8,33.280869
38.5,-127.7,33.106632
38.5,-127.6,32.832321
38.5,-127.5,32.39978
38.5,-127.4,31.949739
38.5,-127.3,31.596895
38.5,-127.2,31.281378
38.5,-127.1,30.950256
38.5,-127,30.408772
38.5,-126.9,30.069262
38.5,-126.8,29.741478
38.5,-126.7,29.393053
38.5,-126.6,28.960629
38.5,-126.5,28.539879
38.5,-126.4,28.216269
38.5,-126.3,27.896215
38.5,-126.2,27.455408
38.5,-126.1,27.054804
38.5,-126,26.641563
38.5,-125.9,26.315567
38.5,-125.8,25.929739
38.5,-125.7,25.475605
38.5,-125.6,25.129681
38.5,-125.5,24.816538
38.5,-125.4,24.493803
38.5,-125.3,24.037676
38.5,-125.2,23.662367
38.5,-125.1,23.351213
38.5,-125,23.042446
38.5,-124.9,22.639236
38.5,-124.8,22.215696
38.5,-124.7,21.900131
38.5,-124.6,21.58955
38.5,-124.5,21.253195
38.5,-124.4,20.834276
38.5,-124.3,20.470812
38.5,-124.2,20.121412
38.5,-124.1,19.890482
38.5,-124,19.607506
38.5,-123.9,19.331308
38.5,-123.8,19.080158
38.5,-123.7,18.804632
38.5,-123.6,18.579016
38.5,-123.5,18.313768
38.5,-123.4,18.051723
38.5,-123.3,17.834578
38.4,-133,42.288921
38.4,-132.9,42.17482
38.4,-132.8,42.059288
38.4,-132.7,41.861317
38.4,-132.6,41.664158
38.4,-132.5,41.46764
38.4,-132.4,41.340679
38.4,-132.3,41.162079
38.4,-132.2,40.998589
38.4,-132.1,40.884083
38.4,-132,40.693264
38.4,-131.9,40.491806
38.4,-131.8,40.310356
38.4,-131.7,40.202068
38.4,-131.6,40.016605
38.4,-131.5,39.85405
38.4,-131.4,39.70776
38.4,-131.3,39.559219
38.4,-131.2,39.327335
38.4,-131.1,39.139999
38.4,-131,38.973309
38.4,-130.9,38.730999
38.4,-130.8,38.549335
38.4,-130.7,38.324257
38.4,-130.6,38.155079
38.4,-130.5,37.990738
38.4,-130.4,37.836338
38.4,-130.3,37.653492
38.4,-130.2,37.499302
38.4,-130.1,37.308571
38.4,-130,37.143799
38.4,-129.9,36.964458
38.4,-129.8,36.788258
38.4,-129.7,36.610012
38.4,-129.6,36.427677
38.4,-129.5,36.250153
38.4,-129.4,36.080002
38.4,-129.3,35.909687
38.4,-129.2,35.72887
38.4,-129.1,35.547565
38.4,-129,35.377441
38.4,-128.9,35.199463
38.4,-128.8,35.019176
38.4,-128.7,34.849735
38.4,-128.6,34.68
38.4,-128.5,34.5
38.4,-128.4,34.334217
38.4,-128.3,34.155834
38.4,-128.2,33.98542
38.4,-128.1,33.810154
38.4,-128,33.631363
38.4,-127.9,33.464317
38.4,-127.8,33.285801
38.4,-127.7,33.107815
38.4,-127.6,32.847527
38.4,-127.5,32.531933
38.4,-127.4,31.975479
38.4,-127.3,31.655411
38.4,-127.2,31.342066
38.4,-127.1,30.998583
38.4,-127,30.554678
38.4,-126.9,30.146467
38.4,-126.8,29.818737
38.4,-126.7,29.488741
38.4,-126.6,29.087893
38.4,-126.5,28.661734
38.4,-126.4,28.326307
38.4,-126.3,28.011539
38.4,-126.2,27.678125
38.4,-126.1,27.247425
38.4,-126,26.842258
38.4,-125.9,26.423016
38.4,-125.8,26.048979
38.4,-125.7,25.642014
38.4,-125.6,25.273998
38.4,-125.5,24.96817
38.4,-125.4,24.640671
38.4,-125.3,24.246687
38.4,-125.2,23.84556
38.4,-125.1,23.508753
38.4,-125,23.204334
38.4,-124.9,22.885458
38.4,-124.8,22.478165
38.4,-124.7,22.101997
38.4,-124.6,21.785414
38.4,-124.5,21.468819
38.4,-124.4,21.159735
38.4,-124.3,20.748848
38.4,-124.2,20.374506
38.4,-124.1,20.020817
38.4,-124,19.790752
38.4,-123.9,19.516302
38.4,-123.8,19.237106
38.4,-123.7,18.9886
38.4,-123.6,18.730305
38.4,-123.5,18.44014
38.4,-123.4,18.246819
38.4,-123.3,17.965681
38.4,-123.2,17.725136
38.3,-133,42.340126
38.3,-132.9,42.190971
38.3,-132.8,42.050056
38.3,-132.7,41.859577
38.3,-132.6,41.659954
38.3,-132.5,41.461918
38.3,-132.4,41.346725
38.3,-132.3,41.216461
38.3,-132.2,41.027206
38.3,-132.1,40.879894
38.3,-132,40.689129
38.3,-131.9,40.489632
38.3,-131.8,40.301334
38.3,-131.7,40.199253
38.3,-131.6,40.073509
38.3,-131.5,39.899288
38.3,-131.4,39.722569
38.3,-131.3,39.552574
38.3,-131.2,39.381321
38.3,-131.1,39.202183
38.3,-131,38.961361
38.3,-130.9,38.702068
38.3,-130.8,38.519512
38.3,-130.7,38.349998
38.3,-130.6,38.18
38.3,-130.5,38.006485
38.3,-130.4,37.840763
38.3,-130.3,37.660812
38.3,-130.2,37.494358
38.3,-130.1,37.316002
38.3,-130,37.148838
38.3,-129.9,36.978489
38.3,-129.8,36.808716
38.3,-129.7,36.631111
38.3,-129.6,36.451046
38.3,-129.5,36.282581
38.3,-129.4,36.114319
38.3,-129.3,35.946575
38.3,-129.2,35.775269
38.3,-129.1,35.601986
38.3,-129,35.432278
38.3,-128.9,35.259434
38.3,-128.8,35.081043
38.3,-128.7,34.90818
38.3,-128.6,34.742603
38.3,-128.5,34.56805
38.3,-128.4,34.40036
38.3,-128.3,34.225388
38.3,-128.2,34.052631
38.3,-128.1,33.880901
38.3,-128,33.706383
38.3,-127.9,33.535
38.3,-127.8,33.363861
38.3,-127.7,33.187187
38.3,-127.6,32.906712
38.3,-127.5,32.576298
38.3,-127.4,32.020844
38.3,-127.3,31.707483
38.3,-127.2,31.392998
38.3,-127.1,31.053608
38.3,-127,30.640688
38.3,-126.9,30.239113
38.3,-126.8,29.903822
38.3,-126.7,29.579538
38.3,-126.6,29.259712
38.3,-126.5,28.768295
38.3,-126.4,28.44453
38.3,-126.3,28.128971
38.3,-126.2,27.791191
38.3,-126.1,27.378014
38.3,-126,27.003759
38.3,-125.9,26.549452
38.3,-125.8,26.211052
38.3,-125.7,25.844833
38.3,-125.6,25.42374
38.3,-125.5,25.099865
38.3,-125.4,24.785526
38.3,-125.3,24.461306
38.3,-125.2,24.045723
38.3,-125.1,23.689737
38.3,-125,23.376753
38.3,-124.9,23.071547
38.3,-124.8,22.73448
38.3,-124.7,22.302771
38.3,-124.6,21.984989
38.3,-124.5,21.674414
38.3,-124.4,21.36071
38.3,-124.3,20.986265
38.3,-124.2,20.604759
38.3,-124.1,20.282505
38.3,-124,19.94416
38.3,-123.9,19.719517
38.3,-123.8,19.417822
38.3,-123.7,19.14835
38.3,-123.6,18.899323
38.3,-123.5,18.648268
38.3,-123.4,18.364746
38.3,-123.3,18.121981
38.3,-123.2,17.879168
38.3,-123.1,17.580811
38.2,-133,42.398975
38.2,-132.9,42.215061
38.2,-132.8,42.048664
38.2,-132.7,41.860764
38.2,-132.6,41.662453
38.2,-132.5,41.460278
38.2,-132.4,41.358971
38.2,-132.3,41.253681
38.2,-132.2,41.065838
38.2,-132.1,40.876732
38.2,-132,40.694302
38.2,-131.9,40.500309
38.2,-131.8,40.322227
38.2,-131.7,40.212849
38.2,-131.6,40.099464
38.2,-131.5,39.924587
38.2,-131.4,39.744598
38.2,-131.3,39.57439
38.2,-131.2,39.398273
38.2,-131.1,39.223877
38.2,-131,39.000134
38.2,-130.9,38.770733
38.2,-130.8,38.581764
38.2,-130.7,38.413628
38.2,-130.6,38.246525
38.2,-130.5,38.074619
38.2,-130.4,37.907589
38.2,-130.3,37.736427
38.2,-130.2,37.564999
38.2,-130.1,37.393509
38.2,-130,37.219547
38.2,-129.9,37.047741
38.2,-129.8,36.87973
38.2,-129.7,36.711071
38.2,-129.6,36.531544
38.2,-129.5,36.356133
38.2,-129.4,36.191093
38.2,-129.3,36.021008
38.2,-129.2,35.848156
38.2,-129.1,35.67794
38.2,-129,35.504559
38.2,-128.9,35.334339
38.2,-128.8,35.160564
38.2,-128.7,34.983158
38.2,-128.6,34.815666
38.2,-128.5,34.648487
38.2,-128.4,34.47184
38.2,-128.3,34.300781
38.2,-128.2,34.121887
38.2,-128.1,33.951771
38.2,-128,33.782722
38.2,-127.9,33.605755
38.2,-127.8,33.439392
38.2,-127.7,33.256168
38.2,-127.6,32.984386
38.2,-127.5,32.618641
38.2,-127.4,32.081284
38.2,-127.3,31.76321
38.2,-127.2,31.447748
38.2,-127.1,31.116409
38.2,-127,30.724829
38.2,-126.9,30.326368
38.2,-126.8,29.988579
38.2,-126.7,29.669331
38.2,-126.6,29.34013
38.2,-126.5,28.930737
38.2,-126.4,28.557114
38.2,-126.3,28.235893
38.2,-126.2,27.918686
38.2,-126.1,27.594759
38.2,-126,27.12417
38.2,-125.9,26.709011
38.2,-125.8,26.341799
38.2,-125.7,26.00831
38.2,-125.6,25.553356
38.2,-125.5,25.24065
38.2,-125.4,24.936695
38.2,-125.3,24.614037
38.2,-125.2,24.284536
38.2,-125.1,23.863049
38.2,-125,23.551163
38.2,-124.9,23.240627
38.2,-124.8,22.924461
38.2,-124.7,22.556862
38.2,-124.6,22.185869
38.2,-124.5,21.86948
38.2,-124.4,21.561121
38.2,-124.3,21.247185
38.2,-124.2,20.863436
38.2,-124.1,20.522242
38.2,-124,20.177429
38.2,-123.9,19.928411
38.2,-123.8,19.616308
38.2,-123.7,19.335711
38.2,-123.6,19.070797
38.2,-123.5,18.775654
38.2,-123.4,18.537695
38.2,-123.3,18.291487
38.2,-123.2,17.997423
38.2,-123.1,17.748613
38.2,-123,17.50819
38.1,-133,42.440002
38.1,-132.9,42.253376
38.1,-132.8,42.056915
38.1,-132.7,41.876396
38.1,-132.6,41.695
38.1,-132.5,41.503632
38.1,-132.4,41.382328
38.1,-132.3,41.264633
38.1,-132.2,41.069988
38.1,-132.1,40.927387
38.1,-132,40.765156
38.1,-131.9,40.577946
38.1,-131.8,40.395004
38.1,-131.7,40.237869
38.1,-131.6,40.093266
38.1,-131.5,39.927731
38.1,-131.4,39.749512
38.1,-131.3,39.579182
38.1,-131.2,39.400394
38.1,-131.1,39.230858
38.1,-131,39.050804
38.1,-130.9,38.834984
38.1,-130.8,38.65934
38.1,-130.7,38.485382
38.1,-130.6,38.317097
38.1,-130.5,38.150024
38.1,-130.4,37.973194
38.1,-130.3,37.812794
38.1,-130.2,37.635834
38.1,-130.1,37.46912
38.1,-130,37.290657
38.1,-129.9,37.115475
38.1,-129.8,36.945839
38.1,-129.7,36.779999
38.1,-129.6,36.599995
38.1,-129.5,36.419998
38.1,-129.4,36.252602
38.1,-129.3,36.08231
38.1,-129.2,35.906414
38.1,-129.1,35.733673
38.1,-129,35.548607
38.1,-128.9,35.378139
38.1,-128.8,35.200542
38.1,-128.7,35.020744
38.1,-128.6,34.858883
38.1,-128.5,34.68285
38.1,-128.4,34.502773
38.1,-128.3,34.327343
38.1,-128.2,34.147945
38.1,-128.1,33.973274
38.1,-128,33.799683
38.1,-127.9,33.619923
38.1,-127.8,33.450775
38.1,-127.7,33.271355
38.1,-127.6,33.019367
38.1,-127.5,32.622959
38.1,-127.4,32.195175
38.1,-127.3,31.821791
38.1,-127.2,31.50189
38.1,-127.1,31.180038
38.1,-127,30.846556
38.1,-126.9,30.398165
38.1,-126.8,30.079226
38.1,-126.7,29.757128
38.1,-126.6,29.421984
38.1,-126.5,29.053167
38.1,-126.4,28.668373
38.1,-126.3,28.349503
38.1,-126.2,28.031591
38.1,-126.1,27.709482
38.1,-126,27.304951
38.1,-125.9,26.88698
38.1,-125.8,26.487934
38.1,-125.7,26.120657
38.1,-125.6,25.755203
38.1,-125.5,25.383972
38.1,-125.4,25.070271
38.1,-125.3,24.754263
38.1,-125.2,24.433359
38.1,-125.1,24.050955
38.1,-125,23.714544
38.1,-124.9,23.39872
38.1,-124.8,23.096298
38.1,-124.7,22.766335
38.1,-124.6,22.382154
38.1,-124.5,22.063995
38.1,-124.4,21.757469
38.1,-124.3,21.446545
38.1,-124.2,21.120659
38.1,-124.1,20.748878
38.1,-124,20.434376
38.1,-123.9,20.066738
38.1,-123.8,19.810328
38.1,-123.7,19.522995
38.1,-123.6,19.23291
38.1,-123.5,18.973642
38.1,-123.4,18.710123
38.1,-123.3,18.399139
38.1,-123.2,18.172289
38.1,-123.1,17.912245
38.1,-123,17.62005
38.1,-122.9,17.370102
38,-133,42.438911
38,-132.9,42.258179
38,-132.8,42.112057
38,-132.7,41.955006
38,-132.6,41.773983
38,-132.5,41.587585
38,-132.4,41.413448
38,-132.3,41.269981
38,-132.2,41.075275
38,-132.1,40.958492
38,-132,40.843624
38,-131.9,40.660316
38,-131.8,40.473991
38,-131.7,40.292789
38,-131.6,40.097069
38,-131.5,39.929996
38,-131.4,39.754292
38,-131.3,39.584038
38,-131.2,39.408798
38,-131.1,39.243984
38,-131,39.048874
38,-130.9,38.880486
38,-130.8,38.700912
38,-130.7,38.530197
38,-130.6,38.34557
38,-130.5,38.17709
38,-130.4,37.998409
38,-130.3,37.829617
38,-130.2,37.649918
38,-130.1,37.48037
38,-130,37.300606
38,-129.9,37.122124
38,-129.8,36.951103
38,-129.7,36.779812
38,-129.6,36.599873
38,-129.5,36.420376
38,-129.4,36.250034
38,-129.3,36.080238
38,-129.2,35.90094
38,-129.1,35.731319
38,-129,35.54961
38,-128.9,35.37875
38,-128.8,35.199921
38,-128.7,35.020203
38,-128.6,34.849998
38,-128.5,34.679836
38,-128.4,34.500256
38,-128.3,34.330444
38,-128.2,34.151279
38,-128.1,33.977261
38,-128,33.799549
38,-127.9,33.62006
38,-127.8,33.449951
38,-127.7,33.269993
38,-127.6,33.09845
38,-127.5,32.632931
38,-127.4,32.253128
38,-127.3,31.87948
38,-127.2,31.55493
38,-127.1,31.233126
38,-127,30.913473
38,-126.9,30.482708
38,-126.8,30.162394
38,-126.7,29.838638
38,-126.6,29.512014
38,-126.5,29.195581
38,-126.4,28.786346
38,-126.3,28.464584
38,-126.2,28.145988
38,-126.1,27.824816
38,-126,27.497841
38,-125.9,27.06678
38,-125.8,26.62105
38,-125.7,26.244459
38,-125.6,25.916023
38,-125.5,25.519678
38,-125.4,25.21273
38,-125.3,24.906141
38,-125.2,24.583218
38,-125.1,24.25263
38,-125,23.884073
38,-124.9,23.57716
38,-124.8,23.263506
38,-124.7,22.951538
38,-124.6,22.604879
38,-124.5,22.261345
38,-124.4,21.950029
38,-124.3,21.648079
38,-124.2,21.335228
38,-124.1,21.009176
38,-124,20.661295
38,-123.9,20.347389
38,-123.8,19.984549
38,-123.7,19.721916
38,-123.6,19.421597
38,-123.5,19.139465
38,-123.4,18.866486
38,-123.3,18.60626
38,-123.2,18.339062
38,-123.1,18.022207
38,-123,17.787525
38,-122.9,17.530806
38,-122.8,17.217102
37.9,-133,42.437614
37.9,-132.9,42.250687
37.9,-132.8,42.139397
37.9,-132.7,42.026894
37.9,-132.6,41.850624
37.9,-132.5,41.660004
37.9,-132.4,41.463924
37.9,-132.3,41.274475
37.9,-132.2,41.09029
37.9,-132.1,40.977783
37.9,-132,40.868576
37.9,-131.9,40.687397
37.9,-131.8,40.489758
37.9,-131.7,40.301922
37.9,-131.6,40.14452
37.9,-131.5,39.987526
37.9,-131.4,39.816353
37.9,-131.3,39.644478
37.9,-131.2,39.472443
37.9,-131.1,39.29277
37.9,-131,39.084476
37.9,-130.9,38.887863
37.9,-130.8,38.7001
37.9,-130.7,38.52
37.9,-130.6,38.349846
37.9,-130.5,38.180519
37.9,-130.4,38.000896
37.9,-130.3,37.829258
37.9,-130.2,37.650055
37.9,-130.1,37.479946
37.9,-130,37.299992
37.9,-129.9,37.120232
37.9,-129.8,36.949883
37.9,-129.7,36.778336
37.9,-129.6,36.59808
37.9,-129.5,36.421242
37.9,-129.4,36.249401
37.9,-129.3,36.081703
37.9,-129.2,35.900505
37.9,-129.1,35.734554
37.9,-129,35.554237
37.9,-128.9,35.383671
37.9,-128.8,35.196259
37.9,-128.7,35.016518
37.9,-128.6,34.845818
37.9,-128.5,34.679424
37.9,-128.4,34.50016
37.9,-128.3,34.329834
37.9,-128.2,34.15028
37.9,-128.1,33.978245
37.9,-128,33.798775
37.9,-127.9,33.619377
37.9,-127.8,33.449482
37.9,-127.7,33.271027
37.9,-127.6,33.092228
37.9,-127.5,32.660244
37.9,-127.4,32.302505
37.9,-127.3,31.93474
37.9,-127.2,31.604439
37.9,-127.1,31.286037
37.9,-127,30.967968
37.9,-126.9,30.584803
37.9,-126.8,30.245071
37.9,-126.7,29.919743
37.9,-126.6,29.593937
37.9,-126.5,29.280796
37.9,-126.4,28.896021
37.9,-126.3,28.573227
37.9,-126.2,28.253807
37.9,-126.1,27.936319
37.9,-126,27.626595
37.9,-125.9,27.239668
37.9,-125.8,26.842329
37.9,-125.7,26.38361
37.9,-125.6,26.037951
37.9,-125.5,25.65988
37.9,-125.4,25.345501
37.9,-125.3,25.036026
37.9,-125.2,24.721109
37.9,-125.1,24.403709
37.9,-125,24.049099
37.9,-124.9,23.736641
37.9,-124.8,23.422314
37.9,-124.7,23.117521
37.9,-124.6,22.79388
37.9,-124.5,22.456846
37.9,-124.4,22.142059
37.9,-124.3,21.840075
37.9,-124.2,21.53303
37.9,-124.1,21.217642
37.9,-124,20.887154
37.9,-123.9,20.566479
37.9,-123.8,20.19767
37.9,-123.7,19.973572
37.9,-123.6,19.636061
37.9,-123.5,19.325575
37.9,-123.4,19.035498
37.9,-123.3,18.768871
37.9,-123.2,18.487062
37.9,-123.1,18.229618
37.9,-123,17.951689
37.9,-122.9,17.640682
37.9,-122.8,17.410437
37.9,-122.7,17.088528
37.8,-133,42.471058
37.8,-132.9,42.285583
37.8,-132.8,42.164337
37.8,-132.7,42.040714
37.8,-132.6,41.858692
37.8,-132.5,41.659832
37.8,-132.4,41.46032
37.8,-132.3,41.320847
37.8,-132.2,41.1693
37.8,-132.1,41.007027
37.8,-132,40.879627
37.8,-131.9,40.690784
37.8,-131.8,40.489326
37.8,-131.7,40.300072
37.8,-131.6,40.174591
37.8,-131.5,40.047474
37.8,-131.4,39.877888
37.8,-131.3,39.704498
37.8,-131.2,39.533295
37.8,-131.1,39.351639
37.8,-131,39.117859
37.8,-130.9,38.879772
37.8,-130.8,38.694553
37.8,-130.7,38.50642
37.8,-130.6,38.349022
37.8,-130.5,38.182537
37.8,-130.4,38.003101
37.8,-130.3,37.820992
37.8,-130.2,37.642921
37.8,-130.1,37.475819
37.8,-130,37.296394
37.8,-129.9,37.119999
37.8,-129.8,36.950005
37.8,-129.7,36.785984
37.8,-129.6,36.607204
37.8,-129.5,36.433472
37.8,-129.4,36.263874
37.8,-129.3,36.099518
37.8,-129.2,35.923
37.8,-129.1,35.762157
37.8,-129,35.598137
37.8,-128.9,35.42664
37.8,-128.8,35.262299
37.8,-128.7,35.080917
37.8,-128.6,34.872902
37.8,-128.5,34.674381
37.8,-128.4,34.497368
37.8,-128.3,34.328518
37.8,-128.2,34.149261
37.8,-128.1,33.979156
37.8,-128,33.799843
37.8,-127.9,33.620068
37.8,-127.8,33.449921
37.8,-127.7,33.270733
37.8,-127.6,33.097694
37.8,-127.5,32.699383
37.8,-127.4,32.371433
37.8,-127.3,31.994537
37.8,-127.2,31.67625
37.8,-127.1,31.356283
37.8,-127,31.028881
37.8,-126.9,30.675413
37.8,-126.8,30.326536
37.8,-126.7,30.000957
37.8,-126.6,29.682987
37.8,-126.5,29.363096
37.8,-126.4,29.014679
37.8,-126.3,28.688643
37.8,-126.2,28.366484
37.8,-126.1,28.039192
37.8,-126,27.730623
37.8,-125.9,27.402784
37.8,-125.8,27.06311
37.8,-125.7,26.470968
37.8,-125.6,26.141979
37.8,-125.5,25.820486
37.8,-125.4,25.484982
37.8,-125.3,25.180637
37.8,-125.2,24.871918
37.8,-125.1,24.554466
37.8,-125,24.228989
37.8,-124.9,23.906958
37.8,-124.8,23.59758
37.8,-124.7,23.286127
37.8,-124.6,22.978533
37.8,-124.5,22.650753
37.8,-124.4,22.340872
37.8,-124.3,22.031677
37.8,-124.2,21.730003
37.8,-124.1,21.41865
37.8,-124,21.099091
37.8,-123.9,20.780537
37.8,-123.8,20.467352
37.8,-123.7,20.10877
37.8,-123.6,19.827688
37.8,-123.5,19.531065
37.8,-123.4,19.235128
37.8,-123.3,18.954716
37.8,-123.2,18.660658
37.8,-123.1,18.383709
37.8,-123,18.100914
37.8,-122.9,17.832209
37.8,-122.8,17.52919
37.8,-122.7,17.237267
37.8,-122.6,16.951086
37.7,-133,42.532841
37.7,-132.9,42.351273
37.7,-132.8,42.19762
37.7,-132.7,42.045086
37.7,-132.6,41.859196
37.7,-132.5,41.658043
37.7,-132.4,41.460335
37.7,-132.3,41.346409
37.7,-132.2,41.232449
37.7,-132.1,41.043655
37.7,-132,40.878658
37.7,-131.9,40.69281
37.7,-131.8,40.480316
37.7,-131.7,40.297405
37.7,-131.6,40.212055
37.7,-131.5,40.106346
37.7,-131.4,39.939449
37.7,-131.3,39.768894
37.7,-131.2,39.598721
37.7,-131.1,39.422016
37.7,-131,39.18829
37.7,-130.9,38.963287
37.7,-130.8,38.766087
37.7,-130.7,38.585392
37.7,-130.6,38.413372
37.7,-130.5,38.2477
37.7,-130.4,38.07666
37.7,-130.3,37.906002
37.7,-130.2,37.741257
37.7,-130.1,37.564995
37.7,-130,37.392181
37.7,-129.9,37.219891
37.7,-129.8,37.050209
37.7,-129.7,36.886726
37.7,-129.6,36.715649
37.7,-129.5,36.540089
37.7,-129.4,36.368294
37.7,-129.3,36.200459
37.7,-129.2,36.035984
37.7,-129.1,35.859554
37.7,-129,35.698498
37.7,-128.9,35.528847
37.7,-128.8,35.36071
37.7,-128.7,35.183361
37.7,-128.6,34.922733
37.7,-128.5,34.678776
37.7,-128.4,34.49609
37.7,-128.3,34.330006
37.7,-128.2,34.150002
37.7,-128.1,33.98
37.7,-128,33.800396
37.7,-127.9,33.619961
37.7,-127.8,33.450367
37.7,-127.7,33.273083
37.7,-127.6,33.093311
37.7,-127.5,32.729923
37.7,-127.4,32.404221
37.7,-127.3,32.044228
37.7,-127.2,31.726124
37.7,-127.1,31.411079
37.7,-127,31.084557
37.7,-126.9,30.757401
37.7,-126.8,30.412062
37.7,-126.7,30.099154
37.7,-126.6,29.774057
37.7,-126.5,29.448029
37.7,-126.4,29.130484
37.7,-126.3,28.804344
37.7,-126.2,28.485579
37.7,-126.1,28.165737
37.7,-126,27.846542
37.7,-125.9,27.533823
37.7,-125.8,27.194107
37.7,-125.7,26.755829
37.7,-125.6,26.26675
37.7,-125.5,25.950003
37.7,-125.4,25.620007
37.7,-125.3,25.31616
37.7,-125.2,25.011721
37.7,-125.1,24.701452
37.7,-125,24.38378
37.7,-124.9,24.069681
37.7,-124.8,23.75873
37.7,-124.7,23.446535
37.7,-124.6,23.143808
37.7,-124.5,22.822769
37.7,-124.4,22.510927
37.7,-124.3,22.200844
37.7,-124.2,21.901302
37.7,-124.1,21.593807
37.7,-124,21.276434
37.7,-123.9,20.968637
37.7,-123.8,20.655985
37.7,-123.7,20.335625
37.7,-123.6,19.979445
37.7,-123.5,19.733829
37.7,-123.4,19.432884
37.7,-123.3,19.130081
37.7,-123.2,18.839462
37.7,-123.1,18.567116
37.7,-123,18.270456
37.7,-122.9,17.980051
37.7,-122.8,17.654282
37.7,-122.7,17.410887
37.7,-122.6,17.103706
37.7,-122.5,16.815744
37.6,-133,42.605587
37.6,-132.9,42.416458
37.6,-132.8,42.233944
37.6,-132.7,42.046391
37.6,-132.6,41.859997
37.6,-132.5,41.667164
37.6,-132.4,41.476917
37.6,-132.3,41.375843
37.6,-132.2,41.284615
37.6,-132.1,41.131809
37.6,-132,40.953495
37.6,-131.9,40.765537
37.6,-131.8,40.582184
37.6,-131.7,40.417339
37.6,-131.6,40.309418
37.6,-131.5,40.201183
37.6,-131.4,40.051079
37.6,-131.3,39.877628
37.6,-131.2,39.702934
37.6,-131.1,39.536438
37.6,-131,39.346344
37.6,-130.9,39.104836
37.6,-130.8,38.858555
37.6,-130.7,38.675213
37.6,-130.6,38.509586
37.6,-130.5,38.339951
37.6,-130.4,38.18
37.6,-130.3,37.999996
37.6,-130.2,37.839844
37.6,-130.1,37.661823
37.6,-130,37.500179
37.6,-129.9,37.323399
37.6,-129.8,37.153366
37.6,-129.7,36.985756
37.6,-129.6,36.818642
37.6,-129.5,36.642052
37.6,-129.4,36.435898
37.6,-129.3,36.239475
37.6,-129.2,36.070351
37.6,-129.1,35.895187
37.6,-129,35.726891
37.6,-128.9,35.548889
37.6,-128.8,35.378479
37.6,-128.7,35.200001
37.6,-128.6,34.986763
37.6,-128.5,34.779346
37.6,-128.4,34.59948
37.6,-128.3,34.428825
37.6,-128.2,34.263885
37.6,-128.1,34.072971
37.6,-128,33.829823
37.6,-127.9,33.615372
37.6,-127.8,33.448368
37.6,-127.7,33.270004
37.6,-127.6,33.100002
37.6,-127.5,32.757069
37.6,-127.4,32.432781
37.6,-127.3,32.097672
37.6,-127.2,31.778337
37.6,-127.1,31.463921
37.6,-127,31.136801
37.6,-126.9,30.814297
37.6,-126.8,30.492544
37.6,-126.7,30.180002
37.6,-126.6,29.858179
37.6,-126.5,29.529125
37.6,-126.4,29.217039
37.6,-126.3,28.904303
37.6,-126.2,28.58466
37.6,-126.1,28.265463
37.6,-126,27.940222
37.6,-125.9,27.62941
37.6,-125.8,27.313248
37.6,-125.7,26.899834
37.6,-125.6,26.462118
37.6,-125.5,26.117159
37.6,-125.4,25.801973
37.6,-125.3,25.490368
37.6,-125.2,25.185139
37.6,-125.1,24.879074
37.6,-125,24.56535
37.6,-124.9,24.252117
37.6,-124.8,23.940729
37.6,-124.7,23.636864
37.6,-124.6,23.321003
37.6,-124.5,23.011269
37.6,-124.4,22.691284
37.6,-124.3,22.388929
37.6,-124.2,22.074707
37.6,-124.1,21.769838
37.6,-124,21.450445
37.6,-123.9,21.140001
37.6,-123.8,20.82777
37.6,-123.7,20.522982
37.6,-123.6,20.210789
37.6,-123.5,19.903149
37.6,-123.4,19.65871
37.6,-123.3,19.317787
37.6,-123.2,19.02828
37.6,-123.1,18.739037
37.6,-123,18.440748
37.6,-122.9,18.168005
37.6,-122.8,17.871885
37.6,-122.7,17.588287
37.6,-122.6,17.260002
37.6,-122.5,16.960295
37.6,-122.4,16.676729
37.5,-133,42.616249
37.5,-132.9,42.477253
37.5,-132.8,42.326004
37.5,-132.7,42.149876
37.5,-132.6,41.965542
37.5,-132.5,41.78117
37.5,-132.4,41.604015
37.5,-132.3,41.432098
37.5,-132.2,41.336563
37.5,-132.1,41.234966
37.5,-132,41.052143
37.5,-131.9,40.86924
37.5,-131.8,40.689999
37.5,-131.7,40.513741
37.5,-131.6,40.403614
37.5,-131.5,40.320374
37.5,-131.4,40.151745
37.5,-131.3,39.98354
37.5,-131.2,39.81604
37.5,-131.1,39.64019
37.5,-131,39.456459
37.5,-130.9,39.253479
37.5,-130.8,39.018284
37.5,-130.7,38.80117
37.5,-130.6,38.620419
37.5,-130.5,38.442875
37.5,-130.4,38.282097
37.5,-130.3,38.11116
37.5,-130.2,37.945595
37.5,-130.1,37.776337
37.5,-130,37.606045
37.5,-129.9,37.436657
37.5,-129.8,37.264038
37.5,-129.7,37.092255
37.5,-129.6,36.915051
37.5,-129.5,36.743412
37.5,-129.4,36.52198
37.5,-129.3,36.285038
37.5,-129.2,36.071205
37.5,-129.1,35.895439
37.5,-129,35.728424
37.5,-128.9,35.549004
37.5,-128.8,35.380001
37.5,-128.7,35.202293
37.5,-128.6,35.023708
37.5,-128.5,34.858662
37.5,-128.4,34.691021
37.5,-128.3,34.516064
37.5,-128.2,34.346687
37.5,-128.1,34.175434
37.5,-128,33.991203
37.5,-127.9,33.705826
37.5,-127.8,33.481888
37.5,-127.7,33.298531
37.5,-127.6,33.130638
37.5,-127.5,32.809006
37.5,-127.4,32.490665
37.5,-127.3,32.168877
37.5,-127.2,31.850666
37.5,-127.1,31.539129
37.5,-127,31.219049
37.5,-126.9,30.898664
37.5,-126.8,30.5777
37.5,-126.7,30.262514
37.5,-126.6,29.943996
37.5,-126.5,29.615976
37.5,-126.4,29.299706
37.5,-126.3,28.983877
37.5,-126.2,28.666485
37.5,-126.1,28.349604
37.5,-126,28.027327
37.5,-125.9,27.711523
37.5,-125.8,27.399883
37.5,-125.7,27.074848
37.5,-125.6,26.64534
37.5,-125.5,26.298199
37.5,-125.4,25.97998
37.5,-125.3,25.66292
37.5,-125.2,25.358212
37.5,-125.1,25.047337
37.5,-125,24.733486
37.5,-124.9,24.422915
37.5,-124.8,24.116758
37.5,-124.7,23.809023
37.5,-124.6,23.497297
37.5,-124.5,23.189264
37.5,-124.4,22.879337
37.5,-124.3,22.57081
37.5,-124.2,22.267862
37.5,-124.1,21.956486
37.5,-124,21.639246
37.5,-123.9,21.31712
37.5,-123.8,21.01218
37.5,-123.7,20.703699
37.5,-123.6,20.384321
37.5,-123.5,20.071423
37.5,-123.4,19.825659
37.5,-123.3,19.540773
37.5,-123.2,19.239077
37.5,-123.1,18.925138
37.5,-123,18.625484
37.5,-122.9,18.330547
37.5,-122.8,18.031576
37.5,-122.7,17.738674
37.5,-122.6,17.439947
37.5,-122.5,17.119921
37.5,-122.4,16.826334
37.5,-122.3,16.524179
37.4,-133,42.631577
37.4,-132.9,42.529724
37.4,-132.8,42.429756
37.4,-132.7,42.25
37.4,-132.6,42.071411
37.4,-132.5,41.893532
37.4,-132.4,41.708035
37.4,-132.3,41.536976
37.4,-132.2,41.398247
37.4,-132.1,41.310223
37.4,-132,41.160713
37.4,-131.9,40.983109
37.4,-131.8,40.804207
37.4,-131.7,40.632019
37.4,-131.6,40.468285
37.4,-131.5,40.380894
37.4,-131.4,40.263477
37.4,-131.3,40.082268
37.4,-131.2,39.907906
37.4,-131.1,39.737068
37.4,-131,39.565067
37.4,-130.9,39.393272
37.4,-130.8,39.1744
37.4,-130.7,38.972916
37.4,-130.6,38.768993
37.4,-130.5,38.544579
37.4,-130.4,38.377979
37.4,-130.3,38.209976
37.4,-130.2,38.020546
37.4,-130.1,37.845421
37.4,-130,37.673141
37.4,-129.9,37.50412
37.4,-129.8,37.331432
37.4,-129.7,37.15345
37.4,-129.6,36.982883
37.4,-129.5,36.81609
37.4,-129.4,36.640366
37.4,-129.3,36.448227
37.4,-129.2,36.172699
37.4,-129.1,35.963783
37.4,-129,35.787308
37.4,-128.9,35.613026
37.4,-128.8,35.445087
37.4,-128.7,35.269119
37.4,-128.6,35.091839
37.4,-128.5,34.925793
37.4,-128.4,34.757603
37.4,-128.3,34.586636
37.4,-128.2,34.415005
37.4,-128.1,34.186169
37.4,-128,33.981903
37.4,-127.9,33.799362
37.4,-127.8,33.553715
37.4,-127.7,33.377068
37.4,-127.6,33.191799
37.4,-127.5,32.935043
37.4,-127.4,32.579712
37.4,-127.3,32.251732
37.4,-127.2,31.931667
37.4,-127.1,31.619204
37.4,-127,31.310057
37.4,-126.9,30.989998
37.4,-126.8,30.669638
37.4,-126.7,30.358612
37.4,-126.6,30.043692
37.4,-126.5,29.718596
37.4,-126.4,29.394894
37.4,-126.3,29.08433
37.4,-126.2,28.772745
37.4,-126.1,28.446304
37.4,-126,28.129562
37.4,-125.9,27.806271
37.4,-125.8,27.494085
37.4,-125.7,27.170895
37.4,-125.6,26.837543
37.4,-125.5,26.473299
37.4,-125.4,26.167398
37.4,-125.3,25.857084
37.4,-125.2,25.53583
37.4,-125.1,25.231508
37.4,-125,24.915371
37.4,-124.9,24.605753
37.4,-124.8,24.285553
37.4,-124.7,23.978497
37.4,-124.6,23.68
37.4,-124.5,23.383286
37.4,-124.4,23.057114
37.4,-124.3,22.753832
37.4,-124.2,22.473885
37.4,-124.1,22.173744
37.4,-124,21.884819
37.4,-123.9,21.589008
37.4,-123.8,21.274664
37.4,-123.7,20.969265
37.4,-123.6,20.665104
37.4,-123.5,20.368265
37.4,-123.4,20.0245
37.4,-123.3,19.757608
37.4,-123.2,19.447544
37.4,-123.1,19.11027
37.4,-123,18.830257
37.4,-122.9,18.511314
37.4,-122.8,18.209555
37.4,-122.7,17.898857
37.4,-122.6,17.598835
37.4,-122.5,17.277554
37.4,-122.4,16.952938
37.4,-122.3,16.672865
37.4,-122.2,16.364212
37.3,-133,42.733009
37.3,-132.9,42.579597
37.3,-132.8,42.446312
37.3,-132.7,42.319679
37.3,-132.6,42.191242
37.3,-132.5,42.007008
37.3,-132.4,41.828159
37.3,-132.3,41.634933
37.3,-132.2,41.459999
37.3,-132.1,41.371708
37.3,-132,41.274189
37.3,-131.9,41.090378
37.3,-131.8,40.906723
37.3,-131.7,40.735237
37.3,-131.6,40.584965
37.3,-131.5,40.467125
37.3,-131.4,40.337173
37.3,-131.3,40.157139
37.3,-131.2,39.978046
37.3,-131.1,39.803268
37.3,-131,39.634201
37.3,-130.9,39.464855
37.3,-130.8,39.294285
37.3,-130.7,39.123528
37.3,-130.6,38.939144
37.3,-130.5,38.703884
37.3,-130.4,38.511787
37.3,-130.3,38.327873
37.3,-130.2,38.130569
37.3,-130.1,37.922901
37.3,-130,37.7565
37.3,-129.9,37.583569
37.3,-129.8,37.416187
37.3,-129.7,37.239525
37.3,-129.6,37.06707
37.3,-129.5,36.900589
37.3,-129.4,36.734779
37.3,-129.3,36.55426
37.3,-129.2,36.357685
37.3,-129.1,36.082539
37.3,-129,35.868183
37.3,-128.9,35.699001
37.3,-128.8,35.528526
37.3,-128.7,35.358574
37.3,-128.6,35.179317
37.3,-128.5,35.001957
37.3,-128.4,34.832249
37.3,-128.3,34.67012
37.3,-128.2,34.49205
37.3,-128.1,34.231983
37.3,-128,33.979996
37.3,-127.9,33.800003
37.3,-127.8,33.630367
37.3,-127.7,33.460152
37.3,-127.6,33.284828
37.3,-127.5,33.099098
37.3,-127.4,32.671452
37.3,-127.3,32.350185
37.3,-127.2,32.026894
37.3,-127.1,31.715008
37.3,-127,31.40098
37.3,-126.9,31.080317
37.3,-126.8,30.761496
37.3,-126.7,30.444462
37.3,-126.6,30.134636
37.3,-126.5,29.80102
37.3,-126.4,29.473667
37.3,-126.3,29.166597
37.3,-126.2,28.859503
37.3,-126.1,28.51922
37.3,-126,28.212978
37.3,-125.9,27.884842
37.3,-125.8,27.580002
37.3,-125.7,27.272581
37.3,-125.6,26.980846
37.3,-125.5,26.68132
37.3,-125.4,26.377644
37.3,-125.3,26.073675
37.3,-125.2,25.78969
37.3,-125.1,25.487743
37.3,-125,25.188122
37.3,-124.9,24.876701
37.3,-124.8,24.566751
37.3,-124.7,24.270948
37.3,-124.6,23.971453
37.3,-124.5,23.680004
37.3,-124.4,23.37068
37.3,-124.3,23.060648
37.3,-124.2,22.759014
37.3,-124.1,22.462942
37.3,-124,22.158161
37.3,-123.9,21.872643
37.3,-123.8,21.574751
37.3,-123.7,21.268522
37.3,-123.6,20.957954
37.3,-123.5,20.672899
37.3,-123.4,20.347588
37.3,-123.3,19.955484
37.3,-123.2,19.677248
37.3,-123.1,19.313667
37.3,-123,19.032297
37.3,-122.9,18.689524
37.3,-122.8,18.405163
37.3,-122.7,18.074526
37.3,-122.6,17.781454
37.3,-122.5,17.465565
37.3,-122.4,17.13776
37.3,-122.3,16.831947
37.3,-122.2,16.515676
37.3,-122.1,16.215477
37.2,-133,42.838112
37.2,-132.9,42.657177
37.2,-132.8,42.478668
37.2,-132.7,42.371708
37.2,-132.6,42.255531
37.2,-132.5,42.085922
37.2,-132.4,41.908142
37.2,-132.3,41.744328
37.2,-132.2,41.604206
37.2,-132.1,41.448334
37.2,-132,41.330528
37.2,-131.9,41.165836
37.2,-131.8,40.985733
37.2,-131.7,40.821404
37.2,-131.6,40.710232
37.2,-131.5,40.567127
37.2,-131.4,40.409279
37.2,-131.3,40.251518
37.2,-131.2,40.065903
37.2,-131.1,39.887432
37.2,-131,39.712223
37.2,-130.9,39.548046
37.2,-130.8,39.378716
37.2,-130.7,39.208076
37.2,-130.6,39.029953
37.2,-130.5,38.851349
37.2,-130.4,38.678818
37.2,-130.3,38.492035
37.2,-130.2,38.264999
37.2,-130.1,37.999996
37.2,-130,37.839169
37.2,-129.9,37.66153
37.2,-129.8,37.501652
37.2,-129.7,37.334293
37.2,-129.6,37.160557
37.2,-129.5,36.991638
37.2,-129.4,36.824924
37.2,-129.3,36.639759
37.2,-129.2,36.438869
37.2,-129.1,36.168705
37.2,-129,35.978027
37.2,-128.9,35.803791
37.2,-128.8,35.636063
37.2,-128.7,35.465675
37.2,-128.6,35.290001
37.2,-128.5,35.11412
37.2,-128.4,34.925079
37.2,-128.3,34.698376
37.2,-128.2,34.477917
37.2,-128.1,34.296177
37.2,-128,34.096672
37.2,-127.9,33.926132
37.2,-127.8,33.751945
37.2,-127.7,33.575874
37.2,-127.6,33.400661
37.2,-127.5,33.151283
37.2,-127.4,32.750687
37.2,-127.3,32.432076
37.2,-127.2,32.104527
37.2,-127.1,31.799999
37.2,-127,31.528339
37.2,-126.9,31.199001
37.2,-126.8,30.915356
37.2,-126.7,30.603037
37.2,-126.6,30.303871
37.2,-126.5,30.014372
37.2,-126.4,29.711786
37.2,-126.3,29.392513
37.2,-126.2,29.093132
37.2,-126.1,28.793608
37.2,-126,28.496086
37.2,-125.9,28.197971
37.2,-125.8,27.872192
37.2,-125.7,27.580006
37.2,-125.6,27.280384
37.2,-125.5,26.987156
37.2,-125.4,26.684639
37.2,-125.3,26.368147
37.2,-125.2,26.064131
37.2,-125.1,25.756018
37.2,-125,25.483583
37.2,-124.9,25.177505
37.2,-124.8,24.86805
37.2,-124.7,24.554476
37.2,-124.6,24.282297
37.2,-124.5,23.976892
37.2,-124.4,23.680006
37.2,-124.3,23.36846
37.2,-124.2,23.050518
37.2,-124.1,22.740116
37.2,-124,22.430857
37.2,-123.9,22.093681
37.2,-123.8,21.764713
37.2,-123.7,21.447754
37.2,-123.6,21.133345
37.2,-123.5,20.827341
37.2,-123.4,20.523499
37.2,-123.3,20.162195
37.2,-123.2,19.856213
37.2,-123.1,19.545568
37.2,-123,19.218208
37.2,-122.9,18.899195
37.2,-122.8,18.582029
37.2,-122.7,18.2651
37.2,-122.6,17.93207
37.2,-122.5,17.642313
37.2,-122.4,17.308388
37.2,-122.3,16.9688
37.2,-122.2,16.659916
37.2,-122.1,16.352819
37.1,-133,42.907619
37.1,-132.9,42.726807
37.1,-132.8,42.56535
37.1,-132.7,42.44952
37.1,-132.6,42.334156
37.1,-132.5,42.177631
37.1,-132.4,41.995098
37.1,-132.3,41.82925
37.1,-132.2,41.7141
37.1,-132.1,41.568222
37.1,-132,41.413445
37.1,-131.9,41.23922
37.1,-131.8,41.049187
37.1,-131.7,40.873634
37.1,-131.6,40.79372
37.1,-131.5,40.698479
37.1,-131.4,40.517437
37.1,-131.3,40.343426
37.1,-131.2,40.163986
37.1,-131.1,40.010082
37.1,-131,39.837326
37.1,-130.9,39.649807
37.1,-130.8,39.485924
37.1,-130.7,39.321003
37.1,-130.6,39.146347
37.1,-130.5,38.97599
37.1,-130.4,38.809937
37.1,-130.3,38.624985
37.1,-130.2,38.381458
37.1,-130.1,38.127983
37.1,-130,37.952805
37.1,-129.9,37.791508
37.1,-129.8,37.615707
37.1,-129.7,37.453667
37.1,-129.6,37.278805
37.1,-129.5,37.10944
37.1,-129.4,36.938808
37.1,-129.3,36.684124
37.1,-129.2,36.419998
37.1,-129.1,36.263844
37.1,-129,36.098305
37.1,-128.9,35.917015
37.1,-128.8,35.7458
37.1,-128.7,35.567093
37.1,-128.6,35.404503
37.1,-128.5,35.226856
37.1,-128.4,34.995739
37.1,-128.3,34.746117
37.1,-128.2,34.554844
37.1,-128.1,34.371578
37.1,-128,34.187126
37.1,-127.9,34.015957
37.1,-127.8,33.846306
37.1,-127.7,33.669357
37.1,-127.6,33.504192
37.1,-127.5,33.329487
37.1,-127.4,33.017815
37.1,-127.3,32.715786
37.1,-127.2,32.417686
37.1,-127.1,32.091259
37.1,-127,31.799999
37.1,-126.9,31.50733
37.1,-126.8,31.206362
37.1,-126.7,30.890278
37.1,-126.6,30.58581
37.1,-126.5,30.284407
37.1,-126.4,29.99703
37.1,-126.3,29.687937
37.1,-126.2,29.377493
37.1,-126.1,29.080986
37.1,-126,28.80534
37.1,-125.9,28.484953
37.1,-125.8,28.203714
37.1,-125.7,27.878029
37.1,-125.6,27.58
37.1,-125.5,27.271509
37.1,-125.4,26.971184
37.1,-125.3,26.661564
37.1,-125.2,26.333607
37.1,-125.1,25.990568
37.1,-125,25.655413
37.1,-124.9,25.342876
37.1,-124.8,25.03783
37.1,-124.7,24.719124
37.1,-124.6,24.419292
37.1,-124.5,24.106453
37.1,-124.4,23.798937
37.1,-124.3,23.492899
37.1,-124.2,23.190449
37.1,-124.1,22.880451
37.1,-124,22.537271
37.1,-123.9,22.212858
37.1,-123.8,21.903921
37.1,-123.7,21.597727
37.1,-123.6,21.286858
37.1,-123.5,20.978886
37.1,-123.4,20.670582
37.1,-123.3,20.370262
37.1,-123.2,20.030462
37.1,-123.1,19.76436
37.1,-123,19.450941
37.1,-122.9,19.097969
37.1,-122.8,18.799318
37.1,-122.7,18.462702
37.1,-122.6,18.136164
37.1,-122.5,17.813122
37.1,-122.4,17.487186
37.1,-122.3,17.162027
37.1,-122.2,16.845156
37.1,-122.1,16.509188
37.1,-122,16.19442
37,-133,42.984795
37,-132.9,42.80431
37,-132.8,42.629642
37,-132.7,42.526737
37,-132.6,42.429195
37,-132.5,42.249996
37,-132.4,42.072311
37,-132.3,41.912491
37,-132.2,41.785946
37,-132.1,41.688206
37,-132,41.536598
37,-131.9,41.358791
37,-131.8,41.178196
37,-131.7,41.016518
37,-131.6,40.903568
37,-131.5,40.809689
37,-131.4,40.650612
37,-131.3,40.462074
37,-131.2,40.288654
37,-131.1,40.17897
37,-131,39.997768
37,-130.9,39.777782
37,-130.8,39.610027
37,-130.7,39.444164
37,-130.6,39.276291
37,-130.5,39.095116
37,-130.4,38.919872
37,-130.3,38.738369
37,-130.2,38.544044
37,-130.1,38.279415
37,-130,38.113056
37,-129.9,37.939625
37,-129.8,37.745564
37,-129.7,37.556255
37,-129.6,37.372078
37,-129.5,37.193043
37,-129.4,37.024117
37,-129.3,36.850788
37,-129.2,36.615803
37,-129.1,36.420002
37,-129,36.237228
37,-128.9,36.036953
37,-128.8,35.830566
37,-128.7,35.658241
37,-128.6,35.486679
37,-128.5,35.319931
37,-128.4,35.131039
37,-128.3,34.937214
37,-128.2,34.743847
37,-128.1,34.465614
37,-128,34.2822
37,-127.9,34.105488
37,-127.8,33.935566
37,-127.7,33.76017
37,-127.6,33.584297
37,-127.5,33.414467
37,-127.4,33.228371
37,-127.3,32.994926
37,-127.2,32.721958
37,-127.1,32.423786
37,-127,32.09779
37,-126.9,31.800001
37,-126.8,31.499142
37,-126.7,31.193426
37,-126.6,30.872503
37,-126.5,30.546549
37,-126.4,30.218613
37,-126.3,29.875494
37,-126.2,29.54826
37,-126.1,29.239584
37,-126,28.941086
37,-125.9,28.628828
37,-125.8,28.327513
37,-125.7,28.012341
37,-125.6,27.708807
37,-125.5,27.434078
37,-125.4,27.130209
37,-125.3,26.817257
37,-125.2,26.445606
37,-125.1,26.108587
37,-125,25.78936
37,-124.9,25.48941
37,-124.8,25.197876
37,-124.7,24.895868
37,-124.6,24.585083
37,-124.5,24.301922
37,-124.4,23.996372
37,-124.3,23.718544
37,-124.2,23.465649
37,-124.1,23.178963
37,-124,22.883266
37,-123.9,22.457003
37,-123.8,22.154896
37,-123.7,21.859385
37,-123.6,21.564999
37,-123.5,21.256538
37,-123.4,20.961952
37,-123.3,20.689936
37,-123.2,20.34244
37,-123.1,19.932106
37,-123,19.677391
37,-122.9,19.330685
37,-122.8,18.994116
37,-122.7,18.670244
37,-122.6,18.313833
37,-122.5,18.013914
37,-122.4,17.662418
37,-122.3,17.339983
37,-122.2,16.993584
37,-122.1,16.667999
37,-122,16.347124
