lat,long,age,q_ihfc,q_ps,q_stein,FA,ps_z,stein_z
48.75,-127.75,2.9062791,200,277.5185384,299.1586169,-25.61454201,3096.673436,3222.245155
47.9,-127.2,4.359262,161,226.597009,244.2663766,-11.43339062,3230.759601,3362.07787
47.9,-127.65,3.1907601,304,264.8582972,285.5111674,3.032176971,3125.19446,3251.988508
48.68,-126.87,5.5437579,60.8,200.9363601,216.6047859,-33.3253479,3324.081515,3459.399294
48.69,-126.87,5.5437579,63.7,200.9363601,216.6047859,-33.3253479,3324.081515,3459.399294
48.69,-126.87,5.5437579,59.6,200.9363601,216.6047859,-33.3253479,3324.081515,3459.399294
48.69,-126.87,5.5437579,53.9,200.9363601,216.6047859,-33.3253479,3324.081515,3459.399294
48.69,-126.88,5.5437579,68.9,200.9363601,216.6047859,-27.44796753,3324.081515,3459.399294
48.69,-126.86,5.5437579,53.3,200.9363601,216.6047859,-33.3253479,3324.081515,3459.399294
48.69,-126.87,5.5437579,57.6,200.9363601,216.6047859,-33.3253479,3324.081515,3459.399294
48.69,-126.88,5.5437579,61.5,200.9363601,216.6047859,-27.44796753,3324.081515,3459.399294
48.67,-126.85,5.752306,59.5,197.2602906,212.6420673,-33.3253479,3339.438792,3475.41474
48.67,-126.85,5.752306,60.7,197.2602906,212.6420673,-33.3253479,3339.438792,3475.41474
48.67,-126.85,5.752306,58,197.2602906,212.6420673,-33.3253479,3339.438792,3475.41474
48.67,-126.85,5.752306,57.6,197.2602906,212.6420673,-33.3253479,3339.438792,3475.41474
48.67,-126.85,5.752306,57.4,197.2602906,212.6420673,-33.3253479,3339.438792,3475.41474
48.67,-126.85,5.752306,55.6,197.2602906,212.6420673,-33.3253479,3339.438792,3475.41474
48.67,-126.85,5.752306,56.5,197.2602906,212.6420673,-33.3253479,3339.438792,3475.41474
48.67,-126.85,5.752306,58,197.2602906,212.6420673,-33.3253479,3339.438792,3475.41474
48.67,-126.85,5.752306,55.8,197.2602906,212.6420673,-33.3253479,3339.438792,3475.41474
48.67,-126.85,5.752306,61.5,197.2602906,212.6420673,-33.3253479,3339.438792,3475.41474
48.67,-126.85,5.752306,57.4,197.2602906,212.6420673,-33.3253479,3339.438792,3475.41474
48.67,-126.85,5.752306,61.4,197.2602906,212.6420673,-33.3253479,3339.438792,3475.41474
48.67,-126.85,5.752306,37.5,197.2602906,212.6420673,-33.3253479,3339.438792,3475.41474
48.67,-126.85,5.752306,60.4,197.2602906,212.6420673,-33.3253479,3339.438792,3475.41474
47.94,-128.9,0.43398958,84,718.1596621,774.159638,-4.45633316,2730.572599,2840.454282
47.92,-128.85,0.66285837,136,581.0992123,626.4116178,-10.49689579,2784.956401,2897.168818
47.9,-128.74,0.91232389,440,495.3203091,533.9439284,-8.577288628,2834.304766,2948.632113
47.74,-127.91,2.9722376,345,274.4219822,295.8206004,-0.58204329,3103.406253,3229.266521
47.73,-127.88,2.9722376,129,274.4219822,295.8206004,-0.58204329,3103.406253,3229.266521
47.87,-128.59,1.1679138,439,437.7793418,471.9160858,-5.80466938,2878.245212,2994.455721
47.85,-128.47,1.414219,334,397.8343928,428.8563473,-8.135784149,2916.22329,3034.061431
47.89,-128.66,0.91232389,900,495.3203091,533.9439284,-8.577288628,2834.304766,2948.632113
47.79,-128.21,2.1661963,267,321.4487595,346.5143873,-3.510086775,3015.130126,3137.207131
48.67,-126.86,5.5437579,62.2,200.9363601,216.6047859,-33.3253479,3324.081515,3459.399294
48.69,-126.9,5.5437579,7.5,200.9363601,216.6047859,-27.44796753,3324.081515,3459.399294
48.68,-126.88,5.5437579,58,200.9363601,216.6047859,-27.44796753,3324.081515,3459.399294
48.68,-126.88,5.5437579,58.7,200.9363601,216.6047859,-27.44796753,3324.081515,3459.399294
48.68,-126.88,5.5437579,59.5,200.9363601,216.6047859,-27.44796753,3324.081515,3459.399294
48.67,-126.88,5.5437579,59.4,200.9363601,216.6047859,-27.44796753,3324.081515,3459.399294
48.67,-126.88,5.5437579,59.6,200.9363601,216.6047859,-27.44796753,3324.081515,3459.399294
48.67,-126.88,5.5437579,59.3,200.9363601,216.6047859,-27.44796753,3324.081515,3459.399294
48.67,-126.88,5.5437579,61.4,200.9363601,216.6047859,-27.44796753,3324.081515,3459.399294
48.67,-126.87,5.5437579,58.8,200.9363601,216.6047859,-33.3253479,3324.081515,3459.399294
48.67,-126.87,5.5437579,62.3,200.9363601,216.6047859,-33.3253479,3324.081515,3459.399294
48.67,-126.86,5.5437579,59.4,200.9363601,216.6047859,-33.3253479,3324.081515,3459.399294
48.67,-126.87,5.5437579,66,200.9363601,216.6047859,-33.3253479,3324.081515,3459.399294
48.66,-126.87,5.5437579,63.8,200.9363601,216.6047859,-33.3253479,3324.081515,3459.399294
48.67,-126.86,5.5437579,62,200.9363601,216.6047859,-33.3253479,3324.081515,3459.399294
48.68,-126.86,5.5437579,60.7,200.9363601,216.6047859,-33.3253479,3324.081515,3459.399294
48.68,-126.86,5.5437579,62.3,200.9363601,216.6047859,-33.3253479,3324.081515,3459.399294
48.68,-126.86,5.5437579,60.3,200.9363601,216.6047859,-33.3253479,3324.081515,3459.399294
48.68,-126.87,5.5437579,60.4,200.9363601,216.6047859,-33.3253479,3324.081515,3459.399294
48.68,-126.87,5.5437579,60.4,200.9363601,216.6047859,-33.3253479,3324.081515,3459.399294
48.68,-126.87,5.5437579,57.7,200.9363601,216.6047859,-33.3253479,3324.081515,3459.399294
48.65,-126.91,5.0980859,74.2,209.5352452,225.8741866,-40.77328873,3290.262945,3424.131357
48.66,-126.89,5.5437579,66.6,200.9363601,216.6047859,-27.44796753,3324.081515,3459.399294
48.67,-126.88,5.5437579,75.7,200.9363601,216.6047859,-27.44796753,3324.081515,3459.399294
48.67,-126.88,5.5437579,65,200.9363601,216.6047859,-27.44796753,3324.081515,3459.399294
48.67,-126.88,5.5437579,65.9,200.9363601,216.6047859,-27.44796753,3324.081515,3459.399294
48.67,-126.88,5.5437579,64.2,200.9363601,216.6047859,-27.44796753,3324.081515,3459.399294
48.67,-126.87,5.5437579,67.9,200.9363601,216.6047859,-33.3253479,3324.081515,3459.399294
48.67,-126.87,5.5437579,58.4,200.9363601,216.6047859,-33.3253479,3324.081515,3459.399294
48.67,-126.87,5.5437579,59.4,200.9363601,216.6047859,-33.3253479,3324.081515,3459.399294
48.67,-126.87,5.5437579,61.8,200.9363601,216.6047859,-33.3253479,3324.081515,3459.399294
48.68,-126.86,5.5437579,61.9,200.9363601,216.6047859,-33.3253479,3324.081515,3459.399294
48.65,-126.91,5.0980859,70,209.5352452,225.8741866,-40.77328873,3290.262945,3424.131357
48.68,-126.86,5.5437579,61.4,200.9363601,216.6047859,-33.3253479,3324.081515,3459.399294
48.68,-126.86,5.5437579,62.3,200.9363601,216.6047859,-33.3253479,3324.081515,3459.399294
48.67,-126.88,5.5437579,64,200.9363601,216.6047859,-27.44796753,3324.081515,3459.399294
48.67,-126.88,5.5437579,62.8,200.9363601,216.6047859,-27.44796753,3324.081515,3459.399294
48.67,-126.87,5.5437579,64.2,200.9363601,216.6047859,-33.3253479,3324.081515,3459.399294
48.67,-126.87,5.5437579,66.3,200.9363601,216.6047859,-33.3253479,3324.081515,3459.399294
48.67,-126.87,5.5437579,66.6,200.9363601,216.6047859,-33.3253479,3324.081515,3459.399294
48.67,-126.87,5.5437579,59.4,200.9363601,216.6047859,-33.3253479,3324.081515,3459.399294
48.67,-126.86,5.5437579,59,200.9363601,216.6047859,-33.3253479,3324.081515,3459.399294
48.68,-126.86,5.5437579,56.3,200.9363601,216.6047859,-33.3253479,3324.081515,3459.399294
48.65,-126.91,5.0980859,66.2,209.5352452,225.8741866,-40.77328873,3290.262945,3424.131357
48.68,-126.86,5.5437579,59,200.9363601,216.6047859,-33.3253479,3324.081515,3459.399294
48.68,-126.86,5.5437579,60,200.9363601,216.6047859,-33.3253479,3324.081515,3459.399294
48.68,-126.86,5.5437579,60.6,200.9363601,216.6047859,-33.3253479,3324.081515,3459.399294
48.68,-126.85,5.752306,60.4,197.2602906,212.6420673,-33.3253479,3339.438792,3475.41474
48.68,-126.85,5.752306,56.4,197.2602906,212.6420673,-33.3253479,3339.438792,3475.41474
48.68,-126.85,5.752306,52,197.2602906,212.6420673,-33.3253479,3339.438792,3475.41474
48.68,-126.85,5.752306,42.3,197.2602906,212.6420673,-33.3253479,3339.438792,3475.41474
48.68,-126.84,5.752306,42.4,197.2602906,212.6420673,-33.3253479,3339.438792,3475.41474
48.68,-126.84,5.752306,38.4,197.2602906,212.6420673,-33.3253479,3339.438792,3475.41474
48.69,-126.84,5.752306,41.8,197.2602906,212.6420673,-33.3253479,3339.438792,3475.41474
48.65,-126.9,5.0980859,67.1,209.5352452,225.8741866,-40.77328873,3290.262945,3424.131357
48.69,-126.84,5.752306,56.3,197.2602906,212.6420673,-33.3253479,3339.438792,3475.41474
48.69,-126.84,5.752306,36.5,197.2602906,212.6420673,-33.3253479,3339.438792,3475.41474
48.69,-126.83,5.752306,54.2,197.2602906,212.6420673,-33.3253479,3339.438792,3475.41474
48.69,-126.83,5.752306,70.9,197.2602906,212.6420673,-33.3253479,3339.438792,3475.41474
48.69,-126.82,5.752306,69.9,197.2602906,212.6420673,-33.3253479,3339.438792,3475.41474
48.69,-126.82,5.752306,71.3,197.2602906,212.6420673,-33.3253479,3339.438792,3475.41474
48.69,-126.82,5.752306,76.2,197.2602906,212.6420673,-33.3253479,3339.438792,3475.41474
48.7,-126.82,5.752306,77.7,197.2602906,212.6420673,-33.3253479,3339.438792,3475.41474
48.7,-126.82,5.752306,78.2,197.2602906,212.6420673,-33.3253479,3339.438792,3475.41474
48.66,-126.9,5.5437579,65.2,200.9363601,216.6047859,-27.44796753,3324.081515,3459.399294
48.7,-126.81,5.752306,63.5,197.2602906,212.6420673,-33.3253479,3339.438792,3475.41474
48.7,-126.81,5.752306,65.8,197.2602906,212.6420673,-33.3253479,3339.438792,3475.41474
48.71,-126.79,5.752306,61.1,197.2602906,212.6420673,-33.3253479,3339.438792,3475.41474
48.71,-126.79,5.752306,43.5,197.2602906,212.6420673,-33.3253479,3339.438792,3475.41474
48.66,-126.9,5.5437579,71.3,200.9363601,216.6047859,-27.44796753,3324.081515,3459.399294
48.66,-126.9,5.5437579,67.9,200.9363601,216.6047859,-27.44796753,3324.081515,3459.399294
48.66,-126.9,5.5437579,68.8,200.9363601,216.6047859,-27.44796753,3324.081515,3459.399294
48.66,-126.89,5.5437579,67.4,200.9363601,216.6047859,-27.44796753,3324.081515,3459.399294
48.44,-128.47,1.1955065,338,432.697801,466.4383015,-4.410299301,2882.68727,2999.088152
48.44,-128.47,1.1955065,493,432.697801,466.4383015,-4.410299301,2882.68727,2999.088152
48.44,-128.46,1.1955065,295,432.697801,466.4383015,-4.410299301,2882.68727,2999.088152
48.44,-128.45,1.3642263,293,405.0582202,436.6434675,-4.410299301,2908.800345,3026.320359
48.44,-128.45,1.3642263,293,405.0582202,436.6434675,-4.410299301,2908.800345,3026.320359
48.44,-128.44,1.3642263,292,405.0582202,436.6434675,-4.410299301,2908.800345,3026.320359
48.44,-128.43,1.3642263,303,405.0582202,436.6434675,-4.410299301,2908.800345,3026.320359
48.44,-128.42,1.3642263,330,405.0582202,436.6434675,-4.410299301,2908.800345,3026.320359
48.44,-128.42,1.3642263,326,405.0582202,436.6434675,-4.410299301,2908.800345,3026.320359
48.44,-128.41,1.3642263,310,405.0582202,436.6434675,-4.410299301,2908.800345,3026.320359
48.44,-128.4,1.3642263,368,405.0582202,436.6434675,-4.410299301,2908.800345,3026.320359
48.43,-128.4,1.3642263,369,405.0582202,436.6434675,-4.410299301,2908.800345,3026.320359
48.43,-128.39,1.3642263,389,405.0582202,436.6434675,1.557503343,2908.800345,3026.320359
48.46,-128.67,0.59159386,170,615.1043949,663.0684244,-10.74924183,2769.202986,2880.740257
48.46,-128.64,0.8665905,512,508.2222764,547.851953,-10.74924183,2825.81795,2939.781576
48.46,-128.62,0.8665905,458,508.2222764,547.851953,8.065933228,2825.81795,2939.781576
48.46,-128.61,0.8665905,1360,508.2222764,547.851953,8.065933228,2825.81795,2939.781576
48.46,-128.68,0.59159386,348,615.1043949,663.0684244,-10.74924183,2769.202986,2880.740257
48.46,-128.67,0.59159386,170,615.1043949,663.0684244,-10.74924183,2769.202986,2880.740257
48.46,-128.67,0.59159386,185,615.1043949,663.0684244,-10.74924183,2769.202986,2880.740257
48.46,-128.66,0.59159386,376,615.1043949,663.0684244,-10.74924183,2769.202986,2880.740257
48.46,-128.65,0.59159386,229,615.1043949,663.0684244,-10.74924183,2769.202986,2880.740257
48.46,-128.65,0.59159386,526,615.1043949,663.0684244,-10.74924183,2769.202986,2880.740257
48.46,-128.64,0.8665905,512,508.2222764,547.851953,-10.74924183,2825.81795,2939.781576
48.46,-128.63,0.8665905,209,508.2222764,547.851953,-10.74924183,2825.81795,2939.781576
48.46,-128.62,0.8665905,303,508.2222764,547.851953,8.065933228,2825.81795,2939.781576
48.46,-128.62,0.8665905,458,508.2222764,547.851953,8.065933228,2825.81795,2939.781576
48.46,-128.61,0.8665905,1360,508.2222764,547.851953,8.065933228,2825.81795,2939.781576
48.46,-128.6,0.8665905,396,508.2222764,547.851953,8.065933228,2825.81795,2939.781576
48.45,-128.59,0.8665905,155,508.2222764,547.851953,8.065933228,2825.81795,2939.781576
48.45,-128.58,0.8665905,333,508.2222764,547.851953,8.065933228,2825.81795,2939.781576
48.45,-128.57,0.8665905,145,508.2222764,547.851953,8.065933228,2825.81795,2939.781576
48.45,-128.57,0.8665905,155,508.2222764,547.851953,8.065933228,2825.81795,2939.781576
48.45,-128.56,0.8665905,134,508.2222764,547.851953,8.065933228,2825.81795,2939.781576
48.45,-128.55,0.8665905,233,508.2222764,547.851953,8.065933228,2825.81795,2939.781576
48.45,-128.53,1.1157724,173,447.8915322,482.8167951,8.065933228,2869.705449,2985.549968
48.45,-128.52,1.1157724,335,447.8915322,482.8167951,8.065933228,2869.705449,2985.549968
48.45,-128.52,1.1157724,389,447.8915322,482.8167951,8.065933228,2869.705449,2985.549968
48.45,-128.51,1.1157724,137,447.8915322,482.8167951,8.065933228,2869.705449,2985.549968
48.45,-128.5,1.1157724,145,447.8915322,482.8167951,-4.410299301,2869.705449,2985.549968
48.45,-128.5,1.1157724,154,447.8915322,482.8167951,-4.410299301,2869.705449,2985.549968
48.44,-128.49,1.1955065,171,432.697801,466.4383015,-4.410299301,2882.68727,2999.088152
48.44,-128.48,1.1955065,184,432.697801,466.4383015,-4.410299301,2882.68727,2999.088152
48.44,-128.47,1.1955065,338,432.697801,466.4383015,-4.410299301,2882.68727,2999.088152
48.44,-128.47,1.1955065,493,432.697801,466.4383015,-4.410299301,2882.68727,2999.088152
48.46,-128.6,0.8665905,396,508.2222764,547.851953,8.065933228,2825.81795,2939.781576
48.45,-128.59,0.8665905,155,508.2222764,547.851953,8.065933228,2825.81795,2939.781576
48.45,-128.58,0.8665905,333,508.2222764,547.851953,8.065933228,2825.81795,2939.781576
48.45,-128.57,0.8665905,145,508.2222764,547.851953,8.065933228,2825.81795,2939.781576
48.45,-128.57,0.8665905,155,508.2222764,547.851953,8.065933228,2825.81795,2939.781576
48.45,-128.56,0.8665905,134,508.2222764,547.851953,8.065933228,2825.81795,2939.781576
48.45,-128.55,0.8665905,233,508.2222764,547.851953,8.065933228,2825.81795,2939.781576
48.45,-128.53,1.1157724,173,447.8915322,482.8167951,8.065933228,2869.705449,2985.549968
48.45,-128.52,1.1157724,335,447.8915322,482.8167951,8.065933228,2869.705449,2985.549968
48.45,-128.52,1.1157724,389,447.8915322,482.8167951,8.065933228,2869.705449,2985.549968
48.45,-128.51,1.1157724,137,447.8915322,482.8167951,8.065933228,2869.705449,2985.549968
48.45,-128.5,1.1157724,145,447.8915322,482.8167951,-4.410299301,2869.705449,2985.549968
48.45,-128.5,1.1157724,154,447.8915322,482.8167951,-4.410299301,2869.705449,2985.549968
48.44,-128.49,1.1955065,171,432.697801,466.4383015,-4.410299301,2882.68727,2999.088152
48.44,-128.48,1.1955065,184,432.697801,466.4383015,-4.410299301,2882.68727,2999.088152
48.36,-126.23,6.6210885,87,183.8636861,198.2008349,-8.39423275,3400.601655,3539.198869
48.35,-126.24,6.6210885,92,183.8636861,198.2008349,-8.39423275,3400.601655,3539.198869
48.35,-126.24,6.6210885,82,183.8636861,198.2008349,-8.39423275,3400.601655,3539.198869
48.35,-126.25,6.40137,83,186.9925025,201.5736273,-8.39423275,3385.532509,3523.483903
48.35,-126.25,6.40137,81,186.9925025,201.5736273,-8.39423275,3385.532509,3523.483903
48.34,-126.26,6.5365396,90,185.0489864,199.4785615,-8.39423275,3394.833002,3533.182988
48.32,-126.31,6.5365396,103,185.0489864,199.4785615,-18.40250206,3394.833002,3533.182988
48.32,-126.33,6.5365396,66,185.0489864,199.4785615,-18.40250206,3394.833002,3533.182988
48.31,-126.35,6.5365396,76,185.0489864,199.4785615,-18.40250206,3394.833002,3533.182988
48.31,-126.37,6.2660885,91,189.0002579,203.7379415,-18.40250206,3376.125471,3513.673706
48.3,-126.39,6.2660885,79,189.0002579,203.7379415,-23.99115753,3376.125471,3513.673706
48.3,-126.42,6.2660885,95,189.0002579,203.7379415,-40.74657059,3376.125471,3513.673706
48.29,-126.44,6.2660885,93,189.0002579,203.7379415,-40.74657059,3376.125471,3513.673706
48.29,-126.46,5.9780002,89,193.5007695,208.5893897,-40.74657059,3355.748225,3492.423149
48.28,-126.48,5.9780002,124,193.5007695,208.5893897,-40.74657059,3355.748225,3492.423149
48.27,-126.5,5.9780002,119,193.5007695,208.5893897,-40.74657059,3355.748225,3492.423149
48.27,-126.52,5.9780002,118,193.5007695,208.5893897,-40.74657059,3355.748225,3492.423149
48.26,-126.55,5.7164354,103,197.8782263,213.3081878,-44.26250076,3336.817385,3472.680988
48.26,-126.57,5.7164354,91,197.8782263,213.3081878,-44.26250076,3336.817385,3472.680988
48.16,-126.61,5.7203693,106,197.8101742,213.2348291,-45.47949982,3337.105274,3472.981214
48.15,-126.63,5.9089842,112,194.6275181,209.8039989,-45.47949982,3350.794079,3487.256682
48.14,-126.64,5.9089842,115,194.6275181,209.8039989,-45.47949982,3350.794079,3487.256682
48.14,-126.65,5.7152658,116,197.8984727,213.3300129,-42.68918228,3336.731773,3472.591706
48.13,-126.66,5.7152658,114,197.8984727,213.3300129,-42.68918228,3336.731773,3472.591706
48.13,-126.67,5.7152658,122,197.8984727,213.3300129,-42.68918228,3336.731773,3472.591706
48.12,-126.68,5.7152658,127,197.8984727,213.3300129,-42.68918228,3336.731773,3472.591706
48.12,-126.69,5.7152658,120,197.8984727,213.3300129,-42.68918228,3336.731773,3472.591706
48.11,-126.7,5.7152658,118,197.8984727,213.3300129,-42.68918228,3336.731773,3472.591706
48.11,-126.71,5.7152658,124,197.8984727,213.3300129,-42.68918228,3336.731773,3472.591706
48.1,-126.72,5.7152658,123,197.8984727,213.3300129,-42.68918228,3336.731773,3472.591706
48.09,-126.73,5.7152658,141,197.8984727,213.3300129,-42.68918228,3336.731773,3472.591706
48.09,-126.74,5.7152658,142,197.8984727,213.3300129,-42.68918228,3336.731773,3472.591706
48.08,-126.75,5.4567189,136,202.5325674,218.3254606,-42.68918228,3317.586733,3452.626164
48.08,-126.76,5.4567189,121,202.5325674,218.3254606,-35.76579285,3317.586733,3452.626164
48.07,-126.77,5.4567189,78,202.5325674,218.3254606,-23.55309105,3317.586733,3452.626164
48.07,-126.78,5.4567189,135,202.5325674,218.3254606,-23.55309105,3317.586733,3452.626164
48.56,-127.08,4.5077429,109,222.8338121,240.2097366,-50.09257126,3243.100602,3374.947771
48.55,-127.09,4.3637662,108,226.4800342,244.1402804,-50.09257126,3231.137032,3362.471476
48.55,-127.09,4.3637662,112,226.4800342,244.1402804,-50.09257126,3231.137032,3362.471476
48.55,-127.1,4.3637662,118,226.4800342,244.1402804,-50.09257126,3231.137032,3362.471476
48.55,-127.1,4.3637662,118,226.4800342,244.1402804,-50.09257126,3231.137032,3362.471476
48.68,-126.84,5.752306,89,197.2602906,212.6420673,-33.3253479,3339.438792,3475.41474
48.67,-126.86,5.5437579,96,200.9363601,216.6047859,-33.3253479,3324.081515,3459.399294
48.67,-126.86,5.5437579,88,200.9363601,216.6047859,-33.3253479,3324.081515,3459.399294
48.66,-126.87,5.5437579,92,200.9363601,216.6047859,-33.3253479,3324.081515,3459.399294
48.66,-126.88,5.5437579,97,200.9363601,216.6047859,-27.44796753,3324.081515,3459.399294
48.66,-126.89,5.5437579,96,200.9363601,216.6047859,-27.44796753,3324.081515,3459.399294
48.65,-126.89,5.0980859,107,209.5352452,225.8741866,-40.77328873,3290.262945,3424.131357
48.65,-126.9,5.0980859,107,209.5352452,225.8741866,-40.77328873,3290.262945,3424.131357
48.64,-126.91,5.0980859,96,209.5352452,225.8741866,-40.77328873,3290.262945,3424.131357
48.64,-126.92,5.0980859,103,209.5352452,225.8741866,-40.77328873,3290.262945,3424.131357
48.64,-126.92,5.0980859,93,209.5352452,225.8741866,-40.77328873,3290.262945,3424.131357
48.63,-126.93,5.0980859,84,209.5352452,225.8741866,-40.77328873,3290.262945,3424.131357
48.63,-126.94,5.0980859,84,209.5352452,225.8741866,-40.77328873,3290.262945,3424.131357
48.63,-126.95,4.8090472,109,215.7402309,232.5630189,-40.77328873,3267.533896,3400.428206
48.62,-126.96,4.8090472,102,215.7402309,232.5630189,-40.77328873,3267.533896,3400.428206
48.62,-126.96,4.8090472,110,215.7402309,232.5630189,-40.77328873,3267.533896,3400.428206
48.61,-126.97,4.8090472,109,215.7402309,232.5630189,-40.77328873,3267.533896,3400.428206
48.61,-126.98,4.8090472,110,215.7402309,232.5630189,-40.77328873,3267.533896,3400.428206
48.76,-126.67,6.336699,82,187.9442831,202.5996249,-26.99560928,3381.048028,3518.807229
48.74,-126.7,5.9347811,81,194.2040607,209.3475215,-26.99560928,3352.649216,3489.191325
48.74,-126.72,5.9347811,75,194.2040607,209.3475215,-26.99560928,3352.649216,3489.191325
48.73,-126.73,5.9347811,67,194.2040607,209.3475215,-26.99560928,3352.649216,3489.191325
48.72,-126.75,5.752306,82,197.2602906,212.6420673,-26.99560928,3339.438792,3475.41474
48.71,-126.76,5.752306,72,197.2602906,212.6420673,-33.3253479,3339.438792,3475.41474
48.71,-126.78,5.752306,92,197.2602906,212.6420673,-33.3253479,3339.438792,3475.41474
48.26,-126.37,6.2660885,95,189.0002579,203.7379415,-23.99115753,3376.125471,3513.673706
48.26,-126.38,6.2660885,92,189.0002579,203.7379415,-23.99115753,3376.125471,3513.673706
48.26,-126.39,6.2660885,95,189.0002579,203.7379415,-23.99115753,3376.125471,3513.673706
48.25,-126.39,6.2521348,103,189.2110485,203.965169,-23.99115753,3375.149423,3512.655827
48.25,-126.4,6.2521348,94,189.2110485,203.965169,-23.99115753,3375.149423,3512.655827
48.25,-126.41,6.2521348,105,189.2110485,203.965169,-40.74657059,3375.149423,3512.655827
48.24,-126.41,6.2521348,106,189.2110485,203.965169,-40.74657059,3375.149423,3512.655827
48.24,-126.42,6.2521348,100,189.2110485,203.965169,-40.74657059,3375.149423,3512.655827
48.24,-126.42,6.2521348,95,189.2110485,203.965169,-40.74657059,3375.149423,3512.655827
48.24,-126.43,6.2521348,97,189.2110485,203.965169,-40.74657059,3375.149423,3512.655827
48.23,-126.44,6.2521348,99,189.2110485,203.965169,-40.74657059,3375.149423,3512.655827
48.23,-126.44,6.2521348,103,189.2110485,203.965169,-40.74657059,3375.149423,3512.655827
48.23,-126.45,6.2521348,109,189.2110485,203.965169,-40.74657059,3375.149423,3512.655827
48.23,-126.45,6.2521348,127,189.2110485,203.965169,-40.74657059,3375.149423,3512.655827
48.22,-126.46,5.9770608,101,193.5159749,208.6057808,-40.74657059,3355.680985,3492.353027
48.22,-126.47,5.9770608,91,193.5159749,208.6057808,-40.74657059,3355.680985,3492.353027
48.22,-126.47,5.9770608,94,193.5159749,208.6057808,-40.74657059,3355.680985,3492.353027
48.21,-126.48,5.9770608,100,193.5159749,208.6057808,-40.74657059,3355.680985,3492.353027
48.21,-126.48,5.9770608,93,193.5159749,208.6057808,-40.74657059,3355.680985,3492.353027
48.21,-126.49,5.9770608,89,193.5159749,208.6057808,-40.74657059,3355.680985,3492.353027
48.21,-126.5,5.9770608,66,193.5159749,208.6057808,-40.74657059,3355.680985,3492.353027
48.2,-126.5,5.9770608,129,193.5159749,208.6057808,-40.74657059,3355.680985,3492.353027
48.2,-126.51,5.9770608,46,193.5159749,208.6057808,-40.74657059,3355.680985,3492.353027
48.2,-126.51,5.9770608,69,193.5159749,208.6057808,-40.74657059,3355.680985,3492.353027
48.2,-126.52,5.9770608,67,193.5159749,208.6057808,-40.74657059,3355.680985,3492.353027
48.19,-126.53,5.9770608,94,193.5159749,208.6057808,-45.47949982,3355.680985,3492.353027
48.19,-126.53,5.9770608,115,193.5159749,208.6057808,-45.47949982,3355.680985,3492.353027
48.19,-126.54,5.9770608,121,193.5159749,208.6057808,-45.47949982,3355.680985,3492.353027
48.18,-126.54,5.9770608,97,193.5159749,208.6057808,-45.47949982,3355.680985,3492.353027
48.18,-126.55,5.7203693,120,197.8101742,213.2348291,-45.47949982,3337.105274,3472.981214
48.18,-126.56,5.7203693,110,197.8101742,213.2348291,-45.47949982,3337.105274,3472.981214
48.18,-126.56,5.7203693,114,197.8101742,213.2348291,-45.47949982,3337.105274,3472.981214
48.17,-126.57,5.7203693,112,197.8101742,213.2348291,-45.47949982,3337.105274,3472.981214
48.17,-126.57,5.7203693,111,197.8101742,213.2348291,-45.47949982,3337.105274,3472.981214
48.17,-126.58,5.7203693,114,197.8101742,213.2348291,-45.47949982,3337.105274,3472.981214
48.17,-126.59,5.7203693,130,197.8101742,213.2348291,-45.47949982,3337.105274,3472.981214
48.42,-126.97,4.6329985,147,219.8009571,236.9403885,-46.6350174,3253.354044,3385.640646
48.43,-126.98,4.6329985,147,219.8009571,236.9403885,-47.87159729,3253.354044,3385.640646
48.43,-126.98,4.6329985,142,219.8009571,236.9403885,-47.87159729,3253.354044,3385.640646
48.44,-126.99,4.6329985,145,219.8009571,236.9403885,-47.87159729,3253.354044,3385.640646
48.44,-127,4.6329985,145,219.8009571,236.9403885,-51.45562744,3253.354044,3385.640646
48.45,-127,4.6428313,139,219.5680815,236.689354,-51.45562744,3254.153058,3386.473903
48.45,-127.01,4.6428313,117,219.5680815,236.689354,-51.45562744,3254.153058,3386.473903
48.36,-126.22,6.6210885,89,183.8636861,198.2008349,-8.39423275,3400.601655,3539.198869
48.56,-127.08,4.5077429,109,222.8338121,240.2097366,-50.09257126,3243.100602,3374.947771
48.56,-127.08,4.5077429,108,222.8338121,240.2097366,-50.09257126,3243.100602,3374.947771
48.55,-127.09,4.3637662,112,226.4800342,244.1402804,-50.09257126,3231.137032,3362.471476
48.55,-127.1,4.3637662,118,226.4800342,244.1402804,-50.09257126,3231.137032,3362.471476
48.68,-126.84,5.752306,89,197.2602906,212.6420673,-33.3253479,3339.438792,3475.41474
48.67,-126.85,5.752306,96,197.2602906,212.6420673,-33.3253479,3339.438792,3475.41474
48.67,-126.86,5.5437579,88,200.9363601,216.6047859,-33.3253479,3324.081515,3459.399294
48.67,-126.86,5.5437579,92,200.9363601,216.6047859,-33.3253479,3324.081515,3459.399294
48.66,-126.87,5.5437579,97,200.9363601,216.6047859,-33.3253479,3324.081515,3459.399294
48.66,-126.88,5.5437579,96,200.9363601,216.6047859,-27.44796753,3324.081515,3459.399294
48.65,-126.89,5.0980859,107,209.5352452,225.8741866,-40.77328873,3290.262945,3424.131357
48.65,-126.91,5.0980859,96,209.5352452,225.8741866,-40.77328873,3290.262945,3424.131357
48.64,-126.91,5.0980859,103,209.5352452,225.8741866,-40.77328873,3290.262945,3424.131357
48.64,-126.92,5.0980859,93,209.5352452,225.8741866,-40.77328873,3290.262945,3424.131357
48.63,-126.93,5.0980859,84,209.5352452,225.8741866,-40.77328873,3290.262945,3424.131357
48.63,-126.95,4.8090472,109,215.7402309,232.5630189,-40.77328873,3267.533896,3400.428206
48.62,-126.95,4.8090472,102,215.7402309,232.5630189,-40.77328873,3267.533896,3400.428206
48.62,-126.96,4.8090472,110,215.7402309,232.5630189,-40.77328873,3267.533896,3400.428206
48.61,-126.97,4.8090472,109,215.7402309,232.5630189,-40.77328873,3267.533896,3400.428206
48.61,-126.98,4.8090472,110,215.7402309,232.5630189,-40.77328873,3267.533896,3400.428206
48.76,-126.67,6.336699,82,187.9442831,202.5996249,-26.99560928,3381.048028,3518.807229
48.75,-126.69,5.9347811,81,194.2040607,209.3475215,-26.99560928,3352.649216,3489.191325
48.74,-126.71,5.9347811,75,194.2040607,209.3475215,-26.99560928,3352.649216,3489.191325
48.73,-126.73,5.9347811,67,194.2040607,209.3475215,-26.99560928,3352.649216,3489.191325
48.72,-126.74,5.9347811,82,194.2040607,209.3475215,-26.99560928,3352.649216,3489.191325
48.72,-126.76,5.752306,72,197.2602906,212.6420673,-33.3253479,3339.438792,3475.41474
48.71,-126.78,5.752306,92,197.2602906,212.6420673,-33.3253479,3339.438792,3475.41474
48.26,-126.37,6.2660885,95,189.0002579,203.7379415,-23.99115753,3376.125471,3513.673706
48.26,-126.38,6.2660885,92,189.0002579,203.7379415,-23.99115753,3376.125471,3513.673706
48.26,-126.38,6.2660885,95,189.0002579,203.7379415,-23.99115753,3376.125471,3513.673706
48.25,-126.39,6.2521348,103,189.2110485,203.965169,-23.99115753,3375.149423,3512.655827
48.25,-126.39,6.2521348,94,189.2110485,203.965169,-23.99115753,3375.149423,3512.655827
48.25,-126.4,6.2521348,105,189.2110485,203.965169,-23.99115753,3375.149423,3512.655827
48.25,-126.41,6.2521348,106,189.2110485,203.965169,-40.74657059,3375.149423,3512.655827
48.24,-126.41,6.2521348,100,189.2110485,203.965169,-40.74657059,3375.149423,3512.655827
48.24,-126.42,6.2521348,95,189.2110485,203.965169,-40.74657059,3375.149423,3512.655827
48.24,-126.43,6.2521348,97,189.2110485,203.965169,-40.74657059,3375.149423,3512.655827
48.24,-126.43,6.2521348,99,189.2110485,203.965169,-40.74657059,3375.149423,3512.655827
48.23,-126.44,6.2521348,103,189.2110485,203.965169,-40.74657059,3375.149423,3512.655827
48.23,-126.44,6.2521348,109,189.2110485,203.965169,-40.74657059,3375.149423,3512.655827
48.23,-126.45,6.2521348,127,189.2110485,203.965169,-40.74657059,3375.149423,3512.655827
48.22,-126.46,5.9770608,101,193.5159749,208.6057808,-40.74657059,3355.680985,3492.353027
48.22,-126.46,5.9770608,91,193.5159749,208.6057808,-40.74657059,3355.680985,3492.353027
48.22,-126.47,5.9770608,94,193.5159749,208.6057808,-40.74657059,3355.680985,3492.353027
48.22,-126.48,5.9770608,100,193.5159749,208.6057808,-40.74657059,3355.680985,3492.353027
48.21,-126.48,5.9770608,93,193.5159749,208.6057808,-40.74657059,3355.680985,3492.353027
48.21,-126.49,5.9770608,89,193.5159749,208.6057808,-40.74657059,3355.680985,3492.353027
48.21,-126.49,5.9770608,66,193.5159749,208.6057808,-40.74657059,3355.680985,3492.353027
48.2,-126.5,5.9770608,129,193.5159749,208.6057808,-40.74657059,3355.680985,3492.353027
48.2,-126.51,5.9770608,46,193.5159749,208.6057808,-40.74657059,3355.680985,3492.353027
48.2,-126.51,5.9770608,69,193.5159749,208.6057808,-40.74657059,3355.680985,3492.353027
48.2,-126.52,5.9770608,67,193.5159749,208.6057808,-40.74657059,3355.680985,3492.353027
48.19,-126.52,5.9770608,94,193.5159749,208.6057808,-35.12231064,3355.680985,3492.353027
48.19,-126.53,5.9770608,115,193.5159749,208.6057808,-45.47949982,3355.680985,3492.353027
48.19,-126.54,5.9770608,121,193.5159749,208.6057808,-45.47949982,3355.680985,3492.353027
48.18,-126.54,5.9770608,97,193.5159749,208.6057808,-45.47949982,3355.680985,3492.353027
48.18,-126.55,5.7203693,120,197.8101742,213.2348291,-45.47949982,3337.105274,3472.981214
48.18,-126.56,5.7203693,110,197.8101742,213.2348291,-45.47949982,3337.105274,3472.981214
48.18,-126.56,5.7203693,114,197.8101742,213.2348291,-45.47949982,3337.105274,3472.981214
48.17,-126.57,5.7203693,112,197.8101742,213.2348291,-45.47949982,3337.105274,3472.981214
48.17,-126.57,5.7203693,111,197.8101742,213.2348291,-45.47949982,3337.105274,3472.981214
48.17,-126.58,5.7203693,114,197.8101742,213.2348291,-45.47949982,3337.105274,3472.981214
48.17,-126.59,5.7203693,130,197.8101742,213.2348291,-45.47949982,3337.105274,3472.981214
48.41,-126.97,4.6329985,147,219.8009571,236.9403885,-46.6350174,3253.354044,3385.640646
48.42,-126.98,4.6329985,142,219.8009571,236.9403885,-46.6350174,3253.354044,3385.640646
48.43,-126.99,4.6329985,145,219.8009571,236.9403885,-47.87159729,3253.354044,3385.640646
48.44,-127,4.6329985,139,219.8009571,236.9403885,-51.45562744,3253.354044,3385.640646
48.45,-127.01,4.6428313,117,219.5680815,236.689354,-51.45562744,3254.153058,3386.473903
48.36,-126.22,6.6210885,89,183.8636861,198.2008349,-8.39423275,3400.601655,3539.198869
48.36,-126.23,6.6210885,87,183.8636861,198.2008349,-8.39423275,3400.601655,3539.198869
48.36,-126.23,6.6210885,92,183.8636861,198.2008349,-8.39423275,3400.601655,3539.198869
48.35,-126.24,6.6210885,82,183.8636861,198.2008349,-8.39423275,3400.601655,3539.198869
48.35,-126.24,6.6210885,83,183.8636861,198.2008349,-8.39423275,3400.601655,3539.198869
48.35,-126.25,6.40137,81,186.9925025,201.5736273,-8.39423275,3385.532509,3523.483903
48.34,-126.26,6.5365396,90,185.0489864,199.4785615,-8.39423275,3394.833002,3533.182988
48.33,-126.27,6.5365396,103,185.0489864,199.4785615,-8.39423275,3394.833002,3533.182988
48.33,-126.28,6.5365396,66,185.0489864,199.4785615,-8.39423275,3394.833002,3533.182988
48.32,-126.29,6.5365396,76,185.0489864,199.4785615,-8.39423275,3394.833002,3533.182988
48.32,-126.3,6.5365396,91,185.0489864,199.4785615,-18.40250206,3394.833002,3533.182988
48.31,-126.31,6.5365396,79,185.0489864,199.4785615,-18.40250206,3394.833002,3533.182988
48.29,-126.51,5.9780002,95,193.5007695,208.5893897,-40.74657059,3355.748225,3492.423149
48.28,-126.52,5.9780002,93,193.5007695,208.5893897,-40.74657059,3355.748225,3492.423149
48.28,-126.52,5.9780002,89,193.5007695,208.5893897,-40.74657059,3355.748225,3492.423149
48.27,-126.53,5.9780002,124,193.5007695,208.5893897,-44.26250076,3355.748225,3492.423149
48.27,-126.54,5.9780002,119,193.5007695,208.5893897,-44.26250076,3355.748225,3492.423149
48.27,-126.55,5.7164354,118,197.8782263,213.3081878,-44.26250076,3336.817385,3472.680988
48.26,-126.56,5.7164354,103,197.8782263,213.3081878,-44.26250076,3336.817385,3472.680988
48.26,-126.57,5.7164354,91,197.8782263,213.3081878,-44.26250076,3336.817385,3472.680988
48.16,-126.61,5.7203693,106,197.8101742,213.2348291,-45.47949982,3337.105274,3472.981214
48.15,-126.62,5.9089842,112,194.6275181,209.8039989,-45.47949982,3350.794079,3487.256682
48.15,-126.63,5.9089842,115,194.6275181,209.8039989,-45.47949982,3350.794079,3487.256682
48.14,-126.64,5.9089842,116,194.6275181,209.8039989,-45.47949982,3350.794079,3487.256682
48.14,-126.65,5.7152658,114,197.8984727,213.3300129,-42.68918228,3336.731773,3472.591706
48.13,-126.66,5.7152658,122,197.8984727,213.3300129,-42.68918228,3336.731773,3472.591706
48.12,-126.67,5.7152658,127,197.8984727,213.3300129,-42.68918228,3336.731773,3472.591706
48.12,-126.68,5.7152658,120,197.8984727,213.3300129,-42.68918228,3336.731773,3472.591706
48.11,-126.69,5.7152658,118,197.8984727,213.3300129,-42.68918228,3336.731773,3472.591706
48.11,-126.7,5.7152658,124,197.8984727,213.3300129,-42.68918228,3336.731773,3472.591706
48.1,-126.72,5.7152658,123,197.8984727,213.3300129,-42.68918228,3336.731773,3472.591706
48.1,-126.73,5.7152658,141,197.8984727,213.3300129,-42.68918228,3336.731773,3472.591706
48.09,-126.74,5.7152658,142,197.8984727,213.3300129,-42.68918228,3336.731773,3472.591706
48.09,-126.75,5.4567189,136,202.5325674,218.3254606,-42.68918228,3317.586733,3452.626164
48.07,-126.77,5.4567189,78,202.5325674,218.3254606,-23.55309105,3317.586733,3452.626164
48.07,-126.78,5.4567189,135,202.5325674,218.3254606,-23.55309105,3317.586733,3452.626164
47.93,-128.85,0.66285837,166,581.0992123,626.4116178,-10.49689579,2784.956401,2897.168818
47.92,-128.84,0.66285837,149,581.0992123,626.4116178,-10.49689579,2784.956401,2897.168818
47.92,-128.84,0.66285837,94,581.0992123,626.4116178,-10.49689579,2784.956401,2897.168818
47.92,-128.83,0.66285837,113,581.0992123,626.4116178,-10.49689579,2784.956401,2897.168818
47.92,-128.82,0.66285837,111,581.0992123,626.4116178,-10.49689579,2784.956401,2897.168818
47.92,-128.82,0.66285837,115,581.0992123,626.4116178,-10.49689579,2784.956401,2897.168818
47.92,-128.81,0.66285837,98,581.0992123,626.4116178,-10.49689579,2784.956401,2897.168818
47.91,-128.81,0.66285837,88,581.0992123,626.4116178,-10.49689579,2784.956401,2897.168818
47.91,-128.8,0.66285837,96,581.0992123,626.4116178,-10.49689579,2784.956401,2897.168818
47.91,-128.8,0.66285837,115,581.0992123,626.4116178,-10.49689579,2784.956401,2897.168818
47.91,-128.79,0.66285837,131,581.0992123,626.4116178,-10.49689579,2784.956401,2897.168818
47.9,-128.78,0.66285837,166,581.0992123,626.4116178,-10.49689579,2784.956401,2897.168818
47.88,-128.73,0.91232389,247,495.3203091,533.9439284,-8.577288628,2834.304766,2948.632113
47.88,-128.72,0.91232389,228,495.3203091,533.9439284,-8.577288628,2834.304766,2948.632113
47.88,-128.71,0.91232389,249,495.3203091,533.9439284,-8.577288628,2834.304766,2948.632113
47.87,-128.71,0.91232389,260,495.3203091,533.9439284,-8.577288628,2834.304766,2948.632113
47.87,-128.7,0.91232389,290,495.3203091,533.9439284,-8.577288628,2834.304766,2948.632113
47.87,-128.7,0.91232389,282,495.3203091,533.9439284,-8.577288628,2834.304766,2948.632113
47.87,-128.69,0.91232389,357,495.3203091,533.9439284,-8.577288628,2834.304766,2948.632113
47.86,-128.68,0.91232389,273,495.3203091,533.9439284,-8.577288628,2834.304766,2948.632113
47.86,-128.67,0.91232389,290,495.3203091,533.9439284,-8.577288628,2834.304766,2948.632113
47.86,-128.67,0.91232389,273,495.3203091,533.9439284,-8.577288628,2834.304766,2948.632113
47.86,-128.66,0.91232389,333,495.3203091,533.9439284,-8.577288628,2834.304766,2948.632113
47.86,-128.66,0.91232389,456,495.3203091,533.9439284,-8.577288628,2834.304766,2948.632113
47.85,-128.64,1.1679138,334,437.7793418,471.9160858,-8.577288628,2878.245212,2994.455721
47.85,-128.64,1.1679138,245,437.7793418,471.9160858,-8.577288628,2878.245212,2994.455721
47.85,-128.63,1.1679138,275,437.7793418,471.9160858,-8.577288628,2878.245212,2994.455721
47.96,-128.81,0.50150979,358,668.068433,720.1624423,-5.608677864,2747.860746,2858.483349
47.96,-128.81,0.50150979,478,668.068433,720.1624423,-5.608677864,2747.860746,2858.483349
47.95,-128.81,0.50150979,390,668.068433,720.1624423,-10.49689579,2747.860746,2858.483349
47.95,-128.81,0.50150979,386,668.068433,720.1624423,-10.49689579,2747.860746,2858.483349
47.94,-128.81,0.66285837,364,581.0992123,626.4116178,-10.49689579,2784.956401,2897.168818
47.93,-128.83,0.66285837,304,581.0992123,626.4116178,-10.49689579,2784.956401,2897.168818
47.93,-128.82,0.66285837,112,581.0992123,626.4116178,-10.49689579,2784.956401,2897.168818
47.93,-128.82,0.66285837,153,581.0992123,626.4116178,-10.49689579,2784.956401,2897.168818
47.92,-128.82,0.66285837,73,581.0992123,626.4116178,-10.49689579,2784.956401,2897.168818
47.92,-128.83,0.66285837,175,581.0992123,626.4116178,-10.49689579,2784.956401,2897.168818
47.91,-128.82,0.66285837,113,581.0992123,626.4116178,-10.49689579,2784.956401,2897.168818
47.9,-128.83,0.66285837,110,581.0992123,626.4116178,-10.49689579,2784.956401,2897.168818
47.9,-128.83,0.66285837,180,581.0992123,626.4116178,-10.49689579,2784.956401,2897.168818
47.89,-128.83,0.66285837,139,581.0992123,626.4116178,-10.49689579,2784.956401,2897.168818
47.89,-128.83,0.66285837,123,581.0992123,626.4116178,-10.49689579,2784.956401,2897.168818
47.88,-128.83,0.66285837,114,581.0992123,626.4116178,-10.49689579,2784.956401,2897.168818
47.87,-128.83,0.66285837,119,581.0992123,626.4116178,-10.49689579,2784.956401,2897.168818
47.87,-128.84,0.66285837,125,581.0992123,626.4116178,-10.49689579,2784.956401,2897.168818
47.86,-128.84,0.66285837,265,581.0992123,626.4116178,-10.49689579,2784.956401,2897.168818
47.99,-128.79,0.50150979,208,668.068433,720.1624423,-5.608677864,2747.860746,2858.483349
47.99,-128.8,0.50150979,170,668.068433,720.1624423,-5.608677864,2747.860746,2858.483349
47.98,-128.8,0.50150979,172,668.068433,720.1624423,-5.608677864,2747.860746,2858.483349
47.98,-128.8,0.50150979,148,668.068433,720.1624423,-5.608677864,2747.860746,2858.483349
47.97,-128.81,0.50150979,177,668.068433,720.1624423,-5.608677864,2747.860746,2858.483349
47.97,-128.81,0.50150979,161,668.068433,720.1624423,-5.608677864,2747.860746,2858.483349
47.97,-128.83,0.50150979,131,668.068433,720.1624423,-5.608677864,2747.860746,2858.483349
47.96,-128.82,0.50150979,139,668.068433,720.1624423,-5.608677864,2747.860746,2858.483349
47.94,-128.76,0.66285837,91,581.0992123,626.4116178,-10.49689579,2784.956401,2897.168818
47.94,-128.77,0.66285837,106,581.0992123,626.4116178,-10.49689579,2784.956401,2897.168818
47.95,-128.78,0.50150979,111,668.068433,720.1624423,-10.49689579,2747.860746,2858.483349
47.95,-128.79,0.50150979,85,668.068433,720.1624423,-10.49689579,2747.860746,2858.483349
47.95,-128.8,0.50150979,85,668.068433,720.1624423,-10.49689579,2747.860746,2858.483349
47.95,-128.81,0.50150979,157,668.068433,720.1624423,-10.49689579,2747.860746,2858.483349
47.96,-128.83,0.50150979,92,668.068433,720.1624423,-5.608677864,2747.860746,2858.483349
47.82,-128.67,1.1115648,571,448.7384322,483.7297338,-12.46199608,2869.007707,2984.822323
47.83,-128.67,1.1115648,542,448.7384322,483.7297338,-12.46199608,2869.007707,2984.822323
47.84,-128.68,1.1115648,409,448.7384322,483.7297338,-12.46199608,2869.007707,2984.822323
47.84,-128.68,1.1115648,427,448.7384322,483.7297338,-12.46199608,2869.007707,2984.822323
47.85,-128.68,0.91232389,312,495.3203091,533.9439284,-8.577288628,2834.304766,2948.632113
47.86,-128.68,0.91232389,298,495.3203091,533.9439284,-8.577288628,2834.304766,2948.632113
47.87,-128.69,0.91232389,360,495.3203091,533.9439284,-8.577288628,2834.304766,2948.632113
47.87,-128.69,0.91232389,274,495.3203091,533.9439284,-8.577288628,2834.304766,2948.632113
47.88,-128.69,0.91232389,251,495.3203091,533.9439284,-8.577288628,2834.304766,2948.632113
47.88,-128.7,0.91232389,291,495.3203091,533.9439284,-8.577288628,2834.304766,2948.632113
47.88,-128.7,0.91232389,304,495.3203091,533.9439284,-8.577288628,2834.304766,2948.632113
47.89,-128.7,0.91232389,266,495.3203091,533.9439284,-8.577288628,2834.304766,2948.632113
47.86,-128.64,1.1679138,271,437.7793418,471.9160858,-8.577288628,2878.245212,2994.455721
47.87,-128.64,1.1679138,274,437.7793418,471.9160858,-8.577288628,2878.245212,2994.455721
47.87,-128.64,1.1679138,358,437.7793418,471.9160858,-8.577288628,2878.245212,2994.455721
47.88,-128.65,0.91232389,245,495.3203091,533.9439284,-8.577288628,2834.304766,2948.632113
47.88,-128.65,0.91232389,309,495.3203091,533.9439284,-8.577288628,2834.304766,2948.632113
47.89,-128.65,0.91232389,298,495.3203091,533.9439284,-8.577288628,2834.304766,2948.632113
47.89,-128.66,0.91232389,207,495.3203091,533.9439284,-8.577288628,2834.304766,2948.632113
47.89,-128.66,0.91232389,384,495.3203091,533.9439284,-8.577288628,2834.304766,2948.632113
47.89,-128.66,0.91232389,364,495.3203091,533.9439284,-8.577288628,2834.304766,2948.632113
47.9,-128.66,0.91232389,398,495.3203091,533.9439284,-8.577288628,2834.304766,2948.632113
47.9,-128.67,0.91232389,387,495.3203091,533.9439284,-8.577288628,2834.304766,2948.632113
47.75,-127.22,4.6330013,146,219.8008907,236.9403169,-5.541047096,3253.354272,3385.640884
47.75,-127.23,4.6330013,140,219.8008907,236.9403169,-10.34975338,3253.354272,3385.640884
47.75,-127.24,4.6330013,146,219.8008907,236.9403169,-10.34975338,3253.354272,3385.640884
47.76,-127.25,4.2658925,142,229.0634015,246.925091,-10.34975338,3222.8913,3353.872355
47.76,-127.26,4.2658925,143,229.0634015,246.925091,-10.34975338,3222.8913,3353.872355
47.76,-127.27,4.2658925,147,229.0634015,246.925091,-10.34975338,3222.8913,3353.872355
47.77,-127.33,4.2658925,161,229.0634015,246.925091,-10.34975338,3222.8913,3353.872355
47.78,-127.35,4.2658925,154,229.0634015,246.925091,-4.742084503,3222.8913,3353.872355
47.78,-127.35,4.2658925,166,229.0634015,246.925091,-4.742084503,3222.8913,3353.872355
47.78,-127.36,4.1103892,158,233.3561151,251.5525379,-4.742084503,3209.593318,3340.00446
47.78,-127.37,4.1103892,181,233.3561151,251.5525379,-4.742084503,3209.593318,3340.00446
47.79,-127.39,4.1103892,155,233.3561151,251.5525379,-4.742084503,3209.593318,3340.00446
47.79,-127.4,4.1103892,145,233.3561151,251.5525379,-4.742084503,3209.593318,3340.00446
47.84,-127.72,3.3711357,1164,257.6751524,277.7679021,-0.975069642,3142.622847,3270.163826
47.84,-127.74,3.3711357,759,257.6751524,277.7679021,-0.975069642,3142.622847,3270.163826
47.84,-127.75,3.1612465,310,266.091792,286.8408464,-0.975069642,3122.296309,3248.966151
47.84,-127.77,3.1612465,253,266.091792,286.8408464,-0.975069642,3122.296309,3248.966151
47.84,-127.77,3.1612465,223,266.091792,286.8408464,-0.975069642,3122.296309,3248.966151
47.85,-127.78,2.9645884,194,274.7757845,296.2019911,-0.518282652,3102.629305,3228.456275
47.85,-127.79,2.9645884,213,274.7757845,296.2019911,-0.518282652,3102.629305,3228.456275
47.85,-127.8,2.9645884,209,274.7757845,296.2019911,-0.518282652,3102.629305,3228.456275
47.85,-127.81,2.9645884,237,274.7757845,296.2019911,3.526834726,3102.629305,3228.456275
47.85,-127.82,2.9645884,255,274.7757845,296.2019911,3.526834726,3102.629305,3228.456275
47.85,-127.82,2.9645884,277,274.7757845,296.2019911,3.526834726,3102.629305,3228.456275
47.85,-127.83,2.9645884,258,274.7757845,296.2019911,3.526834726,3102.629305,3228.456275
47.86,-127.84,2.9645884,269,274.7757845,296.2019911,3.526834726,3102.629305,3228.456275
47.86,-127.87,2.6994836,213,287.9521412,310.4058013,3.526834726,3075.053685,3199.698843
47.86,-127.91,2.6994836,221,287.9521412,310.4058013,3.526834726,3075.053685,3199.698843
47.85,-127.63,3.4528952,1741,254.6061914,274.4596325,3.032176971,3150.368866,3278.241818
47.85,-127.64,3.4528952,366,254.6061914,274.4596325,3.032176971,3150.368866,3278.241818
47.85,-127.65,3.1907601,460,264.8582972,285.5111674,3.032176971,3125.19446,3251.988508
47.86,-127.67,3.1907601,215,264.8582972,285.5111674,3.032176971,3125.19446,3251.988508
47.86,-127.67,3.1907601,200,264.8582972,285.5111674,3.032176971,3125.19446,3251.988508
47.86,-127.68,3.1907601,171,264.8582972,285.5111674,3.032176971,3125.19446,3251.988508
47.86,-127.7,3.1907601,202,264.8582972,285.5111674,-0.518282652,3125.19446,3251.988508
47.86,-127.7,3.1907601,244,264.8582972,285.5111674,-0.518282652,3125.19446,3251.988508
47.86,-127.71,3.1907601,326,264.8582972,285.5111674,-0.518282652,3125.19446,3251.988508
47.86,-127.71,3.1907601,440,264.8582972,285.5111674,-0.518282652,3125.19446,3251.988508
47.87,-127.72,3.1907601,1004,264.8582972,285.5111674,-0.518282652,3125.19446,3251.988508
47.87,-127.72,3.1907601,1169,264.8582972,285.5111674,-0.518282652,3125.19446,3251.988508
47.87,-127.72,3.1907601,353,264.8582972,285.5111674,-0.518282652,3125.19446,3251.988508
47.87,-127.73,3.1907601,253,264.8582972,285.5111674,-0.518282652,3125.19446,3251.988508
47.87,-127.74,3.1907601,300,264.8582972,285.5111674,-0.518282652,3125.19446,3251.988508
47.87,-127.74,3.1907601,297,264.8582972,285.5111674,-0.518282652,3125.19446,3251.988508
47.87,-127.62,3.4528952,720,254.6061914,274.4596325,3.032176971,3150.368866,3278.241818
47.9,-127.64,3.4528952,262,254.6061914,274.4596325,3.032176971,3150.368866,3278.241818
47.91,-127.64,3.4528952,225,254.6061914,274.4596325,3.032176971,3150.368866,3278.241818
47.92,-127.65,3.1907601,197,264.8582972,285.5111674,3.032176971,3125.19446,3251.988508
47.92,-127.65,3.1907601,170,264.8582972,285.5111674,3.032176971,3125.19446,3251.988508
47.93,-127.65,3.1907601,157,264.8582972,285.5111674,3.032176971,3125.19446,3251.988508
47.94,-127.66,3.1907601,153,264.8582972,285.5111674,3.032176971,3125.19446,3251.988508
47.86,-127.68,3.1907601,154,264.8582972,285.5111674,3.032176971,3125.19446,3251.988508
47.86,-127.68,3.1907601,177,264.8582972,285.5111674,3.032176971,3125.19446,3251.988508
47.87,-127.69,3.1907601,196,264.8582972,285.5111674,3.032176971,3125.19446,3251.988508
47.87,-127.69,3.1907601,244,264.8582972,285.5111674,3.032176971,3125.19446,3251.988508
47.88,-127.69,3.1907601,246,264.8582972,285.5111674,3.032176971,3125.19446,3251.988508
47.89,-127.7,3.1907601,223,264.8582972,285.5111674,-0.518282652,3125.19446,3251.988508
47.89,-127.7,3.1907601,283,264.8582972,285.5111674,-0.518282652,3125.19446,3251.988508
47.89,-127.7,3.1907601,338,264.8582972,285.5111674,-0.518282652,3125.19446,3251.988508
47.9,-127.71,3.1907601,512,264.8582972,285.5111674,-0.518282652,3125.19446,3251.988508
47.9,-127.71,3.1907601,988,264.8582972,285.5111674,-0.518282652,3125.19446,3251.988508
47.91,-127.71,3.1907601,429,264.8582972,285.5111674,-0.518282652,3125.19446,3251.988508
47.92,-127.71,3.1907601,277,264.8582972,285.5111674,-0.518282652,3125.19446,3251.988508
47.92,-127.72,3.1907601,340,264.8582972,285.5111674,-0.518282652,3125.19446,3251.988508
47.93,-127.72,3.1907601,273,264.8582972,285.5111674,-0.518282652,3125.19446,3251.988508
47.94,-127.73,3.1907601,277,264.8582972,285.5111674,-0.518282652,3125.19446,3251.988508
47.94,-127.73,3.1907601,279,264.8582972,285.5111674,-0.518282652,3125.19446,3251.988508
47.95,-127.73,3.0129824,195,272.5601513,293.8135893,-0.518282652,3107.52806,3233.564977
47.96,-127.74,3.0129824,178,272.5601513,293.8135893,-0.881052673,3107.52806,3233.564977
47.96,-127.74,3.0129824,180,272.5601513,293.8135893,-0.881052673,3107.52806,3233.564977
47.76,-127.63,3.5786738,159,250.0918862,269.5933151,-0.419886947,3162.108405,3290.48448
47.83,-127.66,3.3711357,222,257.6751524,277.7679021,-0.419886947,3142.622847,3270.163826
47.84,-127.67,3.3711357,196,257.6751524,277.7679021,-0.419886947,3142.622847,3270.163826
47.84,-127.67,3.3711357,210,257.6751524,277.7679021,-0.419886947,3142.622847,3270.163826
47.85,-127.67,3.1907601,260,264.8582972,285.5111674,3.032176971,3125.19446,3251.988508
47.85,-127.67,3.1907601,211,264.8582972,285.5111674,3.032176971,3125.19446,3251.988508
47.86,-127.68,3.1907601,199,264.8582972,285.5111674,3.032176971,3125.19446,3251.988508
47.82,-127.49,3.8465323,208,241.2270285,260.0372019,-0.675474346,3186.440243,3315.85911
47.82,-127.49,3.8465323,185,241.2270285,260.0372019,-0.675474346,3186.440243,3315.85911
47.82,-127.51,3.8465323,216,241.2270285,260.0372019,-0.675474346,3186.440243,3315.85911
47.82,-127.52,3.8465323,146,241.2270285,260.0372019,-0.675474346,3186.440243,3315.85911
47.83,-127.53,3.8465323,132,241.2270285,260.0372019,-0.675474346,3186.440243,3315.85911
47.83,-127.54,3.8465323,132,241.2270285,260.0372019,-0.675474346,3186.440243,3315.85911
47.83,-127.55,3.5786738,160,250.0918862,269.5933151,-0.675474346,3162.108405,3290.48448
47.83,-127.56,3.5786738,251,250.0918862,269.5933151,-0.675474346,3162.108405,3290.48448
47.84,-127.57,3.5786738,275,250.0918862,269.5933151,-0.675474346,3162.108405,3290.48448
47.84,-127.58,3.5786738,393,250.0918862,269.5933151,-0.419886947,3162.108405,3290.48448
47.84,-127.59,3.5786738,237,250.0918862,269.5933151,-0.419886947,3162.108405,3290.48448
47.84,-127.6,3.5786738,197,250.0918862,269.5933151,-0.419886947,3162.108405,3290.48448
47.84,-127.61,3.5786738,253,250.0918862,269.5933151,-0.419886947,3162.108405,3290.48448
47.89,-127.49,3.7126944,221,245.5364981,264.6827112,-1.241449118,3174.392367,3303.294896
47.91,-127.59,3.4528952,205,254.6061914,274.4596325,3.032176971,3150.368866,3278.241818
47.91,-127.59,3.4528952,224,254.6061914,274.4596325,3.032176971,3150.368866,3278.241818
47.72,-127.82,3.251128,184,262.3877919,282.8480193,-3.409561634,3131.080962,3258.127288
47.72,-127.82,3.251128,181,262.3877919,282.8480193,-3.409561634,3131.080962,3258.127288
47.72,-127.81,3.251128,172,262.3877919,282.8480193,-3.409561634,3131.080962,3258.127288
47.72,-127.8,3.251128,218,262.3877919,282.8480193,1.003651619,3131.080962,3258.127288
47.71,-127.79,3.251128,269,262.3877919,282.8480193,1.003651619,3131.080962,3258.127288
47.71,-127.79,3.251128,302,262.3877919,282.8480193,1.003651619,3131.080962,3258.127288
47.71,-127.79,3.251128,971,262.3877919,282.8480193,1.003651619,3131.080962,3258.127288
47.71,-127.78,3.251128,1234,262.3877919,282.8480193,1.003651619,3131.080962,3258.127288
47.71,-127.78,3.251128,465,262.3877919,282.8480193,1.003651619,3131.080962,3258.127288
47.71,-127.78,3.251128,434,262.3877919,282.8480193,1.003651619,3131.080962,3258.127288
47.71,-127.78,3.251128,311,262.3877919,282.8480193,1.003651619,3131.080962,3258.127288
47.71,-127.77,3.251128,227,262.3877919,282.8480193,1.003651619,3131.080962,3258.127288
47.71,-127.77,3.251128,210,262.3877919,282.8480193,1.003651619,3131.080962,3258.127288
47.71,-127.76,3.251128,197,262.3877919,282.8480193,1.003651619,3131.080962,3258.127288
47.76,-127.76,3.1612465,179,266.091792,286.8408464,-0.975069642,3122.296309,3248.966151
47.7,-127.75,3.251128,178,262.3877919,282.8480193,1.003651619,3131.080962,3258.127288
47.7,-127.75,3.251128,162,262.3877919,282.8480193,1.003651619,3131.080962,3258.127288
47.86,-127.7,3.1907601,217,264.8582972,285.5111674,-0.518282652,3125.19446,3251.988508
47.86,-127.7,3.1907601,214,264.8582972,285.5111674,-0.518282652,3125.19446,3251.988508
47.86,-127.7,3.1907601,245,264.8582972,285.5111674,-0.518282652,3125.19446,3251.988508
47.86,-127.71,3.1907601,309,264.8582972,285.5111674,-0.518282652,3125.19446,3251.988508
47.86,-127.71,3.1907601,392,264.8582972,285.5111674,-0.518282652,3125.19446,3251.988508
47.87,-127.72,3.1907601,564,264.8582972,285.5111674,-0.518282652,3125.19446,3251.988508
47.87,-127.72,3.1907601,1066,264.8582972,285.5111674,-0.518282652,3125.19446,3251.988508
47.87,-127.72,3.1907601,1003,264.8582972,285.5111674,-0.518282652,3125.19446,3251.988508
47.87,-127.73,3.1907601,335,264.8582972,285.5111674,-0.518282652,3125.19446,3251.988508
47.87,-127.73,3.1907601,214,264.8582972,285.5111674,-0.518282652,3125.19446,3251.988508
47.87,-127.74,3.1907601,217,264.8582972,285.5111674,-0.518282652,3125.19446,3251.988508
47.85,-127.73,3.1907601,266,264.8582972,285.5111674,-0.518282652,3125.19446,3251.988508
47.85,-127.73,3.1907601,295,264.8582972,285.5111674,-0.518282652,3125.19446,3251.988508
47.85,-127.72,3.1907601,452,264.8582972,285.5111674,-0.518282652,3125.19446,3251.988508
47.85,-127.72,3.1907601,684,264.8582972,285.5111674,-0.518282652,3125.19446,3251.988508
47.85,-127.72,3.1907601,485,264.8582972,285.5111674,-0.518282652,3125.19446,3251.988508
47.85,-127.72,3.1907601,435,264.8582972,285.5111674,-0.518282652,3125.19446,3251.988508
47.85,-127.72,3.1907601,367,264.8582972,285.5111674,-0.518282652,3125.19446,3251.988508
47.85,-127.71,3.1907601,255,264.8582972,285.5111674,-0.518282652,3125.19446,3251.988508
47.85,-127.7,3.1907601,208,264.8582972,285.5111674,-0.518282652,3125.19446,3251.988508
47.79,-127.85,3.1612465,220,266.091792,286.8408464,-0.58204329,3122.296309,3248.966151
47.92,-128.72,0.91232389,171,495.3203091,533.9439284,-8.577288628,2834.304766,2948.632113
47.92,-128.72,0.91232389,164,495.3203091,533.9439284,-8.577288628,2834.304766,2948.632113
47.92,-128.71,0.91232389,170,495.3203091,533.9439284,-8.577288628,2834.304766,2948.632113
47.92,-128.71,0.91232389,183,495.3203091,533.9439284,-8.577288628,2834.304766,2948.632113
47.92,-128.7,0.91232389,168,495.3203091,533.9439284,-8.577288628,2834.304766,2948.632113
47.92,-128.7,0.91232389,222,495.3203091,533.9439284,-8.577288628,2834.304766,2948.632113
47.92,-128.69,0.91232389,236,495.3203091,533.9439284,-8.577288628,2834.304766,2948.632113
47.92,-128.69,0.91232389,258,495.3203091,533.9439284,-8.577288628,2834.304766,2948.632113
47.92,-128.68,0.91232389,276,495.3203091,533.9439284,-8.577288628,2834.304766,2948.632113
47.91,-128.67,0.91232389,284,495.3203091,533.9439284,-8.577288628,2834.304766,2948.632113
47.91,-128.67,0.91232389,296,495.3203091,533.9439284,-8.577288628,2834.304766,2948.632113
47.91,-128.66,0.91232389,313,495.3203091,533.9439284,-8.577288628,2834.304766,2948.632113
47.91,-128.66,0.91232389,328,495.3203091,533.9439284,-8.577288628,2834.304766,2948.632113
47.91,-128.65,0.91232389,338,495.3203091,533.9439284,-8.577288628,2834.304766,2948.632113
47.91,-128.65,0.91232389,345,495.3203091,533.9439284,-8.577288628,2834.304766,2948.632113
47.91,-128.64,1.1679138,342,437.7793418,471.9160858,-8.577288628,2878.245212,2994.455721
47.9,-128.63,1.1679138,360,437.7793418,471.9160858,-8.577288628,2878.245212,2994.455721
47.9,-128.63,1.1679138,351,437.7793418,471.9160858,-8.577288628,2878.245212,2994.455721
47.9,-128.62,1.1679138,327,437.7793418,471.9160858,-5.80466938,2878.245212,2994.455721
47.9,-128.62,1.1679138,305,437.7793418,471.9160858,-5.80466938,2878.245212,2994.455721
47.9,-128.61,1.1679138,336,437.7793418,471.9160858,-5.80466938,2878.245212,2994.455721
47.9,-128.61,1.1679138,283,437.7793418,471.9160858,-5.80466938,2878.245212,2994.455721
47.9,-128.61,1.1679138,308,437.7793418,471.9160858,-5.80466938,2878.245212,2994.455721
47.9,-128.6,1.1679138,346,437.7793418,471.9160858,-5.80466938,2878.245212,2994.455721
47.9,-128.59,1.1679138,311,437.7793418,471.9160858,-5.80466938,2878.245212,2994.455721
47.9,-128.59,1.1679138,325,437.7793418,471.9160858,-5.80466938,2878.245212,2994.455721
47.9,-128.58,1.1679138,330,437.7793418,471.9160858,-5.80466938,2878.245212,2994.455721
47.89,-128.58,1.1679138,357,437.7793418,471.9160858,-5.80466938,2878.245212,2994.455721
47.89,-128.57,1.1679138,616,437.7793418,471.9160858,-5.80466938,2878.245212,2994.455721
47.89,-128.57,1.1679138,783,437.7793418,471.9160858,-5.80466938,2878.245212,2994.455721
47.89,-128.57,1.1679138,497,437.7793418,471.9160858,-5.80466938,2878.245212,2994.455721
47.89,-128.56,1.1679138,697,437.7793418,471.9160858,-5.80466938,2878.245212,2994.455721
47.89,-128.56,1.1679138,759,437.7793418,471.9160858,-5.80466938,2878.245212,2994.455721
47.89,-128.56,1.1679138,499,437.7793418,471.9160858,-5.80466938,2878.245212,2994.455721
47.89,-128.55,1.1679138,381,437.7793418,471.9160858,-5.80466938,2878.245212,2994.455721
47.89,-128.54,1.414219,358,397.8343928,428.8563473,-5.80466938,2916.22329,3034.061431
47.89,-128.54,1.414219,324,397.8343928,428.8563473,-5.80466938,2916.22329,3034.061431
47.89,-128.54,1.414219,228,397.8343928,428.8563473,-5.80466938,2916.22329,3034.061431
47.89,-128.53,1.414219,175,397.8343928,428.8563473,-5.80466938,2916.22329,3034.061431
47.89,-128.53,1.414219,217,397.8343928,428.8563473,-5.80466938,2916.22329,3034.061431
47.88,-128.52,1.414219,262,397.8343928,428.8563473,-5.80466938,2916.22329,3034.061431
47.92,-128.52,1.414219,177,397.8343928,428.8563473,-5.80466938,2916.22329,3034.061431
47.92,-128.52,1.414219,173,397.8343928,428.8563473,-5.80466938,2916.22329,3034.061431
47.92,-128.53,1.414219,179,397.8343928,428.8563473,-5.80466938,2916.22329,3034.061431
47.92,-128.53,1.414219,180,397.8343928,428.8563473,-5.80466938,2916.22329,3034.061431
47.92,-128.53,1.414219,202,397.8343928,428.8563473,-5.80466938,2916.22329,3034.061431
47.92,-128.54,1.414219,213,397.8343928,428.8563473,-5.80466938,2916.22329,3034.061431
47.92,-128.54,1.414219,233,397.8343928,428.8563473,-5.80466938,2916.22329,3034.061431
47.92,-128.54,1.414219,247,397.8343928,428.8563473,-5.80466938,2916.22329,3034.061431
47.92,-128.55,1.1679138,267,437.7793418,471.9160858,-5.80466938,2878.245212,2994.455721
47.92,-128.55,1.1679138,278,437.7793418,471.9160858,-5.80466938,2878.245212,2994.455721
47.92,-128.55,1.1679138,282,437.7793418,471.9160858,-5.80466938,2878.245212,2994.455721
47.92,-128.55,1.1679138,374,437.7793418,471.9160858,-5.80466938,2878.245212,2994.455721
47.92,-128.55,1.1679138,539,437.7793418,471.9160858,-5.80466938,2878.245212,2994.455721
47.93,-128.56,1.1679138,453,437.7793418,471.9160858,-5.80466938,2878.245212,2994.455721
47.93,-128.56,1.1679138,450,437.7793418,471.9160858,-5.80466938,2878.245212,2994.455721
47.93,-128.56,1.1679138,380,437.7793418,471.9160858,-5.80466938,2878.245212,2994.455721
47.93,-128.57,1.1679138,290,437.7793418,471.9160858,-5.80466938,2878.245212,2994.455721
47.93,-128.57,1.1679138,287,437.7793418,471.9160858,-5.80466938,2878.245212,2994.455721
47.93,-128.57,1.1679138,308,437.7793418,471.9160858,-5.80466938,2878.245212,2994.455721
47.93,-128.58,1.1679138,257,437.7793418,471.9160858,-5.80466938,2878.245212,2994.455721
47.93,-128.58,1.1679138,251,437.7793418,471.9160858,-5.80466938,2878.245212,2994.455721
47.93,-128.58,1.1679138,240,437.7793418,471.9160858,-5.80466938,2878.245212,2994.455721
47.93,-128.58,1.1679138,238,437.7793418,471.9160858,-5.80466938,2878.245212,2994.455721
47.93,-128.59,1.1679138,245,437.7793418,471.9160858,-5.80466938,2878.245212,2994.455721
47.93,-128.59,1.1679138,242,437.7793418,471.9160858,-5.80466938,2878.245212,2994.455721
47.93,-128.59,1.1679138,248,437.7793418,471.9160858,-5.80466938,2878.245212,2994.455721
47.93,-128.59,1.1679138,256,437.7793418,471.9160858,-5.80466938,2878.245212,2994.455721
47.93,-128.59,1.1679138,274,437.7793418,471.9160858,-5.80466938,2878.245212,2994.455721
47.93,-128.59,1.1679138,280,437.7793418,471.9160858,-5.80466938,2878.245212,2994.455721
47.93,-128.59,1.1679138,280,437.7793418,471.9160858,-5.80466938,2878.245212,2994.455721
47.93,-128.6,1.1679138,265,437.7793418,471.9160858,-5.80466938,2878.245212,2994.455721
47.93,-128.6,1.1679138,259,437.7793418,471.9160858,-5.80466938,2878.245212,2994.455721
47.93,-128.6,1.1679138,255,437.7793418,471.9160858,-5.80466938,2878.245212,2994.455721
47.93,-128.6,1.1679138,249,437.7793418,471.9160858,-5.80466938,2878.245212,2994.455721
47.93,-128.6,1.1679138,245,437.7793418,471.9160858,-5.80466938,2878.245212,2994.455721
47.93,-128.6,1.1679138,252,437.7793418,471.9160858,-5.80466938,2878.245212,2994.455721
47.93,-128.6,1.1679138,258,437.7793418,471.9160858,-5.80466938,2878.245212,2994.455721
47.93,-128.6,1.1679138,266,437.7793418,471.9160858,-5.80466938,2878.245212,2994.455721
47.93,-128.61,1.1679138,268,437.7793418,471.9160858,-5.80466938,2878.245212,2994.455721
47.93,-128.61,1.1679138,274,437.7793418,471.9160858,-5.80466938,2878.245212,2994.455721
47.93,-128.61,1.1679138,281,437.7793418,471.9160858,-5.80466938,2878.245212,2994.455721
47.93,-128.61,1.1679138,285,437.7793418,471.9160858,-5.80466938,2878.245212,2994.455721
47.93,-128.61,1.1679138,294,437.7793418,471.9160858,-5.80466938,2878.245212,2994.455721
47.93,-128.61,1.1679138,289,437.7793418,471.9160858,-5.80466938,2878.245212,2994.455721
47.93,-128.61,1.1679138,290,437.7793418,471.9160858,-5.80466938,2878.245212,2994.455721
47.93,-128.61,1.1679138,299,437.7793418,471.9160858,-5.80466938,2878.245212,2994.455721
47.93,-128.61,1.1679138,295,437.7793418,471.9160858,-5.80466938,2878.245212,2994.455721
47.94,-128.61,1.1679138,295,437.7793418,471.9160858,-5.80466938,2878.245212,2994.455721
47.94,-128.62,1.1679138,289,437.7793418,471.9160858,-5.80466938,2878.245212,2994.455721
47.94,-128.62,1.1679138,284,437.7793418,471.9160858,-5.80466938,2878.245212,2994.455721
47.94,-128.62,1.1679138,280,437.7793418,471.9160858,-5.80466938,2878.245212,2994.455721
47.94,-128.62,1.1679138,277,437.7793418,471.9160858,-5.80466938,2878.245212,2994.455721
47.94,-128.62,1.1679138,273,437.7793418,471.9160858,-5.80466938,2878.245212,2994.455721
47.94,-128.62,1.1679138,275,437.7793418,471.9160858,-5.80466938,2878.245212,2994.455721
47.94,-128.63,1.1679138,293,437.7793418,471.9160858,-8.577288628,2878.245212,2994.455721
47.94,-128.63,1.1679138,293,437.7793418,471.9160858,-8.577288628,2878.245212,2994.455721
47.94,-128.63,1.1679138,295,437.7793418,471.9160858,-8.577288628,2878.245212,2994.455721
47.94,-128.63,1.1679138,291,437.7793418,471.9160858,-8.577288628,2878.245212,2994.455721
47.94,-128.63,1.1679138,289,437.7793418,471.9160858,-8.577288628,2878.245212,2994.455721
47.94,-128.63,1.1679138,272,437.7793418,471.9160858,-8.577288628,2878.245212,2994.455721
47.94,-128.63,1.1679138,269,437.7793418,471.9160858,-8.577288628,2878.245212,2994.455721
47.94,-128.63,1.1679138,264,437.7793418,471.9160858,-8.577288628,2878.245212,2994.455721
47.94,-128.63,1.1679138,267,437.7793418,471.9160858,-8.577288628,2878.245212,2994.455721
47.94,-128.64,1.1679138,265,437.7793418,471.9160858,-8.577288628,2878.245212,2994.455721
47.91,-128.55,1.1679138,239,437.7793418,471.9160858,-5.80466938,2878.245212,2994.455721
47.91,-128.55,1.1679138,273,437.7793418,471.9160858,-5.80466938,2878.245212,2994.455721
47.91,-128.55,1.1679138,386,437.7793418,471.9160858,-5.80466938,2878.245212,2994.455721
47.91,-128.55,1.1679138,421,437.7793418,471.9160858,-5.80466938,2878.245212,2994.455721
47.91,-128.56,1.1679138,439,437.7793418,471.9160858,-5.80466938,2878.245212,2994.455721
47.91,-128.56,1.1679138,368,437.7793418,471.9160858,-5.80466938,2878.245212,2994.455721
47.91,-128.56,1.1679138,453,437.7793418,471.9160858,-5.80466938,2878.245212,2994.455721
47.91,-128.56,1.1679138,654,437.7793418,471.9160858,-5.80466938,2878.245212,2994.455721
47.91,-128.57,1.1679138,395,437.7793418,471.9160858,-5.80466938,2878.245212,2994.455721
47.91,-128.57,1.1679138,296,437.7793418,471.9160858,-5.80466938,2878.245212,2994.455721
47.91,-128.57,1.1679138,291,437.7793418,471.9160858,-5.80466938,2878.245212,2994.455721
47.91,-128.57,1.1679138,287,437.7793418,471.9160858,-5.80466938,2878.245212,2994.455721
47.91,-128.58,1.1679138,305,437.7793418,471.9160858,-5.80466938,2878.245212,2994.455721
47.91,-128.58,1.1679138,305,437.7793418,471.9160858,-5.80466938,2878.245212,2994.455721
47.91,-128.58,1.1679138,330,437.7793418,471.9160858,-5.80466938,2878.245212,2994.455721
47.91,-128.59,1.1679138,338,437.7793418,471.9160858,-5.80466938,2878.245212,2994.455721
47.91,-128.59,1.1679138,337,437.7793418,471.9160858,-5.80466938,2878.245212,2994.455721
47.91,-128.59,1.1679138,334,437.7793418,471.9160858,-5.80466938,2878.245212,2994.455721
47.91,-128.59,1.1679138,321,437.7793418,471.9160858,-5.80466938,2878.245212,2994.455721
47.92,-128.6,1.1679138,309,437.7793418,471.9160858,-5.80466938,2878.245212,2994.455721
47.92,-128.6,1.1679138,309,437.7793418,471.9160858,-5.80466938,2878.245212,2994.455721
47.92,-128.6,1.1679138,308,437.7793418,471.9160858,-5.80466938,2878.245212,2994.455721
47.92,-128.6,1.1679138,276,437.7793418,471.9160858,-5.80466938,2878.245212,2994.455721
47.72,-127.79,3.251128,1354,262.3877919,282.8480193,1.003651619,3131.080962,3258.127288
47.71,-127.79,3.251128,2350,262.3877919,282.8480193,1.003651619,3131.080962,3258.127288
47.72,-127.79,3.251128,3082,262.3877919,282.8480193,1.003651619,3131.080962,3258.127288
47.72,-127.79,3.251128,1865,262.3877919,282.8480193,1.003651619,3131.080962,3258.127288
47.72,-127.78,3.251128,598,262.3877919,282.8480193,1.003651619,3131.080962,3258.127288
47.72,-127.78,3.251128,429,262.3877919,282.8480193,1.003651619,3131.080962,3258.127288
47.72,-127.78,3.251128,389,262.3877919,282.8480193,1.003651619,3131.080962,3258.127288
47.72,-127.78,3.251128,382,262.3877919,282.8480193,1.003651619,3131.080962,3258.127288
47.72,-127.78,3.251128,346,262.3877919,282.8480193,1.003651619,3131.080962,3258.127288
47.72,-127.78,3.251128,282,262.3877919,282.8480193,1.003651619,3131.080962,3258.127288
47.73,-127.78,3.251128,274,262.3877919,282.8480193,-0.975069642,3131.080962,3258.127288
47.73,-127.78,3.251128,279,262.3877919,282.8480193,-0.975069642,3131.080962,3258.127288
47.73,-127.78,3.251128,269,262.3877919,282.8480193,-0.975069642,3131.080962,3258.127288
47.73,-127.78,3.251128,268,262.3877919,282.8480193,-0.975069642,3131.080962,3258.127288
47.73,-127.77,3.251128,268,262.3877919,282.8480193,-0.975069642,3131.080962,3258.127288
47.73,-127.77,3.251128,270,262.3877919,282.8480193,-0.975069642,3131.080962,3258.127288
47.74,-127.77,3.251128,272,262.3877919,282.8480193,-0.975069642,3131.080962,3258.127288
47.74,-127.77,3.251128,291,262.3877919,282.8480193,-0.975069642,3131.080962,3258.127288
47.69,-127.76,3.251128,150,262.3877919,282.8480193,1.003651619,3131.080962,3258.127288
47.69,-127.76,3.251128,161,262.3877919,282.8480193,1.003651619,3131.080962,3258.127288
47.69,-127.76,3.251128,160,262.3877919,282.8480193,1.003651619,3131.080962,3258.127288
47.69,-127.77,3.251128,162,262.3877919,282.8480193,1.003651619,3131.080962,3258.127288
47.69,-127.77,3.251128,164,262.3877919,282.8480193,1.003651619,3131.080962,3258.127288
47.69,-127.77,3.251128,167,262.3877919,282.8480193,1.003651619,3131.080962,3258.127288
47.69,-127.78,3.251128,184,262.3877919,282.8480193,1.003651619,3131.080962,3258.127288
47.69,-127.78,3.251128,199,262.3877919,282.8480193,1.003651619,3131.080962,3258.127288
47.69,-127.78,3.251128,210,262.3877919,282.8480193,1.003651619,3131.080962,3258.127288
47.69,-127.79,3.251128,231,262.3877919,282.8480193,1.003651619,3131.080962,3258.127288
47.69,-127.79,3.251128,284,262.3877919,282.8480193,1.003651619,3131.080962,3258.127288
47.69,-127.79,3.251128,292,262.3877919,282.8480193,1.003651619,3131.080962,3258.127288
47.69,-127.8,3.251128,288,262.3877919,282.8480193,1.003651619,3131.080962,3258.127288
47.7,-127.8,3.251128,234,262.3877919,282.8480193,1.003651619,3131.080962,3258.127288
47.7,-127.8,3.251128,253,262.3877919,282.8480193,1.003651619,3131.080962,3258.127288
47.7,-127.81,3.251128,227,262.3877919,282.8480193,-3.409561634,3131.080962,3258.127288
47.7,-127.81,3.251128,182,262.3877919,282.8480193,-3.409561634,3131.080962,3258.127288
47.72,-127.74,3.4946105,162,253.0820072,272.816597,1.003651619,3154.285707,3282.326523
47.72,-127.75,3.251128,169,262.3877919,282.8480193,1.003651619,3131.080962,3258.127288
47.72,-127.75,3.251128,173,262.3877919,282.8480193,1.003651619,3131.080962,3258.127288
47.72,-127.76,3.251128,177,262.3877919,282.8480193,1.003651619,3131.080962,3258.127288
47.72,-127.76,3.251128,183,262.3877919,282.8480193,1.003651619,3131.080962,3258.127288
47.72,-127.77,3.251128,189,262.3877919,282.8480193,1.003651619,3131.080962,3258.127288
47.72,-127.77,3.251128,208,262.3877919,282.8480193,1.003651619,3131.080962,3258.127288
47.72,-127.77,3.251128,230,262.3877919,282.8480193,1.003651619,3131.080962,3258.127288
47.72,-127.78,3.251128,272,262.3877919,282.8480193,1.003651619,3131.080962,3258.127288
47.72,-127.78,3.251128,273,262.3877919,282.8480193,1.003651619,3131.080962,3258.127288
47.73,-127.78,3.251128,276,262.3877919,282.8480193,-0.975069642,3131.080962,3258.127288
47.73,-127.78,3.251128,278,262.3877919,282.8480193,-0.975069642,3131.080962,3258.127288
47.73,-127.79,3.251128,252,262.3877919,282.8480193,-0.975069642,3131.080962,3258.127288
47.73,-127.79,3.251128,232,262.3877919,282.8480193,-0.975069642,3131.080962,3258.127288
47.73,-127.79,3.251128,206,262.3877919,282.8480193,-0.975069642,3131.080962,3258.127288
47.73,-127.8,3.251128,186,262.3877919,282.8480193,-0.975069642,3131.080962,3258.127288
47.73,-127.8,3.251128,175,262.3877919,282.8480193,-0.975069642,3131.080962,3258.127288
47.73,-127.8,3.251128,188,262.3877919,282.8480193,-0.975069642,3131.080962,3258.127288
47.73,-127.81,3.251128,185,262.3877919,282.8480193,-0.58204329,3131.080962,3258.127288
47.73,-127.81,3.251128,186,262.3877919,282.8480193,-0.58204329,3131.080962,3258.127288
47.73,-127.81,3.251128,192,262.3877919,282.8480193,-0.58204329,3131.080962,3258.127288
47.73,-127.82,3.251128,180,262.3877919,282.8480193,-0.58204329,3131.080962,3258.127288
47.73,-127.82,3.251128,172,262.3877919,282.8480193,-0.58204329,3131.080962,3258.127288
47.73,-127.73,3.4946105,161,253.0820072,272.816597,-0.975069642,3154.285707,3282.326523
47.73,-127.74,3.4946105,161,253.0820072,272.816597,-0.975069642,3154.285707,3282.326523
47.74,-127.74,3.4946105,164,253.0820072,272.816597,-0.975069642,3154.285707,3282.326523
47.74,-127.75,3.251128,170,262.3877919,282.8480193,-0.975069642,3131.080962,3258.127288
47.74,-127.75,3.251128,170,262.3877919,282.8480193,-0.975069642,3131.080962,3258.127288
47.74,-127.75,3.251128,179,262.3877919,282.8480193,-0.975069642,3131.080962,3258.127288
47.74,-127.76,3.251128,200,262.3877919,282.8480193,-0.975069642,3131.080962,3258.127288
47.74,-127.76,3.251128,220,262.3877919,282.8480193,-0.975069642,3131.080962,3258.127288
47.74,-127.77,3.251128,234,262.3877919,282.8480193,-0.975069642,3131.080962,3258.127288
47.74,-127.77,3.251128,266,262.3877919,282.8480193,-0.975069642,3131.080962,3258.127288
47.74,-127.77,3.251128,272,262.3877919,282.8480193,-0.975069642,3131.080962,3258.127288
47.74,-127.78,3.251128,272,262.3877919,282.8480193,-0.975069642,3131.080962,3258.127288
47.74,-127.78,3.251128,263,262.3877919,282.8480193,-0.975069642,3131.080962,3258.127288
47.74,-127.78,3.251128,229,262.3877919,282.8480193,-0.975069642,3131.080962,3258.127288
47.74,-127.78,3.251128,204,262.3877919,282.8480193,-0.975069642,3131.080962,3258.127288
47.75,-127.79,3.251128,211,262.3877919,282.8480193,-0.975069642,3131.080962,3258.127288
47.75,-127.79,3.251128,221,262.3877919,282.8480193,-0.975069642,3131.080962,3258.127288
47.75,-127.8,3.251128,219,262.3877919,282.8480193,-0.975069642,3131.080962,3258.127288
47.75,-127.8,3.251128,214,262.3877919,282.8480193,-0.975069642,3131.080962,3258.127288
47.75,-127.8,3.251128,205,262.3877919,282.8480193,-0.975069642,3131.080962,3258.127288
47.75,-127.81,3.251128,205,262.3877919,282.8480193,-0.58204329,3131.080962,3258.127288
47.75,-127.81,3.251128,207,262.3877919,282.8480193,-0.58204329,3131.080962,3258.127288
47.75,-127.81,3.251128,200,262.3877919,282.8480193,-0.58204329,3131.080962,3258.127288
47.75,-127.82,3.251128,192,262.3877919,282.8480193,-0.58204329,3131.080962,3258.127288
47.75,-127.82,3.251128,172,262.3877919,282.8480193,-0.58204329,3131.080962,3258.127288
47.75,-127.82,3.251128,169,262.3877919,282.8480193,-0.58204329,3131.080962,3258.127288
47.75,-127.83,3.251128,171,262.3877919,282.8480193,-0.58204329,3131.080962,3258.127288
47.69,-127.78,3.251128,200,262.3877919,282.8480193,1.003651619,3131.080962,3258.127288
47.69,-127.78,3.251128,212,262.3877919,282.8480193,1.003651619,3131.080962,3258.127288
47.69,-127.78,3.251128,233,262.3877919,282.8480193,1.003651619,3131.080962,3258.127288
47.69,-127.78,3.251128,239,262.3877919,282.8480193,1.003651619,3131.080962,3258.127288
47.69,-127.79,3.251128,244,262.3877919,282.8480193,1.003651619,3131.080962,3258.127288
47.69,-127.79,3.251128,268,262.3877919,282.8480193,1.003651619,3131.080962,3258.127288
47.69,-127.79,3.251128,294,262.3877919,282.8480193,1.003651619,3131.080962,3258.127288
47.69,-127.79,3.251128,306,262.3877919,282.8480193,1.003651619,3131.080962,3258.127288
47.69,-127.8,3.251128,311,262.3877919,282.8480193,1.003651619,3131.080962,3258.127288
47.69,-127.8,3.251128,261,262.3877919,282.8480193,1.003651619,3131.080962,3258.127288
47.69,-127.8,3.251128,235,262.3877919,282.8480193,1.003651619,3131.080962,3258.127288
47.69,-127.8,3.251128,233,262.3877919,282.8480193,1.003651619,3131.080962,3258.127288
47.69,-127.81,3.251128,221,262.3877919,282.8480193,-3.409561634,3131.080962,3258.127288
47.69,-127.81,3.251128,202,262.3877919,282.8480193,-3.409561634,3131.080962,3258.127288
47.69,-127.81,3.251128,200,262.3877919,282.8480193,-3.409561634,3131.080962,3258.127288
47.69,-127.8,3.251128,245,262.3877919,282.8480193,1.003651619,3131.080962,3258.127288
47.69,-127.8,3.251128,271,262.3877919,282.8480193,1.003651619,3131.080962,3258.127288
47.7,-127.79,3.251128,278,262.3877919,282.8480193,1.003651619,3131.080962,3258.127288
47.7,-127.79,3.251128,265,262.3877919,282.8480193,1.003651619,3131.080962,3258.127288
47.7,-127.79,3.251128,272,262.3877919,282.8480193,1.003651619,3131.080962,3258.127288
47.7,-127.75,3.251128,144,262.3877919,282.8480193,1.003651619,3131.080962,3258.127288
47.7,-127.75,3.251128,169,262.3877919,282.8480193,1.003651619,3131.080962,3258.127288
47.7,-127.75,3.251128,159,262.3877919,282.8480193,1.003651619,3131.080962,3258.127288
47.7,-127.75,3.251128,167,262.3877919,282.8480193,1.003651619,3131.080962,3258.127288
47.7,-127.76,3.251128,178,262.3877919,282.8480193,1.003651619,3131.080962,3258.127288
47.7,-127.76,3.251128,176,262.3877919,282.8480193,1.003651619,3131.080962,3258.127288
47.7,-127.76,3.251128,188,262.3877919,282.8480193,1.003651619,3131.080962,3258.127288
47.7,-127.77,3.251128,192,262.3877919,282.8480193,1.003651619,3131.080962,3258.127288
47.71,-127.77,3.251128,203,262.3877919,282.8480193,1.003651619,3131.080962,3258.127288
47.71,-127.77,3.251128,215,262.3877919,282.8480193,1.003651619,3131.080962,3258.127288
47.71,-127.77,3.251128,222,262.3877919,282.8480193,1.003651619,3131.080962,3258.127288
47.71,-127.78,3.251128,234,262.3877919,282.8480193,1.003651619,3131.080962,3258.127288
47.71,-127.78,3.251128,339,262.3877919,282.8480193,1.003651619,3131.080962,3258.127288
47.71,-127.78,3.251128,436,262.3877919,282.8480193,1.003651619,3131.080962,3258.127288
47.71,-127.78,3.251128,989,262.3877919,282.8480193,1.003651619,3131.080962,3258.127288
47.71,-127.79,3.251128,590,262.3877919,282.8480193,1.003651619,3131.080962,3258.127288
47.71,-127.8,3.251128,318,262.3877919,282.8480193,1.003651619,3131.080962,3258.127288
47.71,-127.8,3.251128,252,262.3877919,282.8480193,1.003651619,3131.080962,3258.127288
47.71,-127.8,3.251128,215,262.3877919,282.8480193,1.003651619,3131.080962,3258.127288
47.71,-127.8,3.251128,212,262.3877919,282.8480193,1.003651619,3131.080962,3258.127288
47.71,-127.81,3.251128,188,262.3877919,282.8480193,-3.409561634,3131.080962,3258.127288
47.72,-127.81,3.251128,192,262.3877919,282.8480193,-3.409561634,3131.080962,3258.127288
47.72,-127.81,3.251128,208,262.3877919,282.8480193,-3.409561634,3131.080962,3258.127288
47.72,-127.81,3.251128,167,262.3877919,282.8480193,-3.409561634,3131.080962,3258.127288
47.72,-127.82,3.251128,167,262.3877919,282.8480193,-3.409561634,3131.080962,3258.127288
47.72,-127.82,3.251128,179,262.3877919,282.8480193,-3.409561634,3131.080962,3258.127288
47.71,-127.77,3.251128,218,262.3877919,282.8480193,1.003651619,3131.080962,3258.127288
47.71,-127.77,3.251128,218,262.3877919,282.8480193,1.003651619,3131.080962,3258.127288
47.71,-127.79,3.251128,454,262.3877919,282.8480193,1.003651619,3131.080962,3258.127288
47.71,-127.79,3.251128,932,262.3877919,282.8480193,1.003651619,3131.080962,3258.127288
47.71,-127.78,3.251128,1108,262.3877919,282.8480193,1.003651619,3131.080962,3258.127288
47.71,-127.78,3.251128,763,262.3877919,282.8480193,1.003651619,3131.080962,3258.127288
47.71,-127.78,3.251128,468,262.3877919,282.8480193,1.003651619,3131.080962,3258.127288
47.71,-127.77,3.251128,202,262.3877919,282.8480193,1.003651619,3131.080962,3258.127288
47.71,-127.76,3.251128,212,262.3877919,282.8480193,1.003651619,3131.080962,3258.127288
47.71,-127.76,3.251128,199,262.3877919,282.8480193,1.003651619,3131.080962,3258.127288
47.71,-127.76,3.251128,195,262.3877919,282.8480193,1.003651619,3131.080962,3258.127288
47.71,-127.76,3.251128,191,262.3877919,282.8480193,1.003651619,3131.080962,3258.127288
47.71,-127.76,3.251128,192,262.3877919,282.8480193,1.003651619,3131.080962,3258.127288
47.72,-127.76,3.251128,186,262.3877919,282.8480193,1.003651619,3131.080962,3258.127288
47.72,-127.76,3.251128,184,262.3877919,282.8480193,1.003651619,3131.080962,3258.127288
47.72,-127.76,3.251128,183,262.3877919,282.8480193,1.003651619,3131.080962,3258.127288
47.72,-127.76,3.251128,179,262.3877919,282.8480193,1.003651619,3131.080962,3258.127288
47.72,-127.76,3.251128,181,262.3877919,282.8480193,1.003651619,3131.080962,3258.127288
47.72,-127.76,3.251128,178,262.3877919,282.8480193,1.003651619,3131.080962,3258.127288
47.73,-127.75,3.251128,177,262.3877919,282.8480193,-0.975069642,3131.080962,3258.127288
47.73,-127.75,3.251128,178,262.3877919,282.8480193,-0.975069642,3131.080962,3258.127288
47.73,-127.75,3.251128,174,262.3877919,282.8480193,-0.975069642,3131.080962,3258.127288
47.72,-127.64,3.5783212,138,250.1042077,269.6065974,-2.04963398,3162.075786,3290.450463
47.72,-127.64,3.5783212,140,250.1042077,269.6065974,-2.04963398,3162.075786,3290.450463
47.72,-127.64,3.5783212,153,250.1042077,269.6065974,-2.04963398,3162.075786,3290.450463
47.72,-127.65,3.4946105,171,253.0820072,272.816597,-2.04963398,3154.285707,3282.326523
47.72,-127.65,3.4946105,185,253.0820072,272.816597,-2.04963398,3154.285707,3282.326523
47.72,-127.66,3.4946105,193,253.0820072,272.816597,-2.04963398,3154.285707,3282.326523
47.72,-127.66,3.4946105,209,253.0820072,272.816597,-2.04963398,3154.285707,3282.326523
47.72,-127.67,3.4946105,200,253.0820072,272.816597,-2.04963398,3154.285707,3282.326523
47.72,-127.68,3.4946105,189,253.0820072,272.816597,-2.04963398,3154.285707,3282.326523
47.72,-127.68,3.4946105,209,253.0820072,272.816597,-2.04963398,3154.285707,3282.326523
47.73,-127.69,3.4946105,255,253.0820072,272.816597,-0.419886947,3154.285707,3282.326523
47.73,-127.69,3.4946105,232,253.0820072,272.816597,-0.419886947,3154.285707,3282.326523
47.73,-127.7,3.4946105,189,253.0820072,272.816597,-0.975069642,3154.285707,3282.326523
47.73,-127.7,3.4946105,177,253.0820072,272.816597,-0.975069642,3154.285707,3282.326523
47.73,-127.7,3.4946105,182,253.0820072,272.816597,-0.975069642,3154.285707,3282.326523
47.73,-127.71,3.4946105,177,253.0820072,272.816597,-0.975069642,3154.285707,3282.326523
47.73,-127.71,3.4946105,186,253.0820072,272.816597,-0.975069642,3154.285707,3282.326523
47.73,-127.71,3.4946105,179,253.0820072,272.816597,-0.975069642,3154.285707,3282.326523
47.73,-127.72,3.4946105,170,253.0820072,272.816597,-0.975069642,3154.285707,3282.326523
47.73,-127.72,3.4946105,161,253.0820072,272.816597,-0.975069642,3154.285707,3282.326523
47.73,-127.72,3.4946105,158,253.0820072,272.816597,-0.975069642,3154.285707,3282.326523
47.71,-127.8,3.251128,237,262.3877919,282.8480193,1.003651619,3131.080962,3258.127288
47.71,-127.8,3.251128,234,262.3877919,282.8480193,1.003651619,3131.080962,3258.127288
47.71,-127.8,3.251128,258,262.3877919,282.8480193,1.003651619,3131.080962,3258.127288
47.71,-127.8,3.251128,286,262.3877919,282.8480193,1.003651619,3131.080962,3258.127288
47.71,-127.8,3.251128,336,262.3877919,282.8480193,1.003651619,3131.080962,3258.127288
47.71,-127.79,3.251128,403,262.3877919,282.8480193,1.003651619,3131.080962,3258.127288
47.71,-127.79,3.251128,452,262.3877919,282.8480193,1.003651619,3131.080962,3258.127288
47.71,-127.79,3.251128,712,262.3877919,282.8480193,1.003651619,3131.080962,3258.127288
47.71,-127.79,3.251128,927,262.3877919,282.8480193,1.003651619,3131.080962,3258.127288
47.71,-127.79,3.251128,1272,262.3877919,282.8480193,1.003651619,3131.080962,3258.127288
47.71,-127.79,3.251128,1526,262.3877919,282.8480193,1.003651619,3131.080962,3258.127288
47.71,-127.79,3.251128,1710,262.3877919,282.8480193,1.003651619,3131.080962,3258.127288
47.71,-127.79,3.251128,1957,262.3877919,282.8480193,1.003651619,3131.080962,3258.127288
47.71,-127.78,3.251128,1219,262.3877919,282.8480193,1.003651619,3131.080962,3258.127288
47.71,-127.78,3.251128,902,262.3877919,282.8480193,1.003651619,3131.080962,3258.127288
47.71,-127.78,3.251128,920,262.3877919,282.8480193,1.003651619,3131.080962,3258.127288
47.71,-127.78,3.251128,706,262.3877919,282.8480193,1.003651619,3131.080962,3258.127288
47.71,-127.78,3.251128,508,262.3877919,282.8480193,1.003651619,3131.080962,3258.127288
47.71,-127.78,3.251128,402,262.3877919,282.8480193,1.003651619,3131.080962,3258.127288
47.71,-127.78,3.251128,360,262.3877919,282.8480193,1.003651619,3131.080962,3258.127288
47.71,-127.78,3.251128,313,262.3877919,282.8480193,1.003651619,3131.080962,3258.127288
47.71,-127.78,3.251128,270,262.3877919,282.8480193,1.003651619,3131.080962,3258.127288
47.71,-127.77,3.251128,253,262.3877919,282.8480193,1.003651619,3131.080962,3258.127288
47.71,-127.77,3.251128,253,262.3877919,282.8480193,1.003651619,3131.080962,3258.127288
47.72,-127.78,3.251128,299,262.3877919,282.8480193,1.003651619,3131.080962,3258.127288
47.72,-127.78,3.251128,294,262.3877919,282.8480193,1.003651619,3131.080962,3258.127288
47.72,-127.78,3.251128,325,262.3877919,282.8480193,1.003651619,3131.080962,3258.127288
47.72,-127.78,3.251128,390,262.3877919,282.8480193,1.003651619,3131.080962,3258.127288
47.72,-127.78,3.251128,413,262.3877919,282.8480193,1.003651619,3131.080962,3258.127288
47.72,-127.78,3.251128,451,262.3877919,282.8480193,1.003651619,3131.080962,3258.127288
47.72,-127.78,3.251128,485,262.3877919,282.8480193,1.003651619,3131.080962,3258.127288
47.72,-127.78,3.251128,531,262.3877919,282.8480193,1.003651619,3131.080962,3258.127288
47.72,-127.79,3.251128,565,262.3877919,282.8480193,1.003651619,3131.080962,3258.127288
47.7,-127.78,3.251128,252,262.3877919,282.8480193,1.003651619,3131.080962,3258.127288
47.7,-127.78,3.251128,263,262.3877919,282.8480193,1.003651619,3131.080962,3258.127288
47.7,-127.78,3.251128,268,262.3877919,282.8480193,1.003651619,3131.080962,3258.127288
47.7,-127.78,3.251128,284,262.3877919,282.8480193,1.003651619,3131.080962,3258.127288
47.7,-127.78,3.251128,284,262.3877919,282.8480193,1.003651619,3131.080962,3258.127288
47.7,-127.78,3.251128,302,262.3877919,282.8480193,1.003651619,3131.080962,3258.127288
47.7,-127.78,3.251128,291,262.3877919,282.8480193,1.003651619,3131.080962,3258.127288
47.7,-127.78,3.251128,293,262.3877919,282.8480193,1.003651619,3131.080962,3258.127288
47.7,-127.78,3.251128,304,262.3877919,282.8480193,1.003651619,3131.080962,3258.127288
47.71,-127.78,3.251128,317,262.3877919,282.8480193,1.003651619,3131.080962,3258.127288
47.7,-127.79,3.251128,328,262.3877919,282.8480193,1.003651619,3131.080962,3258.127288
47.71,-127.79,3.251128,366,262.3877919,282.8480193,1.003651619,3131.080962,3258.127288
47.71,-127.79,3.251128,455,262.3877919,282.8480193,1.003651619,3131.080962,3258.127288
47.71,-127.79,3.251128,926,262.3877919,282.8480193,1.003651619,3131.080962,3258.127288
47.71,-127.79,3.251128,1111,262.3877919,282.8480193,1.003651619,3131.080962,3258.127288
47.71,-127.79,3.251128,700,262.3877919,282.8480193,1.003651619,3131.080962,3258.127288
47.72,-127.79,3.251128,504,262.3877919,282.8480193,1.003651619,3131.080962,3258.127288
47.72,-127.79,3.251128,384,262.3877919,282.8480193,1.003651619,3131.080962,3258.127288
47.72,-127.79,3.251128,323,262.3877919,282.8480193,1.003651619,3131.080962,3258.127288
47.72,-127.79,3.251128,296,262.3877919,282.8480193,1.003651619,3131.080962,3258.127288
47.72,-127.79,3.251128,264,262.3877919,282.8480193,1.003651619,3131.080962,3258.127288
47.72,-127.79,3.251128,254,262.3877919,282.8480193,1.003651619,3131.080962,3258.127288
47.72,-127.79,3.251128,236,262.3877919,282.8480193,1.003651619,3131.080962,3258.127288
47.72,-127.79,3.251128,251,262.3877919,282.8480193,1.003651619,3131.080962,3258.127288
47.72,-127.79,3.251128,257,262.3877919,282.8480193,1.003651619,3131.080962,3258.127288
47.72,-127.79,3.251128,299,262.3877919,282.8480193,1.003651619,3131.080962,3258.127288
47.72,-127.79,3.251128,332,262.3877919,282.8480193,1.003651619,3131.080962,3258.127288
47.72,-127.79,3.251128,403,262.3877919,282.8480193,1.003651619,3131.080962,3258.127288
47.72,-127.79,3.251128,487,262.3877919,282.8480193,1.003651619,3131.080962,3258.127288
47.72,-127.78,3.251128,544,262.3877919,282.8480193,1.003651619,3131.080962,3258.127288
47.72,-127.78,3.251128,480,262.3877919,282.8480193,1.003651619,3131.080962,3258.127288
47.71,-127.77,3.251128,234,262.3877919,282.8480193,1.003651619,3131.080962,3258.127288
47.71,-127.78,3.251128,242,262.3877919,282.8480193,1.003651619,3131.080962,3258.127288
47.71,-127.78,3.251128,256,262.3877919,282.8480193,1.003651619,3131.080962,3258.127288
47.71,-127.78,3.251128,272,262.3877919,282.8480193,1.003651619,3131.080962,3258.127288
47.71,-127.78,3.251128,292,262.3877919,282.8480193,1.003651619,3131.080962,3258.127288
47.71,-127.78,3.251128,330,262.3877919,282.8480193,1.003651619,3131.080962,3258.127288
47.71,-127.78,3.251128,376,262.3877919,282.8480193,1.003651619,3131.080962,3258.127288
47.71,-127.78,3.251128,390,262.3877919,282.8480193,1.003651619,3131.080962,3258.127288
47.71,-127.78,3.251128,441,262.3877919,282.8480193,1.003651619,3131.080962,3258.127288
47.71,-127.78,3.251128,506,262.3877919,282.8480193,1.003651619,3131.080962,3258.127288
47.71,-127.78,3.251128,625,262.3877919,282.8480193,1.003651619,3131.080962,3258.127288
47.71,-127.78,3.251128,826,262.3877919,282.8480193,1.003651619,3131.080962,3258.127288
47.71,-127.78,3.251128,1244,262.3877919,282.8480193,1.003651619,3131.080962,3258.127288
47.71,-127.79,3.251128,1320,262.3877919,282.8480193,1.003651619,3131.080962,3258.127288
47.71,-127.79,3.251128,848,262.3877919,282.8480193,1.003651619,3131.080962,3258.127288
47.71,-127.79,3.251128,1433,262.3877919,282.8480193,1.003651619,3131.080962,3258.127288
47.71,-127.79,3.251128,704,262.3877919,282.8480193,1.003651619,3131.080962,3258.127288
47.71,-127.79,3.251128,642,262.3877919,282.8480193,1.003651619,3131.080962,3258.127288
47.71,-127.79,3.251128,433,262.3877919,282.8480193,1.003651619,3131.080962,3258.127288
47.71,-127.79,3.251128,373,262.3877919,282.8480193,1.003651619,3131.080962,3258.127288
47.71,-127.79,3.251128,323,262.3877919,282.8480193,1.003651619,3131.080962,3258.127288
47.71,-127.8,3.251128,317,262.3877919,282.8480193,1.003651619,3131.080962,3258.127288
47.71,-127.8,3.251128,280,262.3877919,282.8480193,1.003651619,3131.080962,3258.127288
47.71,-127.8,3.251128,254,262.3877919,282.8480193,1.003651619,3131.080962,3258.127288
47.71,-127.8,3.251128,228,262.3877919,282.8480193,1.003651619,3131.080962,3258.127288
47.72,-127.8,3.251128,224,262.3877919,282.8480193,1.003651619,3131.080962,3258.127288
47.71,-127.8,3.251128,217,262.3877919,282.8480193,1.003651619,3131.080962,3258.127288
47.72,-127.79,3.251128,335,262.3877919,282.8480193,1.003651619,3131.080962,3258.127288
47.71,-127.79,3.251128,513,262.3877919,282.8480193,1.003651619,3131.080962,3258.127288
47.71,-127.79,3.251128,731,262.3877919,282.8480193,1.003651619,3131.080962,3258.127288
47.71,-127.78,3.251128,1797,262.3877919,282.8480193,1.003651619,3131.080962,3258.127288
47.71,-127.78,3.251128,1001,262.3877919,282.8480193,1.003651619,3131.080962,3258.127288
47.71,-127.78,3.251128,817,262.3877919,282.8480193,1.003651619,3131.080962,3258.127288
47.71,-127.78,3.251128,1254,262.3877919,282.8480193,1.003651619,3131.080962,3258.127288
47.71,-127.78,3.251128,1415,262.3877919,282.8480193,1.003651619,3131.080962,3258.127288
47.71,-127.78,3.251128,1128,262.3877919,282.8480193,1.003651619,3131.080962,3258.127288
47.71,-127.79,3.251128,2662,262.3877919,282.8480193,1.003651619,3131.080962,3258.127288
47.71,-127.79,3.251128,1122,262.3877919,282.8480193,1.003651619,3131.080962,3258.127288
47.72,-127.78,3.251128,213,262.3877919,282.8480193,1.003651619,3131.080962,3258.127288
47.72,-127.78,3.251128,215,262.3877919,282.8480193,1.003651619,3131.080962,3258.127288
47.72,-127.78,3.251128,210,262.3877919,282.8480193,1.003651619,3131.080962,3258.127288
47.72,-127.78,3.251128,213,262.3877919,282.8480193,1.003651619,3131.080962,3258.127288
47.72,-127.78,3.251128,207,262.3877919,282.8480193,1.003651619,3131.080962,3258.127288
47.72,-127.78,3.251128,205,262.3877919,282.8480193,1.003651619,3131.080962,3258.127288
47.72,-127.78,3.251128,200,262.3877919,282.8480193,1.003651619,3131.080962,3258.127288
47.72,-127.78,3.251128,211,262.3877919,282.8480193,1.003651619,3131.080962,3258.127288
47.72,-127.79,3.251128,201,262.3877919,282.8480193,1.003651619,3131.080962,3258.127288
47.72,-127.78,3.251128,206,262.3877919,282.8480193,1.003651619,3131.080962,3258.127288
47.72,-127.78,3.251128,205,262.3877919,282.8480193,1.003651619,3131.080962,3258.127288
47.72,-127.78,3.251128,205,262.3877919,282.8480193,1.003651619,3131.080962,3258.127288
47.72,-127.78,3.251128,201,262.3877919,282.8480193,1.003651619,3131.080962,3258.127288
47.72,-127.78,3.251128,200,262.3877919,282.8480193,1.003651619,3131.080962,3258.127288
47.72,-127.78,3.251128,204,262.3877919,282.8480193,1.003651619,3131.080962,3258.127288
47.72,-127.78,3.251128,233,262.3877919,282.8480193,1.003651619,3131.080962,3258.127288
47.72,-127.78,3.251128,249,262.3877919,282.8480193,1.003651619,3131.080962,3258.127288
47.72,-127.78,3.251128,252,262.3877919,282.8480193,1.003651619,3131.080962,3258.127288
47.72,-127.77,3.251128,306,262.3877919,282.8480193,1.003651619,3131.080962,3258.127288
47.72,-127.79,3.251128,355,262.3877919,282.8480193,1.003651619,3131.080962,3258.127288
47.72,-127.78,3.251128,415,262.3877919,282.8480193,1.003651619,3131.080962,3258.127288
47.72,-127.79,3.251128,441,262.3877919,282.8480193,1.003651619,3131.080962,3258.127288
47.72,-127.79,3.251128,531,262.3877919,282.8480193,1.003651619,3131.080962,3258.127288
47.71,-127.79,3.251128,698,262.3877919,282.8480193,1.003651619,3131.080962,3258.127288
47.71,-127.79,3.251128,994,262.3877919,282.8480193,1.003651619,3131.080962,3258.127288
47.71,-127.79,3.251128,1381,262.3877919,282.8480193,1.003651619,3131.080962,3258.127288
47.71,-127.79,3.251128,4037,262.3877919,282.8480193,1.003651619,3131.080962,3258.127288
47.72,-127.79,3.251128,1285,262.3877919,282.8480193,1.003651619,3131.080962,3258.127288
47.93,-128.59,1.1679138,252,437.7793418,471.9160858,-5.80466938,2878.245212,2994.455721
47.93,-128.6,1.1679138,252,437.7793418,471.9160858,-5.80466938,2878.245212,2994.455721
47.93,-128.6,1.1679138,246,437.7793418,471.9160858,-5.80466938,2878.245212,2994.455721
47.93,-128.6,1.1679138,243,437.7793418,471.9160858,-5.80466938,2878.245212,2994.455721
47.93,-128.6,1.1679138,250,437.7793418,471.9160858,-5.80466938,2878.245212,2994.455721
47.93,-128.6,1.1679138,260,437.7793418,471.9160858,-5.80466938,2878.245212,2994.455721
47.93,-128.6,1.1679138,261,437.7793418,471.9160858,-5.80466938,2878.245212,2994.455721
47.93,-128.6,1.1679138,266,437.7793418,471.9160858,-5.80466938,2878.245212,2994.455721
47.93,-128.6,1.1679138,271,437.7793418,471.9160858,-5.80466938,2878.245212,2994.455721
47.93,-128.61,1.1679138,274,437.7793418,471.9160858,-5.80466938,2878.245212,2994.455721
47.93,-128.61,1.1679138,278,437.7793418,471.9160858,-5.80466938,2878.245212,2994.455721
47.94,-128.61,1.1679138,275,437.7793418,471.9160858,-5.80466938,2878.245212,2994.455721
47.94,-128.61,1.1679138,284,437.7793418,471.9160858,-5.80466938,2878.245212,2994.455721
47.94,-128.61,1.1679138,281,437.7793418,471.9160858,-5.80466938,2878.245212,2994.455721
47.94,-128.61,1.1679138,297,437.7793418,471.9160858,-5.80466938,2878.245212,2994.455721
47.94,-128.61,1.1679138,295,437.7793418,471.9160858,-5.80466938,2878.245212,2994.455721
47.94,-128.62,1.1679138,293,437.7793418,471.9160858,-5.80466938,2878.245212,2994.455721
47.94,-128.62,1.1679138,288,437.7793418,471.9160858,-5.80466938,2878.245212,2994.455721
47.94,-128.62,1.1679138,282,437.7793418,471.9160858,-5.80466938,2878.245212,2994.455721
47.94,-128.62,1.1679138,279,437.7793418,471.9160858,-5.80466938,2878.245212,2994.455721
47.94,-128.62,1.1679138,277,437.7793418,471.9160858,-5.80466938,2878.245212,2994.455721
47.94,-128.62,1.1679138,278,437.7793418,471.9160858,-5.80466938,2878.245212,2994.455721
47.94,-128.62,1.1679138,284,437.7793418,471.9160858,-5.80466938,2878.245212,2994.455721
47.94,-128.62,1.1679138,284,437.7793418,471.9160858,-5.80466938,2878.245212,2994.455721
47.94,-128.63,1.1679138,288,437.7793418,471.9160858,-8.577288628,2878.245212,2994.455721
47.94,-128.63,1.1679138,288,437.7793418,471.9160858,-8.577288628,2878.245212,2994.455721
47.94,-128.63,1.1679138,280,437.7793418,471.9160858,-8.577288628,2878.245212,2994.455721
47.94,-128.63,1.1679138,277,437.7793418,471.9160858,-8.577288628,2878.245212,2994.455721
47.94,-128.63,1.1679138,276,437.7793418,471.9160858,-8.577288628,2878.245212,2994.455721
47.94,-128.63,1.1679138,268,437.7793418,471.9160858,-8.577288628,2878.245212,2994.455721
47.94,-128.63,1.1679138,265,437.7793418,471.9160858,-8.577288628,2878.245212,2994.455721
47.94,-128.63,1.1679138,261,437.7793418,471.9160858,-8.577288628,2878.245212,2994.455721
47.94,-128.64,1.1679138,264,437.7793418,471.9160858,-8.577288628,2878.245212,2994.455721
47.94,-128.64,1.1679138,260,437.7793418,471.9160858,-8.577288628,2878.245212,2994.455721
47.94,-128.64,1.1679138,256,437.7793418,471.9160858,-8.577288628,2878.245212,2994.455721
47.94,-128.64,1.1679138,259,437.7793418,471.9160858,-8.577288628,2878.245212,2994.455721
47.94,-128.59,1.1679138,228,437.7793418,471.9160858,-5.80466938,2878.245212,2994.455721
47.94,-128.59,1.1679138,221,437.7793418,471.9160858,-5.80466938,2878.245212,2994.455721
47.94,-128.59,1.1679138,214,437.7793418,471.9160858,-5.80466938,2878.245212,2994.455721
47.94,-128.59,1.1679138,213,437.7793418,471.9160858,-5.80466938,2878.245212,2994.455721
47.94,-128.59,1.1679138,213,437.7793418,471.9160858,-5.80466938,2878.245212,2994.455721
47.94,-128.59,1.1679138,215,437.7793418,471.9160858,-5.80466938,2878.245212,2994.455721
47.94,-128.59,1.1679138,223,437.7793418,471.9160858,-5.80466938,2878.245212,2994.455721
47.94,-128.6,1.1679138,219,437.7793418,471.9160858,-5.80466938,2878.245212,2994.455721
47.94,-128.6,1.1679138,230,437.7793418,471.9160858,-5.80466938,2878.245212,2994.455721
47.94,-128.6,1.1679138,229,437.7793418,471.9160858,-5.80466938,2878.245212,2994.455721
47.94,-128.6,1.1679138,240,437.7793418,471.9160858,-5.80466938,2878.245212,2994.455721
47.94,-128.6,1.1679138,250,437.7793418,471.9160858,-5.80466938,2878.245212,2994.455721
47.94,-128.6,1.1679138,255,437.7793418,471.9160858,-5.80466938,2878.245212,2994.455721
47.94,-128.6,1.1679138,259,437.7793418,471.9160858,-5.80466938,2878.245212,2994.455721
47.94,-128.61,1.1679138,264,437.7793418,471.9160858,-5.80466938,2878.245212,2994.455721
47.94,-128.61,1.1679138,261,437.7793418,471.9160858,-5.80466938,2878.245212,2994.455721
47.95,-128.61,0.97481376,257,479.1812693,516.5464137,-5.80466938,2845.5643,2960.374199
47.95,-128.61,0.97481376,261,479.1812693,516.5464137,-5.80466938,2845.5643,2960.374199
47.95,-128.61,0.97481376,262,479.1812693,516.5464137,-5.80466938,2845.5643,2960.374199
47.95,-128.61,0.97481376,268,479.1812693,516.5464137,-5.80466938,2845.5643,2960.374199
47.95,-128.61,0.97481376,270,479.1812693,516.5464137,-5.80466938,2845.5643,2960.374199
47.95,-128.62,0.97481376,277,479.1812693,516.5464137,-5.80466938,2845.5643,2960.374199
47.95,-128.62,0.97481376,276,479.1812693,516.5464137,-5.80466938,2845.5643,2960.374199
47.95,-128.62,0.97481376,261,479.1812693,516.5464137,-5.80466938,2845.5643,2960.374199
47.95,-128.62,0.97481376,264,479.1812693,516.5464137,-5.80466938,2845.5643,2960.374199
47.95,-128.62,0.97481376,256,479.1812693,516.5464137,-5.80466938,2845.5643,2960.374199
47.95,-128.62,0.97481376,252,479.1812693,516.5464137,-5.80466938,2845.5643,2960.374199
47.95,-128.62,0.97481376,251,479.1812693,516.5464137,-5.80466938,2845.5643,2960.374199
47.95,-128.62,0.97481376,244,479.1812693,516.5464137,-5.80466938,2845.5643,2960.374199
47.95,-128.63,0.97481376,234,479.1812693,516.5464137,-8.577288628,2845.5643,2960.374199
47.95,-128.63,0.97481376,234,479.1812693,516.5464137,-8.577288628,2845.5643,2960.374199
47.95,-128.63,0.97481376,235,479.1812693,516.5464137,-8.577288628,2845.5643,2960.374199
47.95,-128.63,0.97481376,233,479.1812693,516.5464137,-8.577288628,2845.5643,2960.374199
47.95,-128.63,0.97481376,232,479.1812693,516.5464137,-8.577288628,2845.5643,2960.374199
47.95,-128.63,0.97481376,230,479.1812693,516.5464137,-8.577288628,2845.5643,2960.374199
47.95,-128.63,0.97481376,230,479.1812693,516.5464137,-8.577288628,2845.5643,2960.374199
47.95,-128.64,0.97481376,226,479.1812693,516.5464137,-8.577288628,2845.5643,2960.374199
47.95,-128.64,0.97481376,219,479.1812693,516.5464137,-8.577288628,2845.5643,2960.374199
47.95,-128.64,0.97481376,215,479.1812693,516.5464137,-8.577288628,2845.5643,2960.374199
47.95,-128.64,0.97481376,217,479.1812693,516.5464137,-8.577288628,2845.5643,2960.374199
47.95,-128.64,0.97481376,207,479.1812693,516.5464137,-8.577288628,2845.5643,2960.374199
47.95,-128.64,0.97481376,199,479.1812693,516.5464137,-8.577288628,2845.5643,2960.374199
47.95,-128.64,0.97481376,194,479.1812693,516.5464137,-8.577288628,2845.5643,2960.374199
47.95,-128.64,0.97481376,197,479.1812693,516.5464137,-8.577288628,2845.5643,2960.374199
47.95,-128.65,0.74019408,192,549.9052365,592.7852277,-8.577288628,2801.120864,2914.026044
47.95,-128.65,0.74019408,188,549.9052365,592.7852277,-8.577288628,2801.120864,2914.026044
47.95,-128.58,0.97481376,201,479.1812693,516.5464137,-5.80466938,2845.5643,2960.374199
47.95,-128.58,0.97481376,198,479.1812693,516.5464137,-5.80466938,2845.5643,2960.374199
47.95,-128.58,0.97481376,202,479.1812693,516.5464137,-5.80466938,2845.5643,2960.374199
47.95,-128.59,0.97481376,206,479.1812693,516.5464137,-5.80466938,2845.5643,2960.374199
47.95,-128.59,0.97481376,203,479.1812693,516.5464137,-5.80466938,2845.5643,2960.374199
47.95,-128.59,0.97481376,209,479.1812693,516.5464137,-5.80466938,2845.5643,2960.374199
47.95,-128.59,0.97481376,215,479.1812693,516.5464137,-5.80466938,2845.5643,2960.374199
47.95,-128.59,0.97481376,221,479.1812693,516.5464137,-5.80466938,2845.5643,2960.374199
47.95,-128.59,0.97481376,231,479.1812693,516.5464137,-5.80466938,2845.5643,2960.374199
47.95,-128.59,0.97481376,227,479.1812693,516.5464137,-5.80466938,2845.5643,2960.374199
47.95,-128.6,0.97481376,236,479.1812693,516.5464137,-5.80466938,2845.5643,2960.374199
47.95,-128.6,0.97481376,240,479.1812693,516.5464137,-5.80466938,2845.5643,2960.374199
47.95,-128.6,0.97481376,248,479.1812693,516.5464137,-5.80466938,2845.5643,2960.374199
47.95,-128.6,0.97481376,251,479.1812693,516.5464137,-5.80466938,2845.5643,2960.374199
47.95,-128.6,0.97481376,249,479.1812693,516.5464137,-5.80466938,2845.5643,2960.374199
47.95,-128.6,0.97481376,244,479.1812693,516.5464137,-5.80466938,2845.5643,2960.374199
47.95,-128.6,0.97481376,239,479.1812693,516.5464137,-5.80466938,2845.5643,2960.374199
47.95,-128.61,0.97481376,236,479.1812693,516.5464137,-5.80466938,2845.5643,2960.374199
47.96,-128.57,0.97481376,220,479.1812693,516.5464137,-6.473732948,2845.5643,2960.374199
47.96,-128.57,0.97481376,216,479.1812693,516.5464137,-6.473732948,2845.5643,2960.374199
47.96,-128.57,0.97481376,209,479.1812693,516.5464137,-6.473732948,2845.5643,2960.374199
47.96,-128.58,0.97481376,204,479.1812693,516.5464137,-6.473732948,2845.5643,2960.374199
47.96,-128.58,0.97481376,199,479.1812693,516.5464137,-6.473732948,2845.5643,2960.374199
47.96,-128.58,0.97481376,201,479.1812693,516.5464137,-6.473732948,2845.5643,2960.374199
47.96,-128.58,0.97481376,220,479.1812693,516.5464137,-6.473732948,2845.5643,2960.374199
47.96,-128.59,0.97481376,209,479.1812693,516.5464137,-6.473732948,2845.5643,2960.374199
47.96,-128.59,0.97481376,199,479.1812693,516.5464137,-6.473732948,2845.5643,2960.374199
47.89,-128.67,0.91232389,329,495.3203091,533.9439284,-8.577288628,2834.304766,2948.632113
47.89,-128.67,0.91232389,343,495.3203091,533.9439284,-8.577288628,2834.304766,2948.632113
47.89,-128.67,0.91232389,382,495.3203091,533.9439284,-8.577288628,2834.304766,2948.632113
47.89,-128.68,0.91232389,349,495.3203091,533.9439284,-8.577288628,2834.304766,2948.632113
47.89,-128.68,0.91232389,345,495.3203091,533.9439284,-8.577288628,2834.304766,2948.632113
47.9,-128.69,0.91232389,298,495.3203091,533.9439284,-8.577288628,2834.304766,2948.632113
47.9,-128.69,0.91232389,277,495.3203091,533.9439284,-8.577288628,2834.304766,2948.632113
47.9,-128.69,0.91232389,263,495.3203091,533.9439284,-8.577288628,2834.304766,2948.632113
47.9,-128.7,0.91232389,275,495.3203091,533.9439284,-8.577288628,2834.304766,2948.632113
47.9,-128.7,0.91232389,240,495.3203091,533.9439284,-8.577288628,2834.304766,2948.632113
47.9,-128.71,0.91232389,214,495.3203091,533.9439284,-8.577288628,2834.304766,2948.632113
47.9,-128.71,0.91232389,204,495.3203091,533.9439284,-8.577288628,2834.304766,2948.632113
47.9,-128.71,0.91232389,243,495.3203091,533.9439284,-8.577288628,2834.304766,2948.632113
47.9,-128.72,0.91232389,236,495.3203091,533.9439284,-8.577288628,2834.304766,2948.632113
47.9,-128.72,0.91232389,226,495.3203091,533.9439284,-8.577288628,2834.304766,2948.632113
47.9,-128.72,0.91232389,200,495.3203091,533.9439284,-8.577288628,2834.304766,2948.632113
47.9,-128.73,0.91232389,211,495.3203091,533.9439284,-8.577288628,2834.304766,2948.632113
47.9,-128.73,0.91232389,182,495.3203091,533.9439284,-8.577288628,2834.304766,2948.632113
47.91,-128.74,0.91232389,126,495.3203091,533.9439284,-8.577288628,2834.304766,2948.632113
47.91,-128.74,0.91232389,135,495.3203091,533.9439284,-8.577288628,2834.304766,2948.632113
47.91,-128.75,0.66285837,142,581.0992123,626.4116178,-10.49689579,2784.956401,2897.168818
47.91,-128.75,0.66285837,156,581.0992123,626.4116178,-10.49689579,2784.956401,2897.168818
47.91,-128.76,0.66285837,185,581.0992123,626.4116178,-10.49689579,2784.956401,2897.168818
47.91,-128.76,0.66285837,184,581.0992123,626.4116178,-10.49689579,2784.956401,2897.168818
47.91,-128.76,0.66285837,110,581.0992123,626.4116178,-10.49689579,2784.956401,2897.168818
47.91,-128.77,0.66285837,114,581.0992123,626.4116178,-10.49689579,2784.956401,2897.168818
47.91,-128.77,0.66285837,133,581.0992123,626.4116178,-10.49689579,2784.956401,2897.168818
47.91,-128.78,0.66285837,141,581.0992123,626.4116178,-10.49689579,2784.956401,2897.168818
47.91,-128.78,0.66285837,140,581.0992123,626.4116178,-10.49689579,2784.956401,2897.168818
47.92,-128.78,0.66285837,100,581.0992123,626.4116178,-10.49689579,2784.956401,2897.168818
47.92,-128.79,0.66285837,83,581.0992123,626.4116178,-10.49689579,2784.956401,2897.168818
47.92,-128.79,0.66285837,73,581.0992123,626.4116178,-10.49689579,2784.956401,2897.168818
47.92,-128.79,0.66285837,79,581.0992123,626.4116178,-10.49689579,2784.956401,2897.168818
47.92,-128.8,0.66285837,79,581.0992123,626.4116178,-10.49689579,2784.956401,2897.168818
47.92,-128.81,0.66285837,102,581.0992123,626.4116178,-10.49689579,2784.956401,2897.168818
47.92,-128.82,0.66285837,106,581.0992123,626.4116178,-10.49689579,2784.956401,2897.168818
47.92,-128.82,0.66285837,107,581.0992123,626.4116178,-10.49689579,2784.956401,2897.168818
47.92,-128.82,0.66285837,106,581.0992123,626.4116178,-10.49689579,2784.956401,2897.168818
47.92,-128.82,0.66285837,106,581.0992123,626.4116178,-10.49689579,2784.956401,2897.168818
47.92,-128.82,0.66285837,115,581.0992123,626.4116178,-10.49689579,2784.956401,2897.168818
47.92,-128.82,0.66285837,119,581.0992123,626.4116178,-10.49689579,2784.956401,2897.168818
47.92,-128.82,0.66285837,111,581.0992123,626.4116178,-10.49689579,2784.956401,2897.168818
47.92,-128.83,0.66285837,85,581.0992123,626.4116178,-10.49689579,2784.956401,2897.168818
47.92,-128.83,0.66285837,71,581.0992123,626.4116178,-10.49689579,2784.956401,2897.168818
47.92,-128.83,0.66285837,69,581.0992123,626.4116178,-10.49689579,2784.956401,2897.168818
47.92,-128.83,0.66285837,73,581.0992123,626.4116178,-10.49689579,2784.956401,2897.168818
47.92,-128.83,0.66285837,83,581.0992123,626.4116178,-10.49689579,2784.956401,2897.168818
47.93,-128.83,0.66285837,99,581.0992123,626.4116178,-10.49689579,2784.956401,2897.168818
47.93,-128.83,0.66285837,112,581.0992123,626.4116178,-10.49689579,2784.956401,2897.168818
47.93,-128.84,0.66285837,130,581.0992123,626.4116178,-10.49689579,2784.956401,2897.168818
47.94,-128.57,1.1679138,252,437.7793418,471.9160858,-5.80466938,2878.245212,2994.455721
47.94,-128.57,1.1679138,235,437.7793418,471.9160858,-5.80466938,2878.245212,2994.455721
47.94,-128.58,1.1679138,226,437.7793418,471.9160858,-5.80466938,2878.245212,2994.455721
47.94,-128.58,1.1679138,220,437.7793418,471.9160858,-5.80466938,2878.245212,2994.455721
47.94,-128.58,1.1679138,216,437.7793418,471.9160858,-5.80466938,2878.245212,2994.455721
47.94,-128.58,1.1679138,219,437.7793418,471.9160858,-5.80466938,2878.245212,2994.455721
47.94,-128.58,1.1679138,221,437.7793418,471.9160858,-5.80466938,2878.245212,2994.455721
47.94,-128.58,1.1679138,231,437.7793418,471.9160858,-5.80466938,2878.245212,2994.455721
47.94,-128.58,1.1679138,238,437.7793418,471.9160858,-5.80466938,2878.245212,2994.455721
47.94,-128.58,1.1679138,238,437.7793418,471.9160858,-5.80466938,2878.245212,2994.455721
47.93,-128.57,1.1679138,234,437.7793418,471.9160858,-5.80466938,2878.245212,2994.455721
47.86,-128.49,1.414219,418,397.8343928,428.8563473,-8.135784149,2916.22329,3034.061431
47.86,-128.5,1.414219,393,397.8343928,428.8563473,-8.135784149,2916.22329,3034.061431
47.86,-128.5,1.414219,389,397.8343928,428.8563473,-8.135784149,2916.22329,3034.061431
47.86,-128.51,1.414219,452,397.8343928,428.8563473,-5.80466938,2916.22329,3034.061431
47.86,-128.51,1.414219,455,397.8343928,428.8563473,-5.80466938,2916.22329,3034.061431
47.86,-128.51,1.414219,431,397.8343928,428.8563473,-5.80466938,2916.22329,3034.061431
47.86,-128.51,1.414219,363,397.8343928,428.8563473,-5.80466938,2916.22329,3034.061431
47.86,-128.52,1.414219,304,397.8343928,428.8563473,-5.80466938,2916.22329,3034.061431
47.86,-128.52,1.414219,302,397.8343928,428.8563473,-5.80466938,2916.22329,3034.061431
47.86,-128.52,1.414219,293,397.8343928,428.8563473,-5.80466938,2916.22329,3034.061431
47.86,-128.52,1.414219,279,397.8343928,428.8563473,-5.80466938,2916.22329,3034.061431
47.86,-128.53,1.414219,288,397.8343928,428.8563473,-5.80466938,2916.22329,3034.061431
47.86,-128.53,1.414219,324,397.8343928,428.8563473,-5.80466938,2916.22329,3034.061431
47.86,-128.53,1.414219,298,397.8343928,428.8563473,-5.80466938,2916.22329,3034.061431
47.86,-128.53,1.414219,334,397.8343928,428.8563473,-5.80466938,2916.22329,3034.061431
47.86,-128.54,1.414219,367,397.8343928,428.8563473,-5.80466938,2916.22329,3034.061431
47.86,-128.54,1.414219,318,397.8343928,428.8563473,-5.80466938,2916.22329,3034.061431
47.87,-128.54,1.414219,276,397.8343928,428.8563473,-5.80466938,2916.22329,3034.061431
47.87,-128.54,1.414219,267,397.8343928,428.8563473,-5.80466938,2916.22329,3034.061431
47.87,-128.55,1.1679138,269,437.7793418,471.9160858,-5.80466938,2878.245212,2994.455721
47.87,-128.55,1.1679138,283,437.7793418,471.9160858,-5.80466938,2878.245212,2994.455721
47.87,-128.55,1.1679138,299,437.7793418,471.9160858,-5.80466938,2878.245212,2994.455721
47.87,-128.55,1.1679138,313,437.7793418,471.9160858,-5.80466938,2878.245212,2994.455721
47.87,-128.56,1.1679138,302,437.7793418,471.9160858,-5.80466938,2878.245212,2994.455721
47.87,-128.56,1.1679138,308,437.7793418,471.9160858,-5.80466938,2878.245212,2994.455721
47.87,-128.56,1.1679138,330,437.7793418,471.9160858,-5.80466938,2878.245212,2994.455721
47.87,-128.56,1.1679138,299,437.7793418,471.9160858,-5.80466938,2878.245212,2994.455721
47.87,-128.57,1.1679138,394,437.7793418,471.9160858,-5.80466938,2878.245212,2994.455721
47.87,-128.57,1.1679138,552,437.7793418,471.9160858,-5.80466938,2878.245212,2994.455721
47.87,-128.57,1.1679138,606,437.7793418,471.9160858,-5.80466938,2878.245212,2994.455721
47.87,-128.57,1.1679138,483,437.7793418,471.9160858,-5.80466938,2878.245212,2994.455721
47.87,-128.58,1.1679138,448,437.7793418,471.9160858,-5.80466938,2878.245212,2994.455721
47.87,-128.58,1.1679138,532,437.7793418,471.9160858,-5.80466938,2878.245212,2994.455721
47.87,-128.58,1.1679138,503,437.7793418,471.9160858,-5.80466938,2878.245212,2994.455721
47.87,-128.59,1.1679138,463,437.7793418,471.9160858,-5.80466938,2878.245212,2994.455721
47.87,-128.59,1.1679138,450,437.7793418,471.9160858,-5.80466938,2878.245212,2994.455721
47.88,-128.59,1.1679138,411,437.7793418,471.9160858,-5.80466938,2878.245212,2994.455721
47.88,-128.59,1.1679138,464,437.7793418,471.9160858,-5.80466938,2878.245212,2994.455721
47.88,-128.6,1.1679138,474,437.7793418,471.9160858,-5.80466938,2878.245212,2994.455721
47.88,-128.6,1.1679138,533,437.7793418,471.9160858,-5.80466938,2878.245212,2994.455721
47.88,-128.6,1.1679138,477,437.7793418,471.9160858,-5.80466938,2878.245212,2994.455721
47.88,-128.6,1.1679138,404,437.7793418,471.9160858,-5.80466938,2878.245212,2994.455721
47.88,-128.61,1.1679138,386,437.7793418,471.9160858,-5.80466938,2878.245212,2994.455721
47.88,-128.61,1.1679138,453,437.7793418,471.9160858,-5.80466938,2878.245212,2994.455721
47.88,-128.61,1.1679138,338,437.7793418,471.9160858,-5.80466938,2878.245212,2994.455721
47.88,-128.62,1.1679138,283,437.7793418,471.9160858,-5.80466938,2878.245212,2994.455721
47.88,-128.62,1.1679138,283,437.7793418,471.9160858,-5.80466938,2878.245212,2994.455721
47.88,-128.63,1.1679138,280,437.7793418,471.9160858,-8.577288628,2878.245212,2994.455721
47.88,-128.63,1.1679138,303,437.7793418,471.9160858,-8.577288628,2878.245212,2994.455721
47.89,-128.64,1.1679138,349,437.7793418,471.9160858,-8.577288628,2878.245212,2994.455721
47.89,-128.64,1.1679138,415,437.7793418,471.9160858,-8.577288628,2878.245212,2994.455721
47.89,-128.64,1.1679138,368,437.7793418,471.9160858,-8.577288628,2878.245212,2994.455721
47.89,-128.65,0.91232389,462,495.3203091,533.9439284,-8.577288628,2834.304766,2948.632113
47.89,-128.65,0.91232389,401,495.3203091,533.9439284,-8.577288628,2834.304766,2948.632113
47.89,-128.66,0.91232389,311,495.3203091,533.9439284,-8.577288628,2834.304766,2948.632113
47.89,-128.66,0.91232389,313,495.3203091,533.9439284,-8.577288628,2834.304766,2948.632113
47.92,-128.79,0.66285837,85,581.0992123,626.4116178,-10.49689579,2784.956401,2897.168818
47.92,-128.79,0.66285837,85,581.0992123,626.4116178,-10.49689579,2784.956401,2897.168818
47.92,-128.8,0.66285837,84,581.0992123,626.4116178,-10.49689579,2784.956401,2897.168818
47.92,-128.8,0.66285837,82,581.0992123,626.4116178,-10.49689579,2784.956401,2897.168818
47.92,-128.81,0.66285837,82,581.0992123,626.4116178,-10.49689579,2784.956401,2897.168818
47.92,-128.81,0.66285837,92,581.0992123,626.4116178,-10.49689579,2784.956401,2897.168818
47.92,-128.81,0.66285837,103,581.0992123,626.4116178,-10.49689579,2784.956401,2897.168818
47.92,-128.81,0.66285837,98,581.0992123,626.4116178,-10.49689579,2784.956401,2897.168818
47.92,-128.81,0.66285837,113,581.0992123,626.4116178,-10.49689579,2784.956401,2897.168818
47.92,-128.81,0.66285837,114,581.0992123,626.4116178,-10.49689579,2784.956401,2897.168818
47.75,-127.71,3.4946105,164,253.0820072,272.816597,-0.975069642,3154.285707,3282.326523
47.75,-127.72,3.4946105,158,253.0820072,272.816597,-0.975069642,3154.285707,3282.326523
47.75,-127.72,3.4946105,150,253.0820072,272.816597,-0.975069642,3154.285707,3282.326523
47.75,-127.72,3.4946105,150,253.0820072,272.816597,-0.975069642,3154.285707,3282.326523
47.76,-127.72,3.3711357,155,257.6751524,277.7679021,-0.975069642,3142.622847,3270.163826
47.76,-127.73,3.3711357,157,257.6751524,277.7679021,-0.975069642,3142.622847,3270.163826
47.76,-127.73,3.3711357,158,257.6751524,277.7679021,-0.975069642,3142.622847,3270.163826
47.76,-127.73,3.3711357,160,257.6751524,277.7679021,-0.975069642,3142.622847,3270.163826
47.76,-127.73,3.3711357,156,257.6751524,277.7679021,-0.975069642,3142.622847,3270.163826
47.76,-127.74,3.3711357,162,257.6751524,277.7679021,-0.975069642,3142.622847,3270.163826
47.76,-127.74,3.3711357,169,257.6751524,277.7679021,-0.975069642,3142.622847,3270.163826
47.76,-127.74,3.3711357,182,257.6751524,277.7679021,-0.975069642,3142.622847,3270.163826
47.76,-127.74,3.3711357,195,257.6751524,277.7679021,-0.975069642,3142.622847,3270.163826
47.76,-127.75,3.1612465,204,266.091792,286.8408464,-0.975069642,3122.296309,3248.966151
47.76,-127.75,3.1612465,220,266.091792,286.8408464,-0.975069642,3122.296309,3248.966151
47.76,-127.75,3.1612465,255,266.091792,286.8408464,-0.975069642,3122.296309,3248.966151
47.76,-127.75,3.1612465,283,266.091792,286.8408464,-0.975069642,3122.296309,3248.966151
47.76,-127.76,3.1612465,326,266.091792,286.8408464,-0.975069642,3122.296309,3248.966151
47.76,-127.76,3.1612465,343,266.091792,286.8408464,-0.975069642,3122.296309,3248.966151
47.76,-127.76,3.1612465,320,266.091792,286.8408464,-0.975069642,3122.296309,3248.966151
47.76,-127.77,3.1612465,297,266.091792,286.8408464,-0.975069642,3122.296309,3248.966151
47.76,-127.77,3.1612465,256,266.091792,286.8408464,-0.975069642,3122.296309,3248.966151
47.76,-127.77,3.1612465,245,266.091792,286.8408464,-0.975069642,3122.296309,3248.966151
47.77,-127.77,3.1612465,245,266.091792,286.8408464,-0.975069642,3122.296309,3248.966151
47.77,-127.78,3.1612465,235,266.091792,286.8408464,-0.975069642,3122.296309,3248.966151
47.77,-127.78,3.1612465,229,266.091792,286.8408464,-0.975069642,3122.296309,3248.966151
47.77,-127.78,3.1612465,222,266.091792,286.8408464,-0.975069642,3122.296309,3248.966151
47.77,-127.78,3.1612465,219,266.091792,286.8408464,-0.975069642,3122.296309,3248.966151
47.77,-127.79,3.1612465,213,266.091792,286.8408464,-0.975069642,3122.296309,3248.966151
47.77,-127.79,3.1612465,197,266.091792,286.8408464,-0.975069642,3122.296309,3248.966151
47.77,-127.79,3.1612465,198,266.091792,286.8408464,-0.975069642,3122.296309,3248.966151
47.77,-127.7,3.3711357,208,257.6751524,277.7679021,-0.975069642,3142.622847,3270.163826
47.77,-127.7,3.3711357,206,257.6751524,277.7679021,-0.975069642,3142.622847,3270.163826
47.77,-127.7,3.3711357,202,257.6751524,277.7679021,-0.975069642,3142.622847,3270.163826
47.77,-127.7,3.3711357,205,257.6751524,277.7679021,-0.975069642,3142.622847,3270.163826
47.77,-127.71,3.3711357,205,257.6751524,277.7679021,-0.975069642,3142.622847,3270.163826
47.77,-127.71,3.3711357,198,257.6751524,277.7679021,-0.975069642,3142.622847,3270.163826
47.77,-127.71,3.3711357,176,257.6751524,277.7679021,-0.975069642,3142.622847,3270.163826
47.77,-127.71,3.3711357,178,257.6751524,277.7679021,-0.975069642,3142.622847,3270.163826
47.77,-127.72,3.3711357,180,257.6751524,277.7679021,-0.975069642,3142.622847,3270.163826
47.77,-127.72,3.3711357,182,257.6751524,277.7679021,-0.975069642,3142.622847,3270.163826
47.77,-127.72,3.3711357,191,257.6751524,277.7679021,-0.975069642,3142.622847,3270.163826
47.77,-127.72,3.3711357,190,257.6751524,277.7679021,-0.975069642,3142.622847,3270.163826
47.78,-127.73,3.3711357,196,257.6751524,277.7679021,-0.975069642,3142.622847,3270.163826
47.78,-127.73,3.3711357,202,257.6751524,277.7679021,-0.975069642,3142.622847,3270.163826
47.78,-127.73,3.3711357,197,257.6751524,277.7679021,-0.975069642,3142.622847,3270.163826
47.78,-127.73,3.3711357,196,257.6751524,277.7679021,-0.975069642,3142.622847,3270.163826
47.78,-127.73,3.3711357,198,257.6751524,277.7679021,-0.975069642,3142.622847,3270.163826
47.78,-127.73,3.3711357,198,257.6751524,277.7679021,-0.975069642,3142.622847,3270.163826
47.78,-127.73,3.3711357,198,257.6751524,277.7679021,-0.975069642,3142.622847,3270.163826
47.78,-127.73,3.3711357,212,257.6751524,277.7679021,-0.975069642,3142.622847,3270.163826
47.78,-127.74,3.3711357,203,257.6751524,277.7679021,-0.975069642,3142.622847,3270.163826
47.78,-127.74,3.3711357,215,257.6751524,277.7679021,-0.975069642,3142.622847,3270.163826
47.78,-127.74,3.3711357,229,257.6751524,277.7679021,-0.975069642,3142.622847,3270.163826
47.78,-127.74,3.3711357,254,257.6751524,277.7679021,-0.975069642,3142.622847,3270.163826
47.78,-127.74,3.3711357,279,257.6751524,277.7679021,-0.975069642,3142.622847,3270.163826
47.78,-127.74,3.3711357,300,257.6751524,277.7679021,-0.975069642,3142.622847,3270.163826
47.78,-127.74,3.3711357,315,257.6751524,277.7679021,-0.975069642,3142.622847,3270.163826
47.78,-127.75,3.1612465,334,266.091792,286.8408464,-0.975069642,3122.296309,3248.966151
47.78,-127.75,3.1612465,341,266.091792,286.8408464,-0.975069642,3122.296309,3248.966151
47.78,-127.75,3.1612465,342,266.091792,286.8408464,-0.975069642,3122.296309,3248.966151
47.78,-127.75,3.1612465,359,266.091792,286.8408464,-0.975069642,3122.296309,3248.966151
47.78,-127.75,3.1612465,365,266.091792,286.8408464,-0.975069642,3122.296309,3248.966151
47.78,-127.75,3.1612465,362,266.091792,286.8408464,-0.975069642,3122.296309,3248.966151
47.78,-127.75,3.1612465,361,266.091792,286.8408464,-0.975069642,3122.296309,3248.966151
47.78,-127.76,3.1612465,361,266.091792,286.8408464,-0.975069642,3122.296309,3248.966151
47.78,-127.76,3.1612465,345,266.091792,286.8408464,-0.975069642,3122.296309,3248.966151
47.78,-127.76,3.1612465,325,266.091792,286.8408464,-0.975069642,3122.296309,3248.966151
47.78,-127.76,3.1612465,319,266.091792,286.8408464,-0.975069642,3122.296309,3248.966151
47.78,-127.76,3.1612465,330,266.091792,286.8408464,-0.975069642,3122.296309,3248.966151
47.78,-127.76,3.1612465,296,266.091792,286.8408464,-0.975069642,3122.296309,3248.966151
47.78,-127.76,3.1612465,278,266.091792,286.8408464,-0.975069642,3122.296309,3248.966151
47.78,-127.77,3.1612465,243,266.091792,286.8408464,-0.975069642,3122.296309,3248.966151
47.78,-127.77,3.1612465,230,266.091792,286.8408464,-0.975069642,3122.296309,3248.966151
47.79,-127.77,3.1612465,229,266.091792,286.8408464,-0.975069642,3122.296309,3248.966151
47.79,-127.77,3.1612465,226,266.091792,286.8408464,-0.975069642,3122.296309,3248.966151
47.79,-127.78,3.1612465,215,266.091792,286.8408464,-0.975069642,3122.296309,3248.966151
47.79,-127.78,3.1612465,207,266.091792,286.8408464,-0.975069642,3122.296309,3248.966151
47.79,-127.78,3.1612465,201,266.091792,286.8408464,-0.975069642,3122.296309,3248.966151
47.79,-127.78,3.1612465,193,266.091792,286.8408464,-0.975069642,3122.296309,3248.966151
47.79,-127.79,3.1612465,193,266.091792,286.8408464,-0.975069642,3122.296309,3248.966151
47.79,-127.79,3.1612465,191,266.091792,286.8408464,-0.975069642,3122.296309,3248.966151
47.79,-127.79,3.1612465,194,266.091792,286.8408464,-0.975069642,3122.296309,3248.966151
47.79,-127.79,3.1612465,202,266.091792,286.8408464,-0.975069642,3122.296309,3248.966151
47.79,-127.8,3.1612465,207,266.091792,286.8408464,-0.975069642,3122.296309,3248.966151
47.79,-127.8,3.1612465,195,266.091792,286.8408464,-0.975069642,3122.296309,3248.966151
47.76,-127.75,3.1612465,199,266.091792,286.8408464,-0.975069642,3122.296309,3248.966151
47.76,-127.75,3.1612465,217,266.091792,286.8408464,-0.975069642,3122.296309,3248.966151
47.76,-127.75,3.1612465,248,266.091792,286.8408464,-0.975069642,3122.296309,3248.966151
47.76,-127.75,3.1612465,256,266.091792,286.8408464,-0.975069642,3122.296309,3248.966151
47.76,-127.75,3.1612465,273,266.091792,286.8408464,-0.975069642,3122.296309,3248.966151
47.76,-127.76,3.1612465,308,266.091792,286.8408464,-0.975069642,3122.296309,3248.966151
47.76,-127.76,3.1612465,320,266.091792,286.8408464,-0.975069642,3122.296309,3248.966151
47.76,-127.76,3.1612465,338,266.091792,286.8408464,-0.975069642,3122.296309,3248.966151
47.76,-127.76,3.1612465,340,266.091792,286.8408464,-0.975069642,3122.296309,3248.966151
47.76,-127.76,3.1612465,353,266.091792,286.8408464,-0.975069642,3122.296309,3248.966151
47.76,-127.76,3.1612465,349,266.091792,286.8408464,-0.975069642,3122.296309,3248.966151
47.76,-127.76,3.1612465,327,266.091792,286.8408464,-0.975069642,3122.296309,3248.966151
47.76,-127.76,3.1612465,316,266.091792,286.8408464,-0.975069642,3122.296309,3248.966151
47.76,-127.77,3.1612465,294,266.091792,286.8408464,-0.975069642,3122.296309,3248.966151
47.76,-127.77,3.1612465,278,266.091792,286.8408464,-0.975069642,3122.296309,3248.966151
47.76,-127.77,3.1612465,257,266.091792,286.8408464,-0.975069642,3122.296309,3248.966151
47.76,-127.77,3.1612465,238,266.091792,286.8408464,-0.975069642,3122.296309,3248.966151
47.76,-127.77,3.1612465,235,266.091792,286.8408464,-0.975069642,3122.296309,3248.966151
47.77,-127.77,3.1612465,250,266.091792,286.8408464,-0.975069642,3122.296309,3248.966151
47.77,-127.77,3.1612465,246,266.091792,286.8408464,-0.975069642,3122.296309,3248.966151
47.77,-127.77,3.1612465,240,266.091792,286.8408464,-0.975069642,3122.296309,3248.966151
47.77,-127.79,3.1612465,218,266.091792,286.8408464,-0.975069642,3122.296309,3248.966151
47.77,-127.79,3.1612465,207,266.091792,286.8408464,-0.975069642,3122.296309,3248.966151
47.77,-127.79,3.1612465,192,266.091792,286.8408464,-0.975069642,3122.296309,3248.966151
47.77,-127.8,3.1612465,193,266.091792,286.8408464,-0.975069642,3122.296309,3248.966151
47.77,-127.8,3.1612465,181,266.091792,286.8408464,-0.975069642,3122.296309,3248.966151
47.77,-127.8,3.1612465,181,266.091792,286.8408464,-0.975069642,3122.296309,3248.966151
47.77,-127.8,3.1612465,199,266.091792,286.8408464,-0.975069642,3122.296309,3248.966151
47.77,-127.81,3.1612465,180,266.091792,286.8408464,-0.58204329,3122.296309,3248.966151
47.77,-127.81,3.1612465,182,266.091792,286.8408464,-0.58204329,3122.296309,3248.966151
47.77,-127.81,3.1612465,184,266.091792,286.8408464,-0.58204329,3122.296309,3248.966151
47.77,-127.81,3.1612465,187,266.091792,286.8408464,-0.58204329,3122.296309,3248.966151
48.33,-129.5,1.0923868,252.24,452.6603315,487.9574513,0.952193856,2865.810583,2981.48818
48.71,-129.33,1.0676979,273.61,457.8639649,493.5668487,-25.78291321,2861.653139,2977.152559
48.81,-128.53,1.6490558,338.97,368.4198177,397.1481103,-8.860430717,2949.454487,3068.716822
48.7,-128.64,0.59841609,185.2,611.5881019,659.2779413,-31.13194656,2770.750754,2882.354358
48.82,-128.75,0.68546021,87.99,571.4385487,615.9976442,-29.66418266,2789.773835,2902.192714
48.82,-128.75,0.68546021,87.99,571.4385487,615.9976442,-29.66418266,2789.773835,2902.192714
48.82,-128.75,0.68546021,87.99,571.4385487,615.9976442,-29.66418266,2789.773835,2902.192714
48.33,-128.65,0.80387408,256.43,527.6751548,568.8217096,0.947541118,2813.806588,2927.255442
48.36,-128.57,1.033847,300,465.2994327,501.5821124,2.668863773,2855.873935,2971.125675
48.39,-128.44,1.3642263,272.35,405.0582202,436.6434675,-2.548873425,2908.800345,3026.320359
48.36,-128.25,1.6470286,274.86,368.6464777,397.3924446,5.411941528,2949.178142,3068.428634
48.48,-128.27,1.6329716,321.79,370.229775,399.0992028,8.752602577,2947.25722,3066.425387
48.46,-128.45,1.3784287,433.25,402.9660939,434.3882034,-4.410299301,2910.922761,3028.533737
48.46,-128.56,0.8665905,423.19,508.2222764,547.851953,8.065933228,2825.81795,2939.781576
48.46,-128.67,0.59159386,339.39,615.1043949,663.0684244,-10.74924183,2769.202986,2880.740257
48.46,-128.67,0.59159386,339.39,615.1043949,663.0684244,-10.74924183,2769.202986,2880.740257
48.46,-128.67,0.59159386,339.39,615.1043949,663.0684244,-10.74924183,2769.202986,2880.740257
48.45,-128.81,0.34311613,527.94,807.6814184,870.6620372,-13.25694942,2705.016404,2813.802821
48.45,-128.81,0.34311613,527.94,807.6814184,870.6620372,-13.25694942,2705.016404,2813.802821
48.45,-128.81,0.34311613,527.94,807.6814184,870.6620372,-13.25694942,2705.016404,2813.802821
48.47,-128.99,0.2075969,366.63,1038.365445,1119.334125,-29.15257072,2659.46981,2766.30423
48.47,-129.08,0.41323298,202.38,735.975185,793.3643629,-29.15257072,2724.9912,2834.63368
48.47,-129.22,0.6946314,319.28,567.6536744,611.9176365,-2.554271936,2791.705925,2904.207607
48.55,-129.45,1.1500742,237.57,441.1616258,475.5621104,-13.8628149,2875.345294,2991.431521
48.53,-129.34,0.93639433,234.64,488.9126467,527.0366153,12.00231552,2838.686146,2953.201266
48.55,-129.23,0.6946314,193.16,567.6536744,611.9176365,-8.629146576,2791.705925,2904.207607
48.55,-128.93,0.15120271,419,1216.692613,1311.566721,-19.70304871,2636.096774,2741.929493
48.55,-128.67,0.59159386,104.75,615.1043949,663.0684244,-24.77534676,2769.202986,2880.740257
48.55,-128.67,0.59159386,104.75,615.1043949,663.0684244,-24.77534676,2769.202986,2880.740257
48.55,-128.67,0.59159386,104.75,615.1043949,663.0684244,-24.77534676,2769.202986,2880.740257
48.56,-128.69,0.44956386,360.34,705.6103838,760.6318039,-24.77534676,2734.673332,2844.730761
48.56,-128.69,0.44956386,360.34,705.6103838,760.6318039,-24.77534676,2734.673332,2844.730761
48.56,-128.69,0.44956386,360.34,705.6103838,760.6318039,-24.77534676,2734.673332,2844.730761
48.56,-128.54,0.96464723,190.23,481.6997248,519.261251,1.792574644,2843.757597,2958.490066
48.57,-128.39,1.2363625,351.96,425.488422,458.6667563,-3.286632776,2889.171436,3005.850211
48.56,-128.28,1.5076998,295.4,385.3037363,415.3485871,-3.286632776,2929.759497,3048.177761
48.64,-128.26,1.5076998,199.03,385.3037363,415.3485871,2.654664516,2929.759497,3048.177761
48.67,-128.43,1.2233963,162.99,427.7372546,461.0909463,-10.13027668,2887.125363,3003.71645
48.66,-128.5,0.88008928,227.1,504.3096674,543.6342503,-10.13027668,2828.345758,2942.417719
48.65,-128.68,0.44956386,217.88,705.6103838,760.6318039,-24.77534676,2734.673332,2844.730761
48.65,-128.68,0.44956386,217.88,705.6103838,760.6318039,-24.77534676,2734.673332,2844.730761
48.65,-128.68,0.44956386,217.88,705.6103838,760.6318039,-24.77534676,2734.673332,2844.730761
48.64,-129.47,1.3595402,224.17,405.7557025,437.3953375,-13.8628149,2908.097629,3025.587527
48.72,-129.49,1.4873363,171.37,387.9324152,418.1822427,-26.31522369,2926.847393,3045.140853
48.82,-129.51,1.4191555,307.55,397.1418611,428.109814,-23.59581757,2916.949096,3034.818343
49,-129.12,1.4348531,134.92,394.9634782,425.7615673,-1.22399497,2919.248739,3037.216542
48.47,-129.4,1.1500742,597.49,441.1616258,475.5621104,12.00231552,2875.345294,2991.431521
48.34,-128.97,0.12862568,114.39,1319.158005,1422.022062,2.990579128,2625.525479,2730.905142
48.36,-128.81,0.53057241,328.08,649.5137174,700.1608847,-3.627408266,2754.941405,2865.867466
48.54,-129.08,0.41323298,423.19,735.975185,793.3643629,-29.15257072,2724.9912,2834.63368
48.65,-129.08,0.54729426,234.64,639.5142297,689.3816663,-30.70441246,2758.927687,2870.024587
48.63,-129,0.29284939,316.76,874.2557495,942.4276387,-30.70441246,2689.404462,2797.521796
48.69,-129.08,0.52265346,45.67,654.4157515,705.4451649,-13.6266613,2753.031715,2863.875931
48.8,-129.11,0.14601907,238.83,1238.100417,1334.643842,-9.584189415,2633.743546,2739.475412
48.91,-129.07,0.62740594,207.41,597.2915159,643.8665496,-4.754152298,2777.231361,2889.112705
48.83,-128.94,0.31936482,136.59,837.1766791,902.4572515,-4.243466377,2697.793302,2806.270158
48.71,-128.91,0.24071789,275.28,964.2873622,1039.479651,-11.20665169,2671.720533,2779.079985
48.7,-128.76,0.14280756,129.89,1251.944451,1349.567393,-19.29531097,2632.264606,2737.93309
48.7,-128.76,0.14280756,129.89,1251.944451,1349.567393,-19.29531097,2632.264606,2737.93309
48.7,-128.76,0.14280756,129.89,1251.944451,1349.567393,-19.29531097,2632.264606,2737.93309
48.82,-128.79,0.68546021,146.65,571.4385487,615.9976442,-29.66418266,2789.773835,2902.192714
48.82,-128.79,0.68546021,146.65,571.4385487,615.9976442,-29.66418266,2789.773835,2902.192714
48.82,-128.79,0.68546021,146.65,571.4385487,615.9976442,-29.66418266,2789.773835,2902.192714
49,-128.92,2.0014477,163.83,334.4171458,360.4940102,-12.48082924,2995.153858,3116.374738
48.89,-128.94,1.2405514,343.16,424.7694532,457.8917244,-4.243466377,2889.830151,3006.537157
48.89,-128.8,1.5536753,175.98,379.5600789,409.1570563,-29.66418266,2936.262793,3054.959769
48.89,-128.8,1.5536753,175.98,379.5600789,409.1570563,-29.66418266,2936.262793,3054.959769
48.89,-128.8,1.5536753,175.98,379.5600789,409.1570563,-29.66418266,2936.262793,3054.959769
48.9,-128.7,1.8434017,146.65,348.4581825,375.6299256,-30.76771736,2975.201755,3095.567545
48.9,-128.7,1.8434017,146.65,348.4581825,375.6299256,-30.76771736,2975.201755,3095.567545
48.9,-128.7,1.8434017,146.65,348.4581825,375.6299256,-30.76771736,2975.201755,3095.567545
48.72,-128.25,1.5736516,199.86,377.1432725,406.5517944,-6.987557411,2939.058448,3057.875239
48.71,-128.4,1.2233963,157.54,427.7372546,461.0909463,-10.13027668,2887.125363,3003.71645
48.71,-128.54,0.88008928,263.97,504.3096674,543.6342503,0.323105454,2828.345758,2942.417719
48.7,-128.67,0.33493531,87.99,817.4857512,881.230883,-31.13194656,2702.557586,2811.238625
48.7,-128.67,0.33493531,87.99,817.4857512,881.230883,-31.13194656,2702.557586,2811.238625
48.7,-128.67,0.33493531,87.99,817.4857512,881.230883,-31.13194656,2702.557586,2811.238625
48.65,-129.22,0.81750315,400.98,523.2580779,564.0602022,-8.629146576,2816.455583,2930.017965
48.64,-129.3,1.0900034,313.83,453.1549545,488.4906436,-8.629146576,2865.411298,2981.071782
48.71,-129.19,0.7853657,350.7,533.8566956,575.4852688,-20.09845352,2810.173013,2923.466143
48.8,-129.22,0.54567164,201.96,640.46436,690.405885,-17.66074944,2758.543567,2869.624005
48.9,-129.19,0.37818527,460.9,769.3223584,829.3118507,-1.22399497,2715.238694,2824.46321
48.82,-129.32,0.79428655,298.75,530.8502848,572.244427,-17.66074944,2811.929643,2925.298057
48.91,-129.43,0.2667374,258.94,916.0489941,987.4797975,-3.570052385,2680.763192,2788.510186
48.91,-129.31,0.1802076,196.09,1114.484692,1201.388927,-3.492266893,2648.57803,2754.94566
48.82,-128.67,1.0121025,87.99,470.2712296,506.9415954,-38.92121506,2852.111568,2967.202064
48.82,-128.67,1.0121025,87.99,470.2712296,506.9415954,-38.92121506,2852.111568,2967.202064
48.82,-128.67,1.0121025,87.99,470.2712296,506.9415954,-38.92121506,2852.111568,2967.202064
48.9,-128.53,2.3829148,320.12,306.4830082,330.3816507,-21.02902031,3040.284243,3163.439282
48.92,-128.4,2.6493433,149.58,290.664197,313.3293353,-19.92098999,3069.68812,3194.103325
48.91,-128.26,2.8614984,190.23,279.6816063,301.4903545,-16.00354195,3092.058742,3217.432688
48.81,-128.24,2.5568075,297.07,295.8772975,318.9489379,-16.03022385,3059.650711,3183.635742
48.81,-128.41,1.9969267,294.14,334.7954885,360.9018549,-2.498618126,2994.594299,3115.791198
48.65,-128.78,0.16636826,138.27,1159.913016,1250.359617,-20.98010063,2642.758929,2748.877169
48.65,-128.78,0.16636826,138.27,1159.913016,1250.359617,-20.98010063,2642.758929,2748.877169
48.65,-128.78,0.16636826,138.27,1159.913016,1250.359617,-20.98010063,2642.758929,2748.877169
48.72,-128.39,1.2233963,154.19,427.7372546,461.0909463,-7.863620758,2887.125363,3003.71645
48.7,-128.56,0.59841609,195.67,611.5881019,659.2779413,0.323105454,2770.750754,2882.354358
48.71,-128.61,0.59841609,408.11,611.5881019,659.2779413,0.323105454,2770.750754,2882.354358
48.71,-128.52,0.88008928,667.05,504.3096674,543.6342503,0.323105454,2828.345758,2942.417719
48.89,-128.3,2.8614984,70,279.6816063,301.4903545,-9.438058853,3092.058742,3217.432688
48.47,-128.78,0.34311613,404,807.6814184,870.6620372,-13.25694942,2705.016404,2813.802821
48.47,-128.8,0.34311613,397,807.6814184,870.6620372,-13.25694942,2705.016404,2813.802821
48.57,-128.69,0.44956386,371,705.6103838,760.6318039,-24.77534676,2734.673332,2844.730761
48.57,-128.69,0.44956386,262,705.6103838,760.6318039,-24.77534676,2734.673332,2844.730761
48.57,-128.69,0.44956386,267,705.6103838,760.6318039,-24.77534676,2734.673332,2844.730761
48.57,-128.7,0.44956386,338,705.6103838,760.6318039,-24.77534676,2734.673332,2844.730761
48.57,-128.7,0.44956386,388,705.6103838,760.6318039,-24.77534676,2734.673332,2844.730761
48.56,-128.7,0.44956386,359,705.6103838,760.6318039,-24.77534676,2734.673332,2844.730761
48.56,-128.7,0.44956386,474,705.6103838,760.6318039,-24.77534676,2734.673332,2844.730761
48.55,-128.71,0.59159386,587,615.1043949,663.0684244,-24.77534676,2769.202986,2880.740257
48.55,-128.71,0.59159386,494,615.1043949,663.0684244,-24.77534676,2769.202986,2880.740257
48.55,-128.72,0.59159386,413,615.1043949,663.0684244,-24.77534676,2769.202986,2880.740257
48.54,-128.72,0.59159386,335,615.1043949,663.0684244,-10.74924183,2769.202986,2880.740257
48.53,-128.72,0.59159386,302,615.1043949,663.0684244,-10.74924183,2769.202986,2880.740257
48.52,-128.73,0.59159386,278,615.1043949,663.0684244,-10.74924183,2769.202986,2880.740257
48.52,-128.73,0.59159386,305,615.1043949,663.0684244,-10.74924183,2769.202986,2880.740257
48.51,-128.74,0.59159386,306,615.1043949,663.0684244,-10.74924183,2769.202986,2880.740257
48.51,-128.74,0.59159386,217,615.1043949,663.0684244,-10.74924183,2769.202986,2880.740257
48.52,-128.82,0.34311613,165,807.6814184,870.6620372,-13.25694942,2705.016404,2813.802821
48.52,-128.8,0.34311613,159,807.6814184,870.6620372,-13.25694942,2705.016404,2813.802821
48.53,-128.79,0.34311613,161,807.6814184,870.6620372,-13.25694942,2705.016404,2813.802821
48.52,-128.78,0.34311613,150,807.6814184,870.6620372,-13.25694942,2705.016404,2813.802821
48.52,-128.77,0.34311613,169,807.6814184,870.6620372,-13.25694942,2705.016404,2813.802821
48.51,-128.77,0.34311613,133,807.6814184,870.6620372,-13.25694942,2705.016404,2813.802821
48.5,-128.77,0.34311613,230,807.6814184,870.6620372,-13.25694942,2705.016404,2813.802821
48.49,-128.76,0.34311613,263,807.6814184,870.6620372,-13.25694942,2705.016404,2813.802821
48.49,-128.76,0.34311613,268,807.6814184,870.6620372,-13.25694942,2705.016404,2813.802821
48.48,-128.76,0.34311613,272,807.6814184,870.6620372,-13.25694942,2705.016404,2813.802821
48.47,-128.75,0.34311613,309,807.6814184,870.6620372,-13.25694942,2705.016404,2813.802821
48.47,-128.75,0.34311613,348,807.6814184,870.6620372,-13.25694942,2705.016404,2813.802821
48.46,-128.74,0.59159386,424,615.1043949,663.0684244,-10.74924183,2769.202986,2880.740257
48.45,-128.74,0.59159386,412,615.1043949,663.0684244,-10.74924183,2769.202986,2880.740257
48.45,-128.74,0.59159386,1005,615.1043949,663.0684244,-10.74924183,2769.202986,2880.740257
48.51,-128.78,0.34311613,151,807.6814184,870.6620372,-13.25694942,2705.016404,2813.802821
48.51,-128.78,0.34311613,189,807.6814184,870.6620372,-13.25694942,2705.016404,2813.802821
48.51,-128.77,0.34311613,120,807.6814184,870.6620372,-13.25694942,2705.016404,2813.802821
48.51,-128.77,0.34311613,203,807.6814184,870.6620372,-13.25694942,2705.016404,2813.802821
48.5,-128.76,0.34311613,299,807.6814184,870.6620372,-13.25694942,2705.016404,2813.802821
48.5,-128.76,0.34311613,320,807.6814184,870.6620372,-13.25694942,2705.016404,2813.802821
48.5,-128.75,0.34311613,246,807.6814184,870.6620372,-13.25694942,2705.016404,2813.802821
48.49,-128.74,0.59159386,206,615.1043949,663.0684244,-10.74924183,2769.202986,2880.740257
48.49,-128.73,0.59159386,341,615.1043949,663.0684244,-10.74924183,2769.202986,2880.740257
48.49,-128.73,0.59159386,395,615.1043949,663.0684244,-10.74924183,2769.202986,2880.740257
48.49,-128.72,0.59159386,390,615.1043949,663.0684244,-10.74924183,2769.202986,2880.740257
48.48,-128.72,0.59159386,570,615.1043949,663.0684244,-10.74924183,2769.202986,2880.740257
48.48,-128.71,0.59159386,744,615.1043949,663.0684244,-10.74924183,2769.202986,2880.740257
48.45,-128.72,0.59159386,774,615.1043949,663.0684244,-10.74924183,2769.202986,2880.740257
48.45,-128.72,0.59159386,1073,615.1043949,663.0684244,-10.74924183,2769.202986,2880.740257
48.46,-128.71,0.59159386,2894,615.1043949,663.0684244,-10.74924183,2769.202986,2880.740257
48.46,-128.71,0.59159386,1528,615.1043949,663.0684244,-10.74924183,2769.202986,2880.740257
48.45,-128.7,0.59159386,1313,615.1043949,663.0684244,-10.74924183,2769.202986,2880.740257
48.45,-128.7,0.59159386,729,615.1043949,663.0684244,-10.74924183,2769.202986,2880.740257
48.44,-128.69,0.79336768,581,531.1576085,572.5757148,-10.74924183,2811.749163,2925.109842
48.44,-128.69,0.79336768,605,531.1576085,572.5757148,-10.74924183,2811.749163,2925.109842
48.44,-128.69,0.79336768,707,531.1576085,572.5757148,-10.74924183,2811.749163,2925.109842
48.44,-128.68,0.79336768,1507,531.1576085,572.5757148,-10.74924183,2811.749163,2925.109842
48.43,-128.68,0.79336768,3200,531.1576085,572.5757148,-10.74924183,2811.749163,2925.109842
48.43,-128.68,0.79336768,2129,531.1576085,572.5757148,-10.74924183,2811.749163,2925.109842
48.43,-128.67,0.79336768,883,531.1576085,572.5757148,-10.74924183,2811.749163,2925.109842
48.43,-128.67,0.79336768,684,531.1576085,572.5757148,-10.74924183,2811.749163,2925.109842
48.43,-128.67,0.79336768,556,531.1576085,572.5757148,-10.74924183,2811.749163,2925.109842
48.43,-128.66,0.79336768,466,531.1576085,572.5757148,-10.74924183,2811.749163,2925.109842
48.4,-128.73,0.79336768,841,531.1576085,572.5757148,0.947541118,2811.749163,2925.109842
48.4,-128.73,0.79336768,677,531.1576085,572.5757148,0.947541118,2811.749163,2925.109842
48.4,-128.72,0.79336768,995,531.1576085,572.5757148,0.947541118,2811.749163,2925.109842
48.4,-128.72,0.79336768,772,531.1576085,572.5757148,0.947541118,2811.749163,2925.109842
48.4,-128.72,0.79336768,659,531.1576085,572.5757148,0.947541118,2811.749163,2925.109842
48.4,-128.71,0.79336768,654,531.1576085,572.5757148,0.947541118,2811.749163,2925.109842
48.4,-128.7,0.79336768,683,531.1576085,572.5757148,0.947541118,2811.749163,2925.109842
48.4,-128.7,0.79336768,687,531.1576085,572.5757148,0.947541118,2811.749163,2925.109842
48.4,-128.69,0.79336768,616,531.1576085,572.5757148,0.947541118,2811.749163,2925.109842
48.4,-128.69,0.79336768,631,531.1576085,572.5757148,0.947541118,2811.749163,2925.109842
48.39,-128.68,0.79336768,788,531.1576085,572.5757148,0.947541118,2811.749163,2925.109842
48.39,-128.68,0.79336768,690,531.1576085,572.5757148,0.947541118,2811.749163,2925.109842
48.39,-128.67,0.79336768,589,531.1576085,572.5757148,0.947541118,2811.749163,2925.109842
48.39,-128.66,0.79336768,648,531.1576085,572.5757148,0.947541118,2811.749163,2925.109842
48.39,-128.66,0.79336768,686,531.1576085,572.5757148,0.947541118,2811.749163,2925.109842
48.39,-128.65,0.79336768,548,531.1576085,572.5757148,0.947541118,2811.749163,2925.109842
48.39,-128.64,1.033847,699,465.2994327,501.5821124,0.947541118,2855.873935,2971.125675
48.39,-128.64,1.033847,787,465.2994327,501.5821124,0.947541118,2855.873935,2971.125675
48.39,-128.63,1.033847,902,465.2994327,501.5821124,0.947541118,2855.873935,2971.125675
48.39,-128.63,1.033847,534,465.2994327,501.5821124,0.947541118,2855.873935,2971.125675
48.38,-128.62,1.033847,465,465.2994327,501.5821124,2.668863773,2855.873935,2971.125675
48.38,-128.61,1.033847,355,465.2994327,501.5821124,2.668863773,2855.873935,2971.125675
48.38,-128.61,1.033847,304,465.2994327,501.5821124,2.668863773,2855.873935,2971.125675
48.4,-128.84,0.53057241,1319,649.5137174,700.1608847,-3.627408266,2754.941405,2865.867466
48.4,-128.83,0.53057241,1429,649.5137174,700.1608847,-3.627408266,2754.941405,2865.867466
48.39,-128.83,0.53057241,1497,649.5137174,700.1608847,-3.627408266,2754.941405,2865.867466
48.39,-128.82,0.53057241,952,649.5137174,700.1608847,-3.627408266,2754.941405,2865.867466
48.39,-128.82,0.53057241,865,649.5137174,700.1608847,-3.627408266,2754.941405,2865.867466
48.39,-128.81,0.53057241,763,649.5137174,700.1608847,-3.627408266,2754.941405,2865.867466
48.39,-128.79,0.53057241,602,649.5137174,700.1608847,-3.627408266,2754.941405,2865.867466
48.38,-128.79,0.53057241,598,649.5137174,700.1608847,-3.627408266,2754.941405,2865.867466
48.39,-128.78,0.53057241,586,649.5137174,700.1608847,-3.627408266,2754.941405,2865.867466
48.39,-128.77,0.53057241,539,649.5137174,700.1608847,-3.627408266,2754.941405,2865.867466
48.39,-128.77,0.53057241,510,649.5137174,700.1608847,-3.627408266,2754.941405,2865.867466
48.39,-128.76,0.53057241,487,649.5137174,700.1608847,-3.627408266,2754.941405,2865.867466
48.39,-128.75,0.53057241,530,649.5137174,700.1608847,-3.627408266,2754.941405,2865.867466
48.39,-128.73,0.79336768,914,531.1576085,572.5757148,0.947541118,2811.749163,2925.109842
48.39,-128.72,0.79336768,758,531.1576085,572.5757148,0.947541118,2811.749163,2925.109842
48.39,-128.72,0.79336768,666,531.1576085,572.5757148,0.947541118,2811.749163,2925.109842
48.39,-128.71,0.79336768,620,531.1576085,572.5757148,0.947541118,2811.749163,2925.109842
48.39,-128.71,0.79336768,553,531.1576085,572.5757148,0.947541118,2811.749163,2925.109842
48.44,-128.76,0.53057241,573,649.5137174,700.1608847,-13.25694942,2754.941405,2865.867466
48.44,-128.76,0.53057241,559,649.5137174,700.1608847,-13.25694942,2754.941405,2865.867466
48.44,-128.75,0.53057241,594,649.5137174,700.1608847,-13.25694942,2754.941405,2865.867466
48.44,-128.75,0.53057241,641,649.5137174,700.1608847,-13.25694942,2754.941405,2865.867466
48.44,-128.74,0.79336768,567,531.1576085,572.5757148,-10.74924183,2811.749163,2925.109842
48.44,-128.73,0.79336768,661,531.1576085,572.5757148,-10.74924183,2811.749163,2925.109842
48.44,-128.72,0.79336768,704,531.1576085,572.5757148,-10.74924183,2811.749163,2925.109842
48.44,-128.72,0.79336768,812,531.1576085,572.5757148,-10.74924183,2811.749163,2925.109842
48.44,-128.7,0.79336768,857,531.1576085,572.5757148,-10.74924183,2811.749163,2925.109842
48.44,-128.7,0.79336768,653,531.1576085,572.5757148,-10.74924183,2811.749163,2925.109842
48.44,-128.69,0.79336768,594,531.1576085,572.5757148,-10.74924183,2811.749163,2925.109842
48.44,-128.69,0.79336768,637,531.1576085,572.5757148,-10.74924183,2811.749163,2925.109842
48.44,-128.68,0.79336768,1665,531.1576085,572.5757148,-10.74924183,2811.749163,2925.109842
48.44,-128.68,0.79336768,2298,531.1576085,572.5757148,-10.74924183,2811.749163,2925.109842
48.44,-128.67,0.79336768,727,531.1576085,572.5757148,-10.74924183,2811.749163,2925.109842
48.44,-128.66,0.79336768,419,531.1576085,572.5757148,-10.74924183,2811.749163,2925.109842
48.44,-128.65,0.79336768,218,531.1576085,572.5757148,-10.74924183,2811.749163,2925.109842
48.44,-128.63,1.033847,290,465.2994327,501.5821124,-10.74924183,2855.873935,2971.125675
48.29,-128.69,0.80387408,532,527.6751548,568.8217096,-1.013275385,2813.806588,2927.255442
48.3,-128.7,0.80387408,1101,527.6751548,568.8217096,-1.013275385,2813.806588,2927.255442
48.31,-128.7,0.80387408,387,527.6751548,568.8217096,0.947541118,2813.806588,2927.255442
48.32,-128.71,0.80387408,278,527.6751548,568.8217096,0.947541118,2813.806588,2927.255442
48.32,-128.71,0.80387408,325,527.6751548,568.8217096,0.947541118,2813.806588,2927.255442
48.33,-128.72,0.80387408,322,527.6751548,568.8217096,0.947541118,2813.806588,2927.255442
48.34,-128.72,0.80387408,395,527.6751548,568.8217096,0.947541118,2813.806588,2927.255442
48.34,-128.73,0.80387408,422,527.6751548,568.8217096,0.947541118,2813.806588,2927.255442
48.35,-128.73,0.79336768,502,531.1576085,572.5757148,0.947541118,2811.749163,2925.109842
48.36,-128.74,0.79336768,550,531.1576085,572.5757148,0.947541118,2811.749163,2925.109842
48.37,-128.74,0.79336768,788,531.1576085,572.5757148,0.947541118,2811.749163,2925.109842
48.37,-128.74,0.79336768,935,531.1576085,572.5757148,0.947541118,2811.749163,2925.109842
48.38,-128.75,0.53057241,673,649.5137174,700.1608847,-3.627408266,2754.941405,2865.867466
48.39,-128.75,0.53057241,586,649.5137174,700.1608847,-3.627408266,2754.941405,2865.867466
48.4,-128.76,0.53057241,587,649.5137174,700.1608847,-3.627408266,2754.941405,2865.867466
48.29,-128.78,0.54432315,313,641.2572029,691.2605515,-5.456256866,2758.223906,2869.290645
48.29,-128.78,0.54432315,290,641.2572029,691.2605515,-5.456256866,2758.223906,2869.290645
48.31,-128.78,0.54432315,292,641.2572029,691.2605515,-3.627408266,2758.223906,2869.290645
48.33,-128.78,0.54432315,322,641.2572029,691.2605515,-3.627408266,2758.223906,2869.290645
48.33,-128.78,0.54432315,361,641.2572029,691.2605515,-3.627408266,2758.223906,2869.290645
48.34,-128.78,0.54432315,353,641.2572029,691.2605515,-3.627408266,2758.223906,2869.290645
48.34,-128.78,0.54432315,365,641.2572029,691.2605515,-3.627408266,2758.223906,2869.290645
48.35,-128.78,0.53057241,354,649.5137174,700.1608847,-3.627408266,2754.941405,2865.867466
48.35,-128.78,0.53057241,335,649.5137174,700.1608847,-3.627408266,2754.941405,2865.867466
48.36,-128.8,0.53057241,303,649.5137174,700.1608847,-3.627408266,2754.941405,2865.867466
48.36,-128.81,0.53057241,385,649.5137174,700.1608847,-3.627408266,2754.941405,2865.867466
48.36,-128.83,0.53057241,469,649.5137174,700.1608847,-3.627408266,2754.941405,2865.867466
48.36,-128.83,0.53057241,627,649.5137174,700.1608847,-3.627408266,2754.941405,2865.867466
48.36,-128.83,0.53057241,807,649.5137174,700.1608847,-3.627408266,2754.941405,2865.867466
48.36,-128.84,0.53057241,1022,649.5137174,700.1608847,-3.627408266,2754.941405,2865.867466
48.36,-128.85,0.53057241,1289,649.5137174,700.1608847,-3.627408266,2754.941405,2865.867466
48.37,-128.86,0.25480604,1150,937.2507568,1010.334811,2.990579128,2676.674106,2784.245854
48.37,-128.87,0.25480604,1095,937.2507568,1010.334811,2.990579128,2676.674106,2784.245854
48.38,-128.88,0.25480604,1158,937.2507568,1010.334811,2.990579128,2676.674106,2784.245854
48.38,-128.9,0.25480604,1076,937.2507568,1010.334811,2.990579128,2676.674106,2784.245854
48.35,-128.77,0.53057241,367,649.5137174,700.1608847,-3.627408266,2754.941405,2865.867466
48.36,-128.77,0.53057241,341,649.5137174,700.1608847,-3.627408266,2754.941405,2865.867466
48.39,-128.77,0.53057241,533,649.5137174,700.1608847,-3.627408266,2754.941405,2865.867466
48.41,-128.73,0.79336768,858,531.1576085,572.5757148,0.947541118,2811.749163,2925.109842
48.42,-128.73,0.79336768,861,531.1576085,572.5757148,0.947541118,2811.749163,2925.109842
48.41,-128.74,0.79336768,740,531.1576085,572.5757148,0.947541118,2811.749163,2925.109842
48.41,-128.75,0.53057241,624,649.5137174,700.1608847,-3.627408266,2754.941405,2865.867466
48.42,-128.75,0.53057241,679,649.5137174,700.1608847,-3.627408266,2754.941405,2865.867466
48.42,-128.77,0.53057241,763,649.5137174,700.1608847,-3.627408266,2754.941405,2865.867466
48.42,-128.77,0.53057241,698,649.5137174,700.1608847,-3.627408266,2754.941405,2865.867466
48.42,-128.78,0.53057241,706,649.5137174,700.1608847,-3.627408266,2754.941405,2865.867466
48.42,-128.78,0.53057241,743,649.5137174,700.1608847,-3.627408266,2754.941405,2865.867466
48.42,-128.79,0.53057241,788,649.5137174,700.1608847,-3.627408266,2754.941405,2865.867466
48.42,-128.79,0.53057241,881,649.5137174,700.1608847,-3.627408266,2754.941405,2865.867466
48.43,-128.8,0.53057241,959,649.5137174,700.1608847,-13.25694942,2754.941405,2865.867466
48.43,-128.8,0.53057241,1023,649.5137174,700.1608847,-13.25694942,2754.941405,2865.867466
48.43,-128.81,0.53057241,1153,649.5137174,700.1608847,-13.25694942,2754.941405,2865.867466
48.43,-128.82,0.53057241,1665,649.5137174,700.1608847,-13.25694942,2754.941405,2865.867466
48.43,-128.83,0.53057241,1124,649.5137174,700.1608847,-13.25694942,2754.941405,2865.867466
48.43,-128.84,0.53057241,888,649.5137174,700.1608847,-13.25694942,2754.941405,2865.867466
48.43,-128.85,0.53057241,1018,649.5137174,700.1608847,-13.25694942,2754.941405,2865.867466
48.43,-128.85,0.53057241,792,649.5137174,700.1608847,-13.25694942,2754.941405,2865.867466
48.43,-128.85,0.53057241,912,649.5137174,700.1608847,-13.25694942,2754.941405,2865.867466
48.43,-128.86,0.25480604,897,937.2507568,1010.334811,-8.025933266,2676.674106,2784.245854
48.44,-128.76,0.53057241,765,649.5137174,700.1608847,-13.25694942,2754.941405,2865.867466
48.44,-128.76,0.53057241,690,649.5137174,700.1608847,-13.25694942,2754.941405,2865.867466
48.44,-128.77,0.53057241,546,649.5137174,700.1608847,-13.25694942,2754.941405,2865.867466
48.44,-128.78,0.53057241,550,649.5137174,700.1608847,-13.25694942,2754.941405,2865.867466
48.45,-128.78,0.34311613,502,807.6814184,870.6620372,-13.25694942,2705.016404,2813.802821
48.45,-128.79,0.34311613,477,807.6814184,870.6620372,-13.25694942,2705.016404,2813.802821
48.45,-128.79,0.34311613,481,807.6814184,870.6620372,-13.25694942,2705.016404,2813.802821
48.46,-128.8,0.34311613,426,807.6814184,870.6620372,-13.25694942,2705.016404,2813.802821
48.46,-128.81,0.34311613,477,807.6814184,870.6620372,-13.25694942,2705.016404,2813.802821
48.46,-128.82,0.34311613,429,807.6814184,870.6620372,-13.25694942,2705.016404,2813.802821
48.46,-128.82,0.34311613,540,807.6814184,870.6620372,-13.25694942,2705.016404,2813.802821
48.46,-128.83,0.34311613,840,807.6814184,870.6620372,-13.25694942,2705.016404,2813.802821
48.46,-128.84,0.34311613,1246,807.6814184,870.6620372,-13.25694942,2705.016404,2813.802821
48.46,-128.85,0.34311613,1171,807.6814184,870.6620372,-13.25694942,2705.016404,2813.802821
48.47,-128.86,0.15120271,1531,1216.692613,1311.566721,-8.025933266,2636.096774,2741.929493
48.47,-128.57,0.8665905,416,508.2222764,547.851953,8.065933228,2825.81795,2939.781576
48.47,-128.58,0.8665905,421,508.2222764,547.851953,8.065933228,2825.81795,2939.781576
48.47,-128.58,0.8665905,481,508.2222764,547.851953,8.065933228,2825.81795,2939.781576
48.47,-128.59,0.8665905,461,508.2222764,547.851953,8.065933228,2825.81795,2939.781576
48.47,-128.59,0.8665905,444,508.2222764,547.851953,8.065933228,2825.81795,2939.781576
48.47,-128.6,0.8665905,518,508.2222764,547.851953,8.065933228,2825.81795,2939.781576
48.47,-128.6,0.8665905,221,508.2222764,547.851953,8.065933228,2825.81795,2939.781576
48.48,-128.61,0.8665905,619,508.2222764,547.851953,8.065933228,2825.81795,2939.781576
48.48,-128.62,0.8665905,358,508.2222764,547.851953,8.065933228,2825.81795,2939.781576
48.48,-128.62,0.8665905,368,508.2222764,547.851953,8.065933228,2825.81795,2939.781576
48.48,-128.63,0.8665905,363,508.2222764,547.851953,-10.74924183,2825.81795,2939.781576
48.48,-128.63,0.8665905,639,508.2222764,547.851953,-10.74924183,2825.81795,2939.781576
48.48,-128.63,0.8665905,526,508.2222764,547.851953,-10.74924183,2825.81795,2939.781576
48.48,-128.64,0.8665905,549,508.2222764,547.851953,-10.74924183,2825.81795,2939.781576
48.48,-128.65,0.59159386,411,615.1043949,663.0684244,-10.74924183,2769.202986,2880.740257
48.45,-128.61,0.8665905,924,508.2222764,547.851953,8.065933228,2825.81795,2939.781576
48.46,-128.61,0.8665905,1090,508.2222764,547.851953,8.065933228,2825.81795,2939.781576
48.46,-128.62,0.8665905,425,508.2222764,547.851953,8.065933228,2825.81795,2939.781576
48.46,-128.62,0.8665905,355,508.2222764,547.851953,8.065933228,2825.81795,2939.781576
48.45,-128.63,0.8665905,387,508.2222764,547.851953,-10.74924183,2825.81795,2939.781576
48.45,-128.63,0.8665905,325,508.2222764,547.851953,-10.74924183,2825.81795,2939.781576
48.45,-128.63,0.8665905,250,508.2222764,547.851953,-10.74924183,2825.81795,2939.781576
48.45,-128.63,0.8665905,829,508.2222764,547.851953,-10.74924183,2825.81795,2939.781576
48.45,-128.64,0.8665905,631,508.2222764,547.851953,-10.74924183,2825.81795,2939.781576
48.45,-128.64,0.8665905,376,508.2222764,547.851953,-10.74924183,2825.81795,2939.781576
48.45,-128.65,0.59159386,470,615.1043949,663.0684244,-10.74924183,2769.202986,2880.740257
48.45,-128.65,0.59159386,440,615.1043949,663.0684244,-10.74924183,2769.202986,2880.740257
48.45,-128.65,0.59159386,418,615.1043949,663.0684244,-10.74924183,2769.202986,2880.740257
48.45,-128.65,0.59159386,493,615.1043949,663.0684244,-10.74924183,2769.202986,2880.740257
48.45,-128.66,0.59159386,396,615.1043949,663.0684244,-10.74924183,2769.202986,2880.740257
48.43,-128.73,0.79336768,697,531.1576085,572.5757148,-10.74924183,2811.749163,2925.109842
48.44,-128.73,0.79336768,698,531.1576085,572.5757148,-10.74924183,2811.749163,2925.109842
48.44,-128.73,0.79336768,699,531.1576085,572.5757148,-10.74924183,2811.749163,2925.109842
48.45,-128.73,0.59159386,680,615.1043949,663.0684244,-10.74924183,2769.202986,2880.740257
48.45,-128.72,0.59159386,777,615.1043949,663.0684244,-10.74924183,2769.202986,2880.740257
48.46,-128.72,0.59159386,1760,615.1043949,663.0684244,-10.74924183,2769.202986,2880.740257
48.46,-128.71,0.59159386,1233,615.1043949,663.0684244,-10.74924183,2769.202986,2880.740257
48.47,-128.71,0.59159386,1488,615.1043949,663.0684244,-10.74924183,2769.202986,2880.740257
48.47,-128.71,0.59159386,1496,615.1043949,663.0684244,-10.74924183,2769.202986,2880.740257
48.47,-128.7,0.59159386,963,615.1043949,663.0684244,-10.74924183,2769.202986,2880.740257
48.47,-128.7,0.59159386,937,615.1043949,663.0684244,-10.74924183,2769.202986,2880.740257
48.48,-128.7,0.59159386,1062,615.1043949,663.0684244,-10.74924183,2769.202986,2880.740257
48.48,-128.7,0.59159386,1044,615.1043949,663.0684244,-10.74924183,2769.202986,2880.740257
48.48,-128.69,0.59159386,1088,615.1043949,663.0684244,-10.74924183,2769.202986,2880.740257
48.49,-128.69,0.59159386,896,615.1043949,663.0684244,-10.74924183,2769.202986,2880.740257
48.49,-128.69,0.59159386,742,615.1043949,663.0684244,-10.74924183,2769.202986,2880.740257
48.5,-128.69,0.59159386,637,615.1043949,663.0684244,-10.74924183,2769.202986,2880.740257
48.5,-128.69,0.59159386,636,615.1043949,663.0684244,-10.74924183,2769.202986,2880.740257
48.51,-128.69,0.59159386,519,615.1043949,663.0684244,-10.74924183,2769.202986,2880.740257
48.51,-128.68,0.59159386,418,615.1043949,663.0684244,-10.74924183,2769.202986,2880.740257
48.45,-128.65,0.59159386,453,615.1043949,663.0684244,-10.74924183,2769.202986,2880.740257
48.45,-128.66,0.59159386,362,615.1043949,663.0684244,-10.74924183,2769.202986,2880.740257
48.45,-128.66,0.59159386,399,615.1043949,663.0684244,-10.74924183,2769.202986,2880.740257
48.45,-128.66,0.59159386,386,615.1043949,663.0684244,-10.74924183,2769.202986,2880.740257
48.45,-128.67,0.59159386,176,615.1043949,663.0684244,-10.74924183,2769.202986,2880.740257
48.45,-128.67,0.59159386,153,615.1043949,663.0684244,-10.74924183,2769.202986,2880.740257
48.45,-128.68,0.59159386,411,615.1043949,663.0684244,-10.74924183,2769.202986,2880.740257
48.45,-128.68,0.59159386,426,615.1043949,663.0684244,-10.74924183,2769.202986,2880.740257
48.45,-128.69,0.59159386,466,615.1043949,663.0684244,-10.74924183,2769.202986,2880.740257
48.45,-128.69,0.59159386,524,615.1043949,663.0684244,-10.74924183,2769.202986,2880.740257
48.46,-128.7,0.59159386,729,615.1043949,663.0684244,-10.74924183,2769.202986,2880.740257
48.46,-128.7,0.59159386,994,615.1043949,663.0684244,-10.74924183,2769.202986,2880.740257
48.46,-128.7,0.59159386,1663,615.1043949,663.0684244,-10.74924183,2769.202986,2880.740257
48.46,-128.71,0.59159386,2653,615.1043949,663.0684244,-10.74924183,2769.202986,2880.740257
48.46,-128.71,0.59159386,4439,615.1043949,663.0684244,-10.74924183,2769.202986,2880.740257
48.46,-128.71,0.59159386,1898,615.1043949,663.0684244,-10.74924183,2769.202986,2880.740257
48.46,-128.71,0.59159386,1099,615.1043949,663.0684244,-10.74924183,2769.202986,2880.740257
48.46,-128.72,0.59159386,904,615.1043949,663.0684244,-10.74924183,2769.202986,2880.740257
48.47,-128.72,0.59159386,832,615.1043949,663.0684244,-10.74924183,2769.202986,2880.740257
48.47,-128.72,0.59159386,800,615.1043949,663.0684244,-10.74924183,2769.202986,2880.740257
48.47,-128.71,0.59159386,862,615.1043949,663.0684244,-10.74924183,2769.202986,2880.740257
48.47,-128.71,0.59159386,923,615.1043949,663.0684244,-10.74924183,2769.202986,2880.740257
48.47,-128.71,0.59159386,1049,615.1043949,663.0684244,-10.74924183,2769.202986,2880.740257
48.47,-128.71,0.59159386,1181,615.1043949,663.0684244,-10.74924183,2769.202986,2880.740257
48.48,-128.7,0.59159386,1052,615.1043949,663.0684244,-10.74924183,2769.202986,2880.740257
48.48,-128.7,0.59159386,851,615.1043949,663.0684244,-10.74924183,2769.202986,2880.740257
48.48,-128.7,0.59159386,791,615.1043949,663.0684244,-10.74924183,2769.202986,2880.740257
48.48,-128.69,0.59159386,609,615.1043949,663.0684244,-10.74924183,2769.202986,2880.740257
48.48,-128.68,0.59159386,421,615.1043949,663.0684244,-10.74924183,2769.202986,2880.740257
48.48,-128.67,0.59159386,427,615.1043949,663.0684244,-10.74924183,2769.202986,2880.740257
48.48,-128.67,0.59159386,390,615.1043949,663.0684244,-10.74924183,2769.202986,2880.740257
48.47,-128.73,0.59159386,618,615.1043949,663.0684244,-10.74924183,2769.202986,2880.740257
48.47,-128.73,0.59159386,606,615.1043949,663.0684244,-10.74924183,2769.202986,2880.740257
48.47,-128.73,0.59159386,679,615.1043949,663.0684244,-10.74924183,2769.202986,2880.740257
48.47,-128.73,0.59159386,872,615.1043949,663.0684244,-10.74924183,2769.202986,2880.740257
48.46,-128.72,0.59159386,918,615.1043949,663.0684244,-10.74924183,2769.202986,2880.740257
48.46,-128.72,0.59159386,1511,615.1043949,663.0684244,-10.74924183,2769.202986,2880.740257
48.46,-128.71,0.59159386,4559,615.1043949,663.0684244,-10.74924183,2769.202986,2880.740257
48.46,-128.71,0.59159386,3022,615.1043949,663.0684244,-10.74924183,2769.202986,2880.740257
48.46,-128.71,0.59159386,1926,615.1043949,663.0684244,-10.74924183,2769.202986,2880.740257
48.46,-128.71,0.59159386,1742,615.1043949,663.0684244,-10.74924183,2769.202986,2880.740257
48.46,-128.71,0.59159386,1813,615.1043949,663.0684244,-10.74924183,2769.202986,2880.740257
48.46,-128.71,0.59159386,2029,615.1043949,663.0684244,-10.74924183,2769.202986,2880.740257
48.46,-128.71,0.59159386,2031,615.1043949,663.0684244,-10.74924183,2769.202986,2880.740257
48.46,-128.71,0.59159386,1815,615.1043949,663.0684244,-10.74924183,2769.202986,2880.740257
48.46,-128.71,0.59159386,1644,615.1043949,663.0684244,-10.74924183,2769.202986,2880.740257
48.46,-128.71,0.59159386,1498,615.1043949,663.0684244,-10.74924183,2769.202986,2880.740257
48.47,-128.71,0.59159386,1317,615.1043949,663.0684244,-10.74924183,2769.202986,2880.740257
48.47,-128.71,0.59159386,1236,615.1043949,663.0684244,-10.74924183,2769.202986,2880.740257
48.47,-128.71,0.59159386,1076,615.1043949,663.0684244,-10.74924183,2769.202986,2880.740257
48.48,-128.68,0.59159386,418,615.1043949,663.0684244,-10.74924183,2769.202986,2880.740257
48.48,-128.67,0.59159386,413,615.1043949,663.0684244,-10.74924183,2769.202986,2880.740257
48.47,-128.68,0.59159386,406,615.1043949,663.0684244,-10.74924183,2769.202986,2880.740257
48.47,-128.68,0.59159386,409,615.1043949,663.0684244,-10.74924183,2769.202986,2880.740257
48.47,-128.68,0.59159386,412,615.1043949,663.0684244,-10.74924183,2769.202986,2880.740257
48.47,-128.68,0.59159386,418,615.1043949,663.0684244,-10.74924183,2769.202986,2880.740257
48.46,-128.68,0.59159386,420,615.1043949,663.0684244,-10.74924183,2769.202986,2880.740257
48.46,-128.68,0.59159386,418,615.1043949,663.0684244,-10.74924183,2769.202986,2880.740257
48.45,-128.68,0.59159386,433,615.1043949,663.0684244,-10.74924183,2769.202986,2880.740257
48.45,-128.68,0.59159386,424,615.1043949,663.0684244,-10.74924183,2769.202986,2880.740257
48.45,-128.68,0.59159386,362,615.1043949,663.0684244,-10.74924183,2769.202986,2880.740257
48.44,-128.68,0.79336768,187,531.1576085,572.5757148,-10.74924183,2811.749163,2925.109842
48.44,-128.68,0.79336768,509,531.1576085,572.5757148,-10.74924183,2811.749163,2925.109842
48.44,-128.68,0.79336768,539,531.1576085,572.5757148,-10.74924183,2811.749163,2925.109842
48.44,-128.68,0.79336768,584,531.1576085,572.5757148,-10.74924183,2811.749163,2925.109842
48.44,-128.68,0.79336768,684,531.1576085,572.5757148,-10.74924183,2811.749163,2925.109842
48.44,-128.68,0.79336768,632,531.1576085,572.5757148,-10.74924183,2811.749163,2925.109842
48.44,-128.68,0.79336768,965,531.1576085,572.5757148,-10.74924183,2811.749163,2925.109842
48.44,-128.68,0.79336768,764,531.1576085,572.5757148,-10.74924183,2811.749163,2925.109842
48.43,-128.68,0.79336768,4907,531.1576085,572.5757148,-10.74924183,2811.749163,2925.109842
48.43,-128.68,0.79336768,3646,531.1576085,572.5757148,-10.74924183,2811.749163,2925.109842
48.43,-128.68,0.79336768,1484,531.1576085,572.5757148,-10.74924183,2811.749163,2925.109842
48.42,-128.68,0.79336768,842,531.1576085,572.5757148,0.947541118,2811.749163,2925.109842
48.42,-128.68,0.79336768,600,531.1576085,572.5757148,0.947541118,2811.749163,2925.109842
48.41,-128.68,0.79336768,529,531.1576085,572.5757148,0.947541118,2811.749163,2925.109842
48.41,-128.68,0.79336768,307,531.1576085,572.5757148,0.947541118,2811.749163,2925.109842
48.4,-128.68,0.79336768,484,531.1576085,572.5757148,0.947541118,2811.749163,2925.109842
48.4,-128.68,0.79336768,298,531.1576085,572.5757148,0.947541118,2811.749163,2925.109842
48.4,-128.68,0.79336768,311,531.1576085,572.5757148,0.947541118,2811.749163,2925.109842
48.38,-128.68,0.79336768,1405,531.1576085,572.5757148,0.947541118,2811.749163,2925.109842
48.38,-128.68,0.79336768,851,531.1576085,572.5757148,0.947541118,2811.749163,2925.109842
48.42,-128.72,0.79336768,901,531.1576085,572.5757148,0.947541118,2811.749163,2925.109842
48.42,-128.71,0.79336768,757,531.1576085,572.5757148,0.947541118,2811.749163,2925.109842
48.42,-128.71,0.79336768,658,531.1576085,572.5757148,0.947541118,2811.749163,2925.109842
48.43,-128.7,0.79336768,641,531.1576085,572.5757148,-10.74924183,2811.749163,2925.109842
48.43,-128.69,0.79336768,663,531.1576085,572.5757148,-10.74924183,2811.749163,2925.109842
48.43,-128.69,0.79336768,885,531.1576085,572.5757148,-10.74924183,2811.749163,2925.109842
48.44,-128.69,0.79336768,1062,531.1576085,572.5757148,-10.74924183,2811.749163,2925.109842
48.44,-128.68,0.79336768,368,531.1576085,572.5757148,-10.74924183,2811.749163,2925.109842
48.45,-128.67,0.59159386,393,615.1043949,663.0684244,-10.74924183,2769.202986,2880.740257
48.46,-128.66,0.59159386,323,615.1043949,663.0684244,-10.74924183,2769.202986,2880.740257
48.44,-128.67,0.79336768,469,531.1576085,572.5757148,-10.74924183,2811.749163,2925.109842
48.44,-128.67,0.79336768,460,531.1576085,572.5757148,-10.74924183,2811.749163,2925.109842
48.45,-128.67,0.59159386,433,615.1043949,663.0684244,-10.74924183,2769.202986,2880.740257
48.45,-128.66,0.59159386,404,615.1043949,663.0684244,-10.74924183,2769.202986,2880.740257
48.45,-128.66,0.59159386,391,615.1043949,663.0684244,-10.74924183,2769.202986,2880.740257
48.44,-128.66,0.79336768,407,531.1576085,572.5757148,-10.74924183,2811.749163,2925.109842
48.44,-128.66,0.79336768,409,531.1576085,572.5757148,-10.74924183,2811.749163,2925.109842
48.43,-128.66,0.79336768,432,531.1576085,572.5757148,-10.74924183,2811.749163,2925.109842
48.43,-128.66,0.79336768,462,531.1576085,572.5757148,-10.74924183,2811.749163,2925.109842
48.43,-128.66,0.79336768,276,531.1576085,572.5757148,-10.74924183,2811.749163,2925.109842
48.43,-128.66,0.79336768,505,531.1576085,572.5757148,-10.74924183,2811.749163,2925.109842
48.42,-128.66,0.79336768,491,531.1576085,572.5757148,0.947541118,2811.749163,2925.109842
48.42,-128.67,0.79336768,485,531.1576085,572.5757148,0.947541118,2811.749163,2925.109842
48.41,-128.67,0.79336768,454,531.1576085,572.5757148,0.947541118,2811.749163,2925.109842
48.41,-128.67,0.79336768,248,531.1576085,572.5757148,0.947541118,2811.749163,2925.109842
48.4,-128.67,0.79336768,451,531.1576085,572.5757148,0.947541118,2811.749163,2925.109842
48.4,-128.66,0.79336768,321,531.1576085,572.5757148,0.947541118,2811.749163,2925.109842
48.4,-128.66,0.79336768,526,531.1576085,572.5757148,0.947541118,2811.749163,2925.109842
48.41,-128.65,0.79336768,414,531.1576085,572.5757148,0.947541118,2811.749163,2925.109842
48.4,-128.64,1.033847,433,465.2994327,501.5821124,0.947541118,2855.873935,2971.125675
48.4,-128.64,1.033847,486,465.2994327,501.5821124,0.947541118,2855.873935,2971.125675
48.4,-128.64,1.033847,583,465.2994327,501.5821124,0.947541118,2855.873935,2971.125675
48.49,-128.63,0.8665905,1239,508.2222764,547.851953,-10.74924183,2825.81795,2939.781576
48.49,-128.63,0.8665905,1207,508.2222764,547.851953,-10.74924183,2825.81795,2939.781576
48.49,-128.63,0.8665905,1262,508.2222764,547.851953,-10.74924183,2825.81795,2939.781576
48.49,-128.64,0.8665905,507,508.2222764,547.851953,-10.74924183,2825.81795,2939.781576
48.48,-128.64,0.8665905,508,508.2222764,547.851953,-10.74924183,2825.81795,2939.781576
48.48,-128.64,0.8665905,494,508.2222764,547.851953,-10.74924183,2825.81795,2939.781576
48.48,-128.64,0.8665905,478,508.2222764,547.851953,-10.74924183,2825.81795,2939.781576
48.48,-128.64,0.8665905,449,508.2222764,547.851953,-10.74924183,2825.81795,2939.781576
48.48,-128.64,0.8665905,535,508.2222764,547.851953,-10.74924183,2825.81795,2939.781576
48.47,-128.64,0.8665905,493,508.2222764,547.851953,-10.74924183,2825.81795,2939.781576
48.47,-128.64,0.8665905,552,508.2222764,547.851953,-10.74924183,2825.81795,2939.781576
48.47,-128.64,0.8665905,685,508.2222764,547.851953,-10.74924183,2825.81795,2939.781576
48.46,-128.64,0.8665905,962,508.2222764,547.851953,-10.74924183,2825.81795,2939.781576
48.46,-128.64,0.8665905,6555,508.2222764,547.851953,-10.74924183,2825.81795,2939.781576
48.46,-128.64,0.8665905,1294,508.2222764,547.851953,-10.74924183,2825.81795,2939.781576
48.45,-128.64,0.8665905,542,508.2222764,547.851953,-10.74924183,2825.81795,2939.781576
48.45,-128.64,0.8665905,503,508.2222764,547.851953,-10.74924183,2825.81795,2939.781576
48.45,-128.64,0.8665905,480,508.2222764,547.851953,-10.74924183,2825.81795,2939.781576
48.44,-128.64,1.033847,479,465.2994327,501.5821124,-10.74924183,2855.873935,2971.125675
48.44,-128.64,1.033847,504,465.2994327,501.5821124,-10.74924183,2855.873935,2971.125675
48.44,-128.64,1.033847,475,465.2994327,501.5821124,-10.74924183,2855.873935,2971.125675
48.44,-128.65,0.79336768,467,531.1576085,572.5757148,-10.74924183,2811.749163,2925.109842
48.44,-128.65,0.79336768,480,531.1576085,572.5757148,-10.74924183,2811.749163,2925.109842
48.43,-128.65,0.79336768,469,531.1576085,572.5757148,-10.74924183,2811.749163,2925.109842
48.43,-128.65,0.79336768,565,531.1576085,572.5757148,-10.74924183,2811.749163,2925.109842
48.43,-128.65,0.79336768,644,531.1576085,572.5757148,-10.74924183,2811.749163,2925.109842
48.42,-128.65,0.79336768,742,531.1576085,572.5757148,0.947541118,2811.749163,2925.109842
48.42,-128.65,0.79336768,712,531.1576085,572.5757148,0.947541118,2811.749163,2925.109842
48.42,-128.65,0.79336768,661,531.1576085,572.5757148,0.947541118,2811.749163,2925.109842
48.42,-128.65,0.79336768,605,531.1576085,572.5757148,0.947541118,2811.749163,2925.109842
48.41,-128.65,0.79336768,518,531.1576085,572.5757148,0.947541118,2811.749163,2925.109842
48.41,-128.66,0.79336768,566,531.1576085,572.5757148,0.947541118,2811.749163,2925.109842
48.41,-128.66,0.79336768,298,531.1576085,572.5757148,0.947541118,2811.749163,2925.109842
48.41,-128.66,0.79336768,496,531.1576085,572.5757148,0.947541118,2811.749163,2925.109842
48.43,-128.69,0.79336768,810,531.1576085,572.5757148,-10.74924183,2811.749163,2925.109842
48.43,-128.69,0.79336768,907,531.1576085,572.5757148,-10.74924183,2811.749163,2925.109842
48.43,-128.69,0.79336768,1134,531.1576085,572.5757148,-10.74924183,2811.749163,2925.109842
48.43,-128.69,0.79336768,1648,531.1576085,572.5757148,-10.74924183,2811.749163,2925.109842
48.43,-128.68,0.79336768,3092,531.1576085,572.5757148,-10.74924183,2811.749163,2925.109842
48.43,-128.68,0.79336768,4714,531.1576085,572.5757148,-10.74924183,2811.749163,2925.109842
48.43,-128.68,0.79336768,1872,531.1576085,572.5757148,-10.74924183,2811.749163,2925.109842
48.43,-128.67,0.79336768,1072,531.1576085,572.5757148,-10.74924183,2811.749163,2925.109842
48.43,-128.66,0.79336768,551,531.1576085,572.5757148,-10.74924183,2811.749163,2925.109842
48.43,-128.66,0.79336768,502,531.1576085,572.5757148,-10.74924183,2811.749163,2925.109842
48.42,-128.65,0.79336768,420,531.1576085,572.5757148,0.947541118,2811.749163,2925.109842
48.42,-128.65,0.79336768,305,531.1576085,572.5757148,0.947541118,2811.749163,2925.109842
48.42,-128.59,1.033847,401,465.2994327,501.5821124,2.668863773,2855.873935,2971.125675
48.42,-128.6,1.033847,407,465.2994327,501.5821124,2.668863773,2855.873935,2971.125675
48.42,-128.6,1.033847,429,465.2994327,501.5821124,2.668863773,2855.873935,2971.125675
48.42,-128.6,1.033847,460,465.2994327,501.5821124,2.668863773,2855.873935,2971.125675
48.42,-128.61,1.033847,463,465.2994327,501.5821124,2.668863773,2855.873935,2971.125675
48.42,-128.61,1.033847,416,465.2994327,501.5821124,2.668863773,2855.873935,2971.125675
48.42,-128.62,1.033847,432,465.2994327,501.5821124,2.668863773,2855.873935,2971.125675
48.42,-128.62,1.033847,589,465.2994327,501.5821124,2.668863773,2855.873935,2971.125675
48.42,-128.63,1.033847,458,465.2994327,501.5821124,0.947541118,2855.873935,2971.125675
48.42,-128.63,1.033847,506,465.2994327,501.5821124,0.947541118,2855.873935,2971.125675
48.42,-128.63,1.033847,461,465.2994327,501.5821124,0.947541118,2855.873935,2971.125675
48.42,-128.63,1.033847,451,465.2994327,501.5821124,0.947541118,2855.873935,2971.125675
48.42,-128.64,1.033847,450,465.2994327,501.5821124,0.947541118,2855.873935,2971.125675
48.42,-128.64,1.033847,411,465.2994327,501.5821124,0.947541118,2855.873935,2971.125675
48.42,-128.64,1.033847,354,465.2994327,501.5821124,0.947541118,2855.873935,2971.125675
48.42,-128.64,1.033847,365,465.2994327,501.5821124,0.947541118,2855.873935,2971.125675
48.42,-128.65,0.79336768,276,531.1576085,572.5757148,0.947541118,2811.749163,2925.109842
48.42,-128.65,0.79336768,656,531.1576085,572.5757148,0.947541118,2811.749163,2925.109842
48.42,-128.65,0.79336768,355,531.1576085,572.5757148,0.947541118,2811.749163,2925.109842
48.42,-128.65,0.79336768,558,531.1576085,572.5757148,0.947541118,2811.749163,2925.109842
48.42,-128.66,0.79336768,513,531.1576085,572.5757148,0.947541118,2811.749163,2925.109842
48.42,-128.66,0.79336768,484,531.1576085,572.5757148,0.947541118,2811.749163,2925.109842
48.42,-128.67,0.79336768,471,531.1576085,572.5757148,0.947541118,2811.749163,2925.109842
48.42,-128.67,0.79336768,520,531.1576085,572.5757148,0.947541118,2811.749163,2925.109842
48.42,-128.67,0.79336768,585,531.1576085,572.5757148,0.947541118,2811.749163,2925.109842
48.42,-128.68,0.79336768,309,531.1576085,572.5757148,0.947541118,2811.749163,2925.109842
48.42,-128.68,0.79336768,926,531.1576085,572.5757148,0.947541118,2811.749163,2925.109842
48.43,-128.68,0.79336768,1285,531.1576085,572.5757148,-10.74924183,2811.749163,2925.109842
48.43,-128.68,0.79336768,1677,531.1576085,572.5757148,-10.74924183,2811.749163,2925.109842
48.43,-128.68,0.79336768,1877,531.1576085,572.5757148,-10.74924183,2811.749163,2925.109842
48.43,-128.68,0.79336768,3484,531.1576085,572.5757148,-10.74924183,2811.749163,2925.109842
48.43,-128.68,0.79336768,4183,531.1576085,572.5757148,-10.74924183,2811.749163,2925.109842
48.43,-128.68,0.79336768,979,531.1576085,572.5757148,-10.74924183,2811.749163,2925.109842
48.44,-128.69,0.79336768,845,531.1576085,572.5757148,-10.74924183,2811.749163,2925.109842
48.44,-128.69,0.79336768,652,531.1576085,572.5757148,-10.74924183,2811.749163,2925.109842
48.44,-128.69,0.79336768,588,531.1576085,572.5757148,-10.74924183,2811.749163,2925.109842
48.44,-128.7,0.79336768,584,531.1576085,572.5757148,-10.74924183,2811.749163,2925.109842
48.44,-128.7,0.79336768,629,531.1576085,572.5757148,-10.74924183,2811.749163,2925.109842
48.44,-128.7,0.79336768,699,531.1576085,572.5757148,-10.74924183,2811.749163,2925.109842
48.44,-128.71,0.79336768,819,531.1576085,572.5757148,-10.74924183,2811.749163,2925.109842
48.44,-128.71,0.79336768,1037,531.1576085,572.5757148,-10.74924183,2811.749163,2925.109842
48.44,-128.71,0.79336768,999,531.1576085,572.5757148,-10.74924183,2811.749163,2925.109842
48.44,-128.72,0.79336768,934,531.1576085,572.5757148,-10.74924183,2811.749163,2925.109842
48.45,-128.71,0.59159386,882,615.1043949,663.0684244,-10.74924183,2769.202986,2880.740257
48.45,-128.71,0.59159386,1001,615.1043949,663.0684244,-10.74924183,2769.202986,2880.740257
48.45,-128.71,0.59159386,1113,615.1043949,663.0684244,-10.74924183,2769.202986,2880.740257
48.45,-128.71,0.59159386,1716,615.1043949,663.0684244,-10.74924183,2769.202986,2880.740257
48.46,-128.71,0.59159386,5393,615.1043949,663.0684244,-10.74924183,2769.202986,2880.740257
48.46,-128.71,0.59159386,1866,615.1043949,663.0684244,-10.74924183,2769.202986,2880.740257
48.46,-128.71,0.59159386,1292,615.1043949,663.0684244,-10.74924183,2769.202986,2880.740257
48.47,-128.71,0.59159386,1477,615.1043949,663.0684244,-10.74924183,2769.202986,2880.740257
48.47,-128.7,0.59159386,1708,615.1043949,663.0684244,-10.74924183,2769.202986,2880.740257
48.47,-128.7,0.59159386,1293,615.1043949,663.0684244,-10.74924183,2769.202986,2880.740257
48.48,-128.7,0.59159386,1088,615.1043949,663.0684244,-10.74924183,2769.202986,2880.740257
48.47,-128.66,0.59159386,160,615.1043949,663.0684244,-10.74924183,2769.202986,2880.740257
48.47,-128.66,0.59159386,371,615.1043949,663.0684244,-10.74924183,2769.202986,2880.740257
48.47,-128.66,0.59159386,379,615.1043949,663.0684244,-10.74924183,2769.202986,2880.740257
48.46,-128.65,0.59159386,443,615.1043949,663.0684244,-10.74924183,2769.202986,2880.740257
48.46,-128.65,0.59159386,519,615.1043949,663.0684244,-10.74924183,2769.202986,2880.740257
48.46,-128.65,0.59159386,697,615.1043949,663.0684244,-10.74924183,2769.202986,2880.740257
48.46,-128.64,0.8665905,1127,508.2222764,547.851953,-10.74924183,2825.81795,2939.781576
48.46,-128.64,0.8665905,2489,508.2222764,547.851953,-10.74924183,2825.81795,2939.781576
48.46,-128.64,0.8665905,2421,508.2222764,547.851953,-10.74924183,2825.81795,2939.781576
48.46,-128.63,0.8665905,402,508.2222764,547.851953,-10.74924183,2825.81795,2939.781576
48.46,-128.63,0.8665905,371,508.2222764,547.851953,-10.74924183,2825.81795,2939.781576
48.46,-128.62,0.8665905,421,508.2222764,547.851953,8.065933228,2825.81795,2939.781576
48.46,-128.62,0.8665905,472,508.2222764,547.851953,8.065933228,2825.81795,2939.781576
48.46,-128.62,0.8665905,653,508.2222764,547.851953,8.065933228,2825.81795,2939.781576
48.46,-128.61,0.8665905,1444,508.2222764,547.851953,8.065933228,2825.81795,2939.781576
48.46,-128.61,0.8665905,1460,508.2222764,547.851953,8.065933228,2825.81795,2939.781576
48.45,-128.61,0.8665905,541,508.2222764,547.851953,8.065933228,2825.81795,2939.781576
48.45,-128.6,0.8665905,433,508.2222764,547.851953,8.065933228,2825.81795,2939.781576
48.45,-128.6,0.8665905,417,508.2222764,547.851953,8.065933228,2825.81795,2939.781576
48.45,-128.59,0.8665905,460,508.2222764,547.851953,8.065933228,2825.81795,2939.781576
48.45,-128.59,0.8665905,433,508.2222764,547.851953,8.065933228,2825.81795,2939.781576
48.46,-128.63,0.8665905,536,508.2222764,547.851953,-10.74924183,2825.81795,2939.781576
48.46,-128.63,0.8665905,617,508.2222764,547.851953,-10.74924183,2825.81795,2939.781576
48.46,-128.63,0.8665905,1162,508.2222764,547.851953,-10.74924183,2825.81795,2939.781576
48.46,-128.63,0.8665905,817,508.2222764,547.851953,-10.74924183,2825.81795,2939.781576
48.46,-128.64,0.8665905,860,508.2222764,547.851953,-10.74924183,2825.81795,2939.781576
48.46,-128.64,0.8665905,706,508.2222764,547.851953,-10.74924183,2825.81795,2939.781576
48.46,-128.64,0.8665905,806,508.2222764,547.851953,-10.74924183,2825.81795,2939.781576
48.46,-128.64,0.8665905,650,508.2222764,547.851953,-10.74924183,2825.81795,2939.781576
48.46,-128.65,0.59159386,476,615.1043949,663.0684244,-10.74924183,2769.202986,2880.740257
48.46,-128.66,0.59159386,347,615.1043949,663.0684244,-10.74924183,2769.202986,2880.740257
48.46,-128.66,0.59159386,323,615.1043949,663.0684244,-10.74924183,2769.202986,2880.740257
48.46,-128.66,0.59159386,282,615.1043949,663.0684244,-10.74924183,2769.202986,2880.740257
48.46,-128.67,0.59159386,295,615.1043949,663.0684244,-10.74924183,2769.202986,2880.740257
48.46,-128.67,0.59159386,323,615.1043949,663.0684244,-10.74924183,2769.202986,2880.740257
48.46,-128.68,0.59159386,338,615.1043949,663.0684244,-10.74924183,2769.202986,2880.740257
48.46,-128.68,0.59159386,373,615.1043949,663.0684244,-10.74924183,2769.202986,2880.740257
48.46,-128.69,0.59159386,405,615.1043949,663.0684244,-10.74924183,2769.202986,2880.740257
48.46,-128.7,0.59159386,496,615.1043949,663.0684244,-10.74924183,2769.202986,2880.740257
48.46,-128.7,0.59159386,1247,615.1043949,663.0684244,-10.74924183,2769.202986,2880.740257
48.46,-128.71,0.59159386,113,615.1043949,663.0684244,-10.74924183,2769.202986,2880.740257
48.46,-128.71,0.59159386,2440,615.1043949,663.0684244,-10.74924183,2769.202986,2880.740257
48.46,-128.71,0.59159386,6280,615.1043949,663.0684244,-10.74924183,2769.202986,2880.740257
48.46,-128.71,0.59159386,3479,615.1043949,663.0684244,-10.74924183,2769.202986,2880.740257
48.46,-128.71,0.59159386,39,615.1043949,663.0684244,-10.74924183,2769.202986,2880.740257
48.46,-128.71,0.59159386,7932,615.1043949,663.0684244,-10.74924183,2769.202986,2880.740257
48.46,-128.71,0.59159386,2282,615.1043949,663.0684244,-10.74924183,2769.202986,2880.740257
48.46,-128.72,0.59159386,1228,615.1043949,663.0684244,-10.74924183,2769.202986,2880.740257
48.46,-128.72,0.59159386,1209,615.1043949,663.0684244,-10.74924183,2769.202986,2880.740257
48.46,-128.72,0.59159386,1318,615.1043949,663.0684244,-10.74924183,2769.202986,2880.740257
48.46,-128.72,0.59159386,1033,615.1043949,663.0684244,-10.74924183,2769.202986,2880.740257
48.46,-128.72,0.59159386,1155,615.1043949,663.0684244,-10.74924183,2769.202986,2880.740257
48.46,-128.72,0.59159386,1306,615.1043949,663.0684244,-10.74924183,2769.202986,2880.740257
48.46,-128.71,0.59159386,1538,615.1043949,663.0684244,-10.74924183,2769.202986,2880.740257
48.46,-128.71,0.59159386,6788,615.1043949,663.0684244,-10.74924183,2769.202986,2880.740257
48.46,-128.71,0.59159386,2142,615.1043949,663.0684244,-10.74924183,2769.202986,2880.740257
48.46,-128.71,0.59159386,1643,615.1043949,663.0684244,-10.74924183,2769.202986,2880.740257
48.46,-128.7,0.59159386,1029,615.1043949,663.0684244,-10.74924183,2769.202986,2880.740257
48.46,-128.71,0.59159386,1300,615.1043949,663.0684244,-10.74924183,2769.202986,2880.740257
48.46,-128.71,0.59159386,4818,615.1043949,663.0684244,-10.74924183,2769.202986,2880.740257
48.46,-128.71,0.59159386,7599,615.1043949,663.0684244,-10.74924183,2769.202986,2880.740257
48.46,-128.71,0.59159386,4106,615.1043949,663.0684244,-10.74924183,2769.202986,2880.740257
48.46,-128.71,0.59159386,1505,615.1043949,663.0684244,-10.74924183,2769.202986,2880.740257
48.46,-128.72,0.59159386,1240,615.1043949,663.0684244,-10.74924183,2769.202986,2880.740257
48.46,-128.71,0.59159386,1484,615.1043949,663.0684244,-10.74924183,2769.202986,2880.740257
48.46,-128.71,0.59159386,1916,615.1043949,663.0684244,-10.74924183,2769.202986,2880.740257
48.46,-128.71,0.59159386,4434,615.1043949,663.0684244,-10.74924183,2769.202986,2880.740257
48.46,-128.71,0.59159386,5963,615.1043949,663.0684244,-10.74924183,2769.202986,2880.740257
48.46,-128.71,0.59159386,2371,615.1043949,663.0684244,-10.74924183,2769.202986,2880.740257
48.46,-128.71,0.59159386,1615,615.1043949,663.0684244,-10.74924183,2769.202986,2880.740257
47.88,-128.73,0.91232389,243,495.3203091,533.9439284,-8.577288628,2834.304766,2948.632113
47.86,-128.67,0.91232389,269,495.3203091,533.9439284,-8.577288628,2834.304766,2948.632113
47.86,-128.66,0.91232389,328,495.3203091,533.9439284,-8.577288628,2834.304766,2948.632113
47.86,-128.66,0.91232389,449,495.3203091,533.9439284,-8.577288628,2834.304766,2948.632113
47.85,-128.64,1.1679138,329,437.7793418,471.9160858,-8.577288628,2878.245212,2994.455721
47.85,-128.64,1.1679138,241,437.7793418,471.9160858,-8.577288628,2878.245212,2994.455721
47.85,-128.63,1.1679138,271,437.7793418,471.9160858,-8.577288628,2878.245212,2994.455721
47.88,-128.72,0.91232389,225,495.3203091,533.9439284,-8.577288628,2834.304766,2948.632113
47.88,-128.71,0.91232389,245,495.3203091,533.9439284,-8.577288628,2834.304766,2948.632113
47.87,-128.71,0.91232389,256,495.3203091,533.9439284,-8.577288628,2834.304766,2948.632113
47.87,-128.7,0.91232389,286,495.3203091,533.9439284,-8.577288628,2834.304766,2948.632113
47.87,-128.7,0.91232389,278,495.3203091,533.9439284,-8.577288628,2834.304766,2948.632113
47.87,-128.69,0.91232389,352,495.3203091,533.9439284,-8.577288628,2834.304766,2948.632113
47.86,-128.68,0.91232389,269,495.3203091,533.9439284,-8.577288628,2834.304766,2948.632113
47.86,-128.67,0.91232389,286,495.3203091,533.9439284,-8.577288628,2834.304766,2948.632113
47.96,-128.81,0.50150979,353,668.068433,720.1624423,-5.608677864,2747.860746,2858.483349
47.92,-128.83,0.66285837,172,581.0992123,626.4116178,-10.49689579,2784.956401,2897.168818
47.91,-128.82,0.66285837,111,581.0992123,626.4116178,-10.49689579,2784.956401,2897.168818
47.9,-128.83,0.66285837,108,581.0992123,626.4116178,-10.49689579,2784.956401,2897.168818
47.9,-128.83,0.66285837,177,581.0992123,626.4116178,-10.49689579,2784.956401,2897.168818
47.96,-128.81,0.50150979,471,668.068433,720.1624423,-5.608677864,2747.860746,2858.483349
47.95,-128.81,0.50150979,384,668.068433,720.1624423,-10.49689579,2747.860746,2858.483349
47.94,-128.81,0.66285837,380,581.0992123,626.4116178,-10.49689579,2784.956401,2897.168818
47.94,-128.81,0.66285837,359,581.0992123,626.4116178,-10.49689579,2784.956401,2897.168818
47.93,-128.83,0.66285837,300,581.0992123,626.4116178,-10.49689579,2784.956401,2897.168818
47.93,-128.82,0.66285837,110,581.0992123,626.4116178,-10.49689579,2784.956401,2897.168818
47.93,-128.82,0.66285837,151,581.0992123,626.4116178,-10.49689579,2784.956401,2897.168818
47.92,-128.82,0.66285837,72,581.0992123,626.4116178,-10.49689579,2784.956401,2897.168818
47.89,-128.83,0.66285837,137,581.0992123,626.4116178,-10.49689579,2784.956401,2897.168818
47.89,-128.83,0.66285837,121,581.0992123,626.4116178,-10.49689579,2784.956401,2897.168818
47.88,-128.83,0.66285837,112,581.0992123,626.4116178,-10.49689579,2784.956401,2897.168818
47.87,-128.83,0.66285837,117,581.0992123,626.4116178,-10.49689579,2784.956401,2897.168818
47.87,-128.84,0.66285837,123,581.0992123,626.4116178,-10.49689579,2784.956401,2897.168818
47.86,-128.84,0.66285837,261,581.0992123,626.4116178,-10.49689579,2784.956401,2897.168818
47.99,-128.79,0.50150979,205,668.068433,720.1624423,-5.608677864,2747.860746,2858.483349
47.99,-128.8,0.50150979,168,668.068433,720.1624423,-5.608677864,2747.860746,2858.483349
47.98,-128.79,0.50150979,170,668.068433,720.1624423,-5.608677864,2747.860746,2858.483349
47.98,-128.8,0.50150979,146,668.068433,720.1624423,-5.608677864,2747.860746,2858.483349
47.97,-128.8,0.50150979,174,668.068433,720.1624423,-5.608677864,2747.860746,2858.483349
47.97,-128.81,0.50150979,159,668.068433,720.1624423,-5.608677864,2747.860746,2858.483349
47.97,-128.83,0.50150979,129,668.068433,720.1624423,-5.608677864,2747.860746,2858.483349
47.96,-128.82,0.50150979,137,668.068433,720.1624423,-5.608677864,2747.860746,2858.483349
47.93,-128.85,0.66285837,164,581.0992123,626.4116178,-10.49689579,2784.956401,2897.168818
47.91,-128.8,0.66285837,95,581.0992123,626.4116178,-10.49689579,2784.956401,2897.168818
47.94,-128.76,0.66285837,90,581.0992123,626.4116178,-10.49689579,2784.956401,2897.168818
47.94,-128.82,0.66285837,362,581.0992123,626.4116178,-10.49689579,2784.956401,2897.168818
47.96,-128.83,0.50150979,91,668.068433,720.1624423,-5.608677864,2747.860746,2858.483349
47.94,-128.77,0.66285837,104,581.0992123,626.4116178,-10.49689579,2784.956401,2897.168818
47.91,-128.8,0.66285837,113,581.0992123,626.4116178,-10.49689579,2784.956401,2897.168818
47.94,-128.78,0.66285837,900,581.0992123,626.4116178,-10.49689579,2784.956401,2897.168818
47.91,-128.79,0.66285837,129,581.0992123,626.4116178,-10.49689579,2784.956401,2897.168818
47.95,-128.78,0.50150979,109,668.068433,720.1624423,-10.49689579,2747.860746,2858.483349
47.9,-128.78,0.66285837,164,581.0992123,626.4116178,-10.49689579,2784.956401,2897.168818
47.95,-128.79,0.50150979,84,668.068433,720.1624423,-10.49689579,2747.860746,2858.483349
47.95,-128.81,0.50150979,155,668.068433,720.1624423,-10.49689579,2747.860746,2858.483349
47.95,-128.81,0.50150979,171,668.068433,720.1624423,-10.49689579,2747.860746,2858.483349
47.95,-128.82,0.50150979,233,668.068433,720.1624423,-10.49689579,2747.860746,2858.483349
47.92,-128.84,0.66285837,147,581.0992123,626.4116178,-10.49689579,2784.956401,2897.168818
47.92,-128.84,0.66285837,93,581.0992123,626.4116178,-10.49689579,2784.956401,2897.168818
47.82,-128.67,1.1115648,563,448.7384322,483.7297338,-12.46199608,2869.007707,2984.822323
47.88,-128.7,0.91232389,287,495.3203091,533.9439284,-8.577288628,2834.304766,2948.632113
47.88,-128.7,0.91232389,300,495.3203091,533.9439284,-8.577288628,2834.304766,2948.632113
47.89,-128.7,0.91232389,262,495.3203091,533.9439284,-8.577288628,2834.304766,2948.632113
47.83,-128.67,1.1115648,534,448.7384322,483.7297338,-12.46199608,2869.007707,2984.822323
47.84,-128.67,1.1115648,403,448.7384322,483.7297338,-12.46199608,2869.007707,2984.822323
47.84,-128.68,1.1115648,421,448.7384322,483.7297338,-12.46199608,2869.007707,2984.822323
47.85,-128.68,0.91232389,307,495.3203091,533.9439284,-8.577288628,2834.304766,2948.632113
47.86,-128.68,0.91232389,294,495.3203091,533.9439284,-8.577288628,2834.304766,2948.632113
47.87,-128.69,0.91232389,355,495.3203091,533.9439284,-8.577288628,2834.304766,2948.632113
47.87,-128.69,0.91232389,270,495.3203091,533.9439284,-8.577288628,2834.304766,2948.632113
47.88,-128.69,0.91232389,247,495.3203091,533.9439284,-8.577288628,2834.304766,2948.632113
47.86,-128.64,1.1679138,267,437.7793418,471.9160858,-8.577288628,2878.245212,2994.455721
47.9,-128.66,0.91232389,392,495.3203091,533.9439284,-8.577288628,2834.304766,2948.632113
47.9,-128.67,0.91232389,381,495.3203091,533.9439284,-8.577288628,2834.304766,2948.632113
47.87,-128.64,1.1679138,270,437.7793418,471.9160858,-8.577288628,2878.245212,2994.455721
47.87,-128.64,1.1679138,353,437.7793418,471.9160858,-8.577288628,2878.245212,2994.455721
47.88,-128.65,0.91232389,241,495.3203091,533.9439284,-8.577288628,2834.304766,2948.632113
47.88,-128.65,0.91232389,305,495.3203091,533.9439284,-8.577288628,2834.304766,2948.632113
47.89,-128.65,0.91232389,294,495.3203091,533.9439284,-8.577288628,2834.304766,2948.632113
47.89,-128.66,0.91232389,204,495.3203091,533.9439284,-8.577288628,2834.304766,2948.632113
47.89,-128.66,0.91232389,378,495.3203091,533.9439284,-8.577288628,2834.304766,2948.632113
47.89,-128.66,0.91232389,359,495.3203091,533.9439284,-8.577288628,2834.304766,2948.632113
47.92,-128.83,0.66285837,111,581.0992123,626.4116178,-10.49689579,2784.956401,2897.168818
47.92,-128.82,0.66285837,109,581.0992123,626.4116178,-10.49689579,2784.956401,2897.168818
47.92,-128.82,0.66285837,113,581.0992123,626.4116178,-10.49689579,2784.956401,2897.168818
47.92,-128.81,0.66285837,97,581.0992123,626.4116178,-10.49689579,2784.956401,2897.168818
47.91,-128.81,0.66285837,87,581.0992123,626.4116178,-10.49689579,2784.956401,2897.168818
47.87,-127.62,3.4528952,556,254.6061914,274.4596325,3.032176971,3150.368866,3278.241818
47.92,-127.65,3.1907601,184,264.8582972,285.5111674,3.032176971,3125.19446,3251.988508
47.92,-127.65,3.1907601,164,264.8582972,285.5111674,3.032176971,3125.19446,3251.988508
47.93,-127.65,3.1907601,150,264.8582972,285.5111674,3.032176971,3125.19446,3251.988508
47.93,-127.66,3.1907601,123,264.8582972,285.5111674,3.032176971,3125.19446,3251.988508
47.94,-127.66,3.1907601,144,264.8582972,285.5111674,3.032176971,3125.19446,3251.988508
47.94,-127.66,3.1907601,155,264.8582972,285.5111674,3.032176971,3125.19446,3251.988508
47.95,-127.66,3.0129824,150,272.5601513,293.8135893,3.032176971,3107.52806,3233.564977
47.87,-127.62,3.4528952,688,254.6061914,274.4596325,3.032176971,3150.368866,3278.241818
47.88,-127.62,3.4528952,184,254.6061914,274.4596325,3.032176971,3150.368866,3278.241818
47.88,-127.63,3.4528952,114,254.6061914,274.4596325,3.032176971,3150.368866,3278.241818
47.89,-127.63,3.4528952,120,254.6061914,274.4596325,3.032176971,3150.368866,3278.241818
47.89,-127.64,3.4528952,187,254.6061914,274.4596325,3.032176971,3150.368866,3278.241818
47.9,-127.64,3.4528952,247,254.6061914,274.4596325,3.032176971,3150.368866,3278.241818
47.9,-127.64,3.4528952,148,254.6061914,274.4596325,3.032176971,3150.368866,3278.241818
47.91,-127.64,3.4528952,251,254.6061914,274.4596325,3.032176971,3150.368866,3278.241818
47.86,-127.68,3.1907601,143,264.8582972,285.5111674,3.032176971,3125.19446,3251.988508
47.9,-127.71,3.1907601,959,264.8582972,285.5111674,-0.518282652,3125.19446,3251.988508
47.91,-127.71,3.1907601,412,264.8582972,285.5111674,-0.518282652,3125.19446,3251.988508
47.91,-127.71,3.1907601,216,264.8582972,285.5111674,-0.518282652,3125.19446,3251.988508
47.92,-127.71,3.1907601,265,264.8582972,285.5111674,-0.518282652,3125.19446,3251.988508
47.92,-127.72,3.1907601,327,264.8582972,285.5111674,-0.518282652,3125.19446,3251.988508
47.93,-127.72,3.1907601,262,264.8582972,285.5111674,-0.518282652,3125.19446,3251.988508
47.93,-127.72,3.1907601,237,264.8582972,285.5111674,-0.518282652,3125.19446,3251.988508
47.94,-127.73,3.1907601,267,264.8582972,285.5111674,-0.518282652,3125.19446,3251.988508
47.95,-127.73,3.0129824,186,272.5601513,293.8135893,-0.518282652,3107.52806,3233.564977
47.86,-127.68,3.1907601,162,264.8582972,285.5111674,3.032176971,3125.19446,3251.988508
47.96,-127.74,3.0129824,171,272.5601513,293.8135893,-0.881052673,3107.52806,3233.564977
47.96,-127.74,3.0129824,174,272.5601513,293.8135893,-0.881052673,3107.52806,3233.564977
47.87,-127.68,3.1907601,184,264.8582972,285.5111674,3.032176971,3125.19446,3251.988508
47.87,-127.69,3.1907601,205,264.8582972,285.5111674,3.032176971,3125.19446,3251.988508
47.88,-127.69,3.1907601,231,264.8582972,285.5111674,3.032176971,3125.19446,3251.988508
47.89,-127.7,3.1907601,214,264.8582972,285.5111674,-0.518282652,3125.19446,3251.988508
47.89,-127.7,3.1907601,258,264.8582972,285.5111674,-0.518282652,3125.19446,3251.988508
47.89,-127.7,3.1907601,324,264.8582972,285.5111674,-0.518282652,3125.19446,3251.988508
47.9,-127.7,3.1907601,489,264.8582972,285.5111674,-0.518282652,3125.19446,3251.988508
47.75,-127.62,3.5783212,74,250.1042077,269.6065974,-0.419886947,3162.075786,3290.450463
47.79,-127.64,3.5786738,159,250.0918862,269.5933151,-0.419886947,3162.108405,3290.48448
47.8,-127.64,3.5786738,260,250.0918862,269.5933151,-0.419886947,3162.108405,3290.48448
47.8,-127.65,3.3711357,179,257.6751524,277.7679021,-0.419886947,3142.622847,3270.163826
47.81,-127.65,3.3711357,128,257.6751524,277.7679021,-0.419886947,3142.622847,3270.163826
47.81,-127.65,3.3711357,145,257.6751524,277.7679021,-0.419886947,3142.622847,3270.163826
47.82,-127.65,3.3711357,117,257.6751524,277.7679021,-0.419886947,3142.622847,3270.163826
47.82,-127.66,3.3711357,236,257.6751524,277.7679021,-0.419886947,3142.622847,3270.163826
47.83,-127.66,3.3711357,180,257.6751524,277.7679021,-0.419886947,3142.622847,3270.163826
47.83,-127.66,3.3711357,220,257.6751524,277.7679021,-0.419886947,3142.622847,3270.163826
47.84,-127.67,3.3711357,186,257.6751524,277.7679021,-0.419886947,3142.622847,3270.163826
47.75,-127.62,3.5783212,148,250.1042077,269.6065974,-0.419886947,3162.075786,3290.450463
47.84,-127.67,3.3711357,199,257.6751524,277.7679021,-0.419886947,3142.622847,3270.163826
47.85,-127.67,3.1907601,228,264.8582972,285.5111674,3.032176971,3125.19446,3251.988508
47.85,-127.67,3.1907601,197,264.8582972,285.5111674,3.032176971,3125.19446,3251.988508
47.86,-127.68,3.1907601,188,264.8582972,285.5111674,3.032176971,3125.19446,3251.988508
47.76,-127.62,3.5786738,69,250.0918862,269.5933151,-0.419886947,3162.108405,3290.48448
47.76,-127.62,3.5786738,155,250.0918862,269.5933151,-0.419886947,3162.108405,3290.48448
47.76,-127.63,3.5786738,91,250.0918862,269.5933151,-0.419886947,3162.108405,3290.48448
47.77,-127.63,3.5786738,63,250.0918862,269.5933151,-0.419886947,3162.108405,3290.48448
47.78,-127.63,3.5786738,74,250.0918862,269.5933151,-0.419886947,3162.108405,3290.48448
47.78,-127.64,3.5786738,87,250.0918862,269.5933151,-0.419886947,3162.108405,3290.48448
47.78,-127.64,3.5786738,156,250.0918862,269.5933151,-0.419886947,3162.108405,3290.48448
47.82,-127.49,3.8465323,214,241.2270285,260.0372019,-0.675474346,3186.440243,3315.85911
47.83,-127.55,3.5786738,139,250.0918862,269.5933151,-0.675474346,3162.108405,3290.48448
47.83,-127.55,3.5786738,72,250.0918862,269.5933151,-0.675474346,3162.108405,3290.48448
47.83,-127.56,3.5786738,231,250.0918862,269.5933151,-0.675474346,3162.108405,3290.48448
47.84,-127.57,3.5786738,261,250.0918862,269.5933151,-0.675474346,3162.108405,3290.48448
47.84,-127.58,3.5786738,362,250.0918862,269.5933151,-0.419886947,3162.108405,3290.48448
47.84,-127.58,3.5786738,189,250.0918862,269.5933151,-0.419886947,3162.108405,3290.48448
47.84,-127.59,3.5786738,212,250.0918862,269.5933151,-0.419886947,3162.108405,3290.48448
47.84,-127.6,3.5786738,181,250.0918862,269.5933151,-0.419886947,3162.108405,3290.48448
47.84,-127.6,3.5786738,187,250.0918862,269.5933151,-0.419886947,3162.108405,3290.48448
47.84,-127.61,3.5786738,232,250.0918862,269.5933151,-0.419886947,3162.108405,3290.48448
47.82,-127.49,3.8465323,172,241.2270285,260.0372019,-0.675474346,3186.440243,3315.85911
47.82,-127.5,3.8465323,89,241.2270285,260.0372019,-0.675474346,3186.440243,3315.85911
47.82,-127.5,3.8465323,206,241.2270285,260.0372019,-0.675474346,3186.440243,3315.85911
47.82,-127.51,3.8465323,199,241.2270285,260.0372019,-0.675474346,3186.440243,3315.85911
47.82,-127.51,3.8465323,37,241.2270285,260.0372019,-0.675474346,3186.440243,3315.85911
47.82,-127.52,3.8465323,145,241.2270285,260.0372019,-0.675474346,3186.440243,3315.85911
47.83,-127.53,3.8465323,123,241.2270285,260.0372019,-0.675474346,3186.440243,3315.85911
47.83,-127.54,3.8465323,122,241.2270285,260.0372019,-0.675474346,3186.440243,3315.85911
47.75,-127.22,4.6330013,154,219.8008907,236.9403169,-5.541047096,3253.354272,3385.640884
47.76,-127.29,4.2658925,131,229.0634015,246.925091,-10.34975338,3222.8913,3353.872355
47.77,-127.3,4.2658925,101,229.0634015,246.925091,-10.34975338,3222.8913,3353.872355
47.77,-127.31,4.2658925,111,229.0634015,246.925091,-10.34975338,3222.8913,3353.872355
47.77,-127.33,4.2658925,200,229.0634015,246.925091,-10.34975338,3222.8913,3353.872355
47.75,-127.23,4.6330013,141,219.8008907,236.9403169,-10.34975338,3253.354272,3385.640884
47.75,-127.24,4.6330013,145,219.8008907,236.9403169,-10.34975338,3253.354272,3385.640884
47.75,-127.24,4.6330013,150,219.8008907,236.9403169,-10.34975338,3253.354272,3385.640884
47.76,-127.25,4.2658925,151,229.0634015,246.925091,-10.34975338,3222.8913,3353.872355
47.76,-127.26,4.2658925,162,229.0634015,246.925091,-10.34975338,3222.8913,3353.872355
47.76,-127.27,4.2658925,157,229.0634015,246.925091,-10.34975338,3222.8913,3353.872355
47.76,-127.27,4.2658925,106,229.0634015,246.925091,-10.34975338,3222.8913,3353.872355
47.76,-127.28,4.2658925,164,229.0634015,246.925091,-10.34975338,3222.8913,3353.872355
47.77,-127.33,4.2658925,145,229.0634015,246.925091,-10.34975338,3222.8913,3353.872355
47.79,-127.4,4.1103892,135,233.3561151,251.5525379,-4.742084503,3209.593318,3340.00446
47.79,-127.4,4.1103892,188,233.3561151,251.5525379,-4.742084503,3209.593318,3340.00446
47.79,-127.41,4.1103892,108,233.3561151,251.5525379,-4.742084503,3209.593318,3340.00446
47.78,-127.34,4.2658925,106,229.0634015,246.925091,-10.34975338,3222.8913,3353.872355
47.78,-127.35,4.2658925,141,229.0634015,246.925091,-4.742084503,3222.8913,3353.872355
47.78,-127.35,4.2658925,163,229.0634015,246.925091,-4.742084503,3222.8913,3353.872355
47.78,-127.36,4.1103892,150,233.3561151,251.5525379,-4.742084503,3209.593318,3340.00446
47.78,-127.37,4.1103892,105,233.3561151,251.5525379,-4.742084503,3209.593318,3340.00446
47.78,-127.37,4.1103892,171,233.3561151,251.5525379,-4.742084503,3209.593318,3340.00446
47.78,-127.38,4.1103892,133,233.3561151,251.5525379,-4.742084503,3209.593318,3340.00446
47.79,-127.39,4.1103892,142,233.3561151,251.5525379,-4.742084503,3209.593318,3340.00446
47.84,-127.72,3.3711357,1091,257.6751524,277.7679021,-0.975069642,3142.622847,3270.163826
47.85,-127.81,2.9645884,224,274.7757845,296.2019911,3.526834726,3102.629305,3228.456275
47.85,-127.82,2.9645884,239,274.7757845,296.2019911,3.526834726,3102.629305,3228.456275
47.85,-127.82,2.9645884,233,274.7757845,296.2019911,3.526834726,3102.629305,3228.456275
47.85,-127.83,2.9645884,241,274.7757845,296.2019911,3.526834726,3102.629305,3228.456275
47.86,-127.84,2.9645884,252,274.7757845,296.2019911,3.526834726,3102.629305,3228.456275
47.86,-127.85,2.9645884,102,274.7757845,296.2019911,3.526834726,3102.629305,3228.456275
47.86,-127.86,2.6994836,97,287.9521412,310.4058013,3.526834726,3075.053685,3199.698843
47.86,-127.87,2.6994836,210,287.9521412,310.4058013,3.526834726,3075.053685,3199.698843
47.86,-127.88,2.6994836,95,287.9521412,310.4058013,3.526834726,3075.053685,3199.698843
47.86,-127.89,2.6994836,257,287.9521412,310.4058013,3.526834726,3075.053685,3199.698843
47.84,-127.74,3.3711357,710,257.6751524,277.7679021,-0.975069642,3142.622847,3270.163826
47.86,-127.9,2.6994836,217,287.9521412,310.4058013,3.526834726,3075.053685,3199.698843
47.86,-127.91,2.6994836,182,287.9521412,310.4058013,3.526834726,3075.053685,3199.698843
47.84,-127.75,3.1612465,292,266.091792,286.8408464,-0.975069642,3122.296309,3248.966151
47.84,-127.76,3.1612465,137,266.091792,286.8408464,-0.975069642,3122.296309,3248.966151
47.84,-127.76,3.1612465,234,266.091792,286.8408464,-0.975069642,3122.296309,3248.966151
47.84,-127.77,3.1612465,209,266.091792,286.8408464,-0.975069642,3122.296309,3248.966151
47.85,-127.78,2.9645884,201,274.7757845,296.2019911,-0.518282652,3102.629305,3228.456275
47.85,-127.79,2.9645884,200,274.7757845,296.2019911,-0.518282652,3102.629305,3228.456275
47.85,-127.8,2.9645884,197,274.7757845,296.2019911,-0.518282652,3102.629305,3228.456275
47.85,-127.63,3.4528952,1659,254.6061914,274.4596325,3.032176971,3150.368866,3278.241818
47.86,-127.71,3.1907601,309,264.8582972,285.5111674,-0.518282652,3125.19446,3251.988508
47.86,-127.71,3.1907601,410,264.8582972,285.5111674,-0.518282652,3125.19446,3251.988508
47.87,-127.72,3.1907601,935,264.8582972,285.5111674,-0.518282652,3125.19446,3251.988508
47.87,-127.72,3.1907601,1109,264.8582972,285.5111674,-0.518282652,3125.19446,3251.988508
47.87,-127.72,3.1907601,311,264.8582972,285.5111674,-0.518282652,3125.19446,3251.988508
47.87,-127.73,3.1907601,226,264.8582972,285.5111674,-0.518282652,3125.19446,3251.988508
47.87,-127.74,3.1907601,283,264.8582972,285.5111674,-0.518282652,3125.19446,3251.988508
47.87,-127.74,3.1907601,281,264.8582972,285.5111674,-0.518282652,3125.19446,3251.988508
47.85,-127.64,3.4528952,346,254.6061914,274.4596325,3.032176971,3150.368866,3278.241818
47.85,-127.65,3.1907601,425,264.8582972,285.5111674,3.032176971,3125.19446,3251.988508
47.85,-127.66,3.1907601,216,264.8582972,285.5111674,3.032176971,3125.19446,3251.988508
47.86,-127.67,3.1907601,200,264.8582972,285.5111674,3.032176971,3125.19446,3251.988508
47.86,-127.67,3.1907601,191,264.8582972,285.5111674,3.032176971,3125.19446,3251.988508
47.86,-127.68,3.1907601,162,264.8582972,285.5111674,3.032176971,3125.19446,3251.988508
47.86,-127.7,3.1907601,191,264.8582972,285.5111674,-0.518282652,3125.19446,3251.988508
47.86,-127.7,3.1907601,227,264.8582972,285.5111674,-0.518282652,3125.19446,3251.988508
47.86,-127.7,3.1907601,217,264.8582972,285.5111674,-0.518282652,3125.19446,3251.988508
47.87,-127.73,3.1907601,211,264.8582972,285.5111674,-0.518282652,3125.19446,3251.988508
47.87,-127.73,3.1907601,225,264.8582972,285.5111674,-0.518282652,3125.19446,3251.988508
47.85,-127.74,3.1907601,233,264.8582972,285.5111674,-0.518282652,3125.19446,3251.988508
47.85,-127.73,3.1907601,285,264.8582972,285.5111674,-0.518282652,3125.19446,3251.988508
47.85,-127.73,3.1907601,283,264.8582972,285.5111674,-0.518282652,3125.19446,3251.988508
47.85,-127.72,3.1907601,451,264.8582972,285.5111674,-0.518282652,3125.19446,3251.988508
47.85,-127.72,3.1907601,712,264.8582972,285.5111674,-0.518282652,3125.19446,3251.988508
47.85,-127.72,3.1907601,487,264.8582972,285.5111674,-0.518282652,3125.19446,3251.988508
47.85,-127.72,3.1907601,433,264.8582972,285.5111674,-0.518282652,3125.19446,3251.988508
47.85,-127.71,3.1907601,364,264.8582972,285.5111674,-0.518282652,3125.19446,3251.988508
47.86,-127.7,3.1907601,214,264.8582972,285.5111674,-0.518282652,3125.19446,3251.988508
47.85,-127.71,3.1907601,253,264.8582972,285.5111674,-0.518282652,3125.19446,3251.988508
47.85,-127.7,3.1907601,206,264.8582972,285.5111674,-0.518282652,3125.19446,3251.988508
47.86,-127.7,3.1907601,244,264.8582972,285.5111674,-0.518282652,3125.19446,3251.988508
47.86,-127.71,3.1907601,308,264.8582972,285.5111674,-0.518282652,3125.19446,3251.988508
47.86,-127.71,3.1907601,382,264.8582972,285.5111674,-0.518282652,3125.19446,3251.988508
47.87,-127.72,3.1907601,562,264.8582972,285.5111674,-0.518282652,3125.19446,3251.988508
47.87,-127.72,3.1907601,1043,264.8582972,285.5111674,-0.518282652,3125.19446,3251.988508
47.87,-127.72,3.1907601,1020,264.8582972,285.5111674,-0.518282652,3125.19446,3251.988508
47.87,-127.73,3.1907601,319,264.8582972,285.5111674,-0.518282652,3125.19446,3251.988508
47.79,-127.85,3.1612465,228,266.091792,286.8408464,-0.58204329,3122.296309,3248.966151
47.92,-128.72,0.91232389,165,495.3203091,533.9439284,-8.577288628,2834.304766,2948.632113
47.92,-128.68,0.91232389,263,495.3203091,533.9439284,-8.577288628,2834.304766,2948.632113
47.91,-128.67,0.91232389,275,495.3203091,533.9439284,-8.577288628,2834.304766,2948.632113
47.91,-128.67,0.91232389,286,495.3203091,533.9439284,-8.577288628,2834.304766,2948.632113
47.91,-128.66,0.91232389,302,495.3203091,533.9439284,-8.577288628,2834.304766,2948.632113
47.91,-128.66,0.91232389,319,495.3203091,533.9439284,-8.577288628,2834.304766,2948.632113
47.91,-128.65,0.91232389,327,495.3203091,533.9439284,-8.577288628,2834.304766,2948.632113
47.91,-128.65,0.91232389,334,495.3203091,533.9439284,-8.577288628,2834.304766,2948.632113
47.91,-128.64,1.1679138,329,437.7793418,471.9160858,-8.577288628,2878.245212,2994.455721
47.91,-128.64,1.1679138,266,437.7793418,471.9160858,-8.577288628,2878.245212,2994.455721
47.9,-128.63,1.1679138,339,437.7793418,471.9160858,-8.577288628,2878.245212,2994.455721
47.92,-128.72,0.91232389,158,495.3203091,533.9439284,-8.577288628,2834.304766,2948.632113
47.9,-128.63,1.1679138,337,437.7793418,471.9160858,-8.577288628,2878.245212,2994.455721
47.9,-128.62,1.1679138,315,437.7793418,471.9160858,-5.80466938,2878.245212,2994.455721
47.92,-128.71,0.91232389,163,495.3203091,533.9439284,-8.577288628,2834.304766,2948.632113
47.92,-128.71,0.91232389,178,495.3203091,533.9439284,-8.577288628,2834.304766,2948.632113
47.92,-128.7,0.91232389,162,495.3203091,533.9439284,-8.577288628,2834.304766,2948.632113
47.92,-128.7,0.91232389,212,495.3203091,533.9439284,-8.577288628,2834.304766,2948.632113
47.92,-128.69,0.91232389,230,495.3203091,533.9439284,-8.577288628,2834.304766,2948.632113
47.92,-128.69,0.91232389,248,495.3203091,533.9439284,-8.577288628,2834.304766,2948.632113
47.92,-128.68,0.91232389,236,495.3203091,533.9439284,-8.577288628,2834.304766,2948.632113
47.9,-128.62,1.1679138,295,437.7793418,471.9160858,-5.80466938,2878.245212,2994.455721
47.89,-128.57,1.1679138,599,437.7793418,471.9160858,-5.80466938,2878.245212,2994.455721
47.89,-128.57,1.1679138,755,437.7793418,471.9160858,-5.80466938,2878.245212,2994.455721
47.89,-128.56,1.1679138,481,437.7793418,471.9160858,-5.80466938,2878.245212,2994.455721
47.89,-128.56,1.1679138,677,437.7793418,471.9160858,-5.80466938,2878.245212,2994.455721
47.89,-128.56,1.1679138,735,437.7793418,471.9160858,-5.80466938,2878.245212,2994.455721
47.89,-128.55,1.1679138,472,437.7793418,471.9160858,-5.80466938,2878.245212,2994.455721
47.89,-128.55,1.1679138,370,437.7793418,471.9160858,-5.80466938,2878.245212,2994.455721
47.89,-128.54,1.414219,346,397.8343928,428.8563473,-5.80466938,2916.22329,3034.061431
47.89,-128.54,1.414219,313,397.8343928,428.8563473,-5.80466938,2916.22329,3034.061431
47.89,-128.54,1.414219,237,397.8343928,428.8563473,-5.80466938,2916.22329,3034.061431
47.9,-128.61,1.1679138,325,437.7793418,471.9160858,-5.80466938,2878.245212,2994.455721
47.89,-128.53,1.414219,145,397.8343928,428.8563473,-5.80466938,2916.22329,3034.061431
47.89,-128.53,1.414219,168,397.8343928,428.8563473,-5.80466938,2916.22329,3034.061431
47.89,-128.52,1.414219,207,397.8343928,428.8563473,-5.80466938,2916.22329,3034.061431
47.88,-128.52,1.414219,253,397.8343928,428.8563473,-5.80466938,2916.22329,3034.061431
47.9,-128.61,1.1679138,272,437.7793418,471.9160858,-5.80466938,2878.245212,2994.455721
47.9,-128.61,1.1679138,293,437.7793418,471.9160858,-5.80466938,2878.245212,2994.455721
47.9,-128.6,1.1679138,339,437.7793418,471.9160858,-5.80466938,2878.245212,2994.455721
47.9,-128.59,1.1679138,315,437.7793418,471.9160858,-5.80466938,2878.245212,2994.455721
47.9,-128.58,1.1679138,314,437.7793418,471.9160858,-5.80466938,2878.245212,2994.455721
47.89,-128.57,1.1679138,345,437.7793418,471.9160858,-5.80466938,2878.245212,2994.455721
47.92,-128.52,1.414219,171,397.8343928,428.8563473,-5.80466938,2916.22329,3034.061431
47.92,-128.55,1.1679138,269,437.7793418,471.9160858,-5.80466938,2878.245212,2994.455721
47.92,-128.55,1.1679138,273,437.7793418,471.9160858,-5.80466938,2878.245212,2994.455721
47.92,-128.55,1.1679138,356,437.7793418,471.9160858,-5.80466938,2878.245212,2994.455721
47.92,-128.55,1.1679138,523,437.7793418,471.9160858,-5.80466938,2878.245212,2994.455721
47.93,-128.56,1.1679138,436,437.7793418,471.9160858,-5.80466938,2878.245212,2994.455721
47.93,-128.56,1.1679138,434,437.7793418,471.9160858,-5.80466938,2878.245212,2994.455721
47.93,-128.56,1.1679138,369,437.7793418,471.9160858,-5.80466938,2878.245212,2994.455721
47.93,-128.56,1.1679138,280,437.7793418,471.9160858,-5.80466938,2878.245212,2994.455721
47.93,-128.57,1.1679138,276,437.7793418,471.9160858,-5.80466938,2878.245212,2994.455721
47.93,-128.57,1.1679138,294,437.7793418,471.9160858,-5.80466938,2878.245212,2994.455721
47.92,-128.52,1.414219,168,397.8343928,428.8563473,-5.80466938,2916.22329,3034.061431
47.92,-128.53,1.414219,174,397.8343928,428.8563473,-5.80466938,2916.22329,3034.061431
47.92,-128.53,1.414219,175,397.8343928,428.8563473,-5.80466938,2916.22329,3034.061431
47.92,-128.54,1.414219,206,397.8343928,428.8563473,-5.80466938,2916.22329,3034.061431
47.92,-128.54,1.414219,227,397.8343928,428.8563473,-5.80466938,2916.22329,3034.061431
47.92,-128.54,1.414219,239,397.8343928,428.8563473,-5.80466938,2916.22329,3034.061431
47.92,-128.55,1.1679138,259,437.7793418,471.9160858,-5.80466938,2878.245212,2994.455721
47.93,-128.58,1.1679138,248,437.7793418,471.9160858,-5.80466938,2878.245212,2994.455721
47.93,-128.59,1.1679138,268,437.7793418,471.9160858,-5.80466938,2878.245212,2994.455721
47.93,-128.59,1.1679138,271,437.7793418,471.9160858,-5.80466938,2878.245212,2994.455721
47.93,-128.59,1.1679138,254,437.7793418,471.9160858,-5.80466938,2878.245212,2994.455721
47.93,-128.59,1.1679138,246,437.7793418,471.9160858,-5.80466938,2878.245212,2994.455721
47.93,-128.6,1.1679138,240,437.7793418,471.9160858,-5.80466938,2878.245212,2994.455721
47.93,-128.6,1.1679138,235,437.7793418,471.9160858,-5.80466938,2878.245212,2994.455721
47.93,-128.6,1.1679138,239,437.7793418,471.9160858,-5.80466938,2878.245212,2994.455721
47.93,-128.6,1.1679138,248,437.7793418,471.9160858,-5.80466938,2878.245212,2994.455721
47.93,-128.6,1.1679138,254,437.7793418,471.9160858,-5.80466938,2878.245212,2994.455721
47.93,-128.58,1.1679138,243,437.7793418,471.9160858,-5.80466938,2878.245212,2994.455721
47.93,-128.61,1.1679138,254,437.7793418,471.9160858,-5.80466938,2878.245212,2994.455721
47.93,-128.61,1.1679138,264,437.7793418,471.9160858,-5.80466938,2878.245212,2994.455721
47.93,-128.61,1.1679138,270,437.7793418,471.9160858,-5.80466938,2878.245212,2994.455721
47.93,-128.61,1.1679138,279,437.7793418,471.9160858,-5.80466938,2878.245212,2994.455721
47.93,-128.61,1.1679138,285,437.7793418,471.9160858,-5.80466938,2878.245212,2994.455721
47.93,-128.58,1.1679138,232,437.7793418,471.9160858,-5.80466938,2878.245212,2994.455721
47.93,-128.58,1.1679138,230,437.7793418,471.9160858,-5.80466938,2878.245212,2994.455721
47.93,-128.59,1.1679138,231,437.7793418,471.9160858,-5.80466938,2878.245212,2994.455721
47.93,-128.59,1.1679138,233,437.7793418,471.9160858,-5.80466938,2878.245212,2994.455721
47.93,-128.59,1.1679138,236,437.7793418,471.9160858,-5.80466938,2878.245212,2994.455721
47.93,-128.59,1.1679138,242,437.7793418,471.9160858,-5.80466938,2878.245212,2994.455721
47.93,-128.59,1.1679138,255,437.7793418,471.9160858,-5.80466938,2878.245212,2994.455721
47.93,-128.61,1.1679138,276,437.7793418,471.9160858,-5.80466938,2878.245212,2994.455721
47.94,-128.62,1.1679138,264,437.7793418,471.9160858,-5.80466938,2878.245212,2994.455721
47.94,-128.62,1.1679138,266,437.7793418,471.9160858,-5.80466938,2878.245212,2994.455721
47.94,-128.63,1.1679138,280,437.7793418,471.9160858,-8.577288628,2878.245212,2994.455721
47.94,-128.63,1.1679138,283,437.7793418,471.9160858,-8.577288628,2878.245212,2994.455721
47.94,-128.63,1.1679138,284,437.7793418,471.9160858,-8.577288628,2878.245212,2994.455721
47.94,-128.63,1.1679138,281,437.7793418,471.9160858,-8.577288628,2878.245212,2994.455721
47.94,-128.63,1.1679138,282,437.7793418,471.9160858,-8.577288628,2878.245212,2994.455721
47.94,-128.63,1.1679138,273,437.7793418,471.9160858,-8.577288628,2878.245212,2994.455721
47.94,-128.63,1.1679138,263,437.7793418,471.9160858,-8.577288628,2878.245212,2994.455721
47.94,-128.63,1.1679138,260,437.7793418,471.9160858,-8.577288628,2878.245212,2994.455721
47.93,-128.61,1.1679138,280,437.7793418,471.9160858,-5.80466938,2878.245212,2994.455721
47.94,-128.63,1.1679138,260,437.7793418,471.9160858,-8.577288628,2878.245212,2994.455721
47.94,-128.63,1.1679138,257,437.7793418,471.9160858,-8.577288628,2878.245212,2994.455721
47.93,-128.61,1.1679138,281,437.7793418,471.9160858,-5.80466938,2878.245212,2994.455721
47.93,-128.61,1.1679138,283,437.7793418,471.9160858,-5.80466938,2878.245212,2994.455721
47.94,-128.61,1.1679138,287,437.7793418,471.9160858,-5.80466938,2878.245212,2994.455721
47.94,-128.62,1.1679138,280,437.7793418,471.9160858,-5.80466938,2878.245212,2994.455721
47.94,-128.62,1.1679138,275,437.7793418,471.9160858,-5.80466938,2878.245212,2994.455721
47.94,-128.62,1.1679138,269,437.7793418,471.9160858,-5.80466938,2878.245212,2994.455721
47.94,-128.62,1.1679138,268,437.7793418,471.9160858,-5.80466938,2878.245212,2994.455721
47.91,-128.55,1.1679138,231,437.7793418,471.9160858,-5.80466938,2878.245212,2994.455721
47.91,-128.57,1.1679138,388,437.7793418,471.9160858,-5.80466938,2878.245212,2994.455721
47.91,-128.57,1.1679138,286,437.7793418,471.9160858,-5.80466938,2878.245212,2994.455721
47.91,-128.57,1.1679138,287,437.7793418,471.9160858,-5.80466938,2878.245212,2994.455721
47.91,-128.57,1.1679138,280,437.7793418,471.9160858,-5.80466938,2878.245212,2994.455721
47.91,-128.58,1.1679138,296,437.7793418,471.9160858,-5.80466938,2878.245212,2994.455721
47.91,-128.58,1.1679138,297,437.7793418,471.9160858,-5.80466938,2878.245212,2994.455721
47.91,-128.58,1.1679138,316,437.7793418,471.9160858,-5.80466938,2878.245212,2994.455721
47.91,-128.59,1.1679138,328,437.7793418,471.9160858,-5.80466938,2878.245212,2994.455721
47.91,-128.59,1.1679138,326,437.7793418,471.9160858,-5.80466938,2878.245212,2994.455721
47.91,-128.59,1.1679138,324,437.7793418,471.9160858,-5.80466938,2878.245212,2994.455721
47.91,-128.55,1.1679138,264,437.7793418,471.9160858,-5.80466938,2878.245212,2994.455721
47.91,-128.59,1.1679138,313,437.7793418,471.9160858,-5.80466938,2878.245212,2994.455721
47.91,-128.6,1.1679138,299,437.7793418,471.9160858,-5.80466938,2878.245212,2994.455721
47.92,-128.6,1.1679138,290,437.7793418,471.9160858,-5.80466938,2878.245212,2994.455721
47.92,-128.6,1.1679138,292,437.7793418,471.9160858,-5.80466938,2878.245212,2994.455721
47.92,-128.6,1.1679138,263,437.7793418,471.9160858,-5.80466938,2878.245212,2994.455721
47.91,-128.55,1.1679138,376,437.7793418,471.9160858,-5.80466938,2878.245212,2994.455721
47.91,-128.55,1.1679138,408,437.7793418,471.9160858,-5.80466938,2878.245212,2994.455721
47.91,-128.55,1.1679138,425,437.7793418,471.9160858,-5.80466938,2878.245212,2994.455721
47.91,-128.56,1.1679138,355,437.7793418,471.9160858,-5.80466938,2878.245212,2994.455721
47.91,-128.56,1.1679138,440,437.7793418,471.9160858,-5.80466938,2878.245212,2994.455721
47.91,-128.56,1.1679138,632,437.7793418,471.9160858,-5.80466938,2878.245212,2994.455721
47.72,-127.79,3.251128,1301,262.3877919,282.8480193,1.003651619,3131.080962,3258.127288
47.72,-127.78,3.251128,340,262.3877919,282.8480193,1.003651619,3131.080962,3258.127288
47.72,-127.78,3.251128,370,262.3877919,282.8480193,1.003651619,3131.080962,3258.127288
47.72,-127.78,3.251128,274,262.3877919,282.8480193,1.003651619,3131.080962,3258.127288
47.73,-127.78,3.251128,262,262.3877919,282.8480193,-0.975069642,3131.080962,3258.127288
47.73,-127.78,3.251128,267,262.3877919,282.8480193,-0.975069642,3131.080962,3258.127288
47.73,-127.78,3.251128,290,262.3877919,282.8480193,-0.975069642,3131.080962,3258.127288
47.73,-127.77,3.251128,257,262.3877919,282.8480193,-0.975069642,3131.080962,3258.127288
47.73,-127.77,3.251128,252,262.3877919,282.8480193,-0.975069642,3131.080962,3258.127288
47.73,-127.77,3.251128,261,262.3877919,282.8480193,-0.975069642,3131.080962,3258.127288
47.74,-127.77,3.251128,278,262.3877919,282.8480193,-0.975069642,3131.080962,3258.127288
47.74,-127.77,3.251128,270,262.3877919,282.8480193,-0.975069642,3131.080962,3258.127288
47.72,-127.79,3.251128,3144,262.3877919,282.8480193,1.003651619,3131.080962,3258.127288
47.72,-127.78,3.251128,2022,262.3877919,282.8480193,1.003651619,3131.080962,3258.127288
47.72,-127.78,3.251128,994,262.3877919,282.8480193,1.003651619,3131.080962,3258.127288
47.72,-127.78,3.251128,604,262.3877919,282.8480193,1.003651619,3131.080962,3258.127288
47.72,-127.78,3.251128,434,262.3877919,282.8480193,1.003651619,3131.080962,3258.127288
47.72,-127.78,3.251128,403,262.3877919,282.8480193,1.003651619,3131.080962,3258.127288
47.72,-127.78,3.251128,383,262.3877919,282.8480193,1.003651619,3131.080962,3258.127288
47.89,-127.49,3.7126944,250,245.5364981,264.6827112,-1.241449118,3174.392367,3303.294896
47.91,-127.59,3.4528952,215,254.6061914,274.4596325,3.032176971,3150.368866,3278.241818
47.91,-127.59,3.4528952,224,254.6061914,274.4596325,3.032176971,3150.368866,3278.241818
47.72,-127.82,3.251128,196,262.3877919,282.8480193,-3.409561634,3131.080962,3258.127288
47.71,-127.78,3.251128,1194,262.3877919,282.8480193,1.003651619,3131.080962,3258.127288
47.71,-127.78,3.251128,452,262.3877919,282.8480193,1.003651619,3131.080962,3258.127288
47.71,-127.78,3.251128,422,262.3877919,282.8480193,1.003651619,3131.080962,3258.127288
47.71,-127.78,3.251128,301,262.3877919,282.8480193,1.003651619,3131.080962,3258.127288
47.71,-127.77,3.251128,218,262.3877919,282.8480193,1.003651619,3131.080962,3258.127288
47.71,-127.77,3.251128,205,262.3877919,282.8480193,1.003651619,3131.080962,3258.127288
47.71,-127.76,3.251128,191,262.3877919,282.8480193,1.003651619,3131.080962,3258.127288
47.7,-127.75,3.251128,171,262.3877919,282.8480193,1.003651619,3131.080962,3258.127288
47.7,-127.75,3.251128,166,262.3877919,282.8480193,1.003651619,3131.080962,3258.127288
47.72,-127.8,3.251128,211,262.3877919,282.8480193,1.003651619,3131.080962,3258.127288
47.71,-127.79,3.251128,256,262.3877919,282.8480193,1.003651619,3131.080962,3258.127288
47.71,-127.79,3.251128,291,262.3877919,282.8480193,1.003651619,3131.080962,3258.127288
47.71,-127.79,3.251128,939,262.3877919,282.8480193,1.003651619,3131.080962,3258.127288
48.47,-128.78,0.34311613,404,807.6814184,870.6620372,-13.25694942,2705.016404,2813.802821
48.47,-128.8,0.34311613,397,807.6814184,870.6620372,-13.25694942,2705.016404,2813.802821
48.57,-128.69,0.44956386,371,705.6103838,760.6318039,-24.77534676,2734.673332,2844.730761
48.57,-128.69,0.44956386,262,705.6103838,760.6318039,-24.77534676,2734.673332,2844.730761
48.57,-128.69,0.44956386,267,705.6103838,760.6318039,-24.77534676,2734.673332,2844.730761
48.57,-128.7,0.44956386,338,705.6103838,760.6318039,-24.77534676,2734.673332,2844.730761
48.57,-128.7,0.44956386,388,705.6103838,760.6318039,-24.77534676,2734.673332,2844.730761
48.56,-128.7,0.44956386,359,705.6103838,760.6318039,-24.77534676,2734.673332,2844.730761
48.56,-128.7,0.44956386,474,705.6103838,760.6318039,-24.77534676,2734.673332,2844.730761
48.55,-128.71,0.59159386,587,615.1043949,663.0684244,-24.77534676,2769.202986,2880.740257
48.55,-128.71,0.59159386,494,615.1043949,663.0684244,-24.77534676,2769.202986,2880.740257
48.55,-128.72,0.59159386,413,615.1043949,663.0684244,-24.77534676,2769.202986,2880.740257
48.54,-128.72,0.59159386,335,615.1043949,663.0684244,-10.74924183,2769.202986,2880.740257
48.53,-128.72,0.59159386,302,615.1043949,663.0684244,-10.74924183,2769.202986,2880.740257
48.52,-128.73,0.59159386,278,615.1043949,663.0684244,-10.74924183,2769.202986,2880.740257
48.52,-128.73,0.59159386,305,615.1043949,663.0684244,-10.74924183,2769.202986,2880.740257
48.51,-128.74,0.59159386,306,615.1043949,663.0684244,-10.74924183,2769.202986,2880.740257
48.51,-128.74,0.59159386,217,615.1043949,663.0684244,-10.74924183,2769.202986,2880.740257
48.52,-128.82,0.34311613,165,807.6814184,870.6620372,-13.25694942,2705.016404,2813.802821
48.52,-128.8,0.34311613,159,807.6814184,870.6620372,-13.25694942,2705.016404,2813.802821
48.53,-128.79,0.34311613,161,807.6814184,870.6620372,-13.25694942,2705.016404,2813.802821
48.52,-128.78,0.34311613,150,807.6814184,870.6620372,-13.25694942,2705.016404,2813.802821
48.52,-128.77,0.34311613,169,807.6814184,870.6620372,-13.25694942,2705.016404,2813.802821
48.51,-128.77,0.34311613,133,807.6814184,870.6620372,-13.25694942,2705.016404,2813.802821
48.5,-128.77,0.34311613,230,807.6814184,870.6620372,-13.25694942,2705.016404,2813.802821
48.49,-128.76,0.34311613,263,807.6814184,870.6620372,-13.25694942,2705.016404,2813.802821
48.49,-128.76,0.34311613,268,807.6814184,870.6620372,-13.25694942,2705.016404,2813.802821
48.48,-128.76,0.34311613,272,807.6814184,870.6620372,-13.25694942,2705.016404,2813.802821
48.47,-128.75,0.34311613,309,807.6814184,870.6620372,-13.25694942,2705.016404,2813.802821
48.47,-128.75,0.34311613,348,807.6814184,870.6620372,-13.25694942,2705.016404,2813.802821
48.46,-128.74,0.59159386,424,615.1043949,663.0684244,-10.74924183,2769.202986,2880.740257
48.45,-128.74,0.59159386,412,615.1043949,663.0684244,-10.74924183,2769.202986,2880.740257
48.45,-128.74,0.59159386,1005,615.1043949,663.0684244,-10.74924183,2769.202986,2880.740257
48.51,-128.78,0.34311613,151,807.6814184,870.6620372,-13.25694942,2705.016404,2813.802821
48.51,-128.78,0.34311613,189,807.6814184,870.6620372,-13.25694942,2705.016404,2813.802821
48.51,-128.77,0.34311613,120,807.6814184,870.6620372,-13.25694942,2705.016404,2813.802821
48.51,-128.77,0.34311613,203,807.6814184,870.6620372,-13.25694942,2705.016404,2813.802821
48.5,-128.76,0.34311613,299,807.6814184,870.6620372,-13.25694942,2705.016404,2813.802821
48.5,-128.76,0.34311613,320,807.6814184,870.6620372,-13.25694942,2705.016404,2813.802821
48.5,-128.75,0.34311613,246,807.6814184,870.6620372,-13.25694942,2705.016404,2813.802821
48.49,-128.74,0.59159386,206,615.1043949,663.0684244,-10.74924183,2769.202986,2880.740257
48.49,-128.73,0.59159386,341,615.1043949,663.0684244,-10.74924183,2769.202986,2880.740257
48.49,-128.73,0.59159386,395,615.1043949,663.0684244,-10.74924183,2769.202986,2880.740257
48.49,-128.72,0.59159386,390,615.1043949,663.0684244,-10.74924183,2769.202986,2880.740257
48.48,-128.72,0.59159386,570,615.1043949,663.0684244,-10.74924183,2769.202986,2880.740257
48.48,-128.71,0.59159386,744,615.1043949,663.0684244,-10.74924183,2769.202986,2880.740257
48.45,-128.72,0.59159386,774,615.1043949,663.0684244,-10.74924183,2769.202986,2880.740257
48.45,-128.72,0.59159386,1073,615.1043949,663.0684244,-10.74924183,2769.202986,2880.740257
48.46,-128.71,0.59159386,2894,615.1043949,663.0684244,-10.74924183,2769.202986,2880.740257
48.46,-128.71,0.59159386,1528,615.1043949,663.0684244,-10.74924183,2769.202986,2880.740257
48.45,-128.7,0.59159386,1313,615.1043949,663.0684244,-10.74924183,2769.202986,2880.740257
48.45,-128.7,0.59159386,729,615.1043949,663.0684244,-10.74924183,2769.202986,2880.740257
48.44,-128.69,0.79336768,581,531.1576085,572.5757148,-10.74924183,2811.749163,2925.109842
48.44,-128.69,0.79336768,605,531.1576085,572.5757148,-10.74924183,2811.749163,2925.109842
48.44,-128.69,0.79336768,707,531.1576085,572.5757148,-10.74924183,2811.749163,2925.109842
48.44,-128.68,0.79336768,1507,531.1576085,572.5757148,-10.74924183,2811.749163,2925.109842
48.43,-128.68,0.79336768,3200,531.1576085,572.5757148,-10.74924183,2811.749163,2925.109842
48.43,-128.68,0.79336768,2129,531.1576085,572.5757148,-10.74924183,2811.749163,2925.109842
48.43,-128.67,0.79336768,883,531.1576085,572.5757148,-10.74924183,2811.749163,2925.109842
48.43,-128.67,0.79336768,684,531.1576085,572.5757148,-10.74924183,2811.749163,2925.109842
48.43,-128.67,0.79336768,556,531.1576085,572.5757148,-10.74924183,2811.749163,2925.109842
48.43,-128.66,0.79336768,466,531.1576085,572.5757148,-10.74924183,2811.749163,2925.109842
48.4,-128.73,0.79336768,841,531.1576085,572.5757148,0.947541118,2811.749163,2925.109842
48.4,-128.73,0.79336768,677,531.1576085,572.5757148,0.947541118,2811.749163,2925.109842
48.4,-128.72,0.79336768,995,531.1576085,572.5757148,0.947541118,2811.749163,2925.109842
48.4,-128.72,0.79336768,772,531.1576085,572.5757148,0.947541118,2811.749163,2925.109842
48.4,-128.72,0.79336768,659,531.1576085,572.5757148,0.947541118,2811.749163,2925.109842
48.4,-128.71,0.79336768,654,531.1576085,572.5757148,0.947541118,2811.749163,2925.109842
48.4,-128.7,0.79336768,683,531.1576085,572.5757148,0.947541118,2811.749163,2925.109842
48.4,-128.7,0.79336768,687,531.1576085,572.5757148,0.947541118,2811.749163,2925.109842
48.4,-128.69,0.79336768,616,531.1576085,572.5757148,0.947541118,2811.749163,2925.109842
48.4,-128.69,0.79336768,631,531.1576085,572.5757148,0.947541118,2811.749163,2925.109842
48.39,-128.68,0.79336768,788,531.1576085,572.5757148,0.947541118,2811.749163,2925.109842
48.39,-128.68,0.79336768,690,531.1576085,572.5757148,0.947541118,2811.749163,2925.109842
48.39,-128.67,0.79336768,589,531.1576085,572.5757148,0.947541118,2811.749163,2925.109842
48.39,-128.67,0.79336768,589,531.1576085,572.5757148,0.947541118,2811.749163,2925.109842
48.39,-128.66,0.79336768,648,531.1576085,572.5757148,0.947541118,2811.749163,2925.109842
48.39,-128.66,0.79336768,686,531.1576085,572.5757148,0.947541118,2811.749163,2925.109842
48.39,-128.65,0.79336768,548,531.1576085,572.5757148,0.947541118,2811.749163,2925.109842
48.39,-128.64,1.033847,699,465.2994327,501.5821124,0.947541118,2855.873935,2971.125675
48.39,-128.64,1.033847,787,465.2994327,501.5821124,0.947541118,2855.873935,2971.125675
48.39,-128.63,1.033847,902,465.2994327,501.5821124,0.947541118,2855.873935,2971.125675
48.39,-128.63,1.033847,534,465.2994327,501.5821124,0.947541118,2855.873935,2971.125675
48.38,-128.62,1.033847,465,465.2994327,501.5821124,2.668863773,2855.873935,2971.125675
48.38,-128.61,1.033847,355,465.2994327,501.5821124,2.668863773,2855.873935,2971.125675
48.38,-128.61,1.033847,304,465.2994327,501.5821124,2.668863773,2855.873935,2971.125675
48.4,-128.84,0.53057241,1319,649.5137174,700.1608847,-3.627408266,2754.941405,2865.867466
48.4,-128.83,0.53057241,1429,649.5137174,700.1608847,-3.627408266,2754.941405,2865.867466
48.39,-128.83,0.53057241,1497,649.5137174,700.1608847,-3.627408266,2754.941405,2865.867466
48.39,-128.82,0.53057241,952,649.5137174,700.1608847,-3.627408266,2754.941405,2865.867466
48.39,-128.82,0.53057241,865,649.5137174,700.1608847,-3.627408266,2754.941405,2865.867466
48.39,-128.81,0.53057241,763,649.5137174,700.1608847,-3.627408266,2754.941405,2865.867466
48.39,-128.79,0.53057241,602,649.5137174,700.1608847,-3.627408266,2754.941405,2865.867466
48.38,-128.79,0.53057241,598,649.5137174,700.1608847,-3.627408266,2754.941405,2865.867466
48.39,-128.78,0.53057241,586,649.5137174,700.1608847,-3.627408266,2754.941405,2865.867466
48.39,-128.77,0.53057241,539,649.5137174,700.1608847,-3.627408266,2754.941405,2865.867466
48.39,-128.77,0.53057241,510,649.5137174,700.1608847,-3.627408266,2754.941405,2865.867466
48.39,-128.76,0.53057241,487,649.5137174,700.1608847,-3.627408266,2754.941405,2865.867466
48.39,-128.75,0.53057241,530,649.5137174,700.1608847,-3.627408266,2754.941405,2865.867466
48.39,-128.73,0.79336768,914,531.1576085,572.5757148,0.947541118,2811.749163,2925.109842
48.39,-128.72,0.79336768,758,531.1576085,572.5757148,0.947541118,2811.749163,2925.109842
48.39,-128.72,0.79336768,666,531.1576085,572.5757148,0.947541118,2811.749163,2925.109842
48.39,-128.71,0.79336768,620,531.1576085,572.5757148,0.947541118,2811.749163,2925.109842
48.39,-128.71,0.79336768,553,531.1576085,572.5757148,0.947541118,2811.749163,2925.109842
48.44,-128.76,0.53057241,573,649.5137174,700.1608847,-13.25694942,2754.941405,2865.867466
48.44,-128.76,0.53057241,559,649.5137174,700.1608847,-13.25694942,2754.941405,2865.867466
48.44,-128.75,0.53057241,594,649.5137174,700.1608847,-13.25694942,2754.941405,2865.867466
48.44,-128.75,0.53057241,641,649.5137174,700.1608847,-13.25694942,2754.941405,2865.867466
48.44,-128.74,0.79336768,567,531.1576085,572.5757148,-10.74924183,2811.749163,2925.109842
48.44,-128.73,0.79336768,661,531.1576085,572.5757148,-10.74924183,2811.749163,2925.109842
48.44,-128.72,0.79336768,704,531.1576085,572.5757148,-10.74924183,2811.749163,2925.109842
48.44,-128.72,0.79336768,812,531.1576085,572.5757148,-10.74924183,2811.749163,2925.109842
48.44,-128.7,0.79336768,857,531.1576085,572.5757148,-10.74924183,2811.749163,2925.109842
48.44,-128.7,0.79336768,653,531.1576085,572.5757148,-10.74924183,2811.749163,2925.109842
48.44,-128.69,0.79336768,594,531.1576085,572.5757148,-10.74924183,2811.749163,2925.109842
48.44,-128.69,0.79336768,637,531.1576085,572.5757148,-10.74924183,2811.749163,2925.109842
48.44,-128.68,0.79336768,1665,531.1576085,572.5757148,-10.74924183,2811.749163,2925.109842
48.44,-128.68,0.79336768,2298,531.1576085,572.5757148,-10.74924183,2811.749163,2925.109842
48.44,-128.67,0.79336768,727,531.1576085,572.5757148,-10.74924183,2811.749163,2925.109842
48.44,-128.66,0.79336768,419,531.1576085,572.5757148,-10.74924183,2811.749163,2925.109842
48.44,-128.65,0.79336768,218,531.1576085,572.5757148,-10.74924183,2811.749163,2925.109842
48.44,-128.63,1.033847,290,465.2994327,501.5821124,-10.74924183,2855.873935,2971.125675
48.29,-128.69,0.80387408,532,527.6751548,568.8217096,-1.013275385,2813.806588,2927.255442
48.3,-128.7,0.80387408,1101,527.6751548,568.8217096,-1.013275385,2813.806588,2927.255442
48.31,-128.7,0.80387408,387,527.6751548,568.8217096,0.947541118,2813.806588,2927.255442
48.32,-128.71,0.80387408,278,527.6751548,568.8217096,0.947541118,2813.806588,2927.255442
48.32,-128.71,0.80387408,325,527.6751548,568.8217096,0.947541118,2813.806588,2927.255442
48.33,-128.72,0.80387408,322,527.6751548,568.8217096,0.947541118,2813.806588,2927.255442
48.34,-128.72,0.80387408,395,527.6751548,568.8217096,0.947541118,2813.806588,2927.255442
48.34,-128.73,0.80387408,422,527.6751548,568.8217096,0.947541118,2813.806588,2927.255442
48.35,-128.73,0.79336768,502,531.1576085,572.5757148,0.947541118,2811.749163,2925.109842
48.36,-128.74,0.79336768,550,531.1576085,572.5757148,0.947541118,2811.749163,2925.109842
48.37,-128.74,0.79336768,788,531.1576085,572.5757148,0.947541118,2811.749163,2925.109842
48.37,-128.74,0.79336768,935,531.1576085,572.5757148,0.947541118,2811.749163,2925.109842
48.38,-128.75,0.53057241,673,649.5137174,700.1608847,-3.627408266,2754.941405,2865.867466
48.39,-128.75,0.53057241,586,649.5137174,700.1608847,-3.627408266,2754.941405,2865.867466
48.4,-128.76,0.53057241,587,649.5137174,700.1608847,-3.627408266,2754.941405,2865.867466
48.29,-128.78,0.54432315,313,641.2572029,691.2605515,-5.456256866,2758.223906,2869.290645
48.29,-128.78,0.54432315,290,641.2572029,691.2605515,-5.456256866,2758.223906,2869.290645
48.31,-128.78,0.54432315,292,641.2572029,691.2605515,-3.627408266,2758.223906,2869.290645
48.33,-128.78,0.54432315,322,641.2572029,691.2605515,-3.627408266,2758.223906,2869.290645
48.33,-128.78,0.54432315,361,641.2572029,691.2605515,-3.627408266,2758.223906,2869.290645
48.34,-128.78,0.54432315,353,641.2572029,691.2605515,-3.627408266,2758.223906,2869.290645
48.34,-128.78,0.54432315,365,641.2572029,691.2605515,-3.627408266,2758.223906,2869.290645
48.35,-128.78,0.53057241,354,649.5137174,700.1608847,-3.627408266,2754.941405,2865.867466
48.35,-128.78,0.53057241,335,649.5137174,700.1608847,-3.627408266,2754.941405,2865.867466
48.36,-128.8,0.53057241,303,649.5137174,700.1608847,-3.627408266,2754.941405,2865.867466
48.36,-128.81,0.53057241,385,649.5137174,700.1608847,-3.627408266,2754.941405,2865.867466
48.36,-128.83,0.53057241,469,649.5137174,700.1608847,-3.627408266,2754.941405,2865.867466
48.36,-128.83,0.53057241,627,649.5137174,700.1608847,-3.627408266,2754.941405,2865.867466
48.36,-128.83,0.53057241,807,649.5137174,700.1608847,-3.627408266,2754.941405,2865.867466
48.36,-128.84,0.53057241,1022,649.5137174,700.1608847,-3.627408266,2754.941405,2865.867466
48.36,-128.85,0.53057241,1289,649.5137174,700.1608847,-3.627408266,2754.941405,2865.867466
48.37,-128.86,0.25480604,1150,937.2507568,1010.334811,2.990579128,2676.674106,2784.245854
48.37,-128.87,0.25480604,1095,937.2507568,1010.334811,2.990579128,2676.674106,2784.245854
48.38,-128.88,0.25480604,1158,937.2507568,1010.334811,2.990579128,2676.674106,2784.245854
48.38,-128.9,0.25480604,1076,937.2507568,1010.334811,2.990579128,2676.674106,2784.245854
48.35,-128.77,0.53057241,367,649.5137174,700.1608847,-3.627408266,2754.941405,2865.867466
48.36,-128.77,0.53057241,341,649.5137174,700.1608847,-3.627408266,2754.941405,2865.867466
48.39,-128.77,0.53057241,533,649.5137174,700.1608847,-3.627408266,2754.941405,2865.867466
48.41,-128.73,0.79336768,858,531.1576085,572.5757148,0.947541118,2811.749163,2925.109842
48.42,-128.73,0.79336768,861,531.1576085,572.5757148,0.947541118,2811.749163,2925.109842
48.41,-128.74,0.79336768,740,531.1576085,572.5757148,0.947541118,2811.749163,2925.109842
48.41,-128.75,0.53057241,624,649.5137174,700.1608847,-3.627408266,2754.941405,2865.867466
48.42,-128.75,0.53057241,679,649.5137174,700.1608847,-3.627408266,2754.941405,2865.867466
48.42,-128.77,0.53057241,763,649.5137174,700.1608847,-3.627408266,2754.941405,2865.867466
48.42,-128.77,0.53057241,698,649.5137174,700.1608847,-3.627408266,2754.941405,2865.867466
48.42,-128.78,0.53057241,706,649.5137174,700.1608847,-3.627408266,2754.941405,2865.867466
48.42,-128.78,0.53057241,743,649.5137174,700.1608847,-3.627408266,2754.941405,2865.867466
48.42,-128.79,0.53057241,788,649.5137174,700.1608847,-3.627408266,2754.941405,2865.867466
48.42,-128.79,0.53057241,881,649.5137174,700.1608847,-3.627408266,2754.941405,2865.867466
48.43,-128.8,0.53057241,959,649.5137174,700.1608847,-13.25694942,2754.941405,2865.867466
48.43,-128.8,0.53057241,1023,649.5137174,700.1608847,-13.25694942,2754.941405,2865.867466
48.43,-128.81,0.53057241,1153,649.5137174,700.1608847,-13.25694942,2754.941405,2865.867466
48.43,-128.82,0.53057241,1665,649.5137174,700.1608847,-13.25694942,2754.941405,2865.867466
48.43,-128.83,0.53057241,1124,649.5137174,700.1608847,-13.25694942,2754.941405,2865.867466
48.43,-128.84,0.53057241,888,649.5137174,700.1608847,-13.25694942,2754.941405,2865.867466
48.43,-128.85,0.53057241,1018,649.5137174,700.1608847,-13.25694942,2754.941405,2865.867466
48.43,-128.85,0.53057241,792,649.5137174,700.1608847,-13.25694942,2754.941405,2865.867466
48.43,-128.85,0.53057241,912,649.5137174,700.1608847,-13.25694942,2754.941405,2865.867466
48.43,-128.86,0.25480604,897,937.2507568,1010.334811,-8.025933266,2676.674106,2784.245854
48.44,-128.76,0.53057241,765,649.5137174,700.1608847,-13.25694942,2754.941405,2865.867466
48.44,-128.76,0.53057241,690,649.5137174,700.1608847,-13.25694942,2754.941405,2865.867466
48.44,-128.77,0.53057241,546,649.5137174,700.1608847,-13.25694942,2754.941405,2865.867466
48.44,-128.78,0.53057241,550,649.5137174,700.1608847,-13.25694942,2754.941405,2865.867466
48.45,-128.78,0.34311613,502,807.6814184,870.6620372,-13.25694942,2705.016404,2813.802821
48.45,-128.79,0.34311613,477,807.6814184,870.6620372,-13.25694942,2705.016404,2813.802821
48.45,-128.79,0.34311613,481,807.6814184,870.6620372,-13.25694942,2705.016404,2813.802821
48.46,-128.8,0.34311613,426,807.6814184,870.6620372,-13.25694942,2705.016404,2813.802821
48.46,-128.81,0.34311613,477,807.6814184,870.6620372,-13.25694942,2705.016404,2813.802821
48.46,-128.82,0.34311613,429,807.6814184,870.6620372,-13.25694942,2705.016404,2813.802821
48.46,-128.82,0.34311613,540,807.6814184,870.6620372,-13.25694942,2705.016404,2813.802821
48.46,-128.83,0.34311613,840,807.6814184,870.6620372,-13.25694942,2705.016404,2813.802821
48.46,-128.84,0.34311613,1246,807.6814184,870.6620372,-13.25694942,2705.016404,2813.802821
48.46,-128.85,0.34311613,1171,807.6814184,870.6620372,-13.25694942,2705.016404,2813.802821
48.47,-128.86,0.15120271,1531,1216.692613,1311.566721,-8.025933266,2636.096774,2741.929493
48.47,-128.57,0.8665905,416,508.2222764,547.851953,8.065933228,2825.81795,2939.781576
48.47,-128.58,0.8665905,421,508.2222764,547.851953,8.065933228,2825.81795,2939.781576
48.47,-128.58,0.8665905,481,508.2222764,547.851953,8.065933228,2825.81795,2939.781576
48.47,-128.59,0.8665905,461,508.2222764,547.851953,8.065933228,2825.81795,2939.781576
48.47,-128.59,0.8665905,444,508.2222764,547.851953,8.065933228,2825.81795,2939.781576
48.47,-128.6,0.8665905,518,508.2222764,547.851953,8.065933228,2825.81795,2939.781576
48.47,-128.6,0.8665905,221,508.2222764,547.851953,8.065933228,2825.81795,2939.781576
48.48,-128.61,0.8665905,619,508.2222764,547.851953,8.065933228,2825.81795,2939.781576
48.48,-128.62,0.8665905,358,508.2222764,547.851953,8.065933228,2825.81795,2939.781576
48.48,-128.62,0.8665905,368,508.2222764,547.851953,8.065933228,2825.81795,2939.781576
48.48,-128.63,0.8665905,363,508.2222764,547.851953,-10.74924183,2825.81795,2939.781576
48.48,-128.63,0.8665905,639,508.2222764,547.851953,-10.74924183,2825.81795,2939.781576
48.48,-128.63,0.8665905,526,508.2222764,547.851953,-10.74924183,2825.81795,2939.781576
48.48,-128.64,0.8665905,549,508.2222764,547.851953,-10.74924183,2825.81795,2939.781576
48.48,-128.65,0.59159386,411,615.1043949,663.0684244,-10.74924183,2769.202986,2880.740257
48.45,-128.61,0.8665905,924,508.2222764,547.851953,8.065933228,2825.81795,2939.781576
48.46,-128.61,0.8665905,1090,508.2222764,547.851953,8.065933228,2825.81795,2939.781576
48.46,-128.62,0.8665905,425,508.2222764,547.851953,8.065933228,2825.81795,2939.781576
48.46,-128.62,0.8665905,355,508.2222764,547.851953,8.065933228,2825.81795,2939.781576
48.45,-128.63,0.8665905,387,508.2222764,547.851953,-10.74924183,2825.81795,2939.781576
48.45,-128.63,0.8665905,325,508.2222764,547.851953,-10.74924183,2825.81795,2939.781576
48.45,-128.63,0.8665905,250,508.2222764,547.851953,-10.74924183,2825.81795,2939.781576
48.45,-128.63,0.8665905,829,508.2222764,547.851953,-10.74924183,2825.81795,2939.781576
48.45,-128.64,0.8665905,631,508.2222764,547.851953,-10.74924183,2825.81795,2939.781576
48.45,-128.64,0.8665905,376,508.2222764,547.851953,-10.74924183,2825.81795,2939.781576
48.45,-128.65,0.59159386,470,615.1043949,663.0684244,-10.74924183,2769.202986,2880.740257
48.45,-128.65,0.59159386,440,615.1043949,663.0684244,-10.74924183,2769.202986,2880.740257
48.45,-128.65,0.59159386,418,615.1043949,663.0684244,-10.74924183,2769.202986,2880.740257
48.45,-128.65,0.59159386,493,615.1043949,663.0684244,-10.74924183,2769.202986,2880.740257
48.45,-128.66,0.59159386,396,615.1043949,663.0684244,-10.74924183,2769.202986,2880.740257
48.43,-128.73,0.79336768,697,531.1576085,572.5757148,-10.74924183,2811.749163,2925.109842
48.44,-128.73,0.79336768,698,531.1576085,572.5757148,-10.74924183,2811.749163,2925.109842
48.44,-128.73,0.79336768,699,531.1576085,572.5757148,-10.74924183,2811.749163,2925.109842
48.45,-128.73,0.59159386,680,615.1043949,663.0684244,-10.74924183,2769.202986,2880.740257
48.45,-128.72,0.59159386,777,615.1043949,663.0684244,-10.74924183,2769.202986,2880.740257
48.46,-128.72,0.59159386,1760,615.1043949,663.0684244,-10.74924183,2769.202986,2880.740257
48.46,-128.71,0.59159386,1233,615.1043949,663.0684244,-10.74924183,2769.202986,2880.740257
48.47,-128.71,0.59159386,1488,615.1043949,663.0684244,-10.74924183,2769.202986,2880.740257
48.47,-128.71,0.59159386,1496,615.1043949,663.0684244,-10.74924183,2769.202986,2880.740257
48.47,-128.7,0.59159386,963,615.1043949,663.0684244,-10.74924183,2769.202986,2880.740257
48.47,-128.7,0.59159386,937,615.1043949,663.0684244,-10.74924183,2769.202986,2880.740257
48.48,-128.7,0.59159386,1062,615.1043949,663.0684244,-10.74924183,2769.202986,2880.740257
48.48,-128.7,0.59159386,1044,615.1043949,663.0684244,-10.74924183,2769.202986,2880.740257
48.48,-128.69,0.59159386,1088,615.1043949,663.0684244,-10.74924183,2769.202986,2880.740257
48.49,-128.69,0.59159386,896,615.1043949,663.0684244,-10.74924183,2769.202986,2880.740257
48.49,-128.69,0.59159386,742,615.1043949,663.0684244,-10.74924183,2769.202986,2880.740257
48.5,-128.69,0.59159386,637,615.1043949,663.0684244,-10.74924183,2769.202986,2880.740257
48.5,-128.69,0.59159386,636,615.1043949,663.0684244,-10.74924183,2769.202986,2880.740257
48.51,-128.69,0.59159386,519,615.1043949,663.0684244,-10.74924183,2769.202986,2880.740257
48.51,-128.68,0.59159386,418,615.1043949,663.0684244,-10.74924183,2769.202986,2880.740257
48.45,-128.65,0.59159386,453,615.1043949,663.0684244,-10.74924183,2769.202986,2880.740257
48.45,-128.65,0.59159386,453,615.1043949,663.0684244,-10.74924183,2769.202986,2880.740257
48.45,-128.66,0.59159386,362,615.1043949,663.0684244,-10.74924183,2769.202986,2880.740257
48.45,-128.66,0.59159386,399,615.1043949,663.0684244,-10.74924183,2769.202986,2880.740257
48.45,-128.66,0.59159386,386,615.1043949,663.0684244,-10.74924183,2769.202986,2880.740257
48.45,-128.67,0.59159386,176,615.1043949,663.0684244,-10.74924183,2769.202986,2880.740257
48.45,-128.67,0.59159386,153,615.1043949,663.0684244,-10.74924183,2769.202986,2880.740257
48.45,-128.68,0.59159386,411,615.1043949,663.0684244,-10.74924183,2769.202986,2880.740257
48.45,-128.68,0.59159386,426,615.1043949,663.0684244,-10.74924183,2769.202986,2880.740257
48.45,-128.69,0.59159386,466,615.1043949,663.0684244,-10.74924183,2769.202986,2880.740257
48.45,-128.69,0.59159386,524,615.1043949,663.0684244,-10.74924183,2769.202986,2880.740257
48.46,-128.7,0.59159386,729,615.1043949,663.0684244,-10.74924183,2769.202986,2880.740257
48.46,-128.7,0.59159386,994,615.1043949,663.0684244,-10.74924183,2769.202986,2880.740257
48.46,-128.7,0.59159386,1663,615.1043949,663.0684244,-10.74924183,2769.202986,2880.740257
48.46,-128.71,0.59159386,2653,615.1043949,663.0684244,-10.74924183,2769.202986,2880.740257
48.46,-128.71,0.59159386,4439,615.1043949,663.0684244,-10.74924183,2769.202986,2880.740257
48.46,-128.71,0.59159386,1898,615.1043949,663.0684244,-10.74924183,2769.202986,2880.740257
48.46,-128.71,0.59159386,1099,615.1043949,663.0684244,-10.74924183,2769.202986,2880.740257
48.46,-128.72,0.59159386,904,615.1043949,663.0684244,-10.74924183,2769.202986,2880.740257
48.47,-128.72,0.59159386,832,615.1043949,663.0684244,-10.74924183,2769.202986,2880.740257
48.47,-128.72,0.59159386,800,615.1043949,663.0684244,-10.74924183,2769.202986,2880.740257
48.47,-128.71,0.59159386,862,615.1043949,663.0684244,-10.74924183,2769.202986,2880.740257
48.47,-128.71,0.59159386,923,615.1043949,663.0684244,-10.74924183,2769.202986,2880.740257
48.47,-128.71,0.59159386,1049,615.1043949,663.0684244,-10.74924183,2769.202986,2880.740257
48.47,-128.71,0.59159386,1181,615.1043949,663.0684244,-10.74924183,2769.202986,2880.740257
48.48,-128.7,0.59159386,1052,615.1043949,663.0684244,-10.74924183,2769.202986,2880.740257
48.48,-128.7,0.59159386,851,615.1043949,663.0684244,-10.74924183,2769.202986,2880.740257
48.48,-128.7,0.59159386,791,615.1043949,663.0684244,-10.74924183,2769.202986,2880.740257
48.48,-128.69,0.59159386,609,615.1043949,663.0684244,-10.74924183,2769.202986,2880.740257
48.48,-128.68,0.59159386,421,615.1043949,663.0684244,-10.74924183,2769.202986,2880.740257
48.48,-128.67,0.59159386,427,615.1043949,663.0684244,-10.74924183,2769.202986,2880.740257
48.48,-128.67,0.59159386,390,615.1043949,663.0684244,-10.74924183,2769.202986,2880.740257
48.47,-128.73,0.59159386,618,615.1043949,663.0684244,-10.74924183,2769.202986,2880.740257
48.47,-128.73,0.59159386,606,615.1043949,663.0684244,-10.74924183,2769.202986,2880.740257
48.47,-128.73,0.59159386,679,615.1043949,663.0684244,-10.74924183,2769.202986,2880.740257
48.47,-128.73,0.59159386,872,615.1043949,663.0684244,-10.74924183,2769.202986,2880.740257
48.46,-128.72,0.59159386,918,615.1043949,663.0684244,-10.74924183,2769.202986,2880.740257
48.46,-128.72,0.59159386,1511,615.1043949,663.0684244,-10.74924183,2769.202986,2880.740257
48.46,-128.71,0.59159386,4559,615.1043949,663.0684244,-10.74924183,2769.202986,2880.740257
48.46,-128.71,0.59159386,3022,615.1043949,663.0684244,-10.74924183,2769.202986,2880.740257
48.46,-128.71,0.59159386,1926,615.1043949,663.0684244,-10.74924183,2769.202986,2880.740257
48.46,-128.71,0.59159386,1742,615.1043949,663.0684244,-10.74924183,2769.202986,2880.740257
48.46,-128.71,0.59159386,1813,615.1043949,663.0684244,-10.74924183,2769.202986,2880.740257
48.46,-128.71,0.59159386,2029,615.1043949,663.0684244,-10.74924183,2769.202986,2880.740257
48.46,-128.71,0.59159386,2031,615.1043949,663.0684244,-10.74924183,2769.202986,2880.740257
48.46,-128.71,0.59159386,1815,615.1043949,663.0684244,-10.74924183,2769.202986,2880.740257
48.46,-128.71,0.59159386,1644,615.1043949,663.0684244,-10.74924183,2769.202986,2880.740257
48.46,-128.71,0.59159386,1498,615.1043949,663.0684244,-10.74924183,2769.202986,2880.740257
48.47,-128.71,0.59159386,1317,615.1043949,663.0684244,-10.74924183,2769.202986,2880.740257
48.47,-128.71,0.59159386,1236,615.1043949,663.0684244,-10.74924183,2769.202986,2880.740257
48.47,-128.71,0.59159386,1076,615.1043949,663.0684244,-10.74924183,2769.202986,2880.740257
48.48,-128.68,0.59159386,418,615.1043949,663.0684244,-10.74924183,2769.202986,2880.740257
48.48,-128.67,0.59159386,413,615.1043949,663.0684244,-10.74924183,2769.202986,2880.740257
48.47,-128.68,0.59159386,406,615.1043949,663.0684244,-10.74924183,2769.202986,2880.740257
48.47,-128.68,0.59159386,409,615.1043949,663.0684244,-10.74924183,2769.202986,2880.740257
48.47,-128.68,0.59159386,412,615.1043949,663.0684244,-10.74924183,2769.202986,2880.740257
48.47,-128.68,0.59159386,418,615.1043949,663.0684244,-10.74924183,2769.202986,2880.740257
48.46,-128.68,0.59159386,420,615.1043949,663.0684244,-10.74924183,2769.202986,2880.740257
48.46,-128.68,0.59159386,418,615.1043949,663.0684244,-10.74924183,2769.202986,2880.740257
48.45,-128.68,0.59159386,433,615.1043949,663.0684244,-10.74924183,2769.202986,2880.740257
48.45,-128.68,0.59159386,424,615.1043949,663.0684244,-10.74924183,2769.202986,2880.740257
48.45,-128.68,0.59159386,362,615.1043949,663.0684244,-10.74924183,2769.202986,2880.740257
48.44,-128.68,0.79336768,187,531.1576085,572.5757148,-10.74924183,2811.749163,2925.109842
48.44,-128.68,0.79336768,509,531.1576085,572.5757148,-10.74924183,2811.749163,2925.109842
48.44,-128.68,0.79336768,539,531.1576085,572.5757148,-10.74924183,2811.749163,2925.109842
48.44,-128.68,0.79336768,584,531.1576085,572.5757148,-10.74924183,2811.749163,2925.109842
48.44,-128.68,0.79336768,684,531.1576085,572.5757148,-10.74924183,2811.749163,2925.109842
48.44,-128.68,0.79336768,632,531.1576085,572.5757148,-10.74924183,2811.749163,2925.109842
48.44,-128.68,0.79336768,965,531.1576085,572.5757148,-10.74924183,2811.749163,2925.109842
48.44,-128.68,0.79336768,764,531.1576085,572.5757148,-10.74924183,2811.749163,2925.109842
48.43,-128.68,0.79336768,4907,531.1576085,572.5757148,-10.74924183,2811.749163,2925.109842
48.43,-128.68,0.79336768,3646,531.1576085,572.5757148,-10.74924183,2811.749163,2925.109842
48.43,-128.68,0.79336768,1484,531.1576085,572.5757148,-10.74924183,2811.749163,2925.109842
48.42,-128.68,0.79336768,842,531.1576085,572.5757148,0.947541118,2811.749163,2925.109842
48.42,-128.68,0.79336768,600,531.1576085,572.5757148,0.947541118,2811.749163,2925.109842
48.41,-128.68,0.79336768,529,531.1576085,572.5757148,0.947541118,2811.749163,2925.109842
48.41,-128.68,0.79336768,307,531.1576085,572.5757148,0.947541118,2811.749163,2925.109842
48.4,-128.68,0.79336768,484,531.1576085,572.5757148,0.947541118,2811.749163,2925.109842
48.4,-128.68,0.79336768,298,531.1576085,572.5757148,0.947541118,2811.749163,2925.109842
48.4,-128.68,0.79336768,311,531.1576085,572.5757148,0.947541118,2811.749163,2925.109842
48.39,-128.68,0.79336768,270,531.1576085,572.5757148,0.947541118,2811.749163,2925.109842
48.38,-128.68,0.79336768,1405,531.1576085,572.5757148,0.947541118,2811.749163,2925.109842
48.38,-128.68,0.79336768,606,531.1576085,572.5757148,0.947541118,2811.749163,2925.109842
48.42,-128.72,0.79336768,901,531.1576085,572.5757148,0.947541118,2811.749163,2925.109842
48.42,-128.71,0.79336768,757,531.1576085,572.5757148,0.947541118,2811.749163,2925.109842
48.42,-128.71,0.79336768,658,531.1576085,572.5757148,0.947541118,2811.749163,2925.109842
48.43,-128.7,0.79336768,641,531.1576085,572.5757148,-10.74924183,2811.749163,2925.109842
48.43,-128.69,0.79336768,663,531.1576085,572.5757148,-10.74924183,2811.749163,2925.109842
48.43,-128.69,0.79336768,885,531.1576085,572.5757148,-10.74924183,2811.749163,2925.109842
48.44,-128.69,0.79336768,1062,531.1576085,572.5757148,-10.74924183,2811.749163,2925.109842
48.44,-128.68,0.79336768,368,531.1576085,572.5757148,-10.74924183,2811.749163,2925.109842
48.45,-128.67,0.59159386,393,615.1043949,663.0684244,-10.74924183,2769.202986,2880.740257
48.46,-128.66,0.59159386,323,615.1043949,663.0684244,-10.74924183,2769.202986,2880.740257
48.44,-128.67,0.79336768,469,531.1576085,572.5757148,-10.74924183,2811.749163,2925.109842
48.44,-128.67,0.79336768,460,531.1576085,572.5757148,-10.74924183,2811.749163,2925.109842
48.45,-128.67,0.59159386,433,615.1043949,663.0684244,-10.74924183,2769.202986,2880.740257
48.45,-128.66,0.59159386,404,615.1043949,663.0684244,-10.74924183,2769.202986,2880.740257
48.45,-128.66,0.59159386,391,615.1043949,663.0684244,-10.74924183,2769.202986,2880.740257
48.44,-128.66,0.79336768,407,531.1576085,572.5757148,-10.74924183,2811.749163,2925.109842
48.44,-128.66,0.79336768,409,531.1576085,572.5757148,-10.74924183,2811.749163,2925.109842
48.43,-128.66,0.79336768,432,531.1576085,572.5757148,-10.74924183,2811.749163,2925.109842
48.43,-128.66,0.79336768,462,531.1576085,572.5757148,-10.74924183,2811.749163,2925.109842
48.43,-128.66,0.79336768,276,531.1576085,572.5757148,-10.74924183,2811.749163,2925.109842
48.43,-128.66,0.79336768,505,531.1576085,572.5757148,-10.74924183,2811.749163,2925.109842
48.42,-128.66,0.79336768,491,531.1576085,572.5757148,0.947541118,2811.749163,2925.109842
48.42,-128.67,0.79336768,485,531.1576085,572.5757148,0.947541118,2811.749163,2925.109842
48.41,-128.67,0.79336768,454,531.1576085,572.5757148,0.947541118,2811.749163,2925.109842
48.41,-128.67,0.79336768,248,531.1576085,572.5757148,0.947541118,2811.749163,2925.109842
48.4,-128.67,0.79336768,451,531.1576085,572.5757148,0.947541118,2811.749163,2925.109842
48.4,-128.66,0.79336768,321,531.1576085,572.5757148,0.947541118,2811.749163,2925.109842
48.4,-128.66,0.79336768,526,531.1576085,572.5757148,0.947541118,2811.749163,2925.109842
48.41,-128.65,0.79336768,414,531.1576085,572.5757148,0.947541118,2811.749163,2925.109842
48.4,-128.64,1.033847,433,465.2994327,501.5821124,0.947541118,2855.873935,2971.125675
48.4,-128.64,1.033847,486,465.2994327,501.5821124,0.947541118,2855.873935,2971.125675
48.4,-128.64,1.033847,583,465.2994327,501.5821124,0.947541118,2855.873935,2971.125675
48.49,-128.63,0.8665905,1239,508.2222764,547.851953,-10.74924183,2825.81795,2939.781576
48.49,-128.63,0.8665905,1207,508.2222764,547.851953,-10.74924183,2825.81795,2939.781576
48.49,-128.63,0.8665905,1262,508.2222764,547.851953,-10.74924183,2825.81795,2939.781576
48.49,-128.64,0.8665905,507,508.2222764,547.851953,-10.74924183,2825.81795,2939.781576
48.48,-128.64,0.8665905,508,508.2222764,547.851953,-10.74924183,2825.81795,2939.781576
48.48,-128.64,0.8665905,494,508.2222764,547.851953,-10.74924183,2825.81795,2939.781576
48.48,-128.64,0.8665905,478,508.2222764,547.851953,-10.74924183,2825.81795,2939.781576
48.48,-128.64,0.8665905,449,508.2222764,547.851953,-10.74924183,2825.81795,2939.781576
48.48,-128.64,0.8665905,535,508.2222764,547.851953,-10.74924183,2825.81795,2939.781576
48.47,-128.64,0.8665905,493,508.2222764,547.851953,-10.74924183,2825.81795,2939.781576
48.47,-128.64,0.8665905,552,508.2222764,547.851953,-10.74924183,2825.81795,2939.781576
48.47,-128.64,0.8665905,685,508.2222764,547.851953,-10.74924183,2825.81795,2939.781576
48.46,-128.64,0.8665905,962,508.2222764,547.851953,-10.74924183,2825.81795,2939.781576
48.46,-128.64,0.8665905,6555,508.2222764,547.851953,-10.74924183,2825.81795,2939.781576
48.46,-128.64,0.8665905,1294,508.2222764,547.851953,-10.74924183,2825.81795,2939.781576
48.45,-128.64,0.8665905,542,508.2222764,547.851953,-10.74924183,2825.81795,2939.781576
48.45,-128.64,0.8665905,503,508.2222764,547.851953,-10.74924183,2825.81795,2939.781576
48.45,-128.64,0.8665905,480,508.2222764,547.851953,-10.74924183,2825.81795,2939.781576
48.44,-128.64,1.033847,479,465.2994327,501.5821124,-10.74924183,2855.873935,2971.125675
48.44,-128.64,1.033847,504,465.2994327,501.5821124,-10.74924183,2855.873935,2971.125675
48.44,-128.64,1.033847,475,465.2994327,501.5821124,-10.74924183,2855.873935,2971.125675
48.44,-128.65,0.79336768,467,531.1576085,572.5757148,-10.74924183,2811.749163,2925.109842
48.44,-128.65,0.79336768,480,531.1576085,572.5757148,-10.74924183,2811.749163,2925.109842
48.43,-128.65,0.79336768,469,531.1576085,572.5757148,-10.74924183,2811.749163,2925.109842
48.43,-128.65,0.79336768,469,531.1576085,572.5757148,-10.74924183,2811.749163,2925.109842
48.43,-128.65,0.79336768,565,531.1576085,572.5757148,-10.74924183,2811.749163,2925.109842
48.43,-128.65,0.79336768,644,531.1576085,572.5757148,-10.74924183,2811.749163,2925.109842
48.42,-128.65,0.79336768,742,531.1576085,572.5757148,0.947541118,2811.749163,2925.109842
48.42,-128.65,0.79336768,712,531.1576085,572.5757148,0.947541118,2811.749163,2925.109842
48.42,-128.65,0.79336768,661,531.1576085,572.5757148,0.947541118,2811.749163,2925.109842
48.42,-128.65,0.79336768,605,531.1576085,572.5757148,0.947541118,2811.749163,2925.109842
48.41,-128.65,0.79336768,518,531.1576085,572.5757148,0.947541118,2811.749163,2925.109842
48.41,-128.66,0.79336768,566,531.1576085,572.5757148,0.947541118,2811.749163,2925.109842
48.41,-128.66,0.79336768,298,531.1576085,572.5757148,0.947541118,2811.749163,2925.109842
48.41,-128.66,0.79336768,496,531.1576085,572.5757148,0.947541118,2811.749163,2925.109842
48.43,-128.69,0.79336768,810,531.1576085,572.5757148,-10.74924183,2811.749163,2925.109842
48.43,-128.69,0.79336768,907,531.1576085,572.5757148,-10.74924183,2811.749163,2925.109842
48.43,-128.69,0.79336768,1134,531.1576085,572.5757148,-10.74924183,2811.749163,2925.109842
48.43,-128.69,0.79336768,1648,531.1576085,572.5757148,-10.74924183,2811.749163,2925.109842
48.43,-128.68,0.79336768,3092,531.1576085,572.5757148,-10.74924183,2811.749163,2925.109842
48.43,-128.68,0.79336768,4714,531.1576085,572.5757148,-10.74924183,2811.749163,2925.109842
48.43,-128.68,0.79336768,1872,531.1576085,572.5757148,-10.74924183,2811.749163,2925.109842
48.43,-128.67,0.79336768,1072,531.1576085,572.5757148,-10.74924183,2811.749163,2925.109842
48.43,-128.66,0.79336768,551,531.1576085,572.5757148,-10.74924183,2811.749163,2925.109842
48.43,-128.66,0.79336768,502,531.1576085,572.5757148,-10.74924183,2811.749163,2925.109842
48.42,-128.65,0.79336768,420,531.1576085,572.5757148,0.947541118,2811.749163,2925.109842
48.42,-128.65,0.79336768,305,531.1576085,572.5757148,0.947541118,2811.749163,2925.109842
48.42,-128.59,1.033847,401,465.2994327,501.5821124,2.668863773,2855.873935,2971.125675
48.42,-128.6,1.033847,407,465.2994327,501.5821124,2.668863773,2855.873935,2971.125675
48.42,-128.6,1.033847,429,465.2994327,501.5821124,2.668863773,2855.873935,2971.125675
48.42,-128.6,1.033847,460,465.2994327,501.5821124,2.668863773,2855.873935,2971.125675
48.42,-128.61,1.033847,463,465.2994327,501.5821124,2.668863773,2855.873935,2971.125675
48.42,-128.61,1.033847,416,465.2994327,501.5821124,2.668863773,2855.873935,2971.125675
48.42,-128.62,1.033847,432,465.2994327,501.5821124,2.668863773,2855.873935,2971.125675
48.42,-128.62,1.033847,589,465.2994327,501.5821124,2.668863773,2855.873935,2971.125675
48.42,-128.63,1.033847,458,465.2994327,501.5821124,0.947541118,2855.873935,2971.125675
48.42,-128.63,1.033847,506,465.2994327,501.5821124,0.947541118,2855.873935,2971.125675
48.42,-128.63,1.033847,461,465.2994327,501.5821124,0.947541118,2855.873935,2971.125675
48.42,-128.63,1.033847,451,465.2994327,501.5821124,0.947541118,2855.873935,2971.125675
48.42,-128.64,1.033847,450,465.2994327,501.5821124,0.947541118,2855.873935,2971.125675
48.42,-128.64,1.033847,411,465.2994327,501.5821124,0.947541118,2855.873935,2971.125675
48.42,-128.64,1.033847,354,465.2994327,501.5821124,0.947541118,2855.873935,2971.125675
48.42,-128.64,1.033847,365,465.2994327,501.5821124,0.947541118,2855.873935,2971.125675
48.42,-128.65,0.79336768,276,531.1576085,572.5757148,0.947541118,2811.749163,2925.109842
48.42,-128.65,0.79336768,656,531.1576085,572.5757148,0.947541118,2811.749163,2925.109842
48.42,-128.65,0.79336768,355,531.1576085,572.5757148,0.947541118,2811.749163,2925.109842
48.42,-128.65,0.79336768,558,531.1576085,572.5757148,0.947541118,2811.749163,2925.109842
48.42,-128.66,0.79336768,513,531.1576085,572.5757148,0.947541118,2811.749163,2925.109842
48.42,-128.66,0.79336768,484,531.1576085,572.5757148,0.947541118,2811.749163,2925.109842
48.42,-128.67,0.79336768,471,531.1576085,572.5757148,0.947541118,2811.749163,2925.109842
48.42,-128.67,0.79336768,520,531.1576085,572.5757148,0.947541118,2811.749163,2925.109842
48.42,-128.67,0.79336768,585,531.1576085,572.5757148,0.947541118,2811.749163,2925.109842
48.42,-128.68,0.79336768,309,531.1576085,572.5757148,0.947541118,2811.749163,2925.109842
48.42,-128.68,0.79336768,926,531.1576085,572.5757148,0.947541118,2811.749163,2925.109842
48.43,-128.68,0.79336768,1285,531.1576085,572.5757148,-10.74924183,2811.749163,2925.109842
48.43,-128.68,0.79336768,1677,531.1576085,572.5757148,-10.74924183,2811.749163,2925.109842
48.43,-128.68,0.79336768,1877,531.1576085,572.5757148,-10.74924183,2811.749163,2925.109842
48.43,-128.68,0.79336768,3484,531.1576085,572.5757148,-10.74924183,2811.749163,2925.109842
48.43,-128.68,0.79336768,4183,531.1576085,572.5757148,-10.74924183,2811.749163,2925.109842
48.43,-128.68,0.79336768,979,531.1576085,572.5757148,-10.74924183,2811.749163,2925.109842
48.44,-128.69,0.79336768,845,531.1576085,572.5757148,-10.74924183,2811.749163,2925.109842
48.44,-128.69,0.79336768,652,531.1576085,572.5757148,-10.74924183,2811.749163,2925.109842
48.44,-128.69,0.79336768,588,531.1576085,572.5757148,-10.74924183,2811.749163,2925.109842
48.44,-128.7,0.79336768,584,531.1576085,572.5757148,-10.74924183,2811.749163,2925.109842
48.44,-128.7,0.79336768,629,531.1576085,572.5757148,-10.74924183,2811.749163,2925.109842
48.44,-128.7,0.79336768,699,531.1576085,572.5757148,-10.74924183,2811.749163,2925.109842
48.44,-128.71,0.79336768,819,531.1576085,572.5757148,-10.74924183,2811.749163,2925.109842
48.44,-128.71,0.79336768,1037,531.1576085,572.5757148,-10.74924183,2811.749163,2925.109842
48.44,-128.71,0.79336768,999,531.1576085,572.5757148,-10.74924183,2811.749163,2925.109842
48.44,-128.72,0.79336768,934,531.1576085,572.5757148,-10.74924183,2811.749163,2925.109842
48.45,-128.71,0.59159386,882,615.1043949,663.0684244,-10.74924183,2769.202986,2880.740257
48.45,-128.71,0.59159386,1001,615.1043949,663.0684244,-10.74924183,2769.202986,2880.740257
48.45,-128.71,0.59159386,1113,615.1043949,663.0684244,-10.74924183,2769.202986,2880.740257
48.45,-128.71,0.59159386,1716,615.1043949,663.0684244,-10.74924183,2769.202986,2880.740257
48.46,-128.71,0.59159386,5393,615.1043949,663.0684244,-10.74924183,2769.202986,2880.740257
48.46,-128.71,0.59159386,1866,615.1043949,663.0684244,-10.74924183,2769.202986,2880.740257
48.46,-128.71,0.59159386,1292,615.1043949,663.0684244,-10.74924183,2769.202986,2880.740257
48.47,-128.71,0.59159386,1477,615.1043949,663.0684244,-10.74924183,2769.202986,2880.740257
48.47,-128.7,0.59159386,1708,615.1043949,663.0684244,-10.74924183,2769.202986,2880.740257
48.47,-128.7,0.59159386,1293,615.1043949,663.0684244,-10.74924183,2769.202986,2880.740257
48.48,-128.7,0.59159386,1088,615.1043949,663.0684244,-10.74924183,2769.202986,2880.740257
48.47,-128.66,0.59159386,160,615.1043949,663.0684244,-10.74924183,2769.202986,2880.740257
48.47,-128.66,0.59159386,371,615.1043949,663.0684244,-10.74924183,2769.202986,2880.740257
48.47,-128.66,0.59159386,379,615.1043949,663.0684244,-10.74924183,2769.202986,2880.740257
48.46,-128.65,0.59159386,443,615.1043949,663.0684244,-10.74924183,2769.202986,2880.740257
48.46,-128.65,0.59159386,519,615.1043949,663.0684244,-10.74924183,2769.202986,2880.740257
48.46,-128.65,0.59159386,697,615.1043949,663.0684244,-10.74924183,2769.202986,2880.740257
48.46,-128.64,0.8665905,1127,508.2222764,547.851953,-10.74924183,2825.81795,2939.781576
48.46,-128.64,0.8665905,2489,508.2222764,547.851953,-10.74924183,2825.81795,2939.781576
48.46,-128.64,0.8665905,2421,508.2222764,547.851953,-10.74924183,2825.81795,2939.781576
48.46,-128.63,0.8665905,402,508.2222764,547.851953,-10.74924183,2825.81795,2939.781576
48.46,-128.63,0.8665905,371,508.2222764,547.851953,-10.74924183,2825.81795,2939.781576
48.46,-128.62,0.8665905,421,508.2222764,547.851953,8.065933228,2825.81795,2939.781576
48.46,-128.62,0.8665905,472,508.2222764,547.851953,8.065933228,2825.81795,2939.781576
48.46,-128.62,0.8665905,653,508.2222764,547.851953,8.065933228,2825.81795,2939.781576
48.46,-128.61,0.8665905,1444,508.2222764,547.851953,8.065933228,2825.81795,2939.781576
48.46,-128.61,0.8665905,1460,508.2222764,547.851953,8.065933228,2825.81795,2939.781576
48.45,-128.61,0.8665905,541,508.2222764,547.851953,8.065933228,2825.81795,2939.781576
48.45,-128.6,0.8665905,433,508.2222764,547.851953,8.065933228,2825.81795,2939.781576
48.45,-128.6,0.8665905,417,508.2222764,547.851953,8.065933228,2825.81795,2939.781576
48.45,-128.59,0.8665905,460,508.2222764,547.851953,8.065933228,2825.81795,2939.781576
48.45,-128.59,0.8665905,433,508.2222764,547.851953,8.065933228,2825.81795,2939.781576
48.46,-128.63,0.8665905,536,508.2222764,547.851953,-10.74924183,2825.81795,2939.781576
48.46,-128.63,0.8665905,617,508.2222764,547.851953,-10.74924183,2825.81795,2939.781576
48.46,-128.63,0.8665905,1162,508.2222764,547.851953,-10.74924183,2825.81795,2939.781576
48.46,-128.63,0.8665905,817,508.2222764,547.851953,-10.74924183,2825.81795,2939.781576
48.46,-128.64,0.8665905,860,508.2222764,547.851953,-10.74924183,2825.81795,2939.781576
48.46,-128.64,0.8665905,706,508.2222764,547.851953,-10.74924183,2825.81795,2939.781576
48.46,-128.64,0.8665905,806,508.2222764,547.851953,-10.74924183,2825.81795,2939.781576
48.46,-128.64,0.8665905,650,508.2222764,547.851953,-10.74924183,2825.81795,2939.781576
48.46,-128.65,0.59159386,476,615.1043949,663.0684244,-10.74924183,2769.202986,2880.740257
48.46,-128.66,0.59159386,323,615.1043949,663.0684244,-10.74924183,2769.202986,2880.740257
48.46,-128.66,0.59159386,282,615.1043949,663.0684244,-10.74924183,2769.202986,2880.740257
48.46,-128.67,0.59159386,295,615.1043949,663.0684244,-10.74924183,2769.202986,2880.740257
48.46,-128.67,0.59159386,323,615.1043949,663.0684244,-10.74924183,2769.202986,2880.740257
48.46,-128.68,0.59159386,338,615.1043949,663.0684244,-10.74924183,2769.202986,2880.740257
48.46,-128.68,0.59159386,373,615.1043949,663.0684244,-10.74924183,2769.202986,2880.740257
48.46,-128.69,0.59159386,405,615.1043949,663.0684244,-10.74924183,2769.202986,2880.740257
48.46,-128.7,0.59159386,496,615.1043949,663.0684244,-10.74924183,2769.202986,2880.740257
48.46,-128.7,0.59159386,1247,615.1043949,663.0684244,-10.74924183,2769.202986,2880.740257
48.46,-128.71,0.59159386,113,615.1043949,663.0684244,-10.74924183,2769.202986,2880.740257
48.46,-128.71,0.59159386,2440,615.1043949,663.0684244,-10.74924183,2769.202986,2880.740257
48.46,-128.71,0.59159386,6280,615.1043949,663.0684244,-10.74924183,2769.202986,2880.740257
48.46,-128.71,0.59159386,3479,615.1043949,663.0684244,-10.74924183,2769.202986,2880.740257
48.46,-128.71,0.59159386,39,615.1043949,663.0684244,-10.74924183,2769.202986,2880.740257
48.46,-128.71,0.59159386,7932,615.1043949,663.0684244,-10.74924183,2769.202986,2880.740257
48.46,-128.71,0.59159386,2282,615.1043949,663.0684244,-10.74924183,2769.202986,2880.740257
48.46,-128.72,0.59159386,1228,615.1043949,663.0684244,-10.74924183,2769.202986,2880.740257
48.46,-128.72,0.59159386,1209,615.1043949,663.0684244,-10.74924183,2769.202986,2880.740257
48.46,-128.72,0.59159386,1318,615.1043949,663.0684244,-10.74924183,2769.202986,2880.740257
48.46,-128.72,0.59159386,1033,615.1043949,663.0684244,-10.74924183,2769.202986,2880.740257
48.46,-128.72,0.59159386,1155,615.1043949,663.0684244,-10.74924183,2769.202986,2880.740257
48.46,-128.72,0.59159386,1306,615.1043949,663.0684244,-10.74924183,2769.202986,2880.740257
48.46,-128.71,0.59159386,1538,615.1043949,663.0684244,-10.74924183,2769.202986,2880.740257
48.46,-128.71,0.59159386,6788,615.1043949,663.0684244,-10.74924183,2769.202986,2880.740257
48.46,-128.71,0.59159386,2142,615.1043949,663.0684244,-10.74924183,2769.202986,2880.740257
48.46,-128.71,0.59159386,1643,615.1043949,663.0684244,-10.74924183,2769.202986,2880.740257
48.46,-128.7,0.59159386,1029,615.1043949,663.0684244,-10.74924183,2769.202986,2880.740257
48.46,-128.71,0.59159386,1300,615.1043949,663.0684244,-10.74924183,2769.202986,2880.740257
48.46,-128.71,0.59159386,4818,615.1043949,663.0684244,-10.74924183,2769.202986,2880.740257
48.46,-128.71,0.59159386,7599,615.1043949,663.0684244,-10.74924183,2769.202986,2880.740257
48.46,-128.71,0.59159386,4106,615.1043949,663.0684244,-10.74924183,2769.202986,2880.740257
48.46,-128.71,0.59159386,1505,615.1043949,663.0684244,-10.74924183,2769.202986,2880.740257
48.46,-128.72,0.59159386,1240,615.1043949,663.0684244,-10.74924183,2769.202986,2880.740257
48.46,-128.71,0.59159386,1484,615.1043949,663.0684244,-10.74924183,2769.202986,2880.740257
48.46,-128.71,0.59159386,1916,615.1043949,663.0684244,-10.74924183,2769.202986,2880.740257
48.46,-128.71,0.59159386,4434,615.1043949,663.0684244,-10.74924183,2769.202986,2880.740257
48.46,-128.71,0.59159386,5963,615.1043949,663.0684244,-10.74924183,2769.202986,2880.740257
48.46,-128.71,0.59159386,2371,615.1043949,663.0684244,-10.74924183,2769.202986,2880.740257
48.46,-128.71,0.59159386,1615,615.1043949,663.0684244,-10.74924183,2769.202986,2880.740257
48.46,-128.68,0.59159386,347.77,615.1043949,663.0684244,-10.74924183,2769.202986,2880.740257
48.46,-128.62,0.8665905,457.55,508.2222764,547.851953,8.065933228,2825.81795,2939.781576
48.46,-128.61,0.8665905,1358.82,508.2222764,547.851953,8.065933228,2825.81795,2939.781576
48.46,-128.58,0.8665905,395.96,508.2222764,547.851953,8.065933228,2825.81795,2939.781576
48.46,-128.58,0.8665905,155.03,508.2222764,547.851953,8.065933228,2825.81795,2939.781576
48.46,-128.57,0.8665905,333.11,508.2222764,547.851953,8.065933228,2825.81795,2939.781576
48.46,-128.55,0.8665905,145.39,508.2222764,547.851953,8.065933228,2825.81795,2939.781576
48.46,-128.55,0.8665905,155.03,508.2222764,547.851953,8.065933228,2825.81795,2939.781576
48.46,-128.54,1.1157724,133.66,447.8915322,482.8167951,8.065933228,2869.705449,2985.549968
48.46,-128.53,1.1157724,232.96,447.8915322,482.8167951,8.065933228,2869.705449,2985.549968
48.46,-128.67,0.59159386,169.7,615.1043949,663.0684244,-10.74924183,2769.202986,2880.740257
48.46,-128.51,1.1157724,173.47,447.8915322,482.8167951,8.065933228,2869.705449,2985.549968
48.46,-128.5,1.1157724,334.36,447.8915322,482.8167951,-4.410299301,2869.705449,2985.549968
48.46,-128.49,1.1157724,389.25,447.8915322,482.8167951,-4.410299301,2869.705449,2985.549968
48.46,-128.49,1.1157724,136.59,447.8915322,482.8167951,-4.410299301,2869.705449,2985.549968
48.46,-128.48,1.1157724,144.56,447.8915322,482.8167951,-4.410299301,2869.705449,2985.549968
48.46,-128.48,1.1157724,154.19,447.8915322,482.8167951,-4.410299301,2869.705449,2985.549968
48.46,-128.47,1.1157724,183.94,447.8915322,482.8167951,-4.410299301,2869.705449,2985.549968
48.47,-128.47,1.1157724,183.94,447.8915322,482.8167951,-4.410299301,2869.705449,2985.549968
48.46,-128.66,0.59159386,185.2,615.1043949,663.0684244,-10.74924183,2769.202986,2880.740257
48.47,-128.46,1.1157724,338.13,447.8915322,482.8167951,-4.410299301,2869.705449,2985.549968
48.46,-128.66,0.59159386,376.68,615.1043949,663.0684244,-10.74924183,2769.202986,2880.740257
48.46,-128.65,0.59159386,229.19,615.1043949,663.0684244,-10.74924183,2769.202986,2880.740257
48.46,-128.65,0.59159386,526.26,615.1043949,663.0684244,-10.74924183,2769.202986,2880.740257
48.46,-128.64,0.8665905,511.6,508.2222764,547.851953,-10.74924183,2825.81795,2939.781576
48.46,-128.63,0.8665905,209.08,508.2222764,547.851953,-10.74924183,2825.81795,2939.781576
48.46,-128.63,0.8665905,303.36,508.2222764,547.851953,-10.74924183,2825.81795,2939.781576
48.02,-129.2,0.28132188,25,891.9877775,961.542358,2.136907578,2685.639248,2793.595215
48.02,-129.2,0.28132188,204,891.9877775,961.542358,2.136907578,2685.639248,2793.595215
48.02,-129.2,0.28132188,202,891.9877775,961.542358,2.136907578,2685.639248,2793.595215
48.02,-129.2,0.28132188,348,891.9877775,961.542358,2.136907578,2685.639248,2793.595215
48.02,-129.2,0.28132188,355,891.9877775,961.542358,2.136907578,2685.639248,2793.595215
48.01,-129.16,0.28132188,335,891.9877775,961.542358,2.136907578,2685.639248,2793.595215
48.01,-129.16,0.28132188,383,891.9877775,961.542358,2.136907578,2685.639248,2793.595215
48.01,-129.16,0.28132188,1675,891.9877775,961.542358,2.136907578,2685.639248,2793.595215
48,-129.15,0.28132188,302,891.9877775,961.542358,2.136907578,2685.639248,2793.595215
48,-129.15,0.28132188,354,891.9877775,961.542358,2.136907578,2685.639248,2793.595215
48,-129.15,0.28132188,314,891.9877775,961.542358,2.136907578,2685.639248,2793.595215
48,-129.15,0.28132188,177,891.9877775,961.542358,2.136907578,2685.639248,2793.595215
48,-129.15,0.28132188,115,891.9877775,961.542358,2.136907578,2685.639248,2793.595215
48,-129.15,0.28132188,225,891.9877775,961.542358,2.136907578,2685.639248,2793.595215
47.99,-129.26,0.55420947,252,635.5119009,685.0672477,-1.18818295,2760.558362,2871.725149
47.99,-129.26,0.55420947,797,635.5119009,685.0672477,-1.18818295,2760.558362,2871.725149
47.99,-129.26,0.55420947,363,635.5119009,685.0672477,-1.18818295,2760.558362,2871.725149
47.99,-129.26,0.55420947,239,635.5119009,685.0672477,-1.18818295,2760.558362,2871.725149
48,-129.3,0.55420947,270,635.5119009,685.0672477,-1.18818295,2760.558362,2871.725149
48,-129.3,0.55420947,442,635.5119009,685.0672477,-1.18818295,2760.558362,2871.725149
48,-129.3,0.55420947,516,635.5119009,685.0672477,-1.18818295,2760.558362,2871.725149
48.05,-129.38,0.81750041,179,523.2589548,564.0611474,-4.333324432,2816.455052,2930.017412
48.05,-129.38,0.81750041,337,523.2589548,564.0611474,-4.333324432,2816.455052,2930.017412
48.01,-129.16,0.28132188,705,891.9877775,961.542358,2.136907578,2685.639248,2793.595215
47.95,-129.1,0.02951305,1789.8,2753.934535,2968.678241,4.241880417,2560.127769,2662.704674
47.95,-129.1,0.02951305,42.4,2753.934535,2968.678241,4.241880417,2560.127769,2662.704674
47.95,-129.1,0.02951305,53,2753.934535,2968.678241,4.241880417,2560.127769,2662.704674
47.95,-129.1,0.02951305,95.3,2753.934535,2968.678241,4.241880417,2560.127769,2662.704674
47.95,-129.1,0.02951305,275.4,2753.934535,2968.678241,4.241880417,2560.127769,2662.704674
47.95,-129.1,0.02951305,16244.8,2753.934535,2968.678241,4.241880417,2560.127769,2662.704674
47.95,-129.1,0.02951305,262.1,2753.934535,2968.678241,4.241880417,2560.127769,2662.704674
47.95,-129.1,0.02951305,217.1,2753.934535,2968.678241,4.241880417,2560.127769,2662.704674
47.95,-129.09,0.02951305,264.8,2753.934535,2968.678241,-1.580559015,2560.127769,2662.704674
47.95,-129.1,0.02951305,211.8,2753.934535,2968.678241,4.241880417,2560.127769,2662.704674
47.95,-129.09,0.02951305,206.5,2753.934535,2968.678241,-1.580559015,2560.127769,2662.704674
47.95,-129.1,0.02951305,502,2753.934535,2968.678241,4.241880417,2560.127769,2662.704674
47.95,-129.1,0.02951305,95.3,2753.934535,2968.678241,4.241880417,2560.127769,2662.704674
47.95,-129.09,0.02951305,57.2,2753.934535,2968.678241,-1.580559015,2560.127769,2662.704674
47.95,-129.09,0.02951305,-38.1,2753.934535,2968.678241,-1.580559015,2560.127769,2662.704674
47.95,-129.1,0.02951305,-6.4,2753.934535,2968.678241,4.241880417,2560.127769,2662.704674
47.95,-129.08,0.02951305,688.4,2753.934535,2968.678241,-1.580559015,2560.127769,2662.704674
47.95,-129.1,0.02951305,-31.8,2753.934535,2968.678241,4.241880417,2560.127769,2662.704674
47.95,-129.1,0.02951305,1563.2,2753.934535,2968.678241,4.241880417,2560.127769,2662.704674
47.95,-129.1,0.02951305,-42.4,2753.934535,2968.678241,4.241880417,2560.127769,2662.704674
47.95,-129.1,0.02951305,180,2753.934535,2968.678241,4.241880417,2560.127769,2662.704674
47.95,-129.1,0.02951305,145.1,2753.934535,2968.678241,4.241880417,2560.127769,2662.704674
47.95,-129.1,0.02951305,116.5,2753.934535,2968.678241,4.241880417,2560.127769,2662.704674
47.95,-129.09,0.02951305,116.5,2753.934535,2968.678241,-1.580559015,2560.127769,2662.704674
47.95,-129.09,0.02951305,-63.5,2753.934535,2968.678241,-1.580559015,2560.127769,2662.704674
47.95,-129.1,0.02951305,195.9,2753.934535,2968.678241,4.241880417,2560.127769,2662.704674
47.95,-129.1,0.02951305,95.3,2753.934535,2968.678241,4.241880417,2560.127769,2662.704674
47.95,-129.1,0.02951305,995.5,2753.934535,2968.678241,4.241880417,2560.127769,2662.704674
47.95,-129.1,0.02951305,243.6,2753.934535,2968.678241,4.241880417,2560.127769,2662.704674
47.95,-129.1,0.02951305,6576.7,2753.934535,2968.678241,4.241880417,2560.127769,2662.704674
47.95,-129.1,0.02951305,95.3,2753.934535,2968.678241,4.241880417,2560.127769,2662.704674
47.95,-129.09,0.02951305,-169.4,2753.934535,2968.678241,-1.580559015,2560.127769,2662.704674
47.95,-129.09,0.02951305,201.2,2753.934535,2968.678241,-1.580559015,2560.127769,2662.704674
47.95,-129.1,0.02951305,699,2753.934535,2968.678241,4.241880417,2560.127769,2662.704674
47.95,-129.1,0.02951305,243.6,2753.934535,2968.678241,4.241880417,2560.127769,2662.704674
47.95,-129.1,0.02951305,148.3,2753.934535,2968.678241,4.241880417,2560.127769,2662.704674
47.95,-129.1,0.02951305,5422.4,2753.934535,2968.678241,4.241880417,2560.127769,2662.704674
47.95,-129.1,0.02951305,116.5,2753.934535,2968.678241,4.241880417,2560.127769,2662.704674
47.95,-129.09,0.02951305,-10.6,2753.934535,2968.678241,-1.580559015,2560.127769,2662.704674
47.95,-129.09,0.02951305,-182.2,2753.934535,2968.678241,-1.580559015,2560.127769,2662.704674
47.95,-129.1,0.02951305,10.6,2753.934535,2968.678241,4.241880417,2560.127769,2662.704674
47.95,-129.1,0.02951305,-53,2753.934535,2968.678241,4.241880417,2560.127769,2662.704674
47.9,-127.2,4.359262,161,226.597009,244.2663766,-11.43339062,3230.759601,3362.07787
47.9,-127.65,3.1907601,304,264.8582972,285.5111674,3.032176971,3125.19446,3251.988508
47.99,-129.45,0.81750041,89,523.2589548,564.0611474,-10.64793491,2816.455052,2930.017412
47.99,-129.45,0.81750041,89,523.2589548,564.0611474,-10.64793491,2816.455052,2930.017412
47.99,-129.45,0.81750041,89,523.2589548,564.0611474,-10.64793491,2816.455052,2930.017412
47.92,-128.8,0.66285837,75,581.0992123,626.4116178,-10.49689579,2784.956401,2897.168818
47.91,-128.75,0.66285837,129,581.0992123,626.4116178,-10.49689579,2784.956401,2897.168818
47.89,-128.65,0.91232389,434,495.3203091,533.9439284,-8.577288628,2834.304766,2948.632113
47.77,-127.77,3.1612465,298,266.091792,286.8408464,-0.975069642,3122.296309,3248.966151
47.77,-127.77,3.1612465,382,266.091792,286.8408464,-0.975069642,3122.296309,3248.966151
47.76,-127.74,3.3711357,109,257.6751524,277.7679021,-0.975069642,3142.622847,3270.163826
47.86,-128.51,1.414219,464,397.8343928,428.8563473,-5.80466938,2916.22329,3034.061431
47.84,-128.38,1.6586365,350,367.3542341,395.9994356,-5.461304665,2950.758218,3070.076428
47.89,-128.58,1.1679138,889,437.7793418,471.9160858,-5.80466938,2878.245212,2994.455721
47.79,-128.13,2.4378891,296,303.0077149,326.6353643,-1.540216565,3046.480937,3169.901549
48.43,-128.68,0.79336768,1160,531.1576085,572.5757148,-10.74924183,2811.749163,2925.109842
48.43,-128.68,0.79336768,1968,531.1576085,572.5757148,-10.74924183,2811.749163,2925.109842
48.46,-128.71,0.59159386,4268,615.1043949,663.0684244,-10.74924183,2769.202986,2880.740257
48.44,-128.6,1.033847,418,465.2994327,501.5821124,8.065933228,2855.873935,2971.125675
48.44,-128.7,0.79336768,748,531.1576085,572.5757148,-10.74924183,2811.749163,2925.109842
48.44,-128.7,0.79336768,2061,531.1576085,572.5757148,-10.74924183,2811.749163,2925.109842
48.44,-128.7,0.79336768,746,531.1576085,572.5757148,-10.74924183,2811.749163,2925.109842
48.44,-128.7,0.79336768,879,531.1576085,572.5757148,-10.74924183,2811.749163,2925.109842
48.46,-128.7,0.59159386,1866,615.1043949,663.0684244,-10.74924183,2769.202986,2880.740257
48.46,-128.7,0.59159386,13161,615.1043949,663.0684244,-10.74924183,2769.202986,2880.740257
48.46,-128.7,0.59159386,4104,615.1043949,663.0684244,-10.74924183,2769.202986,2880.740257
48.17,-126.7,5.5965943,120,199.9856095,215.5798985,-42.68918228,3327.999276,3463.48496
48.7,-126.9,5.5437579,75,200.9363601,216.6047859,-27.44796753,3324.081515,3459.399294
48.66,-126.9,5.5437579,26,200.9363601,216.6047859,-27.44796753,3324.081515,3459.399294
47.95,-129.1,0.02951305,26,2753.934535,2968.678241,4.241880417,2560.127769,2662.704674
47.95,-129.08,0.02951305,438,2753.934535,2968.678241,-1.580559015,2560.127769,2662.704674
47.95,-129.1,0.02951305,1986,2753.934535,2968.678241,4.241880417,2560.127769,2662.704674
47.95,-129.1,0.02951305,198,2753.934535,2968.678241,4.241880417,2560.127769,2662.704674
47.95,-129.1,0.02951305,17,2753.934535,2968.678241,4.241880417,2560.127769,2662.704674
47.95,-129.09,0.02951305,66,2753.934535,2968.678241,-1.580559015,2560.127769,2662.704674
47.95,-129.1,0.02951305,6102,2753.934535,2968.678241,4.241880417,2560.127769,2662.704674
47.95,-129.1,0.02951305,646,2753.934535,2968.678241,4.241880417,2560.127769,2662.704674
47.95,-129.1,0.02951305,28,2753.934535,2968.678241,4.241880417,2560.127769,2662.704674
47.95,-129.1,0.02951305,235,2753.934535,2968.678241,4.241880417,2560.127769,2662.704674
47.95,-129.1,0.02951305,2431,2753.934535,2968.678241,4.241880417,2560.127769,2662.704674
47.95,-129.1,0.02951305,174,2753.934535,2968.678241,4.241880417,2560.127769,2662.704674
47.95,-129.1,0.02951305,13216,2753.934535,2968.678241,4.241880417,2560.127769,2662.704674
47.95,-129.1,0.02951305,11398,2753.934535,2968.678241,4.241880417,2560.127769,2662.704674
47.95,-129.1,0.02951305,39,2753.934535,2968.678241,4.241880417,2560.127769,2662.704674
47.95,-129.09,0.02951305,101,2753.934535,2968.678241,-1.580559015,2560.127769,2662.704674
47.95,-129.09,0.02951305,167,2753.934535,2968.678241,-1.580559015,2560.127769,2662.704674
47.95,-129.1,0.02951305,155,2753.934535,2968.678241,4.241880417,2560.127769,2662.704674
47.96,-129.1,0.02951305,1471,2753.934535,2968.678241,2.136907578,2560.127769,2662.704674
47.96,-129.1,0.02951305,131,2753.934535,2968.678241,2.136907578,2560.127769,2662.704674
47.96,-129.1,0.02951305,77,2753.934535,2968.678241,2.136907578,2560.127769,2662.704674
47.96,-129.09,0.02951305,39,2753.934535,2968.678241,6.714704514,2560.127769,2662.704674
47.96,-129.09,0.02951305,33,2753.934535,2968.678241,6.714704514,2560.127769,2662.704674
47.95,-129.09,0.02951305,198,2753.934535,2968.678241,-1.580559015,2560.127769,2662.704674
47.95,-129.1,0.02951305,1703,2753.934535,2968.678241,4.241880417,2560.127769,2662.704674
47.96,-129.09,0.02951305,10061,2753.934535,2968.678241,6.714704514,2560.127769,2662.704674
47.96,-129.1,0.02951305,72,2753.934535,2968.678241,2.136907578,2560.127769,2662.704674
47.96,-129.1,0.02951305,137,2753.934535,2968.678241,2.136907578,2560.127769,2662.704674
47.96,-129.1,0.02951305,12967,2753.934535,2968.678241,2.136907578,2560.127769,2662.704674
47.96,-129.09,0.02951305,3894,2753.934535,2968.678241,6.714704514,2560.127769,2662.704674
47.96,-129.09,0.02951305,66,2753.934535,2968.678241,6.714704514,2560.127769,2662.704674
47.96,-129.09,0.02951305,22,2753.934535,2968.678241,6.714704514,2560.127769,2662.704674
47.95,-129.09,0.02951305,904,2753.934535,2968.678241,-1.580559015,2560.127769,2662.704674
47.95,-129.09,0.02951305,2083,2753.934535,2968.678241,-1.580559015,2560.127769,2662.704674
47.96,-129.1,0.02951305,217,2753.934535,2968.678241,2.136907578,2560.127769,2662.704674
47.96,-129.1,0.02951305,14417,2753.934535,2968.678241,2.136907578,2560.127769,2662.704674
47.96,-129.1,0.02951305,55,2753.934535,2968.678241,2.136907578,2560.127769,2662.704674
47.96,-129.09,0.02951305,6,2753.934535,2968.678241,6.714704514,2560.127769,2662.704674
47.95,-129.1,0.02951305,28,2753.934535,2968.678241,4.241880417,2560.127769,2662.704674
47.95,-129.1,0.02951305,89,2753.934535,2968.678241,4.241880417,2560.127769,2662.704674
47.95,-129.09,0.02951305,490,2753.934535,2968.678241,-1.580559015,2560.127769,2662.704674
47.95,-129.09,0.02951305,5629,2753.934535,2968.678241,-1.580559015,2560.127769,2662.704674
47.95,-129.09,0.02951305,149,2753.934535,2968.678241,-1.580559015,2560.127769,2662.704674
47.95,-129.09,0.02951305,66,2753.934535,2968.678241,-1.580559015,2560.127769,2662.704674
47.96,-129.1,0.02951305,7765,2753.934535,2968.678241,2.136907578,2560.127769,2662.704674
47.95,-129.1,0.02951305,242,2753.934535,2968.678241,4.241880417,2560.127769,2662.704674
47.95,-129.09,0.02951305,-6,2753.934535,2968.678241,-1.580559015,2560.127769,2662.704674
47.95,-129.09,0.02951305,4841,2753.934535,2968.678241,-1.580559015,2560.127769,2662.704674
47.96,-129.09,0.02951305,137,2753.934535,2968.678241,6.714704514,2560.127769,2662.704674
47.96,-129.1,0.02951305,4797,2753.934535,2968.678241,2.136907578,2560.127769,2662.704674
47.96,-129.09,0.02951305,6,2753.934535,2968.678241,6.714704514,2560.127769,2662.704674
47.95,-129.09,0.02951305,10882,2753.934535,2968.678241,-1.580559015,2560.127769,2662.704674
47.95,-129.09,0.02951305,137,2753.934535,2968.678241,-1.580559015,2560.127769,2662.704674
47.95,-129.09,0.02951305,17,2753.934535,2968.678241,-1.580559015,2560.127769,2662.704674
47.95,-129.1,0.02951305,161,2753.934535,2968.678241,4.241880417,2560.127769,2662.704674
47.95,-129.09,0.02951305,425,2753.934535,2968.678241,-1.580559015,2560.127769,2662.704674
47.95,-129.09,0.02951305,745,2753.934535,2968.678241,-1.580559015,2560.127769,2662.704674
47.95,-129.09,0.02951305,2718,2753.934535,2968.678241,-1.580559015,2560.127769,2662.704674
47.95,-129.1,0.02951305,125,2753.934535,2968.678241,4.241880417,2560.127769,2662.704674
47.95,-129.1,0.02951305,61,2753.934535,2968.678241,4.241880417,2560.127769,2662.704674
47.95,-129.1,0.02951305,61,2753.934535,2968.678241,4.241880417,2560.127769,2662.704674
47.95,-129.09,0.02951305,432,2753.934535,2968.678241,-1.580559015,2560.127769,2662.704674
47.95,-129.09,0.02951305,542,2753.934535,2968.678241,-1.580559015,2560.127769,2662.704674
47.95,-129.09,0.02951305,2000,2753.934535,2968.678241,-1.580559015,2560.127769,2662.704674
47.95,-129.09,0.02951305,33,2753.934535,2968.678241,-1.580559015,2560.127769,2662.704674
47.96,-129.09,0.02951305,393,2753.934535,2968.678241,6.714704514,2560.127769,2662.704674
47.95,-129.09,0.02951305,2543,2753.934535,2968.678241,-1.580559015,2560.127769,2662.704674
47.95,-129.1,0.02951305,66,2753.934535,2968.678241,4.241880417,2560.127769,2662.704674
47.95,-129.09,0.02951305,167,2753.934535,2968.678241,-1.580559015,2560.127769,2662.704674
47.96,-129.1,0.02951305,101,2753.934535,2968.678241,2.136907578,2560.127769,2662.704674
47.96,-129.1,0.02951305,1944,2753.934535,2968.678241,2.136907578,2560.127769,2662.704674
47.96,-129.1,0.02951305,745,2753.934535,2968.678241,2.136907578,2560.127769,2662.704674
47.96,-129.09,0.02951305,712,2753.934535,2968.678241,6.714704514,2560.127769,2662.704674
47.96,-129.09,0.02951305,39,2753.934535,2968.678241,6.714704514,2560.127769,2662.704674
47.96,-129.09,0.02951305,33,2753.934535,2968.678241,6.714704514,2560.127769,2662.704674
47.95,-129.1,0.02951305,304,2753.934535,2968.678241,4.241880417,2560.127769,2662.704674
47.95,-129.1,0.02951305,666,2753.934535,2968.678241,4.241880417,2560.127769,2662.704674
47.95,-129.09,0.02951305,1745,2753.934535,2968.678241,-1.580559015,2560.127769,2662.704674
47.95,-129.09,0.02951305,4173,2753.934535,2968.678241,-1.580559015,2560.127769,2662.704674
47.95,-129.09,0.02951305,33,2753.934535,2968.678241,-1.580559015,2560.127769,2662.704674
47.95,-129.09,0.02951305,17,2753.934535,2968.678241,-1.580559015,2560.127769,2662.704674
47.96,-129.1,0.02951305,904,2753.934535,2968.678241,2.136907578,2560.127769,2662.704674
47.95,-129.1,0.02951305,77,2753.934535,2968.678241,4.241880417,2560.127769,2662.704674
47.96,-129.1,0.02951305,2922,2753.934535,2968.678241,2.136907578,2560.127769,2662.704674
47.96,-129.1,0.02951305,12726,2753.934535,2968.678241,2.136907578,2560.127769,2662.704674
47.95,-129.1,0.02951305,438,2753.934535,2968.678241,4.241880417,2560.127769,2662.704674
47.95,-129.09,0.02951305,167,2753.934535,2968.678241,-1.580559015,2560.127769,2662.704674
47.96,-129.09,0.02951305,22,2753.934535,2968.678241,6.714704514,2560.127769,2662.704674
47.95,-129.1,0.02951305,1334,2753.934535,2968.678241,4.241880417,2560.127769,2662.704674
47.95,-129.1,0.02951305,180,2753.934535,2968.678241,4.241880417,2560.127769,2662.704674
47.95,-129.09,0.02951305,1498,2753.934535,2968.678241,-1.580559015,2560.127769,2662.704674
47.96,-129.1,0.02951305,4223,2753.934535,2968.678241,2.136907578,2560.127769,2662.704674
47.96,-129.09,0.02951305,61,2753.934535,2968.678241,6.714704514,2560.127769,2662.704674
47.95,-129.09,0.02951305,438,2753.934535,2968.678241,-1.580559015,2560.127769,2662.704674
47.96,-129.1,0.02951305,101,2753.934535,2968.678241,2.136907578,2560.127769,2662.704674
47.96,-129.1,0.02951305,50,2753.934535,2968.678241,2.136907578,2560.127769,2662.704674
47.96,-129.09,0.02951305,125,2753.934535,2968.678241,6.714704514,2560.127769,2662.704674
47.96,-129.09,0.02951305,490,2753.934535,2968.678241,6.714704514,2560.127769,2662.704674
47.96,-129.1,0.02951305,3758,2753.934535,2968.678241,2.136907578,2560.127769,2662.704674
47.96,-129.1,0.02951305,11,2753.934535,2968.678241,2.136907578,2560.127769,2662.704674
47.96,-129.1,0.02951305,613,2753.934535,2968.678241,2.136907578,2560.127769,2662.704674
47.95,-129.1,0.02951305,3965,2753.934535,2968.678241,4.241880417,2560.127769,2662.704674
47.95,-129.09,0.02951305,11,2753.934535,2968.678241,-1.580559015,2560.127769,2662.704674
47.95,-129.09,0.02951305,39,2753.934535,2968.678241,-1.580559015,2560.127769,2662.704674
47.95,-129.09,0.02951305,1827,2753.934535,2968.678241,-1.580559015,2560.127769,2662.704674
47.95,-129.1,0.02951305,13789,2753.934535,2968.678241,4.241880417,2560.127769,2662.704674
47.95,-129.1,0.02951305,22,2753.934535,2968.678241,4.241880417,2560.127769,2662.704674
47.95,-129.1,0.02951305,1145,2753.934535,2968.678241,4.241880417,2560.127769,2662.704674
47.95,-129.09,0.02951305,12283,2753.934535,2968.678241,-1.580559015,2560.127769,2662.704674
47.95,-129.09,0.02951305,2034,2753.934535,2968.678241,-1.580559015,2560.127769,2662.704674
47.96,-129.09,0.02951305,11,2753.934535,2968.678241,6.714704514,2560.127769,2662.704674
47.95,-129.1,0.02951305,336,2753.934535,2968.678241,4.241880417,2560.127769,2662.704674
47.96,-129.1,0.02951305,66,2753.934535,2968.678241,2.136907578,2560.127769,2662.704674
47.96,-129.1,0.02951305,406,2753.934535,2968.678241,2.136907578,2560.127769,2662.704674
47.96,-129.1,0.02951305,72,2753.934535,2968.678241,2.136907578,2560.127769,2662.704674
47.96,-129.09,0.02951305,39,2753.934535,2968.678241,6.714704514,2560.127769,2662.704674
47.96,-129.09,0.02951305,77,2753.934535,2968.678241,6.714704514,2560.127769,2662.704674
47.96,-129.1,0.02951305,10083,2753.934535,2968.678241,2.136907578,2560.127769,2662.704674
47.96,-129.1,0.02951305,217,2753.934535,2968.678241,2.136907578,2560.127769,2662.704674
47.96,-129.1,0.02951305,804,2753.934535,2968.678241,2.136907578,2560.127769,2662.704674
47.96,-129.09,0.02951305,180,2753.934535,2968.678241,6.714704514,2560.127769,2662.704674
48.46,-128.71,0.59159386,8210,615.1043949,663.0684244,-10.74924183,2769.202986,2880.740257
48.46,-128.71,0.59159386,7660,615.1043949,663.0684244,-10.74924183,2769.202986,2880.740257
48.46,-128.71,0.59159386,6040,615.1043949,663.0684244,-10.74924183,2769.202986,2880.740257
48.46,-128.71,0.59159386,8840,615.1043949,663.0684244,-10.74924183,2769.202986,2880.740257
48.46,-128.71,0.59159386,2770,615.1043949,663.0684244,-10.74924183,2769.202986,2880.740257
48.46,-128.71,0.59159386,8020,615.1043949,663.0684244,-10.74924183,2769.202986,2880.740257
48.46,-128.71,0.59159386,14070,615.1043949,663.0684244,-10.74924183,2769.202986,2880.740257
48.46,-128.71,0.59159386,13540,615.1043949,663.0684244,-10.74924183,2769.202986,2880.740257
48.46,-128.71,0.59159386,1500,615.1043949,663.0684244,-10.74924183,2769.202986,2880.740257
48.46,-128.71,0.59159386,6170,615.1043949,663.0684244,-10.74924183,2769.202986,2880.740257
48.45,-128.71,0.59159386,7000,615.1043949,663.0684244,-10.74924183,2769.202986,2880.740257
48.46,-128.71,0.59159386,11780,615.1043949,663.0684244,-10.74924183,2769.202986,2880.740257
48.43,-128.68,0.79336768,2090,531.1576085,572.5757148,-10.74924183,2811.749163,2925.109842
48.43,-128.68,0.79336768,4080,531.1576085,572.5757148,-10.74924183,2811.749163,2925.109842
48.43,-128.68,0.79336768,290,531.1576085,572.5757148,-10.74924183,2811.749163,2925.109842
48.43,-128.68,0.79336768,2490,531.1576085,572.5757148,-10.74924183,2811.749163,2925.109842
48.43,-128.68,0.79336768,2390,531.1576085,572.5757148,-10.74924183,2811.749163,2925.109842
48.46,-128.71,0.59159386,6980,615.1043949,663.0684244,-10.74924183,2769.202986,2880.740257
48.46,-128.71,0.59159386,14660,615.1043949,663.0684244,-10.74924183,2769.202986,2880.740257
48.46,-128.71,0.59159386,8000,615.1043949,663.0684244,-10.74924183,2769.202986,2880.740257
48.46,-128.71,0.59159386,9410,615.1043949,663.0684244,-10.74924183,2769.202986,2880.740257
48.49,-128.71,0.59159386,10450,615.1043949,663.0684244,-10.74924183,2769.202986,2880.740257
48.46,-128.71,0.59159386,5580,615.1043949,663.0684244,-10.74924183,2769.202986,2880.740257
48.43,-128.68,0.79336768,3180,531.1576085,572.5757148,-10.74924183,2811.749163,2925.109842
48.43,-128.68,0.79336768,1520,531.1576085,572.5757148,-10.74924183,2811.749163,2925.109842
48.43,-128.68,0.79336768,2390,531.1576085,572.5757148,-10.74924183,2811.749163,2925.109842
48.46,-128.7,0.59159386,1050,615.1043949,663.0684244,-10.74924183,2769.202986,2880.740257
48.46,-128.71,0.59159386,920,615.1043949,663.0684244,-10.74924183,2769.202986,2880.740257
48.46,-128.71,0.59159386,1090,615.1043949,663.0684244,-10.74924183,2769.202986,2880.740257
48.46,-128.71,0.59159386,1370,615.1043949,663.0684244,-10.74924183,2769.202986,2880.740257
48.46,-128.71,0.59159386,1570,615.1043949,663.0684244,-10.74924183,2769.202986,2880.740257
48.46,-128.71,0.59159386,2260,615.1043949,663.0684244,-10.74924183,2769.202986,2880.740257
48.46,-128.71,0.59159386,2910,615.1043949,663.0684244,-10.74924183,2769.202986,2880.740257
48.46,-128.71,0.59159386,9310,615.1043949,663.0684244,-10.74924183,2769.202986,2880.740257
48.46,-128.71,0.59159386,7750,615.1043949,663.0684244,-10.74924183,2769.202986,2880.740257
48.46,-128.71,0.59159386,8320,615.1043949,663.0684244,-10.74924183,2769.202986,2880.740257
48.46,-128.71,0.59159386,530,615.1043949,663.0684244,-10.74924183,2769.202986,2880.740257
48.45,-128.71,0.59159386,4100,615.1043949,663.0684244,-10.74924183,2769.202986,2880.740257
48.45,-128.71,0.59159386,1420,615.1043949,663.0684244,-10.74924183,2769.202986,2880.740257
48.45,-128.71,0.59159386,1010,615.1043949,663.0684244,-10.74924183,2769.202986,2880.740257
48.45,-128.71,0.59159386,890,615.1043949,663.0684244,-10.74924183,2769.202986,2880.740257
48.45,-128.71,0.59159386,830,615.1043949,663.0684244,-10.74924183,2769.202986,2880.740257
48.45,-128.71,0.59159386,940,615.1043949,663.0684244,-10.74924183,2769.202986,2880.740257
48.45,-128.71,0.59159386,1150,615.1043949,663.0684244,-10.74924183,2769.202986,2880.740257
48.45,-128.71,0.59159386,1310,615.1043949,663.0684244,-10.74924183,2769.202986,2880.740257
48.45,-128.71,0.59159386,1910,615.1043949,663.0684244,-10.74924183,2769.202986,2880.740257
48.45,-128.71,0.59159386,3130,615.1043949,663.0684244,-10.74924183,2769.202986,2880.740257
48.46,-128.71,0.59159386,7530,615.1043949,663.0684244,-10.74924183,2769.202986,2880.740257
48.46,-128.71,0.59159386,10310,615.1043949,663.0684244,-10.74924183,2769.202986,2880.740257
48.45,-128.71,0.59159386,890,615.1043949,663.0684244,-10.74924183,2769.202986,2880.740257
48.45,-128.71,0.59159386,950,615.1043949,663.0684244,-10.74924183,2769.202986,2880.740257
48.45,-128.71,0.59159386,1050,615.1043949,663.0684244,-10.74924183,2769.202986,2880.740257
48.45,-128.71,0.59159386,1320,615.1043949,663.0684244,-10.74924183,2769.202986,2880.740257
48.45,-128.71,0.59159386,4310,615.1043949,663.0684244,-10.74924183,2769.202986,2880.740257
48.46,-128.71,0.59159386,12950,615.1043949,663.0684244,-10.74924183,2769.202986,2880.740257
48.46,-128.71,0.59159386,8750,615.1043949,663.0684244,-10.74924183,2769.202986,2880.740257
48.46,-128.71,0.59159386,3800,615.1043949,663.0684244,-10.74924183,2769.202986,2880.740257
48.46,-128.71,0.59159386,4240,615.1043949,663.0684244,-10.74924183,2769.202986,2880.740257
48.46,-128.71,0.59159386,2770,615.1043949,663.0684244,-10.74924183,2769.202986,2880.740257
48.46,-128.71,0.59159386,1630,615.1043949,663.0684244,-10.74924183,2769.202986,2880.740257
48.46,-128.71,0.59159386,1620,615.1043949,663.0684244,-10.74924183,2769.202986,2880.740257
48.46,-128.7,0.59159386,1080,615.1043949,663.0684244,-10.74924183,2769.202986,2880.740257
48.46,-128.7,0.59159386,1030,615.1043949,663.0684244,-10.74924183,2769.202986,2880.740257
48.46,-128.7,0.59159386,1020,615.1043949,663.0684244,-10.74924183,2769.202986,2880.740257
48.45,-128.72,0.59159386,840,615.1043949,663.0684244,-10.74924183,2769.202986,2880.740257
48.45,-128.71,0.59159386,930,615.1043949,663.0684244,-10.74924183,2769.202986,2880.740257
48.46,-128.71,0.59159386,1530,615.1043949,663.0684244,-10.74924183,2769.202986,2880.740257
48.46,-128.71,0.59159386,1230,615.1043949,663.0684244,-10.74924183,2769.202986,2880.740257
48.45,-128.71,0.59159386,1390,615.1043949,663.0684244,-10.74924183,2769.202986,2880.740257
48.46,-128.71,0.59159386,1310,615.1043949,663.0684244,-10.74924183,2769.202986,2880.740257
48.45,-128.71,0.59159386,2520,615.1043949,663.0684244,-10.74924183,2769.202986,2880.740257
48.46,-128.71,0.59159386,2060,615.1043949,663.0684244,-10.74924183,2769.202986,2880.740257
48.46,-128.71,0.59159386,2060,615.1043949,663.0684244,-10.74924183,2769.202986,2880.740257
48.45,-128.7,0.59159386,1420,615.1043949,663.0684244,-10.74924183,2769.202986,2880.740257
48.46,-128.71,0.59159386,3210,615.1043949,663.0684244,-10.74924183,2769.202986,2880.740257
48.45,-128.7,0.59159386,1540,615.1043949,663.0684244,-10.74924183,2769.202986,2880.740257
48.46,-128.71,0.59159386,3240,615.1043949,663.0684244,-10.74924183,2769.202986,2880.740257
48.46,-128.71,0.59159386,2330,615.1043949,663.0684244,-10.74924183,2769.202986,2880.740257
48.46,-128.71,0.59159386,7400,615.1043949,663.0684244,-10.74924183,2769.202986,2880.740257
48.46,-128.71,0.59159386,3070,615.1043949,663.0684244,-10.74924183,2769.202986,2880.740257
48.46,-128.71,0.59159386,3480,615.1043949,663.0684244,-10.74924183,2769.202986,2880.740257
48.46,-128.71,0.59159386,3070,615.1043949,663.0684244,-10.74924183,2769.202986,2880.740257
48.46,-128.71,0.59159386,2640,615.1043949,663.0684244,-10.74924183,2769.202986,2880.740257
48.46,-128.71,0.59159386,1710,615.1043949,663.0684244,-10.74924183,2769.202986,2880.740257
48.46,-128.71,0.59159386,1980,615.1043949,663.0684244,-10.74924183,2769.202986,2880.740257
48.46,-128.71,0.59159386,1570,615.1043949,663.0684244,-10.74924183,2769.202986,2880.740257
48.46,-128.71,0.59159386,3600,615.1043949,663.0684244,-10.74924183,2769.202986,2880.740257
48.46,-128.71,0.59159386,1930,615.1043949,663.0684244,-10.74924183,2769.202986,2880.740257
48.46,-128.71,0.59159386,2150,615.1043949,663.0684244,-10.74924183,2769.202986,2880.740257
48.46,-128.71,0.59159386,2210,615.1043949,663.0684244,-10.74924183,2769.202986,2880.740257
48.45,-128.71,0.59159386,2850,615.1043949,663.0684244,-10.74924183,2769.202986,2880.740257
48.45,-128.71,0.59159386,2390,615.1043949,663.0684244,-10.74924183,2769.202986,2880.740257
48.45,-128.71,0.59159386,1100,615.1043949,663.0684244,-10.74924183,2769.202986,2880.740257
48.45,-128.71,0.59159386,910,615.1043949,663.0684244,-10.74924183,2769.202986,2880.740257
48.45,-128.71,0.59159386,940,615.1043949,663.0684244,-10.74924183,2769.202986,2880.740257
48.45,-128.71,0.59159386,1140,615.1043949,663.0684244,-10.74924183,2769.202986,2880.740257
48.45,-128.71,0.59159386,1230,615.1043949,663.0684244,-10.74924183,2769.202986,2880.740257
48.45,-128.71,0.59159386,2750,615.1043949,663.0684244,-10.74924183,2769.202986,2880.740257
48.45,-128.71,0.59159386,2660,615.1043949,663.0684244,-10.74924183,2769.202986,2880.740257
48.45,-128.71,0.59159386,2460,615.1043949,663.0684244,-10.74924183,2769.202986,2880.740257
48.45,-128.71,0.59159386,1510,615.1043949,663.0684244,-10.74924183,2769.202986,2880.740257
48.45,-128.7,0.59159386,1140,615.1043949,663.0684244,-10.74924183,2769.202986,2880.740257
48.45,-128.71,0.59159386,3090,615.1043949,663.0684244,-10.74924183,2769.202986,2880.740257
48.46,-128.71,0.59159386,7560,615.1043949,663.0684244,-10.74924183,2769.202986,2880.740257
48.46,-128.71,0.59159386,6870,615.1043949,663.0684244,-10.74924183,2769.202986,2880.740257
48.46,-128.71,0.59159386,1420,615.1043949,663.0684244,-10.74924183,2769.202986,2880.740257
48.46,-128.71,0.59159386,7150,615.1043949,663.0684244,-10.74924183,2769.202986,2880.740257
48.46,-128.71,0.59159386,8780,615.1043949,663.0684244,-10.74924183,2769.202986,2880.740257
48.46,-128.71,0.59159386,3260,615.1043949,663.0684244,-10.74924183,2769.202986,2880.740257
48.46,-128.71,0.59159386,3130,615.1043949,663.0684244,-10.74924183,2769.202986,2880.740257
48.46,-128.71,0.59159386,1390,615.1043949,663.0684244,-10.74924183,2769.202986,2880.740257
48.46,-128.71,0.59159386,980,615.1043949,663.0684244,-10.74924183,2769.202986,2880.740257
48.46,-128.71,0.59159386,1710,615.1043949,663.0684244,-10.74924183,2769.202986,2880.740257
48.46,-128.7,0.59159386,1450,615.1043949,663.0684244,-10.74924183,2769.202986,2880.740257
48.46,-128.71,0.59159386,1700,615.1043949,663.0684244,-10.74924183,2769.202986,2880.740257
48.46,-128.7,0.59159386,1380,615.1043949,663.0684244,-10.74924183,2769.202986,2880.740257
48.46,-128.71,0.59159386,3450,615.1043949,663.0684244,-10.74924183,2769.202986,2880.740257
48.46,-128.71,0.59159386,1380,615.1043949,663.0684244,-10.74924183,2769.202986,2880.740257
48.46,-128.71,0.59159386,4180,615.1043949,663.0684244,-10.74924183,2769.202986,2880.740257
48.46,-128.71,0.59159386,9590,615.1043949,663.0684244,-10.74924183,2769.202986,2880.740257
48.46,-128.71,0.59159386,1500,615.1043949,663.0684244,-10.74924183,2769.202986,2880.740257
48.46,-128.71,0.59159386,7570,615.1043949,663.0684244,-10.74924183,2769.202986,2880.740257
48.46,-128.71,0.59159386,2050,615.1043949,663.0684244,-10.74924183,2769.202986,2880.740257
48.46,-128.71,0.59159386,2030,615.1043949,663.0684244,-10.74924183,2769.202986,2880.740257
48.46,-128.71,0.59159386,5150,615.1043949,663.0684244,-10.74924183,2769.202986,2880.740257
48.46,-128.71,0.59159386,1400,615.1043949,663.0684244,-10.74924183,2769.202986,2880.740257
48.46,-128.71,0.59159386,6070,615.1043949,663.0684244,-10.74924183,2769.202986,2880.740257
48.46,-128.72,0.59159386,1030,615.1043949,663.0684244,-10.74924183,2769.202986,2880.740257
48.46,-128.71,0.59159386,3390,615.1043949,663.0684244,-10.74924183,2769.202986,2880.740257
48.46,-128.72,0.59159386,710,615.1043949,663.0684244,-10.74924183,2769.202986,2880.740257
48.46,-128.71,0.59159386,2300,615.1043949,663.0684244,-10.74924183,2769.202986,2880.740257
48.46,-128.71,0.59159386,860,615.1043949,663.0684244,-10.74924183,2769.202986,2880.740257
48.46,-128.71,0.59159386,2080,615.1043949,663.0684244,-10.74924183,2769.202986,2880.740257
48.46,-128.72,0.59159386,960,615.1043949,663.0684244,-10.74924183,2769.202986,2880.740257
48.46,-128.71,0.59159386,10360,615.1043949,663.0684244,-10.74924183,2769.202986,2880.740257
48.46,-128.71,0.59159386,1240,615.1043949,663.0684244,-10.74924183,2769.202986,2880.740257
48.46,-128.71,0.59159386,11540,615.1043949,663.0684244,-10.74924183,2769.202986,2880.740257
48.46,-128.71,0.59159386,2240,615.1043949,663.0684244,-10.74924183,2769.202986,2880.740257
48.46,-128.71,0.59159386,3660,615.1043949,663.0684244,-10.74924183,2769.202986,2880.740257
48.46,-128.71,0.59159386,13340,615.1043949,663.0684244,-10.74924183,2769.202986,2880.740257
48.46,-128.71,0.59159386,4920,615.1043949,663.0684244,-10.74924183,2769.202986,2880.740257
48.45,-128.71,0.59159386,6690,615.1043949,663.0684244,-10.74924183,2769.202986,2880.740257
48.46,-128.71,0.59159386,1690,615.1043949,663.0684244,-10.74924183,2769.202986,2880.740257
48.45,-128.71,0.59159386,1800,615.1043949,663.0684244,-10.74924183,2769.202986,2880.740257
48.46,-128.7,0.59159386,1160,615.1043949,663.0684244,-10.74924183,2769.202986,2880.740257
48.45,-128.71,0.59159386,1280,615.1043949,663.0684244,-10.74924183,2769.202986,2880.740257
48.46,-128.7,0.59159386,890,615.1043949,663.0684244,-10.74924183,2769.202986,2880.740257
48.45,-128.71,0.59159386,1060,615.1043949,663.0684244,-10.74924183,2769.202986,2880.740257
48.46,-128.7,0.59159386,740,615.1043949,663.0684244,-10.74924183,2769.202986,2880.740257
48.45,-128.71,0.59159386,1310,615.1043949,663.0684244,-10.74924183,2769.202986,2880.740257
48.46,-128.7,0.59159386,790,615.1043949,663.0684244,-10.74924183,2769.202986,2880.740257
48.45,-128.71,0.59159386,3940,615.1043949,663.0684244,-10.74924183,2769.202986,2880.740257
48.46,-128.7,0.59159386,840,615.1043949,663.0684244,-10.74924183,2769.202986,2880.740257
48.46,-128.71,0.59159386,6920,615.1043949,663.0684244,-10.74924183,2769.202986,2880.740257
48.46,-128.7,0.59159386,890,615.1043949,663.0684244,-10.74924183,2769.202986,2880.740257
48.46,-128.71,0.59159386,9510,615.1043949,663.0684244,-10.74924183,2769.202986,2880.740257
48.46,-128.7,0.59159386,1140,615.1043949,663.0684244,-10.74924183,2769.202986,2880.740257
48.46,-128.71,0.59159386,8430,615.1043949,663.0684244,-10.74924183,2769.202986,2880.740257
48.46,-128.71,0.59159386,1370,615.1043949,663.0684244,-10.74924183,2769.202986,2880.740257
48.46,-128.71,0.59159386,12380,615.1043949,663.0684244,-10.74924183,2769.202986,2880.740257
48.46,-128.71,0.59159386,2500,615.1043949,663.0684244,-10.74924183,2769.202986,2880.740257
48.46,-128.7,0.59159386,1380,615.1043949,663.0684244,-10.74924183,2769.202986,2880.740257
48.46,-128.71,0.59159386,2360,615.1043949,663.0684244,-10.74924183,2769.202986,2880.740257
48.46,-128.7,0.59159386,1080,615.1043949,663.0684244,-10.74924183,2769.202986,2880.740257
48.46,-128.71,0.59159386,3310,615.1043949,663.0684244,-10.74924183,2769.202986,2880.740257
48.46,-128.7,0.59159386,1040,615.1043949,663.0684244,-10.74924183,2769.202986,2880.740257
48.46,-128.7,0.59159386,1150,615.1043949,663.0684244,-10.74924183,2769.202986,2880.740257
48.46,-128.71,0.59159386,1690,615.1043949,663.0684244,-10.74924183,2769.202986,2880.740257
48.45,-128.71,0.59159386,1480,615.1043949,663.0684244,-10.74924183,2769.202986,2880.740257
48.45,-128.71,0.59159386,1880,615.1043949,663.0684244,-10.74924183,2769.202986,2880.740257
48.46,-128.71,0.59159386,13190,615.1043949,663.0684244,-10.74924183,2769.202986,2880.740257
48.46,-128.71,0.59159386,14240,615.1043949,663.0684244,-10.74924183,2769.202986,2880.740257
48.46,-128.71,0.59159386,1740,615.1043949,663.0684244,-10.74924183,2769.202986,2880.740257
48.46,-128.71,0.59159386,1300,615.1043949,663.0684244,-10.74924183,2769.202986,2880.740257
48.46,-128.71,0.59159386,1970,615.1043949,663.0684244,-10.74924183,2769.202986,2880.740257
48.46,-128.71,0.59159386,2950,615.1043949,663.0684244,-10.74924183,2769.202986,2880.740257
48.46,-128.71,0.59159386,2480,615.1043949,663.0684244,-10.74924183,2769.202986,2880.740257
48.45,-128.71,0.59159386,2630,615.1043949,663.0684244,-10.74924183,2769.202986,2880.740257
48.46,-128.71,0.59159386,9940,615.1043949,663.0684244,-10.74924183,2769.202986,2880.740257
48.45,-128.71,0.59159386,1250,615.1043949,663.0684244,-10.74924183,2769.202986,2880.740257
48.46,-128.71,0.59159386,3750,615.1043949,663.0684244,-10.74924183,2769.202986,2880.740257
48.45,-128.71,0.59159386,990,615.1043949,663.0684244,-10.74924183,2769.202986,2880.740257
48.46,-128.71,0.59159386,1930,615.1043949,663.0684244,-10.74924183,2769.202986,2880.740257
48.45,-128.71,0.59159386,1050,615.1043949,663.0684244,-10.74924183,2769.202986,2880.740257
48.46,-128.71,0.59159386,2210,615.1043949,663.0684244,-10.74924183,2769.202986,2880.740257
48.46,-128.71,0.59159386,1340,615.1043949,663.0684244,-10.74924183,2769.202986,2880.740257
48.46,-128.71,0.59159386,4550,615.1043949,663.0684244,-10.74924183,2769.202986,2880.740257
48.46,-128.71,0.59159386,7590,615.1043949,663.0684244,-10.74924183,2769.202986,2880.740257
48.46,-128.71,0.59159386,9960,615.1043949,663.0684244,-10.74924183,2769.202986,2880.740257
48.46,-128.71,0.59159386,2510,615.1043949,663.0684244,-10.74924183,2769.202986,2880.740257
48.45,-128.71,0.59159386,1780,615.1043949,663.0684244,-10.74924183,2769.202986,2880.740257
48.45,-128.71,0.59159386,1300,615.1043949,663.0684244,-10.74924183,2769.202986,2880.740257
48.45,-128.71,0.59159386,1190,615.1043949,663.0684244,-10.74924183,2769.202986,2880.740257
48.45,-128.71,0.59159386,1600,615.1043949,663.0684244,-10.74924183,2769.202986,2880.740257
48.45,-128.71,0.59159386,3540,615.1043949,663.0684244,-10.74924183,2769.202986,2880.740257
48.46,-128.71,0.59159386,9950,615.1043949,663.0684244,-10.74924183,2769.202986,2880.740257
48.46,-128.71,0.59159386,9130,615.1043949,663.0684244,-10.74924183,2769.202986,2880.740257
48.45,-128.71,0.59159386,7750,615.1043949,663.0684244,-10.74924183,2769.202986,2880.740257
48.45,-128.71,0.59159386,2070,615.1043949,663.0684244,-10.74924183,2769.202986,2880.740257
48.45,-128.71,0.59159386,1400,615.1043949,663.0684244,-10.74924183,2769.202986,2880.740257
48.45,-128.71,0.59159386,1300,615.1043949,663.0684244,-10.74924183,2769.202986,2880.740257
48.45,-128.71,0.59159386,1150,615.1043949,663.0684244,-10.74924183,2769.202986,2880.740257
48.45,-128.71,0.59159386,2500,615.1043949,663.0684244,-10.74924183,2769.202986,2880.740257
48.46,-128.71,0.59159386,1680,615.1043949,663.0684244,-10.74924183,2769.202986,2880.740257
48.45,-128.71,0.59159386,3040,615.1043949,663.0684244,-10.74924183,2769.202986,2880.740257
48.46,-128.71,0.59159386,2050,615.1043949,663.0684244,-10.74924183,2769.202986,2880.740257
48.46,-128.71,0.59159386,6980,615.1043949,663.0684244,-10.74924183,2769.202986,2880.740257
48.44,-128.68,0.79336768,470,531.1576085,572.5757148,-10.74924183,2811.749163,2925.109842
48.43,-128.68,0.79336768,2170,531.1576085,572.5757148,-10.74924183,2811.749163,2925.109842
48.44,-128.69,0.79336768,460,531.1576085,572.5757148,-10.74924183,2811.749163,2925.109842
48.43,-128.68,0.79336768,1730,531.1576085,572.5757148,-10.74924183,2811.749163,2925.109842
48.44,-128.69,0.79336768,530,531.1576085,572.5757148,-10.74924183,2811.749163,2925.109842
48.43,-128.68,0.79336768,1620,531.1576085,572.5757148,-10.74924183,2811.749163,2925.109842
48.44,-128.69,0.79336768,60,531.1576085,572.5757148,-10.74924183,2811.749163,2925.109842
48.43,-128.68,0.79336768,3580,531.1576085,572.5757148,-10.74924183,2811.749163,2925.109842
48.44,-128.69,0.79336768,680,531.1576085,572.5757148,-10.74924183,2811.749163,2925.109842
48.43,-128.68,0.79336768,2560,531.1576085,572.5757148,-10.74924183,2811.749163,2925.109842
48.43,-128.69,0.79336768,840,531.1576085,572.5757148,-10.74924183,2811.749163,2925.109842
48.43,-128.68,0.79336768,1680,531.1576085,572.5757148,-10.74924183,2811.749163,2925.109842
48.43,-128.69,0.79336768,1050,531.1576085,572.5757148,-10.74924183,2811.749163,2925.109842
48.43,-128.68,0.79336768,1610,531.1576085,572.5757148,-10.74924183,2811.749163,2925.109842
48.43,-128.69,0.79336768,1300,531.1576085,572.5757148,-10.74924183,2811.749163,2925.109842
48.44,-128.68,0.79336768,780,531.1576085,572.5757148,-10.74924183,2811.749163,2925.109842
48.43,-128.69,0.79336768,1260,531.1576085,572.5757148,-10.74924183,2811.749163,2925.109842
48.43,-128.68,0.79336768,1400,531.1576085,572.5757148,-10.74924183,2811.749163,2925.109842
48.44,-128.68,0.79336768,550,531.1576085,572.5757148,-10.74924183,2811.749163,2925.109842
48.43,-128.68,0.79336768,1670,531.1576085,572.5757148,-10.74924183,2811.749163,2925.109842
48.44,-128.68,0.79336768,180,531.1576085,572.5757148,-10.74924183,2811.749163,2925.109842
48.43,-128.69,0.79336768,1370,531.1576085,572.5757148,-10.74924183,2811.749163,2925.109842
48.44,-128.68,0.79336768,530,531.1576085,572.5757148,-10.74924183,2811.749163,2925.109842
48.43,-128.68,0.79336768,1100,531.1576085,572.5757148,-10.74924183,2811.749163,2925.109842
48.44,-128.68,0.79336768,480,531.1576085,572.5757148,-10.74924183,2811.749163,2925.109842
48.43,-128.69,0.79336768,820,531.1576085,572.5757148,-10.74924183,2811.749163,2925.109842
48.44,-128.68,0.79336768,480,531.1576085,572.5757148,-10.74924183,2811.749163,2925.109842
48.44,-128.69,0.79336768,690,531.1576085,572.5757148,-10.74924183,2811.749163,2925.109842
48.44,-128.68,0.79336768,550,531.1576085,572.5757148,-10.74924183,2811.749163,2925.109842
48.44,-128.68,0.79336768,590,531.1576085,572.5757148,-10.74924183,2811.749163,2925.109842
48.44,-128.68,0.79336768,520,531.1576085,572.5757148,-10.74924183,2811.749163,2925.109842
48.44,-128.68,0.79336768,740,531.1576085,572.5757148,-10.74924183,2811.749163,2925.109842
48.44,-128.68,0.79336768,460,531.1576085,572.5757148,-10.74924183,2811.749163,2925.109842
48.43,-128.68,0.79336768,1470,531.1576085,572.5757148,-10.74924183,2811.749163,2925.109842
48.44,-128.68,0.79336768,470,531.1576085,572.5757148,-10.74924183,2811.749163,2925.109842
48.43,-128.68,0.79336768,1840,531.1576085,572.5757148,-10.74924183,2811.749163,2925.109842
48.44,-128.68,0.79336768,640,531.1576085,572.5757148,-10.74924183,2811.749163,2925.109842
48.43,-128.68,0.79336768,2150,531.1576085,572.5757148,-10.74924183,2811.749163,2925.109842
48.44,-128.68,0.79336768,910,531.1576085,572.5757148,-10.74924183,2811.749163,2925.109842
48.43,-128.68,0.79336768,1630,531.1576085,572.5757148,-10.74924183,2811.749163,2925.109842
48.44,-128.68,0.79336768,1070,531.1576085,572.5757148,-10.74924183,2811.749163,2925.109842
48.43,-128.68,0.79336768,1410,531.1576085,572.5757148,-10.74924183,2811.749163,2925.109842
48.44,-128.68,0.79336768,970,531.1576085,572.5757148,-10.74924183,2811.749163,2925.109842
48.43,-128.68,0.79336768,1220,531.1576085,572.5757148,-10.74924183,2811.749163,2925.109842
48.43,-128.68,0.79336768,1890,531.1576085,572.5757148,-10.74924183,2811.749163,2925.109842
48.43,-128.68,0.79336768,2600,531.1576085,572.5757148,-10.74924183,2811.749163,2925.109842
48.43,-128.68,0.79336768,1140,531.1576085,572.5757148,-10.74924183,2811.749163,2925.109842
48.43,-128.68,0.79336768,10530,531.1576085,572.5757148,-10.74924183,2811.749163,2925.109842
48.43,-128.68,0.79336768,1260,531.1576085,572.5757148,-10.74924183,2811.749163,2925.109842
48.43,-128.68,0.79336768,25680,531.1576085,572.5757148,-10.74924183,2811.749163,2925.109842
48.43,-128.68,0.79336768,1530,531.1576085,572.5757148,-10.74924183,2811.749163,2925.109842
48.43,-128.68,0.79336768,1750,531.1576085,572.5757148,-10.74924183,2811.749163,2925.109842
48.43,-128.68,0.79336768,4230,531.1576085,572.5757148,-10.74924183,2811.749163,2925.109842
48.43,-128.68,0.79336768,1560,531.1576085,572.5757148,-10.74924183,2811.749163,2925.109842
48.43,-128.68,0.79336768,3510,531.1576085,572.5757148,-10.74924183,2811.749163,2925.109842
48.44,-128.68,0.79336768,790,531.1576085,572.5757148,-10.74924183,2811.749163,2925.109842
48.43,-128.68,0.79336768,3920,531.1576085,572.5757148,-10.74924183,2811.749163,2925.109842
48.44,-128.68,0.79336768,780,531.1576085,572.5757148,-10.74924183,2811.749163,2925.109842
48.43,-128.68,0.79336768,7890,531.1576085,572.5757148,-10.74924183,2811.749163,2925.109842
48.44,-128.68,0.79336768,560,531.1576085,572.5757148,-10.74924183,2811.749163,2925.109842
48.44,-128.68,0.79336768,470,531.1576085,572.5757148,-10.74924183,2811.749163,2925.109842
48.43,-128.68,0.79336768,900,531.1576085,572.5757148,-10.74924183,2811.749163,2925.109842
48.43,-128.68,0.79336768,960,531.1576085,572.5757148,-10.74924183,2811.749163,2925.109842
48.43,-128.68,0.79336768,1010,531.1576085,572.5757148,-10.74924183,2811.749163,2925.109842
48.43,-128.68,0.79336768,1040,531.1576085,572.5757148,-10.74924183,2811.749163,2925.109842
48.43,-128.68,0.79336768,1150,531.1576085,572.5757148,-10.74924183,2811.749163,2925.109842
48.44,-128.68,0.79336768,2140,531.1576085,572.5757148,-10.74924183,2811.749163,2925.109842
48.44,-128.68,0.79336768,560,531.1576085,572.5757148,-10.74924183,2811.749163,2925.109842
48.44,-128.68,0.79336768,530,531.1576085,572.5757148,-10.74924183,2811.749163,2925.109842
48.44,-128.68,0.79336768,460,531.1576085,572.5757148,-10.74924183,2811.749163,2925.109842
48.43,-128.68,0.79336768,1590,531.1576085,572.5757148,-10.74924183,2811.749163,2925.109842
48.43,-128.68,0.79336768,2540,531.1576085,572.5757148,-10.74924183,2811.749163,2925.109842
48.43,-128.68,0.79336768,4910,531.1576085,572.5757148,-10.74924183,2811.749163,2925.109842
48.43,-128.68,0.79336768,3000,531.1576085,572.5757148,-10.74924183,2811.749163,2925.109842
48.43,-128.68,0.79336768,3850,531.1576085,572.5757148,-10.74924183,2811.749163,2925.109842
48.43,-128.68,0.79336768,3400,531.1576085,572.5757148,-10.74924183,2811.749163,2925.109842
48.43,-128.68,0.79336768,17550,531.1576085,572.5757148,-10.74924183,2811.749163,2925.109842
48.43,-128.68,0.79336768,3550,531.1576085,572.5757148,-10.74924183,2811.749163,2925.109842
48.42,-128.68,0.79336768,920,531.1576085,572.5757148,0.947541118,2811.749163,2925.109842
48.44,-128.68,0.79336768,920,531.1576085,572.5757148,-10.74924183,2811.749163,2925.109842
48.42,-128.68,0.79336768,660,531.1576085,572.5757148,0.947541118,2811.749163,2925.109842
48.44,-128.68,0.79336768,270,531.1576085,572.5757148,-10.74924183,2811.749163,2925.109842
48.42,-128.68,0.79336768,480,531.1576085,572.5757148,0.947541118,2811.749163,2925.109842
48.44,-128.68,0.79336768,800,531.1576085,572.5757148,-10.74924183,2811.749163,2925.109842
48.42,-128.68,0.79336768,920,531.1576085,572.5757148,0.947541118,2811.749163,2925.109842
48.44,-128.68,0.79336768,310,531.1576085,572.5757148,-10.74924183,2811.749163,2925.109842
48.43,-128.68,0.79336768,1160,531.1576085,572.5757148,-10.74924183,2811.749163,2925.109842
48.44,-128.68,0.79336768,650,531.1576085,572.5757148,-10.74924183,2811.749163,2925.109842
48.43,-128.68,0.79336768,2030,531.1576085,572.5757148,-10.74924183,2811.749163,2925.109842
48.44,-128.69,0.79336768,560,531.1576085,572.5757148,-10.74924183,2811.749163,2925.109842
48.43,-128.68,0.79336768,2030,531.1576085,572.5757148,-10.74924183,2811.749163,2925.109842
48.44,-128.68,0.79336768,800,531.1576085,572.5757148,-10.74924183,2811.749163,2925.109842
48.43,-128.68,0.79336768,1830,531.1576085,572.5757148,-10.74924183,2811.749163,2925.109842
48.44,-128.68,0.79336768,970,531.1576085,572.5757148,-10.74924183,2811.749163,2925.109842
48.43,-128.68,0.79336768,1690,531.1576085,572.5757148,-10.74924183,2811.749163,2925.109842
48.44,-128.68,0.79336768,790,531.1576085,572.5757148,-10.74924183,2811.749163,2925.109842
48.43,-128.68,0.79336768,1730,531.1576085,572.5757148,-10.74924183,2811.749163,2925.109842
48.44,-128.68,0.79336768,790,531.1576085,572.5757148,-10.74924183,2811.749163,2925.109842
48.43,-128.68,0.79336768,2950,531.1576085,572.5757148,-10.74924183,2811.749163,2925.109842
48.44,-128.68,0.79336768,1920,531.1576085,572.5757148,-10.74924183,2811.749163,2925.109842
48.43,-128.68,0.79336768,4340,531.1576085,572.5757148,-10.74924183,2811.749163,2925.109842
48.43,-128.68,0.79336768,1340,531.1576085,572.5757148,-10.74924183,2811.749163,2925.109842
48.43,-128.68,0.79336768,2210,531.1576085,572.5757148,-10.74924183,2811.749163,2925.109842
48.43,-128.68,0.79336768,1830,531.1576085,572.5757148,-10.74924183,2811.749163,2925.109842
48.44,-128.68,0.79336768,2190,531.1576085,572.5757148,-10.74924183,2811.749163,2925.109842
48.43,-128.68,0.79336768,2130,531.1576085,572.5757148,-10.74924183,2811.749163,2925.109842
48.43,-128.68,0.79336768,1740,531.1576085,572.5757148,-10.74924183,2811.749163,2925.109842
48.43,-128.68,0.79336768,1830,531.1576085,572.5757148,-10.74924183,2811.749163,2925.109842
48.43,-128.68,0.79336768,900,531.1576085,572.5757148,-10.74924183,2811.749163,2925.109842
48.43,-128.68,0.79336768,1970,531.1576085,572.5757148,-10.74924183,2811.749163,2925.109842
48.44,-128.68,0.79336768,750,531.1576085,572.5757148,-10.74924183,2811.749163,2925.109842
48.44,-128.68,0.79336768,770,531.1576085,572.5757148,-10.74924183,2811.749163,2925.109842
48.44,-128.68,0.79336768,810,531.1576085,572.5757148,-10.74924183,2811.749163,2925.109842
48.43,-128.68,0.79336768,1070,531.1576085,572.5757148,-10.74924183,2811.749163,2925.109842
48.43,-128.68,0.79336768,2810,531.1576085,572.5757148,-10.74924183,2811.749163,2925.109842
48.43,-128.68,0.79336768,190,531.1576085,572.5757148,-10.74924183,2811.749163,2925.109842
48.43,-128.68,0.79336768,1980,531.1576085,572.5757148,-10.74924183,2811.749163,2925.109842
48.43,-128.68,0.79336768,2110,531.1576085,572.5757148,-10.74924183,2811.749163,2925.109842
48.43,-128.68,0.79336768,800,531.1576085,572.5757148,-10.74924183,2811.749163,2925.109842
48.44,-128.68,0.79336768,1160,531.1576085,572.5757148,-10.74924183,2811.749163,2925.109842
48.45,-128.71,0.59159386,1130,615.1043949,663.0684244,-10.74924183,2769.202986,2880.740257
48.45,-128.71,0.59159386,1460,615.1043949,663.0684244,-10.74924183,2769.202986,2880.740257
48.45,-128.71,0.59159386,2160,615.1043949,663.0684244,-10.74924183,2769.202986,2880.740257
48.45,-128.71,0.59159386,2190,615.1043949,663.0684244,-10.74924183,2769.202986,2880.740257
48.45,-128.71,0.59159386,3080,615.1043949,663.0684244,-10.74924183,2769.202986,2880.740257
48.45,-128.71,0.59159386,3210,615.1043949,663.0684244,-10.74924183,2769.202986,2880.740257
48.45,-128.71,0.59159386,4930,615.1043949,663.0684244,-10.74924183,2769.202986,2880.740257
48.45,-128.71,0.59159386,6290,615.1043949,663.0684244,-10.74924183,2769.202986,2880.740257
48.45,-128.71,0.59159386,7580,615.1043949,663.0684244,-10.74924183,2769.202986,2880.740257
48.46,-128.71,0.59159386,1460,615.1043949,663.0684244,-10.74924183,2769.202986,2880.740257
48.45,-128.71,0.59159386,1320,615.1043949,663.0684244,-10.74924183,2769.202986,2880.740257
48.45,-128.71,0.59159386,1310,615.1043949,663.0684244,-10.74924183,2769.202986,2880.740257
48.45,-128.71,0.59159386,1370,615.1043949,663.0684244,-10.74924183,2769.202986,2880.740257
48.43,-128.73,0.79336768,1400,531.1576085,572.5757148,-10.74924183,2811.749163,2925.109842
48.45,-128.71,0.59159386,1310,615.1043949,663.0684244,-10.74924183,2769.202986,2880.740257
48.45,-128.71,0.59159386,1740,615.1043949,663.0684244,-10.74924183,2769.202986,2880.740257
48.46,-128.71,0.59159386,1390,615.1043949,663.0684244,-10.74924183,2769.202986,2880.740257
48.46,-128.71,0.59159386,3340,615.1043949,663.0684244,-10.74924183,2769.202986,2880.740257
48.46,-128.71,0.59159386,5780,615.1043949,663.0684244,-10.74924183,2769.202986,2880.740257
48.46,-128.71,0.59159386,2780,615.1043949,663.0684244,-10.74924183,2769.202986,2880.740257
48.46,-128.71,0.59159386,3540,615.1043949,663.0684244,-10.74924183,2769.202986,2880.740257
48.46,-128.71,0.59159386,3280,615.1043949,663.0684244,-10.74924183,2769.202986,2880.740257
48.46,-128.71,0.59159386,2290,615.1043949,663.0684244,-10.74924183,2769.202986,2880.740257
48.46,-128.71,0.59159386,1970,615.1043949,663.0684244,-10.74924183,2769.202986,2880.740257
48.46,-128.71,0.59159386,4600,615.1043949,663.0684244,-10.74924183,2769.202986,2880.740257
48.46,-128.71,0.59159386,12080,615.1043949,663.0684244,-10.74924183,2769.202986,2880.740257
48.46,-128.71,0.59159386,12150,615.1043949,663.0684244,-10.74924183,2769.202986,2880.740257
48.46,-128.71,0.59159386,7980,615.1043949,663.0684244,-10.74924183,2769.202986,2880.740257
48.46,-128.71,0.59159386,6660,615.1043949,663.0684244,-10.74924183,2769.202986,2880.740257
48.46,-128.71,0.59159386,9300,615.1043949,663.0684244,-10.74924183,2769.202986,2880.740257
48.46,-128.71,0.59159386,2140,615.1043949,663.0684244,-10.74924183,2769.202986,2880.740257
48.46,-128.71,0.59159386,9090,615.1043949,663.0684244,-10.74924183,2769.202986,2880.740257
48.46,-128.71,0.59159386,6770,615.1043949,663.0684244,-10.74924183,2769.202986,2880.740257
48.46,-128.71,0.59159386,9050,615.1043949,663.0684244,-10.74924183,2769.202986,2880.740257
48.46,-128.71,0.59159386,10260,615.1043949,663.0684244,-10.74924183,2769.202986,2880.740257
48.46,-128.71,0.59159386,12670,615.1043949,663.0684244,-10.74924183,2769.202986,2880.740257
48.45,-128.71,0.59159386,1590,615.1043949,663.0684244,-10.74924183,2769.202986,2880.740257
48.46,-128.71,0.59159386,3150,615.1043949,663.0684244,-10.74924183,2769.202986,2880.740257
48.46,-128.71,0.59159386,14740,615.1043949,663.0684244,-10.74924183,2769.202986,2880.740257
48.45,-128.71,0.59159386,7920,615.1043949,663.0684244,-10.74924183,2769.202986,2880.740257
48.46,-128.71,0.59159386,11680,615.1043949,663.0684244,-10.74924183,2769.202986,2880.740257
48.45,-128.71,0.59159386,15570,615.1043949,663.0684244,-10.74924183,2769.202986,2880.740257
48.46,-128.71,0.59159386,3750,615.1043949,663.0684244,-10.74924183,2769.202986,2880.740257
48.46,-128.71,0.59159386,14170,615.1043949,663.0684244,-10.74924183,2769.202986,2880.740257
48.46,-128.71,0.59159386,3310,615.1043949,663.0684244,-10.74924183,2769.202986,2880.740257
48.46,-128.71,0.59159386,10680,615.1043949,663.0684244,-10.74924183,2769.202986,2880.740257
48.45,-128.71,0.59159386,3480,615.1043949,663.0684244,-10.74924183,2769.202986,2880.740257
48.45,-128.71,0.59159386,1980,615.1043949,663.0684244,-10.74924183,2769.202986,2880.740257
48.45,-128.71,0.59159386,3770,615.1043949,663.0684244,-10.74924183,2769.202986,2880.740257
48.45,-128.71,0.59159386,640,615.1043949,663.0684244,-10.74924183,2769.202986,2880.740257
48.46,-128.71,0.59159386,12310,615.1043949,663.0684244,-10.74924183,2769.202986,2880.740257
48.46,-128.71,0.59159386,1740,615.1043949,663.0684244,-10.74924183,2769.202986,2880.740257
48.46,-128.71,0.59159386,10570,615.1043949,663.0684244,-10.74924183,2769.202986,2880.740257
48.46,-128.71,0.59159386,13560,615.1043949,663.0684244,-10.74924183,2769.202986,2880.740257
48.46,-128.71,0.59159386,9550,615.1043949,663.0684244,-10.74924183,2769.202986,2880.740257
48.46,-128.71,0.59159386,7330,615.1043949,663.0684244,-10.74924183,2769.202986,2880.740257
48.46,-128.71,0.59159386,10290,615.1043949,663.0684244,-10.74924183,2769.202986,2880.740257
48.46,-128.71,0.59159386,9070,615.1043949,663.0684244,-10.74924183,2769.202986,2880.740257
48.46,-128.71,0.59159386,9810,615.1043949,663.0684244,-10.74924183,2769.202986,2880.740257
48.46,-128.71,0.59159386,10230,615.1043949,663.0684244,-10.74924183,2769.202986,2880.740257
48.46,-128.71,0.59159386,14150,615.1043949,663.0684244,-10.74924183,2769.202986,2880.740257
48.46,-128.7,0.59159386,1750,615.1043949,663.0684244,-10.74924183,2769.202986,2880.740257
48.46,-128.71,0.59159386,1140,615.1043949,663.0684244,-10.74924183,2769.202986,2880.740257
48.45,-128.71,0.59159386,4430,615.1043949,663.0684244,-10.74924183,2769.202986,2880.740257
48.46,-128.71,0.59159386,8830,615.1043949,663.0684244,-10.74924183,2769.202986,2880.740257
48.45,-128.71,0.59159386,4200,615.1043949,663.0684244,-10.74924183,2769.202986,2880.740257
48.46,-128.71,0.59159386,9410,615.1043949,663.0684244,-10.74924183,2769.202986,2880.740257
47.71,-127.79,3.251128,1020,262.3877919,282.8480193,1.003651619,3131.080962,3258.127288
47.71,-127.79,3.251128,3800,262.3877919,282.8480193,1.003651619,3131.080962,3258.127288
47.71,-127.79,3.251128,8900,262.3877919,282.8480193,1.003651619,3131.080962,3258.127288
47.71,-127.79,3.251128,2490,262.3877919,282.8480193,1.003651619,3131.080962,3258.127288
47.71,-127.78,3.251128,1290,262.3877919,282.8480193,1.003651619,3131.080962,3258.127288
47.71,-127.79,3.251128,800,262.3877919,282.8480193,1.003651619,3131.080962,3258.127288
47.71,-127.79,3.251128,1230,262.3877919,282.8480193,1.003651619,3131.080962,3258.127288
47.71,-127.79,3.251128,4890,262.3877919,282.8480193,1.003651619,3131.080962,3258.127288
47.71,-127.79,3.251128,2160,262.3877919,282.8480193,1.003651619,3131.080962,3258.127288
47.71,-127.79,3.251128,2270,262.3877919,282.8480193,1.003651619,3131.080962,3258.127288
47.71,-127.79,3.251128,2990,262.3877919,282.8480193,1.003651619,3131.080962,3258.127288
47.71,-127.79,3.251128,17900,262.3877919,282.8480193,1.003651619,3131.080962,3258.127288
47.71,-127.78,3.251128,2260,262.3877919,282.8480193,1.003651619,3131.080962,3258.127288
47.71,-127.79,3.251128,4180,262.3877919,282.8480193,1.003651619,3131.080962,3258.127288
47.71,-127.79,3.251128,9210,262.3877919,282.8480193,1.003651619,3131.080962,3258.127288
47.71,-127.79,3.251128,14400,262.3877919,282.8480193,1.003651619,3131.080962,3258.127288
47.71,-127.79,3.251128,18900,262.3877919,282.8480193,1.003651619,3131.080962,3258.127288
47.71,-127.79,3.251128,1370,262.3877919,282.8480193,1.003651619,3131.080962,3258.127288
47.71,-127.79,3.251128,4570,262.3877919,282.8480193,1.003651619,3131.080962,3258.127288
47.71,-127.79,3.251128,550,262.3877919,282.8480193,1.003651619,3131.080962,3258.127288
47.71,-127.79,3.251128,390,262.3877919,282.8480193,1.003651619,3131.080962,3258.127288
47.71,-127.79,3.251128,1770,262.3877919,282.8480193,1.003651619,3131.080962,3258.127288
47.71,-127.79,3.251128,12200,262.3877919,282.8480193,1.003651619,3131.080962,3258.127288
47.71,-127.79,3.251128,3370,262.3877919,282.8480193,1.003651619,3131.080962,3258.127288
47.71,-127.79,3.251128,11200,262.3877919,282.8480193,1.003651619,3131.080962,3258.127288
47.71,-127.79,3.251128,14300,262.3877919,282.8480193,1.003651619,3131.080962,3258.127288
47.71,-127.79,3.251128,2670,262.3877919,282.8480193,1.003651619,3131.080962,3258.127288
47.71,-127.79,3.251128,1210,262.3877919,282.8480193,1.003651619,3131.080962,3258.127288
47.71,-127.79,3.251128,1080,262.3877919,282.8480193,1.003651619,3131.080962,3258.127288
47.71,-127.79,3.251128,6240,262.3877919,282.8480193,1.003651619,3131.080962,3258.127288
47.71,-127.79,3.251128,2000,262.3877919,282.8480193,1.003651619,3131.080962,3258.127288
47.71,-127.79,3.251128,650,262.3877919,282.8480193,1.003651619,3131.080962,3258.127288
47.71,-127.79,3.251128,1340,262.3877919,282.8480193,1.003651619,3131.080962,3258.127288
47.71,-127.79,3.251128,9400,262.3877919,282.8480193,1.003651619,3131.080962,3258.127288
47.71,-127.79,3.251128,26000,262.3877919,282.8480193,1.003651619,3131.080962,3258.127288
47.71,-127.79,3.251128,25400,262.3877919,282.8480193,1.003651619,3131.080962,3258.127288
47.71,-127.79,3.251128,3260,262.3877919,282.8480193,1.003651619,3131.080962,3258.127288
47.71,-127.78,3.251128,2400,262.3877919,282.8480193,1.003651619,3131.080962,3258.127288
47.71,-127.78,3.251128,2490,262.3877919,282.8480193,1.003651619,3131.080962,3258.127288
47.71,-127.79,3.251128,5330,262.3877919,282.8480193,1.003651619,3131.080962,3258.127288
47.71,-127.79,3.251128,13100,262.3877919,282.8480193,1.003651619,3131.080962,3258.127288
47.71,-127.79,3.251128,4980,262.3877919,282.8480193,1.003651619,3131.080962,3258.127288
47.71,-127.78,3.251128,4670,262.3877919,282.8480193,1.003651619,3131.080962,3258.127288
47.71,-127.78,3.251128,1940,262.3877919,282.8480193,1.003651619,3131.080962,3258.127288
47.71,-127.79,3.251128,5670,262.3877919,282.8480193,1.003651619,3131.080962,3258.127288
47.71,-127.79,3.251128,13500,262.3877919,282.8480193,1.003651619,3131.080962,3258.127288
47.71,-127.79,3.251128,4220,262.3877919,282.8480193,1.003651619,3131.080962,3258.127288
47.71,-127.79,3.251128,19800,262.3877919,282.8480193,1.003651619,3131.080962,3258.127288
47.71,-127.79,3.251128,21300,262.3877919,282.8480193,1.003651619,3131.080962,3258.127288
47.71,-127.79,3.251128,22100,262.3877919,282.8480193,1.003651619,3131.080962,3258.127288
47.71,-127.79,3.251128,7980,262.3877919,282.8480193,1.003651619,3131.080962,3258.127288
47.71,-127.79,3.251128,12200,262.3877919,282.8480193,1.003651619,3131.080962,3258.127288
47.71,-127.79,3.251128,7160,262.3877919,282.8480193,1.003651619,3131.080962,3258.127288
47.71,-127.79,3.251128,18300,262.3877919,282.8480193,1.003651619,3131.080962,3258.127288
47.71,-127.79,3.251128,6210,262.3877919,282.8480193,1.003651619,3131.080962,3258.127288
47.71,-127.79,3.251128,9600,262.3877919,282.8480193,1.003651619,3131.080962,3258.127288
47.71,-127.79,3.251128,780,262.3877919,282.8480193,1.003651619,3131.080962,3258.127288
47.71,-127.79,3.251128,1550,262.3877919,282.8480193,1.003651619,3131.080962,3258.127288
47.71,-127.79,3.251128,3460,262.3877919,282.8480193,1.003651619,3131.080962,3258.127288
47.71,-127.79,3.251128,2560,262.3877919,282.8480193,1.003651619,3131.080962,3258.127288
47.71,-127.79,3.251128,540,262.3877919,282.8480193,1.003651619,3131.080962,3258.127288
47.71,-127.79,3.251128,7760,262.3877919,282.8480193,1.003651619,3131.080962,3258.127288
47.71,-127.79,3.251128,11500,262.3877919,282.8480193,1.003651619,3131.080962,3258.127288
47.71,-127.79,3.251128,1660,262.3877919,282.8480193,1.003651619,3131.080962,3258.127288
47.71,-127.79,3.251128,2220,262.3877919,282.8480193,1.003651619,3131.080962,3258.127288
47.71,-127.79,3.251128,1360,262.3877919,282.8480193,1.003651619,3131.080962,3258.127288
47.71,-127.79,3.251128,2600,262.3877919,282.8480193,1.003651619,3131.080962,3258.127288
47.71,-127.79,3.251128,6720,262.3877919,282.8480193,1.003651619,3131.080962,3258.127288
47.71,-127.79,3.251128,8110,262.3877919,282.8480193,1.003651619,3131.080962,3258.127288
47.71,-127.79,3.251128,5790,262.3877919,282.8480193,1.003651619,3131.080962,3258.127288
47.71,-127.79,3.251128,580,262.3877919,282.8480193,1.003651619,3131.080962,3258.127288
47.71,-127.79,3.251128,750,262.3877919,282.8480193,1.003651619,3131.080962,3258.127288
47.71,-127.79,3.251128,2290,262.3877919,282.8480193,1.003651619,3131.080962,3258.127288
47.71,-127.79,3.251128,590,262.3877919,282.8480193,1.003651619,3131.080962,3258.127288
47.71,-127.79,3.251128,1300,262.3877919,282.8480193,1.003651619,3131.080962,3258.127288
47.71,-127.79,3.251128,1800,262.3877919,282.8480193,1.003651619,3131.080962,3258.127288
47.71,-127.79,3.251128,1190,262.3877919,282.8480193,1.003651619,3131.080962,3258.127288
47.71,-127.79,3.251128,910,262.3877919,282.8480193,1.003651619,3131.080962,3258.127288
47.71,-127.79,3.251128,1830,262.3877919,282.8480193,1.003651619,3131.080962,3258.127288
47.71,-127.79,3.251128,1330,262.3877919,282.8480193,1.003651619,3131.080962,3258.127288
47.71,-127.79,3.251128,18000,262.3877919,282.8480193,1.003651619,3131.080962,3258.127288
47.71,-127.79,3.251128,18700,262.3877919,282.8480193,1.003651619,3131.080962,3258.127288
