"lat","long","age","q_ihfc","q_ps","q_stein","ps_z","stein_z"
48.75,-127.75,2.9062791,200,277.51853842982,299.15861692417,3096.6734364374,3222.2451551418
47.8983,-127.2,4.359262,161,226.59700904196,244.26637660925,3230.7596013738,3362.0778700041
47.8983,-127.65,3.1907601,304,264.85829724021,285.51116740372,3125.1944595484,3251.9885078147
48.6833,-126.87,5.5437579,60.8,200.93636013052,216.60478585154,3324.081514627,3459.3992938253
48.685,-126.87,5.5437579,63.7,200.93636013052,216.60478585154,3324.081514627,3459.3992938253
48.6867,-126.87,5.5437579,59.6,200.93636013052,216.60478585154,3324.081514627,3459.3992938253
48.6883,-126.87,5.5437579,53.9,200.93636013052,216.60478585154,3324.081514627,3459.3992938253
48.6883,-126.88,5.5437579,68.9,200.93636013052,216.60478585154,3324.081514627,3459.3992938253
48.6867,-126.86,5.5437579,53.3,200.93636013052,216.60478585154,3324.081514627,3459.3992938253
48.6867,-126.87,5.5437579,57.6,200.93636013052,216.60478585154,3324.081514627,3459.3992938253
48.685,-126.88,5.5437579,61.5,200.93636013052,216.60478585154,3324.081514627,3459.3992938253
48.665,-126.85,5.752306,59.5,197.26029061145,212.64206725528,3339.4387916936,3475.414739909
48.665,-126.85,5.752306,60.7,197.26029061145,212.64206725528,3339.4387916936,3475.414739909
48.67,-126.85,5.752306,58,197.26029061145,212.64206725528,3339.4387916936,3475.414739909
48.665,-126.85,5.752306,57.6,197.26029061145,212.64206725528,3339.4387916936,3475.414739909
48.6683,-126.85,5.752306,57.4,197.26029061145,212.64206725528,3339.4387916936,3475.414739909
48.6683,-126.85,5.752306,55.6,197.26029061145,212.64206725528,3339.4387916936,3475.414739909
48.6667,-126.85,5.752306,56.5,197.26029061145,212.64206725528,3339.4387916936,3475.414739909
48.6667,-126.85,5.752306,58,197.26029061145,212.64206725528,3339.4387916936,3475.414739909
48.6667,-126.85,5.752306,55.8,197.26029061145,212.64206725528,3339.4387916936,3475.414739909
48.6667,-126.85,5.752306,61.5,197.26029061145,212.64206725528,3339.4387916936,3475.414739909
48.6667,-126.85,5.752306,57.4,197.26029061145,212.64206725528,3339.4387916936,3475.414739909
48.6667,-126.85,5.752306,61.4,197.26029061145,212.64206725528,3339.4387916936,3475.414739909
48.6683,-126.85,5.752306,37.5,197.26029061145,212.64206725528,3339.4387916936,3475.414739909
48.67,-126.85,5.752306,60.4,197.26029061145,212.64206725528,3339.4387916936,3475.414739909
47.94,-128.9,0.43398958,84,718.15966207404,774.15963795561,2730.5725993044,2840.4542821318
47.9233,-128.85,0.66285837,136,581.09921225716,626.41161782617,2784.956400744,2897.1688179188
47.8983,-128.74,0.91232389,440,495.3203091145,533.94392838596,2834.3047659322,2948.6321130436
47.735,-127.91,2.9722376,345,274.42198222674,295.82060038595,3103.4062528678,3229.2665208479
47.7317,-127.88,2.9722376,129,274.42198222674,295.82060038595,3103.4062528678,3229.2665208479
47.87,-128.59,1.1679138,439,437.77934178494,471.91608584908,2878.245212131,2994.4557212223
47.845,-128.47,1.5189716,334,383.87146663343,413.80463332093,2931.3629805628,3049.849965444
47.8867,-128.66,0.91232389,900,495.3203091145,533.94392838596,2834.3047659322,2948.6321130436
47.7933,-128.21,2.1661963,267,321.44875950894,346.51438729382,3015.1301260361,3137.2071314377
48.6717,-126.86,5.5437579,62.2,200.93636013052,216.60478585154,3324.081514627,3459.3992938253
48.69,-126.9,5.5437579,7.5,200.93636013052,216.60478585154,3324.081514627,3459.3992938253
48.6783,-126.88,5.5437579,58,200.93636013052,216.60478585154,3324.081514627,3459.3992938253
48.675,-126.88,5.5437579,58.7,200.93636013052,216.60478585154,3324.081514627,3459.3992938253
48.675,-126.88,5.5437579,59.5,200.93636013052,216.60478585154,3324.081514627,3459.3992938253
48.6733,-126.88,5.5437579,59.4,200.93636013052,216.60478585154,3324.081514627,3459.3992938253
48.6733,-126.88,5.5437579,59.6,200.93636013052,216.60478585154,3324.081514627,3459.3992938253
48.6717,-126.88,5.5437579,59.3,200.93636013052,216.60478585154,3324.081514627,3459.3992938253
48.67,-126.88,5.5437579,61.4,200.93636013052,216.60478585154,3324.081514627,3459.3992938253
48.6683,-126.87,5.5437579,58.8,200.93636013052,216.60478585154,3324.081514627,3459.3992938253
48.6667,-126.87,5.5437579,62.3,200.93636013052,216.60478585154,3324.081514627,3459.3992938253
48.6717,-126.86,5.5437579,59.4,200.93636013052,216.60478585154,3324.081514627,3459.3992938253
48.665,-126.87,5.5437579,66,200.93636013052,216.60478585154,3324.081514627,3459.3992938253
48.6633,-126.87,5.5437579,63.8,200.93636013052,216.60478585154,3324.081514627,3459.3992938253
48.6733,-126.86,5.5437579,62,200.93636013052,216.60478585154,3324.081514627,3459.3992938253
48.675,-126.86,5.5437579,60.7,200.93636013052,216.60478585154,3324.081514627,3459.3992938253
48.6767,-126.86,5.5437579,62.3,200.93636013052,216.60478585154,3324.081514627,3459.3992938253
48.6783,-126.86,5.5437579,60.3,200.93636013052,216.60478585154,3324.081514627,3459.3992938253
48.68,-126.87,5.5437579,60.4,200.93636013052,216.60478585154,3324.081514627,3459.3992938253
48.6817,-126.87,5.5437579,60.4,200.93636013052,216.60478585154,3324.081514627,3459.3992938253
48.6817,-126.87,5.5437579,57.7,200.93636013052,216.60478585154,3324.081514627,3459.3992938253
48.65,-126.91,5.0980859,74.2,209.53524517387,225.8741866318,3290.2629453226,3424.131357265
48.66,-126.89,5.5437579,66.6,200.93636013052,216.60478585154,3324.081514627,3459.3992938253
48.6667,-126.88,5.5437579,75.7,200.93636013052,216.60478585154,3324.081514627,3459.3992938253
48.6667,-126.88,5.5437579,65,200.93636013052,216.60478585154,3324.081514627,3459.3992938253
48.6683,-126.88,5.5437579,65.9,200.93636013052,216.60478585154,3324.081514627,3459.3992938253
48.67,-126.88,5.5437579,64.2,200.93636013052,216.60478585154,3324.081514627,3459.3992938253
48.67,-126.87,5.5437579,67.9,200.93636013052,216.60478585154,3324.081514627,3459.3992938253
48.6717,-126.87,5.5437579,58.4,200.93636013052,216.60478585154,3324.081514627,3459.3992938253
48.6717,-126.87,5.5437579,59.4,200.93636013052,216.60478585154,3324.081514627,3459.3992938253
48.6733,-126.87,5.5437579,61.8,200.93636013052,216.60478585154,3324.081514627,3459.3992938253
48.675,-126.86,5.5437579,61.9,200.93636013052,216.60478585154,3324.081514627,3459.3992938253
48.6517,-126.91,5.5437579,70,200.93636013052,216.60478585154,3324.081514627,3459.3992938253
48.675,-126.86,5.5437579,61.4,200.93636013052,216.60478585154,3324.081514627,3459.3992938253
48.6767,-126.86,5.5437579,62.3,200.93636013052,216.60478585154,3324.081514627,3459.3992938253
48.6683,-126.88,5.5437579,64,200.93636013052,216.60478585154,3324.081514627,3459.3992938253
48.6683,-126.88,5.5437579,62.8,200.93636013052,216.60478585154,3324.081514627,3459.3992938253
48.67,-126.87,5.5437579,64.2,200.93636013052,216.60478585154,3324.081514627,3459.3992938253
48.6717,-126.87,5.5437579,66.3,200.93636013052,216.60478585154,3324.081514627,3459.3992938253
48.6717,-126.87,5.5437579,66.6,200.93636013052,216.60478585154,3324.081514627,3459.3992938253
48.6733,-126.87,5.5437579,59.4,200.93636013052,216.60478585154,3324.081514627,3459.3992938253
48.6733,-126.86,5.5437579,59,200.93636013052,216.60478585154,3324.081514627,3459.3992938253
48.675,-126.86,5.5437579,56.3,200.93636013052,216.60478585154,3324.081514627,3459.3992938253
48.6533,-126.91,5.5437579,66.2,200.93636013052,216.60478585154,3324.081514627,3459.3992938253
48.6767,-126.86,5.5437579,59,200.93636013052,216.60478585154,3324.081514627,3459.3992938253
48.6767,-126.86,5.5437579,60,200.93636013052,216.60478585154,3324.081514627,3459.3992938253
48.6783,-126.86,5.5437579,60.6,200.93636013052,216.60478585154,3324.081514627,3459.3992938253
48.6783,-126.85,5.752306,60.4,197.26029061145,212.64206725528,3339.4387916936,3475.414739909
48.68,-126.85,5.752306,56.4,197.26029061145,212.64206725528,3339.4387916936,3475.414739909
48.6817,-126.85,5.752306,52,197.26029061145,212.64206725528,3339.4387916936,3475.414739909
48.6817,-126.85,5.752306,42.3,197.26029061145,212.64206725528,3339.4387916936,3475.414739909
48.6833,-126.84,5.752306,42.4,197.26029061145,212.64206725528,3339.4387916936,3475.414739909
48.6833,-126.84,5.752306,38.4,197.26029061145,212.64206725528,3339.4387916936,3475.414739909
48.685,-126.84,5.752306,41.8,197.26029061145,212.64206725528,3339.4387916936,3475.414739909
48.6533,-126.9,5.5437579,67.1,200.93636013052,216.60478585154,3324.081514627,3459.3992938253
48.6867,-126.84,5.752306,56.3,197.26029061145,212.64206725528,3339.4387916936,3475.414739909
48.6867,-126.84,5.752306,36.5,197.26029061145,212.64206725528,3339.4387916936,3475.414739909
48.69,-126.83,5.752306,54.2,197.26029061145,212.64206725528,3339.4387916936,3475.414739909
48.6917,-126.83,5.752306,70.9,197.26029061145,212.64206725528,3339.4387916936,3475.414739909
48.6917,-126.82,5.752306,69.9,197.26029061145,212.64206725528,3339.4387916936,3475.414739909
48.6933,-126.82,5.752306,71.3,197.26029061145,212.64206725528,3339.4387916936,3475.414739909
48.6933,-126.82,5.752306,76.2,197.26029061145,212.64206725528,3339.4387916936,3475.414739909
48.695,-126.82,5.752306,77.7,197.26029061145,212.64206725528,3339.4387916936,3475.414739909
48.6967,-126.82,5.752306,78.2,197.26029061145,212.64206725528,3339.4387916936,3475.414739909
48.655,-126.9,5.5437579,65.2,200.93636013052,216.60478585154,3324.081514627,3459.3992938253
48.6967,-126.81,5.752306,63.5,197.26029061145,212.64206725528,3339.4387916936,3475.414739909
48.6983,-126.81,5.752306,65.8,197.26029061145,212.64206725528,3339.4387916936,3475.414739909
48.705,-126.79,5.752306,61.1,197.26029061145,212.64206725528,3339.4387916936,3475.414739909
48.7067,-126.79,5.752306,43.5,197.26029061145,212.64206725528,3339.4387916936,3475.414739909
48.6567,-126.9,5.5437579,71.3,200.93636013052,216.60478585154,3324.081514627,3459.3992938253
48.6583,-126.9,5.5437579,67.9,200.93636013052,216.60478585154,3324.081514627,3459.3992938253
48.6583,-126.9,5.5437579,68.8,200.93636013052,216.60478585154,3324.081514627,3459.3992938253
48.66,-126.89,5.5437579,67.4,200.93636013052,216.60478585154,3324.081514627,3459.3992938253
48.4417,-128.473,1.1955065,338,432.69780102486,466.43830150274,2882.6872695165,2999.0881524958
48.4417,-128.466,1.1955065,493,432.69780102486,466.43830150274,2882.6872695165,2999.0881524958
48.44,-128.46,1.1955065,295,432.69780102486,466.43830150274,2882.6872695165,2999.0881524958
48.44,-128.4517,1.1955065,293,432.69780102486,466.43830150274,2882.6872695165,2999.0881524958
48.44,-128.445,1.3642263,293,405.05822019202,436.64346753922,2908.800344606,3026.3203593748
48.4383,-128.4383,1.3642263,292,405.05822019202,436.64346753922,2908.800344606,3026.3203593748
48.4383,-128.4317,1.3642263,303,405.05822019202,436.64346753922,2908.800344606,3026.3203593748
48.4367,-128.4233,1.3642263,330,405.05822019202,436.64346753922,2908.800344606,3026.3203593748
48.4367,-128.4167,1.3642263,326,405.05822019202,436.64346753922,2908.800344606,3026.3203593748
48.435,-128.41,1.3642263,310,405.05822019202,436.64346753922,2908.800344606,3026.3203593748
48.435,-128.4033,1.3642263,368,405.05822019202,436.64346753922,2908.800344606,3026.3203593748
48.4333,-128.395,1.3642263,369,405.05822019202,436.64346753922,2908.800344606,3026.3203593748
48.4333,-128.3883,1.3642263,389,405.05822019202,436.64346753922,2908.800344606,3026.3203593748
48.4633,-128.673,0.59159386,170,615.10439485193,663.06842443398,2769.2029863319,2880.7402571747
48.4583,-128.636,0.8665905,512,508.22227635983,547.85195304821,2825.8179495516,2939.7815759609
48.4567,-128.616,0.8665905,458,508.22227635983,547.85195304821,2825.8179495516,2939.7815759609
48.4567,-128.608,0.8665905,1360,508.22227635983,547.85195304821,2825.8179495516,2939.7815759609
48.4633,-128.68,0.59159386,348,615.10439485193,663.06842443398,2769.2029863319,2880.7402571747
48.4633,-128.6733,0.59159386,170,615.10439485193,663.06842443398,2769.2029863319,2880.7402571747
48.4617,-128.665,0.59159386,185,615.10439485193,663.06842443398,2769.2029863319,2880.7402571747
48.4617,-128.6583,0.59159386,376,615.10439485193,663.06842443398,2769.2029863319,2880.7402571747
48.46,-128.6517,0.59159386,229,615.10439485193,663.06842443398,2769.2029863319,2880.7402571747
48.46,-128.645,0.8665905,526,508.22227635983,547.85195304821,2825.8179495516,2939.7815759609
48.4583,-128.6367,0.8665905,512,508.22227635983,547.85195304821,2825.8179495516,2939.7815759609
48.4583,-128.63,0.8665905,209,508.22227635983,547.85195304821,2825.8179495516,2939.7815759609
48.4567,-128.6233,0.8665905,303,508.22227635983,547.85195304821,2825.8179495516,2939.7815759609
48.4567,-128.6167,0.8665905,458,508.22227635983,547.85195304821,2825.8179495516,2939.7815759609
48.4567,-128.6083,0.8665905,1360,508.22227635983,547.85195304821,2825.8179495516,2939.7815759609
48.455,-128.595,0.8665905,396,508.22227635983,547.85195304821,2825.8179495516,2939.7815759609
48.4533,-128.5883,0.8665905,155,508.22227635983,547.85195304821,2825.8179495516,2939.7815759609
48.4533,-128.58,0.8665905,333,508.22227635983,547.85195304821,2825.8179495516,2939.7815759609
48.4517,-128.5733,0.8665905,145,508.22227635983,547.85195304821,2825.8179495516,2939.7815759609
48.4517,-128.5667,0.8665905,155,508.22227635983,547.85195304821,2825.8179495516,2939.7815759609
48.45,-128.5583,0.8665905,134,508.22227635983,547.85195304821,2825.8179495516,2939.7815759609
48.45,-128.5517,0.8665905,233,508.22227635983,547.85195304821,2825.8179495516,2939.7815759609
48.4483,-128.53,1.1955065,173,432.69780102486,466.43830150274,2882.6872695165,2999.0881524958
48.4467,-128.5233,1.1955065,335,432.69780102486,466.43830150274,2882.6872695165,2999.0881524958
48.4467,-128.5167,1.1955065,389,432.69780102486,466.43830150274,2882.6872695165,2999.0881524958
48.445,-128.51,1.1955065,137,432.69780102486,466.43830150274,2882.6872695165,2999.0881524958
48.445,-128.5017,1.1955065,145,432.69780102486,466.43830150274,2882.6872695165,2999.0881524958
48.445,-128.495,1.1955065,154,432.69780102486,466.43830150274,2882.6872695165,2999.0881524958
48.4433,-128.4883,1.1955065,171,432.69780102486,466.43830150274,2882.6872695165,2999.0881524958
48.4433,-128.48,1.1955065,184,432.69780102486,466.43830150274,2882.6872695165,2999.0881524958
48.4417,-128.4733,1.1955065,338,432.69780102486,466.43830150274,2882.6872695165,2999.0881524958
48.4417,-128.4667,1.1955065,493,432.69780102486,466.43830150274,2882.6872695165,2999.0881524958
48.455,-128.595,0.8665905,396,508.22227635983,547.85195304821,2825.8179495516,2939.7815759609
48.4533,-128.588,0.8665905,155,508.22227635983,547.85195304821,2825.8179495516,2939.7815759609
48.4533,-128.58,0.8665905,333,508.22227635983,547.85195304821,2825.8179495516,2939.7815759609
48.4517,-128.573,0.8665905,145,508.22227635983,547.85195304821,2825.8179495516,2939.7815759609
48.4517,-128.566,0.8665905,155,508.22227635983,547.85195304821,2825.8179495516,2939.7815759609
48.45,-128.558,0.8665905,134,508.22227635983,547.85195304821,2825.8179495516,2939.7815759609
48.45,-128.551,0.8665905,233,508.22227635983,547.85195304821,2825.8179495516,2939.7815759609
48.4483,-128.53,1.1955065,173,432.69780102486,466.43830150274,2882.6872695165,2999.0881524958
48.4467,-128.523,1.1955065,335,432.69780102486,466.43830150274,2882.6872695165,2999.0881524958
48.4467,-128.516,1.1955065,389,432.69780102486,466.43830150274,2882.6872695165,2999.0881524958
48.445,-128.51,1.1955065,137,432.69780102486,466.43830150274,2882.6872695165,2999.0881524958
48.445,-128.501,1.1955065,145,432.69780102486,466.43830150274,2882.6872695165,2999.0881524958
48.445,-128.495,1.1955065,154,432.69780102486,466.43830150274,2882.6872695165,2999.0881524958
48.4433,-128.488,1.1955065,171,432.69780102486,466.43830150274,2882.6872695165,2999.0881524958
48.4433,-128.48,1.1955065,184,432.69780102486,466.43830150274,2882.6872695165,2999.0881524958
48.36,-126.225,6.6210885,87,183.86368607476,198.20083494212,3400.601655145,3539.198868937
48.3547,-126.235,6.6210885,92,183.86368607476,198.20083494212,3400.601655145,3539.198868937
48.352,-126.24,6.6210885,82,183.86368607476,198.20083494212,3400.601655145,3539.198868937
48.3493,-126.245,6.6882067,83,182.93879566971,197.20382430655,3405.154860093,3543.9472112399
48.3467,-126.25,6.6882067,81,182.93879566971,197.20382430655,3405.154860093,3543.9472112399
48.335,-126.263,6.5365396,90,185.04898643471,199.4785615341,3394.8330017383,3533.1829875271
48.324,-126.306,6.5365396,103,185.04898643471,199.4785615341,3394.8330017383,3533.1829875271
48.3186,-126.328,6.5365396,66,185.04898643471,199.4785615341,3394.8330017383,3533.1829875271
48.3131,-126.35,6.5365396,76,185.04898643471,199.4785615341,3394.8330017383,3533.1829875271
48.3076,-126.371,6.2660885,91,189.00025789345,203.73794150698,3376.1254711798,3513.6737056589
48.3021,-126.393,6.2660885,79,189.00025789345,203.73794150698,3376.1254711798,3513.6737056589
48.2967,-126.415,6.2660885,95,189.00025789345,203.73794150698,3376.1254711798,3513.6737056589
48.2912,-126.436,6.2660885,93,189.00025789345,203.73794150698,3376.1254711798,3513.6737056589
48.2857,-126.458,5.9780002,89,193.50076947019,208.58938972505,3355.748224947,3492.4231488733
48.2802,-126.48,5.9780002,124,193.50076947019,208.58938972505,3355.748224947,3492.4231488733
48.2748,-126.501,5.9780002,119,193.50076947019,208.58938972505,3355.748224947,3492.4231488733
48.2693,-126.523,5.9780002,118,193.50076947019,208.58938972505,3355.748224947,3492.4231488733
48.2638,-126.545,5.9780002,103,193.50076947019,208.58938972505,3355.748224947,3492.4231488733
48.2583,-126.566,5.7164354,91,197.87822634894,213.30818780212,3336.8173853954,3472.6809876266
48.1583,-126.606,5.7203693,106,197.81017418377,213.23482912948,3337.1052736962,3472.9812139975
48.1477,-126.627,5.9089842,112,194.6275181369,209.80399893517,3350.7940787876,3487.2566821642
48.1425,-126.637,5.9089842,115,194.6275181369,209.80399893517,3350.7940787876,3487.2566821642
48.1372,-126.647,5.9089842,116,194.6275181369,209.80399893517,3350.7940787876,3487.2566821642
48.1319,-126.657,5.7152658,114,197.89847269812,213.33001290199,3336.73177333,3472.5917064727
48.1266,-126.667,5.7152658,122,197.89847269812,213.33001290199,3336.73177333,3472.5917064727
48.1213,-126.678,5.7152658,127,197.89847269812,213.33001290199,3336.73177333,3472.5917064727
48.116,-126.688,5.7152658,120,197.89847269812,213.33001290199,3336.73177333,3472.5917064727
48.1107,-126.698,5.7152658,118,197.89847269812,213.33001290199,3336.73177333,3472.5917064727
48.1054,-126.708,5.7152658,124,197.89847269812,213.33001290199,3336.73177333,3472.5917064727
48.1001,-126.718,5.7152658,123,197.89847269812,213.33001290199,3336.73177333,3472.5917064727
48.0948,-126.729,5.7152658,141,197.89847269812,213.33001290199,3336.73177333,3472.5917064727
48.0895,-126.739,5.7152658,142,197.89847269812,213.33001290199,3336.73177333,3472.5917064727
48.0842,-126.749,5.7152658,136,197.89847269812,213.33001290199,3336.73177333,3472.5917064727
48.0789,-126.759,5.4567189,121,202.53256737976,218.32546064217,3317.586732555,3452.6261639502
48.0736,-126.769,5.4567189,78,202.53256737976,218.32546064217,3317.586732555,3452.6261639502
48.0683,-126.78,5.4567189,135,202.53256737976,218.32546064217,3317.586732555,3452.6261639502
48.56,-127.078,4.5077429,109,222.83381209863,240.20973664873,3243.1006023749,3374.9477710482
48.554,-127.088,4.5077429,108,222.83381209863,240.20973664873,3243.1006023749,3374.9477710482
48.551,-127.093,4.5077429,112,222.83381209863,240.20973664873,3243.1006023749,3374.9477710482
48.548,-127.098,4.3637662,118,226.48003419634,244.14028040959,3231.1370319578,3362.4714761845
48.545,-127.103,4.3637662,118,226.48003419634,244.14028040959,3231.1370319578,3362.4714761845
48.6783,-126.84,5.752306,89,197.26029061145,212.64206725528,3339.4387916936,3475.414739909
48.6707,-126.855,5.5437579,96,200.93636013052,216.60478585154,3324.081514627,3459.3992938253
48.6669,-126.863,5.5437579,88,200.93636013052,216.60478585154,3324.081514627,3459.3992938253
48.6631,-126.87,5.5437579,92,200.93636013052,216.60478585154,3324.081514627,3459.3992938253
48.6594,-126.878,5.5437579,97,200.93636013052,216.60478585154,3324.081514627,3459.3992938253
48.6556,-126.886,5.5437579,96,200.93636013052,216.60478585154,3324.081514627,3459.3992938253
48.6518,-126.893,5.5437579,107,200.93636013052,216.60478585154,3324.081514627,3459.3992938253
48.648,-126.901,5.0980859,107,209.53524517387,225.8741866318,3290.2629453226,3424.131357265
48.6442,-126.909,5.0980859,96,209.53524517387,225.8741866318,3290.2629453226,3424.131357265
48.6404,-126.916,5.0980859,103,209.53524517387,225.8741866318,3290.2629453226,3424.131357265
48.6366,-126.924,5.0980859,93,209.53524517387,225.8741866318,3290.2629453226,3424.131357265
48.6328,-126.932,5.0980859,84,209.53524517387,225.8741866318,3290.2629453226,3424.131357265
48.629,-126.939,5.0980859,84,209.53524517387,225.8741866318,3290.2629453226,3424.131357265
48.6252,-126.947,5.0980859,109,209.53524517387,225.8741866318,3290.2629453226,3424.131357265
48.6214,-126.955,4.8090472,102,215.74023087963,232.56301885279,3267.5338963199,3400.4282061622
48.6176,-126.963,4.8090472,110,215.74023087963,232.56301885279,3267.5338963199,3400.4282061622
48.6138,-126.97,4.8090472,109,215.74023087963,232.56301885279,3267.5338963199,3400.4282061622
48.61,-126.978,4.8090472,110,215.74023087963,232.56301885279,3267.5338963199,3400.4282061622
48.76,-126.673,6.336699,82,187.94428311826,202.59962492806,3381.048027919,3518.8072291156
48.7448,-126.703,5.9347811,81,194.20406068911,209.34752152244,3352.6492155336,3489.1913247707
48.7371,-126.719,5.9347811,75,194.20406068911,209.34752152244,3352.6492155336,3489.1913247707
48.7295,-126.734,5.9347811,67,194.20406068911,209.34752152244,3352.6492155336,3489.1913247707
48.7219,-126.749,5.9347811,82,194.20406068911,209.34752152244,3352.6492155336,3489.1913247707
48.7143,-126.764,5.752306,72,197.26029061145,212.64206725528,3339.4387916936,3475.414739909
48.7067,-126.78,5.752306,92,197.26029061145,212.64206725528,3339.4387916936,3475.414739909
48.2633,-126.37,6.2660885,95,189.00025789345,203.73794150698,3376.1254711798,3513.6737056589
48.2579,-126.382,6.2660885,92,189.00025789345,203.73794150698,3376.1254711798,3513.6737056589
48.2551,-126.388,6.2660885,95,189.00025789345,203.73794150698,3376.1254711798,3513.6737056589
48.2524,-126.394,6.2660885,103,189.00025789345,203.73794150698,3376.1254711798,3513.6737056589
48.2497,-126.4,6.2521348,94,189.21104853919,203.96516898662,3375.1494232415,3512.6558270947
48.2469,-126.406,6.2521348,105,189.21104853919,203.96516898662,3375.1494232415,3512.6558270947
48.2442,-126.412,6.2521348,106,189.21104853919,203.96516898662,3375.1494232415,3512.6558270947
48.2415,-126.418,6.2521348,100,189.21104853919,203.96516898662,3375.1494232415,3512.6558270947
48.2388,-126.424,6.2521348,95,189.21104853919,203.96516898662,3375.1494232415,3512.6558270947
48.236,-126.43,6.2521348,97,189.21104853919,203.96516898662,3375.1494232415,3512.6558270947
48.2333,-126.436,6.2521348,99,189.21104853919,203.96516898662,3375.1494232415,3512.6558270947
48.2306,-126.442,6.2521348,103,189.21104853919,203.96516898662,3375.1494232415,3512.6558270947
48.2278,-126.448,6.2521348,109,189.21104853919,203.96516898662,3375.1494232415,3512.6558270947
48.2251,-126.454,5.9770608,127,193.51597489366,208.60578082267,3355.6809849471,3492.3530271591
48.2224,-126.46,5.9770608,101,193.51597489366,208.60578082267,3355.6809849471,3492.3530271591
48.2196,-126.466,5.9770608,91,193.51597489366,208.60578082267,3355.6809849471,3492.3530271591
48.2169,-126.472,5.9770608,94,193.51597489366,208.60578082267,3355.6809849471,3492.3530271591
48.2142,-126.478,5.9770608,100,193.51597489366,208.60578082267,3355.6809849471,3492.3530271591
48.2114,-126.484,5.9770608,93,193.51597489366,208.60578082267,3355.6809849471,3492.3530271591
48.2087,-126.49,5.9770608,89,193.51597489366,208.60578082267,3355.6809849471,3492.3530271591
48.206,-126.496,5.9770608,66,193.51597489366,208.60578082267,3355.6809849471,3492.3530271591
48.2032,-126.502,5.9770608,129,193.51597489366,208.60578082267,3355.6809849471,3492.3530271591
48.2005,-126.508,5.9770608,46,193.51597489366,208.60578082267,3355.6809849471,3492.3530271591
48.1978,-126.514,5.9770608,69,193.51597489366,208.60578082267,3355.6809849471,3492.3530271591
48.195,-126.52,5.9770608,67,193.51597489366,208.60578082267,3355.6809849471,3492.3530271591
48.1923,-126.526,5.9770608,94,193.51597489366,208.60578082267,3355.6809849471,3492.3530271591
48.1896,-126.532,5.9770608,115,193.51597489366,208.60578082267,3355.6809849471,3492.3530271591
48.1869,-126.538,5.9770608,121,193.51597489366,208.60578082267,3355.6809849471,3492.3530271591
48.1841,-126.544,5.9770608,97,193.51597489366,208.60578082267,3355.6809849471,3492.3530271591
48.1814,-126.55,5.7203693,120,197.81017418377,213.23482912948,3337.1052736962,3472.9812139975
48.1787,-126.556,5.7203693,110,197.81017418377,213.23482912948,3337.1052736962,3472.9812139975
48.1759,-126.562,5.7203693,114,197.81017418377,213.23482912948,3337.1052736962,3472.9812139975
48.1732,-126.568,5.7203693,112,197.81017418377,213.23482912948,3337.1052736962,3472.9812139975
48.1705,-126.574,5.7203693,111,197.81017418377,213.23482912948,3337.1052736962,3472.9812139975
48.1677,-126.58,5.7203693,114,197.81017418377,213.23482912948,3337.1052736962,3472.9812139975
48.165,-126.586,5.7203693,130,197.81017418377,213.23482912948,3337.1052736962,3472.9812139975
48.415,-126.965,4.6329985,147,219.8009571006,236.94038854796,3253.354044424,3385.6406463279
48.425,-126.977,4.6329985,147,219.8009571006,236.94038854796,3253.354044424,3385.6406463279
48.43,-126.984,4.6329985,142,219.8009571006,236.94038854796,3253.354044424,3385.6406463279
48.435,-126.99,4.6329985,145,219.8009571006,236.94038854796,3253.354044424,3385.6406463279
48.44,-126.997,4.6329985,145,219.8009571006,236.94038854796,3253.354044424,3385.6406463279
48.445,-127.003,4.6329985,139,219.8009571006,236.94038854796,3253.354044424,3385.6406463279
48.45,-127.01,4.6428313,117,219.56808148788,236.68935398065,3254.1530575752,3386.4739028998
48.355,-126.223,6.6210885,89,183.86368607476,198.20083494212,3400.601655145,3539.198868937
48.56,-127.0783,4.5077429,109,222.83381209863,240.20973664873,3243.1006023749,3374.9477710482
48.5563,-127.0846,4.5077429,108,222.83381209863,240.20973664873,3243.1006023749,3374.9477710482
48.5525,-127.0908,4.5077429,112,222.83381209863,240.20973664873,3243.1006023749,3374.9477710482
48.5488,-127.0971,4.3637662,118,226.48003419634,244.14028040959,3231.1370319578,3362.4714761845
48.6783,-126.84,5.752306,89,197.26029061145,212.64206725528,3339.4387916936,3475.414739909
48.6743,-126.8481,5.752306,96,197.26029061145,212.64206725528,3339.4387916936,3475.414739909
48.6703,-126.8563,5.5437579,88,200.93636013052,216.60478585154,3324.081514627,3459.3992938253
48.6663,-126.8644,5.5437579,92,200.93636013052,216.60478585154,3324.081514627,3459.3992938253
48.6623,-126.8725,5.5437579,97,200.93636013052,216.60478585154,3324.081514627,3459.3992938253
48.6582,-126.8807,5.5437579,96,200.93636013052,216.60478585154,3324.081514627,3459.3992938253
48.6542,-126.8888,5.5437579,107,200.93636013052,216.60478585154,3324.081514627,3459.3992938253
48.6462,-126.9051,5.0980859,96,209.53524517387,225.8741866318,3290.2629453226,3424.131357265
48.6422,-126.9132,5.0980859,103,209.53524517387,225.8741866318,3290.2629453226,3424.131357265
48.6381,-126.9214,5.0980859,93,209.53524517387,225.8741866318,3290.2629453226,3424.131357265
48.6341,-126.9295,5.0980859,84,209.53524517387,225.8741866318,3290.2629453226,3424.131357265
48.6261,-126.9458,5.0980859,109,209.53524517387,225.8741866318,3290.2629453226,3424.131357265
48.6221,-126.9539,4.8090472,102,215.74023087963,232.56301885279,3267.5338963199,3400.4282061622
48.618,-126.9621,4.8090472,110,215.74023087963,232.56301885279,3267.5338963199,3400.4282061622
48.614,-126.9702,4.8090472,109,215.74023087963,232.56301885279,3267.5338963199,3400.4282061622
48.61,-126.9783,4.8090472,110,215.74023087963,232.56301885279,3267.5338963199,3400.4282061622
48.76,-126.6732,6.336699,82,187.94428311826,202.59962492806,3381.048027919,3518.8072291156
48.7511,-126.691,6.336699,81,187.94428311826,202.59962492806,3381.048027919,3518.8072291156
48.7422,-126.7088,5.9347811,75,194.20406068911,209.34752152244,3352.6492155336,3489.1913247707
48.7333,-126.7266,5.9347811,67,194.20406068911,209.34752152244,3352.6492155336,3489.1913247707
48.7245,-126.7444,5.9347811,82,194.20406068911,209.34752152244,3352.6492155336,3489.1913247707
48.7156,-126.7622,5.752306,72,197.26029061145,212.64206725528,3339.4387916936,3475.414739909
48.7067,-126.78,5.752306,92,197.26029061145,212.64206725528,3339.4387916936,3475.414739909
48.2633,-126.37,6.2660885,95,189.00025789345,203.73794150698,3376.1254711798,3513.6737056589
48.2605,-126.3762,6.2660885,92,189.00025789345,203.73794150698,3376.1254711798,3513.6737056589
48.2577,-126.3824,6.2660885,95,189.00025789345,203.73794150698,3376.1254711798,3513.6737056589
48.2549,-126.3886,6.2660885,103,189.00025789345,203.73794150698,3376.1254711798,3513.6737056589
48.2521,-126.3948,6.2660885,94,189.00025789345,203.73794150698,3376.1254711798,3513.6737056589
48.2493,-126.401,6.2521348,105,189.21104853919,203.96516898662,3375.1494232415,3512.6558270947
48.2465,-126.4071,6.2521348,106,189.21104853919,203.96516898662,3375.1494232415,3512.6558270947
48.2437,-126.4133,6.2521348,100,189.21104853919,203.96516898662,3375.1494232415,3512.6558270947
48.2409,-126.4195,6.2521348,95,189.21104853919,203.96516898662,3375.1494232415,3512.6558270947
48.238,-126.4257,6.2521348,97,189.21104853919,203.96516898662,3375.1494232415,3512.6558270947
48.2352,-126.4319,6.2521348,99,189.21104853919,203.96516898662,3375.1494232415,3512.6558270947
48.2324,-126.4381,6.2521348,103,189.21104853919,203.96516898662,3375.1494232415,3512.6558270947
48.2296,-126.4443,6.2521348,109,189.21104853919,203.96516898662,3375.1494232415,3512.6558270947
48.2268,-126.4505,5.9770608,127,193.51597489366,208.60578082267,3355.6809849471,3492.3530271591
48.224,-126.4567,5.9770608,101,193.51597489366,208.60578082267,3355.6809849471,3492.3530271591
48.2212,-126.4629,5.9770608,91,193.51597489366,208.60578082267,3355.6809849471,3492.3530271591
48.2184,-126.469,5.9770608,94,193.51597489366,208.60578082267,3355.6809849471,3492.3530271591
48.2156,-126.4752,5.9770608,100,193.51597489366,208.60578082267,3355.6809849471,3492.3530271591
48.2128,-126.4814,5.9770608,93,193.51597489366,208.60578082267,3355.6809849471,3492.3530271591
48.21,-126.4876,5.9770608,89,193.51597489366,208.60578082267,3355.6809849471,3492.3530271591
48.2071,-126.4938,5.9770608,66,193.51597489366,208.60578082267,3355.6809849471,3492.3530271591
48.2043,-126.5,5.9770608,129,193.51597489366,208.60578082267,3355.6809849471,3492.3530271591
48.2015,-126.5062,5.9770608,46,193.51597489366,208.60578082267,3355.6809849471,3492.3530271591
48.1987,-126.5124,5.9770608,69,193.51597489366,208.60578082267,3355.6809849471,3492.3530271591
48.1959,-126.5186,5.9770608,67,193.51597489366,208.60578082267,3355.6809849471,3492.3530271591
48.1931,-126.5248,5.9770608,94,193.51597489366,208.60578082267,3355.6809849471,3492.3530271591
48.1903,-126.531,5.9770608,115,193.51597489366,208.60578082267,3355.6809849471,3492.3530271591
48.1875,-126.5371,5.9770608,121,193.51597489366,208.60578082267,3355.6809849471,3492.3530271591
48.1847,-126.5433,5.9770608,97,193.51597489366,208.60578082267,3355.6809849471,3492.3530271591
48.1819,-126.5495,5.9770608,120,193.51597489366,208.60578082267,3355.6809849471,3492.3530271591
48.1791,-126.5557,5.7203693,110,197.81017418377,213.23482912948,3337.1052736962,3472.9812139975
48.1762,-126.5619,5.7203693,114,197.81017418377,213.23482912948,3337.1052736962,3472.9812139975
48.1734,-126.5681,5.7203693,112,197.81017418377,213.23482912948,3337.1052736962,3472.9812139975
48.1706,-126.5743,5.7203693,111,197.81017418377,213.23482912948,3337.1052736962,3472.9812139975
48.1678,-126.5805,5.7203693,114,197.81017418377,213.23482912948,3337.1052736962,3472.9812139975
48.165,-126.5867,5.7203693,130,197.81017418377,213.23482912948,3337.1052736962,3472.9812139975
48.4115,-126.965,4.6329985,147,219.8009571006,236.94038854796,3253.354044424,3385.6406463279
48.4243,-126.98,4.6329985,142,219.8009571006,236.94038854796,3253.354044424,3385.6406463279
48.4308,-126.9875,4.6329985,145,219.8009571006,236.94038854796,3253.354044424,3385.6406463279
48.4436,-127.0025,4.6329985,139,219.8009571006,236.94038854796,3253.354044424,3385.6406463279
48.45,-127.01,4.6428313,117,219.56808148788,236.68935398065,3254.1530575752,3386.4739028998
48.355,-126.2233,6.6210885,89,183.86368607476,198.20083494212,3400.601655145,3539.198868937
48.36,-126.225,6.6210885,87,183.86368607476,198.20083494212,3400.601655145,3539.198868937
48.3567,-126.2313,6.6210885,92,183.86368607476,198.20083494212,3400.601655145,3539.198868937
48.3533,-126.2375,6.6210885,82,183.86368607476,198.20083494212,3400.601655145,3539.198868937
48.35,-126.2437,6.6210885,83,183.86368607476,198.20083494212,3400.601655145,3539.198868937
48.3467,-126.25,6.6882067,81,182.93879566971,197.20382430655,3405.154860093,3543.9472112399
48.335,-126.2633,6.5365396,90,185.04898643471,199.4785615341,3394.8330017383,3533.1829875271
48.3307,-126.2727,6.5365396,103,185.04898643471,199.4785615341,3394.8330017383,3533.1829875271
48.3263,-126.282,6.5365396,66,185.04898643471,199.4785615341,3394.8330017383,3533.1829875271
48.322,-126.2913,6.5365396,76,185.04898643471,199.4785615341,3394.8330017383,3533.1829875271
48.3176,-126.3007,6.5365396,91,185.04898643471,199.4785615341,3394.8330017383,3533.1829875271
48.3133,-126.31,6.5365396,79,185.04898643471,199.4785615341,3394.8330017383,3533.1829875271
48.2867,-126.5067,5.9780002,95,193.50076947019,208.58938972505,3355.748224947,3492.4231488733
48.2826,-126.5152,5.9780002,93,193.50076947019,208.58938972505,3355.748224947,3492.4231488733
48.2786,-126.5238,5.9780002,89,193.50076947019,208.58938972505,3355.748224947,3492.4231488733
48.2745,-126.5324,5.9780002,124,193.50076947019,208.58938972505,3355.748224947,3492.4231488733
48.2705,-126.541,5.9780002,119,193.50076947019,208.58938972505,3355.748224947,3492.4231488733
48.2664,-126.5495,5.9780002,118,193.50076947019,208.58938972505,3355.748224947,3492.4231488733
48.2624,-126.5581,5.7164354,103,197.87822634894,213.30818780212,3336.8173853954,3472.6809876266
48.2583,-126.5667,5.7164354,91,197.87822634894,213.30818780212,3336.8173853954,3472.6809876266
48.1583,-126.6067,5.7203693,106,197.81017418377,213.23482912948,3337.1052736962,3472.9812139975
48.1527,-126.6175,5.7203693,112,197.81017418377,213.23482912948,3337.1052736962,3472.9812139975
48.1471,-126.6283,5.9089842,115,194.6275181369,209.80399893517,3350.7940787876,3487.2566821642
48.1415,-126.6392,5.9089842,116,194.6275181369,209.80399893517,3350.7940787876,3487.2566821642
48.1358,-126.65,5.7152658,114,197.89847269812,213.33001290199,3336.73177333,3472.5917064727
48.1302,-126.6608,5.7152658,122,197.89847269812,213.33001290199,3336.73177333,3472.5917064727
48.1246,-126.6717,5.7152658,127,197.89847269812,213.33001290199,3336.73177333,3472.5917064727
48.119,-126.6825,5.7152658,120,197.89847269812,213.33001290199,3336.73177333,3472.5917064727
48.1133,-126.6933,5.7152658,118,197.89847269812,213.33001290199,3336.73177333,3472.5917064727
48.1077,-126.7042,5.7152658,124,197.89847269812,213.33001290199,3336.73177333,3472.5917064727
48.1021,-126.715,5.7152658,123,197.89847269812,213.33001290199,3336.73177333,3472.5917064727
48.0965,-126.7258,5.7152658,141,197.89847269812,213.33001290199,3336.73177333,3472.5917064727
48.0908,-126.7367,5.7152658,142,197.89847269812,213.33001290199,3336.73177333,3472.5917064727
48.0852,-126.7475,5.7152658,136,197.89847269812,213.33001290199,3336.73177333,3472.5917064727
48.074,-126.7692,5.4567189,78,202.53256737976,218.32546064217,3317.586732555,3452.6261639502
48.0683,-126.78,5.4567189,135,202.53256737976,218.32546064217,3317.586732555,3452.6261639502
47.925,-128.85,0.66285837,166,581.09921225716,626.41161782617,2784.956400744,2897.1688179188
47.9242,-128.839,0.66285837,149,581.09921225716,626.41161782617,2784.956400744,2897.1688179188
47.9233,-128.837,0.66285837,94,581.09921225716,626.41161782617,2784.956400744,2897.1688179188
47.9217,-128.827,0.66285837,113,581.09921225716,626.41161782617,2784.956400744,2897.1688179188
47.92,-128.821,0.66285837,111,581.09921225716,626.41161782617,2784.956400744,2897.1688179188
47.9188,-128.815,0.66285837,115,581.09921225716,626.41161782617,2784.956400744,2897.1688179188
47.9183,-128.81,0.66285837,98,581.09921225716,626.41161782617,2784.956400744,2897.1688179188
47.914,-128.808,0.66285837,88,581.09921225716,626.41161782617,2784.956400744,2897.1688179188
47.9133,-128.804,0.66285837,96,581.09921225716,626.41161782617,2784.956400744,2897.1688179188
47.9108,-128.796,0.66285837,115,581.09921225716,626.41161782617,2784.956400744,2897.1688179188
47.9083,-128.792,0.66285837,131,581.09921225716,626.41161782617,2784.956400744,2897.1688179188
47.9008,-128.778,0.66285837,166,581.09921225716,626.41161782617,2784.956400744,2897.1688179188
47.8783,-128.725,0.91232389,247,495.3203091145,533.94392838596,2834.3047659322,2948.6321130436
47.877,-128.719,0.91232389,228,495.3203091145,533.94392838596,2834.3047659322,2948.6321130436
47.8752,-128.714,0.91232389,249,495.3203091145,533.94392838596,2834.3047659322,2948.6321130436
47.8715,-128.708,0.91232389,260,495.3203091145,533.94392838596,2834.3047659322,2948.6321130436
47.8717,-128.7,0.91232389,290,495.3203091145,533.94392838596,2834.3047659322,2948.6321130436
47.8715,-128.695,0.91232389,282,495.3203091145,533.94392838596,2834.3047659322,2948.6321130436
47.8685,-128.685,0.91232389,357,495.3203091145,533.94392838596,2834.3047659322,2948.6321130436
47.863,-128.68,0.91232389,273,495.3203091145,533.94392838596,2834.3047659322,2948.6321130436
47.8615,-128.672,0.91232389,290,495.3203091145,533.94392838596,2834.3047659322,2948.6321130436
47.8612,-128.668,0.91232389,273,495.3203091145,533.94392838596,2834.3047659322,2948.6321130436
47.8563,-128.662,0.91232389,333,495.3203091145,533.94392838596,2834.3047659322,2948.6321130436
47.8565,-128.655,0.91232389,456,495.3203091145,533.94392838596,2834.3047659322,2948.6321130436
47.8542,-128.643,1.1679138,334,437.77934178494,471.91608584908,2878.245212131,2994.4557212223
47.85,-128.638,1.1679138,245,437.77934178494,471.91608584908,2878.245212131,2994.4557212223
47.8517,-128.63,1.1679138,275,437.77934178494,471.91608584908,2878.245212131,2994.4557212223
47.9608,-128.808,0.50150979,358,668.06843298537,720.16244231245,2747.8607457324,2858.4833491209
47.9565,-128.807,0.50150979,478,668.06843298537,720.16244231245,2747.8607457324,2858.4833491209
47.9525,-128.806,0.50150979,390,668.06843298537,720.16244231245,2747.8607457324,2858.4833491209
47.9467,-128.813,0.66285837,386,581.09921225716,626.41161782617,2784.956400744,2897.1688179188
47.9413,-128.81,0.66285837,364,581.09921225716,626.41161782617,2784.956400744,2897.1688179188
47.9342,-128.832,0.66285837,304,581.09921225716,626.41161782617,2784.956400744,2897.1688179188
47.9292,-128.818,0.66285837,112,581.09921225716,626.41161782617,2784.956400744,2897.1688179188
47.925,-128.82,0.66285837,153,581.09921225716,626.41161782617,2784.956400744,2897.1688179188
47.9197,-128.821,0.66285837,73,581.09921225716,626.41161782617,2784.956400744,2897.1688179188
47.9158,-128.827,0.66285837,175,581.09921225716,626.41161782617,2784.956400744,2897.1688179188
47.9108,-128.824,0.66285837,113,581.09921225716,626.41161782617,2784.956400744,2897.1688179188
47.904,-128.827,0.66285837,110,581.09921225716,626.41161782617,2784.956400744,2897.1688179188
47.8967,-128.828,0.66285837,180,581.09921225716,626.41161782617,2784.956400744,2897.1688179188
47.8907,-128.827,0.66285837,139,581.09921225716,626.41161782617,2784.956400744,2897.1688179188
47.8865,-128.827,0.66285837,123,581.09921225716,626.41161782617,2784.956400744,2897.1688179188
47.8792,-128.831,0.66285837,114,581.09921225716,626.41161782617,2784.956400744,2897.1688179188
47.8737,-128.833,0.66285837,119,581.09921225716,626.41161782617,2784.956400744,2897.1688179188
47.8692,-128.835,0.66285837,125,581.09921225716,626.41161782617,2784.956400744,2897.1688179188
47.8645,-128.837,0.66285837,265,581.09921225716,626.41161782617,2784.956400744,2897.1688179188
47.9923,-128.792,0.50150979,208,668.06843298537,720.16244231245,2747.8607457324,2858.4833491209
47.988,-128.796,0.50150979,170,668.06843298537,720.16244231245,2747.8607457324,2858.4833491209
47.9837,-128.795,0.50150979,172,668.06843298537,720.16244231245,2747.8607457324,2858.4833491209
47.9772,-128.799,0.50150979,148,668.06843298537,720.16244231245,2747.8607457324,2858.4833491209
47.9707,-128.805,0.50150979,177,668.06843298537,720.16244231245,2747.8607457324,2858.4833491209
47.9697,-128.813,0.50150979,161,668.06843298537,720.16244231245,2747.8607457324,2858.4833491209
47.965,-128.825,0.50150979,131,668.06843298537,720.16244231245,2747.8607457324,2858.4833491209
47.9632,-128.823,0.50150979,139,668.06843298537,720.16244231245,2747.8607457324,2858.4833491209
47.9402,-128.761,0.66285837,91,581.09921225716,626.41161782617,2784.956400744,2897.1688179188
47.942,-128.768,0.66285837,106,581.09921225716,626.41161782617,2784.956400744,2897.1688179188
47.9467,-128.784,0.66285837,111,581.09921225716,626.41161782617,2784.956400744,2897.1688179188
47.948,-128.791,0.66285837,85,581.09921225716,626.41161782617,2784.956400744,2897.1688179188
47.9487,-128.8,0.66285837,85,581.09921225716,626.41161782617,2784.956400744,2897.1688179188
47.9497,-128.806,0.66285837,157,581.09921225716,626.41161782617,2784.956400744,2897.1688179188
47.9583,-128.829,0.50150979,92,668.06843298537,720.16244231245,2747.8607457324,2858.4833491209
47.8247,-128.667,1.1115648,571,448.73843215919,483.72973382249,2869.0077072366,2984.822323261
47.83,-128.669,1.1115648,542,448.73843215919,483.72973382249,2869.0077072366,2984.822323261
47.8375,-128.675,1.1115648,409,448.73843215919,483.72973382249,2869.0077072366,2984.822323261
47.843,-128.68,1.1115648,427,448.73843215919,483.72973382249,2869.0077072366,2984.822323261
47.8542,-128.682,0.91232389,312,495.3203091145,533.94392838596,2834.3047659322,2948.6321130436
47.858,-128.683,0.91232389,298,495.3203091145,533.94392838596,2834.3047659322,2948.6321130436
47.8655,-128.685,0.91232389,360,495.3203091145,533.94392838596,2834.3047659322,2948.6321130436
47.8705,-128.687,0.91232389,274,495.3203091145,533.94392838596,2834.3047659322,2948.6321130436
47.8758,-128.689,0.91232389,251,495.3203091145,533.94392838596,2834.3047659322,2948.6321130436
47.8822,-128.695,0.91232389,291,495.3203091145,533.94392838596,2834.3047659322,2948.6321130436
47.8837,-128.698,0.91232389,304,495.3203091145,533.94392838596,2834.3047659322,2948.6321130436
47.8908,-128.701,0.91232389,266,495.3203091145,533.94392838596,2834.3047659322,2948.6321130436
47.8608,-128.636,1.1679138,271,437.77934178494,471.91608584908,2878.245212131,2994.4557212223
47.867,-128.64,1.1679138,274,437.77934178494,471.91608584908,2878.245212131,2994.4557212223
47.8708,-128.642,1.1679138,358,437.77934178494,471.91608584908,2878.245212131,2994.4557212223
47.8762,-128.645,1.1679138,245,437.77934178494,471.91608584908,2878.245212131,2994.4557212223
47.8808,-128.647,1.1679138,309,437.77934178494,471.91608584908,2878.245212131,2994.4557212223
47.885,-128.652,0.91232389,298,495.3203091145,533.94392838596,2834.3047659322,2948.6321130436
47.8875,-128.657,0.91232389,207,495.3203091145,533.94392838596,2834.3047659322,2948.6321130436
47.8908,-128.658,0.91232389,384,495.3203091145,533.94392838596,2834.3047659322,2948.6321130436
47.8938,-128.658,0.91232389,364,495.3203091145,533.94392838596,2834.3047659322,2948.6321130436
47.8967,-128.663,0.91232389,398,495.3203091145,533.94392838596,2834.3047659322,2948.6321130436
47.899,-128.666,0.91232389,387,495.3203091145,533.94392838596,2834.3047659322,2948.6321130436
47.7505,-127.218,4.4126673,146,225.22161419461,242.78373252144,3235.2222414005,3366.731766032
47.7523,-127.226,4.4126673,140,225.22161419461,242.78373252144,3235.2222414005,3366.731766032
47.7535,-127.237,4.4126673,146,225.22161419461,242.78373252144,3235.2222414005,3366.731766032
47.7555,-127.252,4.2658925,142,229.06340145183,246.92509103714,3222.8912997471,3353.8723554505
47.7575,-127.259,4.2658925,143,229.06340145183,246.92509103714,3222.8912997471,3353.8723554505
47.7583,-127.266,4.2658925,147,229.06340145183,246.92509103714,3222.8912997471,3353.8723554505
47.7743,-127.334,4.2658925,161,229.06340145183,246.92509103714,3222.8912997471,3353.8723554505
47.7758,-127.347,4.2658925,154,229.06340145183,246.92509103714,3222.8912997471,3353.8723554505
47.7775,-127.354,4.1103892,166,233.35611510341,251.5525378597,3209.5933180351,3340.0044602366
47.7792,-127.359,4.1103892,158,233.35611510341,251.5525378597,3209.5933180351,3340.0044602366
47.7808,-127.372,4.1103892,181,233.35611510341,251.5525378597,3209.5933180351,3340.0044602366
47.785,-127.388,4.1103892,155,233.35611510341,251.5525378597,3209.5933180351,3340.0044602366
47.7858,-127.395,4.1103892,145,233.35611510341,251.5525378597,3209.5933180351,3340.0044602366
47.8363,-127.722,3.3711357,1164,257.67515241703,277.76790209746,3142.6228468161,3270.1638259653
47.8403,-127.741,3.3711357,759,257.67515241703,277.76790209746,3142.6228468161,3270.1638259653
47.8417,-127.749,3.3711357,310,257.67515241703,277.76790209746,3142.6228468161,3270.1638259653
47.8435,-127.765,3.1612465,253,266.09179195412,286.84084640349,3122.2963090442,3248.9661508604
47.8443,-127.772,3.1612465,223,266.09179195412,286.84084640349,3122.2963090442,3248.9661508604
47.845,-127.777,3.1612465,194,266.09179195412,286.84084640349,3122.2963090442,3248.9661508604
47.8473,-127.785,3.1612465,213,266.09179195412,286.84084640349,3122.2963090442,3248.9661508604
47.8483,-127.795,3.1612465,209,266.09179195412,286.84084640349,3122.2963090442,3248.9661508604
47.8503,-127.809,2.9645884,237,274.77578451948,296.20199113974,3102.6293047969,3228.4562750025
47.8527,-127.818,2.9645884,255,274.77578451948,296.20199113974,3102.6293047969,3228.4562750025
47.8522,-127.823,2.9645884,277,274.77578451948,296.20199113974,3102.6293047969,3228.4562750025
47.8545,-127.831,2.9645884,258,274.77578451948,296.20199113974,3102.6293047969,3228.4562750025
47.8562,-127.843,2.9645884,269,274.77578451948,296.20199113974,3102.6293047969,3228.4562750025
47.8593,-127.872,2.6994836,213,287.95214121249,310.40580133088,3075.0536853199,3199.6988432622
47.8633,-127.906,2.6994836,221,287.95214121249,310.40580133088,3075.0536853199,3199.6988432622
47.8492,-127.633,3.5786738,1741,250.09188623759,269.59331514971,3162.108405399,3290.4844799161
47.8508,-127.641,3.4528952,366,254.60619139326,274.45963252938,3150.368866106,3278.2418175105
47.8523,-127.648,3.4528952,460,254.60619139326,274.45963252938,3150.368866106,3278.2418175105
47.8558,-127.666,3.1907601,215,264.85829724021,285.51116740372,3125.1944595484,3251.9885078147
47.8583,-127.674,3.1907601,200,264.85829724021,285.51116740372,3125.1944595484,3251.9885078147
47.8593,-127.684,3.1907601,171,264.85829724021,285.51116740372,3125.1944595484,3251.9885078147
47.8617,-127.695,3.1907601,202,264.85829724021,285.51116740372,3125.1944595484,3251.9885078147
47.8625,-127.702,3.1907601,244,264.85829724021,285.51116740372,3125.1944595484,3251.9885078147
47.8637,-127.707,3.1907601,326,264.85829724021,285.51116740372,3125.1944595484,3251.9885078147
47.8642,-127.71,3.1907601,440,264.85829724021,285.51116740372,3125.1944595484,3251.9885078147
47.8652,-127.715,3.1907601,1004,264.85829724021,285.51116740372,3125.1944595484,3251.9885078147
47.866,-127.72,3.1907601,1169,264.85829724021,285.51116740372,3125.1944595484,3251.9885078147
47.8675,-127.722,3.1907601,353,264.85829724021,285.51116740372,3125.1944595484,3251.9885078147
47.8687,-127.728,3.1907601,253,264.85829724021,285.51116740372,3125.1944595484,3251.9885078147
47.87,-127.736,3.1907601,300,264.85829724021,285.51116740372,3125.1944595484,3251.9885078147
47.8698,-127.742,3.1907601,297,264.85829724021,285.51116740372,3125.1944595484,3251.9885078147
47.8698,-127.623,3.4528952,720,254.60619139326,274.45963252938,3150.368866106,3278.2418175105
47.8963,-127.639,3.4528952,262,254.60619139326,274.45963252938,3150.368866106,3278.2418175105
47.9113,-127.643,3.4528952,225,254.60619139326,274.45963252938,3150.368866106,3278.2418175105
47.9172,-127.646,3.4528952,197,254.60619139326,274.45963252938,3150.368866106,3278.2418175105
47.9228,-127.651,3.1907601,170,264.85829724021,285.51116740372,3125.1944595484,3251.9885078147
47.929,-127.654,3.1907601,157,264.85829724021,285.51116740372,3125.1944595484,3251.9885078147
47.9377,-127.657,3.1907601,153,264.85829724021,285.51116740372,3125.1944595484,3251.9885078147
47.8585,-127.678,3.1907601,154,264.85829724021,285.51116740372,3125.1944595484,3251.9885078147
47.8633,-127.684,3.1907601,177,264.85829724021,285.51116740372,3125.1944595484,3251.9885078147
47.8692,-127.685,3.1907601,196,264.85829724021,285.51116740372,3125.1944595484,3251.9885078147
47.8735,-127.689,3.1907601,244,264.85829724021,285.51116740372,3125.1944595484,3251.9885078147
47.8792,-127.693,3.1907601,246,264.85829724021,285.51116740372,3125.1944595484,3251.9885078147
47.8858,-127.696,3.1907601,223,264.85829724021,285.51116740372,3125.1944595484,3251.9885078147
47.8892,-127.699,3.1907601,283,264.85829724021,285.51116740372,3125.1944595484,3251.9885078147
47.8918,-127.7,3.1907601,338,264.85829724021,285.51116740372,3125.1944595484,3251.9885078147
47.8953,-127.705,3.1907601,512,264.85829724021,285.51116740372,3125.1944595484,3251.9885078147
47.9008,-127.705,3.1907601,988,264.85829724021,285.51116740372,3125.1944595484,3251.9885078147
47.907,-127.709,3.1907601,429,264.85829724021,285.51116740372,3125.1944595484,3251.9885078147
47.9172,-127.714,3.1907601,277,264.85829724021,285.51116740372,3125.1944595484,3251.9885078147
47.9208,-127.717,3.1907601,340,264.85829724021,285.51116740372,3125.1944595484,3251.9885078147
47.9275,-127.721,3.1907601,273,264.85829724021,285.51116740372,3125.1944595484,3251.9885078147
47.937,-127.725,3.1907601,277,264.85829724021,285.51116740372,3125.1944595484,3251.9885078147
47.9442,-127.729,3.1907601,279,264.85829724021,285.51116740372,3125.1944595484,3251.9885078147
47.9495,-127.733,3.1907601,195,264.85829724021,285.51116740372,3125.1944595484,3251.9885078147
47.9553,-127.735,3.0129824,178,272.56015126259,293.81358932524,3107.5280602573,3233.5649771255
47.9602,-127.738,3.0129824,180,272.56015126259,293.81358932524,3107.5280602573,3233.5649771255
47.7595,-127.625,3.5786738,159,250.09188623759,269.59331514971,3162.108405399,3290.4844799161
47.8315,-127.664,3.3711357,222,257.67515241703,277.76790209746,3142.6228468161,3270.1638259653
47.8373,-127.665,3.3711357,196,257.67515241703,277.76790209746,3142.6228468161,3270.1638259653
47.8422,-127.668,3.3711357,210,257.67515241703,277.76790209746,3142.6228468161,3270.1638259653
47.8465,-127.671,3.3711357,260,257.67515241703,277.76790209746,3142.6228468161,3270.1638259653
47.853,-127.672,3.1907601,211,264.85829724021,285.51116740372,3125.1944595484,3251.9885078147
47.8553,-127.677,3.1907601,199,264.85829724021,285.51116740372,3125.1944595484,3251.9885078147
47.8175,-127.486,3.8465323,208,241.22702852783,260.03720193763,3186.440242665,3315.8591102078
47.8183,-127.491,3.8465323,185,241.22702852783,260.03720193763,3186.440242665,3315.8591102078
47.82,-127.507,3.8465323,216,241.22702852783,260.03720193763,3186.440242665,3315.8591102078
47.8225,-127.521,3.8465323,146,241.22702852783,260.03720193763,3186.440242665,3315.8591102078
47.8257,-127.53,3.8465323,132,241.22702852783,260.03720193763,3186.440242665,3315.8591102078
47.8282,-127.537,3.8465323,132,241.22702852783,260.03720193763,3186.440242665,3315.8591102078
47.8287,-127.545,3.8465323,160,241.22702852783,260.03720193763,3186.440242665,3315.8591102078
47.8323,-127.562,3.5786738,251,250.09188623759,269.59331514971,3162.108405399,3290.4844799161
47.8352,-127.569,3.5786738,275,250.09188623759,269.59331514971,3162.108405399,3290.4844799161
47.836,-127.576,3.5786738,393,250.09188623759,269.59331514971,3162.108405399,3290.4844799161
47.839,-127.591,3.5786738,237,250.09188623759,269.59331514971,3162.108405399,3290.4844799161
47.8417,-127.598,3.5786738,197,250.09188623759,269.59331514971,3162.108405399,3290.4844799161
47.8435,-127.608,3.5786738,253,250.09188623759,269.59331514971,3162.108405399,3290.4844799161
47.8907,-127.492,3.7126944,221,245.53649807484,264.68271123101,3174.3923665048,3303.2948964979
47.913,-127.59,3.4528952,205,254.60619139326,274.45963252938,3150.368866106,3278.2418175105
47.9113,-127.592,3.4528952,224,254.60619139326,274.45963252938,3150.368866106,3278.2418175105
47.7223,-127.824,3.251128,184,262.38779189237,282.84801932307,3131.0809615255,3258.1272884481
47.72,-127.816,3.251128,181,262.38779189237,282.84801932307,3131.0809615255,3258.1272884481
47.7186,-127.812,3.251128,172,262.38779189237,282.84801932307,3131.0809615255,3258.1272884481
47.7152,-127.796,3.251128,218,262.38779189237,282.84801932307,3131.0809615255,3258.1272884481
47.7132,-127.792,3.251128,269,262.38779189237,282.84801932307,3131.0809615255,3258.1272884481
47.7127,-127.788,3.251128,302,262.38779189237,282.84801932307,3131.0809615255,3258.1272884481
47.7145,-127.786,3.251128,971,262.38779189237,282.84801932307,3131.0809615255,3258.1272884481
47.7108,-127.778,3.251128,1234,262.38779189237,282.84801932307,3131.0809615255,3258.1272884481
47.7098,-127.777,3.251128,465,262.38779189237,282.84801932307,3131.0809615255,3258.1272884481
47.7095,-127.776,3.251128,434,262.38779189237,282.84801932307,3131.0809615255,3258.1272884481
47.7092,-127.776,3.251128,311,262.38779189237,282.84801932307,3131.0809615255,3258.1272884481
47.7083,-127.772,3.251128,227,262.38779189237,282.84801932307,3131.0809615255,3258.1272884481
47.707,-127.766,3.251128,210,262.38779189237,282.84801932307,3131.0809615255,3258.1272884481
47.706,-127.761,3.251128,197,262.38779189237,282.84801932307,3131.0809615255,3258.1272884481
47.7566,-127.757,3.1612465,179,266.09179195412,286.84084640349,3122.2963090442,3248.9661508604
47.7035,-127.753,3.251128,178,262.38779189237,282.84801932307,3131.0809615255,3258.1272884481
47.702,-127.746,3.4946105,162,253.08200722473,272.81659696723,3154.2857068972,3282.3265229071
47.8618,-127.697,3.1907601,217,264.85829724021,285.51116740372,3125.1944595484,3251.9885078147
47.8623,-127.7,3.1907601,214,264.85829724021,285.51116740372,3125.1944595484,3251.9885078147
47.863,-127.704,3.1907601,245,264.85829724021,285.51116740372,3125.1944595484,3251.9885078147
47.8635,-127.709,3.1907601,309,264.85829724021,285.51116740372,3125.1944595484,3251.9885078147
47.8642,-127.712,3.1907601,392,264.85829724021,285.51116740372,3125.1944595484,3251.9885078147
47.8652,-127.715,3.1907601,564,264.85829724021,285.51116740372,3125.1944595484,3251.9885078147
47.8655,-127.718,3.1907601,1066,264.85829724021,285.51116740372,3125.1944595484,3251.9885078147
47.8668,-127.722,3.1907601,1003,264.85829724021,285.51116740372,3125.1944595484,3251.9885078147
47.868,-127.725,3.1907601,335,264.85829724021,285.51116740372,3125.1944595484,3251.9885078147
47.868,-127.728,3.1907601,214,264.85829724021,285.51116740372,3125.1944595484,3251.9885078147
47.8697,-127.735,3.1907601,217,264.85829724021,285.51116740372,3125.1944595484,3251.9885078147
47.852,-127.733,3.1907601,266,264.85829724021,285.51116740372,3125.1944595484,3251.9885078147
47.8505,-127.728,3.1907601,295,264.85829724021,285.51116740372,3125.1944595484,3251.9885078147
47.8495,-127.723,3.3711357,452,257.67515241703,277.76790209746,3142.6228468161,3270.1638259653
47.8497,-127.72,3.3711357,684,257.67515241703,277.76790209746,3142.6228468161,3270.1638259653
47.8497,-127.718,3.3711357,485,257.67515241703,277.76790209746,3142.6228468161,3270.1638259653
47.849,-127.716,3.3711357,435,257.67515241703,277.76790209746,3142.6228468161,3270.1638259653
47.8475,-127.715,3.3711357,367,257.67515241703,277.76790209746,3142.6228468161,3270.1638259653
47.8473,-127.711,3.3711357,255,257.67515241703,277.76790209746,3142.6228468161,3270.1638259653
47.8475,-127.703,3.3711357,208,257.67515241703,277.76790209746,3142.6228468161,3270.1638259653
47.7883,-127.851,2.9021108,220,277.71776677268,299.3733805066,3096.2453966279,3221.7987707691
47.9222,-128.722,0.91232389,171,495.3203091145,533.94392838596,2834.3047659322,2948.6321130436
47.9215,-128.717,0.91232389,164,495.3203091145,533.94392838596,2834.3047659322,2948.6321130436
47.9218,-128.711,0.91232389,170,495.3203091145,533.94392838596,2834.3047659322,2948.6321130436
47.9205,-128.707,0.91232389,183,495.3203091145,533.94392838596,2834.3047659322,2948.6321130436
47.92,-128.701,0.91232389,168,495.3203091145,533.94392838596,2834.3047659322,2948.6321130436
47.9193,-128.695,0.91232389,222,495.3203091145,533.94392838596,2834.3047659322,2948.6321130436
47.9178,-128.692,0.91232389,236,495.3203091145,533.94392838596,2834.3047659322,2948.6321130436
47.9167,-128.686,0.91232389,258,495.3203091145,533.94392838596,2834.3047659322,2948.6321130436
47.915,-128.676,0.91232389,276,495.3203091145,533.94392838596,2834.3047659322,2948.6321130436
47.9132,-128.67,0.91232389,284,495.3203091145,533.94392838596,2834.3047659322,2948.6321130436
47.9125,-128.668,0.91232389,296,495.3203091145,533.94392838596,2834.3047659322,2948.6321130436
47.9125,-128.662,0.91232389,313,495.3203091145,533.94392838596,2834.3047659322,2948.6321130436
47.9115,-128.658,0.91232389,328,495.3203091145,533.94392838596,2834.3047659322,2948.6321130436
47.909,-128.65,0.91232389,338,495.3203091145,533.94392838596,2834.3047659322,2948.6321130436
47.9072,-128.646,1.1679138,345,437.77934178494,471.91608584908,2878.245212131,2994.4557212223
47.9067,-128.642,1.1679138,342,437.77934178494,471.91608584908,2878.245212131,2994.4557212223
47.904,-128.633,1.1679138,360,437.77934178494,471.91608584908,2878.245212131,2994.4557212223
47.9033,-128.628,1.1679138,351,437.77934178494,471.91608584908,2878.245212131,2994.4557212223
47.9018,-128.624,1.1679138,327,437.77934178494,471.91608584908,2878.245212131,2994.4557212223
47.9013,-128.616,1.1679138,305,437.77934178494,471.91608584908,2878.245212131,2994.4557212223
47.9,-128.613,1.1679138,336,437.77934178494,471.91608584908,2878.245212131,2994.4557212223
47.8995,-128.605,1.1679138,283,437.77934178494,471.91608584908,2878.245212131,2994.4557212223
47.8995,-128.605,1.1679138,308,437.77934178494,471.91608584908,2878.245212131,2994.4557212223
47.898,-128.598,1.1679138,346,437.77934178494,471.91608584908,2878.245212131,2994.4557212223
47.897,-128.591,1.1679138,311,437.77934178494,471.91608584908,2878.245212131,2994.4557212223
47.8967,-128.585,1.1679138,325,437.77934178494,471.91608584908,2878.245212131,2994.4557212223
47.8952,-128.581,1.1679138,330,437.77934178494,471.91608584908,2878.245212131,2994.4557212223
47.8947,-128.575,1.1679138,357,437.77934178494,471.91608584908,2878.245212131,2994.4557212223
47.893,-128.571,1.1679138,616,437.77934178494,471.91608584908,2878.245212131,2994.4557212223
47.8933,-128.567,1.1679138,783,437.77934178494,471.91608584908,2878.245212131,2994.4557212223
47.8932,-128.565,1.1679138,497,437.77934178494,471.91608584908,2878.245212131,2994.4557212223
47.8915,-128.559,1.1679138,697,437.77934178494,471.91608584908,2878.245212131,2994.4557212223
47.8915,-128.555,1.1679138,759,437.77934178494,471.91608584908,2878.245212131,2994.4557212223
47.8913,-128.555,1.1679138,499,437.77934178494,471.91608584908,2878.245212131,2994.4557212223
47.8907,-128.552,1.1679138,381,437.77934178494,471.91608584908,2878.245212131,2994.4557212223
47.8898,-128.544,1.414219,358,397.83439275395,428.85634730753,2916.2232904344,3034.061431453
47.8893,-128.544,1.414219,324,397.83439275395,428.85634730753,2916.2232904344,3034.061431453
47.888,-128.539,1.414219,228,397.83439275395,428.85634730753,2916.2232904344,3034.061431453
47.8867,-128.529,1.414219,175,397.83439275395,428.85634730753,2916.2232904344,3034.061431453
47.8855,-128.525,1.414219,217,397.83439275395,428.85634730753,2916.2232904344,3034.061431453
47.8835,-128.52,1.414219,262,397.83439275395,428.85634730753,2916.2232904344,3034.061431453
47.917,-128.519,1.414219,177,397.83439275395,428.85634730753,2916.2232904344,3034.061431453
47.9185,-128.523,1.414219,173,397.83439275395,428.85634730753,2916.2232904344,3034.061431453
47.9193,-128.525,1.414219,179,397.83439275395,428.85634730753,2916.2232904344,3034.061431453
47.9212,-128.529,1.414219,180,397.83439275395,428.85634730753,2916.2232904344,3034.061431453
47.9204,-128.534,1.414219,202,397.83439275395,428.85634730753,2916.2232904344,3034.061431453
47.9215,-128.536,1.414219,213,397.83439275395,428.85634730753,2916.2232904344,3034.061431453
47.9217,-128.539,1.414219,233,397.83439275395,428.85634730753,2916.2232904344,3034.061431453
47.9212,-128.544,1.414219,247,397.83439275395,428.85634730753,2916.2232904344,3034.061431453
47.9222,-128.545,1.414219,267,397.83439275395,428.85634730753,2916.2232904344,3034.061431453
47.9223,-128.549,1.414219,278,397.83439275395,428.85634730753,2916.2232904344,3034.061431453
47.9237,-128.549,1.414219,282,397.83439275395,428.85634730753,2916.2232904344,3034.061431453
47.9237,-128.552,1.1679138,374,437.77934178494,471.91608584908,2878.245212131,2994.4557212223
47.9243,-128.554,1.1679138,539,437.77934178494,471.91608584908,2878.245212131,2994.4557212223
47.9255,-128.556,1.1679138,453,437.77934178494,471.91608584908,2878.245212131,2994.4557212223
47.9253,-128.561,1.1679138,450,437.77934178494,471.91608584908,2878.245212131,2994.4557212223
47.9255,-128.562,1.1679138,380,437.77934178494,471.91608584908,2878.245212131,2994.4557212223
47.9262,-128.565,1.1679138,290,437.77934178494,471.91608584908,2878.245212131,2994.4557212223
47.9262,-128.569,1.1679138,287,437.77934178494,471.91608584908,2878.245212131,2994.4557212223
47.9275,-128.572,1.1679138,308,437.77934178494,471.91608584908,2878.245212131,2994.4557212223
47.9293,-128.579,1.1679138,257,437.77934178494,471.91608584908,2878.245212131,2994.4557212223
47.9288,-128.581,1.1679138,251,437.77934178494,471.91608584908,2878.245212131,2994.4557212223
47.9293,-128.582,1.1679138,240,437.77934178494,471.91608584908,2878.245212131,2994.4557212223
47.9297,-128.584,1.1679138,238,437.77934178494,471.91608584908,2878.245212131,2994.4557212223
47.9293,-128.586,1.1679138,245,437.77934178494,471.91608584908,2878.245212131,2994.4557212223
47.9297,-128.587,1.1679138,242,437.77934178494,471.91608584908,2878.245212131,2994.4557212223
47.93,-128.587,1.1679138,248,437.77934178494,471.91608584908,2878.245212131,2994.4557212223
47.9297,-128.589,1.1679138,256,437.77934178494,471.91608584908,2878.245212131,2994.4557212223
47.9308,-128.59,1.1679138,274,437.77934178494,471.91608584908,2878.245212131,2994.4557212223
47.9313,-128.591,1.1679138,280,437.77934178494,471.91608584908,2878.245212131,2994.4557212223
47.9315,-128.593,1.1679138,280,437.77934178494,471.91608584908,2878.245212131,2994.4557212223
47.9317,-128.595,1.1679138,265,437.77934178494,471.91608584908,2878.245212131,2994.4557212223
47.9317,-128.595,1.1679138,259,437.77934178494,471.91608584908,2878.245212131,2994.4557212223
47.9318,-128.597,1.1679138,255,437.77934178494,471.91608584908,2878.245212131,2994.4557212223
47.9342,-128.599,1.1679138,249,437.77934178494,471.91608584908,2878.245212131,2994.4557212223
47.9328,-128.598,1.1679138,245,437.77934178494,471.91608584908,2878.245212131,2994.4557212223
47.9318,-128.602,1.1679138,252,437.77934178494,471.91608584908,2878.245212131,2994.4557212223
47.9325,-128.602,1.1679138,258,437.77934178494,471.91608584908,2878.245212131,2994.4557212223
47.9322,-128.603,1.1679138,266,437.77934178494,471.91608584908,2878.245212131,2994.4557212223
47.9328,-128.605,1.1679138,268,437.77934178494,471.91608584908,2878.245212131,2994.4557212223
47.9332,-128.606,1.1679138,274,437.77934178494,471.91608584908,2878.245212131,2994.4557212223
47.9332,-128.608,1.1679138,281,437.77934178494,471.91608584908,2878.245212131,2994.4557212223
47.9335,-128.609,1.1679138,285,437.77934178494,471.91608584908,2878.245212131,2994.4557212223
47.934,-128.61,1.1679138,294,437.77934178494,471.91608584908,2878.245212131,2994.4557212223
47.9347,-128.609,1.1679138,289,437.77934178494,471.91608584908,2878.245212131,2994.4557212223
47.934,-128.611,1.1679138,290,437.77934178494,471.91608584908,2878.245212131,2994.4557212223
47.9342,-128.613,1.1679138,299,437.77934178494,471.91608584908,2878.245212131,2994.4557212223
47.9347,-128.614,1.1679138,295,437.77934178494,471.91608584908,2878.245212131,2994.4557212223
47.9355,-128.614,1.1679138,295,437.77934178494,471.91608584908,2878.245212131,2994.4557212223
47.936,-128.616,1.1679138,289,437.77934178494,471.91608584908,2878.245212131,2994.4557212223
47.9358,-128.617,1.1679138,284,437.77934178494,471.91608584908,2878.245212131,2994.4557212223
47.9355,-128.619,1.1679138,280,437.77934178494,471.91608584908,2878.245212131,2994.4557212223
47.9362,-128.619,1.1679138,277,437.77934178494,471.91608584908,2878.245212131,2994.4557212223
47.9363,-128.619,1.1679138,273,437.77934178494,471.91608584908,2878.245212131,2994.4557212223
47.936,-128.623,1.1679138,275,437.77934178494,471.91608584908,2878.245212131,2994.4557212223
47.9372,-128.626,1.1679138,293,437.77934178494,471.91608584908,2878.245212131,2994.4557212223
47.937,-128.625,1.1679138,293,437.77934178494,471.91608584908,2878.245212131,2994.4557212223
47.9372,-128.626,1.1679138,295,437.77934178494,471.91608584908,2878.245212131,2994.4557212223
47.9383,-128.627,1.1679138,291,437.77934178494,471.91608584908,2878.245212131,2994.4557212223
47.938,-128.628,1.1679138,289,437.77934178494,471.91608584908,2878.245212131,2994.4557212223
47.9385,-128.632,1.1679138,272,437.77934178494,471.91608584908,2878.245212131,2994.4557212223
47.939,-128.632,1.1679138,269,437.77934178494,471.91608584908,2878.245212131,2994.4557212223
47.939,-128.633,1.1679138,264,437.77934178494,471.91608584908,2878.245212131,2994.4557212223
47.9393,-128.633,1.1679138,267,437.77934178494,471.91608584908,2878.245212131,2994.4557212223
47.9391,-128.638,1.1679138,265,437.77934178494,471.91608584908,2878.245212131,2994.4557212223
47.905,-128.548,1.414219,239,397.83439275395,428.85634730753,2916.2232904344,3034.061431453
47.9062,-128.551,1.1679138,273,437.77934178494,471.91608584908,2878.245212131,2994.4557212223
47.9073,-128.552,1.1679138,386,437.77934178494,471.91608584908,2878.245212131,2994.4557212223
47.9068,-128.553,1.1679138,421,437.77934178494,471.91608584908,2878.245212131,2994.4557212223
47.9057,-128.555,1.1679138,439,437.77934178494,471.91608584908,2878.245212131,2994.4557212223
47.9073,-128.557,1.1679138,368,437.77934178494,471.91608584908,2878.245212131,2994.4557212223
47.908,-128.56,1.1679138,453,437.77934178494,471.91608584908,2878.245212131,2994.4557212223
47.9085,-128.563,1.1679138,654,437.77934178494,471.91608584908,2878.245212131,2994.4557212223
47.9092,-128.568,1.1679138,395,437.77934178494,471.91608584908,2878.245212131,2994.4557212223
47.9097,-128.571,1.1679138,296,437.77934178494,471.91608584908,2878.245212131,2994.4557212223
47.91,-128.573,1.1679138,291,437.77934178494,471.91608584908,2878.245212131,2994.4557212223
47.9115,-128.574,1.1679138,287,437.77934178494,471.91608584908,2878.245212131,2994.4557212223
47.9115,-128.578,1.1679138,305,437.77934178494,471.91608584908,2878.245212131,2994.4557212223
47.912,-128.58,1.1679138,305,437.77934178494,471.91608584908,2878.245212131,2994.4557212223
47.9122,-128.583,1.1679138,330,437.77934178494,471.91608584908,2878.245212131,2994.4557212223
47.9127,-128.586,1.1679138,338,437.77934178494,471.91608584908,2878.245212131,2994.4557212223
47.9135,-128.588,1.1679138,337,437.77934178494,471.91608584908,2878.245212131,2994.4557212223
47.9137,-128.591,1.1679138,334,437.77934178494,471.91608584908,2878.245212131,2994.4557212223
47.9137,-128.594,1.1679138,321,437.77934178494,471.91608584908,2878.245212131,2994.4557212223
47.9155,-128.599,1.1679138,309,437.77934178494,471.91608584908,2878.245212131,2994.4557212223
47.9155,-128.599,1.1679138,309,437.77934178494,471.91608584908,2878.245212131,2994.4557212223
47.9155,-128.601,1.1679138,308,437.77934178494,471.91608584908,2878.245212131,2994.4557212223
47.9157,-128.604,1.1679138,276,437.77934178494,471.91608584908,2878.245212131,2994.4557212223
47.7152,-127.786,3.251128,1354,262.38779189237,282.84801932307,3131.0809615255,3258.1272884481
47.7142,-127.785,3.251128,2350,262.38779189237,282.84801932307,3131.0809615255,3258.1272884481
47.715,-127.785,3.251128,3082,262.38779189237,282.84801932307,3131.0809615255,3258.1272884481
47.7163,-127.785,3.251128,1865,262.38779189237,282.84801932307,3131.0809615255,3258.1272884481
47.7182,-127.783,3.251128,598,262.38779189237,282.84801932307,3131.0809615255,3258.1272884481
47.7185,-127.781,3.251128,429,262.38779189237,282.84801932307,3131.0809615255,3258.1272884481
47.7198,-127.782,3.251128,389,262.38779189237,282.84801932307,3131.0809615255,3258.1272884481
47.719,-127.784,3.251128,382,262.38779189237,282.84801932307,3131.0809615255,3258.1272884481
47.7213,-127.78,3.251128,346,262.38779189237,282.84801932307,3131.0809615255,3258.1272884481
47.724,-127.779,3.251128,282,262.38779189237,282.84801932307,3131.0809615255,3258.1272884481
47.7253,-127.779,3.251128,274,262.38779189237,282.84801932307,3131.0809615255,3258.1272884481
47.7268,-127.778,3.251128,279,262.38779189237,282.84801932307,3131.0809615255,3258.1272884481
47.7285,-127.777,3.251128,269,262.38779189237,282.84801932307,3131.0809615255,3258.1272884481
47.732,-127.775,3.251128,268,262.38779189237,282.84801932307,3131.0809615255,3258.1272884481
47.733,-127.774,3.251128,268,262.38779189237,282.84801932307,3131.0809615255,3258.1272884481
47.7348,-127.774,3.251128,270,262.38779189237,282.84801932307,3131.0809615255,3258.1272884481
47.736,-127.774,3.251128,272,262.38779189237,282.84801932307,3131.0809615255,3258.1272884481
47.7378,-127.772,3.251128,291,262.38779189237,282.84801932307,3131.0809615255,3258.1272884481
47.6855,-127.755,3.251128,150,262.38779189237,282.84801932307,3131.0809615255,3258.1272884481
47.6858,-127.758,3.251128,161,262.38779189237,282.84801932307,3131.0809615255,3258.1272884481
47.6879,-127.762,3.251128,160,262.38779189237,282.84801932307,3131.0809615255,3258.1272884481
47.6878,-127.765,3.251128,162,262.38779189237,282.84801932307,3131.0809615255,3258.1272884481
47.6887,-127.769,3.251128,164,262.38779189237,282.84801932307,3131.0809615255,3258.1272884481
47.6896,-127.773,3.251128,167,262.38779189237,282.84801932307,3131.0809615255,3258.1272884481
47.6907,-127.775,3.251128,184,262.38779189237,282.84801932307,3131.0809615255,3258.1272884481
47.691,-127.779,3.251128,199,262.38779189237,282.84801932307,3131.0809615255,3258.1272884481
47.6914,-127.781,3.251128,210,262.38779189237,282.84801932307,3131.0809615255,3258.1272884481
47.6925,-127.786,3.251128,231,262.38779189237,282.84801932307,3131.0809615255,3258.1272884481
47.6935,-127.789,3.251128,284,262.38779189237,282.84801932307,3131.0809615255,3258.1272884481
47.694,-127.792,3.251128,292,262.38779189237,282.84801932307,3131.0809615255,3258.1272884481
47.6946,-127.796,3.251128,288,262.38779189237,282.84801932307,3131.0809615255,3258.1272884481
47.696,-127.799,3.251128,234,262.38779189237,282.84801932307,3131.0809615255,3258.1272884481
47.696,-127.802,3.251128,253,262.38779189237,282.84801932307,3131.0809615255,3258.1272884481
47.6965,-127.805,3.251128,227,262.38779189237,282.84801932307,3131.0809615255,3258.1272884481
47.6976,-127.808,3.251128,182,262.38779189237,282.84801932307,3131.0809615255,3258.1272884481
47.718,-127.743,3.4946105,162,253.08200722473,272.81659696723,3154.2857068972,3282.3265229071
47.719,-127.746,3.4946105,169,253.08200722473,272.81659696723,3154.2857068972,3282.3265229071
47.7201,-127.748,3.4946105,173,253.08200722473,272.81659696723,3154.2857068972,3282.3265229071
47.72,-127.755,3.251128,177,262.38779189237,282.84801932307,3131.0809615255,3258.1272884481
47.7199,-127.758,3.251128,183,262.38779189237,282.84801932307,3131.0809615255,3258.1272884481
47.7223,-127.765,3.251128,189,262.38779189237,282.84801932307,3131.0809615255,3258.1272884481
47.7228,-127.768,3.251128,208,262.38779189237,282.84801932307,3131.0809615255,3258.1272884481
47.7232,-127.771,3.251128,230,262.38779189237,282.84801932307,3131.0809615255,3258.1272884481
47.7234,-127.776,3.251128,272,262.38779189237,282.84801932307,3131.0809615255,3258.1272884481
47.7242,-127.778,3.251128,273,262.38779189237,282.84801932307,3131.0809615255,3258.1272884481
47.7254,-127.781,3.251128,276,262.38779189237,282.84801932307,3131.0809615255,3258.1272884481
47.7255,-127.784,3.251128,278,262.38779189237,282.84801932307,3131.0809615255,3258.1272884481
47.7283,-127.786,3.251128,252,262.38779189237,282.84801932307,3131.0809615255,3258.1272884481
47.7265,-127.79,3.251128,232,262.38779189237,282.84801932307,3131.0809615255,3258.1272884481
47.7272,-127.794,3.251128,206,262.38779189237,282.84801932307,3131.0809615255,3258.1272884481
47.7278,-127.797,3.251128,186,262.38779189237,282.84801932307,3131.0809615255,3258.1272884481
47.7289,-127.799,3.251128,175,262.38779189237,282.84801932307,3131.0809615255,3258.1272884481
47.7291,-127.803,3.251128,188,262.38779189237,282.84801932307,3131.0809615255,3258.1272884481
47.7298,-127.807,3.251128,185,262.38779189237,282.84801932307,3131.0809615255,3258.1272884481
47.7301,-127.811,3.251128,186,262.38779189237,282.84801932307,3131.0809615255,3258.1272884481
47.7312,-127.813,3.251128,192,262.38779189237,282.84801932307,3131.0809615255,3258.1272884481
47.7311,-127.816,3.251128,180,262.38779189237,282.84801932307,3131.0809615255,3258.1272884481
47.7316,-127.819,3.251128,172,262.38779189237,282.84801932307,3131.0809615255,3258.1272884481
47.7349,-127.734,3.4946105,161,253.08200722473,272.81659696723,3154.2857068972,3282.3265229071
47.7348,-127.737,3.4946105,161,253.08200722473,272.81659696723,3154.2857068972,3282.3265229071
47.7365,-127.743,3.4946105,164,253.08200722473,272.81659696723,3154.2857068972,3282.3265229071
47.7371,-127.747,3.4946105,170,253.08200722473,272.81659696723,3154.2857068972,3282.3265229071
47.7373,-127.75,3.251128,170,262.38779189237,282.84801932307,3131.0809615255,3258.1272884481
47.7384,-127.753,3.251128,179,262.38779189237,282.84801932307,3131.0809615255,3258.1272884481
47.7397,-127.759,3.251128,200,262.38779189237,282.84801932307,3131.0809615255,3258.1272884481
47.7403,-127.762,3.251128,220,262.38779189237,282.84801932307,3131.0809615255,3258.1272884481
47.7406,-127.765,3.251128,234,262.38779189237,282.84801932307,3131.0809615255,3258.1272884481
47.7414,-127.769,3.251128,266,262.38779189237,282.84801932307,3131.0809615255,3258.1272884481
47.7419,-127.772,3.251128,272,262.38779189237,282.84801932307,3131.0809615255,3258.1272884481
47.7428,-127.775,3.251128,272,262.38779189237,282.84801932307,3131.0809615255,3258.1272884481
47.743,-127.779,3.251128,263,262.38779189237,282.84801932307,3131.0809615255,3258.1272884481
47.7441,-127.782,3.251128,229,262.38779189237,282.84801932307,3131.0809615255,3258.1272884481
47.7444,-127.784,3.251128,204,262.38779189237,282.84801932307,3131.0809615255,3258.1272884481
47.7462,-127.788,3.251128,211,262.38779189237,282.84801932307,3131.0809615255,3258.1272884481
47.7454,-127.791,3.251128,221,262.38779189237,282.84801932307,3131.0809615255,3258.1272884481
47.746,-127.795,3.251128,219,262.38779189237,282.84801932307,3131.0809615255,3258.1272884481
47.7467,-127.798,3.251128,214,262.38779189237,282.84801932307,3131.0809615255,3258.1272884481
47.7475,-127.801,3.251128,205,262.38779189237,282.84801932307,3131.0809615255,3258.1272884481
47.748,-127.805,3.251128,205,262.38779189237,282.84801932307,3131.0809615255,3258.1272884481
47.749,-127.808,3.251128,207,262.38779189237,282.84801932307,3131.0809615255,3258.1272884481
47.7492,-127.811,3.251128,200,262.38779189237,282.84801932307,3131.0809615255,3258.1272884481
47.75,-127.815,3.251128,192,262.38779189237,282.84801932307,3131.0809615255,3258.1272884481
47.7513,-127.82,3.1612465,172,266.09179195412,286.84084640349,3122.2963090442,3248.9661508604
47.752,-127.824,3.1612465,169,266.09179195412,286.84084640349,3122.2963090442,3248.9661508604
47.7524,-127.828,3.1612465,171,266.09179195412,286.84084640349,3122.2963090442,3248.9661508604
47.6864,-127.776,3.251128,200,262.38779189237,282.84801932307,3131.0809615255,3258.1272884481
47.6863,-127.778,3.251128,212,262.38779189237,282.84801932307,3131.0809615255,3258.1272884481
47.6865,-127.781,3.251128,233,262.38779189237,282.84801932307,3131.0809615255,3258.1272884481
47.6877,-127.783,3.251128,239,262.38779189237,282.84801932307,3131.0809615255,3258.1272884481
47.6879,-127.786,3.251128,244,262.38779189237,282.84801932307,3131.0809615255,3258.1272884481
47.6889,-127.789,3.251128,268,262.38779189237,282.84801932307,3131.0809615255,3258.1272884481
47.6894,-127.791,3.251128,294,262.38779189237,282.84801932307,3131.0809615255,3258.1272884481
47.6899,-127.793,3.251128,306,262.38779189237,282.84801932307,3131.0809615255,3258.1272884481
47.6907,-127.796,3.251128,311,262.38779189237,282.84801932307,3131.0809615255,3258.1272884481
47.6915,-127.798,3.251128,261,262.38779189237,282.84801932307,3131.0809615255,3258.1272884481
47.6919,-127.801,3.251128,235,262.38779189237,282.84801932307,3131.0809615255,3258.1272884481
47.6922,-127.802,3.251128,233,262.38779189237,282.84801932307,3131.0809615255,3258.1272884481
47.6927,-127.806,3.251128,221,262.38779189237,282.84801932307,3131.0809615255,3258.1272884481
47.6937,-127.809,3.251128,202,262.38779189237,282.84801932307,3131.0809615255,3258.1272884481
47.694,-127.811,3.251128,200,262.38779189237,282.84801932307,3131.0809615255,3258.1272884481
47.6926,-127.796,3.251128,245,262.38779189237,282.84801932307,3131.0809615255,3258.1272884481
47.6937,-127.795,3.251128,271,262.38779189237,282.84801932307,3131.0809615255,3258.1272884481
47.6959,-127.793,3.251128,278,262.38779189237,282.84801932307,3131.0809615255,3258.1272884481
47.6978,-127.793,3.251128,265,262.38779189237,282.84801932307,3131.0809615255,3258.1272884481
47.6992,-127.793,3.251128,272,262.38779189237,282.84801932307,3131.0809615255,3258.1272884481
47.7009,-127.745,3.4946105,144,253.08200722473,272.81659696723,3154.2857068972,3282.3265229071
47.7007,-127.75,3.251128,169,262.38779189237,282.84801932307,3131.0809615255,3258.1272884481
47.7017,-127.752,3.251128,159,262.38779189237,282.84801932307,3131.0809615255,3258.1272884481
47.7026,-127.754,3.251128,167,262.38779189237,282.84801932307,3131.0809615255,3258.1272884481
47.7034,-127.757,3.251128,178,262.38779189237,282.84801932307,3131.0809615255,3258.1272884481
47.7035,-127.76,3.251128,176,262.38779189237,282.84801932307,3131.0809615255,3258.1272884481
47.7046,-127.763,3.251128,188,262.38779189237,282.84801932307,3131.0809615255,3258.1272884481
47.7047,-127.765,3.251128,192,262.38779189237,282.84801932307,3131.0809615255,3258.1272884481
47.7057,-127.769,3.251128,203,262.38779189237,282.84801932307,3131.0809615255,3258.1272884481
47.706,-127.772,3.251128,215,262.38779189237,282.84801932307,3131.0809615255,3258.1272884481
47.7062,-127.773,3.251128,222,262.38779189237,282.84801932307,3131.0809615255,3258.1272884481
47.7077,-127.776,3.251128,234,262.38779189237,282.84801932307,3131.0809615255,3258.1272884481
47.7083,-127.78,3.251128,339,262.38779189237,282.84801932307,3131.0809615255,3258.1272884481
47.7087,-127.78,3.251128,436,262.38779189237,282.84801932307,3131.0809615255,3258.1272884481
47.7095,-127.784,3.251128,989,262.38779189237,282.84801932307,3131.0809615255,3258.1272884481
47.7113,-127.792,3.251128,590,262.38779189237,282.84801932307,3131.0809615255,3258.1272884481
47.7126,-127.795,3.251128,318,262.38779189237,282.84801932307,3131.0809615255,3258.1272884481
47.7129,-127.798,3.251128,252,262.38779189237,282.84801932307,3131.0809615255,3258.1272884481
47.7138,-127.801,3.251128,215,262.38779189237,282.84801932307,3131.0809615255,3258.1272884481
47.7144,-127.802,3.251128,212,262.38779189237,282.84801932307,3131.0809615255,3258.1272884481
47.7147,-127.807,3.251128,188,262.38779189237,282.84801932307,3131.0809615255,3258.1272884481
47.7154,-127.808,3.251128,192,262.38779189237,282.84801932307,3131.0809615255,3258.1272884481
47.7163,-127.811,3.251128,208,262.38779189237,282.84801932307,3131.0809615255,3258.1272884481
47.7168,-127.814,3.251128,167,262.38779189237,282.84801932307,3131.0809615255,3258.1272884481
47.7177,-127.817,3.251128,167,262.38779189237,282.84801932307,3131.0809615255,3258.1272884481
47.7187,-127.821,3.251128,179,262.38779189237,282.84801932307,3131.0809615255,3258.1272884481
47.7062,-127.769,3.251128,218,262.38779189237,282.84801932307,3131.0809615255,3258.1272884481
47.7062,-127.772,3.251128,218,262.38779189237,282.84801932307,3131.0809615255,3258.1272884481
47.7091,-127.786,3.251128,454,262.38779189237,282.84801932307,3131.0809615255,3258.1272884481
47.709,-127.785,3.251128,932,262.38779189237,282.84801932307,3131.0809615255,3258.1272884481
47.7095,-127.784,3.251128,1108,262.38779189237,282.84801932307,3131.0809615255,3258.1272884481
47.7098,-127.783,3.251128,763,262.38779189237,282.84801932307,3131.0809615255,3258.1272884481
47.7089,-127.781,3.251128,468,262.38779189237,282.84801932307,3131.0809615255,3258.1272884481
47.7054,-127.765,3.251128,202,262.38779189237,282.84801932307,3131.0809615255,3258.1272884481
47.707,-127.764,3.251128,212,262.38779189237,282.84801932307,3131.0809615255,3258.1272884481
47.7086,-127.762,3.251128,199,262.38779189237,282.84801932307,3131.0809615255,3258.1272884481
47.7098,-127.761,3.251128,195,262.38779189237,282.84801932307,3131.0809615255,3258.1272884481
47.7103,-127.761,3.251128,191,262.38779189237,282.84801932307,3131.0809615255,3258.1272884481
47.7129,-127.761,3.251128,192,262.38779189237,282.84801932307,3131.0809615255,3258.1272884481
47.7151,-127.759,3.251128,186,262.38779189237,282.84801932307,3131.0809615255,3258.1272884481
47.7166,-127.759,3.251128,184,262.38779189237,282.84801932307,3131.0809615255,3258.1272884481
47.7185,-127.757,3.251128,183,262.38779189237,282.84801932307,3131.0809615255,3258.1272884481
47.7203,-127.756,3.251128,179,262.38779189237,282.84801932307,3131.0809615255,3258.1272884481
47.722,-127.756,3.251128,181,262.38779189237,282.84801932307,3131.0809615255,3258.1272884481
47.7236,-127.755,3.251128,178,262.38779189237,282.84801932307,3131.0809615255,3258.1272884481
47.725,-127.754,3.251128,177,262.38779189237,282.84801932307,3131.0809615255,3258.1272884481
47.7272,-127.753,3.251128,178,262.38779189237,282.84801932307,3131.0809615255,3258.1272884481
47.7289,-127.752,3.251128,174,262.38779189237,282.84801932307,3131.0809615255,3258.1272884481
47.7164,-127.637,3.5783212,138,250.10420768974,269.60659739241,3162.0757864474,3290.4504630095
47.7165,-127.64,3.5783212,140,250.10420768974,269.60659739241,3162.0757864474,3290.4504630095
47.717,-127.643,3.5783212,153,250.10420768974,269.60659739241,3162.0757864474,3290.4504630095
47.7176,-127.647,3.5783212,171,250.10420768974,269.60659739241,3162.0757864474,3290.4504630095
47.719,-127.653,3.4946105,185,253.08200722473,272.81659696723,3154.2857068972,3282.3265229071
47.7196,-127.656,3.4946105,193,253.08200722473,272.81659696723,3154.2857068972,3282.3265229071
47.7213,-127.664,3.4946105,209,253.08200722473,272.81659696723,3154.2857068972,3282.3265229071
47.7216,-127.666,3.4946105,200,253.08200722473,272.81659696723,3154.2857068972,3282.3265229071
47.7234,-127.676,3.4946105,189,253.08200722473,272.81659696723,3154.2857068972,3282.3265229071
47.7245,-127.682,3.4946105,209,253.08200722473,272.81659696723,3154.2857068972,3282.3265229071
47.7263,-127.691,3.4946105,255,253.08200722473,272.81659696723,3154.2857068972,3282.3265229071
47.7272,-127.694,3.4946105,232,253.08200722473,272.81659696723,3154.2857068972,3282.3265229071
47.728,-127.698,3.4946105,189,253.08200722473,272.81659696723,3154.2857068972,3282.3265229071
47.7288,-127.701,3.4946105,177,253.08200722473,272.81659696723,3154.2857068972,3282.3265229071
47.7295,-127.704,3.4946105,182,253.08200722473,272.81659696723,3154.2857068972,3282.3265229071
47.73,-127.708,3.4946105,177,253.08200722473,272.81659696723,3154.2857068972,3282.3265229071
47.7307,-127.711,3.4946105,186,253.08200722473,272.81659696723,3154.2857068972,3282.3265229071
47.7318,-127.714,3.4946105,179,253.08200722473,272.81659696723,3154.2857068972,3282.3265229071
47.7319,-127.717,3.4946105,170,253.08200722473,272.81659696723,3154.2857068972,3282.3265229071
47.7324,-127.721,3.4946105,161,253.08200722473,272.81659696723,3154.2857068972,3282.3265229071
47.7331,-127.724,3.4946105,158,253.08200722473,272.81659696723,3154.2857068972,3282.3265229071
47.7062,-127.8,3.251128,237,262.38779189237,282.84801932307,3131.0809615255,3258.1272884481
47.7067,-127.799,3.251128,234,262.38779189237,282.84801932307,3131.0809615255,3258.1272884481
47.707,-127.798,3.251128,258,262.38779189237,282.84801932307,3131.0809615255,3258.1272884481
47.7074,-127.797,3.251128,286,262.38779189237,282.84801932307,3131.0809615255,3258.1272884481
47.7076,-127.795,3.251128,336,262.38779189237,282.84801932307,3131.0809615255,3258.1272884481
47.7077,-127.794,3.251128,403,262.38779189237,282.84801932307,3131.0809615255,3258.1272884481
47.7084,-127.794,3.251128,452,262.38779189237,282.84801932307,3131.0809615255,3258.1272884481
47.7085,-127.793,3.251128,712,262.38779189237,282.84801932307,3131.0809615255,3258.1272884481
47.7087,-127.792,3.251128,927,262.38779189237,282.84801932307,3131.0809615255,3258.1272884481
47.7091,-127.791,3.251128,1272,262.38779189237,282.84801932307,3131.0809615255,3258.1272884481
47.7095,-127.79,3.251128,1526,262.38779189237,282.84801932307,3131.0809615255,3258.1272884481
47.7094,-127.79,3.251128,1710,262.38779189237,282.84801932307,3131.0809615255,3258.1272884481
47.7094,-127.789,3.251128,1957,262.38779189237,282.84801932307,3131.0809615255,3258.1272884481
47.712,-127.784,3.251128,1219,262.38779189237,282.84801932307,3131.0809615255,3258.1272884481
47.7125,-127.783,3.251128,902,262.38779189237,282.84801932307,3131.0809615255,3258.1272884481
47.7125,-127.782,3.251128,920,262.38779189237,282.84801932307,3131.0809615255,3258.1272884481
47.7131,-127.781,3.251128,706,262.38779189237,282.84801932307,3131.0809615255,3258.1272884481
47.7125,-127.78,3.251128,508,262.38779189237,282.84801932307,3131.0809615255,3258.1272884481
47.7131,-127.778,3.251128,402,262.38779189237,282.84801932307,3131.0809615255,3258.1272884481
47.7137,-127.778,3.251128,360,262.38779189237,282.84801932307,3131.0809615255,3258.1272884481
47.7144,-127.776,3.251128,313,262.38779189237,282.84801932307,3131.0809615255,3258.1272884481
47.7138,-127.775,3.251128,270,262.38779189237,282.84801932307,3131.0809615255,3258.1272884481
47.7146,-127.773,3.251128,253,262.38779189237,282.84801932307,3131.0809615255,3258.1272884481
47.7148,-127.773,3.251128,253,262.38779189237,282.84801932307,3131.0809615255,3258.1272884481
47.7157,-127.775,3.251128,299,262.38779189237,282.84801932307,3131.0809615255,3258.1272884481
47.7159,-127.777,3.251128,294,262.38779189237,282.84801932307,3131.0809615255,3258.1272884481
47.716,-127.777,3.251128,325,262.38779189237,282.84801932307,3131.0809615255,3258.1272884481
47.7165,-127.779,3.251128,390,262.38779189237,282.84801932307,3131.0809615255,3258.1272884481
47.7171,-127.781,3.251128,413,262.38779189237,282.84801932307,3131.0809615255,3258.1272884481
47.7169,-127.783,3.251128,451,262.38779189237,282.84801932307,3131.0809615255,3258.1272884481
47.717,-127.783,3.251128,485,262.38779189237,282.84801932307,3131.0809615255,3258.1272884481
47.718,-127.784,3.251128,531,262.38779189237,282.84801932307,3131.0809615255,3258.1272884481
47.7183,-127.786,3.251128,565,262.38779189237,282.84801932307,3131.0809615255,3258.1272884481
47.7008,-127.78,3.251128,252,262.38779189237,282.84801932307,3131.0809615255,3258.1272884481
47.7019,-127.781,3.251128,263,262.38779189237,282.84801932307,3131.0809615255,3258.1272884481
47.7021,-127.781,3.251128,268,262.38779189237,282.84801932307,3131.0809615255,3258.1272884481
47.7032,-127.781,3.251128,284,262.38779189237,282.84801932307,3131.0809615255,3258.1272884481
47.7041,-127.781,3.251128,284,262.38779189237,282.84801932307,3131.0809615255,3258.1272884481
47.7047,-127.781,3.251128,302,262.38779189237,282.84801932307,3131.0809615255,3258.1272884481
47.7035,-127.782,3.251128,291,262.38779189237,282.84801932307,3131.0809615255,3258.1272884481
47.7041,-127.782,3.251128,293,262.38779189237,282.84801932307,3131.0809615255,3258.1272884481
47.7045,-127.783,3.251128,304,262.38779189237,282.84801932307,3131.0809615255,3258.1272884481
47.7054,-127.784,3.251128,317,262.38779189237,282.84801932307,3131.0809615255,3258.1272884481
47.7045,-127.786,3.251128,328,262.38779189237,282.84801932307,3131.0809615255,3258.1272884481
47.7072,-127.785,3.251128,366,262.38779189237,282.84801932307,3131.0809615255,3258.1272884481
47.708,-127.786,3.251128,455,262.38779189237,282.84801932307,3131.0809615255,3258.1272884481
47.7095,-127.787,3.251128,926,262.38779189237,282.84801932307,3131.0809615255,3258.1272884481
47.7137,-127.789,3.251128,1111,262.38779189237,282.84801932307,3131.0809615255,3258.1272884481
47.7141,-127.79,3.251128,700,262.38779189237,282.84801932307,3131.0809615255,3258.1272884481
47.7156,-127.79,3.251128,504,262.38779189237,282.84801932307,3131.0809615255,3258.1272884481
47.7164,-127.791,3.251128,384,262.38779189237,282.84801932307,3131.0809615255,3258.1272884481
47.7171,-127.792,3.251128,323,262.38779189237,282.84801932307,3131.0809615255,3258.1272884481
47.7178,-127.792,3.251128,296,262.38779189237,282.84801932307,3131.0809615255,3258.1272884481
47.7185,-127.793,3.251128,264,262.38779189237,282.84801932307,3131.0809615255,3258.1272884481
47.7193,-127.792,3.251128,254,262.38779189237,282.84801932307,3131.0809615255,3258.1272884481
47.72,-127.793,3.251128,236,262.38779189237,282.84801932307,3131.0809615255,3258.1272884481
47.7201,-127.791,3.251128,251,262.38779189237,282.84801932307,3131.0809615255,3258.1272884481
47.7192,-127.791,3.251128,257,262.38779189237,282.84801932307,3131.0809615255,3258.1272884481
47.7194,-127.789,3.251128,299,262.38779189237,282.84801932307,3131.0809615255,3258.1272884481
47.7191,-127.787,3.251128,332,262.38779189237,282.84801932307,3131.0809615255,3258.1272884481
47.7184,-127.786,3.251128,403,262.38779189237,282.84801932307,3131.0809615255,3258.1272884481
47.7181,-127.785,3.251128,487,262.38779189237,282.84801932307,3131.0809615255,3258.1272884481
47.7176,-127.784,3.251128,544,262.38779189237,282.84801932307,3131.0809615255,3258.1272884481
47.7171,-127.782,3.251128,480,262.38779189237,282.84801932307,3131.0809615255,3258.1272884481
47.7071,-127.774,3.251128,234,262.38779189237,282.84801932307,3131.0809615255,3258.1272884481
47.7077,-127.775,3.251128,242,262.38779189237,282.84801932307,3131.0809615255,3258.1272884481
47.7079,-127.776,3.251128,256,262.38779189237,282.84801932307,3131.0809615255,3258.1272884481
47.7081,-127.778,3.251128,272,262.38779189237,282.84801932307,3131.0809615255,3258.1272884481
47.7086,-127.778,3.251128,292,262.38779189237,282.84801932307,3131.0809615255,3258.1272884481
47.7088,-127.78,3.251128,330,262.38779189237,282.84801932307,3131.0809615255,3258.1272884481
47.7086,-127.78,3.251128,376,262.38779189237,282.84801932307,3131.0809615255,3258.1272884481
47.7089,-127.781,3.251128,390,262.38779189237,282.84801932307,3131.0809615255,3258.1272884481
47.709,-127.782,3.251128,441,262.38779189237,282.84801932307,3131.0809615255,3258.1272884481
47.7089,-127.782,3.251128,506,262.38779189237,282.84801932307,3131.0809615255,3258.1272884481
47.7095,-127.783,3.251128,625,262.38779189237,282.84801932307,3131.0809615255,3258.1272884481
47.7094,-127.783,3.251128,826,262.38779189237,282.84801932307,3131.0809615255,3258.1272884481
47.709,-127.784,3.251128,1244,262.38779189237,282.84801932307,3131.0809615255,3258.1272884481
47.7094,-127.785,3.251128,1320,262.38779189237,282.84801932307,3131.0809615255,3258.1272884481
47.7109,-127.79,3.251128,848,262.38779189237,282.84801932307,3131.0809615255,3258.1272884481
47.7107,-127.788,3.251128,1433,262.38779189237,282.84801932307,3131.0809615255,3258.1272884481
47.7112,-127.791,3.251128,704,262.38779189237,282.84801932307,3131.0809615255,3258.1272884481
47.7108,-127.791,3.251128,642,262.38779189237,282.84801932307,3131.0809615255,3258.1272884481
47.7119,-127.793,3.251128,433,262.38779189237,282.84801932307,3131.0809615255,3258.1272884481
47.7118,-127.794,3.251128,373,262.38779189237,282.84801932307,3131.0809615255,3258.1272884481
47.7122,-127.794,3.251128,323,262.38779189237,282.84801932307,3131.0809615255,3258.1272884481
47.712,-127.795,3.251128,317,262.38779189237,282.84801932307,3131.0809615255,3258.1272884481
47.7125,-127.796,3.251128,280,262.38779189237,282.84801932307,3131.0809615255,3258.1272884481
47.7125,-127.797,3.251128,254,262.38779189237,282.84801932307,3131.0809615255,3258.1272884481
47.7131,-127.798,3.251128,228,262.38779189237,282.84801932307,3131.0809615255,3258.1272884481
47.7156,-127.801,3.251128,224,262.38779189237,282.84801932307,3131.0809615255,3258.1272884481
47.7139,-127.802,3.251128,217,262.38779189237,282.84801932307,3131.0809615255,3258.1272884481
47.7152,-127.79,3.251128,335,262.38779189237,282.84801932307,3131.0809615255,3258.1272884481
47.7149,-127.788,3.251128,513,262.38779189237,282.84801932307,3131.0809615255,3258.1272884481
47.7143,-127.787,3.251128,731,262.38779189237,282.84801932307,3131.0809615255,3258.1272884481
47.7138,-127.784,3.251128,1797,262.38779189237,282.84801932307,3131.0809615255,3258.1272884481
47.7129,-127.782,3.251128,1001,262.38779189237,282.84801932307,3131.0809615255,3258.1272884481
47.7125,-127.781,3.251128,817,262.38779189237,282.84801932307,3131.0809615255,3258.1272884481
47.7126,-127.783,3.251128,1254,262.38779189237,282.84801932307,3131.0809615255,3258.1272884481
47.7125,-127.784,3.251128,1415,262.38779189237,282.84801932307,3131.0809615255,3258.1272884481
47.7126,-127.784,3.251128,1128,262.38779189237,282.84801932307,3131.0809615255,3258.1272884481
47.7132,-127.786,3.251128,2662,262.38779189237,282.84801932307,3131.0809615255,3258.1272884481
47.7134,-127.787,3.251128,1122,262.38779189237,282.84801932307,3131.0809615255,3258.1272884481
47.7216,-127.776,3.251128,213,262.38779189237,282.84801932307,3131.0809615255,3258.1272884481
47.7225,-127.777,3.251128,215,262.38779189237,282.84801932307,3131.0809615255,3258.1272884481
47.7224,-127.779,3.251128,210,262.38779189237,282.84801932307,3131.0809615255,3258.1272884481
47.7224,-127.779,3.251128,213,262.38779189237,282.84801932307,3131.0809615255,3258.1272884481
47.7231,-127.78,3.251128,207,262.38779189237,282.84801932307,3131.0809615255,3258.1272884481
47.7226,-127.781,3.251128,205,262.38779189237,282.84801932307,3131.0809615255,3258.1272884481
47.7233,-127.782,3.251128,200,262.38779189237,282.84801932307,3131.0809615255,3258.1272884481
47.7231,-127.784,3.251128,211,262.38779189237,282.84801932307,3131.0809615255,3258.1272884481
47.7237,-127.785,3.251128,201,262.38779189237,282.84801932307,3131.0809615255,3258.1272884481
47.7245,-127.78,3.251128,206,262.38779189237,282.84801932307,3131.0809615255,3258.1272884481
47.7241,-127.778,3.251128,205,262.38779189237,282.84801932307,3131.0809615255,3258.1272884481
47.7232,-127.78,3.251128,205,262.38779189237,282.84801932307,3131.0809615255,3258.1272884481
47.7228,-127.781,3.251128,201,262.38779189237,282.84801932307,3131.0809615255,3258.1272884481
47.7207,-127.781,3.251128,200,262.38779189237,282.84801932307,3131.0809615255,3258.1272884481
47.7201,-127.782,3.251128,204,262.38779189237,282.84801932307,3131.0809615255,3258.1272884481
47.7203,-127.782,3.251128,233,262.38779189237,282.84801932307,3131.0809615255,3258.1272884481
47.72,-127.783,3.251128,249,262.38779189237,282.84801932307,3131.0809615255,3258.1272884481
47.7179,-127.783,3.251128,252,262.38779189237,282.84801932307,3131.0809615255,3258.1272884481
47.7184,-127.769,3.251128,306,262.38779189237,282.84801932307,3131.0809615255,3258.1272884481
47.7175,-127.785,3.251128,355,262.38779189237,282.84801932307,3131.0809615255,3258.1272884481
47.7175,-127.784,3.251128,415,262.38779189237,282.84801932307,3131.0809615255,3258.1272884481
47.7164,-127.785,3.251128,441,262.38779189237,282.84801932307,3131.0809615255,3258.1272884481
47.7155,-127.785,3.251128,531,262.38779189237,282.84801932307,3131.0809615255,3258.1272884481
47.7146,-127.786,3.251128,698,262.38779189237,282.84801932307,3131.0809615255,3258.1272884481
47.7147,-127.785,3.251128,994,262.38779189237,282.84801932307,3131.0809615255,3258.1272884481
47.7141,-127.785,3.251128,1381,262.38779189237,282.84801932307,3131.0809615255,3258.1272884481
47.7132,-127.786,3.251128,4037,262.38779189237,282.84801932307,3131.0809615255,3258.1272884481
47.7157,-127.785,3.251128,1285,262.38779189237,282.84801932307,3131.0809615255,3258.1272884481
47.9321,-128.594,1.1679138,252,437.77934178494,471.91608584908,2878.245212131,2994.4557212223
47.9324,-128.596,1.1679138,252,437.77934178494,471.91608584908,2878.245212131,2994.4557212223
47.933,-128.597,1.1679138,246,437.77934178494,471.91608584908,2878.245212131,2994.4557212223
47.9333,-128.598,1.1679138,243,437.77934178494,471.91608584908,2878.245212131,2994.4557212223
47.9333,-128.6,1.1679138,250,437.77934178494,471.91608584908,2878.245212131,2994.4557212223
47.9338,-128.601,1.1679138,260,437.77934178494,471.91608584908,2878.245212131,2994.4557212223
47.9339,-128.602,1.1679138,261,437.77934178494,471.91608584908,2878.245212131,2994.4557212223
47.9339,-128.602,1.1679138,266,437.77934178494,471.91608584908,2878.245212131,2994.4557212223
47.9345,-128.604,1.1679138,271,437.77934178494,471.91608584908,2878.245212131,2994.4557212223
47.9346,-128.605,1.1679138,274,437.77934178494,471.91608584908,2878.245212131,2994.4557212223
47.9349,-128.607,1.1679138,278,437.77934178494,471.91608584908,2878.245212131,2994.4557212223
47.9351,-128.608,1.1679138,275,437.77934178494,471.91608584908,2878.245212131,2994.4557212223
47.9354,-128.609,1.1679138,284,437.77934178494,471.91608584908,2878.245212131,2994.4557212223
47.9357,-128.61,1.1679138,281,437.77934178494,471.91608584908,2878.245212131,2994.4557212223
47.9362,-128.613,1.1679138,297,437.77934178494,471.91608584908,2878.245212131,2994.4557212223
47.9365,-128.614,1.1679138,295,437.77934178494,471.91608584908,2878.245212131,2994.4557212223
47.9366,-128.615,1.1679138,293,437.77934178494,471.91608584908,2878.245212131,2994.4557212223
47.937,-128.617,1.1679138,288,437.77934178494,471.91608584908,2878.245212131,2994.4557212223
47.9372,-128.618,1.1679138,282,437.77934178494,471.91608584908,2878.245212131,2994.4557212223
47.9377,-128.619,1.1679138,279,437.77934178494,471.91608584908,2878.245212131,2994.4557212223
47.9378,-128.62,1.1679138,277,437.77934178494,471.91608584908,2878.245212131,2994.4557212223
47.9381,-128.622,1.1679138,278,437.77934178494,471.91608584908,2878.245212131,2994.4557212223
47.9383,-128.623,1.1679138,284,437.77934178494,471.91608584908,2878.245212131,2994.4557212223
47.9386,-128.624,1.1679138,284,437.77934178494,471.91608584908,2878.245212131,2994.4557212223
47.9389,-128.625,1.1679138,288,437.77934178494,471.91608584908,2878.245212131,2994.4557212223
47.9392,-128.626,1.1679138,288,437.77934178494,471.91608584908,2878.245212131,2994.4557212223
47.9397,-128.628,1.1679138,280,437.77934178494,471.91608584908,2878.245212131,2994.4557212223
47.9399,-128.629,1.1679138,277,437.77934178494,471.91608584908,2878.245212131,2994.4557212223
47.94,-128.63,1.1679138,276,437.77934178494,471.91608584908,2878.245212131,2994.4557212223
47.9402,-128.632,1.1679138,268,437.77934178494,471.91608584908,2878.245212131,2994.4557212223
47.9406,-128.633,1.1679138,265,437.77934178494,471.91608584908,2878.245212131,2994.4557212223
47.9409,-128.634,1.1679138,261,437.77934178494,471.91608584908,2878.245212131,2994.4557212223
47.941,-128.635,1.1679138,264,437.77934178494,471.91608584908,2878.245212131,2994.4557212223
47.9416,-128.638,1.1679138,260,437.77934178494,471.91608584908,2878.245212131,2994.4557212223
47.9418,-128.639,1.1679138,256,437.77934178494,471.91608584908,2878.245212131,2994.4557212223
47.9422,-128.64,1.1679138,259,437.77934178494,471.91608584908,2878.245212131,2994.4557212223
47.9406,-128.586,1.1679138,228,437.77934178494,471.91608584908,2878.245212131,2994.4557212223
47.9408,-128.587,1.1679138,221,437.77934178494,471.91608584908,2878.245212131,2994.4557212223
47.9411,-128.588,1.1679138,214,437.77934178494,471.91608584908,2878.245212131,2994.4557212223
47.9414,-128.589,1.1679138,213,437.77934178494,471.91608584908,2878.245212131,2994.4557212223
47.9416,-128.591,1.1679138,213,437.77934178494,471.91608584908,2878.245212131,2994.4557212223
47.9419,-128.592,1.1679138,215,437.77934178494,471.91608584908,2878.245212131,2994.4557212223
47.9421,-128.594,1.1679138,223,437.77934178494,471.91608584908,2878.245212131,2994.4557212223
47.9424,-128.595,1.1679138,219,437.77934178494,471.91608584908,2878.245212131,2994.4557212223
47.943,-128.598,1.1679138,230,437.77934178494,471.91608584908,2878.245212131,2994.4557212223
47.9432,-128.599,1.1679138,229,437.77934178494,471.91608584908,2878.245212131,2994.4557212223
47.9438,-128.6,1.1679138,240,437.77934178494,471.91608584908,2878.245212131,2994.4557212223
47.9439,-128.602,1.1679138,250,437.77934178494,471.91608584908,2878.245212131,2994.4557212223
47.944,-128.603,1.1679138,255,437.77934178494,471.91608584908,2878.245212131,2994.4557212223
47.9442,-128.604,1.1679138,259,437.77934178494,471.91608584908,2878.245212131,2994.4557212223
47.9447,-128.605,1.1679138,264,437.77934178494,471.91608584908,2878.245212131,2994.4557212223
47.9449,-128.606,1.1679138,261,437.77934178494,471.91608584908,2878.245212131,2994.4557212223
47.945,-128.608,1.1679138,257,437.77934178494,471.91608584908,2878.245212131,2994.4557212223
47.9453,-128.609,1.1679138,261,437.77934178494,471.91608584908,2878.245212131,2994.4557212223
47.9456,-128.61,1.1679138,262,437.77934178494,471.91608584908,2878.245212131,2994.4557212223
47.9462,-128.613,1.1679138,268,437.77934178494,471.91608584908,2878.245212131,2994.4557212223
47.9464,-128.614,1.1679138,270,437.77934178494,471.91608584908,2878.245212131,2994.4557212223
47.9467,-128.615,1.1679138,277,437.77934178494,471.91608584908,2878.245212131,2994.4557212223
47.9469,-128.617,1.1679138,276,437.77934178494,471.91608584908,2878.245212131,2994.4557212223
47.9472,-128.618,1.1679138,261,437.77934178494,471.91608584908,2878.245212131,2994.4557212223
47.9474,-128.619,1.1679138,264,437.77934178494,471.91608584908,2878.245212131,2994.4557212223
47.9476,-128.62,1.1679138,256,437.77934178494,471.91608584908,2878.245212131,2994.4557212223
47.9478,-128.622,1.1679138,252,437.77934178494,471.91608584908,2878.245212131,2994.4557212223
47.9483,-128.623,1.1679138,251,437.77934178494,471.91608584908,2878.245212131,2994.4557212223
47.9484,-128.624,1.1679138,244,437.77934178494,471.91608584908,2878.245212131,2994.4557212223
47.9487,-128.626,1.1679138,234,437.77934178494,471.91608584908,2878.245212131,2994.4557212223
47.9489,-128.627,1.1679138,234,437.77934178494,471.91608584908,2878.245212131,2994.4557212223
47.9492,-128.628,1.1679138,235,437.77934178494,471.91608584908,2878.245212131,2994.4557212223
47.9496,-128.63,1.1679138,233,437.77934178494,471.91608584908,2878.245212131,2994.4557212223
47.9497,-128.631,1.1679138,232,437.77934178494,471.91608584908,2878.245212131,2994.4557212223
47.95,-128.632,0.97481376,230,479.18126926088,516.54641372474,2845.5643002395,2960.3741988212
47.9502,-128.633,0.97481376,230,479.18126926088,516.54641372474,2845.5643002395,2960.3741988212
47.9505,-128.635,0.97481376,226,479.18126926088,516.54641372474,2845.5643002395,2960.3741988212
47.9508,-128.636,0.97481376,219,479.18126926088,516.54641372474,2845.5643002395,2960.3741988212
47.9511,-128.637,0.97481376,215,479.18126926088,516.54641372474,2845.5643002395,2960.3741988212
47.9512,-128.639,0.97481376,217,479.18126926088,516.54641372474,2845.5643002395,2960.3741988212
47.9515,-128.64,0.97481376,207,479.18126926088,516.54641372474,2845.5643002395,2960.3741988212
47.9518,-128.641,0.97481376,199,479.18126926088,516.54641372474,2845.5643002395,2960.3741988212
47.9521,-128.643,0.97481376,194,479.18126926088,516.54641372474,2845.5643002395,2960.3741988212
47.9522,-128.643,0.97481376,197,479.18126926088,516.54641372474,2845.5643002395,2960.3741988212
47.9527,-128.645,0.97481376,192,479.18126926088,516.54641372474,2845.5643002395,2960.3741988212
47.953,-128.646,0.97481376,188,479.18126926088,516.54641372474,2845.5643002395,2960.3741988212
47.9493,-128.582,1.1679138,201,437.77934178494,471.91608584908,2878.245212131,2994.4557212223
47.9493,-128.583,1.1679138,198,437.77934178494,471.91608584908,2878.245212131,2994.4557212223
47.9498,-128.584,1.1679138,202,437.77934178494,471.91608584908,2878.245212131,2994.4557212223
47.9499,-128.586,1.1679138,206,437.77934178494,471.91608584908,2878.245212131,2994.4557212223
47.9503,-128.587,0.97481376,203,479.18126926088,516.54641372474,2845.5643002395,2960.3741988212
47.9505,-128.588,0.97481376,209,479.18126926088,516.54641372474,2845.5643002395,2960.3741988212
47.9507,-128.59,0.97481376,215,479.18126926088,516.54641372474,2845.5643002395,2960.3741988212
47.951,-128.591,0.97481376,221,479.18126926088,516.54641372474,2845.5643002395,2960.3741988212
47.9513,-128.592,0.97481376,231,479.18126926088,516.54641372474,2845.5643002395,2960.3741988212
47.9517,-128.593,0.97481376,227,479.18126926088,516.54641372474,2845.5643002395,2960.3741988212
47.952,-128.596,0.97481376,236,479.18126926088,516.54641372474,2845.5643002395,2960.3741988212
47.9523,-128.597,0.97481376,240,479.18126926088,516.54641372474,2845.5643002395,2960.3741988212
47.9525,-128.599,0.97481376,248,479.18126926088,516.54641372474,2845.5643002395,2960.3741988212
47.9528,-128.6,0.97481376,251,479.18126926088,516.54641372474,2845.5643002395,2960.3741988212
47.9532,-128.601,0.97481376,249,479.18126926088,516.54641372474,2845.5643002395,2960.3741988212
47.9535,-128.602,0.97481376,244,479.18126926088,516.54641372474,2845.5643002395,2960.3741988212
47.9538,-128.604,0.97481376,239,479.18126926088,516.54641372474,2845.5643002395,2960.3741988212
47.9539,-128.605,0.97481376,236,479.18126926088,516.54641372474,2845.5643002395,2960.3741988212
47.9569,-128.571,0.97481376,220,479.18126926088,516.54641372474,2845.5643002395,2960.3741988212
47.9572,-128.572,0.97481376,216,479.18126926088,516.54641372474,2845.5643002395,2960.3741988212
47.9574,-128.574,0.97481376,209,479.18126926088,516.54641372474,2845.5643002395,2960.3741988212
47.9576,-128.575,0.97481376,204,479.18126926088,516.54641372474,2845.5643002395,2960.3741988212
47.9579,-128.576,0.97481376,199,479.18126926088,516.54641372474,2845.5643002395,2960.3741988212
47.9582,-128.578,0.97481376,201,479.18126926088,516.54641372474,2845.5643002395,2960.3741988212
47.9594,-128.584,0.97481376,220,479.18126926088,516.54641372474,2845.5643002395,2960.3741988212
47.9599,-128.587,0.97481376,209,479.18126926088,516.54641372474,2845.5643002395,2960.3741988212
47.9605,-128.588,0.97481376,199,479.18126926088,516.54641372474,2845.5643002395,2960.3741988212
47.8912,-128.666,0.91232389,329,495.3203091145,533.94392838596,2834.3047659322,2948.6321130436
47.8921,-128.671,0.91232389,343,495.3203091145,533.94392838596,2834.3047659322,2948.6321130436
47.8928,-128.674,0.91232389,382,495.3203091145,533.94392838596,2834.3047659322,2948.6321130436
47.8936,-128.678,0.91232389,349,495.3203091145,533.94392838596,2834.3047659322,2948.6321130436
47.8947,-128.683,0.91232389,345,495.3203091145,533.94392838596,2834.3047659322,2948.6321130436
47.8951,-128.686,0.91232389,298,495.3203091145,533.94392838596,2834.3047659322,2948.6321130436
47.8961,-128.69,0.91232389,277,495.3203091145,533.94392838596,2834.3047659322,2948.6321130436
47.8965,-128.694,0.91232389,263,495.3203091145,533.94392838596,2834.3047659322,2948.6321130436
47.8975,-128.697,0.91232389,275,495.3203091145,533.94392838596,2834.3047659322,2948.6321130436
47.8984,-128.701,0.91232389,240,495.3203091145,533.94392838596,2834.3047659322,2948.6321130436
47.8992,-128.705,0.91232389,214,495.3203091145,533.94392838596,2834.3047659322,2948.6321130436
47.8998,-128.709,0.91232389,204,495.3203091145,533.94392838596,2834.3047659322,2948.6321130436
47.9008,-128.713,0.91232389,243,495.3203091145,533.94392838596,2834.3047659322,2948.6321130436
47.9014,-128.716,0.91232389,236,495.3203091145,533.94392838596,2834.3047659322,2948.6321130436
47.9023,-128.72,0.91232389,226,495.3203091145,533.94392838596,2834.3047659322,2948.6321130436
47.903,-128.724,0.91232389,200,495.3203091145,533.94392838596,2834.3047659322,2948.6321130436
47.9038,-128.728,0.91232389,211,495.3203091145,533.94392838596,2834.3047659322,2948.6321130436
47.9046,-128.731,0.91232389,182,495.3203091145,533.94392838596,2834.3047659322,2948.6321130436
47.906,-128.74,0.91232389,126,495.3203091145,533.94392838596,2834.3047659322,2948.6321130436
47.9069,-128.743,0.91232389,135,495.3203091145,533.94392838596,2834.3047659322,2948.6321130436
47.9077,-128.746,0.91232389,142,495.3203091145,533.94392838596,2834.3047659322,2948.6321130436
47.9085,-128.751,0.66285837,156,581.09921225716,626.41161782617,2784.956400744,2897.1688179188
47.9092,-128.755,0.66285837,185,581.09921225716,626.41161782617,2784.956400744,2897.1688179188
47.9104,-128.758,0.66285837,184,581.09921225716,626.41161782617,2784.956400744,2897.1688179188
47.9109,-128.762,0.66285837,110,581.09921225716,626.41161782617,2784.956400744,2897.1688179188
47.9113,-128.766,0.66285837,114,581.09921225716,626.41161782617,2784.956400744,2897.1688179188
47.9127,-128.769,0.66285837,133,581.09921225716,626.41161782617,2784.956400744,2897.1688179188
47.9137,-128.776,0.66285837,141,581.09921225716,626.41161782617,2784.956400744,2897.1688179188
47.9146,-128.777,0.66285837,140,581.09921225716,626.41161782617,2784.956400744,2897.1688179188
47.9156,-128.782,0.66285837,100,581.09921225716,626.41161782617,2784.956400744,2897.1688179188
47.9158,-128.786,0.66285837,83,581.09921225716,626.41161782617,2784.956400744,2897.1688179188
47.9166,-128.79,0.66285837,73,581.09921225716,626.41161782617,2784.956400744,2897.1688179188
47.9172,-128.794,0.66285837,79,581.09921225716,626.41161782617,2784.956400744,2897.1688179188
47.9182,-128.798,0.66285837,79,581.09921225716,626.41161782617,2784.956400744,2897.1688179188
47.9213,-128.813,0.66285837,102,581.09921225716,626.41161782617,2784.956400744,2897.1688179188
47.9222,-128.817,0.66285837,106,581.09921225716,626.41161782617,2784.956400744,2897.1688179188
47.9224,-128.818,0.66285837,107,581.09921225716,626.41161782617,2784.956400744,2897.1688179188
47.9223,-128.819,0.66285837,106,581.09921225716,626.41161782617,2784.956400744,2897.1688179188
47.9229,-128.82,0.66285837,106,581.09921225716,626.41161782617,2784.956400744,2897.1688179188
47.9231,-128.822,0.66285837,115,581.09921225716,626.41161782617,2784.956400744,2897.1688179188
47.9232,-128.823,0.66285837,119,581.09921225716,626.41161782617,2784.956400744,2897.1688179188
47.9236,-128.824,0.66285837,111,581.09921225716,626.41161782617,2784.956400744,2897.1688179188
47.9238,-128.826,0.66285837,85,581.09921225716,626.41161782617,2784.956400744,2897.1688179188
47.9243,-128.827,0.66285837,71,581.09921225716,626.41161782617,2784.956400744,2897.1688179188
47.9242,-128.828,0.66285837,69,581.09921225716,626.41161782617,2784.956400744,2897.1688179188
47.9247,-128.83,0.66285837,73,581.09921225716,626.41161782617,2784.956400744,2897.1688179188
47.9249,-128.831,0.66285837,83,581.09921225716,626.41161782617,2784.956400744,2897.1688179188
47.9252,-128.832,0.66285837,99,581.09921225716,626.41161782617,2784.956400744,2897.1688179188
47.9255,-128.833,0.66285837,112,581.09921225716,626.41161782617,2784.956400744,2897.1688179188
47.9257,-128.835,0.66285837,130,581.09921225716,626.41161782617,2784.956400744,2897.1688179188
47.9383,-128.573,1.1679138,252,437.77934178494,471.91608584908,2878.245212131,2994.4557212223
47.9385,-128.574,1.1679138,235,437.77934178494,471.91608584908,2878.245212131,2994.4557212223
47.9387,-128.576,1.1679138,226,437.77934178494,471.91608584908,2878.245212131,2994.4557212223
47.939,-128.577,1.1679138,220,437.77934178494,471.91608584908,2878.245212131,2994.4557212223
47.9392,-128.578,1.1679138,216,437.77934178494,471.91608584908,2878.245212131,2994.4557212223
47.9395,-128.579,1.1679138,219,437.77934178494,471.91608584908,2878.245212131,2994.4557212223
47.9395,-128.581,1.1679138,221,437.77934178494,471.91608584908,2878.245212131,2994.4557212223
47.9398,-128.582,1.1679138,231,437.77934178494,471.91608584908,2878.245212131,2994.4557212223
47.9402,-128.583,1.1679138,238,437.77934178494,471.91608584908,2878.245212131,2994.4557212223
47.9403,-128.584,1.1679138,238,437.77934178494,471.91608584908,2878.245212131,2994.4557212223
47.9333,-128.574,1.1679138,234,437.77934178494,471.91608584908,2878.245212131,2994.4557212223
47.8559,-128.494,1.414219,418,397.83439275395,428.85634730753,2916.2232904344,3034.061431453
47.8563,-128.497,1.414219,393,397.83439275395,428.85634730753,2916.2232904344,3034.061431453
47.8575,-128.502,1.414219,389,397.83439275395,428.85634730753,2916.2232904344,3034.061431453
47.8579,-128.505,1.414219,452,397.83439275395,428.85634730753,2916.2232904344,3034.061431453
47.8579,-128.509,1.414219,455,397.83439275395,428.85634730753,2916.2232904344,3034.061431453
47.8589,-128.51,1.414219,431,397.83439275395,428.85634730753,2916.2232904344,3034.061431453
47.8593,-128.513,1.414219,363,397.83439275395,428.85634730753,2916.2232904344,3034.061431453
47.8598,-128.515,1.414219,304,397.83439275395,428.85634730753,2916.2232904344,3034.061431453
47.8605,-128.518,1.414219,302,397.83439275395,428.85634730753,2916.2232904344,3034.061431453
47.8611,-128.52,1.414219,293,397.83439275395,428.85634730753,2916.2232904344,3034.061431453
47.8616,-128.523,1.414219,279,397.83439275395,428.85634730753,2916.2232904344,3034.061431453
47.8621,-128.526,1.414219,288,397.83439275395,428.85634730753,2916.2232904344,3034.061431453
47.8627,-128.528,1.414219,324,397.83439275395,428.85634730753,2916.2232904344,3034.061431453
47.8632,-128.531,1.414219,298,397.83439275395,428.85634730753,2916.2232904344,3034.061431453
47.8637,-128.534,1.414219,334,397.83439275395,428.85634730753,2916.2232904344,3034.061431453
47.8642,-128.536,1.414219,367,397.83439275395,428.85634730753,2916.2232904344,3034.061431453
47.8648,-128.538,1.414219,318,397.83439275395,428.85634730753,2916.2232904344,3034.061431453
47.8653,-128.541,1.414219,276,397.83439275395,428.85634730753,2916.2232904344,3034.061431453
47.8659,-128.544,1.414219,267,397.83439275395,428.85634730753,2916.2232904344,3034.061431453
47.8664,-128.546,1.414219,269,397.83439275395,428.85634730753,2916.2232904344,3034.061431453
47.867,-128.549,1.414219,283,397.83439275395,428.85634730753,2916.2232904344,3034.061431453
47.8675,-128.551,1.1679138,299,437.77934178494,471.91608584908,2878.245212131,2994.4557212223
47.868,-128.553,1.1679138,313,437.77934178494,471.91608584908,2878.245212131,2994.4557212223
47.8685,-128.556,1.1679138,302,437.77934178494,471.91608584908,2878.245212131,2994.4557212223
47.869,-128.559,1.1679138,308,437.77934178494,471.91608584908,2878.245212131,2994.4557212223
47.8696,-128.561,1.1679138,330,437.77934178494,471.91608584908,2878.245212131,2994.4557212223
47.87,-128.564,1.1679138,299,437.77934178494,471.91608584908,2878.245212131,2994.4557212223
47.8705,-128.567,1.1679138,394,437.77934178494,471.91608584908,2878.245212131,2994.4557212223
47.8711,-128.569,1.1679138,552,437.77934178494,471.91608584908,2878.245212131,2994.4557212223
47.8713,-128.572,1.1679138,606,437.77934178494,471.91608584908,2878.245212131,2994.4557212223
47.8723,-128.574,1.1679138,483,437.77934178494,471.91608584908,2878.245212131,2994.4557212223
47.8724,-128.577,1.1679138,448,437.77934178494,471.91608584908,2878.245212131,2994.4557212223
47.8731,-128.579,1.1679138,532,437.77934178494,471.91608584908,2878.245212131,2994.4557212223
47.8735,-128.582,1.1679138,503,437.77934178494,471.91608584908,2878.245212131,2994.4557212223
47.8741,-128.585,1.1679138,463,437.77934178494,471.91608584908,2878.245212131,2994.4557212223
47.8749,-128.587,1.1679138,450,437.77934178494,471.91608584908,2878.245212131,2994.4557212223
47.8753,-128.59,1.1679138,411,437.77934178494,471.91608584908,2878.245212131,2994.4557212223
47.8758,-128.592,1.1679138,464,437.77934178494,471.91608584908,2878.245212131,2994.4557212223
47.8763,-128.595,1.1679138,474,437.77934178494,471.91608584908,2878.245212131,2994.4557212223
47.877,-128.598,1.1679138,533,437.77934178494,471.91608584908,2878.245212131,2994.4557212223
47.8775,-128.6,1.1679138,477,437.77934178494,471.91608584908,2878.245212131,2994.4557212223
47.8779,-128.603,1.1679138,404,437.77934178494,471.91608584908,2878.245212131,2994.4557212223
47.8787,-128.606,1.1679138,386,437.77934178494,471.91608584908,2878.245212131,2994.4557212223
47.8795,-128.61,1.1679138,453,437.77934178494,471.91608584908,2878.245212131,2994.4557212223
47.8804,-128.614,1.1679138,338,437.77934178494,471.91608584908,2878.245212131,2994.4557212223
47.8812,-128.618,1.1679138,283,437.77934178494,471.91608584908,2878.245212131,2994.4557212223
47.8821,-128.623,1.1679138,283,437.77934178494,471.91608584908,2878.245212131,2994.4557212223
47.8826,-128.626,1.1679138,280,437.77934178494,471.91608584908,2878.245212131,2994.4557212223
47.8835,-128.63,1.1679138,303,437.77934178494,471.91608584908,2878.245212131,2994.4557212223
47.8851,-128.638,1.1679138,349,437.77934178494,471.91608584908,2878.245212131,2994.4557212223
47.8858,-128.641,1.1679138,415,437.77934178494,471.91608584908,2878.245212131,2994.4557212223
47.8867,-128.644,1.1679138,368,437.77934178494,471.91608584908,2878.245212131,2994.4557212223
47.8873,-128.649,1.1679138,462,437.77934178494,471.91608584908,2878.245212131,2994.4557212223
47.8881,-128.653,0.91232389,401,495.3203091145,533.94392838596,2834.3047659322,2948.6321130436
47.8888,-128.656,0.91232389,311,495.3203091145,533.94392838596,2834.3047659322,2948.6321130436
47.8897,-128.66,0.91232389,313,495.3203091145,533.94392838596,2834.3047659322,2948.6321130436
47.9165,-128.792,0.66285837,85,581.09921225716,626.41161782617,2784.956400744,2897.1688179188
47.9175,-128.794,0.66285837,85,581.09921225716,626.41161782617,2784.956400744,2897.1688179188
47.9183,-128.798,0.66285837,84,581.09921225716,626.41161782617,2784.956400744,2897.1688179188
47.9188,-128.801,0.66285837,82,581.09921225716,626.41161782617,2784.956400744,2897.1688179188
47.9198,-128.806,0.66285837,82,581.09921225716,626.41161782617,2784.956400744,2897.1688179188
47.9198,-128.807,0.66285837,92,581.09921225716,626.41161782617,2784.956400744,2897.1688179188
47.9203,-128.809,0.66285837,103,581.09921225716,626.41161782617,2784.956400744,2897.1688179188
47.9206,-128.81,0.66285837,98,581.09921225716,626.41161782617,2784.956400744,2897.1688179188
47.921,-128.812,0.66285837,113,581.09921225716,626.41161782617,2784.956400744,2897.1688179188
47.9215,-128.814,0.66285837,114,581.09921225716,626.41161782617,2784.956400744,2897.1688179188
47.7533,-127.713,3.3711357,164,257.67515241703,277.76790209746,3142.6228468161,3270.1638259653
47.7538,-127.716,3.3711357,158,257.67515241703,277.76790209746,3142.6228468161,3270.1638259653
47.7543,-127.718,3.3711357,150,257.67515241703,277.76790209746,3142.6228468161,3270.1638259653
47.7549,-127.721,3.3711357,150,257.67515241703,277.76790209746,3142.6228468161,3270.1638259653
47.7555,-127.723,3.3711357,155,257.67515241703,277.76790209746,3142.6228468161,3270.1638259653
47.7559,-127.726,3.3711357,157,257.67515241703,277.76790209746,3142.6228468161,3270.1638259653
47.7563,-127.729,3.3711357,158,257.67515241703,277.76790209746,3142.6228468161,3270.1638259653
47.7568,-127.732,3.3711357,160,257.67515241703,277.76790209746,3142.6228468161,3270.1638259653
47.7576,-127.734,3.3711357,156,257.67515241703,277.76790209746,3142.6228468161,3270.1638259653
47.758,-127.737,3.3711357,162,257.67515241703,277.76790209746,3142.6228468161,3270.1638259653
47.7586,-127.739,3.3711357,169,257.67515241703,277.76790209746,3142.6228468161,3270.1638259653
47.7592,-127.742,3.3711357,182,257.67515241703,277.76790209746,3142.6228468161,3270.1638259653
47.7597,-127.744,3.3711357,195,257.67515241703,277.76790209746,3142.6228468161,3270.1638259653
47.7605,-127.747,3.3711357,204,257.67515241703,277.76790209746,3142.6228468161,3270.1638259653
47.7609,-127.749,3.3711357,220,257.67515241703,277.76790209746,3142.6228468161,3270.1638259653
47.7613,-127.752,3.1612465,255,266.09179195412,286.84084640349,3122.2963090442,3248.9661508604
47.7621,-127.754,3.1612465,283,266.09179195412,286.84084640349,3122.2963090442,3248.9661508604
47.7622,-127.757,3.1612465,326,266.09179195412,286.84084640349,3122.2963090442,3248.9661508604
47.7629,-127.76,3.1612465,343,266.09179195412,286.84084640349,3122.2963090442,3248.9661508604
47.7634,-127.763,3.1612465,320,266.09179195412,286.84084640349,3122.2963090442,3248.9661508604
47.7637,-127.765,3.1612465,297,266.09179195412,286.84084640349,3122.2963090442,3248.9661508604
47.7641,-127.767,3.1612465,256,266.09179195412,286.84084640349,3122.2963090442,3248.9661508604
47.7649,-127.77,3.1612465,245,266.09179195412,286.84084640349,3122.2963090442,3248.9661508604
47.7653,-127.772,3.1612465,245,266.09179195412,286.84084640349,3122.2963090442,3248.9661508604
47.7659,-127.775,3.1612465,235,266.09179195412,286.84084640349,3122.2963090442,3248.9661508604
47.7664,-127.778,3.1612465,229,266.09179195412,286.84084640349,3122.2963090442,3248.9661508604
47.7671,-127.781,3.1612465,222,266.09179195412,286.84084640349,3122.2963090442,3248.9661508604
47.7674,-127.783,3.1612465,219,266.09179195412,286.84084640349,3122.2963090442,3248.9661508604
47.768,-127.785,3.1612465,213,266.09179195412,286.84084640349,3122.2963090442,3248.9661508604
47.7686,-127.788,3.1612465,197,266.09179195412,286.84084640349,3122.2963090442,3248.9661508604
47.7691,-127.79,3.1612465,198,266.09179195412,286.84084640349,3122.2963090442,3248.9661508604
47.769,-127.695,3.3711357,208,257.67515241703,277.76790209746,3142.6228468161,3270.1638259653
47.7696,-127.697,3.3711357,206,257.67515241703,277.76790209746,3142.6228468161,3270.1638259653
47.77,-127.699,3.3711357,202,257.67515241703,277.76790209746,3142.6228468161,3270.1638259653
47.7707,-127.702,3.3711357,205,257.67515241703,277.76790209746,3142.6228468161,3270.1638259653
47.7711,-127.705,3.3711357,205,257.67515241703,277.76790209746,3142.6228468161,3270.1638259653
47.7716,-127.707,3.3711357,198,257.67515241703,277.76790209746,3142.6228468161,3270.1638259653
47.7721,-127.71,3.3711357,176,257.67515241703,277.76790209746,3142.6228468161,3270.1638259653
47.7726,-127.712,3.3711357,178,257.67515241703,277.76790209746,3142.6228468161,3270.1638259653
47.7732,-127.715,3.3711357,180,257.67515241703,277.76790209746,3142.6228468161,3270.1638259653
47.7737,-127.718,3.3711357,182,257.67515241703,277.76790209746,3142.6228468161,3270.1638259653
47.7742,-127.72,3.3711357,191,257.67515241703,277.76790209746,3142.6228468161,3270.1638259653
47.7746,-127.722,3.3711357,190,257.67515241703,277.76790209746,3142.6228468161,3270.1638259653
47.7753,-127.725,3.3711357,196,257.67515241703,277.76790209746,3142.6228468161,3270.1638259653
47.7755,-127.726,3.3711357,202,257.67515241703,277.76790209746,3142.6228468161,3270.1638259653
47.7759,-127.728,3.3711357,197,257.67515241703,277.76790209746,3142.6228468161,3270.1638259653
47.7761,-127.729,3.3711357,196,257.67515241703,277.76790209746,3142.6228468161,3270.1638259653
47.7763,-127.731,3.3711357,198,257.67515241703,277.76790209746,3142.6228468161,3270.1638259653
47.7766,-127.732,3.3711357,198,257.67515241703,277.76790209746,3142.6228468161,3270.1638259653
47.7768,-127.733,3.3711357,198,257.67515241703,277.76790209746,3142.6228468161,3270.1638259653
47.7772,-127.734,3.3711357,212,257.67515241703,277.76790209746,3142.6228468161,3270.1638259653
47.7772,-127.736,3.3711357,203,257.67515241703,277.76790209746,3142.6228468161,3270.1638259653
47.7776,-127.737,3.3711357,215,257.67515241703,277.76790209746,3142.6228468161,3270.1638259653
47.7778,-127.738,3.3711357,229,257.67515241703,277.76790209746,3142.6228468161,3270.1638259653
47.7781,-127.74,3.3711357,254,257.67515241703,277.76790209746,3142.6228468161,3270.1638259653
47.7783,-127.741,3.3711357,279,257.67515241703,277.76790209746,3142.6228468161,3270.1638259653
47.7784,-127.742,3.3711357,300,257.67515241703,277.76790209746,3142.6228468161,3270.1638259653
47.7789,-127.743,3.3711357,315,257.67515241703,277.76790209746,3142.6228468161,3270.1638259653
47.7789,-127.745,3.3711357,334,257.67515241703,277.76790209746,3142.6228468161,3270.1638259653
47.7793,-127.746,3.3711357,341,257.67515241703,277.76790209746,3142.6228468161,3270.1638259653
47.7798,-127.747,3.3711357,342,257.67515241703,277.76790209746,3142.6228468161,3270.1638259653
47.78,-127.749,3.3711357,359,257.67515241703,277.76790209746,3142.6228468161,3270.1638259653
47.7803,-127.75,3.1612465,365,266.09179195412,286.84084640349,3122.2963090442,3248.9661508604
47.7808,-127.752,3.1612465,362,266.09179195412,286.84084640349,3122.2963090442,3248.9661508604
47.781,-127.753,3.1612465,361,266.09179195412,286.84084640349,3122.2963090442,3248.9661508604
47.7814,-127.755,3.1612465,361,266.09179195412,286.84084640349,3122.2963090442,3248.9661508604
47.7815,-127.756,3.1612465,345,266.09179195412,286.84084640349,3122.2963090442,3248.9661508604
47.7817,-127.757,3.1612465,325,266.09179195412,286.84084640349,3122.2963090442,3248.9661508604
47.7822,-127.759,3.1612465,319,266.09179195412,286.84084640349,3122.2963090442,3248.9661508604
47.7822,-127.759,3.1612465,330,266.09179195412,286.84084640349,3122.2963090442,3248.9661508604
47.7829,-127.762,3.1612465,296,266.09179195412,286.84084640349,3122.2963090442,3248.9661508604
47.783,-127.763,3.1612465,278,266.09179195412,286.84084640349,3122.2963090442,3248.9661508604
47.7839,-127.767,3.1612465,243,266.09179195412,286.84084640349,3122.2963090442,3248.9661508604
47.7842,-127.769,3.1612465,230,266.09179195412,286.84084640349,3122.2963090442,3248.9661508604
47.785,-127.772,3.1612465,229,266.09179195412,286.84084640349,3122.2963090442,3248.9661508604
47.7852,-127.773,3.1612465,226,266.09179195412,286.84084640349,3122.2963090442,3248.9661508604
47.786,-127.777,3.1612465,215,266.09179195412,286.84084640349,3122.2963090442,3248.9661508604
47.7863,-127.778,3.1612465,207,266.09179195412,286.84084640349,3122.2963090442,3248.9661508604
47.7867,-127.78,3.1612465,201,266.09179195412,286.84084640349,3122.2963090442,3248.9661508604
47.7873,-127.783,3.1612465,193,266.09179195412,286.84084640349,3122.2963090442,3248.9661508604
47.7879,-127.786,3.1612465,193,266.09179195412,286.84084640349,3122.2963090442,3248.9661508604
47.7883,-127.788,3.1612465,191,266.09179195412,286.84084640349,3122.2963090442,3248.9661508604
47.7891,-127.792,3.1612465,194,266.09179195412,286.84084640349,3122.2963090442,3248.9661508604
47.7896,-127.794,3.1612465,202,266.09179195412,286.84084640349,3122.2963090442,3248.9661508604
47.79,-127.797,3.1612465,207,266.09179195412,286.84084640349,3122.2963090442,3248.9661508604
47.7905,-127.799,3.1612465,195,266.09179195412,286.84084640349,3122.2963090442,3248.9661508604
47.7601,-127.747,3.3711357,199,257.67515241703,277.76790209746,3142.6228468161,3270.1638259653
47.7605,-127.749,3.3711357,217,257.67515241703,277.76790209746,3142.6228468161,3270.1638259653
47.761,-127.752,3.1612465,248,266.09179195412,286.84084640349,3122.2963090442,3248.9661508604
47.7613,-127.753,3.1612465,256,266.09179195412,286.84084640349,3122.2963090442,3248.9661508604
47.7613,-127.753,3.1612465,273,266.09179195412,286.84084640349,3122.2963090442,3248.9661508604
47.7616,-127.755,3.1612465,308,266.09179195412,286.84084640349,3122.2963090442,3248.9661508604
47.762,-127.757,3.1612465,320,266.09179195412,286.84084640349,3122.2963090442,3248.9661508604
47.762,-127.757,3.1612465,338,266.09179195412,286.84084640349,3122.2963090442,3248.9661508604
47.7624,-127.759,3.1612465,340,266.09179195412,286.84084640349,3122.2963090442,3248.9661508604
47.7629,-127.76,3.1612465,353,266.09179195412,286.84084640349,3122.2963090442,3248.9661508604
47.7629,-127.761,3.1612465,349,266.09179195412,286.84084640349,3122.2963090442,3248.9661508604
47.7633,-127.762,3.1612465,327,266.09179195412,286.84084640349,3122.2963090442,3248.9661508604
47.7637,-127.763,3.1612465,316,266.09179195412,286.84084640349,3122.2963090442,3248.9661508604
47.7639,-127.765,3.1612465,294,266.09179195412,286.84084640349,3122.2963090442,3248.9661508604
47.7642,-127.766,3.1612465,278,266.09179195412,286.84084640349,3122.2963090442,3248.9661508604
47.7641,-127.767,3.1612465,257,266.09179195412,286.84084640349,3122.2963090442,3248.9661508604
47.7645,-127.769,3.1612465,238,266.09179195412,286.84084640349,3122.2963090442,3248.9661508604
47.7648,-127.77,3.1612465,235,266.09179195412,286.84084640349,3122.2963090442,3248.9661508604
47.7652,-127.771,3.1612465,250,266.09179195412,286.84084640349,3122.2963090442,3248.9661508604
47.7654,-127.773,3.1612465,246,266.09179195412,286.84084640349,3122.2963090442,3248.9661508604
47.7656,-127.774,3.1612465,240,266.09179195412,286.84084640349,3122.2963090442,3248.9661508604
47.7684,-127.788,3.1612465,218,266.09179195412,286.84084640349,3122.2963090442,3248.9661508604
47.7691,-127.79,3.1612465,207,266.09179195412,286.84084640349,3122.2963090442,3248.9661508604
47.7695,-127.793,3.1612465,192,266.09179195412,286.84084640349,3122.2963090442,3248.9661508604
47.7702,-127.796,3.1612465,193,266.09179195412,286.84084640349,3122.2963090442,3248.9661508604
47.7707,-127.798,3.1612465,181,266.09179195412,286.84084640349,3122.2963090442,3248.9661508604
47.7712,-127.8,3.1612465,181,266.09179195412,286.84084640349,3122.2963090442,3248.9661508604
47.7718,-127.803,3.1612465,199,266.09179195412,286.84084640349,3122.2963090442,3248.9661508604
47.7722,-127.806,3.1612465,180,266.09179195412,286.84084640349,3122.2963090442,3248.9661508604
47.7727,-127.809,3.1612465,182,266.09179195412,286.84084640349,3122.2963090442,3248.9661508604
47.7732,-127.811,3.1612465,184,266.09179195412,286.84084640349,3122.2963090442,3248.9661508604
47.7737,-127.813,3.1612465,187,266.09179195412,286.84084640349,3122.2963090442,3248.9661508604
48.33166667,-129.5016667,1.0923868,252.238,452.6603315193,487.95745134697,2865.8105834992,2981.4881799348
48.71333333,-129.3266667,1.0676979,273.607,457.86396485746,493.56684869114,2861.6531387255,2977.1525589566
48.81166667,-128.525,1.6490558,338.971,368.41981768348,397.14811028207,2949.4544865723,3068.7168217111
48.69666667,-128.6383333,0.59841609,185.198,611.58810193509,659.27794134895,2770.7507544311,2882.3543581924
48.82166667,-128.7533333,0.68546021,87.99,571.43854872006,615.99764419155,2789.7738354735,2902.1927141366
48.82166667,-128.7533333,0.68546021,87.99,571.43854872006,615.99764419155,2789.7738354735,2902.1927141366
48.82166667,-128.7533333,0.68546021,87.99,571.43854872006,615.99764419155,2789.7738354735,2902.1927141366
48.33333333,-128.645,1.0532867,256.428,460.98559942159,496.93189912716,2859.2041491269,2974.5986126609
48.35666667,-128.5666667,1.033847,300.004,465.29943271476,501.58211243877,2855.8739348421,2971.1256749068
48.39,-128.4416667,1.3642263,272.35,405.05822019202,436.64346753922,2908.800344606,3026.3203593748
48.36166667,-128.2533333,1.6470286,274.864,368.64647767666,397.39244455413,2949.1781422776,3068.4286340895
48.47666667,-128.2666667,1.6329716,321.792,370.2297750155,399.09920275756,2947.2572201765,3066.4253867555
48.46,-128.4466667,1.3784287,433.246,402.96609386715,434.38820336364,2910.9227612946,3028.5337367787
48.45833333,-128.555,0.8665905,423.19,508.22227635983,547.85195304821,2825.8179495516,2939.7815759609
48.455,-128.6716667,0.59159386,339.39,615.10439485193,663.06842443398,2769.2029863319,2880.7402571747
48.455,-128.6716667,0.59159386,339.39,615.10439485193,663.06842443398,2769.2029863319,2880.7402571747
48.455,-128.6716667,0.59159386,339.39,615.10439485193,663.06842443398,2769.2029863319,2880.7402571747
48.44666667,-128.81,0.53057241,527.94,649.51371744501,700.16088468722,2754.9414054739,2865.8674657085
48.44666667,-128.81,0.53057241,527.94,649.51371744501,700.16088468722,2754.9414054739,2865.8674657085
48.44666667,-128.81,0.53057241,527.94,649.51371744501,700.16088468722,2754.9414054739,2865.8674657085
48.46666667,-128.9916667,0.2075969,366.625,1038.365444641,1119.3341246253,2659.4698098387,2766.3042302604
48.46666667,-129.0766667,0.41323298,202.377,735.9751850067,793.3643629101,2724.991199939,2834.6336799364
48.46833333,-129.2216667,0.6946314,319.278,567.65367441625,611.9176365338,2791.7059246913,2904.2076071781
48.54666667,-129.45,1.1500742,237.573,441.16162579078,475.56211040281,2875.3452936964,2991.4315205691
48.52833333,-129.3433333,0.93639433,234.64,488.91264672101,527.03661534591,2838.6861459006,2953.2012664392
48.55333333,-129.23,0.81750315,193.159,523.25807793746,564.06020216107,2816.4555827837,2930.017964903
48.54666667,-128.9266667,0.15120271,419,1216.6926134075,1311.5667209414,2636.0967743005,2741.9294931991
48.55166667,-128.6666667,0.44956386,104.75,705.61038376803,760.6318038777,2734.6733322088,2844.7307607321
48.55166667,-128.6666667,0.44956386,104.75,705.61038376803,760.6318038777,2734.6733322088,2844.7307607321
48.55166667,-128.6666667,0.44956386,104.75,705.61038376803,760.6318038777,2734.6733322088,2844.7307607321
48.56166667,-128.69,0.44956386,360.34,705.61038376803,760.6318038777,2734.6733322088,2844.7307607321
48.56166667,-128.69,0.44956386,360.34,705.61038376803,760.6318038777,2734.6733322088,2844.7307607321
48.56166667,-128.69,0.44956386,360.34,705.61038376803,760.6318038777,2734.6733322088,2844.7307607321
48.555,-128.5366667,0.96464723,190.226,481.69972480357,519.26125101524,2843.7575972615,2958.4900657156
48.56666667,-128.39,1.2363625,351.96,425.48842199817,458.66675632702,2889.1714355525,3005.8502113619
48.55666667,-128.2833333,1.5076998,295.395,385.30373627362,415.34858713045,2929.7594972773,3048.1777614463
48.6365,-128.26,1.5076998,199.025,385.30373627362,415.34858713045,2929.7594972773,3048.1777614463
48.66666667,-128.4283333,1.2233963,162.991,427.73725461165,461.09094628618,2887.1253630931,3003.7164500829
48.65833333,-128.5016667,0.88008928,227.098,504.30966736407,543.63425032335,2828.3457580052,2942.4177190626
48.65166667,-128.6766667,0.33493531,217.88,817.48575116491,881.23088301561,2702.5575855775,2811.2386249594
48.65166667,-128.6766667,0.33493531,217.88,817.48575116491,881.23088301561,2702.5575855775,2811.2386249594
48.65166667,-128.6766667,0.33493531,217.88,817.48575116491,881.23088301561,2702.5575855775,2811.2386249594
48.63833333,-129.4666667,1.3595402,224.165,405.75570250829,437.39533747283,2908.0976286381,3025.5875270083
48.72,-129.4916667,1.4873363,171.371,387.93241516439,418.18224266117,2926.8473928115,3045.1408525035
48.815,-129.505,1.4191555,307.546,397.14186106512,428.10981403672,2916.9490961137,3034.81834309
48.465,-129.3983333,1.1500742,597.494,441.16162579078,475.56211040281,2875.3452936964,2991.4315205691
48.34166667,-128.9666667,0.12862568,114.387,1319.1580046534,1422.022061695,2625.5254786886,2730.905142061
48.355,-128.805,0.53057241,328.077,649.51371744501,700.16088468722,2754.9414054739,2865.8674657085
48.535,-129.0833333,0.41323298,423.19,735.9751850067,793.3643629101,2724.991199939,2834.6336799364
48.645,-129.08,0.54729426,234.64,639.51422971143,689.38166634291,2758.9276865266,2870.0245873777
48.62833333,-128.9983333,0.29284939,316.764,874.255749507,942.42763867344,2689.4044621306,2797.521796222
48.69333333,-129.08,0.52265346,45.671,654.41575151939,705.44516494505,2753.031715107,2863.8759314687
48.80166667,-129.105,0.14601907,238.83,1238.1004171987,1334.6438422385,2633.743545919,2739.4754121727
48.905,-129.0666667,0.62740594,207.405,597.29151588308,643.86654961182,2777.231361231,2889.1127052838
48.82833333,-128.9383333,0.31936482,136.594,837.17667909983,902.45725153245,2697.7933023386,2806.2701581531
48.71166667,-128.9083333,0.24071789,275.283,964.28736218808,1039.4796514201,2671.7205332073,2779.0799846305
48.69666667,-128.7616667,0.14280756,129.89,1251.9444508708,1349.5673928937,2632.2646063768,2737.9330895072
48.69666667,-128.7616667,0.14280756,129.89,1251.9444508708,1349.5673928937,2632.2646063768,2737.9330895072
48.69666667,-128.7616667,0.14280756,129.89,1251.9444508708,1349.5673928937,2632.2646063768,2737.9330895072
48.82166667,-128.7933333,0.68546021,146.65,571.43854872006,615.99764419155,2789.7738354735,2902.1927141366
48.82166667,-128.7933333,0.68546021,146.65,571.43854872006,615.99764419155,2789.7738354735,2902.1927141366
48.82166667,-128.7933333,0.68546021,146.65,571.43854872006,615.99764419155,2789.7738354735,2902.1927141366
48.99666667,-128.9216667,2.0014477,163.829,334.41714584549,360.49401021245,2995.1538581593,3116.3747377947
48.89,-128.9383333,1.2405514,343.161,424.76945317169,457.8917244284,2889.830150835,3006.5371572993
48.89333333,-128.8016667,1.5536753,175.98,379.56007890222,409.15705626899,2936.2627926491,3054.9597694769
48.89333333,-128.8016667,1.5536753,175.98,379.56007890222,409.15705626899,2936.2627926491,3054.9597694769
48.89333333,-128.8016667,1.5536753,175.98,379.56007890222,409.15705626899,2936.2627926491,3054.9597694769
48.89666667,-128.695,1.8434017,146.65,348.45818255,375.62992561641,2975.2017553103,3095.5675448236
48.89666667,-128.695,1.8434017,146.65,348.45818255,375.62992561641,2975.2017553103,3095.5675448236
48.89666667,-128.695,1.8434017,146.65,348.45818255,375.62992561641,2975.2017553103,3095.5675448236
48.71666667,-128.2516667,1.5736516,199.863,377.14327249887,406.55179441841,2939.0584482731,3057.8752389134
48.71166667,-128.395,1.2233963,157.544,427.73725461165,461.09094628618,2887.1253630931,3003.7164500829
48.705,-128.54,0.88008928,263.97,504.30966736407,543.63425032335,2828.3457580052,2942.4177190626
48.70333333,-128.6683333,0.33493531,87.99,817.48575116491,881.23088301561,2702.5575855775,2811.2386249594
48.70333333,-128.6683333,0.33493531,87.99,817.48575116491,881.23088301561,2702.5575855775,2811.2386249594
48.70333333,-128.6683333,0.33493531,87.99,817.48575116491,881.23088301561,2702.5575855775,2811.2386249594
48.65333333,-129.22,0.7853657,400.983,533.85669558318,575.48526880399,2810.1730134135,2923.4661425598
48.63833333,-129.3033333,1.0900034,313.831,453.15495452404,488.49064359724,2865.4112977181,2981.071781906
48.705,-129.1883333,0.7853657,350.703,533.85669558318,575.48526880399,2810.1730134135,2923.4661425598
48.80333333,-129.2183333,0.54567164,201.958,640.46435999621,690.40588498971,2758.5435667349,2869.6240053092
48.9,-129.1933333,0.37818527,460.9,769.32235835813,829.31185065124,2715.2386944185,2824.4632098936
48.81833333,-129.3233333,0.79428655,298.747,530.85028483768,572.2444270007,2811.9296433092,2925.2980565939
48.90833333,-129.4266667,0.2667374,258.942,916.04899413288,987.47979745819,2680.7631917731,2788.5101857062
48.91,-129.31,0.1802076,196.092,1114.4846919498,1201.3889267119,2648.5780300044,2754.9456598618
48.82,-128.6683333,1.0121025,87.99,470.27122961878,506.94159542629,2852.1115679014,2967.2020636686
48.82,-128.6683333,1.0121025,87.99,470.27122961878,506.94159542629,2852.1115679014,2967.2020636686
48.82,-128.6683333,1.0121025,87.99,470.27122961878,506.94159542629,2852.1115679014,2967.2020636686
48.89666667,-128.5333333,2.3829148,320.116,306.48300817907,330.38165074078,3040.2842427834,3163.4392817598
48.915,-128.395,2.6493433,149.583,290.66419702391,313.32933526903,3069.6881201587,3194.1033253084
48.90666667,-128.2583333,2.8614984,190.226,279.68160631424,301.49035447323,3092.0587420181,3217.4326881045
48.80833333,-128.2383333,2.5568075,297.071,295.87729745076,318.94893791758,3059.6507113817,3183.6357418694
48.805,-128.4083333,1.9969267,294.138,334.79548851482,360.90185492914,2994.5942991483,3115.7911976832
48.645,-128.7766667,0.16636826,138.27,1159.913015559,1250.3596172359,2642.7589291428,2748.8771689632
48.645,-128.7766667,0.16636826,138.27,1159.913015559,1250.3596172359,2642.7589291428,2748.8771689632
48.645,-128.7766667,0.16636826,138.27,1159.913015559,1250.3596172359,2642.7589291428,2748.8771689632
48.71666667,-128.3883333,1.2233963,154.192,427.73725461165,461.09094628618,2887.1253630931,3003.7164500829
48.70166667,-128.5583333,0.59841609,195.673,611.58810193509,659.27794134895,2770.7507544311,2882.3543581924
48.705,-128.61,0.59841609,408.106,611.58810193509,659.27794134895,2770.7507544311,2882.3543581924
48.71333333,-128.5166667,0.88008928,667.048,504.30966736407,543.63425032335,2828.3457580052,2942.4177190626
48.89,-128.3017,2.8614984,70,279.68160631424,301.49035447323,3092.0587420181,3217.4326881045
48.47,-128.7817,0.34311613,404,807.68141835452,870.66203720079,2705.0164040388,2813.8028213547
48.465,-128.7967,0.34311613,397,807.68141835452,870.66203720079,2705.0164040388,2813.8028213547
48.5717,-128.685,0.44956386,371,705.61038376803,760.6318038777,2734.6733322088,2844.7307607321
48.57,-128.6883,0.44956386,262,705.61038376803,760.6318038777,2734.6733322088,2844.7307607321
48.5717,-128.6933,0.44956386,267,705.61038376803,760.6318038777,2734.6733322088,2844.7307607321
48.57,-128.695,0.44956386,338,705.61038376803,760.6318038777,2734.6733322088,2844.7307607321
48.565,-128.6983,0.44956386,388,705.61038376803,760.6318038777,2734.6733322088,2844.7307607321
48.5617,-128.7,0.44956386,359,705.61038376803,760.6318038777,2734.6733322088,2844.7307607321
48.5567,-128.7033,0.44956386,474,705.61038376803,760.6318038777,2734.6733322088,2844.7307607321
48.55,-128.7067,0.59159386,587,615.10439485193,663.06842443398,2769.2029863319,2880.7402571747
48.5483,-128.71,0.59159386,494,615.10439485193,663.06842443398,2769.2029863319,2880.7402571747
48.545,-128.715,0.59159386,413,615.10439485193,663.06842443398,2769.2029863319,2880.7402571747
48.535,-128.72,0.59159386,335,615.10439485193,663.06842443398,2769.2029863319,2880.7402571747
48.53,-128.7233,0.59159386,302,615.10439485193,663.06842443398,2769.2029863319,2880.7402571747
48.5233,-128.7283,0.59159386,278,615.10439485193,663.06842443398,2769.2029863319,2880.7402571747
48.5167,-128.7333,0.59159386,305,615.10439485193,663.06842443398,2769.2029863319,2880.7402571747
48.51,-128.74,0.59159386,306,615.10439485193,663.06842443398,2769.2029863319,2880.7402571747
48.5067,-128.7433,0.59159386,217,615.10439485193,663.06842443398,2769.2029863319,2880.7402571747
48.52,-128.8167,0.34311613,165,807.68141835452,870.66203720079,2705.0164040388,2813.8028213547
48.5233,-128.8033,0.34311613,159,807.68141835452,870.66203720079,2705.0164040388,2813.8028213547
48.525,-128.7933,0.34311613,161,807.68141835452,870.66203720079,2705.0164040388,2813.8028213547
48.5233,-128.7833,0.34311613,150,807.68141835452,870.66203720079,2705.0164040388,2813.8028213547
48.5167,-128.7733,0.34311613,169,807.68141835452,870.66203720079,2705.0164040388,2813.8028213547
48.5083,-128.77,0.34311613,133,807.68141835452,870.66203720079,2705.0164040388,2813.8028213547
48.495,-128.765,0.34311613,230,807.68141835452,870.66203720079,2705.0164040388,2813.8028213547
48.4917,-128.7633,0.34311613,263,807.68141835452,870.66203720079,2705.0164040388,2813.8028213547
48.485,-128.7617,0.34311613,268,807.68141835452,870.66203720079,2705.0164040388,2813.8028213547
48.48,-128.76,0.34311613,272,807.68141835452,870.66203720079,2705.0164040388,2813.8028213547
48.4733,-128.7517,0.34311613,309,807.68141835452,870.66203720079,2705.0164040388,2813.8028213547
48.4683,-128.7467,0.59159386,348,615.10439485193,663.06842443398,2769.2029863319,2880.7402571747
48.4583,-128.7417,0.59159386,424,615.10439485193,663.06842443398,2769.2029863319,2880.7402571747
48.45,-128.7383,0.59159386,412,615.10439485193,663.06842443398,2769.2029863319,2880.7402571747
48.4467,-128.7367,0.79336768,1005,531.15760845266,572.57571480629,2811.7491632707,2925.1098416966
48.5117,-128.7817,0.34311613,151,807.68141835452,870.66203720079,2705.0164040388,2813.8028213547
48.51,-128.78,0.34311613,189,807.68141835452,870.66203720079,2705.0164040388,2813.8028213547
48.5067,-128.7717,0.34311613,120,807.68141835452,870.66203720079,2705.0164040388,2813.8028213547
48.505,-128.7667,0.34311613,203,807.68141835452,870.66203720079,2705.0164040388,2813.8028213547
48.5017,-128.76,0.34311613,299,807.68141835452,870.66203720079,2705.0164040388,2813.8028213547
48.5,-128.7567,0.34311613,320,807.68141835452,870.66203720079,2705.0164040388,2813.8028213547
48.4983,-128.75,0.34311613,246,807.68141835452,870.66203720079,2705.0164040388,2813.8028213547
48.4933,-128.7383,0.59159386,206,615.10439485193,663.06842443398,2769.2029863319,2880.7402571747
48.49,-128.7317,0.59159386,341,615.10439485193,663.06842443398,2769.2029863319,2880.7402571747
48.4883,-128.7267,0.59159386,395,615.10439485193,663.06842443398,2769.2029863319,2880.7402571747
48.4867,-128.7233,0.59159386,390,615.10439485193,663.06842443398,2769.2029863319,2880.7402571747
48.4817,-128.715,0.59159386,570,615.10439485193,663.06842443398,2769.2029863319,2880.7402571747
48.48,-128.71,0.59159386,744,615.10439485193,663.06842443398,2769.2029863319,2880.7402571747
48.4533,-128.72,0.59159386,774,615.10439485193,663.06842443398,2769.2029863319,2880.7402571747
48.4533,-128.7183,0.59159386,1073,615.10439485193,663.06842443398,2769.2029863319,2880.7402571747
48.455,-128.7133,0.59159386,2894,615.10439485193,663.06842443398,2769.2029863319,2880.7402571747
48.455,-128.705,0.59159386,1528,615.10439485193,663.06842443398,2769.2029863319,2880.7402571747
48.4483,-128.7,0.79336768,1313,531.15760845266,572.57571480629,2811.7491632707,2925.1098416966
48.4467,-128.6967,0.79336768,729,531.15760845266,572.57571480629,2811.7491632707,2925.1098416966
48.4433,-128.6933,0.79336768,581,531.15760845266,572.57571480629,2811.7491632707,2925.1098416966
48.44,-128.6883,0.79336768,605,531.15760845266,572.57571480629,2811.7491632707,2925.1098416966
48.4383,-128.6867,0.79336768,707,531.15760845266,572.57571480629,2811.7491632707,2925.1098416966
48.4367,-128.6833,0.79336768,1507,531.15760845266,572.57571480629,2811.7491632707,2925.1098416966
48.4333,-128.68,0.79336768,3200,531.15760845266,572.57571480629,2811.7491632707,2925.1098416966
48.4317,-128.6783,0.79336768,2129,531.15760845266,572.57571480629,2811.7491632707,2925.1098416966
48.43,-128.67,0.79336768,883,531.15760845266,572.57571480629,2811.7491632707,2925.1098416966
48.43,-128.6667,0.79336768,684,531.15760845266,572.57571480629,2811.7491632707,2925.1098416966
48.43,-128.6667,0.79336768,556,531.15760845266,572.57571480629,2811.7491632707,2925.1098416966
48.43,-128.6633,0.79336768,466,531.15760845266,572.57571480629,2811.7491632707,2925.1098416966
48.4017,-128.7283,0.79336768,841,531.15760845266,572.57571480629,2811.7491632707,2925.1098416966
48.4017,-128.7267,0.79336768,677,531.15760845266,572.57571480629,2811.7491632707,2925.1098416966
48.4017,-128.7233,0.79336768,995,531.15760845266,572.57571480629,2811.7491632707,2925.1098416966
48.4017,-128.72,0.79336768,772,531.15760845266,572.57571480629,2811.7491632707,2925.1098416966
48.4017,-128.715,0.79336768,659,531.15760845266,572.57571480629,2811.7491632707,2925.1098416966
48.4,-128.7083,0.79336768,654,531.15760845266,572.57571480629,2811.7491632707,2925.1098416966
48.4,-128.7017,0.79336768,683,531.15760845266,572.57571480629,2811.7491632707,2925.1098416966
48.4,-128.6967,0.79336768,687,531.15760845266,572.57571480629,2811.7491632707,2925.1098416966
48.3983,-128.6917,0.79336768,616,531.15760845266,572.57571480629,2811.7491632707,2925.1098416966
48.395,-128.6867,0.79336768,631,531.15760845266,572.57571480629,2811.7491632707,2925.1098416966
48.3917,-128.6833,0.79336768,788,531.15760845266,572.57571480629,2811.7491632707,2925.1098416966
48.39,-128.6783,0.79336768,690,531.15760845266,572.57571480629,2811.7491632707,2925.1098416966
48.39,-128.6733,0.79336768,589,531.15760845266,572.57571480629,2811.7491632707,2925.1098416966
48.39,-128.6617,0.79336768,648,531.15760845266,572.57571480629,2811.7491632707,2925.1098416966
48.39,-128.655,0.79336768,686,531.15760845266,572.57571480629,2811.7491632707,2925.1098416966
48.3883,-128.6517,0.79336768,548,531.15760845266,572.57571480629,2811.7491632707,2925.1098416966
48.3867,-128.6417,1.033847,699,465.29943271476,501.58211243877,2855.8739348421,2971.1256749068
48.3867,-128.6367,1.033847,787,465.29943271476,501.58211243877,2855.8739348421,2971.1256749068
48.385,-128.6333,1.033847,902,465.29943271476,501.58211243877,2855.8739348421,2971.1256749068
48.385,-128.6283,1.033847,534,465.29943271476,501.58211243877,2855.8739348421,2971.1256749068
48.3833,-128.6217,1.033847,465,465.29943271476,501.58211243877,2855.8739348421,2971.1256749068
48.3833,-128.6133,1.033847,355,465.29943271476,501.58211243877,2855.8739348421,2971.1256749068
48.3833,-128.605,1.033847,304,465.29943271476,501.58211243877,2855.8739348421,2971.1256749068
48.395,-128.84,0.53057241,1319,649.51371744501,700.16088468722,2754.9414054739,2865.8674657085
48.395,-128.8333,0.53057241,1429,649.51371744501,700.16088468722,2754.9414054739,2865.8674657085
48.3917,-128.8283,0.53057241,1497,649.51371744501,700.16088468722,2754.9414054739,2865.8674657085
48.39,-128.8233,0.53057241,952,649.51371744501,700.16088468722,2754.9414054739,2865.8674657085
48.3883,-128.815,0.53057241,865,649.51371744501,700.16088468722,2754.9414054739,2865.8674657085
48.3883,-128.8083,0.53057241,763,649.51371744501,700.16088468722,2754.9414054739,2865.8674657085
48.385,-128.79,0.53057241,602,649.51371744501,700.16088468722,2754.9414054739,2865.8674657085
48.3833,-128.785,0.53057241,598,649.51371744501,700.16088468722,2754.9414054739,2865.8674657085
48.385,-128.78,0.53057241,586,649.51371744501,700.16088468722,2754.9414054739,2865.8674657085
48.3867,-128.7717,0.53057241,539,649.51371744501,700.16088468722,2754.9414054739,2865.8674657085
48.3867,-128.7667,0.53057241,510,649.51371744501,700.16088468722,2754.9414054739,2865.8674657085
48.3883,-128.76,0.53057241,487,649.51371744501,700.16088468722,2754.9414054739,2865.8674657085
48.3883,-128.7517,0.53057241,530,649.51371744501,700.16088468722,2754.9414054739,2865.8674657085
48.3883,-128.7333,0.79336768,914,531.15760845266,572.57571480629,2811.7491632707,2925.1098416966
48.3883,-128.7217,0.79336768,758,531.15760845266,572.57571480629,2811.7491632707,2925.1098416966
48.39,-128.715,0.79336768,666,531.15760845266,572.57571480629,2811.7491632707,2925.1098416966
48.39,-128.7117,0.79336768,620,531.15760845266,572.57571480629,2811.7491632707,2925.1098416966
48.39,-128.705,0.79336768,553,531.15760845266,572.57571480629,2811.7491632707,2925.1098416966
48.4383,-128.7583,0.53057241,573,649.51371744501,700.16088468722,2754.9414054739,2865.8674657085
48.4367,-128.755,0.53057241,559,649.51371744501,700.16088468722,2754.9414054739,2865.8674657085
48.4367,-128.7533,0.53057241,594,649.51371744501,700.16088468722,2754.9414054739,2865.8674657085
48.4367,-128.75,0.53057241,641,649.51371744501,700.16088468722,2754.9414054739,2865.8674657085
48.435,-128.7367,0.79336768,567,531.15760845266,572.57571480629,2811.7491632707,2925.1098416966
48.4367,-128.7333,0.79336768,661,531.15760845266,572.57571480629,2811.7491632707,2925.1098416966
48.435,-128.7233,0.79336768,704,531.15760845266,572.57571480629,2811.7491632707,2925.1098416966
48.435,-128.715,0.79336768,812,531.15760845266,572.57571480629,2811.7491632707,2925.1098416966
48.435,-128.7033,0.79336768,857,531.15760845266,572.57571480629,2811.7491632707,2925.1098416966
48.435,-128.695,0.79336768,653,531.15760845266,572.57571480629,2811.7491632707,2925.1098416966
48.435,-128.6917,0.79336768,594,531.15760845266,572.57571480629,2811.7491632707,2925.1098416966
48.435,-128.6867,0.79336768,637,531.15760845266,572.57571480629,2811.7491632707,2925.1098416966
48.435,-128.6817,0.79336768,1665,531.15760845266,572.57571480629,2811.7491632707,2925.1098416966
48.435,-128.6767,0.79336768,2298,531.15760845266,572.57571480629,2811.7491632707,2925.1098416966
48.435,-128.67,0.79336768,727,531.15760845266,572.57571480629,2811.7491632707,2925.1098416966
48.435,-128.66,0.79336768,419,531.15760845266,572.57571480629,2811.7491632707,2925.1098416966
48.435,-128.65,0.79336768,218,531.15760845266,572.57571480629,2811.7491632707,2925.1098416966
48.4367,-128.63,1.033847,290,465.29943271476,501.58211243877,2855.8739348421,2971.1256749068
48.29,-128.6933,0.80387408,532,527.67515477576,568.82170964548,2813.8065882036,2927.2554419838
48.2983,-128.6983,0.80387408,1101,527.67515477576,568.82170964548,2813.8065882036,2927.2554419838
48.31,-128.7033,0.80387408,387,527.67515477576,568.82170964548,2813.8065882036,2927.2554419838
48.3167,-128.7083,0.80387408,278,527.67515477576,568.82170964548,2813.8065882036,2927.2554419838
48.3217,-128.7133,0.80387408,325,527.67515477576,568.82170964548,2813.8065882036,2927.2554419838
48.3283,-128.7183,0.80387408,322,527.67515477576,568.82170964548,2813.8065882036,2927.2554419838
48.335,-128.7233,0.80387408,395,527.67515477576,568.82170964548,2813.8065882036,2927.2554419838
48.3383,-128.725,0.80387408,422,527.67515477576,568.82170964548,2813.8065882036,2927.2554419838
48.3483,-128.7317,0.80387408,502,527.67515477576,568.82170964548,2813.8065882036,2927.2554419838
48.3617,-128.7383,0.79336768,550,531.15760845266,572.57571480629,2811.7491632707,2925.1098416966
48.3667,-128.7417,0.79336768,788,531.15760845266,572.57571480629,2811.7491632707,2925.1098416966
48.3717,-128.7433,0.79336768,935,531.15760845266,572.57571480629,2811.7491632707,2925.1098416966
48.3783,-128.7467,0.79336768,673,531.15760845266,572.57571480629,2811.7491632707,2925.1098416966
48.385,-128.7483,0.79336768,586,531.15760845266,572.57571480629,2811.7491632707,2925.1098416966
48.4,-128.7583,0.53057241,587,649.51371744501,700.16088468722,2754.9414054739,2865.8674657085
48.285,-128.7767,0.54432315,313,641.25720294721,691.26055149956,2758.2239064746,2869.2906453235
48.2933,-128.7767,0.54432315,290,641.25720294721,691.26055149956,2758.2239064746,2869.2906453235
48.3117,-128.7767,0.54432315,292,641.25720294721,691.26055149956,2758.2239064746,2869.2906453235
48.325,-128.7767,0.54432315,322,641.25720294721,691.26055149956,2758.2239064746,2869.2906453235
48.33,-128.7767,0.54432315,361,641.25720294721,691.26055149956,2758.2239064746,2869.2906453235
48.34,-128.7767,0.54432315,353,641.25720294721,691.26055149956,2758.2239064746,2869.2906453235
48.3433,-128.7767,0.54432315,365,641.25720294721,691.26055149956,2758.2239064746,2869.2906453235
48.35,-128.7767,0.53057241,354,649.51371744501,700.16088468722,2754.9414054739,2865.8674657085
48.3517,-128.7783,0.53057241,335,649.51371744501,700.16088468722,2754.9414054739,2865.8674657085
48.355,-128.795,0.53057241,303,649.51371744501,700.16088468722,2754.9414054739,2865.8674657085
48.3583,-128.8133,0.53057241,385,649.51371744501,700.16088468722,2754.9414054739,2865.8674657085
48.3583,-128.825,0.53057241,469,649.51371744501,700.16088468722,2754.9414054739,2865.8674657085
48.3583,-128.8283,0.53057241,627,649.51371744501,700.16088468722,2754.9414054739,2865.8674657085
48.36,-128.8333,0.53057241,807,649.51371744501,700.16088468722,2754.9414054739,2865.8674657085
48.36,-128.8417,0.53057241,1022,649.51371744501,700.16088468722,2754.9414054739,2865.8674657085
48.3617,-128.85,0.53057241,1289,649.51371744501,700.16088468722,2754.9414054739,2865.8674657085
48.3667,-128.8583,0.25480604,1150,937.25075677736,1010.3348111267,2676.6741064786,2784.2458538991
48.3717,-128.865,0.25480604,1095,937.25075677736,1010.3348111267,2676.6741064786,2784.2458538991
48.3783,-128.8817,0.25480604,1158,937.25075677736,1010.3348111267,2676.6741064786,2784.2458538991
48.3833,-128.9,0.25480604,1076,937.25075677736,1010.3348111267,2676.6741064786,2784.2458538991
48.3517,-128.7733,0.53057241,367,649.51371744501,700.16088468722,2754.9414054739,2865.8674657085
48.3583,-128.7733,0.53057241,341,649.51371744501,700.16088468722,2754.9414054739,2865.8674657085
48.3917,-128.7733,0.53057241,533,649.51371744501,700.16088468722,2754.9414054739,2865.8674657085
48.4133,-128.725,0.79336768,858,531.15760845266,572.57571480629,2811.7491632707,2925.1098416966
48.415,-128.7317,0.79336768,861,531.15760845266,572.57571480629,2811.7491632707,2925.1098416966
48.4133,-128.7367,0.79336768,740,531.15760845266,572.57571480629,2811.7491632707,2925.1098416966
48.4133,-128.7467,0.79336768,624,531.15760845266,572.57571480629,2811.7491632707,2925.1098416966
48.4167,-128.7517,0.53057241,679,649.51371744501,700.16088468722,2754.9414054739,2865.8674657085
48.4183,-128.765,0.53057241,763,649.51371744501,700.16088468722,2754.9414054739,2865.8674657085
48.4183,-128.7683,0.53057241,698,649.51371744501,700.16088468722,2754.9414054739,2865.8674657085
48.42,-128.775,0.53057241,706,649.51371744501,700.16088468722,2754.9414054739,2865.8674657085
48.42,-128.78,0.53057241,743,649.51371744501,700.16088468722,2754.9414054739,2865.8674657085
48.4217,-128.785,0.53057241,788,649.51371744501,700.16088468722,2754.9414054739,2865.8674657085
48.4233,-128.79,0.53057241,881,649.51371744501,700.16088468722,2754.9414054739,2865.8674657085
48.425,-128.7967,0.53057241,959,649.51371744501,700.16088468722,2754.9414054739,2865.8674657085
48.425,-128.8033,0.53057241,1023,649.51371744501,700.16088468722,2754.9414054739,2865.8674657085
48.4267,-128.8117,0.53057241,1153,649.51371744501,700.16088468722,2754.9414054739,2865.8674657085
48.4283,-128.8217,0.53057241,1665,649.51371744501,700.16088468722,2754.9414054739,2865.8674657085
48.4283,-128.83,0.53057241,1124,649.51371744501,700.16088468722,2754.9414054739,2865.8674657085
48.4283,-128.8367,0.53057241,888,649.51371744501,700.16088468722,2754.9414054739,2865.8674657085
48.4283,-128.845,0.53057241,1018,649.51371744501,700.16088468722,2754.9414054739,2865.8674657085
48.4283,-128.8467,0.53057241,792,649.51371744501,700.16088468722,2754.9414054739,2865.8674657085
48.43,-128.8517,0.25480604,912,937.25075677736,1010.3348111267,2676.6741064786,2784.2458538991
48.43,-128.8567,0.25480604,897,937.25075677736,1010.3348111267,2676.6741064786,2784.2458538991
48.435,-128.755,0.53057241,765,649.51371744501,700.16088468722,2754.9414054739,2865.8674657085
48.4383,-128.7617,0.53057241,690,649.51371744501,700.16088468722,2754.9414054739,2865.8674657085
48.4417,-128.7683,0.53057241,546,649.51371744501,700.16088468722,2754.9414054739,2865.8674657085
48.4433,-128.7767,0.53057241,550,649.51371744501,700.16088468722,2754.9414054739,2865.8674657085
48.4483,-128.7817,0.53057241,502,649.51371744501,700.16088468722,2754.9414054739,2865.8674657085
48.45,-128.7883,0.34311613,477,807.68141835452,870.66203720079,2705.0164040388,2813.8028213547
48.45,-128.7933,0.34311613,481,807.68141835452,870.66203720079,2705.0164040388,2813.8028213547
48.455,-128.8033,0.34311613,426,807.68141835452,870.66203720079,2705.0164040388,2813.8028213547
48.455,-128.8083,0.34311613,477,807.68141835452,870.66203720079,2705.0164040388,2813.8028213547
48.4567,-128.8167,0.34311613,429,807.68141835452,870.66203720079,2705.0164040388,2813.8028213547
48.4567,-128.8233,0.34311613,540,807.68141835452,870.66203720079,2705.0164040388,2813.8028213547
48.4583,-128.83,0.34311613,840,807.68141835452,870.66203720079,2705.0164040388,2813.8028213547
48.4617,-128.84,0.34311613,1246,807.68141835452,870.66203720079,2705.0164040388,2813.8028213547
48.4633,-128.8467,0.34311613,1171,807.68141835452,870.66203720079,2705.0164040388,2813.8028213547
48.4683,-128.855,0.15120271,1531,1216.6926134075,1311.5667209414,2636.0967743005,2741.9294931991
48.4667,-128.5717,0.8665905,416,508.22227635983,547.85195304821,2825.8179495516,2939.7815759609
48.4667,-128.5783,0.8665905,421,508.22227635983,547.85195304821,2825.8179495516,2939.7815759609
48.4683,-128.5833,0.8665905,481,508.22227635983,547.85195304821,2825.8179495516,2939.7815759609
48.4683,-128.5883,0.8665905,461,508.22227635983,547.85195304821,2825.8179495516,2939.7815759609
48.47,-128.5933,0.8665905,444,508.22227635983,547.85195304821,2825.8179495516,2939.7815759609
48.4733,-128.595,0.8665905,518,508.22227635983,547.85195304821,2825.8179495516,2939.7815759609
48.4733,-128.5983,0.8665905,221,508.22227635983,547.85195304821,2825.8179495516,2939.7815759609
48.475,-128.61,0.8665905,619,508.22227635983,547.85195304821,2825.8179495516,2939.7815759609
48.475,-128.6167,0.8665905,358,508.22227635983,547.85195304821,2825.8179495516,2939.7815759609
48.4767,-128.62,0.8665905,368,508.22227635983,547.85195304821,2825.8179495516,2939.7815759609
48.4767,-128.625,0.8665905,363,508.22227635983,547.85195304821,2825.8179495516,2939.7815759609
48.4783,-128.6283,0.8665905,639,508.22227635983,547.85195304821,2825.8179495516,2939.7815759609
48.4783,-128.6333,0.8665905,526,508.22227635983,547.85195304821,2825.8179495516,2939.7815759609
48.4783,-128.6433,0.8665905,549,508.22227635983,547.85195304821,2825.8179495516,2939.7815759609
48.48,-128.65,0.59159386,411,615.10439485193,663.06842443398,2769.2029863319,2880.7402571747
48.4517,-128.6083,0.8665905,924,508.22227635983,547.85195304821,2825.8179495516,2939.7815759609
48.455,-128.61,0.8665905,1090,508.22227635983,547.85195304821,2825.8179495516,2939.7815759609
48.46,-128.6183,0.8665905,425,508.22227635983,547.85195304821,2825.8179495516,2939.7815759609
48.4567,-128.6233,0.8665905,355,508.22227635983,547.85195304821,2825.8179495516,2939.7815759609
48.4533,-128.6267,0.8665905,387,508.22227635983,547.85195304821,2825.8179495516,2939.7815759609
48.4517,-128.63,0.8665905,325,508.22227635983,547.85195304821,2825.8179495516,2939.7815759609
48.45,-128.6317,0.8665905,250,508.22227635983,547.85195304821,2825.8179495516,2939.7815759609
48.4483,-128.6333,1.033847,829,465.29943271476,501.58211243877,2855.8739348421,2971.1256749068
48.4467,-128.6383,1.033847,631,465.29943271476,501.58211243877,2855.8739348421,2971.1256749068
48.4483,-128.6417,1.033847,376,465.29943271476,501.58211243877,2855.8739348421,2971.1256749068
48.4483,-128.645,1.033847,470,465.29943271476,501.58211243877,2855.8739348421,2971.1256749068
48.4483,-128.6467,1.033847,440,465.29943271476,501.58211243877,2855.8739348421,2971.1256749068
48.4483,-128.6483,1.033847,418,465.29943271476,501.58211243877,2855.8739348421,2971.1256749068
48.4483,-128.6517,0.79336768,493,531.15760845266,572.57571480629,2811.7491632707,2925.1098416966
48.45,-128.655,0.59159386,396,615.10439485193,663.06842443398,2769.2029863319,2880.7402571747
48.4317,-128.7333,0.79336768,697,531.15760845266,572.57571480629,2811.7491632707,2925.1098416966
48.435,-128.73,0.79336768,698,531.15760845266,572.57571480629,2811.7491632707,2925.1098416966
48.44,-128.7267,0.79336768,699,531.15760845266,572.57571480629,2811.7491632707,2925.1098416966
48.4467,-128.7267,0.79336768,680,531.15760845266,572.57571480629,2811.7491632707,2925.1098416966
48.4517,-128.7233,0.59159386,777,615.10439485193,663.06842443398,2769.2029863319,2880.7402571747
48.4567,-128.7167,0.59159386,1760,615.10439485193,663.06842443398,2769.2029863319,2880.7402571747
48.46,-128.7133,0.59159386,1233,615.10439485193,663.06842443398,2769.2029863319,2880.7402571747
48.465,-128.71,0.59159386,1488,615.10439485193,663.06842443398,2769.2029863319,2880.7402571747
48.4667,-128.7083,0.59159386,1496,615.10439485193,663.06842443398,2769.2029863319,2880.7402571747
48.4667,-128.7033,0.59159386,963,615.10439485193,663.06842443398,2769.2029863319,2880.7402571747
48.4717,-128.7,0.59159386,937,615.10439485193,663.06842443398,2769.2029863319,2880.7402571747
48.4767,-128.6967,0.59159386,1062,615.10439485193,663.06842443398,2769.2029863319,2880.7402571747
48.48,-128.695,0.59159386,1044,615.10439485193,663.06842443398,2769.2029863319,2880.7402571747
48.4833,-128.6933,0.59159386,1088,615.10439485193,663.06842443398,2769.2029863319,2880.7402571747
48.4867,-128.6917,0.59159386,896,615.10439485193,663.06842443398,2769.2029863319,2880.7402571747
48.4933,-128.6883,0.59159386,742,615.10439485193,663.06842443398,2769.2029863319,2880.7402571747
48.4967,-128.6867,0.59159386,637,615.10439485193,663.06842443398,2769.2029863319,2880.7402571747
48.5017,-128.685,0.59159386,636,615.10439485193,663.06842443398,2769.2029863319,2880.7402571747
48.505,-128.685,0.59159386,519,615.10439485193,663.06842443398,2769.2029863319,2880.7402571747
48.51,-128.6817,0.59159386,418,615.10439485193,663.06842443398,2769.2029863319,2880.7402571747
48.4517,-128.6517,0.59159386,453,615.10439485193,663.06842443398,2769.2029863319,2880.7402571747
48.4517,-128.655,0.59159386,362,615.10439485193,663.06842443398,2769.2029863319,2880.7402571747
48.4517,-128.66,0.59159386,399,615.10439485193,663.06842443398,2769.2029863319,2880.7402571747
48.4517,-128.6633,0.59159386,386,615.10439485193,663.06842443398,2769.2029863319,2880.7402571747
48.4533,-128.6667,0.59159386,176,615.10439485193,663.06842443398,2769.2029863319,2880.7402571747
48.4533,-128.67,0.59159386,153,615.10439485193,663.06842443398,2769.2029863319,2880.7402571747
48.4533,-128.6767,0.59159386,411,615.10439485193,663.06842443398,2769.2029863319,2880.7402571747
48.4533,-128.6817,0.59159386,426,615.10439485193,663.06842443398,2769.2029863319,2880.7402571747
48.4517,-128.6867,0.59159386,466,615.10439485193,663.06842443398,2769.2029863319,2880.7402571747
48.4517,-128.6917,0.59159386,524,615.10439485193,663.06842443398,2769.2029863319,2880.7402571747
48.455,-128.6983,0.59159386,729,615.10439485193,663.06842443398,2769.2029863319,2880.7402571747
48.455,-128.7,0.59159386,994,615.10439485193,663.06842443398,2769.2029863319,2880.7402571747
48.4567,-128.7033,0.59159386,1663,615.10439485193,663.06842443398,2769.2029863319,2880.7402571747
48.4567,-128.7067,0.59159386,2653,615.10439485193,663.06842443398,2769.2029863319,2880.7402571747
48.46,-128.71,0.59159386,4439,615.10439485193,663.06842443398,2769.2029863319,2880.7402571747
48.4617,-128.7117,0.59159386,1898,615.10439485193,663.06842443398,2769.2029863319,2880.7402571747
48.4617,-128.7117,0.59159386,1099,615.10439485193,663.06842443398,2769.2029863319,2880.7402571747
48.4633,-128.715,0.59159386,904,615.10439485193,663.06842443398,2769.2029863319,2880.7402571747
48.465,-128.7167,0.59159386,832,615.10439485193,663.06842443398,2769.2029863319,2880.7402571747
48.4667,-128.715,0.59159386,800,615.10439485193,663.06842443398,2769.2029863319,2880.7402571747
48.4683,-128.7117,0.59159386,862,615.10439485193,663.06842443398,2769.2029863319,2880.7402571747
48.47,-128.7083,0.59159386,923,615.10439485193,663.06842443398,2769.2029863319,2880.7402571747
48.4717,-128.7067,0.59159386,1049,615.10439485193,663.06842443398,2769.2029863319,2880.7402571747
48.4733,-128.705,0.59159386,1181,615.10439485193,663.06842443398,2769.2029863319,2880.7402571747
48.475,-128.7033,0.59159386,1052,615.10439485193,663.06842443398,2769.2029863319,2880.7402571747
48.4767,-128.6983,0.59159386,851,615.10439485193,663.06842443398,2769.2029863319,2880.7402571747
48.4767,-128.695,0.59159386,791,615.10439485193,663.06842443398,2769.2029863319,2880.7402571747
48.4767,-128.685,0.59159386,609,615.10439485193,663.06842443398,2769.2029863319,2880.7402571747
48.4783,-128.68,0.59159386,421,615.10439485193,663.06842443398,2769.2029863319,2880.7402571747
48.4783,-128.6733,0.59159386,427,615.10439485193,663.06842443398,2769.2029863319,2880.7402571747
48.48,-128.6667,0.59159386,390,615.10439485193,663.06842443398,2769.2029863319,2880.7402571747
48.4683,-128.7317,0.59159386,618,615.10439485193,663.06842443398,2769.2029863319,2880.7402571747
48.4667,-128.73,0.59159386,606,615.10439485193,663.06842443398,2769.2029863319,2880.7402571747
48.465,-128.7267,0.59159386,679,615.10439485193,663.06842443398,2769.2029863319,2880.7402571747
48.4667,-128.7267,0.59159386,872,615.10439485193,663.06842443398,2769.2029863319,2880.7402571747
48.4617,-128.72,0.59159386,918,615.10439485193,663.06842443398,2769.2029863319,2880.7402571747
48.46,-128.7183,0.59159386,1511,615.10439485193,663.06842443398,2769.2029863319,2880.7402571747
48.4567,-128.71,0.59159386,4559,615.10439485193,663.06842443398,2769.2029863319,2880.7402571747
48.455,-128.7083,0.59159386,3022,615.10439485193,663.06842443398,2769.2029863319,2880.7402571747
48.455,-128.7083,0.59159386,1926,615.10439485193,663.06842443398,2769.2029863319,2880.7402571747
48.455,-128.7067,0.59159386,1742,615.10439485193,663.06842443398,2769.2029863319,2880.7402571747
48.455,-128.7067,0.59159386,1813,615.10439485193,663.06842443398,2769.2029863319,2880.7402571747
48.4567,-128.7067,0.59159386,2029,615.10439485193,663.06842443398,2769.2029863319,2880.7402571747
48.4583,-128.7067,0.59159386,2031,615.10439485193,663.06842443398,2769.2029863319,2880.7402571747
48.46,-128.7067,0.59159386,1815,615.10439485193,663.06842443398,2769.2029863319,2880.7402571747
48.46,-128.7083,0.59159386,1644,615.10439485193,663.06842443398,2769.2029863319,2880.7402571747
48.4633,-128.7083,0.59159386,1498,615.10439485193,663.06842443398,2769.2029863319,2880.7402571747
48.465,-128.7083,0.59159386,1317,615.10439485193,663.06842443398,2769.2029863319,2880.7402571747
48.4667,-128.7083,0.59159386,1236,615.10439485193,663.06842443398,2769.2029863319,2880.7402571747
48.47,-128.71,0.59159386,1076,615.10439485193,663.06842443398,2769.2029863319,2880.7402571747
48.4817,-128.6767,0.59159386,418,615.10439485193,663.06842443398,2769.2029863319,2880.7402571747
48.4767,-128.6733,0.59159386,413,615.10439485193,663.06842443398,2769.2029863319,2880.7402571747
48.4733,-128.6767,0.59159386,406,615.10439485193,663.06842443398,2769.2029863319,2880.7402571747
48.47,-128.6767,0.59159386,409,615.10439485193,663.06842443398,2769.2029863319,2880.7402571747
48.4667,-128.6783,0.59159386,412,615.10439485193,663.06842443398,2769.2029863319,2880.7402571747
48.465,-128.68,0.59159386,418,615.10439485193,663.06842443398,2769.2029863319,2880.7402571747
48.4617,-128.6817,0.59159386,420,615.10439485193,663.06842443398,2769.2029863319,2880.7402571747
48.4567,-128.6833,0.59159386,418,615.10439485193,663.06842443398,2769.2029863319,2880.7402571747
48.4517,-128.6833,0.59159386,433,615.10439485193,663.06842443398,2769.2029863319,2880.7402571747
48.4483,-128.6833,0.79336768,424,531.15760845266,572.57571480629,2811.7491632707,2925.1098416966
48.4467,-128.6833,0.79336768,362,531.15760845266,572.57571480629,2811.7491632707,2925.1098416966
48.4433,-128.6833,0.79336768,187,531.15760845266,572.57571480629,2811.7491632707,2925.1098416966
48.4433,-128.6833,0.79336768,509,531.15760845266,572.57571480629,2811.7491632707,2925.1098416966
48.4417,-128.6833,0.79336768,539,531.15760845266,572.57571480629,2811.7491632707,2925.1098416966
48.44,-128.6817,0.79336768,584,531.15760845266,572.57571480629,2811.7491632707,2925.1098416966
48.4383,-128.6817,0.79336768,684,531.15760845266,572.57571480629,2811.7491632707,2925.1098416966
48.4367,-128.6817,0.79336768,632,531.15760845266,572.57571480629,2811.7491632707,2925.1098416966
48.4367,-128.6817,0.79336768,965,531.15760845266,572.57571480629,2811.7491632707,2925.1098416966
48.4367,-128.6817,0.79336768,764,531.15760845266,572.57571480629,2811.7491632707,2925.1098416966
48.43,-128.6817,0.79336768,4907,531.15760845266,572.57571480629,2811.7491632707,2925.1098416966
48.4283,-128.6833,0.79336768,3646,531.15760845266,572.57571480629,2811.7491632707,2925.1098416966
48.425,-128.6833,0.79336768,1484,531.15760845266,572.57571480629,2811.7491632707,2925.1098416966
48.4217,-128.6833,0.79336768,842,531.15760845266,572.57571480629,2811.7491632707,2925.1098416966
48.4183,-128.6817,0.79336768,600,531.15760845266,572.57571480629,2811.7491632707,2925.1098416966
48.41,-128.6817,0.79336768,529,531.15760845266,572.57571480629,2811.7491632707,2925.1098416966
48.4067,-128.6817,0.79336768,307,531.15760845266,572.57571480629,2811.7491632707,2925.1098416966
48.4017,-128.6817,0.79336768,484,531.15760845266,572.57571480629,2811.7491632707,2925.1098416966
48.4,-128.6817,0.79336768,298,531.15760845266,572.57571480629,2811.7491632707,2925.1098416966
48.3983,-128.68,0.79336768,311,531.15760845266,572.57571480629,2811.7491632707,2925.1098416966
48.3833,-128.6817,0.79336768,1405,531.15760845266,572.57571480629,2811.7491632707,2925.1098416966
48.3817,-128.6833,0.79336768,851,531.15760845266,572.57571480629,2811.7491632707,2925.1098416966
48.4167,-128.715,0.79336768,901,531.15760845266,572.57571480629,2811.7491632707,2925.1098416966
48.4183,-128.7117,0.79336768,757,531.15760845266,572.57571480629,2811.7491632707,2925.1098416966
48.42,-128.7067,0.79336768,658,531.15760845266,572.57571480629,2811.7491632707,2925.1098416966
48.4267,-128.7,0.79336768,641,531.15760845266,572.57571480629,2811.7491632707,2925.1098416966
48.4283,-128.6933,0.79336768,663,531.15760845266,572.57571480629,2811.7491632707,2925.1098416966
48.4333,-128.6883,0.79336768,885,531.15760845266,572.57571480629,2811.7491632707,2925.1098416966
48.4367,-128.685,0.79336768,1062,531.15760845266,572.57571480629,2811.7491632707,2925.1098416966
48.44,-128.6783,0.79336768,368,531.15760845266,572.57571480629,2811.7491632707,2925.1098416966
48.4483,-128.6683,0.79336768,393,531.15760845266,572.57571480629,2811.7491632707,2925.1098416966
48.455,-128.655,0.59159386,323,615.10439485193,663.06842443398,2769.2029863319,2880.7402571747
48.4417,-128.6717,0.79336768,469,531.15760845266,572.57571480629,2811.7491632707,2925.1098416966
48.4417,-128.6717,0.79336768,460,531.15760845266,572.57571480629,2811.7491632707,2925.1098416966
48.445,-128.665,0.79336768,433,531.15760845266,572.57571480629,2811.7491632707,2925.1098416966
48.445,-128.66,0.79336768,404,531.15760845266,572.57571480629,2811.7491632707,2925.1098416966
48.445,-128.6567,0.79336768,391,531.15760845266,572.57571480629,2811.7491632707,2925.1098416966
48.4433,-128.6583,0.79336768,407,531.15760845266,572.57571480629,2811.7491632707,2925.1098416966
48.4383,-128.6583,0.79336768,409,531.15760845266,572.57571480629,2811.7491632707,2925.1098416966
48.4317,-128.6617,0.79336768,432,531.15760845266,572.57571480629,2811.7491632707,2925.1098416966
48.43,-128.6617,0.79336768,462,531.15760845266,572.57571480629,2811.7491632707,2925.1098416966
48.4283,-128.66,0.79336768,276,531.15760845266,572.57571480629,2811.7491632707,2925.1098416966
48.4267,-128.66,0.79336768,505,531.15760845266,572.57571480629,2811.7491632707,2925.1098416966
48.4233,-128.6617,0.79336768,491,531.15760845266,572.57571480629,2811.7491632707,2925.1098416966
48.4183,-128.665,0.79336768,485,531.15760845266,572.57571480629,2811.7491632707,2925.1098416966
48.4133,-128.6683,0.79336768,454,531.15760845266,572.57571480629,2811.7491632707,2925.1098416966
48.4083,-128.6717,0.79336768,248,531.15760845266,572.57571480629,2811.7491632707,2925.1098416966
48.4033,-128.665,0.79336768,451,531.15760845266,572.57571480629,2811.7491632707,2925.1098416966
48.4033,-128.66,0.79336768,321,531.15760845266,572.57571480629,2811.7491632707,2925.1098416966
48.4033,-128.6583,0.79336768,526,531.15760845266,572.57571480629,2811.7491632707,2925.1098416966
48.405,-128.6467,1.033847,414,465.29943271476,501.58211243877,2855.8739348421,2971.1256749068
48.4033,-128.6433,1.033847,433,465.29943271476,501.58211243877,2855.8739348421,2971.1256749068
48.4017,-128.6417,1.033847,486,465.29943271476,501.58211243877,2855.8739348421,2971.1256749068
48.3983,-128.6367,1.033847,583,465.29943271476,501.58211243877,2855.8739348421,2971.1256749068
48.49,-128.63,0.8665905,1239,508.22227635983,547.85195304821,2825.8179495516,2939.7815759609
48.4883,-128.6317,0.8665905,1207,508.22227635983,547.85195304821,2825.8179495516,2939.7815759609
48.4867,-128.6333,0.8665905,1262,508.22227635983,547.85195304821,2825.8179495516,2939.7815759609
48.485,-128.6367,0.8665905,507,508.22227635983,547.85195304821,2825.8179495516,2939.7815759609
48.4833,-128.6383,0.8665905,508,508.22227635983,547.85195304821,2825.8179495516,2939.7815759609
48.4833,-128.6383,0.8665905,494,508.22227635983,547.85195304821,2825.8179495516,2939.7815759609
48.4817,-128.6383,0.8665905,478,508.22227635983,547.85195304821,2825.8179495516,2939.7815759609
48.4783,-128.6383,0.8665905,449,508.22227635983,547.85195304821,2825.8179495516,2939.7815759609
48.475,-128.6383,0.8665905,535,508.22227635983,547.85195304821,2825.8179495516,2939.7815759609
48.4717,-128.6367,0.8665905,493,508.22227635983,547.85195304821,2825.8179495516,2939.7815759609
48.4683,-128.6367,0.8665905,552,508.22227635983,547.85195304821,2825.8179495516,2939.7815759609
48.4667,-128.6367,0.8665905,685,508.22227635983,547.85195304821,2825.8179495516,2939.7815759609
48.4633,-128.635,0.8665905,962,508.22227635983,547.85195304821,2825.8179495516,2939.7815759609
48.4617,-128.6367,0.8665905,6555,508.22227635983,547.85195304821,2825.8179495516,2939.7815759609
48.4583,-128.64,0.8665905,1294,508.22227635983,547.85195304821,2825.8179495516,2939.7815759609
48.4533,-128.6383,0.8665905,542,508.22227635983,547.85195304821,2825.8179495516,2939.7815759609
48.45,-128.64,0.8665905,503,508.22227635983,547.85195304821,2825.8179495516,2939.7815759609
48.4467,-128.64,1.033847,480,465.29943271476,501.58211243877,2855.8739348421,2971.1256749068
48.4433,-128.6417,1.033847,479,465.29943271476,501.58211243877,2855.8739348421,2971.1256749068
48.44,-128.6417,1.033847,504,465.29943271476,501.58211243877,2855.8739348421,2971.1256749068
48.4383,-128.6433,1.033847,475,465.29943271476,501.58211243877,2855.8739348421,2971.1256749068
48.4367,-128.645,1.033847,467,465.29943271476,501.58211243877,2855.8739348421,2971.1256749068
48.435,-128.6467,1.033847,480,465.29943271476,501.58211243877,2855.8739348421,2971.1256749068
48.4333,-128.6467,1.033847,469,465.29943271476,501.58211243877,2855.8739348421,2971.1256749068
48.4283,-128.6483,1.033847,565,465.29943271476,501.58211243877,2855.8739348421,2971.1256749068
48.4267,-128.65,0.79336768,644,531.15760845266,572.57571480629,2811.7491632707,2925.1098416966
48.4233,-128.6517,0.79336768,742,531.15760845266,572.57571480629,2811.7491632707,2925.1098416966
48.4217,-128.6533,0.79336768,712,531.15760845266,572.57571480629,2811.7491632707,2925.1098416966
48.4183,-128.6533,0.79336768,661,531.15760845266,572.57571480629,2811.7491632707,2925.1098416966
48.4167,-128.6533,0.79336768,605,531.15760845266,572.57571480629,2811.7491632707,2925.1098416966
48.4133,-128.6533,0.79336768,518,531.15760845266,572.57571480629,2811.7491632707,2925.1098416966
48.41,-128.6567,0.79336768,566,531.15760845266,572.57571480629,2811.7491632707,2925.1098416966
48.4083,-128.6567,0.79336768,298,531.15760845266,572.57571480629,2811.7491632707,2925.1098416966
48.405,-128.6567,0.79336768,496,531.15760845266,572.57571480629,2811.7491632707,2925.1098416966
48.43,-128.6917,0.79336768,810,531.15760845266,572.57571480629,2811.7491632707,2925.1098416966
48.43,-128.69,0.79336768,907,531.15760845266,572.57571480629,2811.7491632707,2925.1098416966
48.43,-128.6883,0.79336768,1134,531.15760845266,572.57571480629,2811.7491632707,2925.1098416966
48.43,-128.6867,0.79336768,1648,531.15760845266,572.57571480629,2811.7491632707,2925.1098416966
48.43,-128.6833,0.79336768,3092,531.15760845266,572.57571480629,2811.7491632707,2925.1098416966
48.43,-128.68,0.79336768,4714,531.15760845266,572.57571480629,2811.7491632707,2925.1098416966
48.43,-128.675,0.79336768,1872,531.15760845266,572.57571480629,2811.7491632707,2925.1098416966
48.43,-128.6717,0.79336768,1072,531.15760845266,572.57571480629,2811.7491632707,2925.1098416966
48.4267,-128.6633,0.79336768,551,531.15760845266,572.57571480629,2811.7491632707,2925.1098416966
48.4267,-128.6617,0.79336768,502,531.15760845266,572.57571480629,2811.7491632707,2925.1098416966
48.4233,-128.6533,0.79336768,420,531.15760845266,572.57571480629,2811.7491632707,2925.1098416966
48.4217,-128.6483,1.033847,305,465.29943271476,501.58211243877,2855.8739348421,2971.1256749068
48.4167,-128.5933,1.033847,401,465.29943271476,501.58211243877,2855.8739348421,2971.1256749068
48.4167,-128.5967,1.033847,407,465.29943271476,501.58211243877,2855.8739348421,2971.1256749068
48.415,-128.5983,1.033847,429,465.29943271476,501.58211243877,2855.8739348421,2971.1256749068
48.415,-128.6033,1.033847,460,465.29943271476,501.58211243877,2855.8739348421,2971.1256749068
48.415,-128.6067,1.033847,463,465.29943271476,501.58211243877,2855.8739348421,2971.1256749068
48.4167,-128.61,1.033847,416,465.29943271476,501.58211243877,2855.8739348421,2971.1256749068
48.4167,-128.615,1.033847,432,465.29943271476,501.58211243877,2855.8739348421,2971.1256749068
48.4183,-128.6183,1.033847,589,465.29943271476,501.58211243877,2855.8739348421,2971.1256749068
48.4183,-128.625,1.033847,458,465.29943271476,501.58211243877,2855.8739348421,2971.1256749068
48.4183,-128.6283,1.033847,506,465.29943271476,501.58211243877,2855.8739348421,2971.1256749068
48.42,-128.6317,1.033847,461,465.29943271476,501.58211243877,2855.8739348421,2971.1256749068
48.42,-128.6333,1.033847,451,465.29943271476,501.58211243877,2855.8739348421,2971.1256749068
48.42,-128.635,1.033847,450,465.29943271476,501.58211243877,2855.8739348421,2971.1256749068
48.42,-128.6383,1.033847,411,465.29943271476,501.58211243877,2855.8739348421,2971.1256749068
48.42,-128.6417,1.033847,354,465.29943271476,501.58211243877,2855.8739348421,2971.1256749068
48.42,-128.6433,1.033847,365,465.29943271476,501.58211243877,2855.8739348421,2971.1256749068
48.42,-128.6467,1.033847,276,465.29943271476,501.58211243877,2855.8739348421,2971.1256749068
48.4217,-128.65,0.79336768,656,531.15760845266,572.57571480629,2811.7491632707,2925.1098416966
48.4217,-128.6533,0.79336768,355,531.15760845266,572.57571480629,2811.7491632707,2925.1098416966
48.4217,-128.6533,0.79336768,558,531.15760845266,572.57571480629,2811.7491632707,2925.1098416966
48.4217,-128.6583,0.79336768,513,531.15760845266,572.57571480629,2811.7491632707,2925.1098416966
48.4217,-128.6633,0.79336768,484,531.15760845266,572.57571480629,2811.7491632707,2925.1098416966
48.4217,-128.665,0.79336768,471,531.15760845266,572.57571480629,2811.7491632707,2925.1098416966
48.42,-128.6683,0.79336768,520,531.15760845266,572.57571480629,2811.7491632707,2925.1098416966
48.42,-128.6717,0.79336768,585,531.15760845266,572.57571480629,2811.7491632707,2925.1098416966
48.42,-128.6767,0.79336768,309,531.15760845266,572.57571480629,2811.7491632707,2925.1098416966
48.4217,-128.6783,0.79336768,926,531.15760845266,572.57571480629,2811.7491632707,2925.1098416966
48.425,-128.68,0.79336768,1285,531.15760845266,572.57571480629,2811.7491632707,2925.1098416966
48.4267,-128.6817,0.79336768,1677,531.15760845266,572.57571480629,2811.7491632707,2925.1098416966
48.4267,-128.6817,0.79336768,1877,531.15760845266,572.57571480629,2811.7491632707,2925.1098416966
48.4283,-128.6817,0.79336768,3484,531.15760845266,572.57571480629,2811.7491632707,2925.1098416966
48.4317,-128.6817,0.79336768,4183,531.15760845266,572.57571480629,2811.7491632707,2925.1098416966
48.4333,-128.6817,0.79336768,979,531.15760845266,572.57571480629,2811.7491632707,2925.1098416966
48.4367,-128.685,0.79336768,845,531.15760845266,572.57571480629,2811.7491632707,2925.1098416966
48.4367,-128.6883,0.79336768,652,531.15760845266,572.57571480629,2811.7491632707,2925.1098416966
48.4383,-128.6917,0.79336768,588,531.15760845266,572.57571480629,2811.7491632707,2925.1098416966
48.4383,-128.6967,0.79336768,584,531.15760845266,572.57571480629,2811.7491632707,2925.1098416966
48.44,-128.7,0.79336768,629,531.15760845266,572.57571480629,2811.7491632707,2925.1098416966
48.44,-128.7033,0.79336768,699,531.15760845266,572.57571480629,2811.7491632707,2925.1098416966
48.44,-128.7067,0.79336768,819,531.15760845266,572.57571480629,2811.7491632707,2925.1098416966
48.4417,-128.71,0.79336768,1037,531.15760845266,572.57571480629,2811.7491632707,2925.1098416966
48.4417,-128.7117,0.79336768,999,531.15760845266,572.57571480629,2811.7491632707,2925.1098416966
48.4433,-128.715,0.79336768,934,531.15760845266,572.57571480629,2811.7491632707,2925.1098416966
48.4467,-128.7133,0.79336768,882,531.15760845266,572.57571480629,2811.7491632707,2925.1098416966
48.4483,-128.7133,0.79336768,1001,531.15760845266,572.57571480629,2811.7491632707,2925.1098416966
48.4517,-128.7133,0.59159386,1113,615.10439485193,663.06842443398,2769.2029863319,2880.7402571747
48.4533,-128.7117,0.59159386,1716,615.10439485193,663.06842443398,2769.2029863319,2880.7402571747
48.4583,-128.7083,0.59159386,5393,615.10439485193,663.06842443398,2769.2029863319,2880.7402571747
48.46,-128.7067,0.59159386,1866,615.10439485193,663.06842443398,2769.2029863319,2880.7402571747
48.4633,-128.705,0.59159386,1292,615.10439485193,663.06842443398,2769.2029863319,2880.7402571747
48.4667,-128.705,0.59159386,1477,615.10439485193,663.06842443398,2769.2029863319,2880.7402571747
48.47,-128.7033,0.59159386,1708,615.10439485193,663.06842443398,2769.2029863319,2880.7402571747
48.4733,-128.7017,0.59159386,1293,615.10439485193,663.06842443398,2769.2029863319,2880.7402571747
48.4767,-128.7,0.59159386,1088,615.10439485193,663.06842443398,2769.2029863319,2880.7402571747
48.47,-128.66,0.59159386,160,615.10439485193,663.06842443398,2769.2029863319,2880.7402571747
48.4683,-128.6583,0.59159386,371,615.10439485193,663.06842443398,2769.2029863319,2880.7402571747
48.4667,-128.6567,0.59159386,379,615.10439485193,663.06842443398,2769.2029863319,2880.7402571747
48.4633,-128.6517,0.59159386,443,615.10439485193,663.06842443398,2769.2029863319,2880.7402571747
48.4633,-128.6483,0.8665905,519,508.22227635983,547.85195304821,2825.8179495516,2939.7815759609
48.4633,-128.6467,0.8665905,697,508.22227635983,547.85195304821,2825.8179495516,2939.7815759609
48.4633,-128.64,0.8665905,1127,508.22227635983,547.85195304821,2825.8179495516,2939.7815759609
48.4617,-128.6383,0.8665905,2489,508.22227635983,547.85195304821,2825.8179495516,2939.7815759609
48.4617,-128.635,0.8665905,2421,508.22227635983,547.85195304821,2825.8179495516,2939.7815759609
48.46,-128.6267,0.8665905,402,508.22227635983,547.85195304821,2825.8179495516,2939.7815759609
48.46,-128.625,0.8665905,371,508.22227635983,547.85195304821,2825.8179495516,2939.7815759609
48.46,-128.6217,0.8665905,421,508.22227635983,547.85195304821,2825.8179495516,2939.7815759609
48.4583,-128.62,0.8665905,472,508.22227635983,547.85195304821,2825.8179495516,2939.7815759609
48.4567,-128.6167,0.8665905,653,508.22227635983,547.85195304821,2825.8179495516,2939.7815759609
48.455,-128.6117,0.8665905,1444,508.22227635983,547.85195304821,2825.8179495516,2939.7815759609
48.455,-128.61,0.8665905,1460,508.22227635983,547.85195304821,2825.8179495516,2939.7815759609
48.4533,-128.605,0.8665905,541,508.22227635983,547.85195304821,2825.8179495516,2939.7815759609
48.4517,-128.5983,0.8665905,433,508.22227635983,547.85195304821,2825.8179495516,2939.7815759609
48.45,-128.595,0.8665905,417,508.22227635983,547.85195304821,2825.8179495516,2939.7815759609
48.4467,-128.5917,1.033847,460,465.29943271476,501.58211243877,2855.8739348421,2971.1256749068
48.445,-128.5883,1.033847,433,465.29943271476,501.58211243877,2855.8739348421,2971.1256749068
48.4583,-128.6333,0.8665905,536,508.22227635983,547.85195304821,2825.8179495516,2939.7815759609
48.46,-128.6317,0.8665905,617,508.22227635983,547.85195304821,2825.8179495516,2939.7815759609
48.4633,-128.6317,0.8665905,1162,508.22227635983,547.85195304821,2825.8179495516,2939.7815759609
48.4617,-128.6333,0.8665905,817,508.22227635983,547.85195304821,2825.8179495516,2939.7815759609
48.4617,-128.6367,0.8665905,860,508.22227635983,547.85195304821,2825.8179495516,2939.7815759609
48.46,-128.6367,0.8665905,706,508.22227635983,547.85195304821,2825.8179495516,2939.7815759609
48.46,-128.6383,0.8665905,806,508.22227635983,547.85195304821,2825.8179495516,2939.7815759609
48.46,-128.6433,0.8665905,650,508.22227635983,547.85195304821,2825.8179495516,2939.7815759609
48.4583,-128.65,0.59159386,476,615.10439485193,663.06842443398,2769.2029863319,2880.7402571747
48.4583,-128.6567,0.59159386,347,615.10439485193,663.06842443398,2769.2029863319,2880.7402571747
48.4583,-128.6583,0.59159386,323,615.10439485193,663.06842443398,2769.2029863319,2880.7402571747
48.4583,-128.6617,0.59159386,282,615.10439485193,663.06842443398,2769.2029863319,2880.7402571747
48.4583,-128.665,0.59159386,295,615.10439485193,663.06842443398,2769.2029863319,2880.7402571747
48.4583,-128.6683,0.59159386,323,615.10439485193,663.06842443398,2769.2029863319,2880.7402571747
48.4583,-128.675,0.59159386,338,615.10439485193,663.06842443398,2769.2029863319,2880.7402571747
48.4583,-128.6833,0.59159386,373,615.10439485193,663.06842443398,2769.2029863319,2880.7402571747
48.46,-128.69,0.59159386,405,615.10439485193,663.06842443398,2769.2029863319,2880.7402571747
48.46,-128.6967,0.59159386,496,615.10439485193,663.06842443398,2769.2029863319,2880.7402571747
48.46,-128.7017,0.59159386,1247,615.10439485193,663.06842443398,2769.2029863319,2880.7402571747
48.46,-128.71,0.59159386,113,615.10439485193,663.06842443398,2769.2029863319,2880.7402571747
48.4567,-128.7067,0.59159386,2440,615.10439485193,663.06842443398,2769.2029863319,2880.7402571747
48.4567,-128.7083,0.59159386,6280,615.10439485193,663.06842443398,2769.2029863319,2880.7402571747
48.4567,-128.71,0.59159386,3479,615.10439485193,663.06842443398,2769.2029863319,2880.7402571747
48.4567,-128.71,0.59159386,39,615.10439485193,663.06842443398,2769.2029863319,2880.7402571747
48.4567,-128.7117,0.59159386,7932,615.10439485193,663.06842443398,2769.2029863319,2880.7402571747
48.4567,-128.7117,0.59159386,2282,615.10439485193,663.06842443398,2769.2029863319,2880.7402571747
48.4567,-128.715,0.59159386,1228,615.10439485193,663.06842443398,2769.2029863319,2880.7402571747
48.455,-128.715,0.59159386,1209,615.10439485193,663.06842443398,2769.2029863319,2880.7402571747
48.455,-128.7167,0.59159386,1318,615.10439485193,663.06842443398,2769.2029863319,2880.7402571747
48.4583,-128.7167,0.59159386,1033,615.10439485193,663.06842443398,2769.2029863319,2880.7402571747
48.4583,-128.715,0.59159386,1155,615.10439485193,663.06842443398,2769.2029863319,2880.7402571747
48.4583,-128.715,0.59159386,1306,615.10439485193,663.06842443398,2769.2029863319,2880.7402571747
48.4583,-128.7133,0.59159386,1538,615.10439485193,663.06842443398,2769.2029863319,2880.7402571747
48.4583,-128.7067,0.59159386,6788,615.10439485193,663.06842443398,2769.2029863319,2880.7402571747
48.4583,-128.7067,0.59159386,2142,615.10439485193,663.06842443398,2769.2029863319,2880.7402571747
48.4583,-128.705,0.59159386,1643,615.10439485193,663.06842443398,2769.2029863319,2880.7402571747
48.46,-128.7033,0.59159386,1029,615.10439485193,663.06842443398,2769.2029863319,2880.7402571747
48.46,-128.705,0.59159386,1300,615.10439485193,663.06842443398,2769.2029863319,2880.7402571747
48.46,-128.7083,0.59159386,4818,615.10439485193,663.06842443398,2769.2029863319,2880.7402571747
48.4583,-128.71,0.59159386,7599,615.10439485193,663.06842443398,2769.2029863319,2880.7402571747
48.46,-128.71,0.59159386,4106,615.10439485193,663.06842443398,2769.2029863319,2880.7402571747
48.4583,-128.7133,0.59159386,1505,615.10439485193,663.06842443398,2769.2029863319,2880.7402571747
48.4583,-128.715,0.59159386,1240,615.10439485193,663.06842443398,2769.2029863319,2880.7402571747
48.4567,-128.7133,0.59159386,1484,615.10439485193,663.06842443398,2769.2029863319,2880.7402571747
48.455,-128.7117,0.59159386,1916,615.10439485193,663.06842443398,2769.2029863319,2880.7402571747
48.4567,-128.71,0.59159386,4434,615.10439485193,663.06842443398,2769.2029863319,2880.7402571747
48.4567,-128.71,0.59159386,5963,615.10439485193,663.06842443398,2769.2029863319,2880.7402571747
48.4567,-128.7067,0.59159386,2371,615.10439485193,663.06842443398,2769.2029863319,2880.7402571747
48.4567,-128.705,0.59159386,1615,615.10439485193,663.06842443398,2769.2029863319,2880.7402571747
47.8783,-128.725,0.91232389,243,495.3203091145,533.94392838596,2834.3047659322,2948.6321130436
47.8612,-128.6675,0.91232389,269,495.3203091145,533.94392838596,2834.3047659322,2948.6321130436
47.8563,-128.6618,0.91232389,328,495.3203091145,533.94392838596,2834.3047659322,2948.6321130436
47.8565,-128.655,0.91232389,449,495.3203091145,533.94392838596,2834.3047659322,2948.6321130436
47.8542,-128.6433,1.1679138,329,437.77934178494,471.91608584908,2878.245212131,2994.4557212223
47.85,-128.6383,1.1679138,241,437.77934178494,471.91608584908,2878.245212131,2994.4557212223
47.8517,-128.63,1.1679138,271,437.77934178494,471.91608584908,2878.245212131,2994.4557212223
47.877,-128.7192,0.91232389,225,495.3203091145,533.94392838596,2834.3047659322,2948.6321130436
47.8752,-128.7135,0.91232389,245,495.3203091145,533.94392838596,2834.3047659322,2948.6321130436
47.8715,-128.7083,0.91232389,256,495.3203091145,533.94392838596,2834.3047659322,2948.6321130436
47.8717,-128.7003,0.91232389,286,495.3203091145,533.94392838596,2834.3047659322,2948.6321130436
47.8715,-128.6953,0.91232389,278,495.3203091145,533.94392838596,2834.3047659322,2948.6321130436
47.8685,-128.685,0.91232389,352,495.3203091145,533.94392838596,2834.3047659322,2948.6321130436
47.863,-128.68,0.91232389,269,495.3203091145,533.94392838596,2834.3047659322,2948.6321130436
47.8615,-128.672,0.91232389,286,495.3203091145,533.94392838596,2834.3047659322,2948.6321130436
47.9608,-128.8083,0.50150979,353,668.06843298537,720.16244231245,2747.8607457324,2858.4833491209
47.9158,-128.8273,0.66285837,172,581.09921225716,626.41161782617,2784.956400744,2897.1688179188
47.9108,-128.8235,0.66285837,111,581.09921225716,626.41161782617,2784.956400744,2897.1688179188
47.904,-128.8265,0.66285837,108,581.09921225716,626.41161782617,2784.956400744,2897.1688179188
47.8967,-128.8275,0.66285837,177,581.09921225716,626.41161782617,2784.956400744,2897.1688179188
47.9565,-128.807,0.50150979,471,668.06843298537,720.16244231245,2747.8607457324,2858.4833491209
47.9525,-128.8063,0.50150979,384,668.06843298537,720.16244231245,2747.8607457324,2858.4833491209
47.935,-128.8128,0.66285837,380,581.09921225716,626.41161782617,2784.956400744,2897.1688179188
47.9413,-128.81,0.66285837,359,581.09921225716,626.41161782617,2784.956400744,2897.1688179188
47.9342,-128.8318,0.66285837,300,581.09921225716,626.41161782617,2784.956400744,2897.1688179188
47.9292,-128.8183,0.66285837,110,581.09921225716,626.41161782617,2784.956400744,2897.1688179188
47.925,-128.8202,0.66285837,151,581.09921225716,626.41161782617,2784.956400744,2897.1688179188
47.9197,-128.8213,0.66285837,72,581.09921225716,626.41161782617,2784.956400744,2897.1688179188
47.8907,-128.8267,0.66285837,137,581.09921225716,626.41161782617,2784.956400744,2897.1688179188
47.8865,-128.827,0.66285837,121,581.09921225716,626.41161782617,2784.956400744,2897.1688179188
47.8792,-128.8313,0.66285837,112,581.09921225716,626.41161782617,2784.956400744,2897.1688179188
47.8737,-128.8333,0.66285837,117,581.09921225716,626.41161782617,2784.956400744,2897.1688179188
47.8692,-128.835,0.66285837,123,581.09921225716,626.41161782617,2784.956400744,2897.1688179188
47.8645,-128.8368,0.66285837,261,581.09921225716,626.41161782617,2784.956400744,2897.1688179188
47.9923,-128.7917,0.50150979,205,668.06843298537,720.16244231245,2747.8607457324,2858.4833491209
47.988,-128.7962,0.50150979,168,668.06843298537,720.16244231245,2747.8607457324,2858.4833491209
47.9837,-128.7945,0.50150979,170,668.06843298537,720.16244231245,2747.8607457324,2858.4833491209
47.9772,-128.7985,0.50150979,146,668.06843298537,720.16244231245,2747.8607457324,2858.4833491209
47.9707,-128.8047,0.50150979,174,668.06843298537,720.16244231245,2747.8607457324,2858.4833491209
47.9697,-128.813,0.50150979,159,668.06843298537,720.16244231245,2747.8607457324,2858.4833491209
47.965,-128.825,0.50150979,129,668.06843298537,720.16244231245,2747.8607457324,2858.4833491209
47.9632,-128.8233,0.50150979,137,668.06843298537,720.16244231245,2747.8607457324,2858.4833491209
47.925,-128.85,0.66285837,164,581.09921225716,626.41161782617,2784.956400744,2897.1688179188
47.9133,-128.8042,0.66285837,95,581.09921225716,626.41161782617,2784.956400744,2897.1688179188
47.9402,-128.7612,0.66285837,90,581.09921225716,626.41161782617,2784.956400744,2897.1688179188
47.9388,-128.8243,0.66285837,362,581.09921225716,626.41161782617,2784.956400744,2897.1688179188
47.9583,-128.8285,0.50150979,91,668.06843298537,720.16244231245,2747.8607457324,2858.4833491209
47.942,-128.7683,0.66285837,104,581.09921225716,626.41161782617,2784.956400744,2897.1688179188
47.9108,-128.7958,0.66285837,113,581.09921225716,626.41161782617,2784.956400744,2897.1688179188
47.9442,-128.778,0.66285837,900,581.09921225716,626.41161782617,2784.956400744,2897.1688179188
47.9083,-128.7917,0.66285837,129,581.09921225716,626.41161782617,2784.956400744,2897.1688179188
47.9467,-128.784,0.66285837,109,581.09921225716,626.41161782617,2784.956400744,2897.1688179188
47.9008,-128.7775,0.66285837,164,581.09921225716,626.41161782617,2784.956400744,2897.1688179188
47.948,-128.7908,0.66285837,84,581.09921225716,626.41161782617,2784.956400744,2897.1688179188
47.9497,-128.8063,0.66285837,155,581.09921225716,626.41161782617,2784.956400744,2897.1688179188
47.9517,-128.8125,0.50150979,171,668.06843298537,720.16244231245,2747.8607457324,2858.4833491209
47.9533,-128.8175,0.50150979,233,668.06843298537,720.16244231245,2747.8607457324,2858.4833491209
47.9242,-128.8392,0.66285837,147,581.09921225716,626.41161782617,2784.956400744,2897.1688179188
47.9233,-128.8367,0.66285837,93,581.09921225716,626.41161782617,2784.956400744,2897.1688179188
47.8247,-128.6667,1.1115648,563,448.73843215919,483.72973382249,2869.0077072366,2984.822323261
47.8822,-128.695,0.91232389,287,495.3203091145,533.94392838596,2834.3047659322,2948.6321130436
47.8837,-128.6983,0.91232389,300,495.3203091145,533.94392838596,2834.3047659322,2948.6321130436
47.8908,-128.7005,0.91232389,262,495.3203091145,533.94392838596,2834.3047659322,2948.6321130436
47.83,-128.669,1.1115648,534,448.73843215919,483.72973382249,2869.0077072366,2984.822323261
47.8375,-128.6745,1.1115648,403,448.73843215919,483.72973382249,2869.0077072366,2984.822323261
47.843,-128.6798,1.1115648,421,448.73843215919,483.72973382249,2869.0077072366,2984.822323261
47.8542,-128.6823,0.91232389,307,495.3203091145,533.94392838596,2834.3047659322,2948.6321130436
47.858,-128.6833,0.91232389,294,495.3203091145,533.94392838596,2834.3047659322,2948.6321130436
47.8655,-128.685,0.91232389,355,495.3203091145,533.94392838596,2834.3047659322,2948.6321130436
47.8705,-128.6867,0.91232389,270,495.3203091145,533.94392838596,2834.3047659322,2948.6321130436
47.8758,-128.6892,0.91232389,247,495.3203091145,533.94392838596,2834.3047659322,2948.6321130436
47.8608,-128.6363,1.1679138,267,437.77934178494,471.91608584908,2878.245212131,2994.4557212223
47.8967,-128.6633,0.91232389,392,495.3203091145,533.94392838596,2834.3047659322,2948.6321130436
47.899,-128.6658,0.91232389,381,495.3203091145,533.94392838596,2834.3047659322,2948.6321130436
47.867,-128.6403,1.1679138,270,437.77934178494,471.91608584908,2878.245212131,2994.4557212223
47.8708,-128.6423,1.1679138,353,437.77934178494,471.91608584908,2878.245212131,2994.4557212223
47.8762,-128.645,1.1679138,241,437.77934178494,471.91608584908,2878.245212131,2994.4557212223
47.8808,-128.647,1.1679138,305,437.77934178494,471.91608584908,2878.245212131,2994.4557212223
47.885,-128.6517,0.91232389,294,495.3203091145,533.94392838596,2834.3047659322,2948.6321130436
47.8875,-128.6567,0.91232389,204,495.3203091145,533.94392838596,2834.3047659322,2948.6321130436
47.8908,-128.6583,0.91232389,378,495.3203091145,533.94392838596,2834.3047659322,2948.6321130436
47.8938,-128.658,0.91232389,359,495.3203091145,533.94392838596,2834.3047659322,2948.6321130436
47.9217,-128.8267,0.66285837,111,581.09921225716,626.41161782617,2784.956400744,2897.1688179188
47.92,-128.8208,0.66285837,109,581.09921225716,626.41161782617,2784.956400744,2897.1688179188
47.9188,-128.815,0.66285837,113,581.09921225716,626.41161782617,2784.956400744,2897.1688179188
47.9183,-128.81,0.66285837,97,581.09921225716,626.41161782617,2784.956400744,2897.1688179188
47.914,-128.8083,0.66285837,87,581.09921225716,626.41161782617,2784.956400744,2897.1688179188
47.8655,-127.6202,3.4528952,556,254.60619139326,274.45963252938,3150.368866106,3278.2418175105
47.9172,-127.6462,3.4528952,184,254.60619139326,274.45963252938,3150.368866106,3278.2418175105
47.9228,-127.6508,3.1907601,164,264.85829724021,285.51116740372,3125.1944595484,3251.9885078147
47.929,-127.6535,3.1907601,150,264.85829724021,285.51116740372,3125.1944595484,3251.9885078147
47.933,-127.6553,3.1907601,123,264.85829724021,285.51116740372,3125.1944595484,3251.9885078147
47.9377,-127.6567,3.1907601,144,264.85829724021,285.51116740372,3125.1944595484,3251.9885078147
47.9413,-127.6597,3.1907601,155,264.85829724021,285.51116740372,3125.1944595484,3251.9885078147
47.945,-127.6617,3.1907601,150,264.85829724021,285.51116740372,3125.1944595484,3251.9885078147
47.8698,-127.623,3.4528952,688,254.60619139326,274.45963252938,3150.368866106,3278.2418175105
47.8762,-127.6242,3.4528952,184,254.60619139326,274.45963252938,3150.368866106,3278.2418175105
47.8813,-127.6277,3.4528952,114,254.60619139326,274.45963252938,3150.368866106,3278.2418175105
47.8892,-127.632,3.4528952,120,254.60619139326,274.45963252938,3150.368866106,3278.2418175105
47.8935,-127.635,3.4528952,187,254.60619139326,274.45963252938,3150.368866106,3278.2418175105
47.8963,-127.6388,3.4528952,247,254.60619139326,274.45963252938,3150.368866106,3278.2418175105
47.9028,-127.641,3.4528952,148,254.60619139326,274.45963252938,3150.368866106,3278.2418175105
47.9113,-127.6433,3.4528952,251,254.60619139326,274.45963252938,3150.368866106,3278.2418175105
47.8585,-127.6782,3.1907601,143,264.85829724021,285.51116740372,3125.1944595484,3251.9885078147
47.9008,-127.705,3.1907601,959,264.85829724021,285.51116740372,3125.1944595484,3251.9885078147
47.907,-127.709,3.1907601,412,264.85829724021,285.51116740372,3125.1944595484,3251.9885078147
47.9108,-127.7118,3.1907601,216,264.85829724021,285.51116740372,3125.1944595484,3251.9885078147
47.9172,-127.714,3.1907601,265,264.85829724021,285.51116740372,3125.1944595484,3251.9885078147
47.9208,-127.717,3.1907601,327,264.85829724021,285.51116740372,3125.1944595484,3251.9885078147
47.9275,-127.7207,3.1907601,262,264.85829724021,285.51116740372,3125.1944595484,3251.9885078147
47.9333,-127.723,3.1907601,237,264.85829724021,285.51116740372,3125.1944595484,3251.9885078147
47.937,-127.725,3.1907601,267,264.85829724021,285.51116740372,3125.1944595484,3251.9885078147
47.9495,-127.7333,3.1907601,186,264.85829724021,285.51116740372,3125.1944595484,3251.9885078147
47.8633,-127.684,3.1907601,162,264.85829724021,285.51116740372,3125.1944595484,3251.9885078147
47.9553,-127.7353,3.0129824,171,272.56015126259,293.81358932524,3107.5280602573,3233.5649771255
47.9602,-127.7383,3.0129824,174,272.56015126259,293.81358932524,3107.5280602573,3233.5649771255
47.8692,-127.6847,3.1907601,184,264.85829724021,285.51116740372,3125.1944595484,3251.9885078147
47.8735,-127.6892,3.1907601,205,264.85829724021,285.51116740372,3125.1944595484,3251.9885078147
47.8792,-127.6932,3.1907601,231,264.85829724021,285.51116740372,3125.1944595484,3251.9885078147
47.8858,-127.6957,3.1907601,214,264.85829724021,285.51116740372,3125.1944595484,3251.9885078147
47.8892,-127.699,3.1907601,258,264.85829724021,285.51116740372,3125.1944595484,3251.9885078147
47.8918,-127.7,3.1907601,324,264.85829724021,285.51116740372,3125.1944595484,3251.9885078147
47.8953,-127.7045,3.1907601,489,264.85829724021,285.51116740372,3125.1944595484,3251.9885078147
47.7483,-127.617,3.5783212,74,250.10420768974,269.60659739241,3162.0757864474,3290.4504630095
47.7892,-127.6405,3.5786738,159,250.09188623759,269.59331514971,3162.108405399,3290.4844799161
47.7953,-127.644,3.5786738,260,250.09188623759,269.59331514971,3162.108405399,3290.4844799161
47.8,-127.6462,3.5786738,179,250.09188623759,269.59331514971,3162.108405399,3290.4844799161
47.8078,-127.65,3.3711357,128,257.67515241703,277.76790209746,3142.6228468161,3270.1638259653
47.8127,-127.6528,3.3711357,145,257.67515241703,277.76790209746,3142.6228468161,3270.1638259653
47.8178,-127.6545,3.3711357,117,257.67515241703,277.76790209746,3142.6228468161,3270.1638259653
47.8245,-127.6575,3.3711357,236,257.67515241703,277.76790209746,3142.6228468161,3270.1638259653
47.8277,-127.6608,3.3711357,180,257.67515241703,277.76790209746,3142.6228468161,3270.1638259653
47.8315,-127.6642,3.3711357,220,257.67515241703,277.76790209746,3142.6228468161,3270.1638259653
47.8373,-127.6652,3.3711357,186,257.67515241703,277.76790209746,3142.6228468161,3270.1638259653
47.7525,-127.6192,3.5786738,148,250.09188623759,269.59331514971,3162.108405399,3290.4844799161
47.8422,-127.668,3.3711357,199,257.67515241703,277.76790209746,3142.6228468161,3270.1638259653
47.8465,-127.6708,3.3711357,228,257.67515241703,277.76790209746,3142.6228468161,3270.1638259653
47.853,-127.6717,3.1907601,197,264.85829724021,285.51116740372,3125.1944595484,3251.9885078147
47.8553,-127.6768,3.1907601,188,264.85829724021,285.51116740372,3125.1944595484,3251.9885078147
47.7553,-127.6225,3.5786738,69,250.09188623759,269.59331514971,3162.108405399,3290.4844799161
47.7595,-127.6245,3.5786738,155,250.09188623759,269.59331514971,3162.108405399,3290.4844799161
47.763,-127.6273,3.5786738,91,250.09188623759,269.59331514971,3162.108405399,3290.4844799161
47.7692,-127.6308,3.5786738,63,250.09188623759,269.59331514971,3162.108405399,3290.4844799161
47.7752,-127.6332,3.5786738,74,250.09188623759,269.59331514971,3162.108405399,3290.4844799161
47.7803,-127.6355,3.5786738,87,250.09188623759,269.59331514971,3162.108405399,3290.4844799161
47.7847,-127.638,3.5786738,156,250.09188623759,269.59331514971,3162.108405399,3290.4844799161
47.8175,-127.4857,3.8465323,214,241.22702852783,260.03720193763,3186.440242665,3315.8591102078
47.8287,-127.545,3.8465323,139,241.22702852783,260.03720193763,3186.440242665,3315.8591102078
47.8308,-127.5525,3.5786738,72,250.09188623759,269.59331514971,3162.108405399,3290.4844799161
47.8323,-127.562,3.5786738,231,250.09188623759,269.59331514971,3162.108405399,3290.4844799161
47.8352,-127.5693,3.5786738,261,250.09188623759,269.59331514971,3162.108405399,3290.4844799161
47.836,-127.5763,3.5786738,362,250.09188623759,269.59331514971,3162.108405399,3290.4844799161
47.8385,-127.583,3.5786738,189,250.09188623759,269.59331514971,3162.108405399,3290.4844799161
47.839,-127.5905,3.5786738,212,250.09188623759,269.59331514971,3162.108405399,3290.4844799161
47.8417,-127.5975,3.5786738,181,250.09188623759,269.59331514971,3162.108405399,3290.4844799161
47.8425,-127.6042,3.5786738,187,250.09188623759,269.59331514971,3162.108405399,3290.4844799161
47.8435,-127.6083,3.5786738,232,250.09188623759,269.59331514971,3162.108405399,3290.4844799161
47.8183,-127.4907,3.8465323,172,241.22702852783,260.03720193763,3186.440242665,3315.8591102078
47.8187,-127.4963,3.8465323,89,241.22702852783,260.03720193763,3186.440242665,3315.8591102078
47.8192,-127.4998,3.8465323,206,241.22702852783,260.03720193763,3186.440242665,3315.8591102078
47.82,-127.507,3.8465323,199,241.22702852783,260.03720193763,3186.440242665,3315.8591102078
47.8222,-127.5117,3.8465323,37,241.22702852783,260.03720193763,3186.440242665,3315.8591102078
47.8225,-127.5208,3.8465323,145,241.22702852783,260.03720193763,3186.440242665,3315.8591102078
47.8257,-127.5295,3.8465323,123,241.22702852783,260.03720193763,3186.440242665,3315.8591102078
47.8282,-127.5368,3.8465323,122,241.22702852783,260.03720193763,3186.440242665,3315.8591102078
47.7505,-127.2183,4.4126673,154,225.22161419461,242.78373252144,3235.2222414005,3366.731766032
47.7613,-127.2942,4.2658925,131,229.06340145183,246.92509103714,3222.8912997471,3353.8723554505
47.7652,-127.3025,4.2658925,101,229.06340145183,246.92509103714,3222.8912997471,3353.8723554505
47.7675,-127.314,4.2658925,111,229.06340145183,246.92509103714,3222.8912997471,3353.8723554505
47.7705,-127.3255,4.2658925,200,229.06340145183,246.92509103714,3222.8912997471,3353.8723554505
47.7523,-127.2257,4.4126673,141,225.22161419461,242.78373252144,3235.2222414005,3366.731766032
47.7535,-127.2365,4.4126673,145,225.22161419461,242.78373252144,3235.2222414005,3366.731766032
47.7545,-127.2437,4.4126673,150,225.22161419461,242.78373252144,3235.2222414005,3366.731766032
47.7555,-127.2515,4.2658925,151,229.06340145183,246.92509103714,3222.8912997471,3353.8723554505
47.7575,-127.2593,4.2658925,162,229.06340145183,246.92509103714,3222.8912997471,3353.8723554505
47.7583,-127.2657,4.2658925,157,229.06340145183,246.92509103714,3222.8912997471,3353.8723554505
47.7593,-127.273,4.2658925,106,229.06340145183,246.92509103714,3222.8912997471,3353.8723554505
47.7615,-127.2808,4.2658925,164,229.06340145183,246.92509103714,3222.8912997471,3353.8723554505
47.7743,-127.3342,4.2658925,145,229.06340145183,246.92509103714,3222.8912997471,3353.8723554505
47.7858,-127.395,4.1103892,135,233.35611510341,251.5525378597,3209.5933180351,3340.0044602366
47.787,-127.4038,4.1103892,188,233.35611510341,251.5525378597,3209.5933180351,3340.0044602366
47.7887,-127.4117,4.1103892,108,233.35611510341,251.5525378597,3209.5933180351,3340.0044602366
47.7758,-127.3407,4.2658925,106,229.06340145183,246.92509103714,3222.8912997471,3353.8723554505
47.7758,-127.3468,4.2658925,141,229.06340145183,246.92509103714,3222.8912997471,3353.8723554505
47.7775,-127.354,4.1103892,163,233.35611510341,251.5525378597,3209.5933180351,3340.0044602366
47.7792,-127.3587,4.1103892,150,233.35611510341,251.5525378597,3209.5933180351,3340.0044602366
47.7798,-127.3673,4.1103892,105,233.35611510341,251.5525378597,3209.5933180351,3340.0044602366
47.7808,-127.3717,4.1103892,171,233.35611510341,251.5525378597,3209.5933180351,3340.0044602366
47.7827,-127.3775,4.1103892,133,233.35611510341,251.5525378597,3209.5933180351,3340.0044602366
47.785,-127.388,4.1103892,142,233.35611510341,251.5525378597,3209.5933180351,3340.0044602366
47.8363,-127.7215,3.3711357,1091,257.67515241703,277.76790209746,3142.6228468161,3270.1638259653
47.8503,-127.8087,2.9645884,224,274.77578451948,296.20199113974,3102.6293047969,3228.4562750025
47.8527,-127.8175,2.9645884,239,274.77578451948,296.20199113974,3102.6293047969,3228.4562750025
47.8522,-127.8227,2.9645884,233,274.77578451948,296.20199113974,3102.6293047969,3228.4562750025
47.8545,-127.8307,2.9645884,241,274.77578451948,296.20199113974,3102.6293047969,3228.4562750025
47.8562,-127.8433,2.9645884,252,274.77578451948,296.20199113974,3102.6293047969,3228.4562750025
47.8567,-127.8528,2.6994836,102,287.95214121249,310.40580133088,3075.0536853199,3199.6988432622
47.8568,-127.8633,2.6994836,97,287.95214121249,310.40580133088,3075.0536853199,3199.6988432622
47.8593,-127.8717,2.6994836,210,287.95214121249,310.40580133088,3075.0536853199,3199.6988432622
47.8602,-127.8817,2.6994836,95,287.95214121249,310.40580133088,3075.0536853199,3199.6988432622
47.8617,-127.8893,2.6994836,257,287.95214121249,310.40580133088,3075.0536853199,3199.6988432622
47.8403,-127.7408,3.3711357,710,257.67515241703,277.76790209746,3142.6228468161,3270.1638259653
47.863,-127.899,2.6994836,217,287.95214121249,310.40580133088,3075.0536853199,3199.6988432622
47.8633,-127.9058,2.6994836,182,287.95214121249,310.40580133088,3075.0536853199,3199.6988432622
47.8417,-127.7493,3.3711357,292,257.67515241703,277.76790209746,3142.6228468161,3270.1638259653
47.8427,-127.7557,3.1612465,137,266.09179195412,286.84084640349,3122.2963090442,3248.9661508604
47.8435,-127.7647,3.1612465,234,266.09179195412,286.84084640349,3122.2963090442,3248.9661508604
47.8443,-127.7723,3.1612465,209,266.09179195412,286.84084640349,3122.2963090442,3248.9661508604
47.845,-127.7768,3.1612465,201,266.09179195412,286.84084640349,3122.2963090442,3248.9661508604
47.8473,-127.785,3.1612465,200,266.09179195412,286.84084640349,3122.2963090442,3248.9661508604
47.8483,-127.7953,3.1612465,197,266.09179195412,286.84084640349,3122.2963090442,3248.9661508604
47.8492,-127.6333,3.5786738,1659,250.09188623759,269.59331514971,3162.108405399,3290.4844799161
47.8637,-127.7068,3.1907601,309,264.85829724021,285.51116740372,3125.1944595484,3251.9885078147
47.8642,-127.71,3.1907601,410,264.85829724021,285.51116740372,3125.1944595484,3251.9885078147
47.8652,-127.7153,3.1907601,935,264.85829724021,285.51116740372,3125.1944595484,3251.9885078147
47.866,-127.7195,3.1907601,1109,264.85829724021,285.51116740372,3125.1944595484,3251.9885078147
47.8675,-127.7215,3.1907601,311,264.85829724021,285.51116740372,3125.1944595484,3251.9885078147
47.8687,-127.7278,3.1907601,226,264.85829724021,285.51116740372,3125.1944595484,3251.9885078147
47.87,-127.7358,3.1907601,283,264.85829724021,285.51116740372,3125.1944595484,3251.9885078147
47.8698,-127.7423,3.1907601,281,264.85829724021,285.51116740372,3125.1944595484,3251.9885078147
47.8508,-127.6413,3.4528952,346,254.60619139326,274.45963252938,3150.368866106,3278.2418175105
47.8523,-127.6477,3.4528952,425,254.60619139326,274.45963252938,3150.368866106,3278.2418175105
47.8542,-127.6577,3.1907601,216,264.85829724021,285.51116740372,3125.1944595484,3251.9885078147
47.8558,-127.6658,3.1907601,200,264.85829724021,285.51116740372,3125.1944595484,3251.9885078147
47.8583,-127.6738,3.1907601,191,264.85829724021,285.51116740372,3125.1944595484,3251.9885078147
47.8593,-127.684,3.1907601,162,264.85829724021,285.51116740372,3125.1944595484,3251.9885078147
47.8617,-127.695,3.1907601,191,264.85829724021,285.51116740372,3125.1944595484,3251.9885078147
47.8625,-127.7015,3.1907601,227,264.85829724021,285.51116740372,3125.1944595484,3251.9885078147
47.8618,-127.6965,3.1907601,217,264.85829724021,285.51116740372,3125.1944595484,3251.9885078147
47.868,-127.728,3.1907601,211,264.85829724021,285.51116740372,3125.1944595484,3251.9885078147
47.8697,-127.7345,3.1907601,225,264.85829724021,285.51116740372,3125.1944595484,3251.9885078147
47.853,-127.7372,3.1907601,233,264.85829724021,285.51116740372,3125.1944595484,3251.9885078147
47.852,-127.733,3.1907601,285,264.85829724021,285.51116740372,3125.1944595484,3251.9885078147
47.8505,-127.7278,3.1907601,283,264.85829724021,285.51116740372,3125.1944595484,3251.9885078147
47.8495,-127.7228,3.3711357,451,257.67515241703,277.76790209746,3142.6228468161,3270.1638259653
47.8497,-127.72,3.3711357,712,257.67515241703,277.76790209746,3142.6228468161,3270.1638259653
47.8497,-127.7178,3.3711357,487,257.67515241703,277.76790209746,3142.6228468161,3270.1638259653
47.849,-127.7162,3.3711357,433,257.67515241703,277.76790209746,3142.6228468161,3270.1638259653
47.8475,-127.7145,3.3711357,364,257.67515241703,277.76790209746,3142.6228468161,3270.1638259653
47.8623,-127.7003,3.1907601,214,264.85829724021,285.51116740372,3125.1944595484,3251.9885078147
47.8473,-127.7112,3.3711357,253,257.67515241703,277.76790209746,3142.6228468161,3270.1638259653
47.8475,-127.7032,3.3711357,206,257.67515241703,277.76790209746,3142.6228468161,3270.1638259653
47.863,-127.704,3.1907601,244,264.85829724021,285.51116740372,3125.1944595484,3251.9885078147
47.8635,-127.7088,3.1907601,308,264.85829724021,285.51116740372,3125.1944595484,3251.9885078147
47.8642,-127.7122,3.1907601,382,264.85829724021,285.51116740372,3125.1944595484,3251.9885078147
47.8652,-127.715,3.1907601,562,264.85829724021,285.51116740372,3125.1944595484,3251.9885078147
47.8655,-127.7183,3.1907601,1043,264.85829724021,285.51116740372,3125.1944595484,3251.9885078147
47.8668,-127.722,3.1907601,1020,264.85829724021,285.51116740372,3125.1944595484,3251.9885078147
47.868,-127.7252,3.1907601,319,264.85829724021,285.51116740372,3125.1944595484,3251.9885078147
47.7883,-127.8508,2.9021108,228,277.71776677268,299.3733805066,3096.2453966279,3221.7987707691
47.9222,-128.7218,0.91232389,165,495.3203091145,533.94392838596,2834.3047659322,2948.6321130436
47.915,-128.6758,0.91232389,263,495.3203091145,533.94392838596,2834.3047659322,2948.6321130436
47.9132,-128.6702,0.91232389,275,495.3203091145,533.94392838596,2834.3047659322,2948.6321130436
47.9125,-128.6683,0.91232389,286,495.3203091145,533.94392838596,2834.3047659322,2948.6321130436
47.9125,-128.6622,0.91232389,302,495.3203091145,533.94392838596,2834.3047659322,2948.6321130436
47.9115,-128.6577,0.91232389,319,495.3203091145,533.94392838596,2834.3047659322,2948.6321130436
47.909,-128.6502,0.91232389,327,495.3203091145,533.94392838596,2834.3047659322,2948.6321130436
47.9072,-128.6463,1.1679138,334,437.77934178494,471.91608584908,2878.245212131,2994.4557212223
47.9067,-128.6418,1.1679138,329,437.77934178494,471.91608584908,2878.245212131,2994.4557212223
47.9053,-128.6365,1.1679138,266,437.77934178494,471.91608584908,2878.245212131,2994.4557212223
47.904,-128.633,1.1679138,339,437.77934178494,471.91608584908,2878.245212131,2994.4557212223
47.9215,-128.7165,0.91232389,158,495.3203091145,533.94392838596,2834.3047659322,2948.6321130436
47.9033,-128.6275,1.1679138,337,437.77934178494,471.91608584908,2878.245212131,2994.4557212223
47.9018,-128.6242,1.1679138,315,437.77934178494,471.91608584908,2878.245212131,2994.4557212223
47.9218,-128.7113,0.91232389,163,495.3203091145,533.94392838596,2834.3047659322,2948.6321130436
47.9205,-128.7068,0.91232389,178,495.3203091145,533.94392838596,2834.3047659322,2948.6321130436
47.92,-128.701,0.91232389,162,495.3203091145,533.94392838596,2834.3047659322,2948.6321130436
47.9193,-128.6952,0.91232389,212,495.3203091145,533.94392838596,2834.3047659322,2948.6321130436
47.9178,-128.6918,0.91232389,230,495.3203091145,533.94392838596,2834.3047659322,2948.6321130436
47.9167,-128.686,0.91232389,248,495.3203091145,533.94392838596,2834.3047659322,2948.6321130436
47.916,-128.68,0.91232389,236,495.3203091145,533.94392838596,2834.3047659322,2948.6321130436
47.9013,-128.6158,1.1679138,295,437.77934178494,471.91608584908,2878.245212131,2994.4557212223
47.893,-128.5705,1.1679138,599,437.77934178494,471.91608584908,2878.245212131,2994.4557212223
47.8933,-128.5672,1.1679138,755,437.77934178494,471.91608584908,2878.245212131,2994.4557212223
47.8932,-128.5645,1.1679138,481,437.77934178494,471.91608584908,2878.245212131,2994.4557212223
47.8915,-128.5593,1.1679138,677,437.77934178494,471.91608584908,2878.245212131,2994.4557212223
47.8915,-128.5553,1.1679138,735,437.77934178494,471.91608584908,2878.245212131,2994.4557212223
47.8913,-128.5547,1.1679138,472,437.77934178494,471.91608584908,2878.245212131,2994.4557212223
47.8907,-128.5517,1.1679138,370,437.77934178494,471.91608584908,2878.245212131,2994.4557212223
47.8898,-128.5438,1.414219,346,397.83439275395,428.85634730753,2916.2232904344,3034.061431453
47.8893,-128.5438,1.414219,313,397.83439275395,428.85634730753,2916.2232904344,3034.061431453
47.888,-128.5393,1.414219,237,397.83439275395,428.85634730753,2916.2232904344,3034.061431453
47.9,-128.613,1.1679138,325,437.77934178494,471.91608584908,2878.245212131,2994.4557212223
47.8872,-128.5313,1.414219,145,397.83439275395,428.85634730753,2916.2232904344,3034.061431453
47.8867,-128.5288,1.414219,168,397.83439275395,428.85634730753,2916.2232904344,3034.061431453
47.8855,-128.5245,1.414219,207,397.83439275395,428.85634730753,2916.2232904344,3034.061431453
47.8835,-128.5198,1.414219,253,397.83439275395,428.85634730753,2916.2232904344,3034.061431453
47.8995,-128.6053,1.1679138,272,437.77934178494,471.91608584908,2878.245212131,2994.4557212223
47.8995,-128.6053,1.1679138,293,437.77934178494,471.91608584908,2878.245212131,2994.4557212223
47.898,-128.5977,1.1679138,339,437.77934178494,471.91608584908,2878.245212131,2994.4557212223
47.8967,-128.5852,1.1679138,315,437.77934178494,471.91608584908,2878.245212131,2994.4557212223
47.8952,-128.5805,1.1679138,314,437.77934178494,471.91608584908,2878.245212131,2994.4557212223
47.8947,-128.5748,1.1679138,345,437.77934178494,471.91608584908,2878.245212131,2994.4557212223
47.917,-128.5187,1.414219,171,397.83439275395,428.85634730753,2916.2232904344,3034.061431453
47.9223,-128.5488,1.414219,269,397.83439275395,428.85634730753,2916.2232904344,3034.061431453
47.9237,-128.5492,1.414219,273,397.83439275395,428.85634730753,2916.2232904344,3034.061431453
47.9237,-128.5523,1.1679138,356,437.77934178494,471.91608584908,2878.245212131,2994.4557212223
47.9243,-128.554,1.1679138,523,437.77934178494,471.91608584908,2878.245212131,2994.4557212223
47.9255,-128.556,1.1679138,436,437.77934178494,471.91608584908,2878.245212131,2994.4557212223
47.9253,-128.5608,1.1679138,434,437.77934178494,471.91608584908,2878.245212131,2994.4557212223
47.9255,-128.5623,1.1679138,369,437.77934178494,471.91608584908,2878.245212131,2994.4557212223
47.9262,-128.5647,1.1679138,280,437.77934178494,471.91608584908,2878.245212131,2994.4557212223
47.9262,-128.5692,1.1679138,276,437.77934178494,471.91608584908,2878.245212131,2994.4557212223
47.9275,-128.5723,1.1679138,294,437.77934178494,471.91608584908,2878.245212131,2994.4557212223
47.9185,-128.5228,1.414219,168,397.83439275395,428.85634730753,2916.2232904344,3034.061431453
47.9193,-128.525,1.414219,174,397.83439275395,428.85634730753,2916.2232904344,3034.061431453
47.9212,-128.529,1.414219,175,397.83439275395,428.85634730753,2916.2232904344,3034.061431453
47.9215,-128.5362,1.414219,206,397.83439275395,428.85634730753,2916.2232904344,3034.061431453
47.9217,-128.5392,1.414219,227,397.83439275395,428.85634730753,2916.2232904344,3034.061431453
47.9212,-128.5437,1.414219,239,397.83439275395,428.85634730753,2916.2232904344,3034.061431453
47.9222,-128.5452,1.414219,259,397.83439275395,428.85634730753,2916.2232904344,3034.061431453
47.9293,-128.579,1.1679138,248,437.77934178494,471.91608584908,2878.245212131,2994.4557212223
47.9313,-128.5905,1.1679138,268,437.77934178494,471.91608584908,2878.245212131,2994.4557212223
47.9315,-128.5927,1.1679138,271,437.77934178494,471.91608584908,2878.245212131,2994.4557212223
47.9317,-128.5945,1.1679138,254,437.77934178494,471.91608584908,2878.245212131,2994.4557212223
47.9317,-128.5948,1.1679138,246,437.77934178494,471.91608584908,2878.245212131,2994.4557212223
47.9323,-128.5988,1.1679138,240,437.77934178494,471.91608584908,2878.245212131,2994.4557212223
47.9328,-128.598,1.1679138,235,437.77934178494,471.91608584908,2878.245212131,2994.4557212223
47.9318,-128.6022,1.1679138,239,437.77934178494,471.91608584908,2878.245212131,2994.4557212223
47.9325,-128.6022,1.1679138,248,437.77934178494,471.91608584908,2878.245212131,2994.4557212223
47.9322,-128.6033,1.1679138,254,437.77934178494,471.91608584908,2878.245212131,2994.4557212223
47.9288,-128.581,1.1679138,243,437.77934178494,471.91608584908,2878.245212131,2994.4557212223
47.9328,-128.6052,1.1679138,254,437.77934178494,471.91608584908,2878.245212131,2994.4557212223
47.9332,-128.6055,1.1679138,264,437.77934178494,471.91608584908,2878.245212131,2994.4557212223
47.9332,-128.6075,1.1679138,270,437.77934178494,471.91608584908,2878.245212131,2994.4557212223
47.9335,-128.6087,1.1679138,279,437.77934178494,471.91608584908,2878.245212131,2994.4557212223
47.934,-128.6095,1.1679138,285,437.77934178494,471.91608584908,2878.245212131,2994.4557212223
47.9293,-128.5822,1.1679138,232,437.77934178494,471.91608584908,2878.245212131,2994.4557212223
47.9297,-128.5843,1.1679138,230,437.77934178494,471.91608584908,2878.245212131,2994.4557212223
47.9293,-128.5857,1.1679138,231,437.77934178494,471.91608584908,2878.245212131,2994.4557212223
47.9297,-128.5873,1.1679138,233,437.77934178494,471.91608584908,2878.245212131,2994.4557212223
47.93,-128.5873,1.1679138,236,437.77934178494,471.91608584908,2878.245212131,2994.4557212223
47.9297,-128.5885,1.1679138,242,437.77934178494,471.91608584908,2878.245212131,2994.4557212223
47.9308,-128.5903,1.1679138,255,437.77934178494,471.91608584908,2878.245212131,2994.4557212223
47.9347,-128.609,1.1679138,276,437.77934178494,471.91608584908,2878.245212131,2994.4557212223
47.9363,-128.6193,1.1679138,264,437.77934178494,471.91608584908,2878.245212131,2994.4557212223
47.936,-128.6228,1.1679138,266,437.77934178494,471.91608584908,2878.245212131,2994.4557212223
47.9372,-128.6255,1.1679138,280,437.77934178494,471.91608584908,2878.245212131,2994.4557212223
47.937,-128.625,1.1679138,283,437.77934178494,471.91608584908,2878.245212131,2994.4557212223
47.9372,-128.6258,1.1679138,284,437.77934178494,471.91608584908,2878.245212131,2994.4557212223
47.9383,-128.6265,1.1679138,281,437.77934178494,471.91608584908,2878.245212131,2994.4557212223
47.938,-128.6277,1.1679138,282,437.77934178494,471.91608584908,2878.245212131,2994.4557212223
47.9382,-128.6295,1.1679138,273,437.77934178494,471.91608584908,2878.245212131,2994.4557212223
47.9385,-128.6315,1.1679138,263,437.77934178494,471.91608584908,2878.245212131,2994.4557212223
47.939,-128.6315,1.1679138,260,437.77934178494,471.91608584908,2878.245212131,2994.4557212223
47.934,-128.6105,1.1679138,280,437.77934178494,471.91608584908,2878.245212131,2994.4557212223
47.939,-128.6328,1.1679138,260,437.77934178494,471.91608584908,2878.245212131,2994.4557212223
47.9393,-128.6333,1.1679138,257,437.77934178494,471.91608584908,2878.245212131,2994.4557212223
47.9342,-128.6132,1.1679138,281,437.77934178494,471.91608584908,2878.245212131,2994.4557212223
47.9347,-128.6142,1.1679138,283,437.77934178494,471.91608584908,2878.245212131,2994.4557212223
47.9355,-128.6142,1.1679138,287,437.77934178494,471.91608584908,2878.245212131,2994.4557212223
47.936,-128.6162,1.1679138,280,437.77934178494,471.91608584908,2878.245212131,2994.4557212223
47.9358,-128.6168,1.1679138,275,437.77934178494,471.91608584908,2878.245212131,2994.4557212223
47.9355,-128.6185,1.1679138,269,437.77934178494,471.91608584908,2878.245212131,2994.4557212223
47.9362,-128.6187,1.1679138,268,437.77934178494,471.91608584908,2878.245212131,2994.4557212223
47.905,-128.5483,1.414219,231,397.83439275395,428.85634730753,2916.2232904344,3034.061431453
47.9092,-128.5682,1.1679138,388,437.77934178494,471.91608584908,2878.245212131,2994.4557212223
47.9097,-128.5705,1.1679138,286,437.77934178494,471.91608584908,2878.245212131,2994.4557212223
47.91,-128.5732,1.1679138,287,437.77934178494,471.91608584908,2878.245212131,2994.4557212223
47.9115,-128.5742,1.1679138,280,437.77934178494,471.91608584908,2878.245212131,2994.4557212223
47.9115,-128.5782,1.1679138,296,437.77934178494,471.91608584908,2878.245212131,2994.4557212223
47.912,-128.5803,1.1679138,297,437.77934178494,471.91608584908,2878.245212131,2994.4557212223
47.9122,-128.5828,1.1679138,316,437.77934178494,471.91608584908,2878.245212131,2994.4557212223
47.9127,-128.5858,1.1679138,328,437.77934178494,471.91608584908,2878.245212131,2994.4557212223
47.9135,-128.588,1.1679138,326,437.77934178494,471.91608584908,2878.245212131,2994.4557212223
47.9137,-128.5908,1.1679138,324,437.77934178494,471.91608584908,2878.245212131,2994.4557212223
47.9062,-128.5505,1.1679138,264,437.77934178494,471.91608584908,2878.245212131,2994.4557212223
47.9137,-128.5943,1.1679138,313,437.77934178494,471.91608584908,2878.245212131,2994.4557212223
47.9145,-128.5963,1.1679138,299,437.77934178494,471.91608584908,2878.245212131,2994.4557212223
47.9155,-128.5985,1.1679138,290,437.77934178494,471.91608584908,2878.245212131,2994.4557212223
47.9155,-128.601,1.1679138,292,437.77934178494,471.91608584908,2878.245212131,2994.4557212223
47.9157,-128.6038,1.1679138,263,437.77934178494,471.91608584908,2878.245212131,2994.4557212223
47.9073,-128.5523,1.1679138,376,437.77934178494,471.91608584908,2878.245212131,2994.4557212223
47.9068,-128.5533,1.1679138,408,437.77934178494,471.91608584908,2878.245212131,2994.4557212223
47.9057,-128.5547,1.1679138,425,437.77934178494,471.91608584908,2878.245212131,2994.4557212223
47.9073,-128.5573,1.1679138,355,437.77934178494,471.91608584908,2878.245212131,2994.4557212223
47.908,-128.5597,1.1679138,440,437.77934178494,471.91608584908,2878.245212131,2994.4557212223
47.9085,-128.5625,1.1679138,632,437.77934178494,471.91608584908,2878.245212131,2994.4557212223
47.7152,-127.7855,3.251128,1301,262.38779189237,282.84801932307,3131.0809615255,3258.1272884481
47.7213,-127.7795,3.251128,340,262.38779189237,282.84801932307,3131.0809615255,3258.1272884481
47.7237,-127.779,3.251128,370,262.38779189237,282.84801932307,3131.0809615255,3258.1272884481
47.724,-127.7793,3.251128,274,262.38779189237,282.84801932307,3131.0809615255,3258.1272884481
47.7253,-127.7792,3.251128,262,262.38779189237,282.84801932307,3131.0809615255,3258.1272884481
47.7268,-127.7778,3.251128,267,262.38779189237,282.84801932307,3131.0809615255,3258.1272884481
47.7285,-127.7772,3.251128,290,262.38779189237,282.84801932307,3131.0809615255,3258.1272884481
47.732,-127.7748,3.251128,257,262.38779189237,282.84801932307,3131.0809615255,3258.1272884481
47.733,-127.7743,3.251128,252,262.38779189237,282.84801932307,3131.0809615255,3258.1272884481
47.7348,-127.7742,3.251128,261,262.38779189237,282.84801932307,3131.0809615255,3258.1272884481
47.736,-127.7742,3.251128,278,262.38779189237,282.84801932307,3131.0809615255,3258.1272884481
47.7378,-127.7717,3.251128,270,262.38779189237,282.84801932307,3131.0809615255,3258.1272884481
47.715,-127.785,3.251128,3144,262.38779189237,282.84801932307,3131.0809615255,3258.1272884481
47.7163,-127.7847,3.251128,2022,262.38779189237,282.84801932307,3131.0809615255,3258.1272884481
47.7167,-127.7837,3.251128,994,262.38779189237,282.84801932307,3131.0809615255,3258.1272884481
47.7182,-127.7827,3.251128,604,262.38779189237,282.84801932307,3131.0809615255,3258.1272884481
47.7185,-127.7805,3.251128,434,262.38779189237,282.84801932307,3131.0809615255,3258.1272884481
47.7198,-127.7818,3.251128,403,262.38779189237,282.84801932307,3131.0809615255,3258.1272884481
47.719,-127.7837,3.251128,383,262.38779189237,282.84801932307,3131.0809615255,3258.1272884481
47.8907,-127.4915,3.7126944,250,245.53649807484,264.68271123101,3174.3923665048,3303.2948964979
47.913,-127.5903,3.4528952,215,254.60619139326,274.45963252938,3150.368866106,3278.2418175105
47.9113,-127.5923,3.4528952,224,254.60619139326,274.45963252938,3150.368866106,3278.2418175105
47.7223,-127.8238,3.251128,196,262.38779189237,282.84801932307,3131.0809615255,3258.1272884481
47.7108,-127.7778,3.251128,1194,262.38779189237,282.84801932307,3131.0809615255,3258.1272884481
47.7098,-127.7766,3.251128,452,262.38779189237,282.84801932307,3131.0809615255,3258.1272884481
47.7095,-127.776,3.251128,422,262.38779189237,282.84801932307,3131.0809615255,3258.1272884481
47.7092,-127.7755,3.251128,301,262.38779189237,282.84801932307,3131.0809615255,3258.1272884481
47.7083,-127.7717,3.251128,218,262.38779189237,282.84801932307,3131.0809615255,3258.1272884481
47.707,-127.7657,3.251128,205,262.38779189237,282.84801932307,3131.0809615255,3258.1272884481
47.706,-127.7608,3.251128,191,262.38779189237,282.84801932307,3131.0809615255,3258.1272884481
47.7035,-127.7525,3.251128,171,262.38779189237,282.84801932307,3131.0809615255,3258.1272884481
47.702,-127.746,3.4946105,166,253.08200722473,272.81659696723,3154.2857068972,3282.3265229071
47.7152,-127.7957,3.251128,211,262.38779189237,282.84801932307,3131.0809615255,3258.1272884481
47.7132,-127.7922,3.251128,256,262.38779189237,282.84801932307,3131.0809615255,3258.1272884481
47.7127,-127.7878,3.251128,291,262.38779189237,282.84801932307,3131.0809615255,3258.1272884481
47.7145,-127.7858,3.251128,939,262.38779189237,282.84801932307,3131.0809615255,3258.1272884481
48.47,-128.783,0.34311613,404,807.68141835452,870.66203720079,2705.0164040388,2813.8028213547
48.465,-128.796,0.34311613,397,807.68141835452,870.66203720079,2705.0164040388,2813.8028213547
48.5717,-128.686,0.44956386,371,705.61038376803,760.6318038777,2734.6733322088,2844.7307607321
48.57,-128.69,0.44956386,262,705.61038376803,760.6318038777,2734.6733322088,2844.7307607321
48.57,-128.69,0.44956386,267,705.61038376803,760.6318038777,2734.6733322088,2844.7307607321
48.57,-128.7,0.44956386,338,705.61038376803,760.6318038777,2734.6733322088,2844.7307607321
48.57,-128.7,0.44956386,388,705.61038376803,760.6318038777,2734.6733322088,2844.7307607321
48.56,-128.7,0.44956386,359,705.61038376803,760.6318038777,2734.6733322088,2844.7307607321
48.56,-128.7,0.44956386,474,705.61038376803,760.6318038777,2734.6733322088,2844.7307607321
48.55,-128.71,0.59159386,587,615.10439485193,663.06842443398,2769.2029863319,2880.7402571747
48.55,-128.71,0.59159386,494,615.10439485193,663.06842443398,2769.2029863319,2880.7402571747
48.55,-128.72,0.59159386,413,615.10439485193,663.06842443398,2769.2029863319,2880.7402571747
48.54,-128.72,0.59159386,335,615.10439485193,663.06842443398,2769.2029863319,2880.7402571747
48.53,-128.72,0.59159386,302,615.10439485193,663.06842443398,2769.2029863319,2880.7402571747
48.52,-128.73,0.59159386,278,615.10439485193,663.06842443398,2769.2029863319,2880.7402571747
48.52,-128.73,0.59159386,305,615.10439485193,663.06842443398,2769.2029863319,2880.7402571747
48.51,-128.74,0.59159386,306,615.10439485193,663.06842443398,2769.2029863319,2880.7402571747
48.51,-128.74,0.59159386,217,615.10439485193,663.06842443398,2769.2029863319,2880.7402571747
48.52,-128.82,0.34311613,165,807.68141835452,870.66203720079,2705.0164040388,2813.8028213547
48.52,-128.8,0.34311613,159,807.68141835452,870.66203720079,2705.0164040388,2813.8028213547
48.53,-128.79,0.34311613,161,807.68141835452,870.66203720079,2705.0164040388,2813.8028213547
48.52,-128.78,0.34311613,150,807.68141835452,870.66203720079,2705.0164040388,2813.8028213547
48.52,-128.77,0.34311613,169,807.68141835452,870.66203720079,2705.0164040388,2813.8028213547
48.51,-128.77,0.34311613,133,807.68141835452,870.66203720079,2705.0164040388,2813.8028213547
48.5,-128.77,0.34311613,230,807.68141835452,870.66203720079,2705.0164040388,2813.8028213547
48.49,-128.76,0.34311613,263,807.68141835452,870.66203720079,2705.0164040388,2813.8028213547
48.49,-128.76,0.34311613,268,807.68141835452,870.66203720079,2705.0164040388,2813.8028213547
48.48,-128.76,0.34311613,272,807.68141835452,870.66203720079,2705.0164040388,2813.8028213547
48.47,-128.75,0.34311613,309,807.68141835452,870.66203720079,2705.0164040388,2813.8028213547
48.47,-128.75,0.34311613,348,807.68141835452,870.66203720079,2705.0164040388,2813.8028213547
48.46,-128.74,0.59159386,424,615.10439485193,663.06842443398,2769.2029863319,2880.7402571747
48.45,-128.74,0.59159386,412,615.10439485193,663.06842443398,2769.2029863319,2880.7402571747
48.45,-128.74,0.59159386,1005,615.10439485193,663.06842443398,2769.2029863319,2880.7402571747
48.51,-128.78,0.34311613,151,807.68141835452,870.66203720079,2705.0164040388,2813.8028213547
48.51,-128.78,0.34311613,189,807.68141835452,870.66203720079,2705.0164040388,2813.8028213547
48.51,-128.77,0.34311613,120,807.68141835452,870.66203720079,2705.0164040388,2813.8028213547
48.51,-128.77,0.34311613,203,807.68141835452,870.66203720079,2705.0164040388,2813.8028213547
48.5,-128.76,0.34311613,299,807.68141835452,870.66203720079,2705.0164040388,2813.8028213547
48.5,-128.76,0.34311613,320,807.68141835452,870.66203720079,2705.0164040388,2813.8028213547
48.5,-128.75,0.34311613,246,807.68141835452,870.66203720079,2705.0164040388,2813.8028213547
48.49,-128.74,0.59159386,206,615.10439485193,663.06842443398,2769.2029863319,2880.7402571747
48.49,-128.73,0.59159386,341,615.10439485193,663.06842443398,2769.2029863319,2880.7402571747
48.49,-128.73,0.59159386,395,615.10439485193,663.06842443398,2769.2029863319,2880.7402571747
48.49,-128.72,0.59159386,390,615.10439485193,663.06842443398,2769.2029863319,2880.7402571747
48.48,-128.72,0.59159386,570,615.10439485193,663.06842443398,2769.2029863319,2880.7402571747
48.48,-128.71,0.59159386,744,615.10439485193,663.06842443398,2769.2029863319,2880.7402571747
48.45,-128.72,0.59159386,774,615.10439485193,663.06842443398,2769.2029863319,2880.7402571747
48.45,-128.72,0.59159386,1073,615.10439485193,663.06842443398,2769.2029863319,2880.7402571747
48.46,-128.71,0.59159386,2894,615.10439485193,663.06842443398,2769.2029863319,2880.7402571747
48.46,-128.71,0.59159386,1528,615.10439485193,663.06842443398,2769.2029863319,2880.7402571747
48.45,-128.7,0.59159386,1313,615.10439485193,663.06842443398,2769.2029863319,2880.7402571747
48.45,-128.7,0.59159386,729,615.10439485193,663.06842443398,2769.2029863319,2880.7402571747
48.44,-128.69,0.79336768,581,531.15760845266,572.57571480629,2811.7491632707,2925.1098416966
48.44,-128.69,0.79336768,605,531.15760845266,572.57571480629,2811.7491632707,2925.1098416966
48.44,-128.69,0.79336768,707,531.15760845266,572.57571480629,2811.7491632707,2925.1098416966
48.44,-128.68,0.79336768,1507,531.15760845266,572.57571480629,2811.7491632707,2925.1098416966
48.43,-128.68,0.79336768,3200,531.15760845266,572.57571480629,2811.7491632707,2925.1098416966
48.43,-128.68,0.79336768,2129,531.15760845266,572.57571480629,2811.7491632707,2925.1098416966
48.43,-128.67,0.79336768,883,531.15760845266,572.57571480629,2811.7491632707,2925.1098416966
48.43,-128.67,0.79336768,684,531.15760845266,572.57571480629,2811.7491632707,2925.1098416966
48.43,-128.67,0.79336768,556,531.15760845266,572.57571480629,2811.7491632707,2925.1098416966
48.43,-128.66,0.79336768,466,531.15760845266,572.57571480629,2811.7491632707,2925.1098416966
48.4,-128.73,0.79336768,841,531.15760845266,572.57571480629,2811.7491632707,2925.1098416966
48.4,-128.73,0.79336768,677,531.15760845266,572.57571480629,2811.7491632707,2925.1098416966
48.4,-128.72,0.79336768,995,531.15760845266,572.57571480629,2811.7491632707,2925.1098416966
48.4,-128.72,0.79336768,772,531.15760845266,572.57571480629,2811.7491632707,2925.1098416966
48.4,-128.72,0.79336768,659,531.15760845266,572.57571480629,2811.7491632707,2925.1098416966
48.4,-128.71,0.79336768,654,531.15760845266,572.57571480629,2811.7491632707,2925.1098416966
48.4,-128.7,0.79336768,683,531.15760845266,572.57571480629,2811.7491632707,2925.1098416966
48.4,-128.7,0.79336768,687,531.15760845266,572.57571480629,2811.7491632707,2925.1098416966
48.4,-128.69,0.79336768,616,531.15760845266,572.57571480629,2811.7491632707,2925.1098416966
48.4,-128.69,0.79336768,631,531.15760845266,572.57571480629,2811.7491632707,2925.1098416966
48.39,-128.68,0.79336768,788,531.15760845266,572.57571480629,2811.7491632707,2925.1098416966
48.39,-128.68,0.79336768,690,531.15760845266,572.57571480629,2811.7491632707,2925.1098416966
48.39,-128.67,0.79336768,589,531.15760845266,572.57571480629,2811.7491632707,2925.1098416966
48.39,-128.67,0.79336768,589,531.15760845266,572.57571480629,2811.7491632707,2925.1098416966
48.39,-128.66,0.79336768,648,531.15760845266,572.57571480629,2811.7491632707,2925.1098416966
48.39,-128.66,0.79336768,686,531.15760845266,572.57571480629,2811.7491632707,2925.1098416966
48.39,-128.65,0.79336768,548,531.15760845266,572.57571480629,2811.7491632707,2925.1098416966
48.39,-128.64,1.033847,699,465.29943271476,501.58211243877,2855.8739348421,2971.1256749068
48.39,-128.64,1.033847,787,465.29943271476,501.58211243877,2855.8739348421,2971.1256749068
48.39,-128.63,1.033847,902,465.29943271476,501.58211243877,2855.8739348421,2971.1256749068
48.39,-128.63,1.033847,534,465.29943271476,501.58211243877,2855.8739348421,2971.1256749068
48.38,-128.62,1.033847,465,465.29943271476,501.58211243877,2855.8739348421,2971.1256749068
48.38,-128.61,1.033847,355,465.29943271476,501.58211243877,2855.8739348421,2971.1256749068
48.38,-128.61,1.033847,304,465.29943271476,501.58211243877,2855.8739348421,2971.1256749068
48.4,-128.84,0.53057241,1319,649.51371744501,700.16088468722,2754.9414054739,2865.8674657085
48.4,-128.83,0.53057241,1429,649.51371744501,700.16088468722,2754.9414054739,2865.8674657085
48.39,-128.83,0.53057241,1497,649.51371744501,700.16088468722,2754.9414054739,2865.8674657085
48.39,-128.82,0.53057241,952,649.51371744501,700.16088468722,2754.9414054739,2865.8674657085
48.39,-128.82,0.53057241,865,649.51371744501,700.16088468722,2754.9414054739,2865.8674657085
48.39,-128.81,0.53057241,763,649.51371744501,700.16088468722,2754.9414054739,2865.8674657085
48.39,-128.79,0.53057241,602,649.51371744501,700.16088468722,2754.9414054739,2865.8674657085
48.38,-128.79,0.53057241,598,649.51371744501,700.16088468722,2754.9414054739,2865.8674657085
48.39,-128.78,0.53057241,586,649.51371744501,700.16088468722,2754.9414054739,2865.8674657085
48.39,-128.77,0.53057241,539,649.51371744501,700.16088468722,2754.9414054739,2865.8674657085
48.39,-128.77,0.53057241,510,649.51371744501,700.16088468722,2754.9414054739,2865.8674657085
48.39,-128.76,0.53057241,487,649.51371744501,700.16088468722,2754.9414054739,2865.8674657085
48.39,-128.75,0.53057241,530,649.51371744501,700.16088468722,2754.9414054739,2865.8674657085
48.39,-128.73,0.79336768,914,531.15760845266,572.57571480629,2811.7491632707,2925.1098416966
48.39,-128.72,0.79336768,758,531.15760845266,572.57571480629,2811.7491632707,2925.1098416966
48.39,-128.72,0.79336768,666,531.15760845266,572.57571480629,2811.7491632707,2925.1098416966
48.39,-128.71,0.79336768,620,531.15760845266,572.57571480629,2811.7491632707,2925.1098416966
48.39,-128.71,0.79336768,553,531.15760845266,572.57571480629,2811.7491632707,2925.1098416966
48.44,-128.76,0.53057241,573,649.51371744501,700.16088468722,2754.9414054739,2865.8674657085
48.44,-128.76,0.53057241,559,649.51371744501,700.16088468722,2754.9414054739,2865.8674657085
48.44,-128.75,0.53057241,594,649.51371744501,700.16088468722,2754.9414054739,2865.8674657085
48.44,-128.75,0.53057241,641,649.51371744501,700.16088468722,2754.9414054739,2865.8674657085
48.44,-128.74,0.79336768,567,531.15760845266,572.57571480629,2811.7491632707,2925.1098416966
48.44,-128.73,0.79336768,661,531.15760845266,572.57571480629,2811.7491632707,2925.1098416966
48.44,-128.72,0.79336768,704,531.15760845266,572.57571480629,2811.7491632707,2925.1098416966
48.44,-128.72,0.79336768,812,531.15760845266,572.57571480629,2811.7491632707,2925.1098416966
48.44,-128.7,0.79336768,857,531.15760845266,572.57571480629,2811.7491632707,2925.1098416966
48.44,-128.7,0.79336768,653,531.15760845266,572.57571480629,2811.7491632707,2925.1098416966
48.44,-128.69,0.79336768,594,531.15760845266,572.57571480629,2811.7491632707,2925.1098416966
48.44,-128.69,0.79336768,637,531.15760845266,572.57571480629,2811.7491632707,2925.1098416966
48.44,-128.68,0.79336768,1665,531.15760845266,572.57571480629,2811.7491632707,2925.1098416966
48.44,-128.68,0.79336768,2298,531.15760845266,572.57571480629,2811.7491632707,2925.1098416966
48.44,-128.67,0.79336768,727,531.15760845266,572.57571480629,2811.7491632707,2925.1098416966
48.44,-128.66,0.79336768,419,531.15760845266,572.57571480629,2811.7491632707,2925.1098416966
48.44,-128.65,0.79336768,218,531.15760845266,572.57571480629,2811.7491632707,2925.1098416966
48.44,-128.63,1.033847,290,465.29943271476,501.58211243877,2855.8739348421,2971.1256749068
48.29,-128.69,0.80387408,532,527.67515477576,568.82170964548,2813.8065882036,2927.2554419838
48.3,-128.7,0.80387408,1101,527.67515477576,568.82170964548,2813.8065882036,2927.2554419838
48.31,-128.7,0.80387408,387,527.67515477576,568.82170964548,2813.8065882036,2927.2554419838
48.32,-128.71,0.80387408,278,527.67515477576,568.82170964548,2813.8065882036,2927.2554419838
48.32,-128.71,0.80387408,325,527.67515477576,568.82170964548,2813.8065882036,2927.2554419838
48.33,-128.72,0.80387408,322,527.67515477576,568.82170964548,2813.8065882036,2927.2554419838
48.34,-128.72,0.80387408,395,527.67515477576,568.82170964548,2813.8065882036,2927.2554419838
48.34,-128.73,0.80387408,422,527.67515477576,568.82170964548,2813.8065882036,2927.2554419838
48.35,-128.73,0.79336768,502,531.15760845266,572.57571480629,2811.7491632707,2925.1098416966
48.36,-128.74,0.79336768,550,531.15760845266,572.57571480629,2811.7491632707,2925.1098416966
48.37,-128.74,0.79336768,788,531.15760845266,572.57571480629,2811.7491632707,2925.1098416966
48.37,-128.74,0.79336768,935,531.15760845266,572.57571480629,2811.7491632707,2925.1098416966
48.38,-128.75,0.53057241,673,649.51371744501,700.16088468722,2754.9414054739,2865.8674657085
48.39,-128.75,0.53057241,586,649.51371744501,700.16088468722,2754.9414054739,2865.8674657085
48.4,-128.76,0.53057241,587,649.51371744501,700.16088468722,2754.9414054739,2865.8674657085
48.29,-128.78,0.54432315,313,641.25720294721,691.26055149956,2758.2239064746,2869.2906453235
48.29,-128.78,0.54432315,290,641.25720294721,691.26055149956,2758.2239064746,2869.2906453235
48.31,-128.78,0.54432315,292,641.25720294721,691.26055149956,2758.2239064746,2869.2906453235
48.33,-128.78,0.54432315,322,641.25720294721,691.26055149956,2758.2239064746,2869.2906453235
48.33,-128.78,0.54432315,361,641.25720294721,691.26055149956,2758.2239064746,2869.2906453235
48.34,-128.78,0.54432315,353,641.25720294721,691.26055149956,2758.2239064746,2869.2906453235
48.34,-128.78,0.54432315,365,641.25720294721,691.26055149956,2758.2239064746,2869.2906453235
48.35,-128.78,0.53057241,354,649.51371744501,700.16088468722,2754.9414054739,2865.8674657085
48.35,-128.78,0.53057241,335,649.51371744501,700.16088468722,2754.9414054739,2865.8674657085
48.36,-128.8,0.53057241,303,649.51371744501,700.16088468722,2754.9414054739,2865.8674657085
48.36,-128.81,0.53057241,385,649.51371744501,700.16088468722,2754.9414054739,2865.8674657085
48.36,-128.83,0.53057241,469,649.51371744501,700.16088468722,2754.9414054739,2865.8674657085
48.36,-128.83,0.53057241,627,649.51371744501,700.16088468722,2754.9414054739,2865.8674657085
48.36,-128.83,0.53057241,807,649.51371744501,700.16088468722,2754.9414054739,2865.8674657085
48.36,-128.84,0.53057241,1022,649.51371744501,700.16088468722,2754.9414054739,2865.8674657085
48.36,-128.85,0.53057241,1289,649.51371744501,700.16088468722,2754.9414054739,2865.8674657085
48.37,-128.86,0.25480604,1150,937.25075677736,1010.3348111267,2676.6741064786,2784.2458538991
48.37,-128.87,0.25480604,1095,937.25075677736,1010.3348111267,2676.6741064786,2784.2458538991
48.38,-128.88,0.25480604,1158,937.25075677736,1010.3348111267,2676.6741064786,2784.2458538991
48.38,-128.9,0.25480604,1076,937.25075677736,1010.3348111267,2676.6741064786,2784.2458538991
48.35,-128.77,0.53057241,367,649.51371744501,700.16088468722,2754.9414054739,2865.8674657085
48.36,-128.77,0.53057241,341,649.51371744501,700.16088468722,2754.9414054739,2865.8674657085
48.39,-128.77,0.53057241,533,649.51371744501,700.16088468722,2754.9414054739,2865.8674657085
48.41,-128.73,0.79336768,858,531.15760845266,572.57571480629,2811.7491632707,2925.1098416966
48.42,-128.73,0.79336768,861,531.15760845266,572.57571480629,2811.7491632707,2925.1098416966
48.41,-128.74,0.79336768,740,531.15760845266,572.57571480629,2811.7491632707,2925.1098416966
48.41,-128.75,0.53057241,624,649.51371744501,700.16088468722,2754.9414054739,2865.8674657085
48.42,-128.75,0.53057241,679,649.51371744501,700.16088468722,2754.9414054739,2865.8674657085
48.42,-128.77,0.53057241,763,649.51371744501,700.16088468722,2754.9414054739,2865.8674657085
48.42,-128.77,0.53057241,698,649.51371744501,700.16088468722,2754.9414054739,2865.8674657085
48.42,-128.78,0.53057241,706,649.51371744501,700.16088468722,2754.9414054739,2865.8674657085
48.42,-128.78,0.53057241,743,649.51371744501,700.16088468722,2754.9414054739,2865.8674657085
48.42,-128.79,0.53057241,788,649.51371744501,700.16088468722,2754.9414054739,2865.8674657085
48.42,-128.79,0.53057241,881,649.51371744501,700.16088468722,2754.9414054739,2865.8674657085
48.43,-128.8,0.53057241,959,649.51371744501,700.16088468722,2754.9414054739,2865.8674657085
48.43,-128.8,0.53057241,1023,649.51371744501,700.16088468722,2754.9414054739,2865.8674657085
48.43,-128.81,0.53057241,1153,649.51371744501,700.16088468722,2754.9414054739,2865.8674657085
48.43,-128.82,0.53057241,1665,649.51371744501,700.16088468722,2754.9414054739,2865.8674657085
48.43,-128.83,0.53057241,1124,649.51371744501,700.16088468722,2754.9414054739,2865.8674657085
48.43,-128.84,0.53057241,888,649.51371744501,700.16088468722,2754.9414054739,2865.8674657085
48.43,-128.85,0.53057241,1018,649.51371744501,700.16088468722,2754.9414054739,2865.8674657085
48.43,-128.85,0.53057241,792,649.51371744501,700.16088468722,2754.9414054739,2865.8674657085
48.43,-128.85,0.53057241,912,649.51371744501,700.16088468722,2754.9414054739,2865.8674657085
48.43,-128.86,0.25480604,897,937.25075677736,1010.3348111267,2676.6741064786,2784.2458538991
48.44,-128.76,0.53057241,765,649.51371744501,700.16088468722,2754.9414054739,2865.8674657085
48.44,-128.76,0.53057241,690,649.51371744501,700.16088468722,2754.9414054739,2865.8674657085
48.44,-128.77,0.53057241,546,649.51371744501,700.16088468722,2754.9414054739,2865.8674657085
48.44,-128.78,0.53057241,550,649.51371744501,700.16088468722,2754.9414054739,2865.8674657085
48.45,-128.78,0.34311613,502,807.68141835452,870.66203720079,2705.0164040388,2813.8028213547
48.45,-128.79,0.34311613,477,807.68141835452,870.66203720079,2705.0164040388,2813.8028213547
48.45,-128.79,0.34311613,481,807.68141835452,870.66203720079,2705.0164040388,2813.8028213547
48.46,-128.8,0.34311613,426,807.68141835452,870.66203720079,2705.0164040388,2813.8028213547
48.46,-128.81,0.34311613,477,807.68141835452,870.66203720079,2705.0164040388,2813.8028213547
48.46,-128.82,0.34311613,429,807.68141835452,870.66203720079,2705.0164040388,2813.8028213547
48.46,-128.82,0.34311613,540,807.68141835452,870.66203720079,2705.0164040388,2813.8028213547
48.46,-128.83,0.34311613,840,807.68141835452,870.66203720079,2705.0164040388,2813.8028213547
48.46,-128.84,0.34311613,1246,807.68141835452,870.66203720079,2705.0164040388,2813.8028213547
48.46,-128.85,0.34311613,1171,807.68141835452,870.66203720079,2705.0164040388,2813.8028213547
48.47,-128.86,0.15120271,1531,1216.6926134075,1311.5667209414,2636.0967743005,2741.9294931991
48.47,-128.57,0.8665905,416,508.22227635983,547.85195304821,2825.8179495516,2939.7815759609
48.47,-128.58,0.8665905,421,508.22227635983,547.85195304821,2825.8179495516,2939.7815759609
48.47,-128.58,0.8665905,481,508.22227635983,547.85195304821,2825.8179495516,2939.7815759609
48.47,-128.59,0.8665905,461,508.22227635983,547.85195304821,2825.8179495516,2939.7815759609
48.47,-128.59,0.8665905,444,508.22227635983,547.85195304821,2825.8179495516,2939.7815759609
48.47,-128.6,0.8665905,518,508.22227635983,547.85195304821,2825.8179495516,2939.7815759609
48.47,-128.6,0.8665905,221,508.22227635983,547.85195304821,2825.8179495516,2939.7815759609
48.48,-128.61,0.8665905,619,508.22227635983,547.85195304821,2825.8179495516,2939.7815759609
48.48,-128.62,0.8665905,358,508.22227635983,547.85195304821,2825.8179495516,2939.7815759609
48.48,-128.62,0.8665905,368,508.22227635983,547.85195304821,2825.8179495516,2939.7815759609
48.48,-128.63,0.8665905,363,508.22227635983,547.85195304821,2825.8179495516,2939.7815759609
48.48,-128.63,0.8665905,639,508.22227635983,547.85195304821,2825.8179495516,2939.7815759609
48.48,-128.63,0.8665905,526,508.22227635983,547.85195304821,2825.8179495516,2939.7815759609
48.48,-128.64,0.8665905,549,508.22227635983,547.85195304821,2825.8179495516,2939.7815759609
48.48,-128.65,0.59159386,411,615.10439485193,663.06842443398,2769.2029863319,2880.7402571747
48.45,-128.61,0.8665905,924,508.22227635983,547.85195304821,2825.8179495516,2939.7815759609
48.46,-128.61,0.8665905,1090,508.22227635983,547.85195304821,2825.8179495516,2939.7815759609
48.46,-128.62,0.8665905,425,508.22227635983,547.85195304821,2825.8179495516,2939.7815759609
48.46,-128.62,0.8665905,355,508.22227635983,547.85195304821,2825.8179495516,2939.7815759609
48.45,-128.63,0.8665905,387,508.22227635983,547.85195304821,2825.8179495516,2939.7815759609
48.45,-128.63,0.8665905,325,508.22227635983,547.85195304821,2825.8179495516,2939.7815759609
48.45,-128.63,0.8665905,250,508.22227635983,547.85195304821,2825.8179495516,2939.7815759609
48.45,-128.63,0.8665905,829,508.22227635983,547.85195304821,2825.8179495516,2939.7815759609
48.45,-128.64,0.8665905,631,508.22227635983,547.85195304821,2825.8179495516,2939.7815759609
48.45,-128.64,0.8665905,376,508.22227635983,547.85195304821,2825.8179495516,2939.7815759609
48.45,-128.65,0.59159386,470,615.10439485193,663.06842443398,2769.2029863319,2880.7402571747
48.45,-128.65,0.59159386,440,615.10439485193,663.06842443398,2769.2029863319,2880.7402571747
48.45,-128.65,0.59159386,418,615.10439485193,663.06842443398,2769.2029863319,2880.7402571747
48.45,-128.65,0.59159386,493,615.10439485193,663.06842443398,2769.2029863319,2880.7402571747
48.45,-128.66,0.59159386,396,615.10439485193,663.06842443398,2769.2029863319,2880.7402571747
48.43,-128.73,0.79336768,697,531.15760845266,572.57571480629,2811.7491632707,2925.1098416966
48.44,-128.73,0.79336768,698,531.15760845266,572.57571480629,2811.7491632707,2925.1098416966
48.44,-128.73,0.79336768,699,531.15760845266,572.57571480629,2811.7491632707,2925.1098416966
48.45,-128.73,0.59159386,680,615.10439485193,663.06842443398,2769.2029863319,2880.7402571747
48.45,-128.72,0.59159386,777,615.10439485193,663.06842443398,2769.2029863319,2880.7402571747
48.46,-128.72,0.59159386,1760,615.10439485193,663.06842443398,2769.2029863319,2880.7402571747
48.46,-128.71,0.59159386,1233,615.10439485193,663.06842443398,2769.2029863319,2880.7402571747
48.47,-128.71,0.59159386,1488,615.10439485193,663.06842443398,2769.2029863319,2880.7402571747
48.47,-128.71,0.59159386,1496,615.10439485193,663.06842443398,2769.2029863319,2880.7402571747
48.47,-128.7,0.59159386,963,615.10439485193,663.06842443398,2769.2029863319,2880.7402571747
48.47,-128.7,0.59159386,937,615.10439485193,663.06842443398,2769.2029863319,2880.7402571747
48.48,-128.7,0.59159386,1062,615.10439485193,663.06842443398,2769.2029863319,2880.7402571747
48.48,-128.7,0.59159386,1044,615.10439485193,663.06842443398,2769.2029863319,2880.7402571747
48.48,-128.69,0.59159386,1088,615.10439485193,663.06842443398,2769.2029863319,2880.7402571747
48.49,-128.69,0.59159386,896,615.10439485193,663.06842443398,2769.2029863319,2880.7402571747
48.49,-128.69,0.59159386,742,615.10439485193,663.06842443398,2769.2029863319,2880.7402571747
48.5,-128.69,0.59159386,637,615.10439485193,663.06842443398,2769.2029863319,2880.7402571747
48.5,-128.69,0.59159386,636,615.10439485193,663.06842443398,2769.2029863319,2880.7402571747
48.51,-128.69,0.59159386,519,615.10439485193,663.06842443398,2769.2029863319,2880.7402571747
48.51,-128.68,0.59159386,418,615.10439485193,663.06842443398,2769.2029863319,2880.7402571747
48.45,-128.65,0.59159386,453,615.10439485193,663.06842443398,2769.2029863319,2880.7402571747
48.45,-128.65,0.59159386,453,615.10439485193,663.06842443398,2769.2029863319,2880.7402571747
48.45,-128.66,0.59159386,362,615.10439485193,663.06842443398,2769.2029863319,2880.7402571747
48.45,-128.66,0.59159386,399,615.10439485193,663.06842443398,2769.2029863319,2880.7402571747
48.45,-128.66,0.59159386,386,615.10439485193,663.06842443398,2769.2029863319,2880.7402571747
48.45,-128.67,0.59159386,176,615.10439485193,663.06842443398,2769.2029863319,2880.7402571747
48.45,-128.67,0.59159386,153,615.10439485193,663.06842443398,2769.2029863319,2880.7402571747
48.45,-128.68,0.59159386,411,615.10439485193,663.06842443398,2769.2029863319,2880.7402571747
48.45,-128.68,0.59159386,426,615.10439485193,663.06842443398,2769.2029863319,2880.7402571747
48.45,-128.69,0.59159386,466,615.10439485193,663.06842443398,2769.2029863319,2880.7402571747
48.45,-128.69,0.59159386,524,615.10439485193,663.06842443398,2769.2029863319,2880.7402571747
48.46,-128.7,0.59159386,729,615.10439485193,663.06842443398,2769.2029863319,2880.7402571747
48.46,-128.7,0.59159386,994,615.10439485193,663.06842443398,2769.2029863319,2880.7402571747
48.46,-128.7,0.59159386,1663,615.10439485193,663.06842443398,2769.2029863319,2880.7402571747
48.46,-128.71,0.59159386,2653,615.10439485193,663.06842443398,2769.2029863319,2880.7402571747
48.46,-128.71,0.59159386,4439,615.10439485193,663.06842443398,2769.2029863319,2880.7402571747
48.46,-128.71,0.59159386,1898,615.10439485193,663.06842443398,2769.2029863319,2880.7402571747
48.46,-128.71,0.59159386,1099,615.10439485193,663.06842443398,2769.2029863319,2880.7402571747
48.46,-128.72,0.59159386,904,615.10439485193,663.06842443398,2769.2029863319,2880.7402571747
48.47,-128.72,0.59159386,832,615.10439485193,663.06842443398,2769.2029863319,2880.7402571747
48.47,-128.72,0.59159386,800,615.10439485193,663.06842443398,2769.2029863319,2880.7402571747
48.47,-128.71,0.59159386,862,615.10439485193,663.06842443398,2769.2029863319,2880.7402571747
48.47,-128.71,0.59159386,923,615.10439485193,663.06842443398,2769.2029863319,2880.7402571747
48.47,-128.71,0.59159386,1049,615.10439485193,663.06842443398,2769.2029863319,2880.7402571747
48.47,-128.71,0.59159386,1181,615.10439485193,663.06842443398,2769.2029863319,2880.7402571747
48.48,-128.7,0.59159386,1052,615.10439485193,663.06842443398,2769.2029863319,2880.7402571747
48.48,-128.7,0.59159386,851,615.10439485193,663.06842443398,2769.2029863319,2880.7402571747
48.48,-128.7,0.59159386,791,615.10439485193,663.06842443398,2769.2029863319,2880.7402571747
48.48,-128.69,0.59159386,609,615.10439485193,663.06842443398,2769.2029863319,2880.7402571747
48.48,-128.68,0.59159386,421,615.10439485193,663.06842443398,2769.2029863319,2880.7402571747
48.48,-128.67,0.59159386,427,615.10439485193,663.06842443398,2769.2029863319,2880.7402571747
48.48,-128.67,0.59159386,390,615.10439485193,663.06842443398,2769.2029863319,2880.7402571747
48.47,-128.73,0.59159386,618,615.10439485193,663.06842443398,2769.2029863319,2880.7402571747
48.47,-128.73,0.59159386,606,615.10439485193,663.06842443398,2769.2029863319,2880.7402571747
48.47,-128.73,0.59159386,679,615.10439485193,663.06842443398,2769.2029863319,2880.7402571747
48.47,-128.73,0.59159386,872,615.10439485193,663.06842443398,2769.2029863319,2880.7402571747
48.46,-128.72,0.59159386,918,615.10439485193,663.06842443398,2769.2029863319,2880.7402571747
48.46,-128.72,0.59159386,1511,615.10439485193,663.06842443398,2769.2029863319,2880.7402571747
48.46,-128.71,0.59159386,4559,615.10439485193,663.06842443398,2769.2029863319,2880.7402571747
48.46,-128.71,0.59159386,3022,615.10439485193,663.06842443398,2769.2029863319,2880.7402571747
48.46,-128.71,0.59159386,1926,615.10439485193,663.06842443398,2769.2029863319,2880.7402571747
48.46,-128.71,0.59159386,1742,615.10439485193,663.06842443398,2769.2029863319,2880.7402571747
48.46,-128.71,0.59159386,1813,615.10439485193,663.06842443398,2769.2029863319,2880.7402571747
48.46,-128.71,0.59159386,2029,615.10439485193,663.06842443398,2769.2029863319,2880.7402571747
48.46,-128.71,0.59159386,2031,615.10439485193,663.06842443398,2769.2029863319,2880.7402571747
48.46,-128.71,0.59159386,1815,615.10439485193,663.06842443398,2769.2029863319,2880.7402571747
48.46,-128.71,0.59159386,1644,615.10439485193,663.06842443398,2769.2029863319,2880.7402571747
48.46,-128.71,0.59159386,1498,615.10439485193,663.06842443398,2769.2029863319,2880.7402571747
48.47,-128.71,0.59159386,1317,615.10439485193,663.06842443398,2769.2029863319,2880.7402571747
48.47,-128.71,0.59159386,1236,615.10439485193,663.06842443398,2769.2029863319,2880.7402571747
48.47,-128.71,0.59159386,1076,615.10439485193,663.06842443398,2769.2029863319,2880.7402571747
48.48,-128.68,0.59159386,418,615.10439485193,663.06842443398,2769.2029863319,2880.7402571747
48.48,-128.67,0.59159386,413,615.10439485193,663.06842443398,2769.2029863319,2880.7402571747
48.47,-128.68,0.59159386,406,615.10439485193,663.06842443398,2769.2029863319,2880.7402571747
48.47,-128.68,0.59159386,409,615.10439485193,663.06842443398,2769.2029863319,2880.7402571747
48.47,-128.68,0.59159386,412,615.10439485193,663.06842443398,2769.2029863319,2880.7402571747
48.47,-128.68,0.59159386,418,615.10439485193,663.06842443398,2769.2029863319,2880.7402571747
48.46,-128.68,0.59159386,420,615.10439485193,663.06842443398,2769.2029863319,2880.7402571747
48.46,-128.68,0.59159386,418,615.10439485193,663.06842443398,2769.2029863319,2880.7402571747
48.45,-128.68,0.59159386,433,615.10439485193,663.06842443398,2769.2029863319,2880.7402571747
48.45,-128.68,0.59159386,424,615.10439485193,663.06842443398,2769.2029863319,2880.7402571747
48.45,-128.68,0.59159386,362,615.10439485193,663.06842443398,2769.2029863319,2880.7402571747
48.44,-128.68,0.79336768,187,531.15760845266,572.57571480629,2811.7491632707,2925.1098416966
48.44,-128.68,0.79336768,509,531.15760845266,572.57571480629,2811.7491632707,2925.1098416966
48.44,-128.68,0.79336768,539,531.15760845266,572.57571480629,2811.7491632707,2925.1098416966
48.44,-128.68,0.79336768,584,531.15760845266,572.57571480629,2811.7491632707,2925.1098416966
48.44,-128.68,0.79336768,684,531.15760845266,572.57571480629,2811.7491632707,2925.1098416966
48.44,-128.68,0.79336768,632,531.15760845266,572.57571480629,2811.7491632707,2925.1098416966
48.44,-128.68,0.79336768,965,531.15760845266,572.57571480629,2811.7491632707,2925.1098416966
48.44,-128.68,0.79336768,764,531.15760845266,572.57571480629,2811.7491632707,2925.1098416966
48.43,-128.68,0.79336768,4907,531.15760845266,572.57571480629,2811.7491632707,2925.1098416966
48.43,-128.68,0.79336768,3646,531.15760845266,572.57571480629,2811.7491632707,2925.1098416966
48.43,-128.68,0.79336768,1484,531.15760845266,572.57571480629,2811.7491632707,2925.1098416966
48.42,-128.68,0.79336768,842,531.15760845266,572.57571480629,2811.7491632707,2925.1098416966
48.42,-128.68,0.79336768,600,531.15760845266,572.57571480629,2811.7491632707,2925.1098416966
48.41,-128.68,0.79336768,529,531.15760845266,572.57571480629,2811.7491632707,2925.1098416966
48.41,-128.68,0.79336768,307,531.15760845266,572.57571480629,2811.7491632707,2925.1098416966
48.4,-128.68,0.79336768,484,531.15760845266,572.57571480629,2811.7491632707,2925.1098416966
48.4,-128.68,0.79336768,298,531.15760845266,572.57571480629,2811.7491632707,2925.1098416966
48.4,-128.68,0.79336768,311,531.15760845266,572.57571480629,2811.7491632707,2925.1098416966
48.39,-128.68,0.79336768,270,531.15760845266,572.57571480629,2811.7491632707,2925.1098416966
48.38,-128.68,0.79336768,1405,531.15760845266,572.57571480629,2811.7491632707,2925.1098416966
48.38,-128.68,0.79336768,606,531.15760845266,572.57571480629,2811.7491632707,2925.1098416966
48.42,-128.72,0.79336768,901,531.15760845266,572.57571480629,2811.7491632707,2925.1098416966
48.42,-128.71,0.79336768,757,531.15760845266,572.57571480629,2811.7491632707,2925.1098416966
48.42,-128.71,0.79336768,658,531.15760845266,572.57571480629,2811.7491632707,2925.1098416966
48.43,-128.7,0.79336768,641,531.15760845266,572.57571480629,2811.7491632707,2925.1098416966
48.43,-128.69,0.79336768,663,531.15760845266,572.57571480629,2811.7491632707,2925.1098416966
48.43,-128.69,0.79336768,885,531.15760845266,572.57571480629,2811.7491632707,2925.1098416966
48.44,-128.69,0.79336768,1062,531.15760845266,572.57571480629,2811.7491632707,2925.1098416966
48.44,-128.68,0.79336768,368,531.15760845266,572.57571480629,2811.7491632707,2925.1098416966
48.45,-128.67,0.59159386,393,615.10439485193,663.06842443398,2769.2029863319,2880.7402571747
48.46,-128.66,0.59159386,323,615.10439485193,663.06842443398,2769.2029863319,2880.7402571747
48.44,-128.67,0.79336768,469,531.15760845266,572.57571480629,2811.7491632707,2925.1098416966
48.44,-128.67,0.79336768,460,531.15760845266,572.57571480629,2811.7491632707,2925.1098416966
48.45,-128.67,0.59159386,433,615.10439485193,663.06842443398,2769.2029863319,2880.7402571747
48.45,-128.66,0.59159386,404,615.10439485193,663.06842443398,2769.2029863319,2880.7402571747
48.45,-128.66,0.59159386,391,615.10439485193,663.06842443398,2769.2029863319,2880.7402571747
48.44,-128.66,0.79336768,407,531.15760845266,572.57571480629,2811.7491632707,2925.1098416966
48.44,-128.66,0.79336768,409,531.15760845266,572.57571480629,2811.7491632707,2925.1098416966
48.43,-128.66,0.79336768,432,531.15760845266,572.57571480629,2811.7491632707,2925.1098416966
48.43,-128.66,0.79336768,462,531.15760845266,572.57571480629,2811.7491632707,2925.1098416966
48.43,-128.66,0.79336768,276,531.15760845266,572.57571480629,2811.7491632707,2925.1098416966
48.43,-128.66,0.79336768,505,531.15760845266,572.57571480629,2811.7491632707,2925.1098416966
48.42,-128.66,0.79336768,491,531.15760845266,572.57571480629,2811.7491632707,2925.1098416966
48.42,-128.67,0.79336768,485,531.15760845266,572.57571480629,2811.7491632707,2925.1098416966
48.41,-128.67,0.79336768,454,531.15760845266,572.57571480629,2811.7491632707,2925.1098416966
48.41,-128.67,0.79336768,248,531.15760845266,572.57571480629,2811.7491632707,2925.1098416966
48.4,-128.67,0.79336768,451,531.15760845266,572.57571480629,2811.7491632707,2925.1098416966
48.4,-128.66,0.79336768,321,531.15760845266,572.57571480629,2811.7491632707,2925.1098416966
48.4,-128.66,0.79336768,526,531.15760845266,572.57571480629,2811.7491632707,2925.1098416966
48.41,-128.65,0.79336768,414,531.15760845266,572.57571480629,2811.7491632707,2925.1098416966
48.4,-128.64,1.033847,433,465.29943271476,501.58211243877,2855.8739348421,2971.1256749068
48.4,-128.64,1.033847,486,465.29943271476,501.58211243877,2855.8739348421,2971.1256749068
48.4,-128.64,1.033847,583,465.29943271476,501.58211243877,2855.8739348421,2971.1256749068
48.49,-128.63,0.8665905,1239,508.22227635983,547.85195304821,2825.8179495516,2939.7815759609
48.49,-128.63,0.8665905,1207,508.22227635983,547.85195304821,2825.8179495516,2939.7815759609
48.49,-128.63,0.8665905,1262,508.22227635983,547.85195304821,2825.8179495516,2939.7815759609
48.49,-128.64,0.8665905,507,508.22227635983,547.85195304821,2825.8179495516,2939.7815759609
48.48,-128.64,0.8665905,508,508.22227635983,547.85195304821,2825.8179495516,2939.7815759609
48.48,-128.64,0.8665905,494,508.22227635983,547.85195304821,2825.8179495516,2939.7815759609
48.48,-128.64,0.8665905,478,508.22227635983,547.85195304821,2825.8179495516,2939.7815759609
48.48,-128.64,0.8665905,449,508.22227635983,547.85195304821,2825.8179495516,2939.7815759609
48.48,-128.64,0.8665905,535,508.22227635983,547.85195304821,2825.8179495516,2939.7815759609
48.47,-128.64,0.8665905,493,508.22227635983,547.85195304821,2825.8179495516,2939.7815759609
48.47,-128.64,0.8665905,552,508.22227635983,547.85195304821,2825.8179495516,2939.7815759609
48.47,-128.64,0.8665905,685,508.22227635983,547.85195304821,2825.8179495516,2939.7815759609
48.46,-128.64,0.8665905,962,508.22227635983,547.85195304821,2825.8179495516,2939.7815759609
48.46,-128.64,0.8665905,6555,508.22227635983,547.85195304821,2825.8179495516,2939.7815759609
48.46,-128.64,0.8665905,1294,508.22227635983,547.85195304821,2825.8179495516,2939.7815759609
48.45,-128.64,0.8665905,542,508.22227635983,547.85195304821,2825.8179495516,2939.7815759609
48.45,-128.64,0.8665905,503,508.22227635983,547.85195304821,2825.8179495516,2939.7815759609
48.45,-128.64,0.8665905,480,508.22227635983,547.85195304821,2825.8179495516,2939.7815759609
48.44,-128.64,1.033847,479,465.29943271476,501.58211243877,2855.8739348421,2971.1256749068
48.44,-128.64,1.033847,504,465.29943271476,501.58211243877,2855.8739348421,2971.1256749068
48.44,-128.64,1.033847,475,465.29943271476,501.58211243877,2855.8739348421,2971.1256749068
48.44,-128.65,0.79336768,467,531.15760845266,572.57571480629,2811.7491632707,2925.1098416966
48.44,-128.65,0.79336768,480,531.15760845266,572.57571480629,2811.7491632707,2925.1098416966
48.43,-128.65,0.79336768,469,531.15760845266,572.57571480629,2811.7491632707,2925.1098416966
48.43,-128.65,0.79336768,469,531.15760845266,572.57571480629,2811.7491632707,2925.1098416966
48.43,-128.65,0.79336768,565,531.15760845266,572.57571480629,2811.7491632707,2925.1098416966
48.43,-128.65,0.79336768,644,531.15760845266,572.57571480629,2811.7491632707,2925.1098416966
48.42,-128.65,0.79336768,742,531.15760845266,572.57571480629,2811.7491632707,2925.1098416966
48.42,-128.65,0.79336768,712,531.15760845266,572.57571480629,2811.7491632707,2925.1098416966
48.42,-128.65,0.79336768,661,531.15760845266,572.57571480629,2811.7491632707,2925.1098416966
48.42,-128.65,0.79336768,605,531.15760845266,572.57571480629,2811.7491632707,2925.1098416966
48.41,-128.65,0.79336768,518,531.15760845266,572.57571480629,2811.7491632707,2925.1098416966
48.41,-128.66,0.79336768,566,531.15760845266,572.57571480629,2811.7491632707,2925.1098416966
48.41,-128.66,0.79336768,298,531.15760845266,572.57571480629,2811.7491632707,2925.1098416966
48.41,-128.66,0.79336768,496,531.15760845266,572.57571480629,2811.7491632707,2925.1098416966
48.43,-128.69,0.79336768,810,531.15760845266,572.57571480629,2811.7491632707,2925.1098416966
48.43,-128.69,0.79336768,907,531.15760845266,572.57571480629,2811.7491632707,2925.1098416966
48.43,-128.69,0.79336768,1134,531.15760845266,572.57571480629,2811.7491632707,2925.1098416966
48.43,-128.69,0.79336768,1648,531.15760845266,572.57571480629,2811.7491632707,2925.1098416966
48.43,-128.68,0.79336768,3092,531.15760845266,572.57571480629,2811.7491632707,2925.1098416966
48.43,-128.68,0.79336768,4714,531.15760845266,572.57571480629,2811.7491632707,2925.1098416966
48.43,-128.68,0.79336768,1872,531.15760845266,572.57571480629,2811.7491632707,2925.1098416966
48.43,-128.67,0.79336768,1072,531.15760845266,572.57571480629,2811.7491632707,2925.1098416966
48.43,-128.66,0.79336768,551,531.15760845266,572.57571480629,2811.7491632707,2925.1098416966
48.43,-128.66,0.79336768,502,531.15760845266,572.57571480629,2811.7491632707,2925.1098416966
48.42,-128.65,0.79336768,420,531.15760845266,572.57571480629,2811.7491632707,2925.1098416966
48.42,-128.65,0.79336768,305,531.15760845266,572.57571480629,2811.7491632707,2925.1098416966
48.42,-128.59,1.033847,401,465.29943271476,501.58211243877,2855.8739348421,2971.1256749068
48.42,-128.6,1.033847,407,465.29943271476,501.58211243877,2855.8739348421,2971.1256749068
48.42,-128.6,1.033847,429,465.29943271476,501.58211243877,2855.8739348421,2971.1256749068
48.42,-128.6,1.033847,460,465.29943271476,501.58211243877,2855.8739348421,2971.1256749068
48.42,-128.61,1.033847,463,465.29943271476,501.58211243877,2855.8739348421,2971.1256749068
48.42,-128.61,1.033847,416,465.29943271476,501.58211243877,2855.8739348421,2971.1256749068
48.42,-128.62,1.033847,432,465.29943271476,501.58211243877,2855.8739348421,2971.1256749068
48.42,-128.62,1.033847,589,465.29943271476,501.58211243877,2855.8739348421,2971.1256749068
48.42,-128.63,1.033847,458,465.29943271476,501.58211243877,2855.8739348421,2971.1256749068
48.42,-128.63,1.033847,506,465.29943271476,501.58211243877,2855.8739348421,2971.1256749068
48.42,-128.63,1.033847,461,465.29943271476,501.58211243877,2855.8739348421,2971.1256749068
48.42,-128.63,1.033847,451,465.29943271476,501.58211243877,2855.8739348421,2971.1256749068
48.42,-128.64,1.033847,450,465.29943271476,501.58211243877,2855.8739348421,2971.1256749068
48.42,-128.64,1.033847,411,465.29943271476,501.58211243877,2855.8739348421,2971.1256749068
48.42,-128.64,1.033847,354,465.29943271476,501.58211243877,2855.8739348421,2971.1256749068
48.42,-128.64,1.033847,365,465.29943271476,501.58211243877,2855.8739348421,2971.1256749068
48.42,-128.65,0.79336768,276,531.15760845266,572.57571480629,2811.7491632707,2925.1098416966
48.42,-128.65,0.79336768,656,531.15760845266,572.57571480629,2811.7491632707,2925.1098416966
48.42,-128.65,0.79336768,355,531.15760845266,572.57571480629,2811.7491632707,2925.1098416966
48.42,-128.65,0.79336768,558,531.15760845266,572.57571480629,2811.7491632707,2925.1098416966
48.42,-128.66,0.79336768,513,531.15760845266,572.57571480629,2811.7491632707,2925.1098416966
48.42,-128.66,0.79336768,484,531.15760845266,572.57571480629,2811.7491632707,2925.1098416966
48.42,-128.67,0.79336768,471,531.15760845266,572.57571480629,2811.7491632707,2925.1098416966
48.42,-128.67,0.79336768,520,531.15760845266,572.57571480629,2811.7491632707,2925.1098416966
48.42,-128.67,0.79336768,585,531.15760845266,572.57571480629,2811.7491632707,2925.1098416966
48.42,-128.68,0.79336768,309,531.15760845266,572.57571480629,2811.7491632707,2925.1098416966
48.42,-128.68,0.79336768,926,531.15760845266,572.57571480629,2811.7491632707,2925.1098416966
48.43,-128.68,0.79336768,1285,531.15760845266,572.57571480629,2811.7491632707,2925.1098416966
48.43,-128.68,0.79336768,1677,531.15760845266,572.57571480629,2811.7491632707,2925.1098416966
48.43,-128.68,0.79336768,1877,531.15760845266,572.57571480629,2811.7491632707,2925.1098416966
48.43,-128.68,0.79336768,3484,531.15760845266,572.57571480629,2811.7491632707,2925.1098416966
48.43,-128.68,0.79336768,4183,531.15760845266,572.57571480629,2811.7491632707,2925.1098416966
48.43,-128.68,0.79336768,979,531.15760845266,572.57571480629,2811.7491632707,2925.1098416966
48.44,-128.69,0.79336768,845,531.15760845266,572.57571480629,2811.7491632707,2925.1098416966
48.44,-128.69,0.79336768,652,531.15760845266,572.57571480629,2811.7491632707,2925.1098416966
48.44,-128.69,0.79336768,588,531.15760845266,572.57571480629,2811.7491632707,2925.1098416966
48.44,-128.7,0.79336768,584,531.15760845266,572.57571480629,2811.7491632707,2925.1098416966
48.44,-128.7,0.79336768,629,531.15760845266,572.57571480629,2811.7491632707,2925.1098416966
48.44,-128.7,0.79336768,699,531.15760845266,572.57571480629,2811.7491632707,2925.1098416966
48.44,-128.71,0.79336768,819,531.15760845266,572.57571480629,2811.7491632707,2925.1098416966
48.44,-128.71,0.79336768,1037,531.15760845266,572.57571480629,2811.7491632707,2925.1098416966
48.44,-128.71,0.79336768,999,531.15760845266,572.57571480629,2811.7491632707,2925.1098416966
48.44,-128.72,0.79336768,934,531.15760845266,572.57571480629,2811.7491632707,2925.1098416966
48.45,-128.71,0.59159386,882,615.10439485193,663.06842443398,2769.2029863319,2880.7402571747
48.45,-128.71,0.59159386,1001,615.10439485193,663.06842443398,2769.2029863319,2880.7402571747
48.45,-128.71,0.59159386,1113,615.10439485193,663.06842443398,2769.2029863319,2880.7402571747
48.45,-128.71,0.59159386,1716,615.10439485193,663.06842443398,2769.2029863319,2880.7402571747
48.46,-128.71,0.59159386,5393,615.10439485193,663.06842443398,2769.2029863319,2880.7402571747
48.46,-128.71,0.59159386,1866,615.10439485193,663.06842443398,2769.2029863319,2880.7402571747
48.46,-128.71,0.59159386,1292,615.10439485193,663.06842443398,2769.2029863319,2880.7402571747
48.47,-128.71,0.59159386,1477,615.10439485193,663.06842443398,2769.2029863319,2880.7402571747
48.47,-128.7,0.59159386,1708,615.10439485193,663.06842443398,2769.2029863319,2880.7402571747
48.47,-128.7,0.59159386,1293,615.10439485193,663.06842443398,2769.2029863319,2880.7402571747
48.48,-128.7,0.59159386,1088,615.10439485193,663.06842443398,2769.2029863319,2880.7402571747
48.47,-128.66,0.59159386,160,615.10439485193,663.06842443398,2769.2029863319,2880.7402571747
48.47,-128.66,0.59159386,371,615.10439485193,663.06842443398,2769.2029863319,2880.7402571747
48.47,-128.66,0.59159386,379,615.10439485193,663.06842443398,2769.2029863319,2880.7402571747
48.46,-128.65,0.59159386,443,615.10439485193,663.06842443398,2769.2029863319,2880.7402571747
48.46,-128.65,0.59159386,519,615.10439485193,663.06842443398,2769.2029863319,2880.7402571747
48.46,-128.65,0.59159386,697,615.10439485193,663.06842443398,2769.2029863319,2880.7402571747
48.46,-128.64,0.8665905,1127,508.22227635983,547.85195304821,2825.8179495516,2939.7815759609
48.46,-128.64,0.8665905,2489,508.22227635983,547.85195304821,2825.8179495516,2939.7815759609
48.46,-128.64,0.8665905,2421,508.22227635983,547.85195304821,2825.8179495516,2939.7815759609
48.46,-128.63,0.8665905,402,508.22227635983,547.85195304821,2825.8179495516,2939.7815759609
48.46,-128.63,0.8665905,371,508.22227635983,547.85195304821,2825.8179495516,2939.7815759609
48.46,-128.62,0.8665905,421,508.22227635983,547.85195304821,2825.8179495516,2939.7815759609
48.46,-128.62,0.8665905,472,508.22227635983,547.85195304821,2825.8179495516,2939.7815759609
48.46,-128.62,0.8665905,653,508.22227635983,547.85195304821,2825.8179495516,2939.7815759609
48.46,-128.61,0.8665905,1444,508.22227635983,547.85195304821,2825.8179495516,2939.7815759609
48.46,-128.61,0.8665905,1460,508.22227635983,547.85195304821,2825.8179495516,2939.7815759609
48.45,-128.61,0.8665905,541,508.22227635983,547.85195304821,2825.8179495516,2939.7815759609
48.45,-128.6,0.8665905,433,508.22227635983,547.85195304821,2825.8179495516,2939.7815759609
48.45,-128.6,0.8665905,417,508.22227635983,547.85195304821,2825.8179495516,2939.7815759609
48.45,-128.59,0.8665905,460,508.22227635983,547.85195304821,2825.8179495516,2939.7815759609
48.45,-128.59,0.8665905,433,508.22227635983,547.85195304821,2825.8179495516,2939.7815759609
48.46,-128.63,0.8665905,536,508.22227635983,547.85195304821,2825.8179495516,2939.7815759609
48.46,-128.63,0.8665905,617,508.22227635983,547.85195304821,2825.8179495516,2939.7815759609
48.46,-128.63,0.8665905,1162,508.22227635983,547.85195304821,2825.8179495516,2939.7815759609
48.46,-128.63,0.8665905,817,508.22227635983,547.85195304821,2825.8179495516,2939.7815759609
48.46,-128.64,0.8665905,860,508.22227635983,547.85195304821,2825.8179495516,2939.7815759609
48.46,-128.64,0.8665905,706,508.22227635983,547.85195304821,2825.8179495516,2939.7815759609
48.46,-128.64,0.8665905,806,508.22227635983,547.85195304821,2825.8179495516,2939.7815759609
48.46,-128.64,0.8665905,650,508.22227635983,547.85195304821,2825.8179495516,2939.7815759609
48.46,-128.65,0.59159386,476,615.10439485193,663.06842443398,2769.2029863319,2880.7402571747
48.46,-128.66,0.59159386,323,615.10439485193,663.06842443398,2769.2029863319,2880.7402571747
48.46,-128.66,0.59159386,282,615.10439485193,663.06842443398,2769.2029863319,2880.7402571747
48.46,-128.67,0.59159386,295,615.10439485193,663.06842443398,2769.2029863319,2880.7402571747
48.46,-128.67,0.59159386,323,615.10439485193,663.06842443398,2769.2029863319,2880.7402571747
48.46,-128.68,0.59159386,338,615.10439485193,663.06842443398,2769.2029863319,2880.7402571747
48.46,-128.68,0.59159386,373,615.10439485193,663.06842443398,2769.2029863319,2880.7402571747
48.46,-128.69,0.59159386,405,615.10439485193,663.06842443398,2769.2029863319,2880.7402571747
48.46,-128.7,0.59159386,496,615.10439485193,663.06842443398,2769.2029863319,2880.7402571747
48.46,-128.7,0.59159386,1247,615.10439485193,663.06842443398,2769.2029863319,2880.7402571747
48.46,-128.71,0.59159386,113,615.10439485193,663.06842443398,2769.2029863319,2880.7402571747
48.46,-128.71,0.59159386,2440,615.10439485193,663.06842443398,2769.2029863319,2880.7402571747
48.46,-128.71,0.59159386,6280,615.10439485193,663.06842443398,2769.2029863319,2880.7402571747
48.46,-128.71,0.59159386,3479,615.10439485193,663.06842443398,2769.2029863319,2880.7402571747
48.46,-128.71,0.59159386,39,615.10439485193,663.06842443398,2769.2029863319,2880.7402571747
48.46,-128.71,0.59159386,7932,615.10439485193,663.06842443398,2769.2029863319,2880.7402571747
48.46,-128.71,0.59159386,2282,615.10439485193,663.06842443398,2769.2029863319,2880.7402571747
48.46,-128.72,0.59159386,1228,615.10439485193,663.06842443398,2769.2029863319,2880.7402571747
48.46,-128.72,0.59159386,1209,615.10439485193,663.06842443398,2769.2029863319,2880.7402571747
48.46,-128.72,0.59159386,1318,615.10439485193,663.06842443398,2769.2029863319,2880.7402571747
48.46,-128.72,0.59159386,1033,615.10439485193,663.06842443398,2769.2029863319,2880.7402571747
48.46,-128.72,0.59159386,1155,615.10439485193,663.06842443398,2769.2029863319,2880.7402571747
48.46,-128.72,0.59159386,1306,615.10439485193,663.06842443398,2769.2029863319,2880.7402571747
48.46,-128.71,0.59159386,1538,615.10439485193,663.06842443398,2769.2029863319,2880.7402571747
48.46,-128.71,0.59159386,6788,615.10439485193,663.06842443398,2769.2029863319,2880.7402571747
48.46,-128.71,0.59159386,2142,615.10439485193,663.06842443398,2769.2029863319,2880.7402571747
48.46,-128.71,0.59159386,1643,615.10439485193,663.06842443398,2769.2029863319,2880.7402571747
48.46,-128.7,0.59159386,1029,615.10439485193,663.06842443398,2769.2029863319,2880.7402571747
48.46,-128.71,0.59159386,1300,615.10439485193,663.06842443398,2769.2029863319,2880.7402571747
48.46,-128.71,0.59159386,4818,615.10439485193,663.06842443398,2769.2029863319,2880.7402571747
48.46,-128.71,0.59159386,7599,615.10439485193,663.06842443398,2769.2029863319,2880.7402571747
48.46,-128.71,0.59159386,4106,615.10439485193,663.06842443398,2769.2029863319,2880.7402571747
48.46,-128.71,0.59159386,1505,615.10439485193,663.06842443398,2769.2029863319,2880.7402571747
48.46,-128.72,0.59159386,1240,615.10439485193,663.06842443398,2769.2029863319,2880.7402571747
48.46,-128.71,0.59159386,1484,615.10439485193,663.06842443398,2769.2029863319,2880.7402571747
48.46,-128.71,0.59159386,1916,615.10439485193,663.06842443398,2769.2029863319,2880.7402571747
48.46,-128.71,0.59159386,4434,615.10439485193,663.06842443398,2769.2029863319,2880.7402571747
48.46,-128.71,0.59159386,5963,615.10439485193,663.06842443398,2769.2029863319,2880.7402571747
48.46,-128.71,0.59159386,2371,615.10439485193,663.06842443398,2769.2029863319,2880.7402571747
48.46,-128.71,0.59159386,1615,615.10439485193,663.06842443398,2769.2029863319,2880.7402571747
48.4633,-128.6767,0.59159386,347.77,615.10439485193,663.06842443398,2769.2029863319,2880.7402571747
48.4583,-128.6167,0.8665905,457.548,508.22227635983,547.85195304821,2825.8179495516,2939.7815759609
48.4583,-128.6133,0.8665905,1358.817,508.22227635983,547.85195304821,2825.8179495516,2939.7815759609
48.4583,-128.5833,0.8665905,395.955,508.22227635983,547.85195304821,2825.8179495516,2939.7815759609
48.4583,-128.575,0.8665905,155.03,508.22227635983,547.85195304821,2825.8179495516,2939.7815759609
48.46,-128.5667,0.8665905,333.105,508.22227635983,547.85195304821,2825.8179495516,2939.7815759609
48.46,-128.55,0.8665905,145.393,508.22227635983,547.85195304821,2825.8179495516,2939.7815759609
48.46,-128.5467,1.1157724,155.03,447.89153219187,482.81679508935,2869.7054489726,2985.5499682142
48.4617,-128.5367,1.1157724,133.661,447.89153219187,482.81679508935,2869.7054489726,2985.5499682142
48.4617,-128.5283,1.1157724,232.964,447.89153219187,482.81679508935,2869.7054489726,2985.5499682142
48.4633,-128.6683,0.59159386,169.695,615.10439485193,663.06842443398,2769.2029863319,2880.7402571747
48.4633,-128.505,1.1157724,173.466,447.89153219187,482.81679508935,2869.7054489726,2985.5499682142
48.4633,-128.4983,1.1157724,334.362,447.89153219187,482.81679508935,2869.7054489726,2985.5499682142
48.4633,-128.49,1.1157724,389.251,447.89153219187,482.81679508935,2869.7054489726,2985.5499682142
48.4633,-128.485,1.1157724,136.594,447.89153219187,482.81679508935,2869.7054489726,2985.5499682142
48.4633,-128.48,1.1157724,144.555,447.89153219187,482.81679508935,2869.7054489726,2985.5499682142
48.4633,-128.4767,1.1157724,154.192,447.89153219187,482.81679508935,2869.7054489726,2985.5499682142
48.4633,-128.4733,1.1157724,183.941,447.89153219187,482.81679508935,2869.7054489726,2985.5499682142
48.465,-128.4667,1.1157724,183.941,447.89153219187,482.81679508935,2869.7054489726,2985.5499682142
48.4633,-128.6633,0.59159386,185.198,615.10439485193,663.06842443398,2769.2029863319,2880.7402571747
48.465,-128.46,1.1157724,338.133,447.89153219187,482.81679508935,2869.7054489726,2985.5499682142
48.4617,-128.6567,0.59159386,376.681,615.10439485193,663.06842443398,2769.2029863319,2880.7402571747
48.4617,-128.6533,0.59159386,229.193,615.10439485193,663.06842443398,2769.2029863319,2880.7402571747
48.4617,-128.6467,0.8665905,526.264,508.22227635983,547.85195304821,2825.8179495516,2939.7815759609
48.46,-128.64,0.8665905,511.599,508.22227635983,547.85195304821,2825.8179495516,2939.7815759609
48.46,-128.6317,0.8665905,209.081,508.22227635983,547.85195304821,2825.8179495516,2939.7815759609
48.46,-128.625,0.8665905,303.356,508.22227635983,547.85195304821,2825.8179495516,2939.7815759609
48.0167,-129.2017,0.28132188,25,891.98777747395,961.54235797064,2685.639247736,2793.5952154961
48.0167,-129.2017,0.28132188,204,891.98777747395,961.54235797064,2685.639247736,2793.5952154961
48.0167,-129.2017,0.28132188,202,891.98777747395,961.54235797064,2685.639247736,2793.5952154961
48.0167,-129.2017,0.28132188,348,891.98777747395,961.54235797064,2685.639247736,2793.5952154961
48.0167,-129.2017,0.28132188,355,891.98777747395,961.54235797064,2685.639247736,2793.5952154961
48.0067,-129.1617,0.28132188,335,891.98777747395,961.54235797064,2685.639247736,2793.5952154961
48.0067,-129.1617,0.28132188,383,891.98777747395,961.54235797064,2685.639247736,2793.5952154961
48.0067,-129.1617,0.28132188,1675,891.98777747395,961.54235797064,2685.639247736,2793.5952154961
48,-129.15,0.28132188,302,891.98777747395,961.54235797064,2685.639247736,2793.5952154961
48,-129.15,0.28132188,354,891.98777747395,961.54235797064,2685.639247736,2793.5952154961
48,-129.15,0.28132188,314,891.98777747395,961.54235797064,2685.639247736,2793.5952154961
48,-129.15,0.28132188,177,891.98777747395,961.54235797064,2685.639247736,2793.5952154961
48,-129.15,0.28132188,115,891.98777747395,961.54235797064,2685.639247736,2793.5952154961
48,-129.15,0.28132188,225,891.98777747395,961.54235797064,2685.639247736,2793.5952154961
47.99,-129.26,0.55420947,252,635.5119008556,685.06724766746,2760.5583621283,2871.7251490767
47.99,-129.26,0.55420947,797,635.5119008556,685.06724766746,2760.5583621283,2871.7251490767
47.99,-129.26,0.55420947,363,635.5119008556,685.06724766746,2760.5583621283,2871.7251490767
47.99,-129.26,0.55420947,239,635.5119008556,685.06724766746,2760.5583621283,2871.7251490767
48,-129.3,0.55420947,270,635.5119008556,685.06724766746,2760.5583621283,2871.7251490767
48,-129.3,0.55420947,442,635.5119008556,685.06724766746,2760.5583621283,2871.7251490767
48,-129.3,0.55420947,516,635.5119008556,685.06724766746,2760.5583621283,2871.7251490767
48.05,-129.38,0.81750041,179,523.25895483361,564.06114743501,2816.4550524561,2930.0174118471
48.05,-129.38,0.81750041,337,523.25895483361,564.06114743501,2816.4550524561,2930.0174118471
48.0067,-129.1617,0.28132188,705,891.98777747395,961.54235797064,2685.639247736,2793.5952154961
47.9473,-129.099,0.008896538,1789.8,5015.9146722461,5407.0409294054,2533.0125113404,2634.427333255
47.9478,-129.097,0.008896538,42.4,5015.9146722461,5407.0409294054,2533.0125113404,2634.427333255
47.9475,-129.097,0.008896538,53,5015.9146722461,5407.0409294054,2533.0125113404,2634.427333255
47.951,-129.095,0.02951305,95.3,2753.9345346423,2968.6782409012,2560.127769167,2662.7046735599
47.9463,-129.097,0.008896538,275.4,5015.9146722461,5407.0409294054,2533.0125113404,2634.427333255
47.9473,-129.098,0.008896538,16244.8,5015.9146722461,5407.0409294054,2533.0125113404,2634.427333255
47.9473,-129.097,0.008896538,262.1,5015.9146722461,5407.0409294054,2533.0125113404,2634.427333255
47.9474,-129.095,0.008896538,217.1,5015.9146722461,5407.0409294054,2533.0125113404,2634.427333255
47.9473,-129.094,0.008896538,264.8,5015.9146722461,5407.0409294054,2533.0125113404,2634.427333255
47.9475,-129.1,0.008896538,211.8,5015.9146722461,5407.0409294054,2533.0125113404,2634.427333255
47.9477,-129.091,0.008896538,206.5,5015.9146722461,5407.0409294054,2533.0125113404,2634.427333255
47.9524,-129.1,0.02951305,502,2753.9345346423,2968.6782409012,2560.127769167,2662.7046735599
47.9467,-129.097,0.008896538,95.3,5015.9146722461,5407.0409294054,2533.0125113404,2634.427333255
47.9522,-129.092,0.02951305,57.2,2753.9345346423,2968.6782409012,2560.127769167,2662.7046735599
47.9523,-129.09,0.02951305,-38.1,2753.9345346423,2968.6782409012,2560.127769167,2662.7046735599
47.9504,-129.097,0.02951305,-6.4,2753.9345346423,2968.6782409012,2560.127769167,2662.7046735599
47.9523,-129.081,0.02951305,688.4,2753.9345346423,2968.6782409012,2560.127769167,2662.7046735599
47.9478,-129.096,0.008896538,-31.8,5015.9146722461,5407.0409294054,2533.0125113404,2634.427333255
47.9486,-129.099,0.008896538,1563.2,5015.9146722461,5407.0409294054,2533.0125113404,2634.427333255
47.9495,-129.099,0.008896538,-42.4,5015.9146722461,5407.0409294054,2533.0125113404,2634.427333255
47.9478,-129.098,0.008896538,180,5015.9146722461,5407.0409294054,2533.0125113404,2634.427333255
47.9524,-129.101,0.02951305,145.1,2753.9345346423,2968.6782409012,2560.127769167,2662.7046735599
47.9467,-129.097,0.008896538,116.5,5015.9146722461,5407.0409294054,2533.0125113404,2634.427333255
47.9522,-129.093,0.02951305,116.5,2753.9345346423,2968.6782409012,2560.127769167,2662.7046735599
47.9523,-129.089,0.02951305,-63.5,2753.9345346423,2968.6782409012,2560.127769167,2662.7046735599
47.9522,-129.098,0.02951305,195.9,2753.9345346423,2968.6782409012,2560.127769167,2662.7046735599
47.9475,-129.095,0.008896538,95.3,5015.9146722461,5407.0409294054,2533.0125113404,2634.427333255
47.9496,-129.098,0.008896538,995.5,5015.9146722461,5407.0409294054,2533.0125113404,2634.427333255
47.9478,-129.097,0.008896538,243.6,5015.9146722461,5407.0409294054,2533.0125113404,2634.427333255
47.9522,-129.097,0.02951305,6576.7,2753.9345346423,2968.6782409012,2560.127769167,2662.7046735599
47.9523,-129.096,0.02951305,95.3,2753.9345346423,2968.6782409012,2560.127769167,2662.7046735599
47.9522,-129.086,0.02951305,-169.4,2753.9345346423,2968.6782409012,2560.127769167,2662.7046735599
47.9504,-129.093,0.02951305,201.2,2753.9345346423,2968.6782409012,2560.127769167,2662.7046735599
47.9487,-129.096,0.008896538,699,5015.9146722461,5407.0409294054,2533.0125113404,2634.427333255
47.9495,-129.096,0.008896538,243.6,5015.9146722461,5407.0409294054,2533.0125113404,2634.427333255
47.9478,-129.097,0.008896538,148.3,5015.9146722461,5407.0409294054,2533.0125113404,2634.427333255
47.9467,-129.099,0.008896538,5422.4,5015.9146722461,5407.0409294054,2533.0125113404,2634.427333255
47.9502,-129.095,0.02951305,116.5,2753.9345346423,2968.6782409012,2560.127769167,2662.7046735599
47.9476,-129.092,0.008896538,-10.6,5015.9146722461,5407.0409294054,2533.0125113404,2634.427333255
47.9487,-129.094,0.008896538,-182.2,5015.9146722461,5407.0409294054,2533.0125113404,2634.427333255
47.9496,-129.095,0.008896538,10.6,5015.9146722461,5407.0409294054,2533.0125113404,2634.427333255
47.9487,-129.1,0.008896538,-53,5015.9146722461,5407.0409294054,2533.0125113404,2634.427333255
47.9,-127.2,4.359262,161,226.59700904196,244.26637660925,3230.7596013738,3362.0778700041
47.9,-127.65,3.1907601,304,264.85829724021,285.51116740372,3125.1944595484,3251.9885078147
47.9917,-129.45,0.81750041,89,523.25895483361,564.06114743501,2816.4550524561,2930.0174118471
47.9917,-129.45,0.81750041,89,523.25895483361,564.06114743501,2816.4550524561,2930.0174118471
47.9917,-129.45,0.81750041,89,523.25895483361,564.06114743501,2816.4550524561,2930.0174118471
47.9167,-128.796,0.66285837,75,581.09921225716,626.41161782617,2784.956400744,2897.1688179188
47.9067,-128.753,0.66285837,129,581.09921225716,626.41161782617,2784.956400744,2897.1688179188
47.8933,-128.65,0.91232389,434,495.3203091145,533.94392838596,2834.3047659322,2948.6321130436
47.77,-127.765,3.1612465,298,266.09179195412,286.84084640349,3122.2963090442,3248.9661508604
47.77,-127.765,3.1612465,382,266.09179195412,286.84084640349,3122.2963090442,3248.9661508604
47.76,-127.738,3.3711357,109,257.67515241703,277.76790209746,3142.6228468161,3270.1638259653
47.8617,-128.506,1.414219,464,397.83439275395,428.85634730753,2916.2232904344,3034.061431453
47.8417,-128.381,1.6586365,350,367.35423409774,395.99943562584,2950.7582181724,3070.0764275227
47.8933,-128.576,1.1679138,889,437.77934178494,471.91608584908,2878.245212131,2994.4557212223
47.7867,-128.125,2.4378891,296,303.00771485449,326.63536427548,3046.4809372247,3169.9015488201
48.4333,-128.681,0.79336768,1160,531.15760845266,572.57571480629,2811.7491632707,2925.1098416966
48.4317,-128.68,0.79336768,1968,531.15760845266,572.57571480629,2811.7491632707,2925.1098416966
48.4567,-128.71,0.59159386,4268,615.10439485193,663.06842443398,2769.2029863319,2880.7402571747
48.4383,-128.598,1.033847,418,465.29943271476,501.58211243877,2855.8739348421,2971.1256749068
48.4383,-128.698,0.79336768,748,531.15760845266,572.57571480629,2811.7491632707,2925.1098416966
48.4383,-128.698,0.79336768,2061,531.15760845266,572.57571480629,2811.7491632707,2925.1098416966
48.4383,-128.698,0.79336768,746,531.15760845266,572.57571480629,2811.7491632707,2925.1098416966
48.4383,-128.698,0.79336768,879,531.15760845266,572.57571480629,2811.7491632707,2925.1098416966
48.46,-128.698,0.59159386,1866,615.10439485193,663.06842443398,2769.2029863319,2880.7402571747
48.46,-128.698,0.59159386,13161,615.10439485193,663.06842443398,2769.2029863319,2880.7402571747
48.46,-128.698,0.59159386,4104,615.10439485193,663.06842443398,2769.2029863319,2880.7402571747
48.17,-126.7,5.5965943,120,199.98560954811,215.57989853813,3327.9992764188,3463.4849596939
48.7,-126.9,5.5437579,75,200.93636013052,216.60478585154,3324.081514627,3459.3992938253
48.6583,-126.9,5.5437579,26,200.93636013052,216.60478585154,3324.081514627,3459.3992938253
47.9504,-129.097,0.02951305,26,2753.9345346423,2968.6782409012,2560.127769167,2662.7046735599
47.9523,-129.081,0.02951305,438,2753.9345346423,2968.6782409012,2560.127769167,2662.7046735599
47.9486,-129.099,0.008896538,1986,5015.9146722461,5407.0409294054,2533.0125113404,2634.427333255
47.9478,-129.098,0.008896538,198,5015.9146722461,5407.0409294054,2533.0125113404,2634.427333255
47.9467,-129.097,0.008896538,17,5015.9146722461,5407.0409294054,2533.0125113404,2634.427333255
47.9522,-129.093,0.02951305,66,2753.9345346423,2968.6782409012,2560.127769167,2662.7046735599
47.9505,-129.096,0.02951305,6102,2753.9345346423,2968.6782409012,2560.127769167,2662.7046735599
47.9522,-129.098,0.02951305,646,2753.9345346423,2968.6782409012,2560.127769167,2662.7046735599
47.9475,-129.095,0.008896538,28,5015.9146722461,5407.0409294054,2533.0125113404,2634.427333255
47.9486,-129.097,0.008896538,235,5015.9146722461,5407.0409294054,2533.0125113404,2634.427333255
47.9496,-129.098,0.008896538,2431,5015.9146722461,5407.0409294054,2533.0125113404,2634.427333255
47.9478,-129.097,0.008896538,174,5015.9146722461,5407.0409294054,2533.0125113404,2634.427333255
47.9522,-129.097,0.02951305,13216,2753.9345346423,2968.6782409012,2560.127769167,2662.7046735599
47.9467,-129.099,0.008896538,11398,5015.9146722461,5407.0409294054,2533.0125113404,2634.427333255
47.9502,-129.095,0.02951305,39,2753.9345346423,2968.6782409012,2560.127769167,2662.7046735599
47.9476,-129.092,0.008896538,101,5015.9146722461,5407.0409294054,2533.0125113404,2634.427333255
47.9487,-129.094,0.008896538,167,5015.9146722461,5407.0409294054,2533.0125113404,2634.427333255
47.9487,-129.1,0.008896538,155,5015.9146722461,5407.0409294054,2533.0125113404,2634.427333255
47.9569,-129.097,0.02951305,1471,2753.9345346423,2968.6782409012,2560.127769167,2662.7046735599
47.9567,-129.097,0.02951305,131,2753.9345346423,2968.6782409012,2560.127769167,2662.7046735599
47.956,-129.096,0.02951305,77,2753.9345346423,2968.6782409012,2560.127769167,2662.7046735599
47.9565,-129.091,0.02951305,39,2753.9345346423,2968.6782409012,2560.127769167,2662.7046735599
47.9568,-129.091,0.02951305,33,2753.9345346423,2968.6782409012,2560.127769167,2662.7046735599
47.9549,-129.094,0.02951305,198,2753.9345346423,2968.6782409012,2560.127769167,2662.7046735599
47.9547,-129.095,0.02951305,1703,2753.9345346423,2968.6782409012,2560.127769167,2662.7046735599
47.9557,-129.094,0.02951305,10061,2753.9345346423,2968.6782409012,2560.127769167,2662.7046735599
47.9559,-129.098,0.02951305,72,2753.9345346423,2968.6782409012,2560.127769167,2662.7046735599
47.9567,-129.096,0.02951305,137,2753.9345346423,2968.6782409012,2560.127769167,2662.7046735599
47.9562,-129.097,0.02951305,12967,2753.9345346423,2968.6782409012,2560.127769167,2662.7046735599
47.9562,-129.093,0.02951305,3894,2753.9345346423,2968.6782409012,2560.127769167,2662.7046735599
47.9565,-129.093,0.02951305,66,2753.9345346423,2968.6782409012,2560.127769167,2662.7046735599
47.9569,-129.093,0.02951305,22,2753.9345346423,2968.6782409012,2560.127769167,2662.7046735599
47.9533,-129.094,0.02951305,904,2753.9345346423,2968.6782409012,2560.127769167,2662.7046735599
47.9535,-129.094,0.02951305,2083,2753.9345346423,2968.6782409012,2560.127769167,2662.7046735599
47.9573,-129.097,0.02951305,217,2753.9345346423,2968.6782409012,2560.127769167,2662.7046735599
47.9567,-129.098,0.02951305,14417,2753.9345346423,2968.6782409012,2560.127769167,2662.7046735599
47.9561,-129.096,0.02951305,55,2753.9345346423,2968.6782409012,2560.127769167,2662.7046735599
47.9567,-129.09,0.02951305,6,2753.9345346423,2968.6782409012,2560.127769167,2662.7046735599
47.9536,-129.095,0.02951305,28,2753.9345346423,2968.6782409012,2560.127769167,2662.7046735599
47.9537,-129.095,0.02951305,89,2753.9345346423,2968.6782409012,2560.127769167,2662.7046735599
47.9547,-129.094,0.02951305,490,2753.9345346423,2968.6782409012,2560.127769167,2662.7046735599
47.9543,-129.093,0.02951305,5629,2753.9345346423,2968.6782409012,2560.127769167,2662.7046735599
47.9544,-129.092,0.02951305,149,2753.9345346423,2968.6782409012,2560.127769167,2662.7046735599
47.9531,-129.092,0.02951305,66,2753.9345346423,2968.6782409012,2560.127769167,2662.7046735599
47.9552,-129.095,0.02951305,7765,2753.9345346423,2968.6782409012,2560.127769167,2662.7046735599
47.953,-129.096,0.02951305,242,2753.9345346423,2968.6782409012,2560.127769167,2662.7046735599
47.9531,-129.094,0.02951305,-6,2753.9345346423,2968.6782409012,2560.127769167,2662.7046735599
47.9545,-129.094,0.02951305,4841,2753.9345346423,2968.6782409012,2560.127769167,2662.7046735599
47.9552,-129.094,0.02951305,137,2753.9345346423,2968.6782409012,2560.127769167,2662.7046735599
47.955,-129.095,0.02951305,4797,2753.9345346423,2968.6782409012,2560.127769167,2662.7046735599
47.9554,-129.094,0.02951305,6,2753.9345346423,2968.6782409012,2560.127769167,2662.7046735599
47.9548,-129.093,0.02951305,10882,2753.9345346423,2968.6782409012,2560.127769167,2662.7046735599
47.9536,-129.091,0.02951305,137,2753.9345346423,2968.6782409012,2560.127769167,2662.7046735599
47.9532,-129.092,0.02951305,17,2753.9345346423,2968.6782409012,2560.127769167,2662.7046735599
47.953,-129.098,0.02951305,161,2753.9345346423,2968.6782409012,2560.127769167,2662.7046735599
47.9534,-129.093,0.02951305,425,2753.9345346423,2968.6782409012,2560.127769167,2662.7046735599
47.9538,-129.093,0.02951305,745,2753.9345346423,2968.6782409012,2560.127769167,2662.7046735599
47.9536,-129.094,0.02951305,2718,2753.9345346423,2968.6782409012,2560.127769167,2662.7046735599
47.9533,-129.097,0.02951305,125,2753.9345346423,2968.6782409012,2560.127769167,2662.7046735599
47.9535,-129.097,0.02951305,61,2753.9345346423,2968.6782409012,2560.127769167,2662.7046735599
47.9541,-129.095,0.02951305,61,2753.9345346423,2968.6782409012,2560.127769167,2662.7046735599
47.9538,-129.093,0.02951305,432,2753.9345346423,2968.6782409012,2560.127769167,2662.7046735599
47.9547,-129.091,0.02951305,542,2753.9345346423,2968.6782409012,2560.127769167,2662.7046735599
47.953,-129.094,0.02951305,2000,2753.9345346423,2968.6782409012,2560.127769167,2662.7046735599
47.9529,-129.094,0.02951305,33,2753.9345346423,2968.6782409012,2560.127769167,2662.7046735599
47.9557,-129.093,0.02951305,393,2753.9345346423,2968.6782409012,2560.127769167,2662.7046735599
47.9538,-129.094,0.02951305,2543,2753.9345346423,2968.6782409012,2560.127769167,2662.7046735599
47.9539,-129.095,0.02951305,66,2753.9345346423,2968.6782409012,2560.127769167,2662.7046735599
47.954,-129.091,0.02951305,167,2753.9345346423,2968.6782409012,2560.127769167,2662.7046735599
47.957,-129.099,0.02951305,101,2753.9345346423,2968.6782409012,2560.127769167,2662.7046735599
47.9562,-129.099,0.02951305,1944,2753.9345346423,2968.6782409012,2560.127769167,2662.7046735599
47.9563,-129.098,0.02951305,745,2753.9345346423,2968.6782409012,2560.127769167,2662.7046735599
47.9561,-129.094,0.02951305,712,2753.9345346423,2968.6782409012,2560.127769167,2662.7046735599
47.9563,-129.094,0.02951305,39,2753.9345346423,2968.6782409012,2560.127769167,2662.7046735599
47.9566,-129.094,0.02951305,33,2753.9345346423,2968.6782409012,2560.127769167,2662.7046735599
47.9532,-129.096,0.02951305,304,2753.9345346423,2968.6782409012,2560.127769167,2662.7046735599
47.9536,-129.096,0.02951305,666,2753.9345346423,2968.6782409012,2560.127769167,2662.7046735599
47.9544,-129.094,0.02951305,1745,2753.9345346423,2968.6782409012,2560.127769167,2662.7046735599
47.9543,-129.093,0.02951305,4173,2753.9345346423,2968.6782409012,2560.127769167,2662.7046735599
47.9547,-129.093,0.02951305,33,2753.9345346423,2968.6782409012,2560.127769167,2662.7046735599
47.9548,-129.091,0.02951305,17,2753.9345346423,2968.6782409012,2560.127769167,2662.7046735599
47.9554,-129.096,0.02951305,904,2753.9345346423,2968.6782409012,2560.127769167,2662.7046735599
47.9532,-129.099,0.02951305,77,2753.9345346423,2968.6782409012,2560.127769167,2662.7046735599
47.9553,-129.096,0.02951305,30468,2753.9345346423,2968.6782409012,2560.127769167,2662.7046735599
47.9555,-129.096,0.02951305,2922,2753.9345346423,2968.6782409012,2560.127769167,2662.7046735599
47.9559,-129.097,0.02951305,12726,2753.9345346423,2968.6782409012,2560.127769167,2662.7046735599
47.9535,-129.098,0.02951305,438,2753.9345346423,2968.6782409012,2560.127769167,2662.7046735599
47.9544,-129.091,0.02951305,167,2753.9345346423,2968.6782409012,2560.127769167,2662.7046735599
47.9551,-129.09,0.02951305,22,2753.9345346423,2968.6782409012,2560.127769167,2662.7046735599
47.9528,-129.095,0.02951305,1334,2753.9345346423,2968.6782409012,2560.127769167,2662.7046735599
47.9533,-129.095,0.02951305,180,2753.9345346423,2968.6782409012,2560.127769167,2662.7046735599
47.9538,-129.094,0.02951305,1498,2753.9345346423,2968.6782409012,2560.127769167,2662.7046735599
47.9562,-129.097,0.02951305,4223,2753.9345346423,2968.6782409012,2560.127769167,2662.7046735599
47.9554,-129.089,0.02951305,61,2753.9345346423,2968.6782409012,2560.127769167,2662.7046735599
47.9539,-129.091,0.02951305,438,2753.9345346423,2968.6782409012,2560.127769167,2662.7046735599
47.9561,-129.095,0.02951305,101,2753.9345346423,2968.6782409012,2560.127769167,2662.7046735599
47.9562,-129.097,0.02951305,50,2753.9345346423,2968.6782409012,2560.127769167,2662.7046735599
47.9566,-129.092,0.02951305,125,2753.9345346423,2968.6782409012,2560.127769167,2662.7046735599
47.9569,-129.092,0.02951305,490,2753.9345346423,2968.6782409012,2560.127769167,2662.7046735599
47.9551,-129.096,0.02951305,3758,2753.9345346423,2968.6782409012,2560.127769167,2662.7046735599
47.9553,-129.097,0.02951305,11,2753.9345346423,2968.6782409012,2560.127769167,2662.7046735599
47.9565,-129.098,0.02951305,613,2753.9345346423,2968.6782409012,2560.127769167,2662.7046735599
47.953,-129.095,0.02951305,3965,2753.9345346423,2968.6782409012,2560.127769167,2662.7046735599
47.9528,-129.092,0.02951305,11,2753.9345346423,2968.6782409012,2560.127769167,2662.7046735599
47.9534,-129.091,0.02951305,39,2753.9345346423,2968.6782409012,2560.127769167,2662.7046735599
47.9547,-129.093,0.02951305,1827,2753.9345346423,2968.6782409012,2560.127769167,2662.7046735599
47.9531,-129.098,0.02951305,13789,2753.9345346423,2968.6782409012,2560.127769167,2662.7046735599
47.9534,-129.096,0.02951305,22,2753.9345346423,2968.6782409012,2560.127769167,2662.7046735599
47.9538,-129.095,0.02951305,1145,2753.9345346423,2968.6782409012,2560.127769167,2662.7046735599
47.9538,-129.093,0.02951305,12283,2753.9345346423,2968.6782409012,2560.127769167,2662.7046735599
47.9541,-129.093,0.02951305,2034,2753.9345346423,2968.6782409012,2560.127769167,2662.7046735599
47.9554,-129.09,0.02951305,11,2753.9345346423,2968.6782409012,2560.127769167,2662.7046735599
47.9531,-129.097,0.02951305,336,2753.9345346423,2968.6782409012,2560.127769167,2662.7046735599
47.957,-129.098,0.02951305,66,2753.9345346423,2968.6782409012,2560.127769167,2662.7046735599
47.9567,-129.098,0.02951305,406,2753.9345346423,2968.6782409012,2560.127769167,2662.7046735599
47.9565,-129.099,0.02951305,72,2753.9345346423,2968.6782409012,2560.127769167,2662.7046735599
47.9566,-129.09,0.02951305,39,2753.9345346423,2968.6782409012,2560.127769167,2662.7046735599
47.9569,-129.09,0.02951305,77,2753.9345346423,2968.6782409012,2560.127769167,2662.7046735599
47.9552,-129.095,0.02951305,10083,2753.9345346423,2968.6782409012,2560.127769167,2662.7046735599
47.9555,-129.096,0.02951305,217,2753.9345346423,2968.6782409012,2560.127769167,2662.7046735599
47.9565,-129.097,0.02951305,804,2753.9345346423,2968.6782409012,2560.127769167,2662.7046735599
47.9559,-129.09,0.02951305,180,2753.9345346423,2968.6782409012,2560.127769167,2662.7046735599
48.4568,-128.7082,0.59159386,8210,615.10439485193,663.06842443398,2769.2029863319,2880.7402571747
48.4563,-128.7098,0.59159386,7660,615.10439485193,663.06842443398,2769.2029863319,2880.7402571747
48.4563,-128.7105,0.59159386,6040,615.10439485193,663.06842443398,2769.2029863319,2880.7402571747
48.459,-128.7075,0.59159386,8840,615.10439485193,663.06842443398,2769.2029863319,2880.7402571747
48.4592,-128.7065,0.59159386,2770,615.10439485193,663.06842443398,2769.2029863319,2880.7402571747
48.4589,-128.71,0.59159386,8020,615.10439485193,663.06842443398,2769.2029863319,2880.7402571747
48.4589,-128.7089,0.59159386,14070,615.10439485193,663.06842443398,2769.2029863319,2880.7402571747
48.4595,-128.7088,0.59159386,13540,615.10439485193,663.06842443398,2769.2029863319,2880.7402571747
48.4582,-128.7079,0.59159386,1500,615.10439485193,663.06842443398,2769.2029863319,2880.7402571747
48.458,-128.7099,0.59159386,6170,615.10439485193,663.06842443398,2769.2029863319,2880.7402571747
48.4545,-128.7095,0.59159386,7000,615.10439485193,663.06842443398,2769.2029863319,2880.7402571747
48.4553,-128.7076,0.59159386,11780,615.10439485193,663.06842443398,2769.2029863319,2880.7402571747
48.4311,-128.6814,0.79336768,2090,531.15760845266,572.57571480629,2811.7491632707,2925.1098416966
48.4312,-128.6835,0.79336768,4080,531.15760845266,572.57571480629,2811.7491632707,2925.1098416966
48.4325,-128.6812,0.79336768,290,531.15760845266,572.57571480629,2811.7491632707,2925.1098416966
48.4311,-128.6838,0.79336768,2490,531.15760845266,572.57571480629,2811.7491632707,2925.1098416966
48.4297,-128.6805,0.79336768,2390,531.15760845266,572.57571480629,2811.7491632707,2925.1098416966
48.4551,-128.7083,0.59159386,6980,615.10439485193,663.06842443398,2769.2029863319,2880.7402571747
48.456,-128.7092,0.59159386,14660,615.10439485193,663.06842443398,2769.2029863319,2880.7402571747
48.4551,-128.7082,0.59159386,8000,615.10439485193,663.06842443398,2769.2029863319,2880.7402571747
48.4557,-128.709,0.59159386,9410,615.10439485193,663.06842443398,2769.2029863319,2880.7402571747
48.4867,-128.7096,0.59159386,10450,615.10439485193,663.06842443398,2769.2029863319,2880.7402571747
48.4575,-128.7106,0.59159386,5580,615.10439485193,663.06842443398,2769.2029863319,2880.7402571747
48.4301,-128.6815,0.79336768,3180,531.15760845266,572.57571480629,2811.7491632707,2925.1098416966
48.4318,-128.6823,0.79336768,1520,531.15760845266,572.57571480629,2811.7491632707,2925.1098416966
48.4316,-128.6828,0.79336768,2390,531.15760845266,572.57571480629,2811.7491632707,2925.1098416966
48.4639,-128.7032,0.59159386,1050,615.10439485193,663.06842443398,2769.2029863319,2880.7402571747
48.4644,-128.7076,0.59159386,920,615.10439485193,663.06842443398,2769.2029863319,2880.7402571747
48.4621,-128.705,0.59159386,1090,615.10439485193,663.06842443398,2769.2029863319,2880.7402571747
48.4615,-128.7062,0.59159386,1370,615.10439485193,663.06842443398,2769.2029863319,2880.7402571747
48.4616,-128.7062,0.59159386,1570,615.10439485193,663.06842443398,2769.2029863319,2880.7402571747
48.4597,-128.7068,0.59159386,2260,615.10439485193,663.06842443398,2769.2029863319,2880.7402571747
48.4593,-128.7066,0.59159386,2910,615.10439485193,663.06842443398,2769.2029863319,2880.7402571747
48.4582,-128.7081,0.59159386,9310,615.10439485193,663.06842443398,2769.2029863319,2880.7402571747
48.4571,-128.7086,0.59159386,7750,615.10439485193,663.06842443398,2769.2029863319,2880.7402571747
48.4559,-128.7091,0.59159386,8320,615.10439485193,663.06842443398,2769.2029863319,2880.7402571747
48.4557,-128.7096,0.59159386,530,615.10439485193,663.06842443398,2769.2029863319,2880.7402571747
48.4542,-128.7092,0.59159386,4100,615.10439485193,663.06842443398,2769.2029863319,2880.7402571747
48.4533,-128.7102,0.59159386,1420,615.10439485193,663.06842443398,2769.2029863319,2880.7402571747
48.4521,-128.7109,0.59159386,1010,615.10439485193,663.06842443398,2769.2029863319,2880.7402571747
48.4508,-128.7118,0.59159386,890,615.10439485193,663.06842443398,2769.2029863319,2880.7402571747
48.4508,-128.7125,0.59159386,830,615.10439485193,663.06842443398,2769.2029863319,2880.7402571747
48.4516,-128.712,0.59159386,940,615.10439485193,663.06842443398,2769.2029863319,2880.7402571747
48.4527,-128.7116,0.59159386,1150,615.10439485193,663.06842443398,2769.2029863319,2880.7402571747
48.4534,-128.7113,0.59159386,1310,615.10439485193,663.06842443398,2769.2029863319,2880.7402571747
48.4537,-128.7109,0.59159386,1910,615.10439485193,663.06842443398,2769.2029863319,2880.7402571747
48.4548,-128.7105,0.59159386,3130,615.10439485193,663.06842443398,2769.2029863319,2880.7402571747
48.4559,-128.7107,0.59159386,7530,615.10439485193,663.06842443398,2769.2029863319,2880.7402571747
48.4568,-128.7098,0.59159386,10310,615.10439485193,663.06842443398,2769.2029863319,2880.7402571747
48.4499,-128.7107,0.79336768,890,531.15760845266,572.57571480629,2811.7491632707,2925.1098416966
48.451,-128.7101,0.59159386,950,615.10439485193,663.06842443398,2769.2029863319,2880.7402571747
48.4516,-128.7091,0.59159386,1050,615.10439485193,663.06842443398,2769.2029863319,2880.7402571747
48.4531,-128.7086,0.59159386,1320,615.10439485193,663.06842443398,2769.2029863319,2880.7402571747
48.4543,-128.7082,0.59159386,4310,615.10439485193,663.06842443398,2769.2029863319,2880.7402571747
48.4552,-128.7086,0.59159386,12950,615.10439485193,663.06842443398,2769.2029863319,2880.7402571747
48.4561,-128.7078,0.59159386,8750,615.10439485193,663.06842443398,2769.2029863319,2880.7402571747
48.4575,-128.7066,0.59159386,3800,615.10439485193,663.06842443398,2769.2029863319,2880.7402571747
48.4576,-128.7067,0.59159386,4240,615.10439485193,663.06842443398,2769.2029863319,2880.7402571747
48.4584,-128.706,0.59159386,2770,615.10439485193,663.06842443398,2769.2029863319,2880.7402571747
48.4596,-128.7054,0.59159386,1630,615.10439485193,663.06842443398,2769.2029863319,2880.7402571747
48.4603,-128.7058,0.59159386,1620,615.10439485193,663.06842443398,2769.2029863319,2880.7402571747
48.462,-128.7044,0.59159386,1080,615.10439485193,663.06842443398,2769.2029863319,2880.7402571747
48.463,-128.7037,0.59159386,1030,615.10439485193,663.06842443398,2769.2029863319,2880.7402571747
48.4633,-128.7034,0.59159386,1020,615.10439485193,663.06842443398,2769.2029863319,2880.7402571747
48.4463,-128.7206,0.79336768,840,531.15760845266,572.57571480629,2811.7491632707,2925.1098416966
48.4528,-128.7136,0.59159386,930,615.10439485193,663.06842443398,2769.2029863319,2880.7402571747
48.4578,-128.7108,0.59159386,1530,615.10439485193,663.06842443398,2769.2029863319,2880.7402571747
48.461,-128.7051,0.59159386,1230,615.10439485193,663.06842443398,2769.2029863319,2880.7402571747
48.4533,-128.7059,0.59159386,1390,615.10439485193,663.06842443398,2769.2029863319,2880.7402571747
48.4608,-128.7053,0.59159386,1310,615.10439485193,663.06842443398,2769.2029863319,2880.7402571747
48.4543,-128.7074,0.59159386,2520,615.10439485193,663.06842443398,2769.2029863319,2880.7402571747
48.4606,-128.7073,0.59159386,2060,615.10439485193,663.06842443398,2769.2029863319,2880.7402571747
48.4557,-128.7094,0.59159386,33920,615.10439485193,663.06842443398,2769.2029863319,2880.7402571747
48.4605,-128.7073,0.59159386,2060,615.10439485193,663.06842443398,2769.2029863319,2880.7402571747
48.4544,-128.704,0.59159386,1420,615.10439485193,663.06842443398,2769.2029863319,2880.7402571747
48.4606,-128.7089,0.59159386,3210,615.10439485193,663.06842443398,2769.2029863319,2880.7402571747
48.4549,-128.7049,0.59159386,1540,615.10439485193,663.06842443398,2769.2029863319,2880.7402571747
48.4604,-128.7088,0.59159386,3240,615.10439485193,663.06842443398,2769.2029863319,2880.7402571747
48.4556,-128.7062,0.59159386,2330,615.10439485193,663.06842443398,2769.2029863319,2880.7402571747
48.4595,-128.7092,0.59159386,7400,615.10439485193,663.06842443398,2769.2029863319,2880.7402571747
48.4577,-128.7061,0.59159386,3070,615.10439485193,663.06842443398,2769.2029863319,2880.7402571747
48.459,-128.7104,0.59159386,3480,615.10439485193,663.06842443398,2769.2029863319,2880.7402571747
48.4588,-128.706,0.59159386,3070,615.10439485193,663.06842443398,2769.2029863319,2880.7402571747
48.4591,-128.7107,0.59159386,2640,615.10439485193,663.06842443398,2769.2029863319,2880.7402571747
48.4601,-128.7061,0.59159386,1710,615.10439485193,663.06842443398,2769.2029863319,2880.7402571747
48.4608,-128.7076,0.59159386,1980,615.10439485193,663.06842443398,2769.2029863319,2880.7402571747
48.4581,-128.7121,0.59159386,1570,615.10439485193,663.06842443398,2769.2029863319,2880.7402571747
48.4604,-128.709,0.59159386,3600,615.10439485193,663.06842443398,2769.2029863319,2880.7402571747
48.4569,-128.7117,0.59159386,1930,615.10439485193,663.06842443398,2769.2029863319,2880.7402571747
48.4561,-128.7119,0.59159386,2150,615.10439485193,663.06842443398,2769.2029863319,2880.7402571747
48.4552,-128.7117,0.59159386,2210,615.10439485193,663.06842443398,2769.2029863319,2880.7402571747
48.4545,-128.7108,0.59159386,2850,615.10439485193,663.06842443398,2769.2029863319,2880.7402571747
48.454,-128.7111,0.59159386,2390,615.10439485193,663.06842443398,2769.2029863319,2880.7402571747
48.4527,-128.7111,0.59159386,1100,615.10439485193,663.06842443398,2769.2029863319,2880.7402571747
48.451,-128.7108,0.59159386,910,615.10439485193,663.06842443398,2769.2029863319,2880.7402571747
48.4525,-128.7132,0.59159386,940,615.10439485193,663.06842443398,2769.2029863319,2880.7402571747
48.4546,-128.7137,0.59159386,1140,615.10439485193,663.06842443398,2769.2029863319,2880.7402571747
48.454,-128.7129,0.59159386,1230,615.10439485193,663.06842443398,2769.2029863319,2880.7402571747
48.4541,-128.7113,0.59159386,2750,615.10439485193,663.06842443398,2769.2029863319,2880.7402571747
48.4548,-128.711,0.59159386,2660,615.10439485193,663.06842443398,2769.2029863319,2880.7402571747
48.4542,-128.7075,0.59159386,2460,615.10439485193,663.06842443398,2769.2029863319,2880.7402571747
48.454,-128.7051,0.59159386,1510,615.10439485193,663.06842443398,2769.2029863319,2880.7402571747
48.453,-128.7032,0.59159386,1140,615.10439485193,663.06842443398,2769.2029863319,2880.7402571747
48.4546,-128.707,0.59159386,3090,615.10439485193,663.06842443398,2769.2029863319,2880.7402571747
48.4556,-128.7071,0.59159386,7560,615.10439485193,663.06842443398,2769.2029863319,2880.7402571747
48.4568,-128.7084,0.59159386,6870,615.10439485193,663.06842443398,2769.2029863319,2880.7402571747
48.4583,-128.7127,0.59159386,1420,615.10439485193,663.06842443398,2769.2029863319,2880.7402571747
48.4587,-128.7076,0.59159386,7150,615.10439485193,663.06842443398,2769.2029863319,2880.7402571747
48.4578,-128.7097,0.59159386,8780,615.10439485193,663.06842443398,2769.2029863319,2880.7402571747
48.4582,-128.7103,0.59159386,3260,615.10439485193,663.06842443398,2769.2029863319,2880.7402571747
48.4584,-128.7102,0.59159386,3130,615.10439485193,663.06842443398,2769.2029863319,2880.7402571747
48.4596,-128.7126,0.59159386,1390,615.10439485193,663.06842443398,2769.2029863319,2880.7402571747
48.4598,-128.7146,0.59159386,980,615.10439485193,663.06842443398,2769.2029863319,2880.7402571747
48.4589,-128.7116,0.59159386,1710,615.10439485193,663.06842443398,2769.2029863319,2880.7402571747
48.4575,-128.7044,0.59159386,1450,615.10439485193,663.06842443398,2769.2029863319,2880.7402571747
48.4594,-128.7119,0.59159386,1700,615.10439485193,663.06842443398,2769.2029863319,2880.7402571747
48.4584,-128.7045,0.59159386,1380,615.10439485193,663.06842443398,2769.2029863319,2880.7402571747
48.4578,-128.7063,0.59159386,3450,615.10439485193,663.06842443398,2769.2029863319,2880.7402571747
48.4599,-128.7125,0.59159386,1380,615.10439485193,663.06842443398,2769.2029863319,2880.7402571747
48.458,-128.7066,0.59159386,4180,615.10439485193,663.06842443398,2769.2029863319,2880.7402571747
48.4578,-128.7083,0.59159386,9590,615.10439485193,663.06842443398,2769.2029863319,2880.7402571747
48.4587,-128.7127,0.59159386,1500,615.10439485193,663.06842443398,2769.2029863319,2880.7402571747
48.4576,-128.7099,0.59159386,7570,615.10439485193,663.06842443398,2769.2029863319,2880.7402571747
48.4596,-128.7111,0.59159386,2050,615.10439485193,663.06842443398,2769.2029863319,2880.7402571747
48.4584,-128.7113,0.59159386,2030,615.10439485193,663.06842443398,2769.2029863319,2880.7402571747
48.4586,-128.7096,0.59159386,5150,615.10439485193,663.06842443398,2769.2029863319,2880.7402571747
48.4585,-128.713,0.59159386,1400,615.10439485193,663.06842443398,2769.2029863319,2880.7402571747
48.4579,-128.7099,0.59159386,6070,615.10439485193,663.06842443398,2769.2029863319,2880.7402571747
48.4579,-128.7155,0.59159386,1030,615.10439485193,663.06842443398,2769.2029863319,2880.7402571747
48.4569,-128.7109,0.59159386,3390,615.10439485193,663.06842443398,2769.2029863319,2880.7402571747
48.4616,-128.7157,0.59159386,710,615.10439485193,663.06842443398,2769.2029863319,2880.7402571747
48.4575,-128.7111,0.59159386,2300,615.10439485193,663.06842443398,2769.2029863319,2880.7402571747
48.4612,-128.7148,0.59159386,860,615.10439485193,663.06842443398,2769.2029863319,2880.7402571747
48.4584,-128.7087,0.59159386,2080,615.10439485193,663.06842443398,2769.2029863319,2880.7402571747
48.46,-128.7151,0.59159386,960,615.10439485193,663.06842443398,2769.2029863319,2880.7402571747
48.458,-128.7084,0.59159386,10360,615.10439485193,663.06842443398,2769.2029863319,2880.7402571747
48.4603,-128.7129,0.59159386,1240,615.10439485193,663.06842443398,2769.2029863319,2880.7402571747
48.457,-128.7099,0.59159386,11540,615.10439485193,663.06842443398,2769.2029863319,2880.7402571747
48.4606,-128.7102,0.59159386,2240,615.10439485193,663.06842443398,2769.2029863319,2880.7402571747
48.4601,-128.7089,0.59159386,3660,615.10439485193,663.06842443398,2769.2029863319,2880.7402571747
48.4555,-128.7086,0.59159386,13340,615.10439485193,663.06842443398,2769.2029863319,2880.7402571747
48.4599,-128.7078,0.59159386,4920,615.10439485193,663.06842443398,2769.2029863319,2880.7402571747
48.4545,-128.7093,0.59159386,6690,615.10439485193,663.06842443398,2769.2029863319,2880.7402571747
48.46,-128.7059,0.59159386,1690,615.10439485193,663.06842443398,2769.2029863319,2880.7402571747
48.4535,-128.7087,0.59159386,1800,615.10439485193,663.06842443398,2769.2029863319,2880.7402571747
48.4602,-128.704,0.59159386,1160,615.10439485193,663.06842443398,2769.2029863319,2880.7402571747
48.4528,-128.7082,0.59159386,1280,615.10439485193,663.06842443398,2769.2029863319,2880.7402571747
48.4601,-128.7022,0.59159386,890,615.10439485193,663.06842443398,2769.2029863319,2880.7402571747
48.4519,-128.71,0.59159386,1060,615.10439485193,663.06842443398,2769.2029863319,2880.7402571747
48.4607,-128.7006,0.59159386,740,615.10439485193,663.06842443398,2769.2029863319,2880.7402571747
48.453,-128.7093,0.59159386,1310,615.10439485193,663.06842443398,2769.2029863319,2880.7402571747
48.4614,-128.7009,0.59159386,790,615.10439485193,663.06842443398,2769.2029863319,2880.7402571747
48.4548,-128.7103,0.59159386,3940,615.10439485193,663.06842443398,2769.2029863319,2880.7402571747
48.4611,-128.7018,0.59159386,840,615.10439485193,663.06842443398,2769.2029863319,2880.7402571747
48.4555,-128.7091,0.59159386,6920,615.10439485193,663.06842443398,2769.2029863319,2880.7402571747
48.4608,-128.7026,0.59159386,890,615.10439485193,663.06842443398,2769.2029863319,2880.7402571747
48.4567,-128.7099,0.59159386,9510,615.10439485193,663.06842443398,2769.2029863319,2880.7402571747
48.4606,-128.7042,0.59159386,1140,615.10439485193,663.06842443398,2769.2029863319,2880.7402571747
48.4578,-128.708,0.59159386,8430,615.10439485193,663.06842443398,2769.2029863319,2880.7402571747
48.4606,-128.7056,0.59159386,1370,615.10439485193,663.06842443398,2769.2029863319,2880.7402571747
48.4564,-128.7075,0.59159386,12380,615.10439485193,663.06842443398,2769.2029863319,2880.7402571747
48.4603,-128.7074,0.59159386,2500,615.10439485193,663.06842443398,2769.2029863319,2880.7402571747
48.4566,-128.7041,0.59159386,1380,615.10439485193,663.06842443398,2769.2029863319,2880.7402571747
48.4608,-128.7087,0.59159386,2360,615.10439485193,663.06842443398,2769.2029863319,2880.7402571747
48.4576,-128.7031,0.59159386,1080,615.10439485193,663.06842443398,2769.2029863319,2880.7402571747
48.4597,-128.7104,0.59159386,3310,615.10439485193,663.06842443398,2769.2029863319,2880.7402571747
48.4586,-128.7031,0.59159386,1040,615.10439485193,663.06842443398,2769.2029863319,2880.7402571747
48.4575,-128.7034,0.59159386,1150,615.10439485193,663.06842443398,2769.2029863319,2880.7402571747
48.4557,-128.7053,0.59159386,1690,615.10439485193,663.06842443398,2769.2029863319,2880.7402571747
48.4535,-128.7068,0.59159386,1480,615.10439485193,663.06842443398,2769.2029863319,2880.7402571747
48.4548,-128.7063,0.59159386,1880,615.10439485193,663.06842443398,2769.2029863319,2880.7402571747
48.4555,-128.708,0.59159386,13190,615.10439485193,663.06842443398,2769.2029863319,2880.7402571747
48.456,-128.709,0.59159386,14240,615.10439485193,663.06842443398,2769.2029863319,2880.7402571747
48.4594,-128.712,0.59159386,1740,615.10439485193,663.06842443398,2769.2029863319,2880.7402571747
48.4573,-128.7129,0.59159386,1300,615.10439485193,663.06842443398,2769.2029863319,2880.7402571747
48.4565,-128.7115,0.59159386,1970,615.10439485193,663.06842443398,2769.2029863319,2880.7402571747
48.4559,-128.7114,0.59159386,2950,615.10439485193,663.06842443398,2769.2029863319,2880.7402571747
48.4593,-128.7065,0.59159386,2480,615.10439485193,663.06842443398,2769.2029863319,2880.7402571747
48.4545,-128.7108,0.59159386,2630,615.10439485193,663.06842443398,2769.2029863319,2880.7402571747
48.4592,-128.708,0.59159386,9940,615.10439485193,663.06842443398,2769.2029863319,2880.7402571747
48.4538,-128.7127,0.59159386,1250,615.10439485193,663.06842443398,2769.2029863319,2880.7402571747
48.4588,-128.7066,0.59159386,3750,615.10439485193,663.06842443398,2769.2029863319,2880.7402571747
48.4535,-128.714,0.59159386,990,615.10439485193,663.06842443398,2769.2029863319,2880.7402571747
48.4573,-128.7055,0.59159386,1930,615.10439485193,663.06842443398,2769.2029863319,2880.7402571747
48.4542,-128.7141,0.59159386,1050,615.10439485193,663.06842443398,2769.2029863319,2880.7402571747
48.4569,-128.706,0.59159386,2210,615.10439485193,663.06842443398,2769.2029863319,2880.7402571747
48.4553,-128.7129,0.59159386,1340,615.10439485193,663.06842443398,2769.2029863319,2880.7402571747
48.4574,-128.7069,0.59159386,4550,615.10439485193,663.06842443398,2769.2029863319,2880.7402571747
48.456,-128.7104,0.59159386,7590,615.10439485193,663.06842443398,2769.2029863319,2880.7402571747
48.4583,-128.7077,0.59159386,9960,615.10439485193,663.06842443398,2769.2029863319,2880.7402571747
48.456,-128.7062,0.59159386,2510,615.10439485193,663.06842443398,2769.2029863319,2880.7402571747
48.4542,-128.7064,0.59159386,1780,615.10439485193,663.06842443398,2769.2029863319,2880.7402571747
48.4529,-128.7062,0.59159386,1300,615.10439485193,663.06842443398,2769.2029863319,2880.7402571747
48.4524,-128.7081,0.59159386,1190,615.10439485193,663.06842443398,2769.2029863319,2880.7402571747
48.4534,-128.708,0.59159386,1600,615.10439485193,663.06842443398,2769.2029863319,2880.7402571747
48.4544,-128.7076,0.59159386,3540,615.10439485193,663.06842443398,2769.2029863319,2880.7402571747
48.4552,-128.7079,0.59159386,9950,615.10439485193,663.06842443398,2769.2029863319,2880.7402571747
48.4555,-128.7104,0.59159386,9130,615.10439485193,663.06842443398,2769.2029863319,2880.7402571747
48.4549,-128.7097,0.59159386,7750,615.10439485193,663.06842443398,2769.2029863319,2880.7402571747
48.4539,-128.7103,0.59159386,2070,615.10439485193,663.06842443398,2769.2029863319,2880.7402571747
48.4535,-128.711,0.59159386,1400,615.10439485193,663.06842443398,2769.2029863319,2880.7402571747
48.4543,-128.7128,0.59159386,1300,615.10439485193,663.06842443398,2769.2029863319,2880.7402571747
48.4531,-128.7122,0.59159386,1150,615.10439485193,663.06842443398,2769.2029863319,2880.7402571747
48.4544,-128.7104,0.59159386,2500,615.10439485193,663.06842443398,2769.2029863319,2880.7402571747
48.4551,-128.7122,0.59159386,1680,615.10439485193,663.06842443398,2769.2029863319,2880.7402571747
48.4544,-128.7112,0.59159386,3040,615.10439485193,663.06842443398,2769.2029863319,2880.7402571747
48.4557,-128.712,0.59159386,2050,615.10439485193,663.06842443398,2769.2029863319,2880.7402571747
48.4556,-128.7107,0.59159386,6980,615.10439485193,663.06842443398,2769.2029863319,2880.7402571747
48.4415,-128.6849,0.79336768,470,531.15760845266,572.57571480629,2811.7491632707,2925.1098416966
48.4296,-128.684,0.79336768,2170,531.15760845266,572.57571480629,2811.7491632707,2925.1098416966
48.4406,-128.6855,0.79336768,460,531.15760845266,572.57571480629,2811.7491632707,2925.1098416966
48.4283,-128.6831,0.79336768,1730,531.15760845266,572.57571480629,2811.7491632707,2925.1098416966
48.4387,-128.6863,0.79336768,530,531.15760845266,572.57571480629,2811.7491632707,2925.1098416966
48.4283,-128.6809,0.79336768,1620,531.15760845266,572.57571480629,2811.7491632707,2925.1098416966
48.4367,-128.6857,0.79336768,60,531.15760845266,572.57571480629,2811.7491632707,2925.1098416966
48.4295,-128.6816,0.79336768,3580,531.15760845266,572.57571480629,2811.7491632707,2925.1098416966
48.4353,-128.6859,0.79336768,680,531.15760845266,572.57571480629,2811.7491632707,2925.1098416966
48.4316,-128.6819,0.79336768,2560,531.15760845266,572.57571480629,2811.7491632707,2925.1098416966
48.4332,-128.6859,0.79336768,840,531.15760845266,572.57571480629,2811.7491632707,2925.1098416966
48.4328,-128.6822,0.79336768,1680,531.15760845266,572.57571480629,2811.7491632707,2925.1098416966
48.4317,-128.6858,0.79336768,1050,531.15760845266,572.57571480629,2811.7491632707,2925.1098416966
48.4339,-128.682,0.79336768,1610,531.15760845266,572.57571480629,2811.7491632707,2925.1098416966
48.4303,-128.6858,0.79336768,1300,531.15760845266,572.57571480629,2811.7491632707,2925.1098416966
48.4358,-128.6805,0.79336768,780,531.15760845266,572.57571480629,2811.7491632707,2925.1098416966
48.4284,-128.6865,0.79336768,1260,531.15760845266,572.57571480629,2811.7491632707,2925.1098416966
48.4283,-128.6848,0.79336768,1400,531.15760845266,572.57571480629,2811.7491632707,2925.1098416966
48.437,-128.6799,0.79336768,550,531.15760845266,572.57571480629,2811.7491632707,2925.1098416966
48.4293,-128.6848,0.79336768,1670,531.15760845266,572.57571480629,2811.7491632707,2925.1098416966
48.4382,-128.6811,0.79336768,180,531.15760845266,572.57571480629,2811.7491632707,2925.1098416966
48.431,-128.6852,0.79336768,1370,531.15760845266,572.57571480629,2811.7491632707,2925.1098416966
48.4398,-128.6813,0.79336768,530,531.15760845266,572.57571480629,2811.7491632707,2925.1098416966
48.4326,-128.6849,0.79336768,1100,531.15760845266,572.57571480629,2811.7491632707,2925.1098416966
48.441,-128.6811,0.79336768,480,531.15760845266,572.57571480629,2811.7491632707,2925.1098416966
48.4343,-128.6852,0.79336768,820,531.15760845266,572.57571480629,2811.7491632707,2925.1098416966
48.4408,-128.6795,0.79336768,480,531.15760845266,572.57571480629,2811.7491632707,2925.1098416966
48.4361,-128.6851,0.79336768,690,531.15760845266,572.57571480629,2811.7491632707,2925.1098416966
48.4396,-128.6788,0.79336768,550,531.15760845266,572.57571480629,2811.7491632707,2925.1098416966
48.4378,-128.6849,0.79336768,590,531.15760845266,572.57571480629,2811.7491632707,2925.1098416966
48.4393,-128.6845,0.79336768,520,531.15760845266,572.57571480629,2811.7491632707,2925.1098416966
48.4361,-128.6793,0.79336768,740,531.15760845266,572.57571480629,2811.7491632707,2925.1098416966
48.441,-128.6842,0.79336768,460,531.15760845266,572.57571480629,2811.7491632707,2925.1098416966
48.4344,-128.6796,0.79336768,1470,531.15760845266,572.57571480629,2811.7491632707,2925.1098416966
48.441,-128.682,0.79336768,470,531.15760845266,572.57571480629,2811.7491632707,2925.1098416966
48.4328,-128.6799,0.79336768,1840,531.15760845266,572.57571480629,2811.7491632707,2925.1098416966
48.4385,-128.6826,0.79336768,640,531.15760845266,572.57571480629,2811.7491632707,2925.1098416966
48.4312,-128.6794,0.79336768,2150,531.15760845266,572.57571480629,2811.7491632707,2925.1098416966
48.4366,-128.683,0.79336768,910,531.15760845266,572.57571480629,2811.7491632707,2925.1098416966
48.4297,-128.679,0.79336768,1630,531.15760845266,572.57571480629,2811.7491632707,2925.1098416966
48.4357,-128.6831,0.79336768,1070,531.15760845266,572.57571480629,2811.7491632707,2925.1098416966
48.4286,-128.6794,0.79336768,1410,531.15760845266,572.57571480629,2811.7491632707,2925.1098416966
48.4351,-128.6837,0.79336768,970,531.15760845266,572.57571480629,2811.7491632707,2925.1098416966
48.4335,-128.6836,0.79336768,1220,531.15760845266,572.57571480629,2811.7491632707,2925.1098416966
48.432,-128.6829,0.79336768,1890,531.15760845266,572.57571480629,2811.7491632707,2925.1098416966
48.4307,-128.6835,0.79336768,2600,531.15760845266,572.57571480629,2811.7491632707,2925.1098416966
48.4277,-128.6781,0.79336768,1140,531.15760845266,572.57571480629,2811.7491632707,2925.1098416966
48.4308,-128.6816,0.79336768,10530,531.15760845266,572.57571480629,2811.7491632707,2925.1098416966
48.4292,-128.6781,0.79336768,1260,531.15760845266,572.57571480629,2811.7491632707,2925.1098416966
48.4303,-128.6816,0.79336768,25680,531.15760845266,572.57571480629,2811.7491632707,2925.1098416966
48.4309,-128.6781,0.79336768,1530,531.15760845266,572.57571480629,2811.7491632707,2925.1098416966
48.4327,-128.678,0.79336768,1750,531.15760845266,572.57571480629,2811.7491632707,2925.1098416966
48.431,-128.6813,0.79336768,4230,531.15760845266,572.57571480629,2811.7491632707,2925.1098416966
48.4345,-128.6778,0.79336768,1560,531.15760845266,572.57571480629,2811.7491632707,2925.1098416966
48.4312,-128.682,0.79336768,3510,531.15760845266,572.57571480629,2811.7491632707,2925.1098416966
48.4359,-128.6778,0.79336768,790,531.15760845266,572.57571480629,2811.7491632707,2925.1098416966
48.4296,-128.682,0.79336768,3920,531.15760845266,572.57571480629,2811.7491632707,2925.1098416966
48.4357,-128.6776,0.79336768,780,531.15760845266,572.57571480629,2811.7491632707,2925.1098416966
48.4304,-128.6825,0.79336768,7890,531.15760845266,572.57571480629,2811.7491632707,2925.1098416966
48.4393,-128.6777,0.79336768,560,531.15760845266,572.57571480629,2811.7491632707,2925.1098416966
48.4411,-128.678,0.79336768,470,531.15760845266,572.57571480629,2811.7491632707,2925.1098416966
48.4282,-128.6757,0.79336768,900,531.15760845266,572.57571480629,2811.7491632707,2925.1098416966
48.4295,-128.676,0.79336768,960,531.15760845266,572.57571480629,2811.7491632707,2925.1098416966
48.4313,-128.6759,0.79336768,1010,531.15760845266,572.57571480629,2811.7491632707,2925.1098416966
48.4329,-128.6759,0.79336768,1040,531.15760845266,572.57571480629,2811.7491632707,2925.1098416966
48.4348,-128.6755,0.79336768,1150,531.15760845266,572.57571480629,2811.7491632707,2925.1098416966
48.4364,-128.6757,0.79336768,2140,531.15760845266,572.57571480629,2811.7491632707,2925.1098416966
48.4382,-128.6751,0.79336768,560,531.15760845266,572.57571480629,2811.7491632707,2925.1098416966
48.4393,-128.6753,0.79336768,530,531.15760845266,572.57571480629,2811.7491632707,2925.1098416966
48.441,-128.6758,0.79336768,460,531.15760845266,572.57571480629,2811.7491632707,2925.1098416966
48.4279,-128.682,0.79336768,1590,531.15760845266,572.57571480629,2811.7491632707,2925.1098416966
48.4287,-128.6822,0.79336768,2540,531.15760845266,572.57571480629,2811.7491632707,2925.1098416966
48.4299,-128.6828,0.79336768,4910,531.15760845266,572.57571480629,2811.7491632707,2925.1098416966
48.4311,-128.6828,0.79336768,3000,531.15760845266,572.57571480629,2811.7491632707,2925.1098416966
48.4298,-128.6815,0.79336768,3850,531.15760845266,572.57571480629,2811.7491632707,2925.1098416966
48.4305,-128.6809,0.79336768,3400,531.15760845266,572.57571480629,2811.7491632707,2925.1098416966
48.4303,-128.6817,0.79336768,17550,531.15760845266,572.57571480629,2811.7491632707,2925.1098416966
48.4309,-128.6829,0.79336768,3550,531.15760845266,572.57571480629,2811.7491632707,2925.1098416966
48.4244,-128.6813,0.79336768,920,531.15760845266,572.57571480629,2811.7491632707,2925.1098416966
48.4364,-128.6763,0.79336768,920,531.15760845266,572.57571480629,2811.7491632707,2925.1098416966
48.4231,-128.6816,0.79336768,660,531.15760845266,572.57571480629,2811.7491632707,2925.1098416966
48.4371,-128.6782,0.79336768,270,531.15760845266,572.57571480629,2811.7491632707,2925.1098416966
48.4226,-128.6832,0.79336768,480,531.15760845266,572.57571480629,2811.7491632707,2925.1098416966
48.4371,-128.6793,0.79336768,800,531.15760845266,572.57571480629,2811.7491632707,2925.1098416966
48.4244,-128.6831,0.79336768,920,531.15760845266,572.57571480629,2811.7491632707,2925.1098416966
48.4371,-128.6808,0.79336768,310,531.15760845266,572.57571480629,2811.7491632707,2925.1098416966
48.4259,-128.6832,0.79336768,1160,531.15760845266,572.57571480629,2811.7491632707,2925.1098416966
48.438,-128.6835,0.79336768,650,531.15760845266,572.57571480629,2811.7491632707,2925.1098416966
48.432,-128.6822,0.79336768,2030,531.15760845266,572.57571480629,2811.7491632707,2925.1098416966
48.4375,-128.6857,0.79336768,560,531.15760845266,572.57571480629,2811.7491632707,2925.1098416966
48.4322,-128.6809,0.79336768,2030,531.15760845266,572.57571480629,2811.7491632707,2925.1098416966
48.4367,-128.6834,0.79336768,800,531.15760845266,572.57571480629,2811.7491632707,2925.1098416966
48.4326,-128.6797,0.79336768,1830,531.15760845266,572.57571480629,2811.7491632707,2925.1098416966
48.4352,-128.6836,0.79336768,970,531.15760845266,572.57571480629,2811.7491632707,2925.1098416966
48.4326,-128.6789,0.79336768,1690,531.15760845266,572.57571480629,2811.7491632707,2925.1098416966
48.4356,-128.6845,0.79336768,790,531.15760845266,572.57571480629,2811.7491632707,2925.1098416966
48.4331,-128.6785,0.79336768,1730,531.15760845266,572.57571480629,2811.7491632707,2925.1098416966
48.4366,-128.6818,0.79336768,790,531.15760845266,572.57571480629,2811.7491632707,2925.1098416966
48.434,-128.6792,0.79336768,2950,531.15760845266,572.57571480629,2811.7491632707,2925.1098416966
48.4351,-128.6821,0.79336768,1920,531.15760845266,572.57571480629,2811.7491632707,2925.1098416966
48.4338,-128.6793,0.79336768,4340,531.15760845266,572.57571480629,2811.7491632707,2925.1098416966
48.4337,-128.6828,0.79336768,1340,531.15760845266,572.57571480629,2811.7491632707,2925.1098416966
48.4341,-128.6816,0.79336768,2210,531.15760845266,572.57571480629,2811.7491632707,2925.1098416966
48.4331,-128.6818,0.79336768,1830,531.15760845266,572.57571480629,2811.7491632707,2925.1098416966
48.4355,-128.6823,0.79336768,2190,531.15760845266,572.57571480629,2811.7491632707,2925.1098416966
48.433,-128.6813,0.79336768,2130,531.15760845266,572.57571480629,2811.7491632707,2925.1098416966
48.4344,-128.6823,0.79336768,1740,531.15760845266,572.57571480629,2811.7491632707,2925.1098416966
48.4329,-128.6799,0.79336768,1830,531.15760845266,572.57571480629,2811.7491632707,2925.1098416966
48.4339,-128.6849,0.79336768,900,531.15760845266,572.57571480629,2811.7491632707,2925.1098416966
48.4335,-128.6801,0.79336768,1970,531.15760845266,572.57571480629,2811.7491632707,2925.1098416966
48.4359,-128.6846,0.79336768,750,531.15760845266,572.57571480629,2811.7491632707,2925.1098416966
48.435,-128.6849,0.79336768,770,531.15760845266,572.57571480629,2811.7491632707,2925.1098416966
48.4357,-128.6841,0.79336768,810,531.15760845266,572.57571480629,2811.7491632707,2925.1098416966
48.4343,-128.6836,0.79336768,1070,531.15760845266,572.57571480629,2811.7491632707,2925.1098416966
48.433,-128.6814,0.79336768,2810,531.15760845266,572.57571480629,2811.7491632707,2925.1098416966
48.4325,-128.6806,0.79336768,190,531.15760845266,572.57571480629,2811.7491632707,2925.1098416966
48.4332,-128.6794,0.79336768,1980,531.15760845266,572.57571480629,2811.7491632707,2925.1098416966
48.4333,-128.6773,0.79336768,2110,531.15760845266,572.57571480629,2811.7491632707,2925.1098416966
48.4338,-128.6752,0.79336768,800,531.15760845266,572.57571480629,2811.7491632707,2925.1098416966
48.4354,-128.6754,0.79336768,1160,531.15760845266,572.57571480629,2811.7491632707,2925.1098416966
48.4522,-128.7092,0.59159386,1130,615.10439485193,663.06842443398,2769.2029863319,2880.7402571747
48.4533,-128.71,0.59159386,1460,615.10439485193,663.06842443398,2769.2029863319,2880.7402571747
48.4539,-128.71,0.59159386,2160,615.10439485193,663.06842443398,2769.2029863319,2880.7402571747
48.4538,-128.7088,0.59159386,2190,615.10439485193,663.06842443398,2769.2029863319,2880.7402571747
48.4541,-128.709,0.59159386,3080,615.10439485193,663.06842443398,2769.2029863319,2880.7402571747
48.4541,-128.7094,0.59159386,3210,615.10439485193,663.06842443398,2769.2029863319,2880.7402571747
48.4544,-128.7095,0.59159386,4930,615.10439485193,663.06842443398,2769.2029863319,2880.7402571747
48.4547,-128.7096,0.59159386,6290,615.10439485193,663.06842443398,2769.2029863319,2880.7402571747
48.4549,-128.7097,0.59159386,7580,615.10439485193,663.06842443398,2769.2029863319,2880.7402571747
48.4552,-128.7089,0.59159386,1460,615.10439485193,663.06842443398,2769.2029863319,2880.7402571747
48.4546,-128.713,0.59159386,1320,615.10439485193,663.06842443398,2769.2029863319,2880.7402571747
48.4547,-128.7127,0.59159386,1310,615.10439485193,663.06842443398,2769.2029863319,2880.7402571747
48.454,-128.7123,0.59159386,1370,615.10439485193,663.06842443398,2769.2029863319,2880.7402571747
48.4317,-128.7277,0.79336768,1400,531.15760845266,572.57571480629,2811.7491632707,2925.1098416966
48.4541,-128.7126,0.59159386,1310,615.10439485193,663.06842443398,2769.2029863319,2880.7402571747
48.4547,-128.712,0.59159386,1740,615.10439485193,663.06842443398,2769.2029863319,2880.7402571747
48.455,-128.7128,0.59159386,1390,615.10439485193,663.06842443398,2769.2029863319,2880.7402571747
48.4567,-128.711,0.59159386,3340,615.10439485193,663.06842443398,2769.2029863319,2880.7402571747
48.4568,-128.7104,0.59159386,5780,615.10439485193,663.06842443398,2769.2029863319,2880.7402571747
48.4575,-128.7109,0.59159386,2780,615.10439485193,663.06842443398,2769.2029863319,2880.7402571747
48.4569,-128.7109,0.59159386,3540,615.10439485193,663.06842443398,2769.2029863319,2880.7402571747
48.4571,-128.7108,0.59159386,3280,615.10439485193,663.06842443398,2769.2029863319,2880.7402571747
48.4576,-128.7112,0.59159386,2290,615.10439485193,663.06842443398,2769.2029863319,2880.7402571747
48.4582,-128.7112,0.59159386,1970,615.10439485193,663.06842443398,2769.2029863319,2880.7402571747
48.4563,-128.7069,0.59159386,4600,615.10439485193,663.06842443398,2769.2029863319,2880.7402571747
48.4561,-128.708,0.59159386,12080,615.10439485193,663.06842443398,2769.2029863319,2880.7402571747
48.4564,-128.7078,0.59159386,12150,615.10439485193,663.06842443398,2769.2029863319,2880.7402571747
48.4566,-128.7075,0.59159386,7980,615.10439485193,663.06842443398,2769.2029863319,2880.7402571747
48.4572,-128.7076,0.59159386,6660,615.10439485193,663.06842443398,2769.2029863319,2880.7402571747
48.4575,-128.708,0.59159386,9300,615.10439485193,663.06842443398,2769.2029863319,2880.7402571747
48.4567,-128.706,0.59159386,2140,615.10439485193,663.06842443398,2769.2029863319,2880.7402571747
48.4578,-128.7098,0.59159386,9090,615.10439485193,663.06842443398,2769.2029863319,2880.7402571747
48.4573,-128.7076,0.59159386,6770,615.10439485193,663.06842443398,2769.2029863319,2880.7402571747
48.458,-128.7094,0.59159386,9050,615.10439485193,663.06842443398,2769.2029863319,2880.7402571747
48.4582,-128.7083,0.59159386,10260,615.10439485193,663.06842443398,2769.2029863319,2880.7402571747
48.459,-128.7089,0.59159386,12670,615.10439485193,663.06842443398,2769.2029863319,2880.7402571747
48.4534,-128.7086,0.59159386,1590,615.10439485193,663.06842443398,2769.2029863319,2880.7402571747
48.4582,-128.7084,0.59159386,3150,615.10439485193,663.06842443398,2769.2029863319,2880.7402571747
48.459,-128.7093,0.59159386,14740,615.10439485193,663.06842443398,2769.2029863319,2880.7402571747
48.4546,-128.7082,0.59159386,7920,615.10439485193,663.06842443398,2769.2029863319,2880.7402571747
48.4593,-128.7099,0.59159386,11680,615.10439485193,663.06842443398,2769.2029863319,2880.7402571747
48.4548,-128.7078,0.59159386,15570,615.10439485193,663.06842443398,2769.2029863319,2880.7402571747
48.4583,-128.71,0.59159386,3750,615.10439485193,663.06842443398,2769.2029863319,2880.7402571747
48.4553,-128.7083,0.59159386,14170,615.10439485193,663.06842443398,2769.2029863319,2880.7402571747
48.4555,-128.7084,0.59159386,3310,615.10439485193,663.06842443398,2769.2029863319,2880.7402571747
48.4589,-128.7091,0.59159386,10680,615.10439485193,663.06842443398,2769.2029863319,2880.7402571747
48.4543,-128.7099,0.59159386,3480,615.10439485193,663.06842443398,2769.2029863319,2880.7402571747
48.454,-128.7103,0.59159386,1980,615.10439485193,663.06842443398,2769.2029863319,2880.7402571747
48.4544,-128.7097,0.59159386,3770,615.10439485193,663.06842443398,2769.2029863319,2880.7402571747
48.4545,-128.7091,0.59159386,640,615.10439485193,663.06842443398,2769.2029863319,2880.7402571747
48.4551,-128.7092,0.59159386,12310,615.10439485193,663.06842443398,2769.2029863319,2880.7402571747
48.4556,-128.7095,0.59159386,1740,615.10439485193,663.06842443398,2769.2029863319,2880.7402571747
48.4557,-128.7092,0.59159386,10570,615.10439485193,663.06842443398,2769.2029863319,2880.7402571747
48.4561,-128.7089,0.59159386,13560,615.10439485193,663.06842443398,2769.2029863319,2880.7402571747
48.4565,-128.7091,0.59159386,9550,615.10439485193,663.06842443398,2769.2029863319,2880.7402571747
48.457,-128.7087,0.59159386,7330,615.10439485193,663.06842443398,2769.2029863319,2880.7402571747
48.4576,-128.7095,0.59159386,10290,615.10439485193,663.06842443398,2769.2029863319,2880.7402571747
48.4565,-128.7094,0.59159386,9070,615.10439485193,663.06842443398,2769.2029863319,2880.7402571747
48.4568,-128.7099,0.59159386,9810,615.10439485193,663.06842443398,2769.2029863319,2880.7402571747
48.4569,-128.7096,0.59159386,10230,615.10439485193,663.06842443398,2769.2029863319,2880.7402571747
48.4574,-128.7096,0.59159386,14150,615.10439485193,663.06842443398,2769.2029863319,2880.7402571747
48.4555,-128.7041,0.59159386,1750,615.10439485193,663.06842443398,2769.2029863319,2880.7402571747
48.4563,-128.7145,0.59159386,1140,615.10439485193,663.06842443398,2769.2029863319,2880.7402571747
48.4545,-128.7109,0.59159386,4430,615.10439485193,663.06842443398,2769.2029863319,2880.7402571747
48.4552,-128.7098,0.59159386,8830,615.10439485193,663.06842443398,2769.2029863319,2880.7402571747
48.4539,-128.7092,0.59159386,4200,615.10439485193,663.06842443398,2769.2029863319,2880.7402571747
48.4557,-128.7091,0.59159386,9410,615.10439485193,663.06842443398,2769.2029863319,2880.7402571747
47.7142,-127.786,3.251128,1020,262.38779189237,282.84801932307,3131.0809615255,3258.1272884481
47.7142,-127.785,3.251128,3800,262.38779189237,282.84801932307,3131.0809615255,3258.1272884481
47.7103,-127.786,3.251128,8900,262.38779189237,282.84801932307,3131.0809615255,3258.1272884481
47.7099,-127.7871,3.251128,2490,262.38779189237,282.84801932307,3131.0809615255,3258.1272884481
47.7096,-127.7831,3.251128,1290,262.38779189237,282.84801932307,3131.0809615255,3258.1272884481
47.7098,-127.7921,3.251128,800,262.38779189237,282.84801932307,3131.0809615255,3258.1272884481
47.71,-127.7906,3.251128,1230,262.38779189237,282.84801932307,3131.0809615255,3258.1272884481
47.7101,-127.7893,3.251128,4890,262.38779189237,282.84801932307,3131.0809615255,3258.1272884481
47.7101,-127.7891,3.251128,2160,262.38779189237,282.84801932307,3131.0809615255,3258.1272884481
47.71,-127.7885,3.251128,2270,262.38779189237,282.84801932307,3131.0809615255,3258.1272884481
47.7101,-127.7876,3.251128,2990,262.38779189237,282.84801932307,3131.0809615255,3258.1272884481
47.7102,-127.7858,3.251128,17900,262.38779189237,282.84801932307,3131.0809615255,3258.1272884481
47.7099,-127.7847,3.251128,2260,262.38779189237,282.84801932307,3131.0809615255,3258.1272884481
47.7096,-127.7871,3.251128,4180,262.38779189237,282.84801932307,3131.0809615255,3258.1272884481
47.7101,-127.7873,3.251128,9210,262.38779189237,282.84801932307,3131.0809615255,3258.1272884481
47.7099,-127.7864,3.251128,66300,262.38779189237,282.84801932307,3131.0809615255,3258.1272884481
47.7099,-127.7862,3.251128,14400,262.38779189237,282.84801932307,3131.0809615255,3258.1272884481
47.71,-127.786,3.251128,18900,262.38779189237,282.84801932307,3131.0809615255,3258.1272884481
47.7129,-127.7869,3.251128,1370,262.38779189237,282.84801932307,3131.0809615255,3258.1272884481
47.7131,-127.7866,3.251128,4570,262.38779189237,282.84801932307,3131.0809615255,3258.1272884481
47.7124,-127.7865,3.251128,550,262.38779189237,282.84801932307,3131.0809615255,3258.1272884481
47.712,-127.7865,3.251128,390,262.38779189237,282.84801932307,3131.0809615255,3258.1272884481
47.7106,-127.787,3.251128,1770,262.38779189237,282.84801932307,3131.0809615255,3258.1272884481
47.7092,-127.787,3.251128,12200,262.38779189237,282.84801932307,3131.0809615255,3258.1272884481
47.7093,-127.7868,3.251128,425000,262.38779189237,282.84801932307,3131.0809615255,3258.1272884481
47.7093,-127.7867,3.251128,3370,262.38779189237,282.84801932307,3131.0809615255,3258.1272884481
47.7097,-127.7863,3.251128,11200,262.38779189237,282.84801932307,3131.0809615255,3258.1272884481
47.7098,-127.7864,3.251128,72700,262.38779189237,282.84801932307,3131.0809615255,3258.1272884481
47.71,-127.7862,3.251128,14300,262.38779189237,282.84801932307,3131.0809615255,3258.1272884481
47.7085,-127.7853,3.251128,2670,262.38779189237,282.84801932307,3131.0809615255,3258.1272884481
47.7087,-127.7854,3.251128,1210,262.38779189237,282.84801932307,3131.0809615255,3258.1272884481
47.7088,-127.7855,3.251128,1080,262.38779189237,282.84801932307,3131.0809615255,3258.1272884481
47.71,-127.7864,3.251128,190000,262.38779189237,282.84801932307,3131.0809615255,3258.1272884481
47.7101,-127.7862,3.251128,6240,262.38779189237,282.84801932307,3131.0809615255,3258.1272884481
47.7122,-127.785,3.251128,2000,262.38779189237,282.84801932307,3131.0809615255,3258.1272884481
47.7098,-127.7864,3.251128,41900,262.38779189237,282.84801932307,3131.0809615255,3258.1272884481
47.712,-127.7852,3.251128,650,262.38779189237,282.84801932307,3131.0809615255,3258.1272884481
47.7117,-127.785,3.251128,1340,262.38779189237,282.84801932307,3131.0809615255,3258.1272884481
47.7114,-127.785,3.251128,9400,262.38779189237,282.84801932307,3131.0809615255,3258.1272884481
47.7101,-127.786,3.251128,32600,262.38779189237,282.84801932307,3131.0809615255,3258.1272884481
47.71,-127.786,3.251128,154000,262.38779189237,282.84801932307,3131.0809615255,3258.1272884481
47.71,-127.7863,3.251128,26000,262.38779189237,282.84801932307,3131.0809615255,3258.1272884481
47.71,-127.7863,3.251128,180000,262.38779189237,282.84801932307,3131.0809615255,3258.1272884481
47.71,-127.7863,3.251128,25400,262.38779189237,282.84801932307,3131.0809615255,3258.1272884481
47.7102,-127.7861,3.251128,3260,262.38779189237,282.84801932307,3131.0809615255,3258.1272884481
47.7095,-127.7834,3.251128,2400,262.38779189237,282.84801932307,3131.0809615255,3258.1272884481
47.7097,-127.7844,3.251128,2490,262.38779189237,282.84801932307,3131.0809615255,3258.1272884481
47.7095,-127.7853,3.251128,5330,262.38779189237,282.84801932307,3131.0809615255,3258.1272884481
47.7097,-127.7859,3.251128,13100,262.38779189237,282.84801932307,3131.0809615255,3258.1272884481
47.7098,-127.7862,3.251128,4980,262.38779189237,282.84801932307,3131.0809615255,3258.1272884481
47.7122,-127.7848,3.251128,4670,262.38779189237,282.84801932307,3131.0809615255,3258.1272884481
47.7125,-127.7847,3.251128,1940,262.38779189237,282.84801932307,3131.0809615255,3258.1272884481
47.7105,-127.7853,3.251128,5670,262.38779189237,282.84801932307,3131.0809615255,3258.1272884481
47.7104,-127.7855,3.251128,13500,262.38779189237,282.84801932307,3131.0809615255,3258.1272884481
47.7099,-127.7864,3.251128,70800,262.38779189237,282.84801932307,3131.0809615255,3258.1272884481
47.7093,-127.7866,3.251128,4220,262.38779189237,282.84801932307,3131.0809615255,3258.1272884481
47.7098,-127.7864,3.251128,19800,262.38779189237,282.84801932307,3131.0809615255,3258.1272884481
47.71,-127.7864,3.251128,489000,262.38779189237,282.84801932307,3131.0809615255,3258.1272884481
47.7101,-127.7863,3.251128,21300,262.38779189237,282.84801932307,3131.0809615255,3258.1272884481
47.7099,-127.7864,3.251128,22100,262.38779189237,282.84801932307,3131.0809615255,3258.1272884481
47.7099,-127.7863,3.251128,7980,262.38779189237,282.84801932307,3131.0809615255,3258.1272884481
47.7099,-127.7861,3.251128,12200,262.38779189237,282.84801932307,3131.0809615255,3258.1272884481
47.71,-127.7864,3.251128,7160,262.38779189237,282.84801932307,3131.0809615255,3258.1272884481
47.7099,-127.7864,3.251128,207000,262.38779189237,282.84801932307,3131.0809615255,3258.1272884481
47.7098,-127.7864,3.251128,18300,262.38779189237,282.84801932307,3131.0809615255,3258.1272884481
47.7097,-127.7863,3.251128,6210,262.38779189237,282.84801932307,3131.0809615255,3258.1272884481
47.71,-127.7864,3.251128,9600,262.38779189237,282.84801932307,3131.0809615255,3258.1272884481
47.7079,-127.7874,3.251128,780,262.38779189237,282.84801932307,3131.0809615255,3258.1272884481
47.7086,-127.7875,3.251128,1550,262.38779189237,282.84801932307,3131.0809615255,3258.1272884481
47.709,-127.7869,3.251128,3460,262.38779189237,282.84801932307,3131.0809615255,3258.1272884481
47.7091,-127.7867,3.251128,2560,262.38779189237,282.84801932307,3131.0809615255,3258.1272884481
47.7096,-127.7866,3.251128,29400,262.38779189237,282.84801932307,3131.0809615255,3258.1272884481
47.7117,-127.7872,3.251128,540,262.38779189237,282.84801932307,3131.0809615255,3258.1272884481
47.71,-127.7865,3.251128,7760,262.38779189237,282.84801932307,3131.0809615255,3258.1272884481
47.7099,-127.7864,3.251128,383000,262.38779189237,282.84801932307,3131.0809615255,3258.1272884481
47.7099,-127.7863,3.251128,11500,262.38779189237,282.84801932307,3131.0809615255,3258.1272884481
47.71,-127.7864,3.251128,410000,262.38779189237,282.84801932307,3131.0809615255,3258.1272884481
47.7084,-127.7912,3.251128,1660,262.38779189237,282.84801932307,3131.0809615255,3258.1272884481
47.7089,-127.7899,3.251128,2220,262.38779189237,282.84801932307,3131.0809615255,3258.1272884481
47.7092,-127.7891,3.251128,1360,262.38779189237,282.84801932307,3131.0809615255,3258.1272884481
47.7095,-127.788,3.251128,2600,262.38779189237,282.84801932307,3131.0809615255,3258.1272884481
47.7096,-127.7879,3.251128,6720,262.38779189237,282.84801932307,3131.0809615255,3258.1272884481
47.7099,-127.7869,3.251128,8110,262.38779189237,282.84801932307,3131.0809615255,3258.1272884481
47.7099,-127.7866,3.251128,5790,262.38779189237,282.84801932307,3131.0809615255,3258.1272884481
47.7123,-127.79,3.251128,580,262.38779189237,282.84801932307,3131.0809615255,3258.1272884481
47.7122,-127.7891,3.251128,750,262.38779189237,282.84801932307,3131.0809615255,3258.1272884481
47.7117,-127.7881,3.251128,2290,262.38779189237,282.84801932307,3131.0809615255,3258.1272884481
47.7112,-127.7881,3.251128,590,262.38779189237,282.84801932307,3131.0809615255,3258.1272884481
47.7108,-127.7878,3.251128,1300,262.38779189237,282.84801932307,3131.0809615255,3258.1272884481
47.7107,-127.7871,3.251128,1800,262.38779189237,282.84801932307,3131.0809615255,3258.1272884481
47.708,-127.7901,3.251128,1190,262.38779189237,282.84801932307,3131.0809615255,3258.1272884481
47.7085,-127.7894,3.251128,910,262.38779189237,282.84801932307,3131.0809615255,3258.1272884481
47.709,-127.7883,3.251128,1830,262.38779189237,282.84801932307,3131.0809615255,3258.1272884481
47.7092,-127.7876,3.251128,1330,262.38779189237,282.84801932307,3131.0809615255,3258.1272884481
47.7093,-127.787,3.251128,18000,262.38779189237,282.84801932307,3131.0809615255,3258.1272884481
47.7095,-127.7867,3.251128,18700,262.38779189237,282.84801932307,3131.0809615255,3258.1272884481
47.7098,-127.7865,3.251128,57600,262.38779189237,282.84801932307,3131.0809615255,3258.1272884481
